sample_index,timestamp_s,power_w,util_pct,sm_clock_mhz,mem_clock_mhz,temp_c,throttle_reasons
0,0.002270589,179.517000000,100,1410,1215,44,0
1,0.010251741,179.517000000,100,1410,1215,44,0
2,0.020248874,179.517000000,100,1410,1215,44,0
3,0.030247891,165.598000000,100,1410,1215,44,0
4,0.040247850,165.598000000,100,1410,1215,44,0
5,0.050247918,165.598000000,100,1410,1215,44,0
6,0.060247707,165.598000000,100,1410,1215,44,0
7,0.070247976,165.598000000,100,1410,1215,44,0
8,0.080249107,165.598000000,100,1410,1215,44,0
9,0.090248284,165.598000000,100,1410,1215,44,0
10,0.100248433,165.598000000,100,1410,1215,44,0
11,0.110247790,165.598000000,100,1410,1215,44,0
12,0.120248300,165.598000000,100,1410,1215,44,0
13,0.130248369,179.958000000,100,1410,1215,44,0
14,0.140248097,179.958000000,97,1410,1215,44,0
15,0.150247805,179.958000000,97,1410,1215,44,0
16,0.160247142,179.958000000,97,1410,1215,44,0
17,0.170247712,179.958000000,97,1410,1215,44,0
18,0.180248011,179.958000000,97,1410,1215,44,0
19,0.190247058,179.958000000,97,1410,1215,44,0
20,0.200248480,179.958000000,97,1410,1215,44,0
21,0.210248218,179.958000000,97,1410,1215,44,0
22,0.220249308,179.958000000,97,1410,1215,44,0
23,0.230248145,179.913000000,97,1410,1215,44,0
24,0.240249356,179.913000000,97,1410,1215,44,0
25,0.250247481,179.913000000,97,1410,1215,44,0
26,0.260247690,179.913000000,97,1410,1215,44,0
27,0.270248761,179.913000000,97,1410,1215,44,0
28,0.280248299,179.913000000,97,1410,1215,44,0
29,0.290247656,179.913000000,97,1410,1215,44,0
30,0.300246723,179.913000000,97,1410,1215,44,0
31,0.310247603,179.913000000,97,1410,1215,44,0
32,0.320248073,179.913000000,97,1410,1215,44,0
33,0.330249033,179.758000000,100,1410,1215,44,0
34,0.340246628,179.758000000,100,1410,1215,44,0
35,0.350248139,179.758000000,100,1410,1215,44,0
36,0.360247096,179.758000000,100,1410,1215,44,0
37,0.370247966,179.758000000,100,1410,1215,44,0
38,0.380247734,179.758000000,100,1410,1215,44,0
39,0.390248454,179.758000000,100,1410,1215,44,0
40,0.400247471,179.758000000,100,1410,1215,44,0
41,0.410248382,179.758000000,100,1410,1215,44,0
42,0.420248130,179.758000000,100,1410,1215,44,0
43,0.430249040,179.758000000,100,1410,1215,44,0
44,0.440248648,179.758000000,100,1410,1215,44,0
45,0.450247535,179.758000000,100,1410,1215,44,0
46,0.460247684,179.758000000,100,1410,1215,44,0
47,0.470248594,179.758000000,100,1410,1215,44,0
48,0.480247851,179.758000000,100,1410,1215,44,0
49,0.490248501,179.758000000,100,1410,1215,44,0
50,0.500248069,179.758000000,100,1410,1215,44,0
51,0.510248298,179.758000000,100,1410,1215,44,0
52,0.520251092,179.758000000,100,1410,1215,44,0
53,0.530249097,179.911000000,100,1410,1215,44,0
54,0.540248284,179.911000000,100,1410,1215,44,0
55,0.550248423,179.911000000,100,1410,1215,44,0
56,0.560252890,179.911000000,100,1410,1215,44,0
57,0.570248460,179.911000000,100,1410,1215,44,0
58,0.580247778,179.911000000,100,1410,1215,44,0
59,0.590248017,179.911000000,100,1410,1215,44,0
60,0.600247825,179.911000000,100,1410,1215,44,0
61,0.610247874,179.911000000,100,1410,1215,44,0
62,0.620248524,179.911000000,100,1410,1215,44,0
63,0.630248893,179.964000000,100,1410,1215,44,0
64,0.640247630,179.964000000,100,1410,1215,44,0
65,0.650248290,179.964000000,100,1410,1215,44,0
66,0.660247407,179.964000000,100,1410,1215,44,0
67,0.670247425,179.964000000,100,1410,1215,44,0
68,0.680247484,179.964000000,100,1410,1215,44,0
69,0.690247753,179.964000000,100,1410,1215,44,0
70,0.700251509,179.964000000,100,1410,1215,44,0
71,0.710247961,179.964000000,100,1410,1215,44,0
72,0.720248611,179.964000000,100,1410,1215,44,0
73,0.730247217,179.760000000,100,1410,1215,44,0
74,0.740247466,179.760000000,100,1410,1215,44,0
75,0.750247354,179.760000000,100,1410,1215,44,0
76,0.760247514,179.760000000,100,1410,1215,44,0
77,0.770249125,179.760000000,100,1410,1215,44,0
78,0.780252440,179.760000000,100,1410,1215,44,0
79,0.790247540,179.760000000,100,1410,1215,44,0
80,0.800248089,179.760000000,100,1410,1215,44,0
81,0.810246986,179.760000000,100,1410,1215,44,0
82,0.820248247,179.760000000,100,1410,1215,44,0
83,0.830247404,180.014000000,100,1410,1215,44,0
84,0.840248284,180.014000000,100,1410,1215,44,0
85,0.850246810,180.014000000,100,1410,1215,44,0
86,0.860247079,180.014000000,100,1410,1215,44,0
87,0.870248551,180.014000000,100,1410,1215,44,0
88,0.880248489,180.014000000,100,1410,1215,44,0
89,0.890248218,180.014000000,100,1410,1215,44,0
90,0.900248517,180.014000000,100,1410,1215,44,0
91,0.910251862,180.014000000,100,1410,1215,44,0
92,0.920248244,180.014000000,100,1410,1215,44,0
93,0.930248573,180.111000000,100,1410,1215,44,0
94,0.940246889,180.111000000,100,1410,1215,44,0
95,0.950247909,180.111000000,100,1410,1215,44,0
96,0.960248409,180.111000000,100,1410,1215,44,0
97,0.970248167,180.111000000,100,1410,1215,44,0
98,0.980247745,180.111000000,100,1410,1215,44,0
99,0.990248164,180.111000000,100,1410,1215,44,0
100,1.000247632,180.111000000,100,1410,1215,44,0
101,1.010248743,180.111000000,100,1410,1215,44,0
102,1.020248992,180.111000000,100,1410,1215,44,0
103,1.030248590,179.856000000,100,1410,1215,44,0
104,1.040247877,179.856000000,100,1410,1215,44,0
105,1.050247665,179.856000000,100,1410,1215,44,0
106,1.060248235,179.856000000,100,1410,1215,44,0
107,1.070248054,179.856000000,100,1410,1215,44,0
108,1.080248343,179.856000000,100,1410,1215,44,0
109,1.090247991,179.856000000,100,1410,1215,44,0
110,1.100247308,179.856000000,100,1410,1215,44,0
111,1.110247397,179.856000000,100,1410,1215,44,0
112,1.120249169,179.856000000,100,1410,1215,44,0
113,1.130250069,179.923000000,100,1410,1215,44,0
114,1.140247683,179.923000000,100,1410,1215,44,0
115,1.150248143,179.923000000,100,1410,1215,44,0
116,1.160247841,179.923000000,100,1410,1215,44,0
117,1.170248481,179.923000000,100,1410,1215,44,0
118,1.180247909,179.923000000,100,1410,1215,44,0
119,1.190248248,179.923000000,100,1410,1215,44,0
120,1.200248337,179.923000000,100,1410,1215,44,0
121,1.210248115,179.923000000,100,1410,1215,44,0
122,1.220247472,179.923000000,100,1410,1215,44,0
123,1.230248844,180.251000000,100,1410,1215,44,0
124,1.240248372,180.251000000,100,1410,1215,44,0
125,1.250247248,180.251000000,100,1410,1215,44,0
126,1.260251915,180.251000000,100,1410,1215,44,0
127,1.270248588,180.251000000,100,1410,1215,44,0
128,1.280248486,180.251000000,100,1410,1215,44,0
129,1.290248986,180.251000000,100,1410,1215,44,0
130,1.300247432,180.251000000,100,1410,1215,44,0
131,1.310247651,180.251000000,100,1410,1215,44,0
132,1.320247840,180.251000000,100,1410,1215,44,0
133,1.330247668,180.111000000,100,1410,1215,44,0
134,1.340248018,180.111000000,100,1410,1215,44,0
135,1.350247085,180.111000000,100,1410,1215,44,0
136,1.360247554,180.111000000,100,1410,1215,44,0
137,1.370247643,180.111000000,100,1410,1215,44,0
138,1.380246940,180.111000000,100,1410,1215,44,0
139,1.390247790,180.111000000,100,1410,1215,44,0
140,1.400248360,180.111000000,100,1410,1215,44,0
141,1.410247998,180.111000000,100,1410,1215,44,0
142,1.420249049,180.111000000,100,1410,1215,44,0
143,1.430248687,179.849000000,100,1410,1215,44,0
144,1.440247964,179.849000000,100,1410,1215,44,0
145,1.450247773,179.849000000,100,1410,1215,44,0
146,1.460246869,179.849000000,100,1410,1215,44,0
147,1.470248121,179.849000000,100,1410,1215,44,0
148,1.480247458,179.849000000,100,1410,1215,44,0
149,1.490246916,179.849000000,100,1410,1215,44,0
150,1.500246944,179.849000000,100,1410,1215,44,0
151,1.510246723,179.849000000,100,1410,1215,44,0
152,1.520247322,179.849000000,100,1410,1215,44,0
153,1.530248754,180.206000000,100,1410,1215,44,0
154,1.540249474,180.206000000,100,1410,1215,44,0
155,1.550247649,180.206000000,100,1410,1215,44,0
156,1.560247548,180.206000000,100,1410,1215,44,0
157,1.570248328,180.206000000,100,1410,1215,44,0
158,1.580248106,180.206000000,100,1410,1215,44,0
159,1.590247523,180.206000000,100,1410,1215,44,0
160,1.600247432,180.206000000,100,1410,1215,44,0
161,1.610247130,180.206000000,100,1410,1215,44,0
162,1.620247880,180.206000000,100,1410,1215,44,0
163,1.630246737,179.964000000,100,1410,1215,45,0
164,1.640246645,179.964000000,100,1410,1215,45,0
165,1.650248447,179.964000000,100,1410,1215,45,0
166,1.660247765,179.964000000,100,1410,1215,45,0
167,1.670248625,179.964000000,100,1410,1215,45,0
168,1.680247712,179.964000000,100,1410,1215,45,0
169,1.690248292,179.964000000,100,1410,1215,45,0
170,1.700247829,179.964000000,100,1410,1215,45,0
171,1.710248369,179.964000000,100,1410,1215,45,0
172,1.720248528,179.964000000,100,1410,1215,45,0
173,1.730249178,179.811000000,100,1410,1215,44,0
174,1.740246902,179.811000000,100,1410,1215,44,0
175,1.750248584,179.811000000,100,1410,1215,44,0
176,1.760331949,179.811000000,100,1410,1215,44,0
177,1.770247610,179.811000000,100,1410,1215,44,0
178,1.780247729,179.811000000,100,1410,1215,44,0
179,1.790252106,179.811000000,100,1410,1215,44,0
180,1.800248317,179.811000000,100,1410,1215,44,0
181,1.810247845,179.811000000,100,1410,1215,44,0
182,1.820248485,179.811000000,100,1410,1215,44,0
183,1.830248884,180.361000000,100,1410,1215,45,0
184,1.840245186,180.361000000,100,1410,1215,45,0
185,1.850247589,180.361000000,100,1410,1215,45,0
186,1.860247868,180.361000000,100,1410,1215,45,0
187,1.870248348,180.361000000,100,1410,1215,45,0
188,1.880248507,180.361000000,100,1410,1215,45,0
189,1.890247333,180.361000000,100,1410,1215,45,0
190,1.900248564,180.361000000,100,1410,1215,45,0
191,1.910247501,180.361000000,100,1410,1215,45,0
192,1.920248441,180.361000000,100,1410,1215,45,0
193,1.930247348,180.208000000,100,1410,1215,45,0
194,1.940247798,180.208000000,100,1410,1215,45,0
195,1.950247175,180.208000000,100,1410,1215,45,0
196,1.960251532,180.208000000,100,1410,1215,45,0
197,1.970248004,180.208000000,100,1410,1215,45,0
198,1.980251980,180.208000000,100,1410,1215,45,0
199,1.990248352,180.208000000,100,1410,1215,45,0
200,2.000247429,180.208000000,100,1410,1215,45,0
201,2.010247969,180.208000000,100,1410,1215,45,0
202,2.020247737,180.208000000,100,1410,1215,45,0
203,2.030248727,180.014000000,100,1410,1215,45,0
204,2.040247374,180.014000000,100,1410,1215,45,0
205,2.050251901,180.014000000,100,1410,1215,45,0
206,2.060252080,180.014000000,100,1410,1215,45,0
207,2.070248121,180.014000000,100,1410,1215,45,0
208,2.080247729,180.014000000,100,1410,1215,45,0
209,2.090248108,180.014000000,100,1410,1215,45,0
210,2.100252104,180.014000000,100,1410,1215,45,0
211,2.110248747,180.014000000,100,1410,1215,45,0
212,2.120248325,180.014000000,100,1410,1215,45,0
213,2.130248283,180.110000000,100,1410,1215,45,0
214,2.140248272,180.110000000,100,1410,1215,45,0
215,2.150247098,180.110000000,100,1410,1215,45,0
216,2.160247768,180.110000000,100,1410,1215,45,0
217,2.170248048,180.110000000,100,1410,1215,45,0
218,2.180248898,180.110000000,100,1410,1215,45,0
219,2.190248426,180.110000000,100,1410,1215,45,0
220,2.200252111,180.110000000,100,1410,1215,45,0
221,2.210248663,180.110000000,100,1410,1215,45,0
222,2.220247650,180.110000000,100,1410,1215,45,0
223,2.230248721,179.964000000,100,1410,1215,45,0
224,2.240279648,179.964000000,100,1410,1215,45,0
225,2.250247666,179.964000000,100,1410,1215,45,0
226,2.260247615,179.964000000,100,1410,1215,45,0
227,2.270248856,179.964000000,100,1410,1215,45,0
228,2.280247793,179.964000000,100,1410,1215,45,0
229,2.290248453,179.964000000,100,1410,1215,45,0
230,2.300247800,179.964000000,100,1410,1215,45,0
231,2.310251486,179.964000000,100,1410,1215,45,0
232,2.320247386,179.964000000,100,1410,1215,45,0
233,2.330248107,179.862000000,100,1410,1215,45,0
234,2.340247384,179.862000000,100,1410,1215,45,0
235,2.350248234,179.862000000,100,1410,1215,45,0
236,2.360248613,179.862000000,100,1410,1215,45,0
237,2.370247741,179.862000000,100,1410,1215,45,0
238,2.380248250,179.862000000,100,1410,1215,45,0
239,2.390252246,179.862000000,100,1410,1215,45,0
240,2.400248638,179.862000000,100,1410,1215,45,0
241,2.410247996,179.862000000,100,1410,1215,45,0
242,2.420248235,179.862000000,100,1410,1215,45,0
243,2.430249346,180.054000000,100,1410,1215,45,0
244,2.440247962,180.054000000,100,1410,1215,45,0
245,2.450247980,180.054000000,100,1410,1215,45,0
246,2.460248079,180.054000000,100,1410,1215,45,0
247,2.470248208,180.054000000,100,1410,1215,45,0
248,2.480248798,180.054000000,100,1410,1215,45,0
249,2.490247895,180.054000000,100,1410,1215,45,0
250,2.500247663,180.054000000,100,1410,1215,45,0
251,2.510247001,180.054000000,100,1410,1215,45,0
252,2.520248272,180.054000000,100,1410,1215,45,0
253,2.530249222,180.304000000,100,1410,1215,45,0
254,2.540247688,180.304000000,100,1410,1215,45,0
255,2.550248278,180.304000000,100,1410,1215,45,0
256,2.560251963,180.304000000,100,1410,1215,45,0
257,2.570249056,180.304000000,100,1410,1215,45,0
258,2.580247051,180.304000000,100,1410,1215,45,0
259,2.590247711,180.304000000,100,1410,1215,45,0
260,2.600247369,180.304000000,100,1410,1215,45,0
261,2.610247799,180.304000000,100,1410,1215,45,0
262,2.620247888,180.304000000,100,1410,1215,45,0
263,2.630248337,180.060000000,100,1410,1215,45,0
264,2.640247925,180.060000000,100,1410,1215,45,0
265,2.650247703,180.060000000,100,1410,1215,45,0
266,2.660248273,180.060000000,100,1410,1215,45,0
267,2.670247961,180.060000000,100,1410,1215,45,0
268,2.680248280,180.060000000,100,1410,1215,45,0
269,2.690252427,180.060000000,100,1410,1215,45,0
270,2.700248508,180.060000000,100,1410,1215,45,0
271,2.710247635,180.060000000,100,1410,1215,45,0
272,2.720247975,180.060000000,100,1410,1215,45,0
273,2.730249206,180.041000000,100,1410,1215,45,0
274,2.740247251,180.041000000,100,1410,1215,45,0
275,2.750247971,180.041000000,100,1410,1215,45,0
276,2.760248500,180.041000000,100,1410,1215,45,0
277,2.770248198,180.041000000,100,1410,1215,45,0
278,2.780248217,180.041000000,100,1410,1215,45,0
279,2.790248226,180.041000000,100,1410,1215,45,0
280,2.800247283,180.041000000,100,1410,1215,45,0
281,2.810252371,180.041000000,100,1410,1215,45,0
282,2.820247561,180.041000000,100,1410,1215,45,0
283,2.830248411,180.060000000,100,1410,1215,45,0
284,2.840247688,180.060000000,100,1410,1215,45,0
285,2.850247346,180.060000000,100,1410,1215,45,0
286,2.860246744,180.060000000,100,1410,1215,45,0
287,2.870247504,180.060000000,100,1410,1215,45,0
288,2.880247813,180.060000000,100,1410,1215,45,0
289,2.890251218,180.060000000,100,1410,1215,45,0
290,2.900247660,180.060000000,100,1410,1215,45,0
291,2.910247218,180.060000000,100,1410,1215,45,0
292,2.920247978,180.060000000,100,1410,1215,45,0
293,2.930247596,179.953000000,100,1410,1215,45,0
294,2.940247254,179.953000000,100,1410,1215,45,0
295,2.950248175,179.953000000,100,1410,1215,45,0
296,2.960248213,179.953000000,100,1410,1215,45,0
297,2.970251939,179.953000000,100,1410,1215,45,0
298,2.980247720,179.953000000,100,1410,1215,45,0
299,2.990247979,179.953000000,100,1410,1215,45,0
300,3.000247977,179.953000000,100,1410,1215,45,0
301,3.010252274,179.953000000,100,1410,1215,45,0
302,3.020248907,179.953000000,100,1410,1215,45,0
303,3.030252292,179.964000000,100,1410,1215,45,0
304,3.040247141,179.964000000,100,1410,1215,45,0
305,3.050248221,179.964000000,100,1410,1215,45,0
306,3.060247899,179.964000000,100,1410,1215,45,0
307,3.070247758,179.964000000,100,1410,1215,45,0
308,3.080248638,179.964000000,100,1410,1215,45,0
309,3.090247996,179.964000000,100,1410,1215,45,0
310,3.100248205,179.964000000,100,1410,1215,45,0
311,3.110248173,179.964000000,100,1410,1215,45,0
312,3.120253522,179.964000000,100,1410,1215,45,0
313,3.130248111,180.111000000,100,1410,1215,45,0
314,3.140248300,180.111000000,100,1410,1215,45,0
315,3.150247096,180.111000000,100,1410,1215,45,0
316,3.160246714,180.111000000,100,1410,1215,45,0
317,3.170247364,180.111000000,100,1410,1215,45,0
318,3.180247352,180.111000000,100,1410,1215,45,0
319,3.190247471,180.111000000,100,1410,1215,45,0
320,3.200247901,180.111000000,100,1410,1215,45,0
321,3.210246918,180.111000000,100,1410,1215,45,0
322,3.220248529,180.111000000,100,1410,1215,45,0
323,3.230248127,180.157000000,100,1410,1215,45,0
324,3.240249639,180.157000000,100,1410,1215,45,0
325,3.250247183,180.157000000,100,1410,1215,45,0
326,3.260247242,180.157000000,100,1410,1215,45,0
327,3.270249815,180.157000000,100,1410,1215,45,0
328,3.280247409,180.157000000,100,1410,1215,45,0
329,3.290246977,180.157000000,100,1410,1215,45,0
330,3.300247317,180.157000000,100,1410,1215,45,0
331,3.310247375,180.157000000,100,1410,1215,45,0
332,3.320247454,180.157000000,100,1410,1215,45,0
333,3.330248996,179.964000000,100,1410,1215,45,0
334,3.340246981,179.964000000,100,1410,1215,45,0
335,3.350247871,179.964000000,100,1410,1215,45,0
336,3.360247389,179.964000000,100,1410,1215,45,0
337,3.370247838,179.964000000,100,1410,1215,45,0
338,3.380247536,179.964000000,100,1410,1215,45,0
339,3.390247485,179.964000000,100,1410,1215,45,0
340,3.400247854,179.964000000,100,1410,1215,45,0
341,3.410252271,179.964000000,100,1410,1215,45,0
342,3.420248012,179.964000000,100,1410,1215,45,0
343,3.430247880,180.207000000,100,1410,1215,45,0
344,3.440246807,180.207000000,100,1410,1215,45,0
345,3.450248399,180.207000000,100,1410,1215,45,0
346,3.460248558,180.207000000,100,1410,1215,45,0
347,3.470248196,180.207000000,100,1410,1215,45,0
348,3.480251891,180.207000000,100,1410,1215,45,0
349,3.490248083,180.207000000,100,1410,1215,45,0
350,3.500252069,180.207000000,100,1410,1215,45,0
351,3.510248691,180.207000000,100,1410,1215,45,0
352,3.520250333,180.207000000,100,1410,1215,45,0
353,3.530249480,180.304000000,100,1410,1215,45,0
354,3.540248467,180.304000000,100,1410,1215,45,0
355,3.550247704,180.304000000,100,1410,1215,45,0
356,3.560247432,180.304000000,100,1410,1215,45,0
357,3.570247461,180.304000000,100,1410,1215,45,0
358,3.580248111,180.304000000,100,1410,1215,45,0
359,3.590247749,180.304000000,100,1410,1215,45,0
360,3.600247106,180.304000000,100,1410,1215,45,0
361,3.610247686,180.304000000,100,1410,1215,45,0
362,3.620248256,180.304000000,100,1410,1215,45,0
363,3.630249497,180.003000000,100,1410,1215,45,0
364,3.640247081,180.003000000,100,1410,1215,45,0
365,3.650248162,180.003000000,100,1410,1215,45,0
366,3.660247138,180.003000000,100,1410,1215,45,0
367,3.670247648,180.003000000,100,1410,1215,45,0
368,3.680246735,180.003000000,100,1410,1215,45,0
369,3.690247515,180.003000000,100,1410,1215,45,0
370,3.700247233,180.003000000,100,1410,1215,45,0
371,3.710247432,180.003000000,100,1410,1215,45,0
372,3.720247982,180.003000000,100,1410,1215,45,0
373,3.730247730,180.110000000,100,1410,1215,45,0
374,3.740247609,180.110000000,100,1410,1215,45,0
375,3.750248259,180.110000000,100,1410,1215,45,0
376,3.760248247,180.110000000,100,1410,1215,45,0
377,3.770248136,180.110000000,100,1410,1215,45,0
378,3.780248635,180.110000000,100,1410,1215,45,0
379,3.790247893,180.110000000,100,1410,1215,45,0
380,3.800248653,180.110000000,100,1410,1215,45,0
381,3.810246878,180.110000000,100,1410,1215,45,0
382,3.820245544,180.110000000,100,1410,1215,45,0
383,3.830247527,180.400000000,100,1410,1215,45,0
384,3.840246954,180.400000000,100,1410,1215,45,0
385,3.850246753,180.400000000,100,1410,1215,45,0
386,3.860248334,180.400000000,100,1410,1215,45,0
387,3.870248112,180.400000000,100,1410,1215,45,0
388,3.880247760,180.400000000,100,1410,1215,45,0
389,3.890247869,180.400000000,100,1410,1215,45,0
390,3.900247147,180.400000000,100,1410,1215,45,0
391,3.910248638,180.400000000,100,1410,1215,45,0
392,3.920248046,180.400000000,100,1410,1215,45,0
393,3.930247984,180.344000000,100,1410,1215,45,0
394,3.940247232,180.344000000,100,1410,1215,45,0
395,3.950247310,180.344000000,100,1410,1215,45,0
396,3.960247600,180.344000000,100,1410,1215,45,0
397,3.970247508,180.344000000,100,1410,1215,45,0
398,3.980247517,180.344000000,100,1410,1215,45,0
399,3.990247275,180.344000000,100,1410,1215,45,0
400,4.000247484,180.344000000,100,1410,1215,45,0
401,4.010251460,180.344000000,100,1410,1215,45,0
402,4.020248153,180.344000000,100,1410,1215,45,0
403,4.030248572,180.302000000,100,1410,1215,45,0
404,4.040249062,180.302000000,100,1410,1215,45,0
405,4.050247968,180.302000000,100,1410,1215,45,0
406,4.060247606,180.302000000,100,1410,1215,45,0
407,4.070248286,180.302000000,100,1410,1215,45,0
408,4.080247584,180.302000000,100,1410,1215,45,0
409,4.090248324,180.302000000,100,1410,1215,45,0
410,4.100247691,180.302000000,100,1410,1215,45,0
411,4.110247259,180.302000000,100,1410,1215,45,0
412,4.120246977,180.302000000,100,1410,1215,45,0
413,4.130248168,180.489000000,100,1410,1215,45,0
414,4.140247586,180.489000000,100,1410,1215,45,0
415,4.150247514,180.489000000,100,1410,1215,45,0
416,4.160247603,180.489000000,100,1410,1215,45,0
417,4.170247582,180.489000000,100,1410,1215,45,0
418,4.180247460,180.489000000,100,1410,1215,45,0
419,4.190247539,180.489000000,100,1410,1215,45,0
420,4.200248439,180.489000000,100,1410,1215,45,0
421,4.210247997,180.489000000,100,1410,1215,45,0
422,4.220247525,180.489000000,100,1410,1215,45,0
423,4.230248455,180.150000000,100,1410,1215,45,0
424,4.240248474,180.150000000,100,1410,1215,45,0
425,4.250247802,180.150000000,100,1410,1215,45,0
426,4.260247780,180.150000000,100,1410,1215,45,0
427,4.270247488,180.150000000,100,1410,1215,45,0
428,4.280248890,180.150000000,100,1410,1215,45,0
429,4.290252415,180.150000000,100,1410,1215,45,0
430,4.300248366,180.150000000,100,1410,1215,45,0
431,4.310247413,180.150000000,100,1410,1215,45,0
432,4.320248303,180.150000000,100,1410,1215,45,0
433,4.330247400,180.067000000,100,1410,1215,45,0
434,4.340251837,180.067000000,100,1410,1215,45,0
435,4.350247417,180.067000000,100,1410,1215,45,0
436,4.360248378,180.067000000,100,1410,1215,45,0
437,4.370248577,180.067000000,100,1410,1215,45,0
438,4.380248025,180.067000000,100,1410,1215,45,0
439,4.390246961,180.067000000,100,1410,1215,45,0
440,4.400412721,180.067000000,100,1410,1215,45,0
441,4.410247740,180.067000000,100,1410,1215,45,0
442,4.420247719,180.067000000,100,1410,1215,45,0
443,4.430249150,180.207000000,100,1410,1215,45,0
444,4.440248097,180.207000000,100,1410,1215,45,0
445,4.450247965,180.207000000,100,1410,1215,45,0
446,4.460251360,180.207000000,100,1410,1215,45,0
447,4.470248223,180.207000000,100,1410,1215,45,0
448,4.480248512,180.207000000,100,1410,1215,45,0
449,4.490247900,180.207000000,100,1410,1215,45,0
450,4.500252437,180.207000000,100,1410,1215,45,0
451,4.510247597,180.207000000,100,1410,1215,45,0
452,4.520247455,180.207000000,100,1410,1215,45,0
453,4.530247424,180.483000000,100,1410,1215,45,0
454,4.540247863,180.483000000,100,1410,1215,45,0
455,4.550247892,180.483000000,100,1410,1215,45,0
456,4.560251337,180.483000000,100,1410,1215,45,0
457,4.570248120,180.483000000,100,1410,1215,45,0
458,4.580247858,180.483000000,100,1410,1215,45,0
459,4.590247746,180.483000000,100,1410,1215,45,0
460,4.600248386,180.483000000,100,1410,1215,45,0
461,4.610247453,180.483000000,100,1410,1215,45,0
462,4.620248223,180.483000000,100,1410,1215,45,0
463,4.630248062,180.440000000,100,1410,1215,45,0
464,4.640247760,180.440000000,100,1410,1215,45,0
465,4.650246927,180.440000000,100,1410,1215,45,0
466,4.660247286,180.440000000,100,1410,1215,45,0
467,4.670252234,180.440000000,100,1410,1215,45,0
468,4.680248356,180.440000000,100,1410,1215,45,0
469,4.690247974,180.440000000,100,1410,1215,45,0
470,4.700247421,180.440000000,100,1410,1215,45,0
471,4.710248342,180.440000000,100,1410,1215,45,0
472,4.720248000,180.440000000,100,1410,1215,45,0
473,4.730253819,180.302000000,100,1410,1215,45,0
474,4.740248087,180.302000000,100,1410,1215,45,0
475,4.750247925,180.302000000,100,1410,1215,45,0
476,4.760246952,180.302000000,100,1410,1215,45,0
477,4.770248504,180.302000000,100,1410,1215,45,0
478,4.780247371,180.302000000,100,1410,1215,45,0
479,4.790252819,180.302000000,100,1410,1215,45,0
480,4.800248811,180.302000000,100,1410,1215,45,0
481,4.810246946,180.302000000,100,1410,1215,45,0
482,4.820248247,180.302000000,100,1410,1215,45,0
483,4.830248977,180.495000000,100,1410,1215,45,0
484,4.840247503,180.495000000,100,1410,1215,45,0
485,4.850248283,180.495000000,100,1410,1215,45,0
486,4.860249053,180.495000000,100,1410,1215,45,0
487,4.870249082,180.495000000,100,1410,1215,45,0
488,4.880247948,180.495000000,100,1410,1215,45,0
489,4.890246615,180.495000000,100,1410,1215,45,0
490,4.900247685,180.495000000,100,1410,1215,45,0
491,4.910251822,180.495000000,100,1410,1215,45,0
492,4.920247582,180.495000000,100,1410,1215,45,0
493,4.930247100,180.254000000,100,1410,1215,45,0
494,4.940246698,180.254000000,100,1410,1215,45,0
495,4.950247508,180.254000000,100,1410,1215,45,0
496,4.960248078,180.254000000,100,1410,1215,45,0
497,4.970247906,180.254000000,100,1410,1215,45,0
498,4.980247975,180.254000000,100,1410,1215,45,0
499,4.990249226,180.254000000,100,1410,1215,45,0
500,5.000247662,180.254000000,100,1410,1215,45,0
501,5.010247560,180.254000000,100,1410,1215,45,0
502,5.020248300,180.254000000,100,1410,1215,45,0
503,5.030248800,180.059000000,100,1410,1215,45,0
504,5.040248067,180.059000000,100,1410,1215,45,0
505,5.050247625,180.059000000,100,1410,1215,45,0
506,5.060252263,180.059000000,100,1410,1215,45,0
507,5.070248414,180.059000000,100,1410,1215,45,0
508,5.080248523,180.059000000,100,1410,1215,45,0
509,5.090252329,180.059000000,100,1410,1215,45,0
510,5.100248240,180.059000000,100,1410,1215,45,0
511,5.110248870,180.059000000,100,1410,1215,45,0
512,5.120247936,180.059000000,100,1410,1215,45,0
513,5.130248236,180.495000000,100,1410,1215,45,0
514,5.140247854,180.495000000,100,1410,1215,45,0
515,5.150248083,180.495000000,100,1410,1215,45,0
516,5.160247981,180.495000000,100,1410,1215,45,0
517,5.170247960,180.495000000,100,1410,1215,45,0
518,5.180247317,180.495000000,100,1410,1215,45,0
519,5.190248128,180.495000000,100,1410,1215,45,0
520,5.200247986,180.495000000,100,1410,1215,45,0
521,5.210247363,180.495000000,100,1410,1215,45,0
522,5.220248444,180.495000000,100,1410,1215,45,0
523,5.230248814,180.400000000,100,1410,1215,45,0
524,5.240248672,180.400000000,100,1410,1215,45,0
525,5.250252277,180.400000000,100,1410,1215,45,0
526,5.260248229,180.400000000,100,1410,1215,45,0
527,5.270249019,180.400000000,100,1410,1215,45,0
528,5.280248286,180.400000000,100,1410,1215,45,0
529,5.290247784,180.400000000,100,1410,1215,45,0
530,5.300248784,180.400000000,100,1410,1215,45,0
531,5.310247811,180.400000000,100,1410,1215,45,0
532,5.320247549,180.400000000,100,1410,1215,45,0
533,5.330247097,180.252000000,100,1410,1215,45,0
534,5.340246855,180.252000000,100,1410,1215,45,0
535,5.350248427,180.252000000,100,1410,1215,45,0
536,5.360247864,180.252000000,100,1410,1215,45,0
537,5.370249446,180.252000000,100,1410,1215,45,0
538,5.380247601,180.252000000,100,1410,1215,45,0
539,5.390248492,180.252000000,100,1410,1215,45,0
540,5.400247809,180.252000000,100,1410,1215,45,0
541,5.410248609,180.252000000,100,1410,1215,45,0
542,5.420245612,180.252000000,100,1410,1215,45,0
543,5.430248316,180.342000000,100,1410,1215,45,0
544,5.440247533,180.342000000,100,1410,1215,45,0
545,5.450252762,180.342000000,100,1410,1215,45,0
546,5.460247100,180.342000000,100,1410,1215,45,0
547,5.470246537,180.342000000,100,1410,1215,45,0
548,5.480246997,180.342000000,100,1410,1215,45,0
549,5.490246956,180.342000000,100,1410,1215,45,0
550,5.500247075,180.342000000,100,1410,1215,45,0
551,5.510247674,180.342000000,100,1410,1215,45,0
552,5.520248334,180.342000000,100,1410,1215,45,0
553,5.530248814,180.496000000,100,1410,1215,45,0
554,5.540246789,180.496000000,100,1410,1215,45,0
555,5.550247268,180.496000000,100,1410,1215,45,0
556,5.560248780,180.496000000,100,1410,1215,45,0
557,5.570248318,180.496000000,100,1410,1215,45,0
558,5.580247274,180.496000000,100,1410,1215,45,0
559,5.590248395,180.496000000,100,1410,1215,45,0
560,5.600247953,180.496000000,100,1410,1215,45,0
561,5.610247040,180.496000000,100,1410,1215,45,0
562,5.620247569,180.496000000,100,1410,1215,45,0
563,5.630248720,180.399000000,100,1410,1215,45,0
564,5.640247797,180.399000000,100,1410,1215,45,0
565,5.650247455,180.399000000,100,1410,1215,45,0
566,5.660247735,180.399000000,100,1410,1215,45,0
567,5.670248084,180.399000000,100,1410,1215,45,0
568,5.680247922,180.399000000,100,1410,1215,45,0
569,5.690248682,180.399000000,100,1410,1215,45,0
570,5.700252729,180.399000000,100,1410,1215,45,0
571,5.710248239,180.399000000,100,1410,1215,45,0
572,5.720248538,180.399000000,100,1410,1215,45,0
573,5.730248046,180.405000000,100,1410,1215,45,0
574,5.740247974,180.405000000,100,1410,1215,45,0
575,5.750247813,180.405000000,100,1410,1215,45,0
576,5.760247701,180.405000000,100,1410,1215,45,0
577,5.770248101,180.405000000,100,1410,1215,45,0
578,5.780248089,180.405000000,100,1410,1215,45,0
579,5.790247467,180.405000000,100,1410,1215,45,0
580,5.800258696,180.405000000,100,1410,1215,45,0
581,5.810248717,180.405000000,100,1410,1215,45,0
582,5.820247683,180.405000000,100,1410,1215,45,0
583,5.830248954,180.253000000,100,1410,1215,45,0
584,5.840247260,180.253000000,100,1410,1215,45,0
585,5.850247980,180.253000000,100,1410,1215,45,0
586,5.860248389,180.253000000,100,1410,1215,45,0
587,5.870247977,180.253000000,100,1410,1215,45,0
588,5.880248116,180.253000000,100,1410,1215,45,0
589,5.890247794,180.253000000,100,1410,1215,45,0
590,5.900248134,180.253000000,100,1410,1215,45,0
591,5.910247281,180.253000000,100,1410,1215,45,0
592,5.920435623,180.253000000,100,1410,1215,45,0
593,5.930248971,180.495000000,100,1410,1215,45,0
594,5.940247978,180.495000000,100,1410,1215,45,0
595,5.950248628,180.495000000,100,1410,1215,45,0
596,5.960247314,180.495000000,100,1410,1215,45,0
597,5.970247964,180.495000000,100,1410,1215,45,0
598,5.980248303,180.495000000,100,1410,1215,45,0
599,5.990249083,180.495000000,100,1410,1215,45,0
600,6.000248441,180.495000000,100,1410,1215,45,0
601,6.010247949,180.495000000,100,1410,1215,45,0
602,6.020247597,180.495000000,100,1410,1215,45,0
603,6.030248587,180.536000000,100,1410,1215,45,0
604,6.040248205,180.536000000,100,1410,1215,45,0
605,6.050247352,180.536000000,100,1410,1215,45,0
606,6.060247731,180.536000000,100,1410,1215,45,0
607,6.070252629,180.536000000,100,1410,1215,45,0
608,6.080248049,180.536000000,100,1410,1215,45,0
609,6.090248259,180.536000000,100,1410,1215,45,0
610,6.100247786,180.536000000,100,1410,1215,45,0
611,6.110247515,180.536000000,100,1410,1215,45,0
612,6.120245650,180.536000000,100,1410,1215,45,0
613,6.130247832,180.190000000,100,1410,1215,45,0
614,6.140248843,180.190000000,100,1410,1215,45,0
615,6.150252549,180.190000000,100,1410,1215,45,0
616,6.160249021,180.190000000,100,1410,1215,45,0
617,6.170248528,180.190000000,100,1410,1215,45,0
618,6.180247786,180.190000000,100,1410,1215,45,0
619,6.190252343,180.190000000,100,1410,1215,45,0
620,6.200249326,180.190000000,100,1410,1215,45,0
621,6.210248283,180.190000000,100,1410,1215,45,0
622,6.220248812,180.190000000,100,1410,1215,45,0
623,6.230249001,180.342000000,100,1410,1215,45,0
624,6.240248088,180.342000000,100,1410,1215,45,0
625,6.250245382,180.342000000,100,1410,1215,45,0
626,6.260247344,180.342000000,100,1410,1215,45,0
627,6.270248175,180.342000000,100,1410,1215,45,0
628,6.280249355,180.342000000,100,1410,1215,45,0
629,6.290248703,180.342000000,100,1410,1215,45,0
630,6.300247519,180.342000000,100,1410,1215,45,0
631,6.310248420,180.342000000,100,1410,1215,45,0
632,6.320246655,180.342000000,100,1410,1215,45,0
633,6.330248647,180.399000000,100,1410,1215,45,0
634,6.340248065,180.399000000,100,1410,1215,45,0
635,6.350247413,180.399000000,100,1410,1215,45,0
636,6.360247221,180.399000000,100,1410,1215,45,0
637,6.370247781,180.399000000,100,1410,1215,45,0
638,6.380247068,180.399000000,100,1410,1215,45,0
639,6.390248008,180.399000000,100,1410,1215,45,0
640,6.400248779,180.399000000,100,1410,1215,45,0
641,6.410248597,180.399000000,100,1410,1215,45,0
642,6.420246832,180.399000000,100,1410,1215,45,0
643,6.430248784,180.197000000,100,1410,1215,45,0
644,6.440248042,180.197000000,100,1410,1215,45,0
645,6.450248271,180.197000000,100,1410,1215,45,0
646,6.460251926,180.197000000,100,1410,1215,45,0
647,6.470248990,180.197000000,100,1410,1215,45,0
648,6.480247606,180.197000000,100,1410,1215,45,0
649,6.490247875,180.197000000,100,1410,1215,45,0
650,6.500248304,180.197000000,100,1410,1215,45,0
651,6.510251729,180.197000000,100,1410,1215,45,0
652,6.520248262,180.197000000,100,1410,1215,45,0
653,6.530248711,180.309000000,100,1410,1215,45,0
654,6.540252086,180.309000000,100,1410,1215,45,0
655,6.550248127,180.309000000,100,1410,1215,45,0
656,6.560248176,180.309000000,100,1410,1215,45,0
657,6.570248485,180.309000000,100,1410,1215,45,0
658,6.580248394,180.309000000,100,1410,1215,45,0
659,6.590247862,180.309000000,100,1410,1215,45,0
660,6.600248301,180.309000000,100,1410,1215,45,0
661,6.610248089,180.309000000,100,1410,1215,45,0
662,6.620253258,180.309000000,100,1410,1215,45,0
663,6.630249159,180.536000000,100,1410,1215,45,0
664,6.640247404,180.536000000,100,1410,1215,45,0
665,6.650247944,180.536000000,100,1410,1215,45,0
666,6.660247742,180.536000000,100,1410,1215,45,0
667,6.670248873,180.536000000,100,1410,1215,45,0
668,6.680247719,180.536000000,100,1410,1215,45,0
669,6.690248099,180.536000000,100,1410,1215,45,0
670,6.700247807,180.536000000,100,1410,1215,45,0
671,6.710252494,180.536000000,100,1410,1215,45,0
672,6.720252844,180.536000000,100,1410,1215,45,0
673,6.730250338,180.252000000,100,1410,1215,45,0
674,6.740248483,180.252000000,100,1410,1215,45,0
675,6.750249133,180.252000000,100,1410,1215,45,0
676,6.760248240,180.252000000,100,1410,1215,45,0
677,6.770248679,180.252000000,100,1410,1215,45,0
678,6.780248407,180.252000000,100,1410,1215,45,0
679,6.790247665,180.252000000,100,1410,1215,45,0
680,6.800248074,180.252000000,100,1410,1215,45,0
681,6.810248213,180.252000000,100,1410,1215,45,0
682,6.820248011,180.252000000,100,1410,1215,45,0
683,6.830248912,180.137000000,100,1410,1215,45,0
684,6.840248009,180.137000000,100,1410,1215,45,0
685,6.850248839,180.137000000,100,1410,1215,45,0
686,6.860247485,180.137000000,100,1410,1215,45,0
687,6.870249648,180.137000000,100,1410,1215,45,0
688,6.880247893,180.137000000,100,1410,1215,45,0
689,6.890251599,180.137000000,100,1410,1215,45,0
690,6.900248181,180.137000000,100,1410,1215,45,0
691,6.910248550,180.137000000,100,1410,1215,45,0
692,6.920248629,180.137000000,100,1410,1215,45,0
693,6.930249079,180.501000000,100,1410,1215,45,0
694,6.940248547,180.501000000,100,1410,1215,45,0
695,6.950248225,180.501000000,100,1410,1215,45,0
696,6.960247662,180.501000000,100,1410,1215,45,0
697,6.970248092,180.501000000,100,1410,1215,45,0
698,6.980249363,180.501000000,100,1410,1215,45,0
699,6.990248390,180.501000000,100,1410,1215,45,0
700,7.000248589,180.501000000,100,1410,1215,45,0
701,7.010248066,180.501000000,100,1410,1215,45,0
702,7.020249047,180.501000000,100,1410,1215,45,0
703,7.030249376,180.254000000,100,1410,1215,45,0
704,7.040253012,180.254000000,100,1410,1215,45,0
705,7.050247720,180.254000000,100,1410,1215,45,0
706,7.060248010,180.254000000,100,1410,1215,45,0
707,7.070248299,180.254000000,100,1410,1215,45,0
708,7.080248738,180.254000000,100,1410,1215,45,0
709,7.090251743,180.254000000,100,1410,1215,45,0
710,7.100249237,180.254000000,100,1410,1215,45,0
711,7.110248664,180.254000000,100,1410,1215,45,0
712,7.120247841,180.254000000,100,1410,1215,45,0
713,7.130249343,180.196000000,100,1410,1215,45,0
714,7.140247939,180.196000000,100,1410,1215,45,0
715,7.150248939,180.196000000,100,1410,1215,45,0
716,7.160248868,180.196000000,100,1410,1215,45,0
717,7.170247775,180.196000000,100,1410,1215,45,0
718,7.180248645,180.196000000,100,1410,1215,45,0
719,7.190252411,180.196000000,100,1410,1215,45,0
720,7.200248111,180.196000000,100,1410,1215,45,0
721,7.210248471,180.196000000,100,1410,1215,45,0
722,7.220248299,180.196000000,100,1410,1215,45,0
723,7.230248198,180.592000000,100,1410,1215,45,0
724,7.240251873,180.592000000,100,1410,1215,45,0
725,7.250247774,180.592000000,100,1410,1215,45,0
726,7.260247552,180.592000000,100,1410,1215,45,0
727,7.270247922,180.592000000,100,1410,1215,45,0
728,7.280251968,180.592000000,100,1410,1215,45,0
729,7.290252558,180.592000000,100,1410,1215,45,0
730,7.300248599,180.592000000,100,1410,1215,45,0
731,7.310248257,180.592000000,100,1410,1215,45,0
732,7.320248656,180.592000000,100,1410,1215,45,0
733,7.330249126,180.439000000,100,1410,1215,45,0
734,7.340248804,180.439000000,100,1410,1215,45,0
735,7.350247921,180.439000000,100,1410,1215,45,0
736,7.360248491,180.439000000,100,1410,1215,45,0
737,7.370248189,180.439000000,100,1410,1215,45,0
738,7.380248739,180.439000000,100,1410,1215,45,0
739,7.390247966,180.439000000,100,1410,1215,45,0
740,7.400248385,180.439000000,100,1410,1215,45,0
741,7.410247843,180.439000000,100,1410,1215,45,0
742,7.420247761,180.439000000,100,1410,1215,45,0
743,7.430248982,180.252000000,100,1410,1215,45,0
744,7.440249131,180.252000000,100,1410,1215,45,0
745,7.450272093,180.252000000,100,1410,1215,45,0
746,7.460248337,180.252000000,100,1410,1215,45,0
747,7.470248657,180.252000000,100,1410,1215,45,0
748,7.480247703,180.252000000,100,1410,1215,45,0
749,7.490247261,180.252000000,100,1410,1215,45,0
750,7.500247691,180.252000000,100,1410,1215,45,0
751,7.510248180,180.252000000,100,1410,1215,45,0
752,7.520246646,180.252000000,100,1410,1215,45,0
753,7.530248148,180.252000000,100,1410,1215,45,0
754,7.540249238,180.252000000,100,1410,1215,45,0
755,7.550248345,180.252000000,100,1410,1215,45,0
756,7.560248615,180.252000000,100,1410,1215,45,0
757,7.570248082,180.252000000,100,1410,1215,45,0
758,7.580251988,180.252000000,100,1410,1215,45,0
759,7.590247779,180.252000000,100,1410,1215,45,0
760,7.600248900,180.252000000,100,1410,1215,45,0
761,7.610248357,180.252000000,100,1410,1215,45,0
762,7.620248617,180.252000000,100,1410,1215,45,0
763,7.630249357,180.196000000,100,1410,1215,45,0
764,7.640247362,180.196000000,100,1410,1215,45,0
765,7.650247821,180.196000000,100,1410,1215,45,0
766,7.660253080,180.196000000,100,1410,1215,45,0
767,7.670249081,180.196000000,100,1410,1215,45,0
768,7.680248258,180.196000000,100,1410,1215,45,0
769,7.690245221,180.196000000,100,1410,1215,45,0
770,7.700252814,180.196000000,100,1410,1215,45,0
771,7.710248545,180.196000000,100,1410,1215,45,0
772,7.720247822,180.196000000,100,1410,1215,45,0
773,7.730249393,180.349000000,100,1410,1215,45,0
774,7.740253119,180.349000000,100,1410,1215,45,0
775,7.750248559,180.349000000,100,1410,1215,45,0
776,7.760247746,180.349000000,100,1410,1215,45,0
777,7.770247986,180.349000000,100,1410,1215,45,0
778,7.780248044,180.349000000,100,1410,1215,45,0
779,7.790247772,180.349000000,100,1410,1215,45,0
780,7.800248182,180.349000000,100,1410,1215,45,0
781,7.810247068,180.349000000,100,1410,1215,45,0
782,7.820248320,180.349000000,100,1410,1215,45,0
783,7.830248308,180.542000000,100,1410,1215,45,0
784,7.840247686,180.542000000,100,1410,1215,45,0
785,7.850246733,180.542000000,100,1410,1215,45,0
786,7.860247954,180.542000000,100,1410,1215,45,0
787,7.870249375,180.542000000,100,1410,1215,45,0
788,7.880247380,180.542000000,100,1410,1215,45,0
789,7.890248611,180.542000000,100,1410,1215,45,0
790,7.900248209,180.542000000,100,1410,1215,45,0
791,7.910247256,180.542000000,100,1410,1215,45,0
792,7.920249348,180.542000000,100,1410,1215,45,0
793,7.930249908,180.349000000,100,1410,1215,45,0
794,7.940252161,180.349000000,100,1410,1215,45,0
795,7.950251589,180.349000000,100,1410,1215,45,0
796,7.960251337,180.349000000,100,1410,1215,45,0
797,7.970248851,180.349000000,100,1410,1215,45,0
798,7.980247467,180.349000000,100,1410,1215,45,0
799,7.990248187,180.349000000,100,1410,1215,45,0
800,8.000248115,180.349000000,100,1410,1215,45,0
801,8.010248395,180.349000000,100,1410,1215,45,0
802,8.020247972,180.349000000,100,1410,1215,45,0
803,8.030254593,180.438000000,100,1410,1215,45,0
804,8.040248381,180.438000000,100,1410,1215,45,0
805,8.050247578,180.438000000,100,1410,1215,45,0
806,8.060248458,180.438000000,100,1410,1215,45,0
807,8.070248146,180.438000000,100,1410,1215,45,0
808,8.080248435,180.438000000,100,1410,1215,45,0
809,8.090247953,180.438000000,100,1410,1215,45,0
810,8.100247751,180.438000000,100,1410,1215,45,0
811,8.110251758,180.438000000,100,1410,1215,45,0
812,8.120247629,180.438000000,100,1410,1215,45,0
813,8.130249691,180.446000000,100,1410,1215,45,0
814,8.140247556,180.446000000,100,1410,1215,45,0
815,8.150251913,180.446000000,100,1410,1215,45,0
816,8.160247844,180.446000000,100,1410,1215,45,0
817,8.170248063,180.446000000,100,1410,1215,45,0
818,8.180248031,180.446000000,100,1410,1215,45,0
819,8.190247960,180.446000000,100,1410,1215,45,0
820,8.200248680,180.446000000,100,1410,1215,45,0
821,8.210248869,180.446000000,100,1410,1215,45,0
822,8.220248076,180.446000000,100,1410,1215,45,0
823,8.230248546,180.334000000,100,1410,1215,45,0
824,8.240247132,180.334000000,100,1410,1215,45,0
825,8.250247611,180.334000000,100,1410,1215,45,0
826,8.260247239,180.334000000,100,1410,1215,45,0
827,8.270246977,180.334000000,100,1410,1215,45,0
828,8.280246836,180.334000000,100,1410,1215,45,0
829,8.290248287,180.334000000,100,1410,1215,45,0
830,8.300257764,180.334000000,100,1410,1215,45,0
831,8.310248315,180.334000000,100,1410,1215,45,0
832,8.320248083,180.334000000,100,1410,1215,45,0
833,8.330248903,180.535000000,100,1410,1215,45,0
834,8.340248411,180.535000000,100,1410,1215,45,0
835,8.350247428,180.535000000,100,1410,1215,45,0
836,8.360248348,180.535000000,100,1410,1215,45,0
837,8.370247565,180.535000000,100,1410,1215,45,0
838,8.380248275,180.535000000,100,1410,1215,45,0
839,8.390247493,180.535000000,100,1410,1215,45,0
840,8.400248132,180.535000000,100,1410,1215,45,0
841,8.410251367,180.535000000,100,1410,1215,45,0
842,8.420247739,180.535000000,100,1410,1215,45,0
843,8.430254240,180.773000000,100,1410,1215,45,0
844,8.440248959,180.773000000,100,1410,1215,45,0
845,8.450247925,180.773000000,100,1410,1215,45,0
846,8.460247734,180.773000000,100,1410,1215,45,0
847,8.470248023,180.773000000,100,1410,1215,45,0
848,8.480252159,180.773000000,100,1410,1215,45,0
849,8.490248251,180.773000000,100,1410,1215,45,0
850,8.500247979,180.773000000,100,1410,1215,45,0
851,8.510248759,180.773000000,100,1410,1215,45,0
852,8.520247736,180.773000000,100,1410,1215,45,0
853,8.530249478,180.638000000,100,1410,1215,45,0
854,8.540247733,180.638000000,100,1410,1215,45,0
855,8.550247782,180.638000000,100,1410,1215,45,0
856,8.560251598,180.638000000,100,1410,1215,45,0
857,8.570248380,180.638000000,100,1410,1215,45,0
858,8.580247848,180.638000000,100,1410,1215,45,0
859,8.590247817,180.638000000,100,1410,1215,45,0
860,8.600247445,180.638000000,100,1410,1215,45,0
861,8.610247153,180.638000000,100,1410,1215,45,0
862,8.620247422,180.638000000,100,1410,1215,45,0
863,8.630252961,180.438000000,100,1410,1215,45,0
864,8.640247760,180.438000000,100,1410,1215,45,0
865,8.650251055,180.438000000,100,1410,1215,45,0
866,8.660247807,180.438000000,100,1410,1215,45,0
867,8.670251683,180.438000000,100,1410,1215,45,0
868,8.680248065,180.438000000,100,1410,1215,45,0
869,8.690247803,180.438000000,100,1410,1215,45,0
870,8.700247421,180.438000000,100,1410,1215,45,0
871,8.710247089,180.438000000,100,1410,1215,45,0
872,8.720247629,180.438000000,100,1410,1215,45,0
873,8.730248419,180.785000000,100,1410,1215,45,0
874,8.740247907,180.785000000,100,1410,1215,45,0
875,8.750248376,180.785000000,100,1410,1215,45,0
876,8.760247263,180.785000000,100,1410,1215,45,0
877,8.770246951,180.785000000,100,1410,1215,45,0
878,8.780247932,180.785000000,100,1410,1215,45,0
879,8.790248121,180.785000000,100,1410,1215,45,0
880,8.800247719,180.785000000,100,1410,1215,45,0
881,8.810247918,180.785000000,100,1410,1215,45,0
882,8.820246864,180.785000000,100,1410,1215,45,0
883,8.830254237,180.651000000,100,1410,1215,45,0
884,8.840252332,180.651000000,100,1410,1215,45,0
885,8.850247942,180.651000000,100,1410,1215,45,0
886,8.860248362,180.651000000,100,1410,1215,45,0
887,8.870248210,180.651000000,100,1410,1215,45,0
888,8.880252617,180.651000000,100,1410,1215,45,0
889,8.890252786,180.651000000,100,1410,1215,45,0
890,8.900247285,180.651000000,100,1410,1215,45,0
891,8.910247915,180.651000000,100,1410,1215,45,0
892,8.920252622,180.651000000,100,1410,1215,45,0
893,8.930248703,180.541000000,100,1410,1215,45,0
894,8.940248281,180.541000000,100,1410,1215,45,0
895,8.950246767,180.541000000,100,1410,1215,45,0
896,8.960247637,180.541000000,100,1410,1215,45,0
897,8.970247225,180.541000000,100,1410,1215,45,0
898,8.980246462,180.541000000,100,1410,1215,45,0
899,8.990246822,180.541000000,100,1410,1215,45,0
900,9.000247602,180.541000000,100,1410,1215,45,0
901,9.010247330,180.541000000,100,1410,1215,45,0
902,9.020248120,180.541000000,100,1410,1215,45,0
903,9.030249161,180.766000000,100,1410,1215,45,0
904,9.040248338,180.766000000,100,1410,1215,45,0
905,9.050248247,180.766000000,100,1410,1215,45,0
906,9.060247875,180.766000000,100,1410,1215,45,0
907,9.070247402,180.766000000,100,1410,1215,45,0
908,9.080246980,180.766000000,100,1410,1215,45,0
909,9.090247881,180.766000000,100,1410,1215,45,0
910,9.100247989,180.766000000,100,1410,1215,45,0
911,9.110248229,180.766000000,100,1410,1215,45,0
912,9.120248027,180.766000000,100,1410,1215,45,0
913,9.130249508,180.785000000,100,1410,1215,45,0
914,9.140247443,180.785000000,100,1410,1215,45,0
915,9.150248865,180.785000000,100,1410,1215,45,0
916,9.160248943,180.785000000,100,1410,1215,45,0
917,9.170252298,180.785000000,100,1410,1215,45,0
918,9.180249091,180.785000000,100,1410,1215,45,0
919,9.190248388,180.785000000,100,1410,1215,45,0
920,9.200248537,180.785000000,100,1410,1215,45,0
921,9.210252874,180.785000000,100,1410,1215,45,0
922,9.220248525,180.785000000,100,1410,1215,45,0
923,9.230249766,180.541000000,100,1410,1215,45,0
924,9.240247991,180.541000000,100,1410,1215,45,0
925,9.250248611,180.541000000,100,1410,1215,45,0
926,9.260248419,180.541000000,100,1410,1215,45,0
927,9.270248708,180.541000000,100,1410,1215,45,0
928,9.280248958,180.541000000,100,1410,1215,45,0
929,9.290249717,180.541000000,100,1410,1215,45,0
930,9.300249225,180.541000000,100,1410,1215,45,0
931,9.310248773,180.541000000,100,1410,1215,45,0
932,9.320250285,180.541000000,100,1410,1215,45,0
933,9.330250013,180.535000000,100,1410,1215,45,0
934,9.340248238,180.535000000,100,1410,1215,45,0
935,9.350251934,180.535000000,100,1410,1215,45,0
936,9.360248436,180.535000000,100,1410,1215,45,0
937,9.370248314,180.535000000,100,1410,1215,45,0
938,9.380247962,180.535000000,100,1410,1215,45,0
939,9.390252510,180.535000000,100,1410,1215,45,0
940,9.400248481,180.535000000,100,1410,1215,45,0
941,9.410248389,180.535000000,100,1410,1215,45,0
942,9.420248909,180.535000000,100,1410,1215,45,0
943,9.430249208,180.541000000,100,1410,1215,45,0
944,9.440248716,180.541000000,100,1410,1215,45,0
945,9.450253143,180.541000000,100,1410,1215,45,0
946,9.460248753,180.541000000,100,1410,1215,45,0
947,9.470247910,180.541000000,100,1410,1215,45,0
948,9.480247699,180.541000000,100,1410,1215,45,0
949,9.490252576,180.541000000,100,1410,1215,45,0
950,9.500249179,180.541000000,100,1410,1215,45,0
951,9.510253025,180.541000000,100,1410,1215,45,0
952,9.520248094,180.541000000,100,1410,1215,45,0
953,9.530249034,180.536000000,100,1410,1215,45,0
954,9.540247450,180.536000000,100,1410,1215,45,0
955,9.550247870,180.536000000,100,1410,1215,45,0
956,9.560252667,180.536000000,100,1410,1215,45,0
957,9.570248057,180.536000000,100,1410,1215,45,0
958,9.580248687,180.536000000,100,1410,1215,45,0
959,9.590247945,180.536000000,100,1410,1215,45,0
960,9.600252842,180.536000000,100,1410,1215,45,0
961,9.610248313,180.536000000,100,1410,1215,45,0
962,9.620248321,180.536000000,100,1410,1215,45,0
963,9.630248580,180.598000000,100,1410,1215,45,0
964,9.640248920,180.598000000,100,1410,1215,45,0
965,9.650247546,180.598000000,100,1410,1215,45,0
966,9.660248226,180.598000000,100,1410,1215,45,0
967,9.670248645,180.598000000,100,1410,1215,45,0
968,9.680248744,180.598000000,100,1410,1215,45,0
969,9.690252229,180.598000000,100,1410,1215,45,0
970,9.700248441,180.598000000,100,1410,1215,45,0
971,9.710253078,180.598000000,100,1410,1215,45,0
972,9.720249340,180.598000000,100,1410,1215,45,0
973,9.730249208,180.444000000,100,1410,1215,45,0
974,9.740248345,180.444000000,100,1410,1215,45,0
975,9.750247943,180.444000000,100,1410,1215,45,0
976,9.760248693,180.444000000,100,1410,1215,45,0
977,9.770248732,180.444000000,100,1410,1215,45,0
978,9.780252979,180.444000000,100,1410,1215,45,0
979,9.790252577,180.444000000,100,1410,1215,45,0
980,9.800248418,180.444000000,100,1410,1215,45,0
981,9.810252704,180.444000000,100,1410,1215,45,0
982,9.820248395,180.444000000,100,1410,1215,45,0
983,9.830248895,180.688000000,100,1410,1215,46,0
984,9.840248452,180.688000000,100,1410,1215,46,0
985,9.850249553,180.688000000,100,1410,1215,46,0
986,9.860248770,180.688000000,100,1410,1215,46,0
987,9.870247787,180.688000000,100,1410,1215,46,0
988,9.880249088,180.688000000,100,1410,1215,46,0
989,9.890248596,180.688000000,100,1410,1215,46,0
990,9.900253133,180.688000000,100,1410,1215,46,0
991,9.910248303,180.688000000,100,1410,1215,46,0
992,9.920249053,180.688000000,100,1410,1215,46,0
993,9.930249512,180.486000000,100,1410,1215,46,0
994,9.940248730,180.486000000,100,1410,1215,46,0
995,9.950249019,180.486000000,100,1410,1215,46,0
996,9.960248807,180.486000000,100,1410,1215,46,0
997,9.970253064,180.486000000,100,1410,1215,46,0
998,9.980252351,180.486000000,100,1410,1215,46,0
999,9.990249064,180.486000000,100,1410,1215,46,0
1000,10.000248040,180.486000000,100,1410,1215,46,0
1001,10.010248690,180.486000000,100,1410,1215,46,0
1002,10.020248398,180.486000000,100,1410,1215,46,0
1003,10.030249259,180.389000000,100,1410,1215,46,0
1004,10.040248286,180.389000000,100,1410,1215,46,0
1005,10.050252662,180.389000000,100,1410,1215,46,0
1006,10.060252932,180.389000000,100,1410,1215,46,0
1007,10.070247670,180.389000000,100,1410,1215,46,0
1008,10.080248661,180.389000000,100,1410,1215,46,0
1009,10.090248710,180.389000000,100,1410,1215,46,0
1010,10.100248558,180.389000000,100,1410,1215,46,0
1011,10.110248968,180.389000000,100,1410,1215,46,0
1012,10.120249056,180.389000000,100,1410,1215,46,0
1013,10.130253744,180.785000000,100,1410,1215,46,0
1014,10.140248493,180.785000000,100,1410,1215,46,0
1015,10.150248822,180.785000000,100,1410,1215,46,0
1016,10.160247528,180.785000000,100,1410,1215,46,0
1017,10.170249421,180.785000000,100,1410,1215,46,0
1018,10.180248788,180.785000000,100,1410,1215,46,0
1019,10.190249278,180.785000000,100,1410,1215,46,0
1020,10.200248224,180.785000000,100,1410,1215,46,0
1021,10.210252461,180.785000000,100,1410,1215,46,0
1022,10.220249464,180.785000000,100,1410,1215,46,0
1023,10.230250014,180.542000000,100,1410,1215,46,0
1024,10.240249000,180.542000000,100,1410,1215,46,0
1025,10.250248799,180.542000000,100,1410,1215,46,0
1026,10.260247966,180.542000000,100,1410,1215,46,0
1027,10.270248145,180.542000000,100,1410,1215,46,0
1028,10.280248955,180.542000000,100,1410,1215,46,0
1029,10.290247631,180.542000000,100,1410,1215,46,0
1030,10.300249233,180.542000000,100,1410,1215,46,0
1031,10.310248741,180.542000000,100,1410,1215,46,0
1032,10.320248579,180.542000000,100,1410,1215,46,0
1033,10.330249489,180.445000000,100,1410,1215,46,0
1034,10.340248206,180.445000000,100,1410,1215,46,0
1035,10.350248665,180.445000000,100,1410,1215,46,0
1036,10.360248804,180.445000000,100,1410,1215,46,0
1037,10.370247831,180.445000000,100,1410,1215,46,0
1038,10.380248280,180.445000000,100,1410,1215,46,0
1039,10.390252818,180.445000000,100,1410,1215,46,0
1040,10.400248107,180.445000000,100,1410,1215,46,0
1041,10.410248828,180.445000000,100,1410,1215,46,0
1042,10.420247484,180.445000000,100,1410,1215,46,0
1043,10.430253895,180.632000000,100,1410,1215,46,0
1044,10.440252500,180.632000000,100,1410,1215,46,0
1045,10.450247239,180.632000000,100,1410,1215,46,0
1046,10.460247759,180.632000000,100,1410,1215,46,0
1047,10.470248118,180.632000000,100,1410,1215,46,0
1048,10.480248297,180.632000000,100,1410,1215,46,0
1049,10.490248797,180.632000000,100,1410,1215,46,0
1050,10.500247744,180.632000000,100,1410,1215,46,0
1051,10.510248694,180.632000000,100,1410,1215,46,0
1052,10.520248102,180.632000000,100,1410,1215,46,0
1053,10.530249533,180.542000000,100,1410,1215,46,0
1054,10.540248901,180.542000000,100,1410,1215,46,0
1055,10.550248949,180.542000000,100,1410,1215,46,0
1056,10.560253547,180.542000000,100,1410,1215,46,0
1057,10.570248496,180.542000000,100,1410,1215,46,0
1058,10.580247903,180.542000000,100,1410,1215,46,0
1059,10.590247672,180.542000000,100,1410,1215,46,0
1060,10.600247961,180.542000000,100,1410,1215,46,0
1061,10.610248681,180.542000000,100,1410,1215,46,0
1062,10.620248429,180.542000000,100,1410,1215,46,0
1063,10.630249139,180.542000000,100,1410,1215,46,0
1064,10.640340178,180.542000000,100,1410,1215,46,0
1065,10.650247894,180.542000000,100,1410,1215,46,0
1066,10.660248153,180.542000000,100,1410,1215,46,0
1067,10.670248873,180.542000000,100,1410,1215,46,0
1068,10.680248471,180.542000000,100,1410,1215,46,0
1069,10.690253199,180.542000000,100,1410,1215,46,0
1070,10.700252887,180.542000000,100,1410,1215,46,0
1071,10.710248517,180.542000000,100,1410,1215,46,0
1072,10.720252674,180.542000000,100,1410,1215,46,0
1073,10.730248274,180.638000000,100,1410,1215,46,0
1074,10.740248203,180.638000000,100,1410,1215,46,0
1075,10.750248592,180.638000000,100,1410,1215,46,0
1076,10.760247689,180.638000000,100,1410,1215,46,0
1077,10.770247728,180.638000000,100,1410,1215,46,0
1078,10.780247176,180.638000000,100,1410,1215,46,0
1079,10.790246844,180.638000000,100,1410,1215,46,0
1080,10.800247834,180.638000000,100,1410,1215,46,0
1081,10.810246771,180.638000000,100,1410,1215,46,0
1082,10.820247521,180.638000000,100,1410,1215,46,0
1083,10.830249042,180.695000000,100,1410,1215,46,0
1084,10.840253680,180.695000000,100,1410,1215,46,0
1085,10.850248579,180.695000000,100,1410,1215,46,0
1086,10.860247926,180.695000000,100,1410,1215,46,0
1087,10.870248015,180.695000000,100,1410,1215,46,0
1088,10.880252883,180.695000000,100,1410,1215,46,0
1089,10.890247983,180.695000000,100,1410,1215,46,0
1090,10.900247831,180.695000000,100,1410,1215,46,0
1091,10.910247559,180.695000000,100,1410,1215,46,0
1092,10.920248299,180.695000000,100,1410,1215,46,0
1093,10.930249280,180.978000000,100,1410,1215,46,0
1094,10.940253366,180.978000000,100,1410,1215,46,0
1095,10.950248105,180.978000000,100,1410,1215,46,0
1096,10.960247893,180.978000000,100,1410,1215,46,0
1097,10.970247942,180.978000000,100,1410,1215,46,0
1098,10.980251798,180.978000000,100,1410,1215,46,0
1099,10.990247799,180.978000000,100,1410,1215,46,0
1100,11.000248268,180.978000000,100,1410,1215,46,0
1101,11.010252034,180.978000000,100,1410,1215,46,0
1102,11.020247545,180.978000000,100,1410,1215,46,0
1103,11.030249647,180.652000000,100,1410,1215,46,0
1104,11.040247933,180.652000000,100,1410,1215,46,0
1105,11.050248001,180.652000000,100,1410,1215,46,0
1106,11.060248281,180.652000000,100,1410,1215,46,0
1107,11.070253649,180.652000000,100,1410,1215,46,0
1108,11.080248308,180.652000000,100,1410,1215,46,0
1109,11.090248287,180.652000000,100,1410,1215,46,0
1110,11.100247995,180.652000000,100,1410,1215,46,0
1111,11.110251139,180.652000000,100,1410,1215,46,0
1112,11.120248623,180.652000000,100,1410,1215,46,0
1113,11.130249043,180.485000000,100,1410,1215,46,0
1114,11.140247689,180.485000000,100,1410,1215,46,0
1115,11.150247938,180.485000000,100,1410,1215,46,0
1116,11.160247356,180.485000000,100,1410,1215,46,0
1117,11.170247455,180.485000000,100,1410,1215,46,0
1118,11.180252012,180.485000000,100,1410,1215,46,0
1119,11.190249375,180.485000000,100,1410,1215,46,0
1120,11.200252029,180.485000000,100,1410,1215,46,0
1121,11.210248261,180.485000000,100,1410,1215,46,0
1122,11.220248610,180.485000000,100,1410,1215,46,0
1123,11.230250382,180.831000000,100,1410,1215,46,0
1124,11.240247636,180.831000000,100,1410,1215,46,0
1125,11.250247514,180.831000000,100,1410,1215,46,0
1126,11.260252111,180.831000000,100,1410,1215,46,0
1127,11.270249094,180.831000000,100,1410,1215,46,0
1128,11.280252429,180.831000000,100,1410,1215,46,0
1129,11.290248691,180.831000000,100,1410,1215,46,0
1130,11.300252497,180.831000000,100,1410,1215,46,0
1131,11.310247636,180.831000000,100,1410,1215,46,0
1132,11.320248076,180.831000000,100,1410,1215,46,0
1133,11.330249557,180.901000000,100,1410,1215,46,0
1134,11.340248073,180.901000000,100,1410,1215,46,0
1135,11.350248122,180.901000000,100,1410,1215,46,0
1136,11.360248581,180.901000000,100,1410,1215,46,0
1137,11.370247668,180.901000000,100,1410,1215,46,0
1138,11.380248148,180.901000000,100,1410,1215,46,0
1139,11.390247866,180.901000000,100,1410,1215,46,0
1140,11.400247985,180.901000000,100,1410,1215,46,0
1141,11.410248435,180.901000000,100,1410,1215,46,0
1142,11.420248463,180.901000000,100,1410,1215,46,0
1143,11.430250125,180.825000000,100,1410,1215,46,0
1144,11.440248160,180.825000000,100,1410,1215,46,0
1145,11.450248249,180.825000000,100,1410,1215,46,0
1146,11.460247747,180.825000000,100,1410,1215,46,0
1147,11.470248667,180.825000000,100,1410,1215,46,0
1148,11.480248545,180.825000000,100,1410,1215,46,0
1149,11.490248033,180.825000000,100,1410,1215,46,0
1150,11.500247781,180.825000000,100,1410,1215,46,0
1151,11.510253351,180.825000000,100,1410,1215,46,0
1152,11.520248811,180.825000000,100,1410,1215,46,0
1153,11.530249821,181.074000000,100,1410,1215,46,0
1154,11.540248217,181.074000000,100,1410,1215,46,0
1155,11.550247865,181.074000000,100,1410,1215,46,0
1156,11.560249276,181.074000000,100,1410,1215,46,0
1157,11.570248063,181.074000000,100,1410,1215,46,0
1158,11.580247681,181.074000000,100,1410,1215,46,0
1159,11.590247549,181.074000000,100,1410,1215,46,0
1160,11.600247648,181.074000000,100,1410,1215,46,0
1161,11.610248298,181.074000000,100,1410,1215,46,0
1162,11.620251883,181.074000000,100,1410,1215,46,0
1163,11.630248936,180.881000000,100,1410,1215,46,0
1164,11.640248855,180.881000000,100,1410,1215,46,0
1165,11.650252711,180.881000000,100,1410,1215,46,0
1166,11.660247810,180.881000000,100,1410,1215,46,0
1167,11.670252428,180.881000000,100,1410,1215,46,0
1168,11.680247537,180.881000000,100,1410,1215,46,0
1169,11.690246915,180.881000000,100,1410,1215,46,0
1170,11.700248196,180.881000000,100,1410,1215,46,0
1171,11.710251831,180.881000000,100,1410,1215,46,0
1172,11.720248684,180.881000000,100,1410,1215,46,0
1173,11.730249123,180.694000000,100,1410,1215,46,0
1174,11.740247549,180.694000000,100,1410,1215,46,0
1175,11.750248520,180.694000000,100,1410,1215,46,0
1176,11.760247877,180.694000000,100,1410,1215,46,0
1177,11.770249158,180.694000000,100,1410,1215,46,0
1178,11.780247123,180.694000000,100,1410,1215,46,0
1179,11.790249206,180.694000000,100,1410,1215,46,0
1180,11.800247732,180.694000000,100,1410,1215,46,0
1181,11.810248882,180.694000000,100,1410,1215,46,0
1182,11.820246547,180.694000000,100,1410,1215,46,0
1183,11.830249751,180.638000000,100,1410,1215,46,0
1184,11.840249289,180.638000000,100,1410,1215,46,0
1185,11.850248386,180.638000000,100,1410,1215,46,0
1186,11.860247323,180.638000000,100,1410,1215,46,0
1187,11.870248965,180.638000000,100,1410,1215,46,0
1188,11.880248062,180.638000000,100,1410,1215,46,0
1189,11.890248361,180.638000000,100,1410,1215,46,0
1190,11.900248119,180.638000000,100,1410,1215,46,0
1191,11.910248348,180.638000000,100,1410,1215,46,0
1192,11.920252034,180.638000000,100,1410,1215,46,0
1193,11.930249307,180.638000000,100,1410,1215,46,0
1194,11.940247913,180.638000000,100,1410,1215,46,0
1195,11.950249405,180.638000000,100,1410,1215,46,0
1196,11.960252269,180.638000000,100,1410,1215,46,0
1197,11.970248531,180.638000000,100,1410,1215,46,0
1198,11.980247597,180.638000000,100,1410,1215,46,0
1199,11.990247897,180.638000000,100,1410,1215,46,0
1200,12.000248216,180.638000000,100,1410,1215,46,0
1201,12.010248074,180.638000000,100,1410,1215,46,0
1202,12.020252071,180.638000000,100,1410,1215,46,0
1203,12.030253863,180.882000000,100,1410,1215,46,0
1204,12.040247960,180.882000000,100,1410,1215,46,0
1205,12.050248139,180.882000000,100,1410,1215,46,0
1206,12.060248058,180.882000000,100,1410,1215,46,0
1207,12.070247826,180.882000000,100,1410,1215,46,0
1208,12.080247855,180.882000000,100,1410,1215,46,0
1209,12.090247944,180.882000000,100,1410,1215,46,0
1210,12.100247522,180.882000000,100,1410,1215,46,0
1211,12.110247510,180.882000000,100,1410,1215,46,0
1212,12.120247329,180.882000000,100,1410,1215,46,0
1213,12.130249411,180.888000000,100,1410,1215,46,0
1214,12.140247596,180.888000000,100,1410,1215,46,0
1215,12.150247455,180.888000000,100,1410,1215,46,0
1216,12.160248035,180.888000000,100,1410,1215,46,0
1217,12.170252291,180.888000000,100,1410,1215,46,0
1218,12.180248282,180.888000000,100,1410,1215,46,0
1219,12.190248151,180.888000000,100,1410,1215,46,0
1220,12.200248410,180.888000000,100,1410,1215,46,0
1221,12.210248198,180.888000000,100,1410,1215,46,0
1222,12.220248537,180.888000000,100,1410,1215,46,0
1223,12.230249057,180.678000000,100,1410,1215,46,0
1224,12.240248645,180.678000000,100,1410,1215,46,0
1225,12.250248383,180.678000000,100,1410,1215,46,0
1226,12.260248502,180.678000000,100,1410,1215,46,0
1227,12.270251717,180.678000000,100,1410,1215,46,0
1228,12.280248650,180.678000000,100,1410,1215,46,0
1229,12.290248869,180.678000000,100,1410,1215,46,0
1230,12.300248307,180.678000000,100,1410,1215,46,0
1231,12.310248465,180.678000000,100,1410,1215,46,0
1232,12.320247763,180.678000000,100,1410,1215,46,0
1233,12.330249976,180.638000000,100,1410,1215,46,0
1234,12.340248782,180.638000000,100,1410,1215,46,0
1235,12.350249993,180.638000000,100,1410,1215,46,0
1236,12.360249180,180.638000000,100,1410,1215,46,0
1237,12.370252685,180.638000000,100,1410,1215,46,0
1238,12.380248587,180.638000000,100,1410,1215,46,0
1239,12.390248455,180.638000000,100,1410,1215,46,0
1240,12.400248013,180.638000000,100,1410,1215,46,0
1241,12.410248232,180.638000000,100,1410,1215,46,0
1242,12.420248411,180.638000000,100,1410,1215,46,0
1243,12.430248850,180.844000000,100,1410,1215,46,0
1244,12.440248178,180.844000000,100,1410,1215,46,0
1245,12.450248677,180.844000000,100,1410,1215,46,0
1246,12.460252633,180.844000000,100,1410,1215,46,0
1247,12.470248054,180.844000000,100,1410,1215,46,0
1248,12.480248563,180.844000000,100,1410,1215,46,0
1249,12.490248392,180.844000000,100,1410,1215,46,0
1250,12.500249242,180.844000000,100,1410,1215,46,0
1251,12.510248269,180.844000000,100,1410,1215,46,0
1252,12.520248969,180.844000000,100,1410,1215,46,0
1253,12.530248657,180.901000000,100,1410,1215,46,0
1254,12.540249387,180.901000000,100,1410,1215,46,0
1255,12.550247342,180.901000000,100,1410,1215,46,0
1256,12.560247380,180.901000000,100,1410,1215,46,0
1257,12.570247920,180.901000000,100,1410,1215,46,0
1258,12.580253169,180.901000000,100,1410,1215,46,0
1259,12.590248338,180.901000000,100,1410,1215,46,0
1260,12.600248597,180.901000000,100,1410,1215,46,0
1261,12.610248796,180.901000000,100,1410,1215,46,0
1262,12.620248585,180.901000000,100,1410,1215,46,0
1263,12.630248894,180.978000000,100,1410,1215,46,0
1264,12.640248211,180.978000000,100,1410,1215,46,0
1265,12.650248110,180.978000000,100,1410,1215,46,0
1266,12.660248048,180.978000000,100,1410,1215,46,0
1267,12.670248418,180.978000000,100,1410,1215,46,0
1268,12.680252153,180.978000000,100,1410,1215,46,0
1269,12.690254486,180.978000000,100,1410,1215,46,0
1270,12.700248504,180.978000000,100,1410,1215,46,0
1271,12.710252180,180.978000000,100,1410,1215,46,0
1272,12.720248561,180.978000000,100,1410,1215,46,0
1273,12.730249051,181.118000000,100,1410,1215,46,0
1274,12.740248729,181.118000000,100,1410,1215,46,0
1275,12.750248237,181.118000000,100,1410,1215,46,0
1276,12.760248175,181.118000000,100,1410,1215,46,0
1277,12.770248795,181.118000000,100,1410,1215,46,0
1278,12.780248824,181.118000000,100,1410,1215,46,0
1279,12.790249163,181.118000000,100,1410,1215,46,0
1280,12.800248461,181.118000000,100,1410,1215,46,0
1281,12.810248690,181.118000000,100,1410,1215,46,0
1282,12.820248328,181.118000000,100,1410,1215,46,0
1283,12.830249749,180.831000000,100,1410,1215,46,0
1284,12.840249177,180.831000000,100,1410,1215,46,0
1285,12.850248234,180.831000000,100,1410,1215,46,0
1286,12.860249455,180.831000000,100,1410,1215,46,0
1287,12.870253190,180.831000000,100,1410,1215,46,0
1288,12.880248861,180.831000000,100,1410,1215,46,0
1289,12.890252927,180.831000000,100,1410,1215,46,0
1290,12.900248708,180.831000000,100,1410,1215,46,0
1291,12.910248045,180.831000000,100,1410,1215,46,0
1292,12.920248755,180.831000000,100,1410,1215,46,0
1293,12.930248994,180.638000000,100,1410,1215,46,0
1294,12.940248933,180.638000000,100,1410,1215,46,0
1295,12.950248371,180.638000000,100,1410,1215,46,0
1296,12.960248189,180.638000000,100,1410,1215,46,0
1297,12.970253107,180.638000000,100,1410,1215,46,0
1298,12.980249920,180.638000000,100,1410,1215,46,0
1299,12.990248936,180.638000000,100,1410,1215,46,0
1300,13.000248314,180.638000000,100,1410,1215,46,0
1301,13.010248232,180.638000000,100,1410,1215,46,0
1302,13.020249053,180.638000000,100,1410,1215,46,0
1303,13.030253530,180.978000000,100,1410,1215,46,0
1304,13.040248759,180.978000000,100,1410,1215,46,0
1305,13.050248608,180.978000000,100,1410,1215,46,0
1306,13.060252844,180.978000000,100,1410,1215,46,0
1307,13.070247774,180.978000000,100,1410,1215,46,0
1308,13.080248253,180.978000000,100,1410,1215,46,0
1309,13.090248362,180.978000000,100,1410,1215,46,0
1310,13.100248431,180.978000000,100,1410,1215,46,0
1311,13.110249021,180.978000000,100,1410,1215,46,0
1312,13.120248939,180.978000000,100,1410,1215,46,0
1313,13.130250070,180.997000000,100,1410,1215,46,0
1314,13.140252994,180.997000000,100,1410,1215,46,0
1315,13.150249276,180.997000000,100,1410,1215,46,0
1316,13.160253222,180.997000000,100,1410,1215,46,0
1317,13.170249143,180.997000000,100,1410,1215,46,0
1318,13.180249272,180.997000000,100,1410,1215,46,0
1319,13.190250112,180.997000000,100,1410,1215,46,0
1320,13.200252475,180.997000000,100,1410,1215,46,0
1321,13.210248887,180.997000000,100,1410,1215,46,0
1322,13.220252312,180.997000000,100,1410,1215,46,0
1323,13.230249145,180.888000000,100,1410,1215,46,0
1324,13.240248332,180.888000000,100,1410,1215,46,0
1325,13.250249513,180.888000000,100,1410,1215,46,0
1326,13.260252808,180.888000000,100,1410,1215,46,0
1327,13.270249991,180.888000000,100,1410,1215,46,0
1328,13.280248477,180.888000000,100,1410,1215,46,0
1329,13.290248586,180.888000000,100,1410,1215,46,0
1330,13.300248234,180.888000000,100,1410,1215,46,0
1331,13.310248984,180.888000000,100,1410,1215,46,0
1332,13.320248392,180.888000000,100,1410,1215,46,0
1333,13.330249633,181.074000000,100,1410,1215,46,0
1334,13.340248139,181.074000000,100,1410,1215,46,0
1335,13.350248318,181.074000000,100,1410,1215,46,0
1336,13.360249008,181.074000000,100,1410,1215,46,0
1337,13.370249197,181.074000000,100,1410,1215,46,0
1338,13.380249145,181.074000000,100,1410,1215,46,0
1339,13.390250156,181.074000000,100,1410,1215,46,0
1340,13.400249423,181.074000000,100,1410,1215,46,0
1341,13.410248580,181.074000000,100,1410,1215,46,0
1342,13.420248789,181.074000000,100,1410,1215,46,0
1343,13.430250010,180.882000000,100,1410,1215,46,0
1344,13.440249358,180.882000000,100,1410,1215,46,0
1345,13.450248845,180.882000000,100,1410,1215,46,0
1346,13.460252781,180.882000000,100,1410,1215,46,0
1347,13.470249424,180.882000000,100,1410,1215,46,0
1348,13.480252759,180.882000000,100,1410,1215,46,0
1349,13.490249832,180.882000000,100,1410,1215,46,0
1350,13.500252686,180.882000000,100,1410,1215,46,0
1351,13.510247986,180.882000000,100,1410,1215,46,0
1352,13.520255629,180.882000000,100,1410,1215,46,0
1353,13.530251179,180.888000000,100,1410,1215,46,0
1354,13.540247631,180.888000000,100,1410,1215,46,0
1355,13.550247760,180.888000000,100,1410,1215,46,0
1356,13.560248520,180.888000000,100,1410,1215,46,0
1357,13.570247497,180.888000000,100,1410,1215,46,0
1358,13.580247926,180.888000000,100,1410,1215,46,0
1359,13.590247755,180.888000000,100,1410,1215,46,0
1360,13.600248264,180.888000000,100,1410,1215,46,0
1361,13.610247201,180.888000000,100,1410,1215,46,0
1362,13.620251027,180.888000000,100,1410,1215,46,0
1363,13.630249743,180.735000000,100,1410,1215,46,0
1364,13.640247568,180.735000000,100,1410,1215,46,0
1365,13.650247426,180.735000000,100,1410,1215,46,0
1366,13.660246964,180.735000000,100,1410,1215,46,0
1367,13.670247704,180.735000000,100,1410,1215,46,0
1368,13.680247482,180.735000000,100,1410,1215,46,0
1369,13.690248303,180.735000000,100,1410,1215,46,0
1370,13.700247840,180.735000000,100,1410,1215,46,0
1371,13.710248120,180.735000000,100,1410,1215,46,0
1372,13.720252176,180.735000000,100,1410,1215,46,0
1373,13.730249520,180.927000000,100,1410,1215,46,0
1374,13.740246853,180.927000000,100,1410,1215,46,0
1375,13.750247714,180.927000000,100,1410,1215,46,0
1376,13.760247201,180.927000000,100,1410,1215,46,0
1377,13.770248432,180.927000000,100,1410,1215,46,0
1378,13.780248090,180.927000000,100,1410,1215,46,0
1379,13.790248890,180.927000000,100,1410,1215,46,0
1380,13.800248468,180.927000000,100,1410,1215,46,0
1381,13.810247796,180.927000000,100,1410,1215,46,0
1382,13.820248476,180.927000000,100,1410,1215,46,0
1383,13.830249506,180.984000000,100,1410,1215,46,0
1384,13.840248212,180.984000000,100,1410,1215,46,0
1385,13.850247871,180.984000000,100,1410,1215,46,0
1386,13.860247909,180.984000000,100,1410,1215,46,0
1387,13.870248549,180.984000000,100,1410,1215,46,0
1388,13.880248728,180.984000000,100,1410,1215,46,0
1389,13.890248196,180.984000000,100,1410,1215,46,0
1390,13.900247984,180.984000000,100,1410,1215,46,0
1391,13.910252241,180.984000000,100,1410,1215,46,0
1392,13.920252129,180.984000000,100,1410,1215,46,0
1393,13.930249804,180.843000000,100,1410,1215,46,0
1394,13.940247127,180.843000000,100,1410,1215,46,0
1395,13.950247707,180.843000000,100,1410,1215,46,0
1396,13.960246944,180.843000000,100,1410,1215,46,0
1397,13.970248005,180.843000000,100,1410,1215,46,0
1398,13.980248224,180.843000000,100,1410,1215,46,0
1399,13.990249285,180.843000000,100,1410,1215,46,0
1400,14.000248362,180.843000000,100,1410,1215,46,0
1401,14.010251697,180.843000000,100,1410,1215,46,0
1402,14.020248539,180.843000000,100,1410,1215,46,0
1403,14.030250151,180.735000000,100,1410,1215,46,0
1404,14.040247375,180.735000000,100,1410,1215,46,0
1405,14.050246852,180.735000000,100,1410,1215,46,0
1406,14.060247532,180.735000000,100,1410,1215,46,0
1407,14.070252180,180.735000000,100,1410,1215,46,0
1408,14.080247910,180.735000000,100,1410,1215,46,0
1409,14.090248881,180.735000000,100,1410,1215,46,0
1410,14.100248058,180.735000000,100,1410,1215,46,0
1411,14.110248057,180.735000000,100,1410,1215,46,0
1412,14.120248626,180.735000000,100,1410,1215,46,0
1413,14.130248525,181.093000000,100,1410,1215,46,0
1414,14.140248193,181.093000000,100,1410,1215,46,0
1415,14.150247550,181.093000000,100,1410,1215,46,0
1416,14.160247739,181.093000000,100,1410,1215,46,0
1417,14.170247227,181.093000000,100,1410,1215,46,0
1418,14.180247156,181.093000000,100,1410,1215,46,0
1419,14.190248647,181.093000000,100,1410,1215,46,0
1420,14.200248395,181.093000000,100,1410,1215,46,0
1421,14.210248174,181.093000000,100,1410,1215,46,0
1422,14.220248984,181.093000000,100,1410,1215,46,0
1423,14.230249584,181.184000000,100,1410,1215,46,0
1424,14.240247709,181.184000000,100,1410,1215,46,0
1425,14.250249881,181.184000000,100,1410,1215,46,0
1426,14.260248217,181.184000000,100,1410,1215,46,0
1427,14.270249558,181.184000000,100,1410,1215,46,0
1428,14.280248665,181.184000000,100,1410,1215,46,0
1429,14.290250157,181.184000000,100,1410,1215,46,0
1430,14.300248572,181.184000000,100,1410,1215,46,0
1431,14.310248260,181.184000000,100,1410,1215,46,0
1432,14.320249471,181.184000000,100,1410,1215,46,0
1433,14.330248679,180.831000000,100,1410,1215,46,0
1434,14.340249779,180.831000000,100,1410,1215,46,0
1435,14.350247464,180.831000000,100,1410,1215,46,0
1436,14.360247983,180.831000000,100,1410,1215,46,0
1437,14.370248433,180.831000000,100,1410,1215,46,0
1438,14.380248692,180.831000000,100,1410,1215,46,0
1439,14.390253490,180.831000000,100,1410,1215,46,0
1440,14.400248529,180.831000000,100,1410,1215,46,0
1441,14.410247997,180.831000000,100,1410,1215,46,0
1442,14.420252895,180.831000000,100,1410,1215,46,0
1443,14.430248645,181.074000000,100,1410,1215,46,0
1444,14.440248333,181.074000000,100,1410,1215,46,0
1445,14.450247130,181.074000000,100,1410,1215,46,0
1446,14.460248281,181.074000000,100,1410,1215,46,0
1447,14.470248480,181.074000000,100,1410,1215,46,0
1448,14.480248548,181.074000000,100,1410,1215,46,0
1449,14.490248587,181.074000000,100,1410,1215,46,0
1450,14.500248045,181.074000000,100,1410,1215,46,0
1451,14.510252672,181.074000000,100,1410,1215,46,0
1452,14.520249375,181.074000000,100,1410,1215,46,0
1453,14.530249694,181.126000000,100,1410,1215,46,0
1454,14.540256646,181.126000000,100,1410,1215,46,0
1455,14.550249701,181.126000000,100,1410,1215,46,0
1456,14.560249560,181.126000000,100,1410,1215,46,0
1457,14.570248927,181.126000000,100,1410,1215,46,0
1458,14.580248545,181.126000000,100,1410,1215,46,0
1459,14.590249686,181.126000000,100,1410,1215,46,0
1460,14.600247982,181.126000000,100,1410,1215,46,0
1461,14.610247600,181.126000000,100,1410,1215,46,0
1462,14.620248570,181.126000000,100,1410,1215,46,0
1463,14.630249460,180.940000000,100,1410,1215,46,0
1464,14.640248427,180.940000000,100,1410,1215,46,0
1465,14.650248606,180.940000000,100,1410,1215,46,0
1466,14.660248044,180.940000000,100,1410,1215,46,0
1467,14.670248894,180.940000000,100,1410,1215,46,0
1468,14.680248362,180.940000000,100,1410,1215,46,0
1469,14.690248571,180.940000000,100,1410,1215,46,0
1470,14.700248479,180.940000000,100,1410,1215,46,0
1471,14.710248959,180.940000000,100,1410,1215,46,0
1472,14.720248757,180.940000000,100,1410,1215,46,0
1473,14.730249918,181.074000000,100,1410,1215,46,0
1474,14.740248614,181.074000000,100,1410,1215,46,0
1475,14.750252831,181.074000000,100,1410,1215,46,0
1476,14.760249764,181.074000000,100,1410,1215,46,0
1477,14.770248300,181.074000000,100,1410,1215,46,0
1478,14.780248609,181.074000000,100,1410,1215,46,0
1479,14.790248718,181.074000000,100,1410,1215,46,0
1480,14.800253425,181.074000000,100,1410,1215,46,0
1481,14.810248375,181.074000000,100,1410,1215,46,0
1482,14.820248013,181.074000000,100,1410,1215,46,0
1483,14.830249564,181.157000000,100,1410,1215,46,0
1484,14.840249112,181.157000000,100,1410,1215,46,0
1485,14.850248720,181.157000000,100,1410,1215,46,0
1486,14.860251414,181.157000000,100,1410,1215,46,0
1487,14.870247545,181.157000000,100,1410,1215,46,0
1488,14.880248255,181.157000000,100,1410,1215,46,0
1489,14.890248123,181.157000000,100,1410,1215,46,0
1490,14.900248182,181.157000000,100,1410,1215,46,0
1491,14.910247440,181.157000000,100,1410,1215,46,0
1492,14.920248160,181.157000000,100,1410,1215,46,0
1493,14.930248539,181.087000000,100,1410,1215,46,0
1494,14.940248478,181.087000000,100,1410,1215,46,0
1495,14.950252384,181.087000000,100,1410,1215,46,0
1496,14.960249016,181.087000000,100,1410,1215,46,0
1497,14.970253012,181.087000000,100,1410,1215,46,0
1498,14.980248753,181.087000000,100,1410,1215,46,0
1499,14.990248110,181.087000000,100,1410,1215,46,0
1500,15.000248480,181.087000000,100,1410,1215,46,0
1501,15.010248498,181.087000000,100,1410,1215,46,0
1502,15.020248777,181.087000000,100,1410,1215,46,0
1503,15.030249407,180.831000000,100,1410,1215,46,0
1504,15.040247963,180.831000000,100,1410,1215,46,0
1505,15.050248743,180.831000000,100,1410,1215,46,0
1506,15.060248291,180.831000000,100,1410,1215,46,0
1507,15.070248641,180.831000000,100,1410,1215,46,0
1508,15.080248088,180.831000000,100,1410,1215,46,0
1509,15.090249470,180.831000000,100,1410,1215,46,0
1510,15.100247665,180.831000000,100,1410,1215,46,0
1511,15.110248345,180.831000000,100,1410,1215,46,0
1512,15.120247452,180.831000000,100,1410,1215,46,0
1513,15.130248833,180.978000000,100,1410,1215,46,0
1514,15.140252008,180.978000000,100,1410,1215,46,0
1515,15.150247117,180.978000000,100,1410,1215,46,0
1516,15.160252386,180.978000000,100,1410,1215,46,0
1517,15.170248557,180.978000000,100,1410,1215,46,0
1518,15.180248336,180.978000000,100,1410,1215,46,0
1519,15.190248825,180.978000000,100,1410,1215,46,0
1520,15.200252962,180.978000000,100,1410,1215,46,0
1521,15.210253611,180.978000000,100,1410,1215,46,0
1522,15.220249062,180.978000000,100,1410,1215,46,0
1523,15.230248740,181.036000000,100,1410,1215,46,0
1524,15.240250662,181.036000000,100,1410,1215,46,0
1525,15.250248066,181.036000000,100,1410,1215,46,0
1526,15.260248906,181.036000000,100,1410,1215,46,0
1527,15.270247682,181.036000000,100,1410,1215,46,0
1528,15.280244816,181.036000000,100,1410,1215,46,0
1529,15.290247339,181.036000000,100,1410,1215,46,0
1530,15.300247568,181.036000000,100,1410,1215,46,0
1531,15.310250342,181.036000000,100,1410,1215,46,0
1532,15.320245241,181.036000000,100,1410,1215,46,0
1533,15.330247725,180.978000000,100,1410,1215,46,0
1534,15.340248645,180.978000000,100,1410,1215,46,0
1535,15.350248924,180.978000000,100,1410,1215,46,0
1536,15.360248873,180.978000000,100,1410,1215,46,0
1537,15.370250184,180.978000000,100,1410,1215,46,0
1538,15.380252948,180.978000000,100,1410,1215,46,0
1539,15.390249510,180.978000000,100,1410,1215,46,0
1540,15.400253276,180.978000000,100,1410,1215,46,0
1541,15.410247924,180.978000000,100,1410,1215,46,0
1542,15.420248795,180.978000000,100,1410,1215,46,0
1543,15.430249625,180.984000000,100,1410,1215,46,0
1544,15.440249253,180.984000000,100,1410,1215,46,0
1545,15.450253439,180.984000000,100,1410,1215,46,0
1546,15.460248719,180.984000000,100,1410,1215,46,0
1547,15.470249289,180.984000000,100,1410,1215,46,0
1548,15.480248416,180.984000000,100,1410,1215,46,0
1549,15.490248996,180.984000000,100,1410,1215,46,0
1550,15.500248223,180.984000000,100,1410,1215,46,0
1551,15.510248382,180.984000000,100,1410,1215,46,0
1552,15.520250615,180.984000000,100,1410,1215,46,0
1553,15.530247157,181.024000000,100,1410,1215,46,0
1554,15.540249360,181.024000000,100,1410,1215,46,0
1555,15.550248667,181.024000000,100,1410,1215,46,0
1556,15.560249117,181.024000000,100,1410,1215,46,0
1557,15.570250027,181.024000000,100,1410,1215,46,0
1558,15.580249224,181.024000000,100,1410,1215,46,0
1559,15.590245837,181.024000000,100,1410,1215,46,0
1560,15.600250053,181.024000000,100,1410,1215,46,0
1561,15.610251164,181.024000000,100,1410,1215,46,0
1562,15.620249299,181.024000000,100,1410,1215,46,0
1563,15.630245962,181.074000000,100,1410,1215,46,0
1564,15.640247934,181.074000000,100,1410,1215,46,0
1565,15.650248534,181.074000000,100,1410,1215,46,0
1566,15.660249334,181.074000000,100,1410,1215,46,0
1567,15.670249162,181.074000000,100,1410,1215,46,0
1568,15.680249251,181.074000000,100,1410,1215,46,0
1569,15.690248989,181.074000000,100,1410,1215,46,0
1570,15.700251182,181.074000000,100,1410,1215,46,0
1571,15.710249117,181.074000000,100,1410,1215,46,0
1572,15.720250128,181.074000000,100,1410,1215,46,0
1573,15.730245948,180.940000000,100,1410,1215,46,0
1574,15.740244655,180.940000000,100,1410,1215,46,0
1575,15.750247348,180.940000000,100,1410,1215,46,0
1576,15.760249241,180.940000000,100,1410,1215,46,0
1577,15.770244701,180.940000000,100,1410,1215,46,0
1578,15.780250480,180.940000000,100,1410,1215,46,0
1579,15.790249497,180.940000000,100,1410,1215,46,0
1580,15.800250407,180.940000000,100,1410,1215,46,0
1581,15.810249965,180.940000000,100,1410,1215,46,0
1582,15.820249643,180.940000000,100,1410,1215,46,0
1583,15.830252367,180.775000000,100,1410,1215,46,0
1584,15.840245182,180.775000000,100,1410,1215,46,0
1585,15.850246724,180.775000000,100,1410,1215,46,0
1586,15.860248185,180.775000000,100,1410,1215,46,0
1587,15.870250398,180.775000000,100,1410,1215,46,0
1588,15.880247602,180.775000000,100,1410,1215,46,0
1589,15.890250586,180.775000000,100,1410,1215,46,0
1590,15.900249032,180.775000000,100,1410,1215,46,0
1591,15.910249792,180.775000000,100,1410,1215,46,0
1592,15.920249229,180.775000000,100,1410,1215,46,0
1593,15.930249619,180.984000000,100,1410,1215,46,0
1594,15.940244969,180.984000000,100,1410,1215,46,0
1595,15.950248855,180.984000000,100,1410,1215,46,0
1596,15.960249224,180.984000000,100,1410,1215,46,0
1597,15.970249243,180.984000000,100,1410,1215,46,0
1598,15.980250063,180.984000000,100,1410,1215,46,0
1599,15.990249581,180.984000000,100,1410,1215,46,0
1600,16.000248447,180.984000000,100,1410,1215,46,0
1601,16.010249358,180.984000000,100,1410,1215,46,0
1602,16.020248625,180.984000000,100,1410,1215,46,0
1603,16.030249585,181.037000000,100,1410,1215,46,0
1604,16.040249835,181.037000000,100,1410,1215,46,0
1605,16.050249052,181.037000000,100,1410,1215,46,0
1606,16.060250383,181.037000000,100,1410,1215,46,0
1607,16.070249129,181.037000000,100,1410,1215,46,0
1608,16.080250050,181.037000000,100,1410,1215,46,0
1609,16.090247283,181.037000000,100,1410,1215,46,0
1610,16.100245128,181.037000000,100,1410,1215,46,0
1611,16.110245096,181.037000000,100,1410,1215,46,0
1612,16.120248141,181.037000000,100,1410,1215,46,0
1613,16.130251195,180.940000000,100,1410,1215,46,0
1614,16.140249451,180.940000000,100,1410,1215,46,0
1615,16.150245221,180.940000000,100,1410,1215,46,0
1616,16.160249628,180.940000000,100,1410,1215,46,0
1617,16.170249527,180.940000000,100,1410,1215,46,0
1618,16.180245167,180.940000000,100,1410,1215,46,0
1619,16.190250837,180.940000000,100,1410,1215,46,0
1620,16.200244343,180.940000000,100,1410,1215,46,0
1621,16.210250133,180.940000000,100,1410,1215,46,0
1622,16.220254510,180.940000000,100,1410,1215,46,0
1623,16.230250190,181.093000000,100,1410,1215,46,0
1624,16.240249848,181.093000000,100,1410,1215,46,0
1625,16.250252963,181.093000000,100,1410,1215,46,0
1626,16.260248784,181.093000000,100,1410,1215,46,0
1627,16.270248422,181.093000000,100,1410,1215,46,0
1628,16.280249372,181.093000000,100,1410,1215,46,0
1629,16.290249721,181.093000000,100,1410,1215,46,0
1630,16.300248408,181.093000000,100,1410,1215,46,0
1631,16.310252484,181.093000000,100,1410,1215,46,0
1632,16.320248866,181.093000000,100,1410,1215,46,0
1633,16.330249265,180.940000000,100,1410,1215,46,0
1634,16.340248923,180.940000000,100,1410,1215,46,0
1635,16.350247960,180.940000000,100,1410,1215,46,0
1636,16.360248079,180.940000000,100,1410,1215,46,0
1637,16.370252937,180.940000000,100,1410,1215,46,0
1638,16.380248257,180.940000000,100,1410,1215,46,0
1639,16.390253145,180.940000000,100,1410,1215,46,0
1640,16.400250909,180.940000000,100,1410,1215,46,0
1641,16.410248393,180.940000000,100,1410,1215,46,0
1642,16.420248111,180.940000000,100,1410,1215,46,0
1643,16.430249242,181.036000000,100,1410,1215,46,0
1644,16.440248399,181.036000000,100,1410,1215,46,0
1645,16.450248618,181.036000000,100,1410,1215,46,0
1646,16.460247304,181.036000000,100,1410,1215,46,0
1647,16.470248355,181.036000000,100,1410,1215,46,0
1648,16.480247773,181.036000000,100,1410,1215,46,0
1649,16.490249244,181.036000000,100,1410,1215,46,0
1650,16.500248762,181.036000000,100,1410,1215,46,0
1651,16.510252287,181.036000000,100,1410,1215,46,0
1652,16.520247837,181.036000000,100,1410,1215,46,0
1653,16.530248688,181.223000000,100,1410,1215,46,0
1654,16.540248947,181.223000000,100,1410,1215,46,0
1655,16.550247383,181.223000000,100,1410,1215,46,0
1656,16.560249115,181.223000000,100,1410,1215,46,0
1657,16.570248302,181.223000000,100,1410,1215,46,0
1658,16.580248471,181.223000000,100,1410,1215,46,0
1659,16.590249010,181.223000000,100,1410,1215,46,0
1660,16.600248829,181.223000000,100,1410,1215,46,0
1661,16.610248998,181.223000000,100,1410,1215,46,0
1662,16.620248035,181.223000000,100,1410,1215,46,0
1663,16.630249426,180.940000000,100,1410,1215,46,0
1664,16.640247892,180.940000000,100,1410,1215,46,0
1665,16.650248602,180.940000000,100,1410,1215,46,0
1666,16.660247558,180.940000000,100,1410,1215,46,0
1667,16.670247978,180.940000000,100,1410,1215,46,0
1668,16.680247776,180.940000000,100,1410,1215,46,0
1669,16.690249278,180.940000000,100,1410,1215,46,0
1670,16.700249376,180.940000000,100,1410,1215,46,0
1671,16.710248624,180.940000000,100,1410,1215,46,0
1672,16.720248843,180.940000000,100,1410,1215,46,0
1673,16.730249523,181.074000000,100,1410,1215,46,0
1674,16.740247978,181.074000000,100,1410,1215,46,0
1675,16.750247937,181.074000000,100,1410,1215,46,0
1676,16.760247585,181.074000000,100,1410,1215,46,0
1677,16.770250119,181.074000000,100,1410,1215,46,0
1678,16.780247182,181.074000000,100,1410,1215,46,0
1679,16.790247862,181.074000000,100,1410,1215,46,0
1680,16.800247540,181.074000000,100,1410,1215,46,0
1681,16.810247899,181.074000000,100,1410,1215,46,0
1682,16.820248218,181.074000000,100,1410,1215,46,0
1683,16.830249119,181.363000000,100,1410,1215,46,0
1684,16.840248647,181.363000000,100,1410,1215,46,0
1685,16.850247533,181.363000000,100,1410,1215,46,0
1686,16.860247943,181.363000000,100,1410,1215,46,0
1687,16.870248132,181.363000000,100,1410,1215,46,0
1688,16.880248421,181.363000000,100,1410,1215,46,0
1689,16.890248961,181.363000000,100,1410,1215,46,0
1690,16.900247667,181.363000000,100,1410,1215,46,0
1691,16.910248136,181.363000000,100,1410,1215,46,0
1692,16.920251942,181.363000000,100,1410,1215,46,0
1693,16.930249346,181.223000000,100,1410,1215,46,0
1694,16.940248433,181.223000000,100,1410,1215,46,0
1695,16.950248662,181.223000000,100,1410,1215,46,0
1696,16.960248190,181.223000000,100,1410,1215,46,0
1697,16.970247928,181.223000000,100,1410,1215,46,0
1698,16.980248348,181.223000000,100,1410,1215,46,0
1699,16.990249278,181.223000000,100,1410,1215,46,0
1700,17.000247924,181.223000000,100,1410,1215,46,0
1701,17.010248784,181.223000000,100,1410,1215,46,0
1702,17.020252480,181.223000000,100,1410,1215,46,0
1703,17.030249543,181.017000000,100,1410,1215,46,0
1704,17.040248790,181.017000000,100,1410,1215,46,0
1705,17.050247527,181.017000000,100,1410,1215,46,0
1706,17.060247595,181.017000000,100,1410,1215,46,0
1707,17.070249147,181.017000000,100,1410,1215,46,0
1708,17.080246541,181.017000000,100,1410,1215,46,0
1709,17.090248223,181.017000000,100,1410,1215,46,0
1710,17.100247961,181.017000000,100,1410,1215,46,0
1711,17.110247218,181.017000000,100,1410,1215,46,0
1712,17.120248169,181.017000000,100,1410,1215,46,0
1713,17.130253207,181.169000000,100,1410,1215,46,0
1714,17.140248597,181.169000000,100,1410,1215,46,0
1715,17.150250068,181.169000000,100,1410,1215,46,0
1716,17.160249786,181.169000000,100,1410,1215,46,0
1717,17.170250196,181.169000000,100,1410,1215,46,0
1718,17.180248251,181.169000000,100,1410,1215,46,0
1719,17.190248340,181.169000000,100,1410,1215,46,0
1720,17.200247717,181.169000000,100,1410,1215,46,0
1721,17.210248838,181.169000000,100,1410,1215,46,0
1722,17.220247444,181.169000000,100,1410,1215,46,0
1723,17.230248765,181.036000000,100,1410,1215,46,0
1724,17.240248534,181.036000000,100,1410,1215,46,0
1725,17.250248692,181.036000000,100,1410,1215,46,0
1726,17.260247289,181.036000000,100,1410,1215,46,0
1727,17.270248299,181.036000000,100,1410,1215,46,0
1728,17.280247256,181.036000000,100,1410,1215,46,0
1729,17.290249539,181.036000000,100,1410,1215,46,0
1730,17.300247714,181.036000000,100,1410,1215,46,0
1731,17.310248745,181.036000000,100,1410,1215,46,0
1732,17.320249214,181.036000000,100,1410,1215,46,0
1733,17.330284559,180.940000000,100,1410,1215,46,0
1734,17.340250203,180.940000000,100,1410,1215,46,0
1735,17.350247116,180.940000000,100,1410,1215,46,0
1736,17.360249279,180.940000000,100,1410,1215,46,0
1737,17.370247114,180.940000000,100,1410,1215,46,0
1738,17.380248104,180.940000000,100,1410,1215,46,0
1739,17.390248103,180.940000000,100,1410,1215,46,0
1740,17.400248653,180.940000000,100,1410,1215,46,0
1741,17.410248251,180.940000000,100,1410,1215,46,0
1742,17.420248740,180.940000000,100,1410,1215,46,0
1743,17.430248949,181.093000000,100,1410,1215,46,0
1744,17.440247986,181.093000000,100,1410,1215,46,0
1745,17.450247694,181.093000000,100,1410,1215,46,0
1746,17.460247352,181.093000000,100,1410,1215,46,0
1747,17.470248613,181.093000000,100,1410,1215,46,0
1748,17.480252640,181.093000000,100,1410,1215,46,0
1749,17.490249412,181.093000000,100,1410,1215,46,0
1750,17.500247477,181.093000000,100,1410,1215,46,0
1751,17.510248077,181.093000000,100,1410,1215,46,0
1752,17.520248747,181.093000000,100,1410,1215,46,0
1753,17.530250028,181.183000000,100,1410,1215,46,0
1754,17.540247642,181.183000000,100,1410,1215,46,0
1755,17.550248232,181.183000000,100,1410,1215,46,0
1756,17.560247740,181.183000000,100,1410,1215,46,0
1757,17.570249371,181.183000000,100,1410,1215,46,0
1758,17.580249460,181.183000000,100,1410,1215,46,0
1759,17.590250120,181.183000000,100,1410,1215,46,0
1760,17.600248456,181.183000000,100,1410,1215,46,0
1761,17.610248655,181.183000000,100,1410,1215,46,0
1762,17.620249355,181.183000000,100,1410,1215,46,0
1763,17.630249524,181.170000000,100,1410,1215,46,0
1764,17.640248581,181.170000000,100,1410,1215,46,0
1765,17.650248409,181.170000000,100,1410,1215,46,0
1766,17.660248969,181.170000000,100,1410,1215,46,0
1767,17.670247926,181.170000000,100,1410,1215,46,0
1768,17.680248415,181.170000000,100,1410,1215,46,0
1769,17.690248915,181.170000000,100,1410,1215,46,0
1770,17.700247992,181.170000000,100,1410,1215,46,0
1771,17.710248652,181.170000000,100,1410,1215,46,0
1772,17.720248450,181.170000000,100,1410,1215,46,0
1773,17.730253087,180.967000000,100,1410,1215,46,0
1774,17.740248688,180.967000000,100,1410,1215,46,0
1775,17.750248466,180.967000000,100,1410,1215,46,0
1776,17.760247042,180.967000000,100,1410,1215,46,0
1777,17.770248363,180.967000000,100,1410,1215,46,0
1778,17.780248442,180.967000000,100,1410,1215,46,0
1779,17.790249372,180.967000000,100,1410,1215,46,0
1780,17.800248850,180.967000000,100,1410,1215,46,0
1781,17.810248438,180.967000000,100,1410,1215,46,0
1782,17.820247816,180.967000000,100,1410,1215,46,0
1783,17.830248856,180.871000000,100,1410,1215,46,0
1784,17.840247552,180.871000000,100,1410,1215,46,0
1785,17.850248072,180.871000000,100,1410,1215,46,0
1786,17.860247359,180.871000000,100,1410,1215,46,0
1787,17.870248440,180.871000000,100,1410,1215,46,0
1788,17.880253238,180.871000000,100,1410,1215,46,0
1789,17.890249018,180.871000000,100,1410,1215,46,0
1790,17.900248576,180.871000000,100,1410,1215,46,0
1791,17.910249407,180.871000000,100,1410,1215,46,0
1792,17.920249095,180.871000000,100,1410,1215,46,0
1793,17.930249594,181.133000000,100,1410,1215,46,0
1794,17.940249643,181.133000000,100,1410,1215,46,0
1795,17.950247758,181.133000000,100,1410,1215,46,0
1796,17.960248408,181.133000000,100,1410,1215,46,0
1797,17.970247736,181.133000000,100,1410,1215,46,0
1798,17.980252583,181.133000000,100,1410,1215,46,0
1799,17.990249065,181.133000000,100,1410,1215,46,0
1800,18.000248222,181.133000000,100,1410,1215,46,0
1801,18.010250495,181.133000000,100,1410,1215,46,0
1802,18.020248941,181.133000000,100,1410,1215,46,0
1803,18.030249110,181.377000000,100,1410,1215,46,0
1804,18.040250231,181.377000000,100,1410,1215,46,0
1805,18.050247955,181.377000000,100,1410,1215,46,0
1806,18.060247653,181.377000000,100,1410,1215,46,0
1807,18.070248654,181.377000000,100,1410,1215,46,0
1808,18.080247631,181.377000000,100,1410,1215,46,0
1809,18.090248211,181.377000000,100,1410,1215,46,0
1810,18.100249371,181.377000000,100,1410,1215,46,0
1811,18.110247647,181.377000000,100,1410,1215,46,0
1812,18.120247806,181.377000000,100,1410,1215,46,0
1813,18.130248987,181.133000000,100,1410,1215,46,0
1814,18.140248014,181.133000000,100,1410,1215,46,0
1815,18.150247331,181.133000000,100,1410,1215,46,0
1816,18.160248181,181.133000000,100,1410,1215,46,0
1817,18.170248621,181.133000000,100,1410,1215,46,0
1818,18.180247387,181.133000000,100,1410,1215,46,0
1819,18.190247997,181.133000000,100,1410,1215,46,0
1820,18.200247545,181.133000000,100,1410,1215,46,0
1821,18.210248595,181.133000000,100,1410,1215,46,0
1822,18.220249195,181.133000000,100,1410,1215,46,0
1823,18.230249154,181.074000000,100,1410,1215,46,0
1824,18.240248922,181.074000000,100,1410,1215,46,0
1825,18.250247288,181.074000000,100,1410,1215,46,0
1826,18.260248078,181.074000000,100,1410,1215,46,0
1827,18.270252545,181.074000000,100,1410,1215,46,0
1828,18.280247654,181.074000000,100,1410,1215,46,0
1829,18.290249006,181.074000000,100,1410,1215,46,0
1830,18.300249395,181.074000000,100,1410,1215,46,0
1831,18.310248201,181.074000000,100,1410,1215,46,0
1832,18.320248320,181.074000000,100,1410,1215,46,0
1833,18.330249912,181.286000000,100,1410,1215,46,0
1834,18.340247566,181.286000000,100,1410,1215,46,0
1835,18.350248447,181.286000000,100,1410,1215,46,0
1836,18.360248075,181.286000000,100,1410,1215,46,0
1837,18.370248614,181.286000000,100,1410,1215,46,0
1838,18.380248663,181.286000000,100,1410,1215,46,0
1839,18.390247770,181.286000000,100,1410,1215,46,0
1840,18.400248099,181.286000000,100,1410,1215,46,0
1841,18.410248539,181.286000000,100,1410,1215,46,0
1842,18.420248948,181.286000000,100,1410,1215,46,0
1843,18.430248596,181.230000000,100,1410,1215,46,0
1844,18.440249487,181.230000000,100,1410,1215,46,0
1845,18.450247311,181.230000000,100,1410,1215,46,0
1846,18.460248061,181.230000000,100,1410,1215,46,0
1847,18.470252328,181.230000000,100,1410,1215,46,0
1848,18.480249181,181.230000000,100,1410,1215,46,0
1849,18.490249009,181.230000000,100,1410,1215,46,0
1850,18.500249308,181.230000000,100,1410,1215,46,0
1851,18.510248646,181.230000000,100,1410,1215,46,0
1852,18.520249105,181.230000000,100,1410,1215,46,0
1853,18.530256007,181.183000000,100,1410,1215,46,0
1854,18.540248401,181.183000000,100,1410,1215,46,0
1855,18.550248370,181.183000000,100,1410,1215,46,0
1856,18.560247948,181.183000000,100,1410,1215,46,0
1857,18.570248037,181.183000000,100,1410,1215,46,0
1858,18.580248627,181.183000000,100,1410,1215,46,0
1859,18.590249347,181.183000000,100,1410,1215,46,0
1860,18.600299820,181.183000000,100,1410,1215,46,0
1861,18.610248162,181.183000000,100,1410,1215,46,0
1862,18.620248902,181.183000000,100,1410,1215,46,0
1863,18.630249411,181.471000000,100,1410,1215,46,0
1864,18.640247436,181.471000000,100,1410,1215,46,0
1865,18.650248357,181.471000000,100,1410,1215,46,0
1866,18.660247524,181.471000000,100,1410,1215,46,0
1867,18.670248254,181.471000000,100,1410,1215,46,0
1868,18.680247852,181.471000000,100,1410,1215,46,0
1869,18.690250315,181.471000000,100,1410,1215,46,0
1870,18.700301600,181.471000000,100,1410,1215,46,0
1871,18.710248168,181.471000000,100,1410,1215,46,0
1872,18.720248588,181.471000000,100,1410,1215,46,0
1873,18.730249959,181.325000000,100,1410,1215,46,0
1874,18.740248826,181.325000000,100,1410,1215,46,0
1875,18.750248303,181.325000000,100,1410,1215,46,0
1876,18.760248352,181.325000000,100,1410,1215,46,0
1877,18.770247179,181.325000000,100,1410,1215,46,0
1878,18.780248630,181.325000000,100,1410,1215,46,0
1879,18.790248228,181.325000000,100,1410,1215,46,0
1880,18.800249289,181.325000000,100,1410,1215,46,0
1881,18.810247955,181.325000000,100,1410,1215,46,0
1882,18.820247463,181.325000000,100,1410,1215,46,0
1883,18.830249275,181.080000000,100,1410,1215,46,0
1884,18.840247360,181.080000000,100,1410,1215,46,0
1885,18.850247539,181.080000000,100,1410,1215,46,0
1886,18.860247207,181.080000000,100,1410,1215,46,0
1887,18.870247977,181.080000000,100,1410,1215,46,0
1888,18.880248477,181.080000000,100,1410,1215,46,0
1889,18.890248796,181.080000000,100,1410,1215,46,0
1890,18.900251810,181.080000000,100,1410,1215,46,0
1891,18.910248733,181.080000000,100,1410,1215,46,0
1892,18.920248261,181.080000000,100,1410,1215,46,0
1893,18.930249522,181.375000000,100,1410,1215,46,0
1894,18.940249030,181.375000000,100,1410,1215,46,0
1895,18.950247676,181.375000000,100,1410,1215,46,0
1896,18.960247454,181.375000000,100,1410,1215,46,0
1897,18.970248014,181.375000000,100,1410,1215,46,0
1898,18.980248233,181.375000000,100,1410,1215,46,0
1899,18.990254113,181.375000000,100,1410,1215,46,0
1900,19.000248771,181.375000000,100,1410,1215,46,0
1901,19.010248169,181.375000000,100,1410,1215,46,0
1902,19.020248157,181.375000000,100,1410,1215,46,0
1903,19.030249198,181.376000000,100,1410,1215,46,0
1904,19.040248866,181.376000000,100,1410,1215,46,0
1905,19.050247132,181.376000000,100,1410,1215,46,0
1906,19.060247421,181.376000000,100,1410,1215,46,0
1907,19.070248502,181.376000000,100,1410,1215,46,0
1908,19.080253239,181.376000000,100,1410,1215,46,0
1909,19.090248449,181.376000000,100,1410,1215,46,0
1910,19.100248417,181.376000000,100,1410,1215,46,0
1911,19.110253375,181.376000000,100,1410,1215,46,0
1912,19.120247603,181.376000000,100,1410,1215,46,0
1913,19.130249596,181.280000000,100,1410,1215,46,0
1914,19.140249114,181.280000000,100,1410,1215,46,0
1915,19.150248441,181.280000000,100,1410,1215,46,0
1916,19.160246817,181.280000000,100,1410,1215,46,0
1917,19.170248769,181.280000000,100,1410,1215,46,0
1918,19.180247615,181.280000000,100,1410,1215,46,0
1919,19.190248866,181.280000000,100,1410,1215,46,0
1920,19.200253694,181.280000000,100,1410,1215,46,0
1921,19.210248623,181.280000000,100,1410,1215,46,0
1922,19.220252489,181.280000000,100,1410,1215,46,0
1923,19.230248851,181.286000000,100,1410,1215,46,0
1924,19.240250383,181.286000000,100,1410,1215,46,0
1925,19.250247286,181.286000000,100,1410,1215,46,0
1926,19.260248727,181.286000000,100,1410,1215,46,0
1927,19.270247313,181.286000000,100,1410,1215,46,0
1928,19.280248414,181.286000000,100,1410,1215,46,0
1929,19.290249484,181.286000000,100,1410,1215,46,0
1930,19.300247890,181.286000000,100,1410,1215,46,0
1931,19.310249041,181.286000000,100,1410,1215,46,0
1932,19.320248979,181.286000000,100,1410,1215,46,0
1933,19.330248968,181.189000000,100,1410,1215,46,0
1934,19.340249878,181.189000000,100,1410,1215,46,0
1935,19.350247743,181.189000000,100,1410,1215,46,0
1936,19.360247361,181.189000000,100,1410,1215,46,0
1937,19.370247750,181.189000000,100,1410,1215,46,0
1938,19.380248471,181.189000000,100,1410,1215,46,0
1939,19.390248760,181.189000000,100,1410,1215,46,0
1940,19.400249410,181.189000000,100,1410,1215,46,0
1941,19.410247264,181.189000000,100,1410,1215,46,0
1942,19.420252232,181.189000000,100,1410,1215,46,0
1943,19.430249576,181.189000000,100,1410,1215,46,0
1944,19.440247651,181.189000000,100,1410,1215,46,0
1945,19.450249072,181.189000000,100,1410,1215,46,0
1946,19.460247588,181.189000000,100,1410,1215,46,0
1947,19.470248739,181.189000000,100,1410,1215,46,0
1948,19.480248818,181.189000000,100,1410,1215,46,0
1949,19.490251912,181.189000000,100,1410,1215,46,0
1950,19.500252693,181.189000000,100,1410,1215,46,0
1951,19.510247692,181.189000000,100,1410,1215,46,0
1952,19.520248462,181.189000000,100,1410,1215,46,0
1953,19.530255193,181.209000000,100,1410,1215,46,0
1954,19.540249842,181.209000000,100,1410,1215,46,0
1955,19.550247627,181.209000000,100,1410,1215,46,0
1956,19.560250992,181.209000000,100,1410,1215,46,0
1957,19.570246442,181.209000000,100,1410,1215,46,0
1958,19.580248164,181.209000000,100,1410,1215,46,0
1959,19.590248032,181.209000000,100,1410,1215,46,0
1960,19.600248451,181.209000000,100,1410,1215,46,0
1961,19.610247338,181.209000000,100,1410,1215,46,0
1962,19.620247146,181.209000000,100,1410,1215,46,0
1963,19.630248848,181.325000000,100,1410,1215,46,0
1964,19.640249418,181.325000000,100,1410,1215,46,0
1965,19.650248515,181.325000000,100,1410,1215,46,0
1966,19.660247011,181.325000000,100,1410,1215,46,0
1967,19.670247601,181.325000000,100,1410,1215,46,0
1968,19.680247860,181.325000000,100,1410,1215,46,0
1969,19.690248780,181.325000000,100,1410,1215,46,0
1970,19.700248418,181.325000000,100,1410,1215,46,0
1971,19.710254528,181.325000000,100,1410,1215,46,0
1972,19.720247003,181.325000000,100,1410,1215,46,0
1973,19.730247653,180.986000000,100,1410,1215,46,0
1974,19.740248713,180.986000000,100,1410,1215,46,0
1975,19.750248782,180.986000000,100,1410,1215,46,0
1976,19.760248430,180.986000000,100,1410,1215,46,0
1977,19.770247898,180.986000000,100,1410,1215,46,0
1978,19.780249059,180.986000000,100,1410,1215,46,0
1979,19.790247474,180.986000000,100,1410,1215,46,0
1980,19.800248235,180.986000000,100,1410,1215,46,0
1981,19.810247432,180.986000000,100,1410,1215,46,0
1982,19.820248543,180.986000000,100,1410,1215,46,0
1983,19.830248281,180.986000000,100,1410,1215,46,0
1984,19.840248861,180.986000000,100,1410,1215,46,0
1985,19.850247096,180.986000000,100,1410,1215,46,0
1986,19.860248096,180.986000000,100,1410,1215,46,0
1987,19.870247354,180.986000000,100,1410,1215,46,0
1988,19.880249386,180.986000000,100,1410,1215,46,0
1989,19.890250267,181.568000000,100,1410,1215,46,0
1990,19.900248392,181.568000000,100,1410,1215,46,0
1991,19.910248691,181.568000000,100,1410,1215,46,0
1992,19.920248319,181.568000000,100,1410,1215,46,0
1993,19.930249560,181.568000000,100,1410,1215,46,0
1994,19.940248537,181.568000000,100,1410,1215,46,0
1995,19.950248335,181.568000000,100,1410,1215,46,0
1996,19.960248143,181.568000000,100,1410,1215,46,0
1997,19.970248643,181.568000000,100,1410,1215,46,0
1998,19.980248301,181.568000000,100,1410,1215,46,0
1999,19.990249893,181.568000000,100,1410,1215,46,0
2000,20.000248098,181.568000000,100,1410,1215,46,0
2001,20.010248017,181.568000000,100,1410,1215,46,0
2002,20.020252423,181.568000000,100,1410,1215,46,0
2003,20.030250749,181.230000000,100,1410,1215,46,0
2004,20.040249285,181.230000000,100,1410,1215,46,0
2005,20.050247841,181.230000000,100,1410,1215,46,0
2006,20.060248471,181.230000000,100,1410,1215,46,0
2007,20.070248039,181.230000000,100,1410,1215,46,0
2008,20.080248568,181.230000000,100,1410,1215,46,0
2009,20.090255189,181.230000000,100,1410,1215,46,0
2010,20.100249016,181.230000000,100,1410,1215,46,0
2011,20.110247753,181.230000000,100,1410,1215,46,0
2012,20.120248343,181.230000000,100,1410,1215,46,0
2013,20.130248552,181.172000000,100,1410,1215,46,0
2014,20.140249582,181.172000000,100,1410,1215,46,0
2015,20.150248178,181.172000000,100,1410,1215,46,0
2016,20.160248187,181.172000000,100,1410,1215,46,0
2017,20.170247615,181.172000000,100,1410,1215,46,0
2018,20.180248545,181.172000000,100,1410,1215,46,0
2019,20.190254124,181.172000000,100,1410,1215,46,0
2020,20.200249524,181.172000000,100,1410,1215,46,0
2021,20.210248571,181.172000000,100,1410,1215,46,0
2022,20.220249091,181.172000000,100,1410,1215,46,0
2023,20.230249280,181.472000000,100,1410,1215,46,0
2024,20.240248477,181.472000000,100,1410,1215,46,0
2025,20.250248856,181.472000000,100,1410,1215,46,0
2026,20.260248254,181.472000000,100,1410,1215,46,0
2027,20.270248443,181.472000000,100,1410,1215,46,0
2028,20.280249794,181.472000000,100,1410,1215,46,0
2029,20.290249903,181.472000000,100,1410,1215,46,0
2030,20.300248780,181.472000000,100,1410,1215,46,0
2031,20.310248738,181.472000000,100,1410,1215,46,0
2032,20.320248977,181.472000000,100,1410,1215,46,0
2033,20.330253595,181.480000000,100,1410,1215,46,0
2034,20.340250067,181.480000000,100,1410,1215,46,0
2035,20.350248563,181.480000000,100,1410,1215,46,0
2036,20.360248561,181.480000000,100,1410,1215,46,0
2037,20.370247378,181.480000000,100,1410,1215,46,0
2038,20.380248689,181.480000000,100,1410,1215,46,0
2039,20.390249559,181.480000000,100,1410,1215,46,0
2040,20.400248947,181.480000000,100,1410,1215,46,0
2041,20.410249867,181.480000000,100,1410,1215,46,0
2042,20.420248513,181.480000000,100,1410,1215,46,0
2043,20.430249313,181.229000000,100,1410,1215,46,0
2044,20.440248060,181.229000000,100,1410,1215,46,0
2045,20.450247708,181.229000000,100,1410,1215,46,0
2046,20.460247316,181.229000000,100,1410,1215,46,0
2047,20.470253015,181.229000000,100,1410,1215,46,0
2048,20.480249157,181.229000000,100,1410,1215,46,0
2049,20.490249586,181.229000000,100,1410,1215,46,0
2050,20.500247601,181.229000000,100,1410,1215,46,0
2051,20.510248030,181.229000000,100,1410,1215,46,0
2052,20.520247538,181.229000000,100,1410,1215,46,0
2053,20.530250072,181.477000000,100,1410,1215,47,0
2054,20.540248968,181.477000000,100,1410,1215,47,0
2055,20.550248576,181.477000000,100,1410,1215,47,0
2056,20.560250268,181.477000000,100,1410,1215,47,0
2057,20.570246900,181.477000000,100,1410,1215,47,0
2058,20.580246508,181.477000000,100,1410,1215,47,0
2059,20.590248831,181.477000000,100,1410,1215,47,0
2060,20.600248289,181.477000000,100,1410,1215,47,0
2061,20.610247867,181.477000000,100,1410,1215,47,0
2062,20.620249008,181.477000000,100,1410,1215,47,0
2063,20.630247554,181.319000000,100,1410,1215,46,0
2064,20.640248574,181.319000000,100,1410,1215,46,0
2065,20.650247341,181.319000000,100,1410,1215,46,0
2066,20.660248341,181.319000000,100,1410,1215,46,0
2067,20.670247809,181.319000000,100,1410,1215,46,0
2068,20.680248529,181.319000000,100,1410,1215,46,0
2069,20.690249419,181.319000000,100,1410,1215,46,0
2070,20.700248286,181.319000000,100,1410,1215,46,0
2071,20.710247954,181.319000000,100,1410,1215,46,0
2072,20.720248604,181.319000000,100,1410,1215,46,0
2073,20.730250787,181.325000000,100,1410,1215,46,0
2074,20.740249142,181.325000000,100,1410,1215,46,0
2075,20.750248991,181.325000000,100,1410,1215,46,0
2076,20.760247516,181.325000000,100,1410,1215,46,0
2077,20.770248397,181.325000000,100,1410,1215,46,0
2078,20.780247574,181.325000000,100,1410,1215,46,0
2079,20.790249226,181.325000000,100,1410,1215,46,0
2080,20.800248603,181.325000000,100,1410,1215,46,0
2081,20.810248872,181.325000000,100,1410,1215,46,0
2082,20.820247318,181.325000000,100,1410,1215,46,0
2083,20.830249501,181.568000000,100,1410,1215,47,0
2084,20.840248408,181.568000000,100,1410,1215,47,0
2085,20.850247635,181.568000000,100,1410,1215,47,0
2086,20.860248084,181.568000000,100,1410,1215,47,0
2087,20.870247502,181.568000000,100,1410,1215,47,0
2088,20.880249023,181.568000000,100,1410,1215,47,0
2089,20.890249192,181.568000000,100,1410,1215,47,0
2090,20.900249562,181.568000000,100,1410,1215,47,0
2091,20.910249460,181.568000000,100,1410,1215,47,0
2092,20.920249008,181.568000000,100,1410,1215,47,0
2093,20.930254176,181.472000000,100,1410,1215,47,0
2094,20.940248765,181.472000000,100,1410,1215,47,0
2095,20.950247351,181.472000000,100,1410,1215,47,0
2096,20.960248301,181.472000000,100,1410,1215,47,0
2097,20.970247940,181.472000000,100,1410,1215,47,0
2098,20.980247557,181.472000000,100,1410,1215,47,0
2099,20.990250442,181.472000000,100,1410,1215,47,0
2100,21.000248046,181.472000000,100,1410,1215,47,0
2101,21.010247694,181.472000000,100,1410,1215,47,0
2102,21.020252431,181.472000000,100,1410,1215,47,0
2103,21.030250757,181.216000000,100,1410,1215,47,0
2104,21.040248181,181.216000000,100,1410,1215,47,0
2105,21.050248891,181.216000000,100,1410,1215,47,0
2106,21.060248328,181.216000000,100,1410,1215,47,0
2107,21.070248187,181.216000000,100,1410,1215,47,0
2108,21.080248135,181.216000000,100,1410,1215,47,0
2109,21.090248785,181.216000000,100,1410,1215,47,0
2110,21.100249535,181.216000000,100,1410,1215,47,0
2111,21.110249414,181.216000000,100,1410,1215,47,0
2112,21.120249132,181.216000000,100,1410,1215,47,0
2113,21.130248690,181.376000000,100,1410,1215,47,0
2114,21.140249259,181.376000000,100,1410,1215,47,0
2115,21.150248086,181.376000000,100,1410,1215,47,0
2116,21.160248485,181.376000000,100,1410,1215,47,0
2117,21.170246921,181.376000000,100,1410,1215,47,0
2118,21.180248533,181.376000000,100,1410,1215,47,0
2119,21.190247910,181.376000000,100,1410,1215,47,0
2120,21.200248039,181.376000000,100,1410,1215,47,0
2121,21.210252045,181.376000000,100,1410,1215,47,0
2122,21.220248037,181.376000000,100,1410,1215,47,0
2123,21.230251953,181.423000000,100,1410,1215,47,0
2124,21.240249968,181.423000000,100,1410,1215,47,0
2125,21.250246840,181.423000000,100,1410,1215,47,0
2126,21.260247440,181.423000000,100,1410,1215,47,0
2127,21.270247329,181.423000000,100,1410,1215,47,0
2128,21.280248119,181.423000000,100,1410,1215,47,0
2129,21.290249430,181.423000000,100,1410,1215,47,0
2130,21.300249138,181.423000000,100,1410,1215,47,0
2131,21.310248265,181.423000000,100,1410,1215,47,0
2132,21.320248544,181.423000000,100,1410,1215,47,0
2133,21.330253252,181.268000000,100,1410,1215,47,0
2134,21.340248982,181.268000000,100,1410,1215,47,0
2135,21.350248570,181.268000000,100,1410,1215,47,0
2136,21.360248439,181.268000000,100,1410,1215,47,0
2137,21.370248688,181.268000000,100,1410,1215,47,0
2138,21.380252053,181.268000000,100,1410,1215,47,0
2139,21.390248956,181.268000000,100,1410,1215,47,0
2140,21.400247692,181.268000000,100,1410,1215,47,0
2141,21.410248072,181.268000000,100,1410,1215,47,0
2142,21.420248812,181.268000000,100,1410,1215,47,0
2143,21.430249562,181.268000000,100,1410,1215,47,0
2144,21.440254349,181.677000000,100,1410,1215,47,0
2145,21.450247846,181.677000000,100,1410,1215,47,0
2146,21.460247905,181.677000000,100,1410,1215,47,0
2147,21.470247062,181.677000000,100,1410,1215,47,0
2148,21.480248784,181.677000000,100,1410,1215,47,0
2149,21.490249193,181.677000000,100,1410,1215,47,0
2150,21.500248921,181.677000000,100,1410,1215,47,0
2151,21.510248259,181.677000000,100,1410,1215,47,0
2152,21.520251393,181.677000000,100,1410,1215,47,0
2153,21.530250891,181.230000000,100,1410,1215,47,0
2154,21.540251120,181.230000000,100,1410,1215,47,0
2155,21.550249676,181.230000000,100,1410,1215,47,0
2156,21.560248963,181.230000000,100,1410,1215,47,0
2157,21.570251867,181.230000000,100,1410,1215,47,0
2158,21.580246676,181.230000000,100,1410,1215,47,0
2159,21.590249701,181.230000000,100,1410,1215,47,0
2160,21.600248888,181.230000000,100,1410,1215,47,0
2161,21.610247845,181.230000000,100,1410,1215,47,0
2162,21.620244968,181.230000000,100,1410,1215,47,0
2163,21.630250297,181.179000000,100,1410,1215,47,0
2164,21.640250786,181.179000000,100,1410,1215,47,0
2165,21.650248080,181.179000000,100,1410,1215,47,0
2166,21.660245624,181.179000000,100,1410,1215,47,0
2167,21.670247436,181.179000000,100,1410,1215,47,0
2168,21.680249028,181.179000000,100,1410,1215,47,0
2169,21.690249127,181.179000000,100,1410,1215,47,0
2170,21.700245088,181.179000000,100,1410,1215,47,0
2171,21.710248843,181.179000000,100,1410,1215,47,0
2172,21.720249593,181.179000000,100,1410,1215,47,0
2173,21.730250925,181.568000000,100,1410,1215,47,0
2174,21.740250863,181.568000000,100,1410,1215,47,0
2175,21.750249038,181.568000000,100,1410,1215,47,0
2176,21.760250450,181.568000000,100,1410,1215,47,0
2177,21.770244988,181.568000000,100,1410,1215,47,0
2178,21.780272919,181.568000000,100,1410,1215,47,0
2179,21.790252780,181.568000000,100,1410,1215,47,0
2180,21.800248010,181.568000000,100,1410,1215,47,0
2181,21.810257897,181.568000000,100,1410,1215,47,0
2182,21.820247256,181.568000000,100,1410,1215,47,0
2183,21.830250330,181.422000000,100,1410,1215,47,0
2184,21.840248776,181.422000000,100,1410,1215,47,0
2185,21.850248895,181.422000000,100,1410,1215,47,0
2186,21.860247651,181.422000000,100,1410,1215,47,0
2187,21.870248361,181.422000000,100,1410,1215,47,0
2188,21.880248260,181.422000000,100,1410,1215,47,0
2189,21.890248890,181.422000000,100,1410,1215,47,0
2190,21.900247456,181.422000000,100,1410,1215,47,0
2191,21.910248687,181.422000000,100,1410,1215,47,0
2192,21.920247503,181.422000000,100,1410,1215,47,0
2193,21.930248714,181.325000000,100,1410,1215,47,0
2194,21.940248352,181.325000000,100,1410,1215,47,0
2195,21.950251637,181.325000000,100,1410,1215,47,0
2196,21.960248660,181.325000000,100,1410,1215,47,0
2197,21.970247577,181.325000000,100,1410,1215,47,0
2198,21.980248447,181.325000000,100,1410,1215,47,0
2199,21.990249247,181.325000000,100,1410,1215,47,0
2200,22.000248945,181.325000000,100,1410,1215,47,0
2201,22.010248523,181.325000000,100,1410,1215,47,0
2202,22.020253150,181.325000000,100,1410,1215,47,0
2203,22.030249392,181.229000000,100,1410,1215,47,0
2204,22.040249150,181.229000000,100,1410,1215,47,0
2205,22.050249229,181.229000000,100,1410,1215,47,0
2206,22.060248737,181.229000000,100,1410,1215,47,0
2207,22.070252833,181.229000000,100,1410,1215,47,0
2208,22.080249946,181.229000000,100,1410,1215,47,0
2209,22.090250356,181.229000000,100,1410,1215,47,0
2210,22.100248822,181.229000000,100,1410,1215,47,0
2211,22.110248660,181.229000000,100,1410,1215,47,0
2212,22.120248619,181.229000000,100,1410,1215,47,0
2213,22.130249549,181.326000000,100,1410,1215,47,0
2214,22.140249528,181.326000000,100,1410,1215,47,0
2215,22.150248635,181.326000000,100,1410,1215,47,0
2216,22.160249415,181.326000000,100,1410,1215,47,0
2217,22.170248532,181.326000000,100,1410,1215,47,0
2218,22.180252097,181.326000000,100,1410,1215,47,0
2219,22.190250012,181.326000000,100,1410,1215,47,0
2220,22.200249470,181.326000000,100,1410,1215,47,0
2221,22.210249118,181.326000000,100,1410,1215,47,0
2222,22.220249187,181.326000000,100,1410,1215,47,0
2223,22.230252481,181.665000000,100,1410,1215,47,0
2224,22.240253182,181.665000000,100,1410,1215,47,0
2225,22.250247560,181.665000000,100,1410,1215,47,0
2226,22.260248560,181.665000000,100,1410,1215,47,0
2227,22.270249781,181.665000000,100,1410,1215,47,0
2228,22.280248427,181.665000000,100,1410,1215,47,0
2229,22.290249037,181.665000000,100,1410,1215,47,0
2230,22.300248485,181.665000000,100,1410,1215,47,0
2231,22.310248884,181.665000000,100,1410,1215,47,0
2232,22.320248502,181.665000000,100,1410,1215,47,0
2233,22.330250735,181.596000000,100,1410,1215,47,0
2234,22.340253649,181.596000000,100,1410,1215,47,0
2235,22.350249520,181.596000000,100,1410,1215,47,0
2236,22.360248296,181.596000000,100,1410,1215,47,0
2237,22.370254477,181.596000000,100,1410,1215,47,0
2238,22.380251189,181.596000000,100,1410,1215,47,0
2239,22.390249144,181.596000000,100,1410,1215,47,0
2240,22.400294939,181.596000000,100,1410,1215,47,0
2241,22.410246446,181.596000000,100,1410,1215,47,0
2242,22.420249240,181.596000000,100,1410,1215,47,0
2243,22.430248768,181.325000000,100,1410,1215,47,0
2244,22.440249288,181.325000000,100,1410,1215,47,0
2245,22.450248024,181.325000000,100,1410,1215,47,0
2246,22.460249475,181.325000000,100,1410,1215,47,0
2247,22.470248041,181.325000000,100,1410,1215,47,0
2248,22.480247760,181.325000000,100,1410,1215,47,0
2249,22.490247929,181.325000000,100,1410,1215,47,0
2250,22.500248078,181.325000000,100,1410,1215,47,0
2251,22.510252645,181.325000000,100,1410,1215,47,0
2252,22.520248235,181.325000000,100,1410,1215,47,0
2253,22.530248835,181.414000000,100,1410,1215,47,0
2254,22.540249826,181.414000000,100,1410,1215,47,0
2255,22.550249113,181.414000000,100,1410,1215,47,0
2256,22.560247909,181.414000000,100,1410,1215,47,0
2257,22.570261093,181.414000000,100,1410,1215,47,0
2258,22.580247195,181.414000000,100,1410,1215,47,0
2259,22.590249438,181.414000000,100,1410,1215,47,0
2260,22.600247754,181.414000000,100,1410,1215,47,0
2261,22.610247682,181.414000000,100,1410,1215,47,0
2262,22.620247671,181.414000000,100,1410,1215,47,0
2263,22.630248191,181.666000000,100,1410,1215,47,0
2264,22.640247177,181.666000000,100,1410,1215,47,0
2265,22.650248338,181.666000000,100,1410,1215,47,0
2266,22.660252425,181.666000000,100,1410,1215,47,0
2267,22.670248847,181.666000000,100,1410,1215,47,0
2268,22.680247503,181.666000000,100,1410,1215,47,0
2269,22.690249255,181.666000000,100,1410,1215,47,0
2270,22.700252269,181.666000000,100,1410,1215,47,0
2271,22.710248100,181.666000000,100,1410,1215,47,0
2272,22.720249411,181.666000000,100,1410,1215,47,0
2273,22.730249269,181.518000000,100,1410,1215,47,0
2274,22.740252224,181.518000000,100,1410,1215,47,0
2275,22.750248836,181.518000000,100,1410,1215,47,0
2276,22.760248714,181.518000000,100,1410,1215,47,0
2277,22.770248132,181.518000000,100,1410,1215,47,0
2278,22.780248391,181.518000000,100,1410,1215,47,0
2279,22.790248600,181.518000000,100,1410,1215,47,0
2280,22.800248509,181.518000000,100,1410,1215,47,0
2281,22.810247586,181.518000000,100,1410,1215,47,0
2282,22.820249057,181.518000000,100,1410,1215,47,0
2283,22.830248074,181.523000000,100,1410,1215,47,0
2284,22.840248303,181.523000000,100,1410,1215,47,0
2285,22.850247170,181.523000000,100,1410,1215,47,0
2286,22.860248040,181.523000000,100,1410,1215,47,0
2287,22.870252908,181.523000000,100,1410,1215,47,0
2288,22.880248188,181.523000000,100,1410,1215,47,0
2289,22.890248848,181.523000000,100,1410,1215,47,0
2290,22.900248265,181.523000000,100,1410,1215,47,0
2291,22.910248264,181.523000000,100,1410,1215,47,0
2292,22.920251659,181.523000000,100,1410,1215,47,0
2293,22.930248461,181.471000000,100,1410,1215,47,0
2294,22.940247528,181.471000000,100,1410,1215,47,0
2295,22.950248068,181.471000000,100,1410,1215,47,0
2296,22.960248468,181.471000000,100,1410,1215,47,0
2297,22.970247985,181.471000000,100,1410,1215,47,0
2298,22.980247954,181.471000000,100,1410,1215,47,0
2299,22.990248443,181.471000000,100,1410,1215,47,0
2300,23.000248492,181.471000000,100,1410,1215,47,0
2301,23.010248120,181.471000000,100,1410,1215,47,0
2302,23.020247678,181.471000000,100,1410,1215,47,0
2303,23.030249781,181.269000000,100,1410,1215,47,0
2304,23.040249088,181.269000000,100,1410,1215,47,0
2305,23.050295494,181.269000000,100,1410,1215,47,0
2306,23.060248244,181.269000000,100,1410,1215,47,0
2307,23.070248253,181.269000000,100,1410,1215,47,0
2308,23.080253611,181.269000000,100,1410,1215,47,0
2309,23.090249542,181.269000000,100,1410,1215,47,0
2310,23.100251475,181.269000000,100,1410,1215,47,0
2311,23.110248638,181.269000000,100,1410,1215,47,0
2312,23.120248316,181.269000000,100,1410,1215,47,0
2313,23.130249457,181.365000000,100,1410,1215,47,0
2314,23.140248333,181.365000000,100,1410,1215,47,0
2315,23.150251368,181.365000000,100,1410,1215,47,0
2316,23.160248541,181.365000000,100,1410,1215,47,0
2317,23.170249191,181.365000000,100,1410,1215,47,0
2318,23.180252827,181.365000000,100,1410,1215,47,0
2319,23.190249068,181.365000000,100,1410,1215,47,0
2320,23.200248656,181.365000000,100,1410,1215,47,0
2321,23.210253083,181.365000000,100,1410,1215,47,0
2322,23.220249034,181.365000000,100,1410,1215,47,0
2323,23.230249784,181.512000000,100,1410,1215,47,0
2324,23.240249132,181.512000000,100,1410,1215,47,0
2325,23.250248509,181.512000000,100,1410,1215,47,0
2326,23.260248518,181.512000000,100,1410,1215,47,0
2327,23.270249298,181.512000000,100,1410,1215,47,0
2328,23.280250289,181.512000000,100,1410,1215,47,0
2329,23.290249937,181.512000000,100,1410,1215,47,0
2330,23.300253973,181.512000000,100,1410,1215,47,0
2331,23.310247910,181.512000000,100,1410,1215,47,0
2332,23.320248370,181.512000000,100,1410,1215,47,0
2333,23.330253759,181.568000000,100,1410,1215,47,0
2334,23.340249199,181.568000000,100,1410,1215,47,0
2335,23.350248105,181.568000000,100,1410,1215,47,0
2336,23.360248335,181.568000000,100,1410,1215,47,0
2337,23.370248453,181.568000000,100,1410,1215,47,0
2338,23.380252951,181.568000000,100,1410,1215,47,0
2339,23.390249513,181.568000000,100,1410,1215,47,0
2340,23.400253158,181.568000000,100,1410,1215,47,0
2341,23.410248418,181.568000000,100,1410,1215,47,0
2342,23.420248507,181.568000000,100,1410,1215,47,0
2343,23.430249748,181.319000000,100,1410,1215,47,0
2344,23.440248785,181.319000000,100,1410,1215,47,0
2345,23.450248793,181.319000000,100,1410,1215,47,0
2346,23.460250545,181.319000000,100,1410,1215,47,0
2347,23.470248480,181.319000000,100,1410,1215,47,0
2348,23.480247477,181.319000000,100,1410,1215,47,0
2349,23.490249580,181.319000000,100,1410,1215,47,0
2350,23.500247855,181.319000000,100,1410,1215,47,0
2351,23.510248645,181.319000000,100,1410,1215,47,0
2352,23.520247321,181.319000000,100,1410,1215,47,0
2353,23.530249234,181.519000000,100,1410,1215,47,0
2354,23.540247659,181.519000000,100,1410,1215,47,0
2355,23.550248750,181.519000000,100,1410,1215,47,0
2356,23.560247496,181.519000000,100,1410,1215,47,0
2357,23.570247946,181.519000000,100,1410,1215,47,0
2358,23.580247414,181.519000000,100,1410,1215,47,0
2359,23.590248124,181.519000000,100,1410,1215,47,0
2360,23.600248603,181.519000000,100,1410,1215,47,0
2361,23.610270403,181.519000000,100,1410,1215,47,0
2362,23.620251446,181.519000000,100,1410,1215,47,0
2363,23.630258518,181.518000000,100,1410,1215,47,0
2364,23.640247025,181.518000000,100,1410,1215,47,0
2365,23.650248767,181.518000000,100,1410,1215,47,0
2366,23.660248816,181.518000000,100,1410,1215,47,0
2367,23.670248243,181.518000000,100,1410,1215,47,0
2368,23.680248573,181.518000000,100,1410,1215,47,0
2369,23.690249032,181.518000000,100,1410,1215,47,0
2370,23.700248029,181.518000000,100,1410,1215,47,0
2371,23.710248729,181.518000000,100,1410,1215,47,0
2372,23.720252896,181.518000000,100,1410,1215,47,0
2373,23.730249428,181.773000000,100,1410,1215,47,0
2374,23.740249146,181.773000000,100,1410,1215,47,0
2375,23.750268731,181.773000000,100,1410,1215,47,0
2376,23.760249524,181.773000000,100,1410,1215,47,0
2377,23.770254051,181.773000000,100,1410,1215,47,0
2378,23.780248409,181.773000000,100,1410,1215,47,0
2379,23.790248799,181.773000000,100,1410,1215,47,0
2380,23.800247986,181.773000000,100,1410,1215,47,0
2381,23.810248946,181.773000000,100,1410,1215,47,0
2382,23.820248143,181.773000000,100,1410,1215,47,0
2383,23.830248463,181.773000000,100,1410,1215,47,0
2384,23.840248000,181.773000000,100,1410,1215,47,0
2385,23.850246817,181.773000000,100,1410,1215,47,0
2386,23.860247477,181.773000000,100,1410,1215,47,0
2387,23.870248077,181.773000000,100,1410,1215,47,0
2388,23.880248185,181.773000000,100,1410,1215,47,0
2389,23.890247964,181.773000000,100,1410,1215,47,0
2390,23.900247431,181.773000000,100,1410,1215,47,0
2391,23.910247170,181.773000000,100,1410,1215,47,0
2392,23.920248210,181.773000000,100,1410,1215,47,0
2393,23.946239006,181.269000000,100,1410,1215,47,0
2394,23.946243204,181.269000000,100,1410,1215,47,0
2395,23.950249870,181.269000000,100,1410,1215,47,0
2396,23.960248586,181.269000000,100,1410,1215,47,0
2397,23.970247943,181.269000000,100,1410,1215,47,0
2398,23.980248082,181.269000000,100,1410,1215,47,0
2399,23.990248281,181.269000000,100,1410,1215,47,0
2400,24.000247418,181.269000000,100,1410,1215,47,0
2401,24.010248820,181.269000000,100,1410,1215,47,0
2402,24.020247466,181.269000000,100,1410,1215,47,0
2403,24.030250460,181.365000000,100,1410,1215,47,0
2404,24.040247834,181.365000000,100,1410,1215,47,0
2405,24.050249165,181.365000000,100,1410,1215,47,0
2406,24.060247991,181.365000000,100,1410,1215,47,0
2407,24.070249262,181.365000000,100,1410,1215,47,0
2408,24.080249401,181.365000000,100,1410,1215,47,0
2409,24.090249210,181.365000000,100,1410,1215,47,0
2410,24.100247756,181.365000000,100,1410,1215,47,0
2411,24.110248406,181.365000000,100,1410,1215,47,0
2412,24.120247773,181.365000000,100,1410,1215,47,0
2413,24.130249064,181.664000000,100,1410,1215,47,0
2414,24.140249093,181.664000000,100,1410,1215,47,0
2415,24.150247509,181.664000000,100,1410,1215,47,0
2416,24.160247387,181.664000000,100,1410,1215,47,0
2417,24.170247746,181.664000000,100,1410,1215,47,0
2418,24.180248757,181.664000000,100,1410,1215,47,0
2419,24.190248475,181.664000000,100,1410,1215,47,0
2420,24.200248263,181.664000000,100,1410,1215,47,0
2421,24.210248853,181.664000000,100,1410,1215,47,0
2422,24.220248992,181.664000000,100,1410,1215,47,0
2423,24.230249662,181.518000000,100,1410,1215,47,0
2424,24.240248629,181.518000000,100,1410,1215,47,0
2425,24.250248597,181.518000000,100,1410,1215,47,0
2426,24.260248135,181.518000000,100,1410,1215,47,0
2427,24.270249306,181.518000000,100,1410,1215,47,0
2428,24.280248333,181.518000000,100,1410,1215,47,0
2429,24.290249213,181.518000000,100,1410,1215,47,0
2430,24.300247719,181.518000000,100,1410,1215,47,0
2431,24.310248529,181.518000000,100,1410,1215,47,0
2432,24.320252886,181.518000000,100,1410,1215,47,0
2433,24.330249579,181.325000000,100,1410,1215,47,0
2434,24.340248245,181.325000000,100,1410,1215,47,0
2435,24.350249075,181.325000000,100,1410,1215,47,0
2436,24.360248924,181.325000000,100,1410,1215,47,0
2437,24.370249062,181.325000000,100,1410,1215,47,0
2438,24.380249813,181.325000000,100,1410,1215,47,0
2439,24.390253188,181.325000000,100,1410,1215,47,0
2440,24.400248938,181.325000000,100,1410,1215,47,0
2441,24.410249027,181.325000000,100,1410,1215,47,0
2442,24.420249266,181.325000000,100,1410,1215,47,0
2443,24.430253733,181.421000000,100,1410,1215,47,0
2444,24.440248773,181.421000000,100,1410,1215,47,0
2445,24.450248962,181.421000000,100,1410,1215,47,0
2446,24.460248490,181.421000000,100,1410,1215,47,0
2447,24.470252686,181.421000000,100,1410,1215,47,0
2448,24.480249078,181.421000000,100,1410,1215,47,0
2449,24.490249237,181.421000000,100,1410,1215,47,0
2450,24.500248534,181.421000000,100,1410,1215,47,0
2451,24.510248793,181.421000000,100,1410,1215,47,0
2452,24.520248412,181.421000000,100,1410,1215,47,0
2453,24.530249532,181.576000000,100,1410,1215,47,0
2454,24.540248920,181.576000000,100,1410,1215,47,0
2455,24.550250111,181.576000000,100,1410,1215,47,0
2456,24.560253155,181.576000000,100,1410,1215,47,0
2457,24.570249076,181.576000000,100,1410,1215,47,0
2458,24.580248393,181.576000000,100,1410,1215,47,0
2459,24.590253001,181.576000000,100,1410,1215,47,0
2460,24.600247940,181.576000000,100,1410,1215,47,0
2461,24.610248760,181.576000000,100,1410,1215,47,0
2462,24.620248959,181.576000000,100,1410,1215,47,0
2463,24.630253306,181.422000000,100,1410,1215,47,0
2464,24.640250560,181.422000000,100,1410,1215,47,0
2465,24.650249015,181.422000000,100,1410,1215,47,0
2466,24.660247792,181.422000000,100,1410,1215,47,0
2467,24.670248051,181.422000000,100,1410,1215,47,0
2468,24.680248821,181.422000000,100,1410,1215,47,0
2469,24.690249842,181.422000000,100,1410,1215,47,0
2470,24.700248989,181.422000000,100,1410,1215,47,0
2471,24.710253125,181.422000000,100,1410,1215,47,0
2472,24.720249016,181.422000000,100,1410,1215,47,0
2473,24.730249877,181.511000000,100,1410,1215,47,0
2474,24.740250306,181.511000000,100,1410,1215,47,0
2475,24.750249293,181.511000000,100,1410,1215,47,0
2476,24.760249311,181.511000000,100,1410,1215,47,0
2477,24.770252556,181.511000000,100,1410,1215,47,0
2478,24.780249700,181.511000000,100,1410,1215,47,0
2479,24.790249318,181.511000000,100,1410,1215,47,0
2480,24.800249406,181.511000000,100,1410,1215,47,0
2481,24.810248884,181.511000000,100,1410,1215,47,0
2482,24.820248753,181.511000000,100,1410,1215,47,0
2483,24.830250595,181.665000000,100,1410,1215,47,0
2484,24.840249762,181.665000000,100,1410,1215,47,0
2485,24.850248719,181.665000000,100,1410,1215,47,0
2486,24.860249378,181.665000000,100,1410,1215,47,0
2487,24.870252713,181.665000000,100,1410,1215,47,0
2488,24.880253784,181.665000000,100,1410,1215,47,0
2489,24.890249595,181.665000000,100,1410,1215,47,0
2490,24.900247189,181.665000000,100,1410,1215,47,0
2491,24.910248751,181.665000000,100,1410,1215,47,0
2492,24.920252887,181.665000000,100,1410,1215,47,0
2493,24.930250321,181.511000000,100,1410,1215,47,0
2494,24.940249779,181.511000000,100,1410,1215,47,0
2495,24.950249326,181.511000000,100,1410,1215,47,0
2496,24.960249636,181.511000000,100,1410,1215,47,0
2497,24.970253081,181.511000000,100,1410,1215,47,0
2498,24.980248771,181.511000000,100,1410,1215,47,0
2499,24.990249431,181.511000000,100,1410,1215,47,0
2500,25.000248007,181.511000000,100,1410,1215,47,0
2501,25.010248457,181.511000000,100,1410,1215,47,0
2502,25.020248546,181.511000000,100,1410,1215,47,0
2503,25.030249476,181.511000000,100,1410,1215,47,0
2504,25.040253402,181.710000000,100,1410,1215,47,0
2505,25.050249974,181.710000000,100,1410,1215,47,0
2506,25.060248520,181.710000000,100,1410,1215,47,0
2507,25.070248409,181.710000000,100,1410,1215,47,0
2508,25.080249419,181.710000000,100,1410,1215,47,0
2509,25.090248697,181.710000000,100,1410,1215,47,0
2510,25.100248475,181.710000000,100,1410,1215,47,0
2511,25.110248434,181.710000000,100,1410,1215,47,0
2512,25.120248422,181.710000000,100,1410,1215,47,0
2513,25.130253491,181.513000000,100,1410,1215,47,0
2514,25.140249341,181.513000000,100,1410,1215,47,0
2515,25.150248919,181.513000000,100,1410,1215,47,0
2516,25.160247195,181.513000000,100,1410,1215,47,0
2517,25.170252684,181.513000000,100,1410,1215,47,0
2518,25.180251931,181.513000000,100,1410,1215,47,0
2519,25.190248954,181.513000000,100,1410,1215,47,0
2520,25.200247089,181.513000000,100,1410,1215,47,0
2521,25.210249032,181.513000000,100,1410,1215,47,0
2522,25.220248489,181.513000000,100,1410,1215,47,0
2523,25.230248799,181.568000000,100,1410,1215,47,0
2524,25.240248677,181.568000000,100,1410,1215,47,0
2525,25.250252914,181.568000000,100,1410,1215,47,0
2526,25.260247763,181.568000000,100,1410,1215,47,0
2527,25.270247741,181.568000000,100,1410,1215,47,0
2528,25.280248411,181.568000000,100,1410,1215,47,0
2529,25.290248630,181.568000000,100,1410,1215,47,0
2530,25.300247617,181.568000000,100,1410,1215,47,0
2531,25.310248287,181.568000000,100,1410,1215,47,0
2532,25.320247965,181.568000000,100,1410,1215,47,0
2533,25.330253474,181.762000000,100,1410,1215,47,0
2534,25.340249024,181.762000000,100,1410,1215,47,0
2535,25.350247921,181.762000000,100,1410,1215,47,0
2536,25.360248521,181.762000000,100,1410,1215,47,0
2537,25.370249121,181.762000000,100,1410,1215,47,0
2538,25.380248628,181.762000000,100,1410,1215,47,0
2539,25.390248938,181.762000000,100,1410,1215,47,0
2540,25.400249247,181.762000000,100,1410,1215,47,0
2541,25.410247783,181.762000000,100,1410,1215,47,0
2542,25.420247681,181.762000000,100,1410,1215,47,0
2543,25.430249283,181.421000000,100,1410,1215,47,0
2544,25.440248971,181.421000000,100,1410,1215,47,0
2545,25.450248389,181.421000000,100,1410,1215,47,0
2546,25.460248067,181.421000000,100,1410,1215,47,0
2547,25.470248576,181.421000000,100,1410,1215,47,0
2548,25.480252813,181.421000000,100,1410,1215,47,0
2549,25.490248874,181.421000000,100,1410,1215,47,0
2550,25.500247891,181.421000000,100,1410,1215,47,0
2551,25.510249032,181.421000000,100,1410,1215,47,0
2552,25.520248239,181.421000000,100,1410,1215,47,0
2553,25.530249230,181.312000000,100,1410,1215,47,0
2554,25.540248297,181.312000000,100,1410,1215,47,0
2555,25.550248796,181.312000000,100,1410,1215,47,0
2556,25.560247953,181.312000000,100,1410,1215,47,0
2557,25.570249545,181.312000000,100,1410,1215,47,0
2558,25.580248141,181.312000000,100,1410,1215,47,0
2559,25.590248420,181.312000000,100,1410,1215,47,0
2560,25.600248950,181.312000000,100,1410,1215,47,0
2561,25.610248638,181.312000000,100,1410,1215,47,0
2562,25.620247765,181.312000000,100,1410,1215,47,0
2563,25.630249577,181.517000000,100,1410,1215,47,0
2564,25.640252812,181.517000000,100,1410,1215,47,0
2565,25.650248983,181.517000000,100,1410,1215,47,0
2566,25.660248692,181.517000000,100,1410,1215,47,0
2567,25.670247839,181.517000000,100,1410,1215,47,0
2568,25.680247797,181.517000000,100,1410,1215,47,0
2569,25.690249279,181.517000000,100,1410,1215,47,0
2570,25.700247704,181.517000000,100,1410,1215,47,0
2571,25.710248755,181.517000000,100,1410,1215,47,0
2572,25.720248894,181.517000000,100,1410,1215,47,0
2573,25.730249434,181.463000000,100,1410,1215,47,0
2574,25.740248952,181.463000000,100,1410,1215,47,0
2575,25.750247968,181.463000000,100,1410,1215,47,0
2576,25.760248167,181.463000000,100,1410,1215,47,0
2577,25.770253336,181.463000000,100,1410,1215,47,0
2578,25.780249517,181.463000000,100,1410,1215,47,0
2579,25.790248654,181.463000000,100,1410,1215,47,0
2580,25.800248382,181.463000000,100,1410,1215,47,0
2581,25.810247139,181.463000000,100,1410,1215,47,0
2582,25.820247769,181.463000000,100,1410,1215,47,0
2583,25.830248960,181.518000000,100,1410,1215,47,0
2584,25.840247896,181.518000000,100,1410,1215,47,0
2585,25.850248075,181.518000000,100,1410,1215,47,0
2586,25.860247543,181.518000000,100,1410,1215,47,0
2587,25.870247872,181.518000000,100,1410,1215,47,0
2588,25.880247851,181.518000000,100,1410,1215,47,0
2589,25.890248140,181.518000000,100,1410,1215,47,0
2590,25.900248289,181.518000000,100,1410,1215,47,0
2591,25.910248107,181.518000000,100,1410,1215,47,0
2592,25.920251883,181.518000000,100,1410,1215,47,0
2593,25.930252994,181.664000000,100,1410,1215,47,0
2594,25.940248644,181.664000000,100,1410,1215,47,0
2595,25.950248543,181.664000000,100,1410,1215,47,0
2596,25.960248001,181.664000000,100,1410,1215,47,0
2597,25.970250624,181.664000000,100,1410,1215,47,0
2598,25.980248198,181.664000000,100,1410,1215,47,0
2599,25.990247636,181.664000000,100,1410,1215,47,0
2600,26.000251913,181.664000000,100,1410,1215,47,0
2601,26.010248525,181.664000000,100,1410,1215,47,0
2602,26.020247351,181.664000000,100,1410,1215,47,0
2603,26.030248833,181.609000000,100,1410,1215,47,0
2604,26.040246958,181.609000000,100,1410,1215,47,0
2605,26.050248009,181.609000000,100,1410,1215,47,0
2606,26.060247757,181.609000000,100,1410,1215,47,0
2607,26.070247906,181.609000000,100,1410,1215,47,0
2608,26.080248155,181.609000000,100,1410,1215,47,0
2609,26.090247132,181.609000000,100,1410,1215,47,0
2610,26.100248122,181.609000000,100,1410,1215,47,0
2611,26.110437546,181.609000000,100,1410,1215,47,0
2612,26.120248450,181.609000000,100,1410,1215,47,0
2613,26.130247908,181.519000000,100,1410,1215,47,0
2614,26.140249229,181.519000000,100,1410,1215,47,0
2615,26.150247324,181.519000000,100,1410,1215,47,0
2616,26.160247974,181.519000000,100,1410,1215,47,0
2617,26.170247532,181.519000000,100,1410,1215,47,0
2618,26.180247240,181.519000000,100,1410,1215,47,0
2619,26.190248331,181.519000000,100,1410,1215,47,0
2620,26.200247708,181.519000000,100,1410,1215,47,0
2621,26.210248599,181.519000000,100,1410,1215,47,0
2622,26.220247946,181.519000000,100,1410,1215,47,0
2623,26.230248225,181.608000000,100,1410,1215,47,0
2624,26.240247593,181.608000000,100,1410,1215,47,0
2625,26.250248593,181.608000000,100,1410,1215,47,0
2626,26.260247871,181.608000000,100,1410,1215,47,0
2627,26.270252608,181.608000000,100,1410,1215,47,0
2628,26.280247818,181.608000000,100,1410,1215,47,0
2629,26.290248979,181.608000000,100,1410,1215,47,0
2630,26.300248456,181.608000000,100,1410,1215,47,0
2631,26.310249147,181.608000000,100,1410,1215,47,0
2632,26.320248003,181.608000000,100,1410,1215,47,0
2633,26.330248533,181.858000000,100,1410,1215,47,0
2634,26.340248682,181.858000000,100,1410,1215,47,0
2635,26.350247899,181.858000000,100,1410,1215,47,0
2636,26.360252877,181.858000000,100,1410,1215,47,0
2637,26.370248167,181.858000000,100,1410,1215,47,0
2638,26.380248175,181.858000000,100,1410,1215,47,0
2639,26.390252683,181.858000000,100,1410,1215,47,0
2640,26.400247692,181.858000000,100,1410,1215,47,0
2641,26.410247630,181.858000000,100,1410,1215,47,0
2642,26.420248982,181.858000000,100,1410,1215,47,0
2643,26.430248970,181.715000000,100,1410,1215,47,0
2644,26.440247216,181.715000000,100,1410,1215,47,0
2645,26.450248447,181.715000000,100,1410,1215,47,0
2646,26.460252323,181.715000000,100,1410,1215,47,0
2647,26.470248564,181.715000000,100,1410,1215,47,0
2648,26.480247942,181.715000000,100,1410,1215,47,0
2649,26.490248361,181.715000000,100,1410,1215,47,0
2650,26.500252608,181.715000000,100,1410,1215,47,0
2651,26.510248258,181.715000000,100,1410,1215,47,0
2652,26.520248738,181.715000000,100,1410,1215,47,0
2653,26.530249208,181.607000000,100,1410,1215,47,0
2654,26.540248886,181.607000000,100,1410,1215,47,0
2655,26.550248864,181.607000000,100,1410,1215,47,0
2656,26.560253943,181.607000000,100,1410,1215,47,0
2657,26.570307141,181.607000000,100,1410,1215,47,0
2658,26.580246095,181.607000000,100,1410,1215,47,0
2659,26.590433906,181.607000000,100,1410,1215,47,0
2660,26.600247916,181.607000000,100,1410,1215,47,0
2661,26.610248195,181.607000000,100,1410,1215,47,0
2662,26.620247933,181.607000000,100,1410,1215,47,0
2663,26.630248072,181.421000000,100,1410,1215,47,0
2664,26.640248081,181.421000000,100,1410,1215,47,0
2665,26.650247759,181.421000000,100,1410,1215,47,0
2666,26.660247698,181.421000000,100,1410,1215,47,0
2667,26.670247616,181.421000000,100,1410,1215,47,0
2668,26.680248456,181.421000000,100,1410,1215,47,0
2669,26.690251982,181.421000000,100,1410,1215,47,0
2670,26.700249155,181.421000000,100,1410,1215,47,0
2671,26.710248623,181.421000000,100,1410,1215,47,0
2672,26.720248170,181.421000000,100,1410,1215,47,0
2673,26.730249321,181.551000000,100,1410,1215,47,0
2674,26.740249881,181.551000000,100,1410,1215,47,0
2675,26.750248287,181.551000000,100,1410,1215,47,0
2676,26.760247975,181.551000000,100,1410,1215,47,0
2677,26.770248074,181.551000000,100,1410,1215,47,0
2678,26.780252340,181.551000000,100,1410,1215,47,0
2679,26.790248572,181.551000000,100,1410,1215,47,0
2680,26.800248671,181.551000000,100,1410,1215,47,0
2681,26.810251335,181.551000000,100,1410,1215,47,0
2682,26.820247787,181.551000000,100,1410,1215,47,0
2683,26.830253296,181.761000000,100,1410,1215,47,0
2684,26.840248606,181.761000000,100,1410,1215,47,0
2685,26.850248434,181.761000000,100,1410,1215,47,0
2686,26.860248122,181.761000000,100,1410,1215,47,0
2687,26.870248942,181.761000000,100,1410,1215,47,0
2688,26.880249031,181.761000000,100,1410,1215,47,0
2689,26.890248198,181.761000000,100,1410,1215,47,0
2690,26.900248187,181.761000000,100,1410,1215,47,0
2691,26.910247144,181.761000000,100,1410,1215,47,0
2692,26.920248405,181.761000000,100,1410,1215,47,0
2693,26.930248423,181.460000000,100,1410,1215,47,0
2694,26.940248853,181.460000000,100,1410,1215,47,0
2695,26.950247609,181.460000000,100,1410,1215,47,0
2696,26.960248009,181.460000000,100,1410,1215,47,0
2697,26.970252185,181.460000000,100,1410,1215,47,0
2698,26.980247826,181.460000000,100,1410,1215,47,0
2699,26.990248405,181.460000000,100,1410,1215,47,0
2700,27.000248564,181.460000000,100,1410,1215,47,0
2701,27.010248092,181.460000000,100,1410,1215,47,0
2702,27.020249053,181.460000000,100,1410,1215,47,0
2703,27.030248460,181.408000000,100,1410,1215,47,0
2704,27.040252186,181.408000000,100,1410,1215,47,0
2705,27.050248167,181.408000000,100,1410,1215,47,0
2706,27.060249308,181.408000000,100,1410,1215,47,0
2707,27.070251000,181.408000000,100,1410,1215,47,0
2708,27.080248594,181.408000000,100,1410,1215,47,0
2709,27.090247551,181.408000000,100,1410,1215,47,0
2710,27.100249022,181.408000000,100,1410,1215,47,0
2711,27.110248309,181.408000000,100,1410,1215,47,0
2712,27.120247807,181.408000000,100,1410,1215,47,0
2713,27.130249429,181.614000000,100,1410,1215,47,0
2714,27.140249097,181.614000000,100,1410,1215,47,0
2715,27.150248284,181.614000000,100,1410,1215,47,0
2716,27.160248323,181.614000000,100,1410,1215,47,0
2717,27.170247811,181.614000000,100,1410,1215,47,0
2718,27.180249312,181.614000000,100,1410,1215,47,0
2719,27.190248860,181.614000000,100,1410,1215,47,0
2720,27.200248919,181.614000000,100,1410,1215,47,0
2721,27.210248507,181.614000000,100,1410,1215,47,0
2722,27.220252593,181.614000000,100,1410,1215,47,0
2723,27.230249566,181.615000000,100,1410,1215,47,0
2724,27.240248172,181.615000000,100,1410,1215,47,0
2725,27.250252489,181.615000000,100,1410,1215,47,0
2726,27.260248310,181.615000000,100,1410,1215,47,0
2727,27.270247587,181.615000000,100,1410,1215,47,0
2728,27.280247796,181.615000000,100,1410,1215,47,0
2729,27.290247975,181.615000000,100,1410,1215,47,0
2730,27.300247964,181.615000000,100,1410,1215,47,0
2731,27.310247902,181.615000000,100,1410,1215,47,0
2732,27.320248292,181.615000000,100,1410,1215,47,0
2733,27.330252999,181.614000000,100,1410,1215,47,0
2734,27.340249822,181.614000000,100,1410,1215,47,0
2735,27.350247997,181.614000000,100,1410,1215,47,0
2736,27.360248146,181.614000000,100,1410,1215,47,0
2737,27.370248245,181.614000000,100,1410,1215,47,0
2738,27.380248184,181.614000000,100,1410,1215,47,0
2739,27.390248072,181.614000000,100,1410,1215,47,0
2740,27.400247730,181.614000000,100,1410,1215,47,0
2741,27.410248310,181.614000000,100,1410,1215,47,0
2742,27.420247948,181.614000000,100,1410,1215,47,0
2743,27.430249119,181.773000000,100,1410,1215,47,0
2744,27.440248366,181.773000000,100,1410,1215,47,0
2745,27.450252893,181.773000000,100,1410,1215,47,0
2746,27.460249035,181.773000000,100,1410,1215,47,0
2747,27.470253081,181.773000000,100,1410,1215,47,0
2748,27.480248491,181.773000000,100,1410,1215,47,0
2749,27.490248419,181.773000000,100,1410,1215,47,0
2750,27.500248578,181.773000000,100,1410,1215,47,0
2751,27.510248417,181.773000000,100,1410,1215,47,0
2752,27.520248235,181.773000000,100,1410,1215,47,0
2753,27.530248825,181.519000000,100,1410,1215,47,0
2754,27.540248874,181.519000000,100,1410,1215,47,0
2755,27.550249133,181.519000000,100,1410,1215,47,0
2756,27.560248691,181.519000000,100,1410,1215,47,0
2757,27.570248249,181.519000000,100,1410,1215,47,0
2758,27.580248407,181.519000000,100,1410,1215,47,0
2759,27.590248817,181.519000000,100,1410,1215,47,0
2760,27.600248826,181.519000000,100,1410,1215,47,0
2761,27.610248093,181.519000000,100,1410,1215,47,0
2762,27.620253111,181.519000000,100,1410,1215,47,0
2763,27.630249593,181.468000000,100,1410,1215,47,0
2764,27.640248009,181.468000000,100,1410,1215,47,0
2765,27.650248519,181.468000000,100,1410,1215,47,0
2766,27.660247796,181.468000000,100,1410,1215,47,0
2767,27.670249087,181.468000000,100,1410,1215,47,0
2768,27.680246921,181.468000000,100,1410,1215,47,0
2769,27.690246289,181.468000000,100,1410,1215,47,0
2770,27.700248642,181.468000000,100,1410,1215,47,0
2771,27.710248190,181.468000000,100,1410,1215,47,0
2772,27.720248559,181.468000000,100,1410,1215,47,0
2773,27.730248488,181.705000000,100,1410,1215,47,0
2774,27.740249348,181.705000000,100,1410,1215,47,0
2775,27.750253434,181.705000000,100,1410,1215,47,0
2776,27.760248123,181.705000000,100,1410,1215,47,0
2777,27.770248262,181.705000000,100,1410,1215,47,0
2778,27.780247620,181.705000000,100,1410,1215,47,0
2779,27.790246877,181.705000000,100,1410,1215,47,0
2780,27.800248328,181.705000000,100,1410,1215,47,0
2781,27.810247515,181.705000000,100,1410,1215,47,0
2782,27.820246693,181.705000000,100,1410,1215,47,0
2783,27.830249577,181.966000000,100,1410,1215,47,0
2784,27.840248523,181.966000000,100,1410,1215,47,0
2785,27.850247951,181.966000000,100,1410,1215,47,0
2786,27.860247058,181.966000000,100,1410,1215,47,0
2787,27.870247167,181.966000000,100,1410,1215,47,0
2788,27.880252065,181.966000000,100,1410,1215,47,0
2789,27.890248447,181.966000000,100,1410,1215,47,0
2790,27.900248696,181.966000000,100,1410,1215,47,0
2791,27.910247843,181.966000000,100,1410,1215,47,0
2792,27.920248773,181.966000000,100,1410,1215,47,0
2793,27.930253861,181.519000000,100,1410,1215,47,0
2794,27.940248220,181.519000000,100,1410,1215,47,0
2795,27.950247868,181.519000000,100,1410,1215,47,0
2796,27.960248648,181.519000000,100,1410,1215,47,0
2797,27.970252784,181.519000000,100,1410,1215,47,0
2798,27.980248325,181.519000000,100,1410,1215,47,0
2799,27.990247361,181.519000000,100,1410,1215,47,0
2800,28.000248352,181.519000000,100,1410,1215,47,0
2801,28.010248270,181.519000000,100,1410,1215,47,0
2802,28.020248039,181.519000000,100,1410,1215,47,0
2803,28.030249600,181.558000000,100,1410,1215,47,0
2804,28.040252424,181.558000000,100,1410,1215,47,0
2805,28.050248075,181.558000000,100,1410,1215,47,0
2806,28.060250408,181.558000000,100,1410,1215,47,0
2807,28.070248213,181.558000000,100,1410,1215,47,0
2808,28.080247770,181.558000000,100,1410,1215,47,0
2809,28.090248160,181.558000000,100,1410,1215,47,0
2810,28.100248249,181.558000000,100,1410,1215,47,0
2811,28.110247806,181.558000000,100,1410,1215,47,0
2812,28.120247174,181.558000000,100,1410,1215,47,0
2813,28.130248966,181.705000000,100,1410,1215,47,0
2814,28.140250187,181.705000000,100,1410,1215,47,0
2815,28.150248232,181.705000000,100,1410,1215,47,0
2816,28.160248591,181.705000000,100,1410,1215,47,0
2817,28.170247738,181.705000000,100,1410,1215,47,0
2818,28.180248899,181.705000000,100,1410,1215,47,0
2819,28.190248227,181.705000000,100,1410,1215,47,0
2820,28.200248436,181.705000000,100,1410,1215,47,0
2821,28.210247793,181.705000000,100,1410,1215,47,0
2822,28.220248213,181.705000000,100,1410,1215,47,0
2823,28.230248903,181.801000000,100,1410,1215,47,0
2824,28.240249142,181.801000000,100,1410,1215,47,0
2825,28.250252106,181.801000000,100,1410,1215,47,0
2826,28.260248157,181.801000000,100,1410,1215,47,0
2827,28.270248006,181.801000000,100,1410,1215,47,0
2828,28.280248445,181.801000000,100,1410,1215,47,0
2829,28.290252531,181.801000000,100,1410,1215,47,0
2830,28.300248212,181.801000000,100,1410,1215,47,0
2831,28.310248461,181.801000000,100,1410,1215,47,0
2832,28.320248530,181.801000000,100,1410,1215,47,0
2833,28.330248569,181.870000000,100,1410,1215,47,0
2834,28.340248988,181.870000000,100,1410,1215,47,0
2835,28.350249127,181.870000000,100,1410,1215,47,0
2836,28.360252392,181.870000000,100,1410,1215,47,0
2837,28.370248774,181.870000000,100,1410,1215,47,0
2838,28.380247891,181.870000000,100,1410,1215,47,0
2839,28.390248340,181.870000000,100,1410,1215,47,0
2840,28.400247918,181.870000000,100,1410,1215,47,0
2841,28.410248248,181.870000000,100,1410,1215,47,0
2842,28.420247575,181.870000000,100,1410,1215,47,0
2843,28.430253455,181.870000000,100,1410,1215,47,0
2844,28.440249266,181.767000000,100,1410,1215,47,0
2845,28.450248092,181.767000000,100,1410,1215,47,0
2846,28.460248371,181.767000000,100,1410,1215,47,0
2847,28.470248600,181.767000000,100,1410,1215,47,0
2848,28.480249441,181.767000000,100,1410,1215,47,0
2849,28.490253196,181.767000000,100,1410,1215,47,0
2850,28.500248757,181.767000000,100,1410,1215,47,0
2851,28.510248615,181.767000000,100,1410,1215,47,0
2852,28.520247882,181.767000000,100,1410,1215,47,0
2853,28.530249113,181.767000000,100,1410,1215,47,0
2854,28.540248902,181.518000000,100,1410,1215,47,0
2855,28.550248840,181.518000000,100,1410,1215,47,0
2856,28.560248338,181.518000000,100,1410,1215,47,0
2857,28.570248307,181.518000000,100,1410,1215,47,0
2858,28.580253465,181.518000000,100,1410,1215,47,0
2859,28.590248384,181.518000000,100,1410,1215,47,0
2860,28.600248373,181.518000000,100,1410,1215,47,0
2861,28.610248532,181.518000000,100,1410,1215,47,0
2862,28.620248450,181.518000000,100,1410,1215,47,0
2863,28.630248509,181.761000000,100,1410,1215,47,0
2864,28.640247626,181.761000000,100,1410,1215,47,0
2865,28.650248526,181.761000000,100,1410,1215,47,0
2866,28.660252763,181.761000000,100,1410,1215,47,0
2867,28.670248243,181.761000000,100,1410,1215,47,0
2868,28.680247711,181.761000000,100,1410,1215,47,0
2869,28.690248251,181.761000000,100,1410,1215,47,0
2870,28.700248600,181.761000000,100,1410,1215,47,0
2871,28.710416243,181.761000000,100,1410,1215,47,0
2872,28.720248848,181.761000000,100,1410,1215,47,0
2873,28.730249157,181.705000000,100,1410,1215,47,0
2874,28.740249667,181.705000000,100,1410,1215,47,0
2875,28.750247902,181.705000000,100,1410,1215,47,0
2876,28.760248762,181.705000000,100,1410,1215,47,0
2877,28.770248541,181.705000000,100,1410,1215,47,0
2878,28.780249451,181.705000000,100,1410,1215,47,0
2879,28.790252005,181.705000000,100,1410,1215,47,0
2880,28.800249088,181.705000000,100,1410,1215,47,0
2881,28.810247984,181.705000000,100,1410,1215,47,0
2882,28.820253243,181.705000000,100,1410,1215,47,0
2883,28.830249164,181.461000000,100,1410,1215,47,0
2884,28.840249573,181.461000000,100,1410,1215,47,0
2885,28.850248179,181.461000000,100,1410,1215,47,0
2886,28.860249230,181.461000000,100,1410,1215,47,0
2887,28.870253176,181.461000000,100,1410,1215,47,0
2888,28.880249097,181.461000000,100,1410,1215,47,0
2889,28.890248294,181.461000000,100,1410,1215,47,0
2890,28.900252781,181.461000000,100,1410,1215,47,0
2891,28.910248292,181.461000000,100,1410,1215,47,0
2892,28.920247709,181.461000000,100,1410,1215,47,0
2893,28.930248790,181.716000000,100,1410,1215,47,0
2894,28.940249079,181.716000000,100,1410,1215,47,0
2895,28.950252585,181.716000000,100,1410,1215,47,0
2896,28.960248656,181.716000000,100,1410,1215,47,0
2897,28.970247542,181.716000000,100,1410,1215,47,0
2898,28.980247792,181.716000000,100,1410,1215,47,0
2899,28.990248802,181.716000000,100,1410,1215,47,0
2900,29.000249081,181.716000000,100,1410,1215,47,0
2901,29.010247457,181.716000000,100,1410,1215,47,0
2902,29.020248147,181.716000000,100,1410,1215,47,0
2903,29.030248577,181.705000000,100,1410,1215,47,0
2904,29.040248124,181.705000000,100,1410,1215,47,0
2905,29.050248564,181.705000000,100,1410,1215,47,0
2906,29.060247410,181.705000000,100,1410,1215,47,0
2907,29.070249884,181.705000000,100,1410,1215,47,0
2908,29.080248279,181.705000000,100,1410,1215,47,0
2909,29.090247847,181.705000000,100,1410,1215,47,0
2910,29.100248377,181.705000000,100,1410,1215,47,0
2911,29.110248005,181.705000000,100,1410,1215,47,0
2912,29.120248514,181.705000000,100,1410,1215,47,0
2913,29.130249485,181.467000000,100,1410,1215,47,0
2914,29.140248502,181.467000000,100,1410,1215,47,0
2915,29.150248050,181.467000000,100,1410,1215,47,0
2916,29.160248609,181.467000000,100,1410,1215,47,0
2917,29.170248217,181.467000000,100,1410,1215,47,0
2918,29.180247675,181.467000000,100,1410,1215,47,0
2919,29.190251791,181.467000000,100,1410,1215,47,0
2920,29.200249275,181.467000000,100,1410,1215,47,0
2921,29.210252861,181.467000000,100,1410,1215,47,0
2922,29.220248551,181.467000000,100,1410,1215,47,0
2923,29.230248891,181.613000000,100,1410,1215,47,0
2924,29.240249731,181.613000000,100,1410,1215,47,0
2925,29.250252865,181.613000000,100,1410,1215,47,0
2926,29.260247614,181.613000000,100,1410,1215,47,0
2927,29.270248535,181.613000000,100,1410,1215,47,0
2928,29.280247912,181.613000000,100,1410,1215,47,0
2929,29.290248402,181.613000000,100,1410,1215,47,0
2930,29.300248300,181.613000000,100,1410,1215,47,0
2931,29.310248519,181.613000000,100,1410,1215,47,0
2932,29.320248328,181.613000000,100,1410,1215,47,0
2933,29.330249248,181.807000000,100,1410,1215,47,0
2934,29.340249648,181.807000000,100,1410,1215,47,0
2935,29.350248674,181.807000000,100,1410,1215,47,0
2936,29.360248473,181.807000000,100,1410,1215,47,0
2937,29.370248992,181.807000000,100,1410,1215,47,0
2938,29.380252267,181.807000000,100,1410,1215,47,0
2939,29.390248579,181.807000000,100,1410,1215,47,0
2940,29.400247796,181.807000000,100,1410,1215,47,0
2941,29.410246963,181.807000000,100,1410,1215,47,0
2942,29.420251631,181.807000000,100,1410,1215,47,0
2943,29.430249055,181.647000000,100,1410,1215,47,0
2944,29.440247490,181.647000000,100,1410,1215,47,0
2945,29.450247359,181.647000000,100,1410,1215,47,0
2946,29.460247909,181.647000000,100,1410,1215,47,0
2947,29.470247877,181.647000000,100,1410,1215,47,0
2948,29.480248286,181.647000000,100,1410,1215,47,0
2949,29.490248406,181.647000000,100,1410,1215,47,0
2950,29.500252782,181.647000000,100,1410,1215,47,0
2951,29.510252761,181.647000000,100,1410,1215,47,0
2952,29.520248331,181.647000000,100,1410,1215,47,0
2953,29.530253059,181.818000000,100,1410,1215,47,0
2954,29.540249441,181.818000000,100,1410,1215,47,0
2955,29.550247496,181.818000000,100,1410,1215,47,0
2956,29.560252083,181.818000000,100,1410,1215,47,0
2957,29.570265557,181.818000000,100,1410,1215,47,0
2958,29.580247943,181.818000000,100,1410,1215,47,0
2959,29.590249003,181.818000000,100,1410,1215,47,0
2960,29.600247890,181.818000000,100,1410,1215,47,0
2961,29.610247037,181.818000000,100,1410,1215,47,0
2962,29.620248719,181.818000000,100,1410,1215,47,0
2963,29.630248768,181.613000000,100,1410,1215,47,0
2964,29.640248586,181.613000000,100,1410,1215,47,0
2965,29.650248555,181.613000000,100,1410,1215,47,0
2966,29.660247702,181.613000000,100,1410,1215,47,0
2967,29.670248692,181.613000000,100,1410,1215,47,0
2968,29.680248210,181.613000000,100,1410,1215,47,0
2969,29.690248079,181.613000000,100,1410,1215,47,0
2970,29.700247666,181.613000000,100,1410,1215,47,0
2971,29.710247755,181.613000000,100,1410,1215,47,0
2972,29.720247924,181.613000000,100,1410,1215,47,0
2973,29.730248544,181.654000000,100,1410,1215,47,0
2974,29.740252340,181.654000000,100,1410,1215,47,0
2975,29.750248030,181.654000000,100,1410,1215,47,0
2976,29.760247608,181.654000000,100,1410,1215,47,0
2977,29.770248469,181.654000000,100,1410,1215,47,0
2978,29.780247105,181.654000000,100,1410,1215,47,0
2979,29.790247795,181.654000000,100,1410,1215,47,0
2980,29.800247743,181.654000000,100,1410,1215,47,0
2981,29.810247962,181.654000000,100,1410,1215,47,0
2982,29.820248412,181.654000000,100,1410,1215,47,0
2983,29.830249362,181.764000000,100,1410,1215,47,0
2984,29.840248660,181.764000000,100,1410,1215,47,0
2985,29.850248779,181.764000000,100,1410,1215,47,0
2986,29.860248146,181.764000000,100,1410,1215,47,0
2987,29.870247814,181.764000000,100,1410,1215,47,0
2988,29.880249516,181.764000000,100,1410,1215,47,0
2989,29.890248333,181.764000000,100,1410,1215,47,0
2990,29.900247730,181.764000000,100,1410,1215,47,0
2991,29.910250274,181.764000000,100,1410,1215,47,0
2992,29.920252506,181.764000000,100,1410,1215,47,0
2993,29.930248117,181.711000000,100,1410,1215,47,0
2994,29.940248847,181.711000000,100,1410,1215,47,0
2995,29.950247784,181.711000000,100,1410,1215,47,0
2996,29.960248984,181.711000000,100,1410,1215,47,0
2997,29.970247721,181.711000000,100,1410,1215,47,0
2998,29.980248331,181.711000000,100,1410,1215,47,0
2999,29.990248620,181.711000000,100,1410,1215,47,0
3000,30.000247587,181.711000000,100,1410,1215,47,0
3001,30.010247345,181.711000000,100,1410,1215,47,0
3002,30.020248476,181.711000000,100,1410,1215,47,0
3003,30.030248845,181.869000000,100,1410,1215,47,0
3004,30.040248293,181.869000000,100,1410,1215,47,0
3005,30.050248792,181.869000000,100,1410,1215,47,0
3006,30.060247779,181.869000000,100,1410,1215,47,0
3007,30.070253308,181.869000000,100,1410,1215,47,0
3008,30.080248899,181.869000000,100,1410,1215,47,0
3009,30.090248627,181.869000000,100,1410,1215,47,0
3010,30.100248275,181.869000000,100,1410,1215,47,0
3011,30.110248173,181.869000000,100,1410,1215,47,0
3012,30.120248002,181.869000000,100,1410,1215,47,0
3013,30.130249132,181.812000000,100,1410,1215,47,0
3014,30.140249722,181.812000000,100,1410,1215,47,0
3015,30.150247857,181.812000000,100,1410,1215,47,0
3016,30.160248247,181.812000000,100,1410,1215,47,0
3017,30.170248286,181.812000000,100,1410,1215,47,0
3018,30.180247924,181.812000000,100,1410,1215,47,0
3019,30.190247742,181.812000000,100,1410,1215,47,0
3020,30.200248783,181.812000000,100,1410,1215,47,0
3021,30.210247739,181.812000000,100,1410,1215,47,0
3022,30.220248109,181.812000000,100,1410,1215,47,0
3023,30.230248618,181.616000000,100,1410,1215,47,0
3024,30.240247876,181.616000000,100,1410,1215,47,0
3025,30.250248145,181.616000000,100,1410,1215,47,0
3026,30.260248604,181.616000000,100,1410,1215,47,0
3027,30.270251589,181.616000000,100,1410,1215,47,0
3028,30.280248231,181.616000000,100,1410,1215,47,0
3029,30.290248811,181.616000000,100,1410,1215,47,0
3030,30.300247637,181.616000000,100,1410,1215,47,0
3031,30.310247886,181.616000000,100,1410,1215,47,0
3032,30.320248186,181.616000000,100,1410,1215,47,0
3033,30.330249667,181.712000000,100,1410,1215,47,0
3034,30.340249075,181.712000000,100,1410,1215,47,0
3035,30.350253291,181.712000000,100,1410,1215,47,0
3036,30.360248471,181.712000000,100,1410,1215,47,0
3037,30.370253128,181.712000000,100,1410,1215,47,0
3038,30.380248057,181.712000000,100,1410,1215,47,0
3039,30.390248327,181.712000000,100,1410,1215,47,0
3040,30.400248546,181.712000000,100,1410,1215,47,0
3041,30.410248585,181.712000000,100,1410,1215,47,0
3042,30.420247631,181.712000000,100,1410,1215,47,0
3043,30.430249233,182.159000000,100,1410,1215,47,0
3044,30.440247859,182.159000000,100,1410,1215,47,0
3045,30.450248720,182.159000000,100,1410,1215,47,0
3046,30.460279376,182.159000000,100,1410,1215,47,0
3047,30.470248897,182.159000000,100,1410,1215,47,0
3048,30.480247974,182.159000000,100,1410,1215,47,0
3049,30.490248764,182.159000000,100,1410,1215,47,0
3050,30.500248763,182.159000000,100,1410,1215,47,0
3051,30.510253290,182.159000000,100,1410,1215,47,0
3052,30.520248149,182.159000000,100,1410,1215,47,0
3053,30.530248168,181.967000000,100,1410,1215,47,0
3054,30.540248888,181.967000000,100,1410,1215,47,0
3055,30.550248426,181.967000000,100,1410,1215,47,0
3056,30.560252362,181.967000000,100,1410,1215,47,0
3057,30.570249625,181.967000000,100,1410,1215,47,0
3058,30.580252700,181.967000000,100,1410,1215,47,0
3059,30.590247939,181.967000000,100,1410,1215,47,0
3060,30.600248790,181.967000000,100,1410,1215,47,0
3061,30.610249450,181.967000000,100,1410,1215,47,0
3062,30.620248086,181.967000000,100,1410,1215,47,0
3063,30.630248956,181.614000000,100,1410,1215,47,0
3064,30.640248183,181.614000000,100,1410,1215,47,0
3065,30.650248132,181.614000000,100,1410,1215,47,0
3066,30.660252439,181.614000000,100,1410,1215,47,0
3067,30.670248350,181.614000000,100,1410,1215,47,0
3068,30.680253198,181.614000000,100,1410,1215,47,0
3069,30.690248928,181.614000000,100,1410,1215,47,0
3070,30.700252624,181.614000000,100,1410,1215,47,0
3071,30.710249246,181.614000000,100,1410,1215,47,0
3072,30.720247912,181.614000000,100,1410,1215,47,0
3073,30.730249444,181.614000000,100,1410,1215,47,0
3074,30.740248861,181.614000000,100,1410,1215,47,0
3075,30.750252687,181.614000000,100,1410,1215,47,0
3076,30.760247837,181.614000000,100,1410,1215,47,0
3077,30.770248206,181.614000000,100,1410,1215,47,0
3078,30.780248305,181.614000000,100,1410,1215,47,0
3079,30.790248514,181.614000000,100,1410,1215,47,0
3080,30.800247451,181.614000000,100,1410,1215,47,0
3081,30.810248081,181.614000000,100,1410,1215,47,0
3082,30.820247328,181.614000000,100,1410,1215,47,0
3083,30.830248599,181.711000000,100,1410,1215,47,0
3084,30.840248468,181.711000000,100,1410,1215,47,0
3085,30.850247845,181.711000000,100,1410,1215,47,0
3086,30.860247994,181.711000000,100,1410,1215,47,0
3087,30.870247963,181.711000000,100,1410,1215,47,0
3088,30.880248302,181.711000000,100,1410,1215,47,0
3089,30.890248852,181.711000000,100,1410,1215,47,0
3090,30.900248059,181.711000000,100,1410,1215,47,0
3091,30.910248619,181.711000000,100,1410,1215,47,0
3092,30.920247675,181.711000000,100,1410,1215,47,0
3093,30.930249037,181.711000000,100,1410,1215,47,0
3094,30.940249065,181.711000000,100,1410,1215,47,0
3095,30.950252561,181.711000000,100,1410,1215,47,0
3096,30.960249123,181.711000000,100,1410,1215,47,0
3097,30.970248090,181.711000000,100,1410,1215,47,0
3098,30.980248499,181.711000000,100,1410,1215,47,0
3099,30.990248127,181.711000000,100,1410,1215,47,0
3100,31.000249769,181.711000000,100,1410,1215,47,0
3101,31.010252072,181.711000000,100,1410,1215,47,0
3102,31.020248654,181.711000000,100,1410,1215,47,0
3103,31.030249144,181.813000000,100,1410,1215,47,0
3104,31.040248752,181.813000000,100,1410,1215,47,0
3105,31.050247979,181.813000000,100,1410,1215,47,0
3106,31.060248158,181.813000000,100,1410,1215,47,0
3107,31.070248127,181.813000000,100,1410,1215,47,0
3108,31.080249217,181.813000000,100,1410,1215,47,0
3109,31.090248505,181.813000000,100,1410,1215,47,0
3110,31.100249094,181.813000000,100,1410,1215,47,0
3111,31.110248452,181.813000000,100,1410,1215,47,0
3112,31.120248471,181.813000000,100,1410,1215,47,0
3113,31.130252908,181.654000000,100,1410,1215,47,0
3114,31.140249450,181.654000000,100,1410,1215,47,0
3115,31.150248577,181.654000000,100,1410,1215,47,0
3116,31.160249056,181.654000000,100,1410,1215,47,0
3117,31.170248474,181.654000000,100,1410,1215,47,0
3118,31.180248683,181.654000000,100,1410,1215,47,0
3119,31.190248732,181.654000000,100,1410,1215,47,0
3120,31.200248891,181.654000000,100,1410,1215,47,0
3121,31.210248349,181.654000000,100,1410,1215,47,0
3122,31.220248658,181.654000000,100,1410,1215,47,0
3123,31.230249308,181.654000000,100,1410,1215,47,0
3124,31.240248575,181.654000000,100,1410,1215,47,0
3125,31.250249475,181.654000000,100,1410,1215,47,0
3126,31.260248302,181.654000000,100,1410,1215,47,0
3127,31.270248511,181.654000000,100,1410,1215,47,0
3128,31.280248049,181.654000000,100,1410,1215,47,0
3129,31.290247757,181.654000000,100,1410,1215,47,0
3130,31.300248908,181.654000000,100,1410,1215,47,0
3131,31.310251972,181.654000000,100,1410,1215,47,0
3132,31.320247993,181.654000000,100,1410,1215,47,0
3133,31.330248242,181.904000000,100,1410,1215,47,0
3134,31.340248882,181.904000000,100,1410,1215,47,0
3135,31.350248360,181.904000000,100,1410,1215,47,0
3136,31.360249140,181.904000000,100,1410,1215,47,0
3137,31.370251704,181.904000000,100,1410,1215,47,0
3138,31.380247825,181.904000000,100,1410,1215,47,0
3139,31.390248605,181.904000000,100,1410,1215,47,0
3140,31.400249606,181.904000000,100,1410,1215,47,0
3141,31.410247901,181.904000000,100,1410,1215,47,0
3142,31.420248661,181.904000000,100,1410,1215,47,0
3143,31.430249041,181.821000000,100,1410,1215,47,0
3144,31.440249701,181.821000000,100,1410,1215,47,0
3145,31.450248146,181.821000000,100,1410,1215,47,0
3146,31.460248446,181.821000000,100,1410,1215,47,0
3147,31.470247503,181.821000000,100,1410,1215,47,0
3148,31.480248383,181.821000000,100,1410,1215,47,0
3149,31.490252069,181.821000000,100,1410,1215,47,0
3150,31.500248941,181.821000000,100,1410,1215,47,0
3151,31.510247257,181.821000000,100,1410,1215,47,0
3152,31.520247326,181.821000000,100,1410,1215,47,0
3153,31.530248406,181.807000000,100,1410,1215,47,0
3154,31.540248906,181.807000000,100,1410,1215,47,0
3155,31.550247242,181.807000000,100,1410,1215,47,0
3156,31.560248062,181.807000000,100,1410,1215,47,0
3157,31.570251808,181.807000000,100,1410,1215,47,0
3158,31.580248360,181.807000000,100,1410,1215,47,0
3159,31.590247627,181.807000000,100,1410,1215,47,0
3160,31.600247565,181.807000000,100,1410,1215,47,0
3161,31.610247574,181.807000000,100,1410,1215,47,0
3162,31.620247523,181.807000000,100,1410,1215,47,0
3163,31.630248163,182.062000000,100,1410,1215,47,0
3164,31.640247680,182.062000000,100,1410,1215,47,0
3165,31.650247439,182.062000000,100,1410,1215,47,0
3166,31.660247387,182.062000000,100,1410,1215,47,0
3167,31.670248859,182.062000000,100,1410,1215,47,0
3168,31.680248567,182.062000000,100,1410,1215,47,0
3169,31.690246822,182.062000000,100,1410,1215,47,0
3170,31.700248674,182.062000000,100,1410,1215,47,0
3171,31.710251789,182.062000000,100,1410,1215,47,0
3172,31.720248722,182.062000000,100,1410,1215,47,0
3173,31.730249031,181.954000000,100,1410,1215,47,0
3174,31.740249641,181.954000000,100,1410,1215,47,0
3175,31.750248117,181.954000000,100,1410,1215,47,0
3176,31.760247825,181.954000000,100,1410,1215,47,0
3177,31.770252763,181.954000000,100,1410,1215,47,0
3178,31.780247672,181.954000000,100,1410,1215,47,0
3179,31.790247470,181.954000000,100,1410,1215,47,0
3180,31.800248140,181.954000000,100,1410,1215,47,0
3181,31.810246766,181.954000000,100,1410,1215,47,0
3182,31.820247436,181.954000000,100,1410,1215,47,0
3183,31.830247655,181.954000000,100,1410,1215,47,0
3184,31.840248165,181.847000000,100,1410,1215,47,0
3185,31.850247743,181.847000000,100,1410,1215,47,0
3186,31.860246249,181.847000000,100,1410,1215,47,0
3187,31.870249003,181.847000000,100,1410,1215,47,0
3188,31.880247959,181.847000000,100,1410,1215,47,0
3189,31.890248068,181.847000000,100,1410,1215,47,0
3190,31.900248277,181.847000000,100,1410,1215,47,0
3191,31.910248386,181.847000000,100,1410,1215,47,0
3192,31.920247884,181.847000000,100,1410,1215,47,0
3193,31.930249095,181.847000000,100,1410,1215,47,0
3194,31.940249915,181.704000000,100,1410,1215,47,0
3195,31.950248391,181.704000000,100,1410,1215,47,0
3196,31.960247999,181.704000000,100,1410,1215,47,0
3197,31.970247757,181.704000000,100,1410,1215,47,0
3198,31.980247636,181.704000000,100,1410,1215,47,0
3199,31.990249077,181.704000000,100,1410,1215,47,0
3200,32.000248454,181.704000000,100,1410,1215,47,0
3201,32.010248864,181.704000000,100,1410,1215,47,0
3202,32.020248552,181.704000000,100,1410,1215,47,0
3203,32.030249713,181.704000000,100,1410,1215,47,0
3204,32.040249221,181.966000000,100,1410,1215,47,0
3205,32.050247877,181.966000000,100,1410,1215,47,0
3206,32.060248567,181.966000000,100,1410,1215,47,0
3207,32.070248996,181.966000000,100,1410,1215,47,0
3208,32.080248935,181.966000000,100,1410,1215,47,0
3209,32.090248673,181.966000000,100,1410,1215,47,0
3210,32.100247800,181.966000000,100,1410,1215,47,0
3211,32.110247899,181.966000000,100,1410,1215,47,0
3212,32.120247938,181.966000000,100,1410,1215,47,0
3213,32.130248287,181.897000000,100,1410,1215,47,0
3214,32.140248626,181.897000000,100,1410,1215,47,0
3215,32.150248034,181.897000000,100,1410,1215,47,0
3216,32.160248063,181.897000000,100,1410,1215,47,0
3217,32.170252580,181.897000000,100,1410,1215,47,0
3218,32.180247459,181.897000000,100,1410,1215,47,0
3219,32.190248770,181.897000000,100,1410,1215,47,0
3220,32.200248598,181.897000000,100,1410,1215,47,0
3221,32.210248577,181.897000000,100,1410,1215,47,0
3222,32.220247604,181.897000000,100,1410,1215,47,0
3223,32.230248925,181.909000000,100,1410,1215,47,0
3224,32.240249284,181.909000000,100,1410,1215,47,0
3225,32.250248431,181.909000000,100,1410,1215,47,0
3226,32.260252347,181.909000000,100,1410,1215,47,0
3227,32.270248449,181.909000000,100,1410,1215,47,0
3228,32.280248618,181.909000000,100,1410,1215,47,0
3229,32.290253085,181.909000000,100,1410,1215,47,0
3230,32.300249146,181.909000000,100,1410,1215,47,0
3231,32.310248063,181.909000000,100,1410,1215,47,0
3232,32.320248372,181.909000000,100,1410,1215,47,0
3233,32.330248220,181.876000000,100,1410,1215,47,0
3234,32.340249582,181.876000000,100,1410,1215,47,0
3235,32.350247737,181.876000000,100,1410,1215,47,0
3236,32.360247886,181.876000000,100,1410,1215,47,0
3237,32.370248275,181.876000000,100,1410,1215,47,0
3238,32.380248755,181.876000000,100,1410,1215,47,0
3239,32.390248483,181.876000000,100,1410,1215,47,0
3240,32.400248161,181.876000000,100,1410,1215,47,0
3241,32.410247899,181.876000000,100,1410,1215,47,0
3242,32.420247708,181.876000000,100,1410,1215,47,0
3243,32.430249139,181.654000000,100,1410,1215,47,0
3244,32.440248486,181.654000000,100,1410,1215,47,0
3245,32.450247533,181.654000000,100,1410,1215,47,0
3246,32.460248123,181.654000000,100,1410,1215,47,0
3247,32.470247911,181.654000000,100,1410,1215,47,0
3248,32.480247690,181.654000000,100,1410,1215,47,0
3249,32.490247508,181.654000000,100,1410,1215,47,0
3250,32.500248438,181.654000000,100,1410,1215,47,0
3251,32.510248377,181.654000000,100,1410,1215,47,0
3252,32.520247504,181.654000000,100,1410,1215,47,0
3253,32.530248715,181.704000000,100,1410,1215,47,0
3254,32.540249024,181.704000000,100,1410,1215,47,0
3255,32.550248001,181.704000000,100,1410,1215,47,0
3256,32.560248741,181.704000000,100,1410,1215,47,0
3257,32.570248229,181.704000000,100,1410,1215,47,0
3258,32.580249540,181.704000000,100,1410,1215,47,0
3259,32.590252855,181.704000000,100,1410,1215,47,0
3260,32.600248776,181.704000000,100,1410,1215,47,0
3261,32.610248724,181.704000000,100,1410,1215,47,0
3262,32.620248463,181.704000000,100,1410,1215,47,0
3263,32.630248541,182.005000000,100,1410,1215,47,0
3264,32.640247368,182.005000000,100,1410,1215,47,0
3265,32.650247818,182.005000000,100,1410,1215,47,0
3266,32.660248167,182.005000000,100,1410,1215,47,0
3267,32.670248196,182.005000000,100,1410,1215,47,0
3268,32.680247543,182.005000000,100,1410,1215,47,0
3269,32.690254244,182.005000000,100,1410,1215,47,0
3270,32.700247630,182.005000000,100,1410,1215,47,0
3271,32.710248190,182.005000000,100,1410,1215,47,0
3272,32.720247017,182.005000000,100,1410,1215,47,0
3273,32.730248348,181.840000000,100,1410,1215,47,0
3274,32.740250030,181.840000000,100,1410,1215,47,0
3275,32.750247834,181.840000000,100,1410,1215,47,0
3276,32.760248935,181.840000000,100,1410,1215,47,0
3277,32.770247120,181.840000000,100,1410,1215,47,0
3278,32.780246999,181.840000000,100,1410,1215,47,0
3279,32.790247388,181.840000000,100,1410,1215,47,0
3280,32.800247046,181.840000000,100,1410,1215,47,0
3281,32.810246885,181.840000000,100,1410,1215,47,0
3282,32.820246893,181.840000000,100,1410,1215,47,0
3283,32.830248405,181.500000000,100,1410,1215,47,0
3284,32.840247412,181.500000000,100,1410,1215,47,0
3285,32.850247541,181.500000000,100,1410,1215,47,0
3286,32.860252378,181.500000000,100,1410,1215,47,0
3287,32.870247989,181.500000000,100,1410,1215,47,0
3288,32.880248679,181.500000000,100,1410,1215,47,0
3289,32.890252354,181.500000000,100,1410,1215,47,0
3290,32.900248095,181.500000000,100,1410,1215,47,0
3291,32.910248214,181.500000000,100,1410,1215,47,0
3292,32.920252501,181.500000000,100,1410,1215,47,0
3293,32.930248542,181.846000000,100,1410,1215,47,0
3294,32.940248631,181.846000000,100,1410,1215,47,0
3295,32.950251835,181.846000000,100,1410,1215,47,0
3296,32.960248408,181.846000000,100,1410,1215,47,0
3297,32.970248106,181.846000000,100,1410,1215,47,0
3298,32.980245289,181.846000000,100,1410,1215,47,0
3299,32.990247823,181.846000000,100,1410,1215,47,0
3300,33.000252510,181.846000000,100,1410,1215,47,0
3301,33.010248060,181.846000000,100,1410,1215,47,0
3302,33.020247578,181.846000000,100,1410,1215,47,0
3303,33.030249250,181.904000000,100,1410,1215,47,0
3304,33.040248778,181.904000000,100,1410,1215,47,0
3305,33.050247584,181.904000000,100,1410,1215,47,0
3306,33.060248284,181.904000000,100,1410,1215,47,0
3307,33.070248143,181.904000000,100,1410,1215,47,0
3308,33.080246829,181.904000000,100,1410,1215,47,0
3309,33.090247970,181.904000000,100,1410,1215,47,0
3310,33.100247467,181.904000000,100,1410,1215,47,0
3311,33.110247606,181.904000000,100,1410,1215,47,0
3312,33.120248006,181.904000000,100,1410,1215,47,0
3313,33.130248115,181.807000000,100,1410,1215,47,0
3314,33.140249135,181.807000000,100,1410,1215,47,0
3315,33.150247341,181.807000000,100,1410,1215,47,0
3316,33.160248461,181.807000000,100,1410,1215,47,0
3317,33.170248420,181.807000000,100,1410,1215,47,0
3318,33.180248699,181.807000000,100,1410,1215,47,0
3319,33.190252946,181.807000000,100,1410,1215,47,0
3320,33.200248797,181.807000000,100,1410,1215,47,0
3321,33.210248435,181.807000000,100,1410,1215,47,0
3322,33.220247902,181.807000000,100,1410,1215,47,0
3323,33.230247871,182.005000000,100,1410,1215,47,0
3324,33.240250194,182.005000000,100,1410,1215,47,0
3325,33.250249011,182.005000000,100,1410,1215,47,0
3326,33.260249069,182.005000000,100,1410,1215,47,0
3327,33.270248166,182.005000000,100,1410,1215,47,0
3328,33.280248335,182.005000000,100,1410,1215,47,0
3329,33.290250138,182.005000000,100,1410,1215,47,0
3330,33.300247972,182.005000000,100,1410,1215,47,0
3331,33.310247149,182.005000000,100,1410,1215,47,0
3332,33.320247739,182.005000000,100,1410,1215,47,0
3333,33.330248048,181.558000000,100,1410,1215,47,0
3334,33.340248949,181.558000000,100,1410,1215,47,0
3335,33.350247054,181.558000000,100,1410,1215,47,0
3336,33.360246612,181.558000000,100,1410,1215,47,0
3337,33.370248003,181.558000000,100,1410,1215,47,0
3338,33.380250286,181.558000000,100,1410,1215,47,0
3339,33.390247790,181.558000000,100,1410,1215,47,0
3340,33.400248079,181.558000000,100,1410,1215,47,0
3341,33.410247847,181.558000000,100,1410,1215,47,0
3342,33.420247776,181.558000000,100,1410,1215,47,0
3343,33.430246733,181.750000000,100,1410,1215,47,0
3344,33.440249917,181.750000000,100,1410,1215,47,0
3345,33.450249144,181.750000000,100,1410,1215,47,0
3346,33.460247530,181.750000000,100,1410,1215,47,0
3347,33.470247308,181.750000000,100,1410,1215,47,0
3348,33.480251605,181.750000000,100,1410,1215,47,0
3349,33.490247326,181.750000000,100,1410,1215,47,0
3350,33.500247926,181.750000000,100,1410,1215,47,0
3351,33.510247453,181.750000000,100,1410,1215,47,0
3352,33.520247522,181.750000000,100,1410,1215,47,0
3353,33.530247851,182.103000000,100,1410,1215,47,0
3354,33.540248201,182.103000000,100,1410,1215,47,0
3355,33.550251726,182.103000000,100,1410,1215,47,0
3356,33.560247968,182.103000000,100,1410,1215,47,0
3357,33.570248738,182.103000000,100,1410,1215,47,0
3358,33.580247364,182.103000000,100,1410,1215,47,0
3359,33.590248875,182.103000000,100,1410,1215,47,0
3360,33.600248423,182.103000000,100,1410,1215,47,0
3361,33.610248212,182.103000000,100,1410,1215,47,0
3362,33.620248501,182.103000000,100,1410,1215,47,0
3363,33.630248930,181.898000000,100,1410,1215,47,0
3364,33.640248578,181.898000000,100,1410,1215,47,0
3365,33.650246794,181.898000000,100,1410,1215,47,0
3366,33.660247684,181.898000000,100,1410,1215,47,0
3367,33.670249947,181.898000000,100,1410,1215,47,0
3368,33.680247882,181.898000000,100,1410,1215,47,0
3369,33.690247229,181.898000000,100,1410,1215,47,0
3370,33.700248009,181.898000000,100,1410,1215,47,0
3371,33.710247197,181.898000000,100,1410,1215,47,0
3372,33.720247957,181.898000000,100,1410,1215,47,0
3373,33.730247965,181.910000000,100,1410,1215,47,0
3374,33.740248625,181.910000000,100,1410,1215,47,0
3375,33.750248213,181.910000000,100,1410,1215,47,0
3376,33.760248893,181.910000000,100,1410,1215,47,0
3377,33.770252248,181.910000000,100,1410,1215,47,0
3378,33.780248550,181.910000000,100,1410,1215,47,0
3379,33.790247857,181.910000000,100,1410,1215,47,0
3380,33.800248928,181.910000000,100,1410,1215,47,0
3381,33.810248556,181.910000000,100,1410,1215,47,0
3382,33.820247533,181.910000000,100,1410,1215,47,0
3383,33.830249705,181.966000000,100,1410,1215,47,0
3384,33.840249684,181.966000000,100,1410,1215,47,0
3385,33.850247268,181.966000000,100,1410,1215,47,0
3386,33.860248058,181.966000000,100,1410,1215,47,0
3387,33.870252045,181.966000000,100,1410,1215,47,0
3388,33.880248416,181.966000000,100,1410,1215,47,0
3389,33.890249347,181.966000000,100,1410,1215,47,0
3390,33.900249225,181.966000000,100,1410,1215,47,0
3391,33.910252440,181.966000000,100,1410,1215,47,0
3392,33.920249513,181.966000000,100,1410,1215,47,0
3393,33.930248700,182.013000000,100,1410,1215,47,0
3394,33.940248459,182.013000000,100,1410,1215,47,0
3395,33.950248638,182.013000000,100,1410,1215,47,0
3396,33.960247624,182.013000000,100,1410,1215,47,0
3397,33.970252492,182.013000000,100,1410,1215,47,0
3398,33.980249605,182.013000000,100,1410,1215,47,0
3399,33.990248933,182.013000000,100,1410,1215,47,0
3400,34.000249062,182.013000000,100,1410,1215,47,0
3401,34.010248529,182.013000000,100,1410,1215,47,0
3402,34.020248929,182.013000000,100,1410,1215,47,0
3403,34.030249479,182.005000000,100,1410,1215,47,0
3404,34.040249006,182.005000000,100,1410,1215,47,0
3405,34.050249105,182.005000000,100,1410,1215,47,0
3406,34.060248553,182.005000000,100,1410,1215,47,0
3407,34.070251738,182.005000000,100,1410,1215,47,0
3408,34.080249512,182.005000000,100,1410,1215,47,0
3409,34.090254069,182.005000000,100,1410,1215,47,0
3410,34.100247886,182.005000000,100,1410,1215,47,0
3411,34.110248897,182.005000000,100,1410,1215,47,0
3412,34.120247874,182.005000000,100,1410,1215,47,0
3413,34.130248624,182.158000000,100,1410,1215,47,0
3414,34.140249574,182.158000000,100,1410,1215,47,0
3415,34.150248822,182.158000000,100,1410,1215,47,0
3416,34.160248139,182.158000000,100,1410,1215,47,0
3417,34.170248759,182.158000000,100,1410,1215,47,0
3418,34.180251433,182.158000000,100,1410,1215,47,0
3419,34.190248636,182.158000000,100,1410,1215,47,0
3420,34.200248224,182.158000000,100,1410,1215,47,0
3421,34.210248182,182.158000000,100,1410,1215,47,0
3422,34.220253030,182.158000000,100,1410,1215,47,0
3423,34.230249011,181.801000000,100,1410,1215,47,0
3424,34.240249381,181.801000000,100,1410,1215,47,0
3425,34.250247887,181.801000000,100,1410,1215,47,0
3426,34.260248707,181.801000000,100,1410,1215,47,0
3427,34.270248605,181.801000000,100,1410,1215,47,0
3428,34.280248434,181.801000000,100,1410,1215,47,0
3429,34.290247921,181.801000000,100,1410,1215,47,0
3430,34.300248852,181.801000000,100,1410,1215,47,0
3431,34.310249121,181.801000000,100,1410,1215,47,0
3432,34.320246795,181.801000000,100,1410,1215,47,0
3433,34.330249078,181.852000000,100,1410,1215,47,0
3434,34.340250059,181.852000000,100,1410,1215,47,0
3435,34.350252943,181.852000000,100,1410,1215,47,0
3436,34.360248754,181.852000000,100,1410,1215,47,0
3437,34.370248572,181.852000000,100,1410,1215,47,0
3438,34.380248411,181.852000000,100,1410,1215,47,0
3439,34.390248650,181.852000000,100,1410,1215,47,0
3440,34.400252896,181.852000000,100,1410,1215,47,0
3441,34.410248066,181.852000000,100,1410,1215,47,0
3442,34.420248916,181.852000000,100,1410,1215,47,0
3443,34.443083331,182.011000000,100,1410,1215,47,0
3444,34.443087148,182.011000000,100,1410,1215,47,0
3445,34.450249263,182.011000000,100,1410,1215,47,0
3446,34.460248260,182.011000000,100,1410,1215,47,0
3447,34.470246726,182.011000000,100,1410,1215,47,0
3448,34.480249249,182.011000000,100,1410,1215,47,0
3449,34.490247364,182.011000000,100,1410,1215,47,0
3450,34.500248375,182.011000000,100,1410,1215,47,0
3451,34.510247692,182.011000000,100,1410,1215,47,0
3452,34.520249073,182.011000000,100,1410,1215,47,0
3453,34.530249292,181.751000000,100,1410,1215,47,0
3454,34.540249301,181.751000000,100,1410,1215,47,0
3455,34.550247577,181.751000000,100,1410,1215,47,0
3456,34.560247756,181.751000000,100,1410,1215,47,0
3457,34.570247574,181.751000000,100,1410,1215,47,0
3458,34.580247643,181.751000000,100,1410,1215,47,0
3459,34.590247140,181.751000000,100,1410,1215,47,0
3460,34.600247620,181.751000000,100,1410,1215,47,0
3461,34.610247729,181.751000000,100,1410,1215,47,0
3462,34.620247758,181.751000000,100,1410,1215,47,0
3463,34.642946758,181.916000000,100,1410,1215,47,0
3464,34.642950365,181.916000000,100,1410,1215,47,0
3465,34.650249707,181.916000000,100,1410,1215,47,0
3466,34.660248233,181.916000000,100,1410,1215,47,0
3467,34.670248502,181.916000000,100,1410,1215,47,0
3468,34.680247890,181.916000000,100,1410,1215,47,0
3469,34.690248830,181.916000000,100,1410,1215,47,0
3470,34.700248388,181.916000000,100,1410,1215,47,0
3471,34.710247986,181.916000000,100,1410,1215,47,0
3472,34.720247244,181.916000000,100,1410,1215,47,0
3473,34.730249166,182.102000000,100,1410,1215,47,0
3474,34.740248062,182.102000000,100,1410,1215,47,0
3475,34.750247640,182.102000000,100,1410,1215,47,0
3476,34.760247769,182.102000000,100,1410,1215,47,0
3477,34.770246956,182.102000000,100,1410,1215,47,0
3478,34.780247997,182.102000000,100,1410,1215,47,0
3479,34.790247775,182.102000000,100,1410,1215,47,0
3480,34.800247894,182.102000000,100,1410,1215,47,0
3481,34.810247612,182.102000000,100,1410,1215,47,0
3482,34.820247300,182.102000000,100,1410,1215,47,0
3483,34.830247449,181.917000000,100,1410,1215,47,0
3484,34.840247949,181.917000000,100,1410,1215,47,0
3485,34.850246705,181.917000000,100,1410,1215,47,0
3486,34.860247435,181.917000000,100,1410,1215,47,0
3487,34.870247374,181.917000000,100,1410,1215,47,0
3488,34.880247503,181.917000000,100,1410,1215,47,0
3489,34.890247792,181.917000000,100,1410,1215,47,0
3490,34.900247170,181.917000000,100,1410,1215,47,0
3491,34.910247329,181.917000000,100,1410,1215,47,0
3492,34.920247147,181.917000000,100,1410,1215,47,0
3493,34.930249139,181.750000000,100,1410,1215,47,0
3494,34.940248787,181.750000000,100,1410,1215,47,0
3495,34.950248215,181.750000000,100,1410,1215,47,0
3496,34.960246991,181.750000000,100,1410,1215,47,0
3497,34.970247160,181.750000000,100,1410,1215,47,0
3498,34.980247079,181.750000000,100,1410,1215,47,0
3499,34.990248791,181.750000000,100,1410,1215,47,0
3500,35.000247848,181.750000000,100,1410,1215,47,0
3501,35.010251824,181.750000000,100,1410,1215,47,0
3502,35.020248346,181.750000000,100,1410,1215,47,0
3503,35.030248816,182.063000000,100,1410,1215,47,0
3504,35.040248133,182.063000000,100,1410,1215,47,0
3505,35.050247661,182.063000000,100,1410,1215,47,0
3506,35.060248281,182.063000000,100,1410,1215,47,0
3507,35.070247157,182.063000000,100,1410,1215,47,0
3508,35.080248428,182.063000000,100,1410,1215,47,0
3509,35.090247415,182.063000000,100,1410,1215,47,0
3510,35.100247504,182.063000000,100,1410,1215,47,0
3511,35.110248354,182.063000000,100,1410,1215,47,0
3512,35.120248754,182.063000000,100,1410,1215,47,0
3513,35.130248291,182.160000000,100,1410,1215,47,0
3514,35.140249332,182.160000000,100,1410,1215,47,0
3515,35.150247527,182.160000000,100,1410,1215,47,0
3516,35.160247626,182.160000000,100,1410,1215,47,0
3517,35.170249068,182.160000000,100,1410,1215,47,0
3518,35.180248796,182.160000000,100,1410,1215,47,0
3519,35.190249326,182.160000000,100,1410,1215,47,0
3520,35.200248503,182.160000000,100,1410,1215,47,0
3521,35.210248461,182.160000000,100,1410,1215,47,0
3522,35.220249111,182.160000000,100,1410,1215,47,0
3523,35.230253438,181.909000000,100,1410,1215,47,0
3524,35.240248788,181.909000000,100,1410,1215,47,0
3525,35.250248787,181.909000000,100,1410,1215,47,0
3526,35.260248755,181.909000000,100,1410,1215,47,0
3527,35.270247752,181.909000000,100,1410,1215,47,0
3528,35.280248222,181.909000000,100,1410,1215,47,0
3529,35.290248250,181.909000000,100,1410,1215,47,0
3530,35.300247908,181.909000000,100,1410,1215,47,0
3531,35.310249139,181.909000000,100,1410,1215,47,0
3532,35.320248016,181.909000000,100,1410,1215,47,0
3533,35.330249337,181.909000000,100,1410,1215,47,0
3534,35.340248073,181.908000000,100,1410,1215,47,0
3535,35.350247972,181.908000000,100,1410,1215,47,0
3536,35.360248822,181.908000000,100,1410,1215,47,0
3537,35.370247849,181.908000000,100,1410,1215,47,0
3538,35.380247677,181.908000000,100,1410,1215,47,0
3539,35.390251664,181.908000000,100,1410,1215,47,0
3540,35.400248777,181.908000000,100,1410,1215,47,0
3541,35.410252302,181.908000000,100,1410,1215,47,0
3542,35.420248664,181.908000000,100,1410,1215,47,0
3543,35.430252860,181.908000000,100,1410,1215,47,0
3544,35.440249743,181.948000000,100,1410,1215,47,0
3545,35.450248089,181.948000000,100,1410,1215,47,0
3546,35.460249651,181.948000000,100,1410,1215,47,0
3547,35.470248507,181.948000000,100,1410,1215,47,0
3548,35.480247714,181.948000000,100,1410,1215,47,0
3549,35.490247783,181.948000000,100,1410,1215,47,0
3550,35.500248072,181.948000000,100,1410,1215,47,0
3551,35.510251838,181.948000000,100,1410,1215,47,0
3552,35.520248561,181.948000000,100,1410,1215,47,0
3553,35.530248780,181.948000000,100,1410,1215,47,0
3554,35.540249510,181.807000000,100,1410,1215,47,0
3555,35.550247955,181.807000000,100,1410,1215,47,0
3556,35.560248575,181.807000000,100,1410,1215,47,0
3557,35.570252812,181.807000000,100,1410,1215,47,0
3558,35.580247741,181.807000000,100,1410,1215,47,0
3559,35.590248040,181.807000000,100,1410,1215,47,0
3560,35.600249151,181.807000000,100,1410,1215,47,0
3561,35.610248058,181.807000000,100,1410,1215,47,0
3562,35.620248177,181.807000000,100,1410,1215,47,0
3563,35.630248055,181.807000000,100,1410,1215,47,0
3564,35.640252602,182.013000000,100,1410,1215,47,0
3565,35.650248333,182.013000000,100,1410,1215,47,0
3566,35.660247961,182.013000000,100,1410,1215,47,0
3567,35.670248421,182.013000000,100,1410,1215,47,0
3568,35.680248630,182.013000000,100,1410,1215,47,0
3569,35.690245593,182.013000000,100,1410,1215,47,0
3570,35.700248036,182.013000000,100,1410,1215,47,0
3571,35.710248606,182.013000000,100,1410,1215,47,0
3572,35.720248354,182.013000000,100,1410,1215,47,0
3573,35.730248162,181.898000000,100,1410,1215,47,0
3574,35.740248932,181.898000000,100,1410,1215,47,0
3575,35.750249151,181.898000000,100,1410,1215,47,0
3576,35.760248348,181.898000000,100,1410,1215,47,0
3577,35.770247846,181.898000000,100,1410,1215,47,0
3578,35.780248065,181.898000000,100,1410,1215,47,0
3579,35.790248355,181.898000000,100,1410,1215,47,0
3580,35.800248964,181.898000000,100,1410,1215,47,0
3581,35.810248893,181.898000000,100,1410,1215,47,0
3582,35.820248481,181.898000000,100,1410,1215,47,0
3583,35.830249251,181.851000000,100,1410,1215,47,0
3584,35.840253437,181.851000000,100,1410,1215,47,0
3585,35.850247916,181.851000000,100,1410,1215,47,0
3586,35.860247574,181.851000000,100,1410,1215,47,0
3587,35.870248605,181.851000000,100,1410,1215,47,0
3588,35.880247972,181.851000000,100,1410,1215,47,0
3589,35.890246829,181.851000000,100,1410,1215,47,0
3590,35.900247999,181.851000000,100,1410,1215,47,0
3591,35.910247337,181.851000000,100,1410,1215,47,0
3592,35.920252315,181.851000000,100,1410,1215,47,0
3593,35.930247464,181.897000000,100,1410,1215,47,0
3594,35.940249186,181.897000000,100,1410,1215,47,0
3595,35.950247612,181.897000000,100,1410,1215,47,0
3596,35.960248332,181.897000000,100,1410,1215,47,0
3597,35.970247259,181.897000000,100,1410,1215,47,0
3598,35.980251826,181.897000000,100,1410,1215,47,0
3599,35.990247366,181.897000000,100,1410,1215,47,0
3600,36.000247485,181.897000000,100,1410,1215,47,0
3601,36.010247484,181.897000000,100,1410,1215,47,0
3602,36.020248765,181.897000000,100,1410,1215,47,0
3603,36.030248303,181.847000000,100,1410,1215,47,0
3604,36.040248552,181.847000000,100,1410,1215,47,0
3605,36.050247198,181.847000000,100,1410,1215,47,0
3606,36.060251645,181.847000000,100,1410,1215,47,0
3607,36.070249480,181.847000000,100,1410,1215,47,0
3608,36.080249689,181.847000000,100,1410,1215,47,0
3609,36.090247754,181.847000000,100,1410,1215,47,0
3610,36.100248644,181.847000000,100,1410,1215,47,0
3611,36.110247300,181.847000000,100,1410,1215,47,0
3612,36.120248010,181.847000000,100,1410,1215,47,0
3613,36.130248330,181.954000000,100,1410,1215,47,0
3614,36.140248819,181.954000000,100,1410,1215,47,0
3615,36.150247646,181.954000000,100,1410,1215,47,0
3616,36.160247304,181.954000000,100,1410,1215,47,0
3617,36.170247713,181.954000000,100,1410,1215,47,0
3618,36.180248483,181.954000000,100,1410,1215,47,0
3619,36.190247731,181.954000000,100,1410,1215,47,0
3620,36.200247860,181.954000000,100,1410,1215,47,0
3621,36.210247628,181.954000000,100,1410,1215,47,0
3622,36.220249390,181.954000000,100,1410,1215,47,0
3623,36.230249138,182.255000000,100,1410,1215,47,0
3624,36.240248786,182.255000000,100,1410,1215,47,0
3625,36.250247823,182.255000000,100,1410,1215,47,0
3626,36.260248723,182.255000000,100,1410,1215,47,0
3627,36.270248181,182.255000000,100,1410,1215,47,0
3628,36.280247839,182.255000000,100,1410,1215,47,0
3629,36.290248138,182.255000000,100,1410,1215,47,0
3630,36.300248227,182.255000000,100,1410,1215,47,0
3631,36.310249057,182.255000000,100,1410,1215,47,0
3632,36.320247633,182.255000000,100,1410,1215,47,0
3633,36.330249405,182.101000000,100,1410,1215,47,0
3634,36.340249244,182.101000000,100,1410,1215,47,0
3635,36.350248261,182.101000000,100,1410,1215,47,0
3636,36.360247708,182.101000000,100,1410,1215,47,0
3637,36.370247987,182.101000000,100,1410,1215,47,0
3638,36.380252324,182.101000000,100,1410,1215,47,0
3639,36.390249387,182.101000000,100,1410,1215,47,0
3640,36.400247793,182.101000000,100,1410,1215,47,0
3641,36.410247892,182.101000000,100,1410,1215,47,0
3642,36.420252660,182.101000000,100,1410,1215,47,0
3643,36.430249352,181.846000000,100,1410,1215,47,0
3644,36.440248579,181.846000000,100,1410,1215,47,0
3645,36.450248949,181.846000000,100,1410,1215,47,0
3646,36.460252324,181.846000000,100,1410,1215,47,0
3647,36.470249096,181.846000000,100,1410,1215,47,0
3648,36.480252612,181.846000000,100,1410,1215,47,0
3649,36.490249044,181.846000000,100,1410,1215,47,0
3650,36.500253190,181.846000000,100,1410,1215,47,0
3651,36.510248901,181.846000000,100,1410,1215,47,0
3652,36.520248388,181.846000000,100,1410,1215,47,0
3653,36.530248918,181.915000000,100,1410,1215,47,0
3654,36.540254597,181.915000000,100,1410,1215,47,0
3655,36.550249216,181.915000000,100,1410,1215,47,0
3656,36.560246920,181.915000000,100,1410,1215,47,0
3657,36.570247941,181.915000000,100,1410,1215,47,0
3658,36.580247409,181.915000000,100,1410,1215,47,0
3659,36.590247718,181.915000000,100,1410,1215,47,0
3660,36.600248618,181.915000000,100,1410,1215,47,0
3661,36.610247826,181.915000000,100,1410,1215,47,0
3662,36.620247504,181.915000000,100,1410,1215,47,0
3663,36.630248254,182.005000000,100,1410,1215,47,0
3664,36.640248543,182.005000000,100,1410,1215,47,0
3665,36.650248351,182.005000000,100,1410,1215,47,0
3666,36.660248480,182.005000000,100,1410,1215,47,0
3667,36.670252086,182.005000000,100,1410,1215,47,0
3668,36.680248387,182.005000000,100,1410,1215,47,0
3669,36.690247685,182.005000000,100,1410,1215,47,0
3670,36.700247513,182.005000000,100,1410,1215,47,0
3671,36.710248333,182.005000000,100,1410,1215,47,0
3672,36.720249083,182.005000000,100,1410,1215,47,0
3673,36.730249463,181.903000000,100,1410,1215,47,0
3674,36.740249431,181.903000000,100,1410,1215,47,0
3675,36.750251885,181.903000000,100,1410,1215,47,0
3676,36.760248307,181.903000000,100,1410,1215,47,0
3677,36.770248255,181.903000000,100,1410,1215,47,0
3678,36.780248434,181.903000000,100,1410,1215,47,0
3679,36.790247952,181.903000000,100,1410,1215,47,0
3680,36.800248101,181.903000000,100,1410,1215,47,0
3681,36.810248300,181.903000000,100,1410,1215,47,0
3682,36.820246555,181.903000000,100,1410,1215,47,0
3683,36.830248217,181.954000000,100,1410,1215,47,0
3684,36.840249689,181.954000000,100,1410,1215,47,0
3685,36.850247583,181.954000000,100,1410,1215,47,0
3686,36.860247793,181.954000000,100,1410,1215,47,0
3687,36.870247681,181.954000000,100,1410,1215,47,0
3688,36.880248692,181.954000000,100,1410,1215,47,0
3689,36.890247267,181.954000000,100,1410,1215,47,0
3690,36.900247557,181.954000000,100,1410,1215,47,0
3691,36.910248147,181.954000000,100,1410,1215,47,0
3692,36.920248125,181.954000000,100,1410,1215,47,0
3693,36.930248925,181.903000000,100,1410,1215,47,0
3694,36.940248533,181.903000000,100,1410,1215,47,0
3695,36.950247801,181.903000000,100,1410,1215,47,0
3696,36.960248210,181.903000000,100,1410,1215,47,0
3697,36.970251956,181.903000000,100,1410,1215,47,0
3698,36.980247737,181.903000000,100,1410,1215,47,0
3699,36.990247946,181.903000000,100,1410,1215,47,0
3700,37.000247854,181.903000000,100,1410,1215,47,0
3701,37.010252201,181.903000000,100,1410,1215,47,0
3702,37.020247661,181.903000000,100,1410,1215,47,0
3703,37.030253190,181.846000000,100,1410,1215,47,0
3704,37.040248931,181.846000000,100,1410,1215,47,0
3705,37.050247797,181.846000000,100,1410,1215,47,0
3706,37.060251734,181.846000000,100,1410,1215,47,0
3707,37.070248326,181.846000000,100,1410,1215,47,0
3708,37.080247112,181.846000000,100,1410,1215,47,0
3709,37.090248554,181.846000000,100,1410,1215,47,0
3710,37.100251879,181.846000000,100,1410,1215,47,0
3711,37.110248701,181.846000000,100,1410,1215,47,0
3712,37.120247508,181.846000000,100,1410,1215,47,0
3713,37.130248488,182.102000000,100,1410,1215,47,0
3714,37.140250120,182.102000000,100,1410,1215,47,0
3715,37.150248245,182.102000000,100,1410,1215,47,0
3716,37.160248665,182.102000000,100,1410,1215,47,0
3717,37.170251288,182.102000000,100,1410,1215,47,0
3718,37.180247440,182.102000000,100,1410,1215,47,0
3719,37.190251937,182.102000000,100,1410,1215,47,0
3720,37.200247086,182.102000000,100,1410,1215,47,0
3721,37.210247857,182.102000000,100,1410,1215,47,0
3722,37.220246863,182.102000000,100,1410,1215,47,0
3723,37.230248295,182.211000000,100,1410,1215,47,0
3724,37.240248774,182.211000000,100,1410,1215,47,0
3725,37.250246278,182.211000000,100,1410,1215,47,0
3726,37.260248200,182.211000000,100,1410,1215,47,0
3727,37.270247338,182.211000000,100,1410,1215,47,0
3728,37.280247667,182.211000000,100,1410,1215,47,0
3729,37.290248177,182.211000000,100,1410,1215,47,0
3730,37.300248035,182.211000000,100,1410,1215,47,0
3731,37.310251931,182.211000000,100,1410,1215,47,0
3732,37.320247732,182.211000000,100,1410,1215,47,0
3733,37.330252850,182.102000000,100,1410,1215,47,0
3734,37.340248971,182.102000000,100,1410,1215,47,0
3735,37.350248169,182.102000000,100,1410,1215,47,0
3736,37.360248057,182.102000000,100,1410,1215,47,0
3737,37.370252083,182.102000000,100,1410,1215,47,0
3738,37.380247383,182.102000000,100,1410,1215,47,0
3739,37.390247963,182.102000000,100,1410,1215,47,0
3740,37.400247411,182.102000000,100,1410,1215,47,0
3741,37.410248602,182.102000000,100,1410,1215,47,0
3742,37.420249021,182.102000000,100,1410,1215,47,0
3743,37.430249020,182.102000000,100,1410,1215,47,0
3744,37.440248908,182.159000000,100,1410,1215,48,0
3745,37.450248276,182.159000000,100,1410,1215,48,0
3746,37.460247984,182.159000000,100,1410,1215,48,0
3747,37.470251579,182.159000000,100,1410,1215,48,0
3748,37.480247590,182.159000000,100,1410,1215,48,0
3749,37.490247629,182.159000000,100,1410,1215,48,0
3750,37.500248449,182.159000000,100,1410,1215,48,0
3751,37.510252255,182.159000000,100,1410,1215,48,0
3752,37.520248487,182.159000000,100,1410,1215,48,0
3753,37.530248425,182.007000000,100,1410,1215,48,0
3754,37.540248815,182.007000000,100,1410,1215,47,0
3755,37.550247541,182.007000000,100,1410,1215,47,0
3756,37.560247490,182.007000000,100,1410,1215,47,0
3757,37.570248079,182.007000000,100,1410,1215,47,0
3758,37.580248068,182.007000000,100,1410,1215,47,0
3759,37.590248207,182.007000000,100,1410,1215,47,0
3760,37.600247565,182.007000000,100,1410,1215,47,0
3761,37.610247503,182.007000000,100,1410,1215,47,0
3762,37.620248033,182.007000000,100,1410,1215,47,0
3763,37.630252860,181.846000000,100,1410,1215,47,0
3764,37.640248912,181.846000000,100,1410,1215,48,0
3765,37.650251816,181.846000000,100,1410,1215,48,0
3766,37.660247737,181.846000000,100,1410,1215,48,0
3767,37.670248237,181.846000000,100,1410,1215,48,0
3768,37.680247284,181.846000000,100,1410,1215,48,0
3769,37.690247913,181.846000000,100,1410,1215,48,0
3770,37.700251819,181.846000000,100,1410,1215,48,0
3771,37.710248432,181.846000000,100,1410,1215,48,0
3772,37.720248661,181.846000000,100,1410,1215,48,0
3773,37.730248990,181.846000000,100,1410,1215,48,0
3774,37.740253267,182.158000000,100,1410,1215,48,0
3775,37.750247745,182.158000000,100,1410,1215,48,0
3776,37.760248305,182.158000000,100,1410,1215,48,0
3777,37.770251540,182.158000000,100,1410,1215,48,0
3778,37.780247380,182.158000000,100,1410,1215,48,0
3779,37.790247830,182.158000000,100,1410,1215,48,0
3780,37.800247077,182.158000000,100,1410,1215,48,0
3781,37.810247497,182.158000000,100,1410,1215,48,0
3782,37.820247956,182.158000000,100,1410,1215,48,0
3783,37.830252524,182.158000000,100,1410,1215,48,0
3784,37.840253414,182.101000000,100,1410,1215,48,0
3785,37.850247431,182.101000000,100,1410,1215,48,0
3786,37.860247190,182.101000000,100,1410,1215,48,0
3787,37.870248681,182.101000000,100,1410,1215,48,0
3788,37.880248489,182.101000000,100,1410,1215,48,0
3789,37.890248198,182.101000000,100,1410,1215,48,0
3790,37.900247936,182.101000000,100,1410,1215,48,0
3791,37.910247534,182.101000000,100,1410,1215,48,0
3792,37.920247963,182.101000000,100,1410,1215,48,0
3793,37.930248723,182.101000000,100,1410,1215,48,0
3794,37.940249133,182.101000000,100,1410,1215,48,0
3795,37.950248310,182.101000000,100,1410,1215,48,0
3796,37.960248309,182.101000000,100,1410,1215,48,0
3797,37.970247446,182.101000000,100,1410,1215,48,0
3798,37.980246803,182.101000000,100,1410,1215,48,0
3799,37.990248214,182.101000000,100,1410,1215,48,0
3800,38.000248023,182.101000000,100,1410,1215,48,0
3801,38.010249134,182.101000000,100,1410,1215,48,0
3802,38.020247890,182.101000000,100,1410,1215,48,0
3803,38.030248650,181.944000000,100,1410,1215,48,0
3804,38.040248769,181.944000000,100,1410,1215,48,0
3805,38.050252054,181.944000000,100,1410,1215,48,0
3806,38.060252764,181.944000000,100,1410,1215,48,0
3807,38.070247172,181.944000000,100,1410,1215,48,0
3808,38.080248323,181.944000000,100,1410,1215,48,0
3809,38.090248722,181.944000000,100,1410,1215,48,0
3810,38.100247989,181.944000000,100,1410,1215,48,0
3811,38.110248319,181.944000000,100,1410,1215,48,0
3812,38.120248237,181.944000000,100,1410,1215,48,0
3813,38.130250200,182.013000000,100,1410,1215,48,0
3814,38.140254096,182.013000000,100,1410,1215,48,0
3815,38.150247232,182.013000000,100,1410,1215,48,0
3816,38.160248282,182.013000000,100,1410,1215,48,0
3817,38.170248090,182.013000000,100,1410,1215,48,0
3818,38.180248800,182.013000000,100,1410,1215,48,0
3819,38.190248258,182.013000000,100,1410,1215,48,0
3820,38.200296157,182.013000000,100,1410,1215,48,0
3821,38.210248125,182.013000000,100,1410,1215,48,0
3822,38.220248665,182.013000000,100,1410,1215,48,0
3823,38.230253292,182.052000000,100,1410,1215,48,0
3824,38.240249835,182.052000000,100,1410,1215,48,0
3825,38.250247629,182.052000000,100,1410,1215,48,0
3826,38.260247918,182.052000000,100,1410,1215,48,0
3827,38.270246835,182.052000000,100,1410,1215,48,0
3828,38.280248677,182.052000000,100,1410,1215,48,0
3829,38.290248315,182.052000000,100,1410,1215,48,0
3830,38.300251880,182.052000000,100,1410,1215,48,0
3831,38.310248132,182.052000000,100,1410,1215,48,0
3832,38.320247840,182.052000000,100,1410,1215,48,0
3833,38.330249131,182.255000000,100,1410,1215,48,0
3834,38.340248980,182.255000000,100,1410,1215,48,0
3835,38.350247876,182.255000000,100,1410,1215,48,0
3836,38.360248226,182.255000000,100,1410,1215,48,0
3837,38.370249176,182.255000000,100,1410,1215,48,0
3838,38.380248504,182.255000000,100,1410,1215,48,0
3839,38.390248733,182.255000000,100,1410,1215,48,0
3840,38.400252729,182.255000000,100,1410,1215,48,0
3841,38.410248880,182.255000000,100,1410,1215,48,0
3842,38.420248158,182.255000000,100,1410,1215,48,0
3843,38.430248717,182.351000000,100,1410,1215,48,0
3844,38.440248987,182.351000000,100,1410,1215,48,0
3845,38.450249136,182.351000000,100,1410,1215,48,0
3846,38.460248914,182.351000000,100,1410,1215,48,0
3847,38.470252700,182.351000000,100,1410,1215,48,0
3848,38.480247929,182.351000000,100,1410,1215,48,0
3849,38.490248429,182.351000000,100,1410,1215,48,0
3850,38.500247756,182.351000000,100,1410,1215,48,0
3851,38.510248597,182.351000000,100,1410,1215,48,0
3852,38.520247493,182.351000000,100,1410,1215,48,0
3853,38.530249936,182.109000000,100,1410,1215,48,0
3854,38.540249885,182.109000000,100,1410,1215,48,0
3855,38.550248261,182.109000000,100,1410,1215,48,0
3856,38.560252377,182.109000000,100,1410,1215,48,0
3857,38.570248899,182.109000000,100,1410,1215,48,0
3858,38.580249249,182.109000000,100,1410,1215,48,0
3859,38.590248937,182.109000000,100,1410,1215,48,0
3860,38.600248024,182.109000000,100,1410,1215,48,0
3861,38.610248133,182.109000000,100,1410,1215,48,0
3862,38.620247841,182.109000000,100,1410,1215,48,0
3863,38.630249472,182.050000000,100,1410,1215,48,0
3864,38.640248820,182.050000000,100,1410,1215,48,0
3865,38.650247526,182.050000000,100,1410,1215,48,0
3866,38.660252264,182.050000000,100,1410,1215,48,0
3867,38.670252803,182.050000000,100,1410,1215,48,0
3868,38.680249085,182.050000000,100,1410,1215,48,0
3869,38.690248222,182.050000000,100,1410,1215,48,0
3870,38.700253691,182.050000000,100,1410,1215,48,0
3871,38.710248450,182.050000000,100,1410,1215,48,0
3872,38.720248339,182.050000000,100,1410,1215,48,0
3873,38.730249029,182.448000000,100,1410,1215,48,0
3874,38.740249167,182.448000000,100,1410,1215,48,0
3875,38.750247974,182.448000000,100,1410,1215,48,0
3876,38.760248624,182.448000000,100,1410,1215,48,0
3877,38.770247661,182.448000000,100,1410,1215,48,0
3878,38.780248792,182.448000000,100,1410,1215,48,0
3879,38.790248630,182.448000000,100,1410,1215,48,0
3880,38.800252215,182.448000000,100,1410,1215,48,0
3881,38.810248126,182.448000000,100,1410,1215,48,0
3882,38.820247784,182.448000000,100,1410,1215,48,0
3883,38.830247883,182.295000000,100,1410,1215,48,0
3884,38.840249004,182.295000000,100,1410,1215,48,0
3885,38.850252169,182.295000000,100,1410,1215,48,0
3886,38.860248230,182.295000000,100,1410,1215,48,0
3887,38.870248519,182.295000000,100,1410,1215,48,0
3888,38.880247816,182.295000000,100,1410,1215,48,0
3889,38.890248326,182.295000000,100,1410,1215,48,0
3890,38.900247353,182.295000000,100,1410,1215,48,0
3891,38.910247873,182.295000000,100,1410,1215,48,0
3892,38.920248833,182.295000000,100,1410,1215,48,0
3893,38.930248331,182.051000000,100,1410,1215,48,0
3894,38.940248480,182.051000000,100,1410,1215,48,0
3895,38.950252336,182.051000000,100,1410,1215,48,0
3896,38.960248467,182.051000000,100,1410,1215,48,0
3897,38.970247775,182.051000000,100,1410,1215,48,0
3898,38.980247954,182.051000000,100,1410,1215,48,0
3899,38.990248413,182.051000000,100,1410,1215,48,0
3900,39.000248021,182.051000000,100,1410,1215,48,0
3901,39.010252518,182.051000000,100,1410,1215,48,0
3902,39.020249010,182.051000000,100,1410,1215,48,0
3903,39.030248678,181.954000000,100,1410,1215,48,0
3904,39.040250320,181.954000000,100,1410,1215,48,0
3905,39.050248195,181.954000000,100,1410,1215,48,0
3906,39.060247973,181.954000000,100,1410,1215,48,0
3907,39.070248012,181.954000000,100,1410,1215,48,0
3908,39.080248351,181.954000000,100,1410,1215,48,0
3909,39.090247969,181.954000000,100,1410,1215,48,0
3910,39.100247647,181.954000000,100,1410,1215,48,0
3911,39.110247616,181.954000000,100,1410,1215,48,0
3912,39.120252243,181.954000000,100,1410,1215,48,0
3913,39.130249326,181.954000000,100,1410,1215,48,0
3914,39.140248754,182.108000000,100,1410,1215,48,0
3915,39.150248392,182.108000000,100,1410,1215,48,0
3916,39.160248671,182.108000000,100,1410,1215,48,0
3917,39.170249041,182.108000000,100,1410,1215,48,0
3918,39.180252706,182.108000000,100,1410,1215,48,0
3919,39.190248767,182.108000000,100,1410,1215,48,0
3920,39.200253675,182.108000000,100,1410,1215,48,0
3921,39.210247773,182.108000000,100,1410,1215,48,0
3922,39.220251088,182.108000000,100,1410,1215,48,0
3923,39.230249544,182.108000000,100,1410,1215,48,0
3924,39.240248921,182.204000000,100,1410,1215,48,0
3925,39.250249180,182.204000000,100,1410,1215,48,0
3926,39.260247947,182.204000000,100,1410,1215,48,0
3927,39.270248256,182.204000000,100,1410,1215,48,0
3928,39.280249056,182.204000000,100,1410,1215,48,0
3929,39.290248444,182.204000000,100,1410,1215,48,0
3930,39.300247741,182.204000000,100,1410,1215,48,0
3931,39.310248120,182.204000000,100,1410,1215,48,0
3932,39.320251926,182.204000000,100,1410,1215,48,0
3933,39.330253127,182.204000000,100,1410,1215,48,0
3934,39.340249068,182.351000000,100,1410,1215,48,0
3935,39.350247043,182.351000000,100,1410,1215,48,0
3936,39.360246972,182.351000000,100,1410,1215,48,0
3937,39.370252070,182.351000000,100,1410,1215,48,0
3938,39.380248622,182.351000000,100,1410,1215,48,0
3939,39.390247408,182.351000000,100,1410,1215,48,0
3940,39.400249060,182.351000000,100,1410,1215,48,0
3941,39.410248468,182.351000000,100,1410,1215,48,0
3942,39.420252524,182.351000000,100,1410,1215,48,0
3943,39.430248064,182.351000000,100,1410,1215,48,0
3944,39.440248634,182.147000000,100,1410,1215,48,0
3945,39.450248382,182.147000000,100,1410,1215,48,0
3946,39.460248772,182.147000000,100,1410,1215,48,0
3947,39.470247949,182.147000000,100,1410,1215,48,0
3948,39.480247487,182.147000000,100,1410,1215,48,0
3949,39.490247946,182.147000000,100,1410,1215,48,0
3950,39.500248827,182.147000000,100,1410,1215,48,0
3951,39.510249386,182.147000000,100,1410,1215,48,0
3952,39.520247952,182.147000000,100,1410,1215,48,0
3953,39.530249424,181.950000000,100,1410,1215,48,0
3954,39.540249903,181.950000000,100,1410,1215,48,0
3955,39.550248409,181.950000000,100,1410,1215,48,0
3956,39.560248719,181.950000000,100,1410,1215,48,0
3957,39.570248236,181.950000000,100,1410,1215,48,0
3958,39.580248075,181.950000000,100,1410,1215,48,0
3959,39.590248514,181.950000000,100,1410,1215,48,0
3960,39.600248723,181.950000000,100,1410,1215,48,0
3961,39.610248241,181.950000000,100,1410,1215,48,0
3962,39.620248160,181.950000000,100,1410,1215,48,0
3963,39.630252537,182.205000000,100,1410,1215,48,0
3964,39.640249580,182.205000000,100,1410,1215,48,0
3965,39.650248366,182.205000000,100,1410,1215,48,0
3966,39.660252803,182.205000000,100,1410,1215,48,0
3967,39.670248223,182.205000000,100,1410,1215,48,0
3968,39.680248062,182.205000000,100,1410,1215,48,0
3969,39.690245295,182.205000000,100,1410,1215,48,0
3970,39.700248099,182.205000000,100,1410,1215,48,0
3971,39.710248929,182.205000000,100,1410,1215,48,0
3972,39.720248287,182.205000000,100,1410,1215,48,0
3973,39.730249918,182.404000000,100,1410,1215,48,0
3974,39.740249306,182.404000000,100,1410,1215,48,0
3975,39.750248834,182.404000000,100,1410,1215,48,0
3976,39.760248492,182.404000000,100,1410,1215,48,0
3977,39.770248641,182.404000000,100,1410,1215,48,0
3978,39.780248379,182.404000000,100,1410,1215,48,0
3979,39.790248698,182.404000000,100,1410,1215,48,0
3980,39.800248887,182.404000000,100,1410,1215,48,0
3981,39.810248235,182.404000000,100,1410,1215,48,0
3982,39.820251980,182.404000000,100,1410,1215,48,0
3983,39.830248553,182.307000000,100,1410,1215,48,0
3984,39.840248611,182.307000000,100,1410,1215,48,0
3985,39.850247959,182.307000000,100,1410,1215,48,0
3986,39.860247166,182.307000000,100,1410,1215,48,0
3987,39.870248598,182.307000000,100,1410,1215,48,0
3988,39.880248366,182.307000000,100,1410,1215,48,0
3989,39.890247633,182.307000000,100,1410,1215,48,0
3990,39.900248133,182.307000000,100,1410,1215,48,0
3991,39.910247661,182.307000000,100,1410,1215,48,0
3992,39.920247769,182.307000000,100,1410,1215,48,0
3993,39.930249682,182.040000000,100,1410,1215,48,0
3994,39.940249009,182.040000000,100,1410,1215,48,0
3995,39.950251272,182.040000000,100,1410,1215,48,0
3996,39.960247323,182.040000000,100,1410,1215,48,0
3997,39.970247152,182.040000000,100,1410,1215,48,0
3998,39.980247371,182.040000000,100,1410,1215,48,0
3999,39.990247129,182.040000000,100,1410,1215,48,0
4000,40.000247418,182.040000000,100,1410,1215,48,0
4001,40.010251264,182.040000000,100,1410,1215,48,0
4002,40.020247516,182.040000000,100,1410,1215,48,0
4003,40.030247575,182.051000000,100,1410,1215,48,0
4004,40.040248335,182.051000000,100,1410,1215,48,0
4005,40.050247442,182.051000000,100,1410,1215,48,0
4006,40.060247240,182.051000000,100,1410,1215,48,0
4007,40.070247649,182.051000000,100,1410,1215,48,0
4008,40.080248139,182.051000000,100,1410,1215,48,0
4009,40.090248599,182.051000000,100,1410,1215,48,0
4010,40.100248277,182.051000000,100,1410,1215,48,0
4011,40.110251872,182.051000000,100,1410,1215,48,0
4012,40.120247813,182.051000000,100,1410,1215,48,0
4013,40.130248543,182.142000000,100,1410,1215,48,0
4014,40.140249564,182.142000000,100,1410,1215,48,0
4015,40.150248701,182.142000000,100,1410,1215,48,0
4016,40.160247798,182.142000000,100,1410,1215,48,0
4017,40.170248017,182.142000000,100,1410,1215,48,0
4018,40.180245190,182.142000000,100,1410,1215,48,0
4019,40.190247724,182.142000000,100,1410,1215,48,0
4020,40.200247512,182.142000000,100,1410,1215,48,0
4021,40.210246869,182.142000000,100,1410,1215,48,0
4022,40.220247029,182.142000000,100,1410,1215,48,0
4023,40.230248239,182.391000000,100,1410,1215,48,0
4024,40.240248779,182.391000000,100,1410,1215,48,0
4025,40.250247656,182.391000000,100,1410,1215,48,0
4026,40.260247745,182.391000000,100,1410,1215,48,0
4027,40.270253083,182.391000000,100,1410,1215,48,0
4028,40.280248313,182.391000000,100,1410,1215,48,0
4029,40.290248051,182.391000000,100,1410,1215,48,0
4030,40.300248611,182.391000000,100,1410,1215,48,0
4031,40.310248048,182.391000000,100,1410,1215,48,0
4032,40.320247947,182.391000000,100,1410,1215,48,0
4033,40.330249058,182.404000000,100,1410,1215,48,0
4034,40.340248506,182.404000000,100,1410,1215,48,0
4035,40.350251189,182.404000000,100,1410,1215,48,0
4036,40.360246970,182.404000000,100,1410,1215,48,0
4037,40.370248111,182.404000000,100,1410,1215,48,0
4038,40.380248540,182.404000000,100,1410,1215,48,0
4039,40.390247176,182.404000000,100,1410,1215,48,0
4040,40.400248458,182.404000000,100,1410,1215,48,0
4041,40.410248216,182.404000000,100,1410,1215,48,0
4042,40.420247433,182.404000000,100,1410,1215,48,0
4043,40.430249465,182.148000000,100,1410,1215,48,0
4044,40.440249574,182.148000000,100,1410,1215,48,0
4045,40.450247229,182.148000000,100,1410,1215,48,0
4046,40.460247908,182.148000000,100,1410,1215,48,0
4047,40.470251253,182.148000000,100,1410,1215,48,0
4048,40.480247956,182.148000000,100,1410,1215,48,0
4049,40.490247253,182.148000000,100,1410,1215,48,0
4050,40.500248224,182.148000000,100,1410,1215,48,0
4051,40.510252851,182.148000000,100,1410,1215,48,0
4052,40.520248812,182.148000000,100,1410,1215,48,0
4053,40.530248791,182.147000000,100,1410,1215,48,0
4054,40.540254019,182.147000000,100,1410,1215,48,0
4055,40.550249129,182.147000000,100,1410,1215,48,0
4056,40.560249088,182.147000000,100,1410,1215,48,0
4057,40.570247714,182.147000000,100,1410,1215,48,0
4058,40.580247732,182.147000000,100,1410,1215,48,0
4059,40.590253111,182.147000000,100,1410,1215,48,0
4060,40.600247940,182.147000000,100,1410,1215,48,0
4061,40.610247748,182.147000000,100,1410,1215,48,0
4062,40.620247376,182.147000000,100,1410,1215,48,0
4063,40.630247816,182.596000000,100,1410,1215,48,0
4064,40.640253195,182.596000000,100,1410,1215,48,0
4065,40.650247613,182.596000000,100,1410,1215,48,0
4066,40.660247201,182.596000000,100,1410,1215,48,0
4067,40.670247971,182.596000000,100,1410,1215,48,0
4068,40.680251917,182.596000000,100,1410,1215,48,0
4069,40.690252317,182.596000000,100,1410,1215,48,0
4070,40.700249881,182.596000000,100,1410,1215,48,0
4071,40.710247695,182.596000000,100,1410,1215,48,0
4072,40.720252433,182.596000000,100,1410,1215,48,0
4073,40.730249576,182.404000000,100,1410,1215,48,0
4074,40.740249535,182.404000000,100,1410,1215,48,0
4075,40.750248131,182.404000000,100,1410,1215,48,0
4076,40.760248771,182.404000000,100,1410,1215,48,0
4077,40.770247497,182.404000000,100,1410,1215,48,0
4078,40.780247476,182.404000000,100,1410,1215,48,0
4079,40.790248055,182.404000000,100,1410,1215,48,0
4080,40.800248064,182.404000000,100,1410,1215,48,0
4081,40.810248023,182.404000000,100,1410,1215,48,0
4082,40.820247230,182.404000000,100,1410,1215,48,0
4083,40.830248782,182.012000000,100,1410,1215,48,0
4084,40.840249441,182.012000000,100,1410,1215,48,0
4085,40.850247687,182.012000000,100,1410,1215,48,0
4086,40.860247916,182.012000000,100,1410,1215,48,0
4087,40.870248225,182.012000000,100,1410,1215,48,0
4088,40.880253263,182.012000000,100,1410,1215,48,0
4089,40.890253352,182.012000000,100,1410,1215,48,0
4090,40.900248021,182.012000000,100,1410,1215,48,0
4091,40.910247789,182.012000000,100,1410,1215,48,0
4092,40.920247878,182.012000000,100,1410,1215,48,0
4093,40.930249600,182.012000000,100,1410,1215,48,0
4094,40.940253927,182.012000000,100,1410,1215,48,0
4095,40.950248575,182.012000000,100,1410,1215,48,0
4096,40.960247752,182.012000000,100,1410,1215,48,0
4097,40.970249214,182.012000000,100,1410,1215,48,0
4098,40.980247609,182.012000000,100,1410,1215,48,0
4099,40.990248069,182.012000000,100,1410,1215,48,0
4100,41.000248128,182.012000000,100,1410,1215,48,0
4101,41.010247275,182.012000000,100,1410,1215,48,0
4102,41.020248406,182.012000000,100,1410,1215,48,0
4103,41.030248414,182.102000000,100,1410,1215,48,0
4104,41.040249245,182.102000000,100,1410,1215,48,0
4105,41.050247290,182.102000000,100,1410,1215,48,0
4106,41.060247609,182.102000000,100,1410,1215,48,0
4107,41.070247337,182.102000000,100,1410,1215,48,0
4108,41.080246013,182.102000000,100,1410,1215,48,0
4109,41.090248437,182.102000000,100,1410,1215,48,0
4110,41.100248215,182.102000000,100,1410,1215,48,0
4111,41.110247713,182.102000000,100,1410,1215,48,0
4112,41.120248162,182.102000000,100,1410,1215,48,0
4113,41.130248191,182.301000000,100,1410,1215,48,0
4114,41.140248410,182.301000000,100,1410,1215,48,0
4115,41.150248619,182.301000000,100,1410,1215,48,0
4116,41.160246574,182.301000000,100,1410,1215,48,0
4117,41.170247434,182.301000000,100,1410,1215,48,0
4118,41.180252021,182.301000000,100,1410,1215,48,0
4119,41.190247902,182.301000000,100,1410,1215,48,0
4120,41.200248642,182.301000000,100,1410,1215,48,0
4121,41.210247499,182.301000000,100,1410,1215,48,0
4122,41.220247668,182.301000000,100,1410,1215,48,0
4123,41.230248939,182.005000000,100,1410,1215,48,0
4124,41.240248958,182.005000000,100,1410,1215,48,0
4125,41.250247454,182.005000000,100,1410,1215,48,0
4126,41.260248063,182.005000000,100,1410,1215,48,0
4127,41.270248393,182.005000000,100,1410,1215,48,0
4128,41.280252239,182.005000000,100,1410,1215,48,0
4129,41.290247338,182.005000000,100,1410,1215,48,0
4130,41.300252426,182.005000000,100,1410,1215,48,0
4131,41.310249329,182.005000000,100,1410,1215,48,0
4132,41.320252754,182.005000000,100,1410,1215,48,0
4133,41.330249737,182.050000000,100,1410,1215,48,0
4134,41.340248644,182.050000000,100,1410,1215,48,0
4135,41.350248572,182.050000000,100,1410,1215,48,0
4136,41.360247850,182.050000000,100,1410,1215,48,0
4137,41.370248680,182.050000000,100,1410,1215,48,0
4138,41.380247998,182.050000000,100,1410,1215,48,0
4139,41.390248587,182.050000000,100,1410,1215,48,0
4140,41.400248917,182.050000000,100,1410,1215,48,0
4141,41.410248745,182.050000000,100,1410,1215,48,0
4142,41.420248493,182.050000000,100,1410,1215,48,0
4143,41.430248652,182.040000000,100,1410,1215,48,0
4144,41.440249713,182.040000000,100,1410,1215,48,0
4145,41.450248539,182.040000000,100,1410,1215,48,0
4146,41.460248538,182.040000000,100,1410,1215,48,0
4147,41.470247835,182.040000000,100,1410,1215,48,0
4148,41.480248014,182.040000000,100,1410,1215,48,0
4149,41.490248905,182.040000000,100,1410,1215,48,0
4150,41.500252490,182.040000000,100,1410,1215,48,0
4151,41.510249092,182.040000000,100,1410,1215,48,0
4152,41.520248620,182.040000000,100,1410,1215,48,0
4153,41.530249491,182.403000000,100,1410,1215,48,0
4154,41.540249088,182.403000000,100,1410,1215,48,0
4155,41.550248416,182.403000000,100,1410,1215,48,0
4156,41.560250048,182.403000000,100,1410,1215,48,0
4157,41.570248043,182.403000000,100,1410,1215,48,0
4158,41.580249664,182.403000000,100,1410,1215,48,0
4159,41.590248220,182.403000000,100,1410,1215,48,0
4160,41.600249301,182.403000000,100,1410,1215,48,0
4161,41.610247787,182.403000000,100,1410,1215,48,0
4162,41.620248557,182.403000000,100,1410,1215,48,0
4163,41.630249367,182.307000000,100,1410,1215,48,0
4164,41.640249025,182.307000000,100,1410,1215,48,0
4165,41.650248222,182.307000000,100,1410,1215,48,0
4166,41.660248502,182.307000000,100,1410,1215,48,0
4167,41.670247799,182.307000000,100,1410,1215,48,0
4168,41.680252076,182.307000000,100,1410,1215,48,0
4169,41.690248868,182.307000000,100,1410,1215,48,0
4170,41.700252965,182.307000000,100,1410,1215,48,0
4171,41.710247944,182.307000000,100,1410,1215,48,0
4172,41.720247752,182.307000000,100,1410,1215,48,0
4173,41.730249134,182.307000000,100,1410,1215,48,0
4174,41.740249363,182.148000000,100,1410,1215,48,0
4175,41.750247818,182.148000000,100,1410,1215,48,0
4176,41.760252336,182.148000000,100,1410,1215,48,0
4177,41.770248577,182.148000000,100,1410,1215,48,0
4178,41.780252924,182.148000000,100,1410,1215,48,0
4179,41.790248474,182.148000000,100,1410,1215,48,0
4180,41.800248122,182.148000000,100,1410,1215,48,0
4181,41.810247971,182.148000000,100,1410,1215,48,0
4182,41.820249072,182.148000000,100,1410,1215,48,0
4183,41.830248539,182.103000000,100,1410,1215,48,0
4184,41.840250582,182.103000000,100,1410,1215,48,0
4185,41.850249939,182.103000000,100,1410,1215,48,0
4186,41.860248946,182.103000000,100,1410,1215,48,0
4187,41.870248244,182.103000000,100,1410,1215,48,0
4188,41.880248893,182.103000000,100,1410,1215,48,0
4189,41.890248712,182.103000000,100,1410,1215,48,0
4190,41.900248500,182.103000000,100,1410,1215,48,0
4191,41.910247687,182.103000000,100,1410,1215,48,0
4192,41.920248658,182.103000000,100,1410,1215,48,0
4193,41.930249017,182.500000000,100,1410,1215,48,0
4194,41.940249917,182.500000000,100,1410,1215,48,0
4195,41.950248313,182.500000000,100,1410,1215,48,0
4196,41.960248502,182.500000000,100,1410,1215,48,0
4197,41.970252929,182.500000000,100,1410,1215,48,0
4198,41.980248700,182.500000000,100,1410,1215,48,0
4199,41.990248719,182.500000000,100,1410,1215,48,0
4200,42.000248076,182.500000000,100,1410,1215,48,0
4201,42.010249217,182.500000000,100,1410,1215,48,0
4202,42.020253373,182.500000000,100,1410,1215,48,0
4203,42.030249505,182.307000000,100,1410,1215,48,0
4204,42.040250175,182.307000000,100,1410,1215,48,0
4205,42.050248450,182.307000000,100,1410,1215,48,0
4206,42.060247918,182.307000000,100,1410,1215,48,0
4207,42.070248458,182.307000000,100,1410,1215,48,0
4208,42.080248216,182.307000000,100,1410,1215,48,0
4209,42.090249036,182.307000000,100,1410,1215,48,0
4210,42.100248444,182.307000000,100,1410,1215,48,0
4211,42.110248703,182.307000000,100,1410,1215,48,0
4212,42.120252218,182.307000000,100,1410,1215,48,0
4213,42.130249121,182.159000000,100,1410,1215,48,0
4214,42.140253568,182.159000000,100,1410,1215,48,0
4215,42.150247475,182.159000000,100,1410,1215,48,0
4216,42.160248887,182.159000000,100,1410,1215,48,0
4217,42.170248655,182.159000000,100,1410,1215,48,0
4218,42.180247792,182.159000000,100,1410,1215,48,0
4219,42.190248101,182.159000000,100,1410,1215,48,0
4220,42.200248871,182.159000000,100,1410,1215,48,0
4221,42.210248670,182.159000000,100,1410,1215,48,0
4222,42.220249149,182.159000000,100,1410,1215,48,0
4223,42.230248847,182.159000000,100,1410,1215,48,0
4224,42.240249537,182.159000000,100,1410,1215,48,0
4225,42.250252441,182.159000000,100,1410,1215,48,0
4226,42.260248653,182.159000000,100,1410,1215,48,0
4227,42.270252459,182.159000000,100,1410,1215,48,0
4228,42.280247869,182.159000000,100,1410,1215,48,0
4229,42.290247888,182.159000000,100,1410,1215,48,0
4230,42.300248578,182.159000000,100,1410,1215,48,0
4231,42.310248105,182.159000000,100,1410,1215,48,0
4232,42.320248084,182.159000000,100,1410,1215,48,0
4233,42.330249355,182.205000000,100,1410,1215,48,0
4234,42.340253772,182.205000000,100,1410,1215,48,0
4235,42.350249182,182.205000000,100,1410,1215,48,0
4236,42.360247618,182.205000000,100,1410,1215,48,0
4237,42.370252456,182.205000000,100,1410,1215,48,0
4238,42.380247976,182.205000000,100,1410,1215,48,0
4239,42.390248355,182.205000000,100,1410,1215,48,0
4240,42.400247983,182.205000000,100,1410,1215,48,0
4241,42.410248443,182.205000000,100,1410,1215,48,0
4242,42.420248422,182.205000000,100,1410,1215,48,0
4243,42.430250374,182.295000000,100,1410,1215,48,0
4244,42.440248910,182.295000000,100,1410,1215,48,0
4245,42.450248017,182.295000000,100,1410,1215,48,0
4246,42.460247965,182.295000000,100,1410,1215,48,0
4247,42.470247874,182.295000000,100,1410,1215,48,0
4248,42.480248925,182.295000000,100,1410,1215,48,0
4249,42.490248322,182.295000000,100,1410,1215,48,0
4250,42.500248291,182.295000000,100,1410,1215,48,0
4251,42.510247758,182.295000000,100,1410,1215,48,0
4252,42.520248368,182.295000000,100,1410,1215,48,0
4253,42.530249158,182.295000000,100,1410,1215,48,0
4254,42.540249137,182.217000000,100,1410,1215,48,0
4255,42.550248795,182.217000000,100,1410,1215,48,0
4256,42.560248674,182.217000000,100,1410,1215,48,0
4257,42.570248592,182.217000000,100,1410,1215,48,0
4258,42.580248110,182.217000000,100,1410,1215,48,0
4259,42.590248329,182.217000000,100,1410,1215,48,0
4260,42.600248738,182.217000000,100,1410,1215,48,0
4261,42.610248707,182.217000000,100,1410,1215,48,0
4262,42.620248135,182.217000000,100,1410,1215,48,0
4263,42.630252401,182.217000000,100,1410,1215,48,0
4264,42.640249274,182.051000000,100,1410,1215,48,0
4265,42.650248141,182.051000000,100,1410,1215,48,0
4266,42.660249261,182.051000000,100,1410,1215,48,0
4267,42.670249210,182.051000000,100,1410,1215,48,0
4268,42.680249770,182.051000000,100,1410,1215,48,0
4269,42.690247654,182.051000000,100,1410,1215,48,0
4270,42.700252182,182.051000000,100,1410,1215,48,0
4271,42.710248343,182.051000000,100,1410,1215,48,0
4272,42.720248552,182.051000000,100,1410,1215,48,0
4273,42.730252629,182.051000000,100,1410,1215,48,0
4274,42.740249732,182.461000000,100,1410,1215,48,0
4275,42.750252756,182.461000000,100,1410,1215,48,0
4276,42.760248357,182.461000000,100,1410,1215,48,0
4277,42.770246662,182.461000000,100,1410,1215,48,0
4278,42.780247192,182.461000000,100,1410,1215,48,0
4279,42.790247942,182.461000000,100,1410,1215,48,0
4280,42.800247720,182.461000000,100,1410,1215,48,0
4281,42.810247328,182.461000000,100,1410,1215,48,0
4282,42.820247277,182.461000000,100,1410,1215,48,0
4283,42.830248327,182.461000000,100,1410,1215,48,0
4284,42.840249418,182.353000000,100,1410,1215,48,0
4285,42.850247583,182.353000000,100,1410,1215,48,0
4286,42.860246951,182.353000000,100,1410,1215,48,0
4287,42.870248663,182.353000000,100,1410,1215,48,0
4288,42.880248261,182.353000000,100,1410,1215,48,0
4289,42.890248550,182.353000000,100,1410,1215,48,0
4290,42.900247587,182.353000000,100,1410,1215,48,0
4291,42.910248798,182.353000000,100,1410,1215,48,0
4292,42.920247424,182.353000000,100,1410,1215,48,0
4293,42.930252101,182.353000000,100,1410,1215,48,0
4294,42.940249295,182.148000000,100,1410,1215,48,0
4295,42.950251798,182.148000000,100,1410,1215,48,0
4296,42.960247489,182.148000000,100,1410,1215,48,0
4297,42.970248129,182.148000000,100,1410,1215,48,0
4298,42.980248328,182.148000000,100,1410,1215,48,0
4299,42.990248497,182.148000000,100,1410,1215,48,0
4300,43.000248185,182.148000000,100,1410,1215,48,0
4301,43.010248133,182.148000000,100,1410,1215,48,0
4302,43.020248723,182.148000000,100,1410,1215,48,0
4303,43.030248692,182.198000000,100,1410,1215,48,0
4304,43.040249291,182.198000000,100,1410,1215,48,0
4305,43.050248659,182.198000000,100,1410,1215,48,0
4306,43.060246984,182.198000000,100,1410,1215,48,0
4307,43.070247785,182.198000000,100,1410,1215,48,0
4308,43.080248094,182.198000000,100,1410,1215,48,0
4309,43.090247972,182.198000000,100,1410,1215,48,0
4310,43.100247781,182.198000000,100,1410,1215,48,0
4311,43.110247900,182.198000000,100,1410,1215,48,0
4312,43.120251956,182.198000000,100,1410,1215,48,0
4313,43.130248969,182.198000000,100,1410,1215,48,0
4314,43.140253166,182.404000000,100,1410,1215,48,0
4315,43.150247744,182.404000000,100,1410,1215,48,0
4316,43.160247522,182.404000000,100,1410,1215,48,0
4317,43.170252561,182.404000000,100,1410,1215,48,0
4318,43.180248031,182.404000000,100,1410,1215,48,0
4319,43.190252067,182.404000000,100,1410,1215,48,0
4320,43.200248349,182.404000000,100,1410,1215,48,0
4321,43.210248878,182.404000000,100,1410,1215,48,0
4322,43.220248336,182.404000000,100,1410,1215,48,0
4323,43.230248285,182.313000000,100,1410,1215,48,0
4324,43.240248985,182.313000000,100,1410,1215,48,0
4325,43.250248002,182.313000000,100,1410,1215,48,0
4326,43.260248010,182.313000000,100,1410,1215,48,0
4327,43.270252698,182.313000000,100,1410,1215,48,0
4328,43.280247927,182.313000000,100,1410,1215,48,0
4329,43.290248267,182.313000000,100,1410,1215,48,0
4330,43.300248486,182.313000000,100,1410,1215,48,0
4331,43.310247783,182.313000000,100,1410,1215,48,0
4332,43.320247261,182.313000000,100,1410,1215,48,0
4333,43.330248552,182.448000000,100,1410,1215,48,0
4334,43.340252879,182.448000000,100,1410,1215,48,0
4335,43.350247878,182.448000000,100,1410,1215,48,0
4336,43.360251093,182.448000000,100,1410,1215,48,0
4337,43.370248757,182.448000000,100,1410,1215,48,0
4338,43.380247954,182.448000000,100,1410,1215,48,0
4339,43.390248574,182.448000000,100,1410,1215,48,0
4340,43.400247621,182.448000000,100,1410,1215,48,0
4341,43.410247600,182.448000000,100,1410,1215,48,0
4342,43.420252437,182.448000000,100,1410,1215,48,0
4343,43.430252967,182.255000000,100,1410,1215,48,0
4344,43.440248898,182.255000000,100,1410,1215,48,0
4345,43.450247695,182.255000000,100,1410,1215,48,0
4346,43.460247042,182.255000000,100,1410,1215,48,0
4347,43.470252411,182.255000000,100,1410,1215,48,0
4348,43.480248091,182.255000000,100,1410,1215,48,0
4349,43.490248320,182.255000000,100,1410,1215,48,0
4350,43.500248109,182.255000000,100,1410,1215,48,0
4351,43.510247356,182.255000000,100,1410,1215,48,0
4352,43.520247866,182.255000000,100,1410,1215,48,0
4353,43.530248506,182.147000000,100,1410,1215,48,0
4354,43.540248905,182.147000000,100,1410,1215,48,0
4355,43.550248373,182.147000000,100,1410,1215,48,0
4356,43.560247550,182.147000000,100,1410,1215,48,0
4357,43.570247979,182.147000000,100,1410,1215,48,0
4358,43.580247758,182.147000000,100,1410,1215,48,0
4359,43.590247005,182.147000000,100,1410,1215,48,0
4360,43.600246743,182.147000000,100,1410,1215,48,0
4361,43.610247613,182.147000000,100,1410,1215,48,0
4362,43.620248013,182.147000000,100,1410,1215,48,0
4363,43.630249254,182.307000000,100,1410,1215,48,0
4364,43.640252258,182.307000000,100,1410,1215,48,0
4365,43.650248019,182.307000000,100,1410,1215,48,0
4366,43.660247036,182.307000000,100,1410,1215,48,0
4367,43.670247575,182.307000000,100,1410,1215,48,0
4368,43.680251371,182.307000000,100,1410,1215,48,0
4369,43.690245779,182.307000000,100,1410,1215,48,0
4370,43.700247441,182.307000000,100,1410,1215,48,0
4371,43.710248261,182.307000000,100,1410,1215,48,0
4372,43.720252528,182.307000000,100,1410,1215,48,0
4373,43.730249912,182.307000000,100,1410,1215,48,0
4374,43.740249700,182.307000000,100,1410,1215,48,0
4375,43.750248256,182.307000000,100,1410,1215,48,0
4376,43.760251451,182.307000000,100,1410,1215,48,0
4377,43.770252291,182.307000000,100,1410,1215,48,0
4378,43.780248082,182.307000000,100,1410,1215,48,0
4379,43.790248431,182.307000000,100,1410,1215,48,0
4380,43.800248280,182.307000000,100,1410,1215,48,0
4381,43.810248318,182.307000000,100,1410,1215,48,0
4382,43.820247065,182.307000000,100,1410,1215,48,0
4383,43.830249077,182.295000000,100,1410,1215,48,0
4384,43.840250218,182.295000000,100,1410,1215,48,0
4385,43.850247271,182.295000000,100,1410,1215,48,0
4386,43.860247140,182.295000000,100,1410,1215,48,0
4387,43.870255925,182.295000000,100,1410,1215,48,0
4388,43.880247347,182.295000000,100,1410,1215,48,0
4389,43.890247566,182.295000000,100,1410,1215,48,0
4390,43.900247926,182.295000000,100,1410,1215,48,0
4391,43.910247804,182.295000000,100,1410,1215,48,0
4392,43.920247132,182.295000000,100,1410,1215,48,0
4393,43.930248132,182.197000000,100,1410,1215,48,0
4394,43.940252369,182.197000000,100,1410,1215,48,0
4395,43.950248480,182.197000000,100,1410,1215,48,0
4396,43.960246966,182.197000000,100,1410,1215,48,0
4397,43.970248848,182.197000000,100,1410,1215,48,0
4398,43.980247565,182.197000000,100,1410,1215,48,0
4399,43.990252633,182.197000000,100,1410,1215,48,0
4400,44.000247512,182.197000000,100,1410,1215,48,0
4401,44.010247731,182.197000000,100,1410,1215,48,0
4402,44.020248511,182.197000000,100,1410,1215,48,0
4403,44.030253249,182.313000000,100,1410,1215,48,0
4404,44.040249490,182.313000000,100,1410,1215,48,0
4405,44.050251783,182.313000000,100,1410,1215,48,0
4406,44.060247895,182.313000000,100,1410,1215,48,0
4407,44.070251941,182.313000000,100,1410,1215,48,0
4408,44.080248463,182.313000000,100,1410,1215,48,0
4409,44.090247680,182.313000000,100,1410,1215,48,0
4410,44.100248210,182.313000000,100,1410,1215,48,0
4411,44.110248028,182.313000000,100,1410,1215,48,0
4412,44.120247596,182.313000000,100,1410,1215,48,0
4413,44.130248987,182.256000000,100,1410,1215,48,0
4414,44.140248395,182.256000000,100,1410,1215,48,0
4415,44.150248344,182.256000000,100,1410,1215,48,0
4416,44.160247330,182.256000000,100,1410,1215,48,0
4417,44.170248281,182.256000000,100,1410,1215,48,0
4418,44.180247719,182.256000000,100,1410,1215,48,0
4419,44.190248829,182.256000000,100,1410,1215,48,0
4420,44.200248057,182.256000000,100,1410,1215,48,0
4421,44.210248777,182.256000000,100,1410,1215,48,0
4422,44.220248324,182.256000000,100,1410,1215,48,0
4423,44.230248604,182.294000000,100,1410,1215,48,0
4424,44.240248532,182.294000000,100,1410,1215,48,0
4425,44.250248270,182.294000000,100,1410,1215,48,0
4426,44.260248149,182.294000000,100,1410,1215,48,0
4427,44.270248989,182.294000000,100,1410,1215,48,0
4428,44.280248276,182.294000000,100,1410,1215,48,0
4429,44.290247804,182.294000000,100,1410,1215,48,0
4430,44.300248614,182.294000000,100,1410,1215,48,0
4431,44.310248623,182.294000000,100,1410,1215,48,0
4432,44.320248932,182.294000000,100,1410,1215,48,0
4433,44.330248400,182.391000000,100,1410,1215,48,0
4434,44.340248579,182.391000000,100,1410,1215,48,0
4435,44.350249169,182.391000000,100,1410,1215,48,0
4436,44.360247534,182.391000000,100,1410,1215,48,0
4437,44.370248755,182.391000000,100,1410,1215,48,0
4438,44.380248724,182.391000000,100,1410,1215,48,0
4439,44.390248112,182.391000000,100,1410,1215,48,0
4440,44.400248271,182.391000000,100,1410,1215,48,0
4441,44.410248450,182.391000000,100,1410,1215,48,0
4442,44.420247737,182.391000000,100,1410,1215,48,0
4443,44.430248437,182.040000000,100,1410,1215,48,0
4444,44.440249698,182.040000000,100,1410,1215,48,0
4445,44.450247312,182.040000000,100,1410,1215,48,0
4446,44.460247571,182.040000000,100,1410,1215,48,0
4447,44.470249003,182.040000000,100,1410,1215,48,0
4448,44.480252718,182.040000000,100,1410,1215,48,0
4449,44.490249341,182.040000000,100,1410,1215,48,0
4450,44.500247726,182.040000000,100,1410,1215,48,0
4451,44.510249388,182.040000000,100,1410,1215,48,0
4452,44.520248535,182.040000000,100,1410,1215,48,0
4453,44.530249426,181.943000000,100,1410,1215,48,0
4454,44.540249865,181.943000000,100,1410,1215,48,0
4455,44.550248301,181.943000000,100,1410,1215,48,0
4456,44.560248971,181.943000000,100,1410,1215,48,0
4457,44.570249120,181.943000000,100,1410,1215,48,0
4458,44.580248487,181.943000000,100,1410,1215,48,0
4459,44.590249127,181.943000000,100,1410,1215,48,0
4460,44.600248635,181.943000000,100,1410,1215,48,0
4461,44.610248994,181.943000000,100,1410,1215,48,0
4462,44.620248402,181.943000000,100,1410,1215,48,0
4463,44.630249653,182.500000000,100,1410,1215,48,0
4464,44.640253829,182.500000000,100,1410,1215,48,0
4465,44.650248809,182.500000000,100,1410,1215,48,0
4466,44.660248447,182.500000000,100,1410,1215,48,0
4467,44.670248225,182.500000000,100,1410,1215,48,0
4468,44.680249546,182.500000000,100,1410,1215,48,0
4469,44.690248293,182.500000000,100,1410,1215,48,0
4470,44.700249734,182.500000000,100,1410,1215,48,0
4471,44.710247939,182.500000000,100,1410,1215,48,0
4472,44.720247988,182.500000000,100,1410,1215,48,0
4473,44.730249089,182.392000000,100,1410,1215,48,0
4474,44.740248386,182.392000000,100,1410,1215,48,0
4475,44.750248605,182.392000000,100,1410,1215,48,0
4476,44.760252702,182.392000000,100,1410,1215,48,0
4477,44.770252610,182.392000000,100,1410,1215,48,0
4478,44.780248481,182.392000000,100,1410,1215,48,0
4479,44.790247768,182.392000000,100,1410,1215,48,0
4480,44.800248488,182.392000000,100,1410,1215,48,0
4481,44.810248878,182.392000000,100,1410,1215,48,0
4482,44.820248776,182.392000000,100,1410,1215,48,0
4483,44.830249226,182.148000000,100,1410,1215,48,0
4484,44.840249405,182.148000000,100,1410,1215,48,0
4485,44.850248241,182.148000000,100,1410,1215,48,0
4486,44.860248801,182.148000000,100,1410,1215,48,0
4487,44.870248459,182.148000000,100,1410,1215,48,0
4488,44.880248137,182.148000000,100,1410,1215,48,0
4489,44.890248356,182.148000000,100,1410,1215,48,0
4490,44.900247413,182.148000000,100,1410,1215,48,0
4491,44.910247502,182.148000000,100,1410,1215,48,0
4492,44.920247541,182.148000000,100,1410,1215,48,0
4493,44.930248040,182.199000000,100,1410,1215,48,0
4494,44.940248600,182.199000000,100,1410,1215,48,0
4495,44.950247607,182.199000000,100,1410,1215,48,0
4496,44.960251653,182.199000000,100,1410,1215,48,0
4497,44.970248596,182.199000000,100,1410,1215,48,0
4498,44.980247112,182.199000000,100,1410,1215,48,0
4499,44.990247982,182.199000000,100,1410,1215,48,0
4500,45.000247350,182.199000000,100,1410,1215,48,0
4501,45.010248391,182.199000000,100,1410,1215,48,0
4502,45.020252938,182.199000000,100,1410,1215,48,0
4503,45.030250322,182.403000000,100,1410,1215,48,0
4504,45.040248547,182.403000000,100,1410,1215,48,0
4505,45.050248145,182.403000000,100,1410,1215,48,0
4506,45.060248164,182.403000000,100,1410,1215,48,0
4507,45.070251859,182.403000000,100,1410,1215,48,0
4508,45.080248692,182.403000000,100,1410,1215,48,0
4509,45.090248180,182.403000000,100,1410,1215,48,0
4510,45.100257446,182.403000000,100,1410,1215,48,0
4511,45.110247977,182.403000000,100,1410,1215,48,0
4512,45.120248957,182.403000000,100,1410,1215,48,0
4513,45.130247864,182.500000000,100,1410,1215,48,0
4514,45.140249476,182.500000000,100,1410,1215,48,0
4515,45.150248943,182.500000000,100,1410,1215,48,0
4516,45.160252168,182.500000000,100,1410,1215,48,0
4517,45.170248019,182.500000000,100,1410,1215,48,0
4518,45.180248979,182.500000000,100,1410,1215,48,0
4519,45.190252214,182.500000000,100,1410,1215,48,0
4520,45.200248897,182.500000000,100,1410,1215,48,0
4521,45.210247493,182.500000000,100,1410,1215,48,0
4522,45.220248774,182.500000000,100,1410,1215,48,0
4523,45.230253952,182.461000000,100,1410,1215,48,0
4524,45.240250184,182.461000000,100,1410,1215,48,0
4525,45.250248780,182.461000000,100,1410,1215,48,0
4526,45.260248448,182.461000000,100,1410,1215,48,0
4527,45.270248557,182.461000000,100,1410,1215,48,0
4528,45.280248756,182.461000000,100,1410,1215,48,0
4529,45.290248314,182.461000000,100,1410,1215,48,0
4530,45.300248052,182.461000000,100,1410,1215,48,0
4531,45.310252629,182.461000000,100,1410,1215,48,0
4532,45.320247488,182.461000000,100,1410,1215,48,0
4533,45.330248539,182.294000000,100,1410,1215,48,0
4534,45.340249209,182.294000000,100,1410,1215,48,0
4535,45.350248145,182.294000000,100,1410,1215,48,0
4536,45.360248525,182.294000000,100,1410,1215,48,0
4537,45.370248924,182.294000000,100,1410,1215,48,0
4538,45.380248312,182.294000000,100,1410,1215,48,0
4539,45.390247850,182.294000000,100,1410,1215,48,0
4540,45.400248289,182.294000000,100,1410,1215,48,0
4541,45.410247737,182.294000000,100,1410,1215,48,0
4542,45.420247996,182.294000000,100,1410,1215,48,0
4543,45.430248626,182.256000000,100,1410,1215,48,0
4544,45.440249867,182.256000000,100,1410,1215,48,0
4545,45.450248513,182.256000000,100,1410,1215,48,0
4546,45.460252880,182.256000000,100,1410,1215,48,0
4547,45.470248250,182.256000000,100,1410,1215,48,0
4548,45.480248419,182.256000000,100,1410,1215,48,0
4549,45.490247426,182.256000000,100,1410,1215,48,0
4550,45.500249077,182.256000000,100,1410,1215,48,0
4551,45.510247413,182.256000000,100,1410,1215,48,0
4552,45.520248814,182.256000000,100,1410,1215,48,0
4553,45.530250386,182.334000000,100,1410,1215,48,0
4554,45.540249423,182.334000000,100,1410,1215,48,0
4555,45.550249011,182.334000000,100,1410,1215,48,0
4556,45.560252366,182.334000000,100,1410,1215,48,0
4557,45.570249068,182.334000000,100,1410,1215,48,0
4558,45.580248887,182.334000000,100,1410,1215,48,0
4559,45.590247613,182.334000000,100,1410,1215,48,0
4560,45.600247351,182.334000000,100,1410,1215,48,0
4561,45.610248161,182.334000000,100,1410,1215,48,0
4562,45.620248430,182.334000000,100,1410,1215,48,0
4563,45.630248199,182.307000000,100,1410,1215,48,0
4564,45.640248668,182.307000000,100,1410,1215,48,0
4565,45.650248226,182.307000000,100,1410,1215,48,0
4566,45.660248786,182.307000000,100,1410,1215,48,0
4567,45.670252381,182.307000000,100,1410,1215,48,0
4568,45.680248743,182.307000000,100,1410,1215,48,0
4569,45.690248521,182.307000000,100,1410,1215,48,0
4570,45.700248580,182.307000000,100,1410,1215,48,0
4571,45.710252436,182.307000000,100,1410,1215,48,0
4572,45.720249139,182.307000000,100,1410,1215,48,0
4573,45.730249989,182.148000000,100,1410,1215,48,0
4574,45.740249897,182.148000000,100,1410,1215,48,0
4575,45.750247672,182.148000000,100,1410,1215,48,0
4576,45.760248702,182.148000000,100,1410,1215,48,0
4577,45.770247819,182.148000000,100,1410,1215,48,0
4578,45.780247708,182.148000000,100,1410,1215,48,0
4579,45.790248017,182.148000000,100,1410,1215,48,0
4580,45.800247425,182.148000000,100,1410,1215,48,0
4581,45.810247834,182.148000000,100,1410,1215,48,0
4582,45.820246861,182.148000000,100,1410,1215,48,0
4583,45.830249665,182.205000000,100,1410,1215,48,0
4584,45.840248201,182.205000000,100,1410,1215,48,0
4585,45.850247809,182.205000000,100,1410,1215,48,0
4586,45.860248479,182.205000000,100,1410,1215,48,0
4587,45.870247476,182.205000000,100,1410,1215,48,0
4588,45.880248446,182.205000000,100,1410,1215,48,0
4589,45.890247724,182.205000000,100,1410,1215,48,0
4590,45.900249285,182.205000000,100,1410,1215,48,0
4591,45.910249204,182.205000000,100,1410,1215,48,0
4592,45.920248261,182.205000000,100,1410,1215,48,0
4593,45.930248540,182.205000000,100,1410,1215,48,0
4594,45.940250372,182.500000000,100,1410,1215,48,0
4595,45.950247666,182.500000000,100,1410,1215,48,0
4596,45.960247584,182.500000000,100,1410,1215,48,0
4597,45.970247312,182.500000000,100,1410,1215,48,0
4598,45.980252631,182.500000000,100,1410,1215,48,0
4599,45.990248512,182.500000000,100,1410,1215,48,0
4600,46.000247659,182.500000000,100,1410,1215,48,0
4601,46.010248569,182.500000000,100,1410,1215,48,0
4602,46.020247877,182.500000000,100,1410,1215,48,0
4603,46.030249178,182.500000000,100,1410,1215,48,0
4604,46.040250399,182.302000000,100,1410,1215,48,0
4605,46.050247372,182.302000000,100,1410,1215,48,0
4606,46.060252270,182.302000000,100,1410,1215,48,0
4607,46.070248201,182.302000000,100,1410,1215,48,0
4608,46.080248320,182.302000000,100,1410,1215,48,0
4609,46.090247737,182.302000000,100,1410,1215,48,0
4610,46.100248297,182.302000000,100,1410,1215,48,0
4611,46.110251963,182.302000000,100,1410,1215,48,0
4612,46.120248475,182.302000000,100,1410,1215,48,0
4613,46.130249205,182.302000000,100,1410,1215,48,0
4614,46.140250135,182.051000000,100,1410,1215,48,0
4615,46.150247840,182.051000000,100,1410,1215,48,0
4616,46.160252186,182.051000000,100,1410,1215,48,0
4617,46.170248067,182.051000000,100,1410,1215,48,0
4618,46.180251733,182.051000000,100,1410,1215,48,0
4619,46.190248025,182.051000000,100,1410,1215,48,0
4620,46.200247733,182.051000000,100,1410,1215,48,0
4621,46.210247982,182.051000000,100,1410,1215,48,0
4622,46.220248361,182.051000000,100,1410,1215,48,0
4623,46.230248651,182.051000000,100,1410,1215,48,0
4624,46.240249411,182.404000000,100,1410,1215,48,0
4625,46.250248077,182.404000000,100,1410,1215,48,0
4626,46.260248256,182.404000000,100,1410,1215,48,0
4627,46.270247463,182.404000000,100,1410,1215,48,0
4628,46.280246800,182.404000000,100,1410,1215,48,0
4629,46.290247330,182.404000000,100,1410,1215,48,0
4630,46.300247449,182.404000000,100,1410,1215,48,0
4631,46.310247528,182.404000000,100,1410,1215,48,0
4632,46.320248869,182.404000000,100,1410,1215,48,0
4633,46.330248738,182.404000000,100,1410,1215,48,0
4634,46.340253064,182.398000000,100,1410,1215,48,0
4635,46.350248324,182.398000000,100,1410,1215,48,0
4636,46.360248313,182.398000000,100,1410,1215,48,0
4637,46.370247690,182.398000000,100,1410,1215,48,0
4638,46.380248200,182.398000000,100,1410,1215,48,0
4639,46.390248670,182.398000000,100,1410,1215,48,0
4640,46.400248678,182.398000000,100,1410,1215,48,0
4641,46.410246994,182.398000000,100,1410,1215,48,0
4642,46.420246802,182.398000000,100,1410,1215,48,0
4643,46.430248384,182.398000000,100,1410,1215,48,0
4644,46.440253572,182.314000000,100,1410,1215,48,0
4645,46.450248131,182.314000000,100,1410,1215,48,0
4646,46.460248069,182.314000000,100,1410,1215,48,0
4647,46.470252917,182.314000000,100,1410,1215,48,0
4648,46.480249068,182.314000000,100,1410,1215,48,0
4649,46.490247534,182.314000000,100,1410,1215,48,0
4650,46.500253314,182.314000000,100,1410,1215,48,0
4651,46.510248203,182.314000000,100,1410,1215,48,0
4652,46.520248161,182.314000000,100,1410,1215,48,0
4653,46.530248541,182.314000000,100,1410,1215,48,0
4654,46.540249481,182.461000000,100,1410,1215,48,0
4655,46.550247627,182.461000000,100,1410,1215,48,0
4656,46.560247745,182.461000000,100,1410,1215,48,0
4657,46.570247955,182.461000000,100,1410,1215,48,0
4658,46.580248514,182.461000000,100,1410,1215,48,0
4659,46.590248343,182.461000000,100,1410,1215,48,0
4660,46.600246838,182.461000000,100,1410,1215,48,0
4661,46.610248280,182.461000000,100,1410,1215,48,0
4662,46.620248589,182.461000000,100,1410,1215,48,0
4663,46.630248468,182.461000000,100,1410,1215,48,0
4664,46.640248546,182.403000000,100,1410,1215,48,0
4665,46.650251250,182.403000000,100,1410,1215,48,0
4666,46.660247842,182.403000000,100,1410,1215,48,0
4667,46.670247951,182.403000000,100,1410,1215,48,0
4668,46.680247429,182.403000000,100,1410,1215,48,0
4669,46.690248269,182.403000000,100,1410,1215,48,0
4670,46.700247697,182.403000000,100,1410,1215,48,0
4671,46.710260510,182.403000000,100,1410,1215,48,0
4672,46.720247754,182.403000000,100,1410,1215,48,0
4673,46.730248184,182.403000000,100,1410,1215,48,0
4674,46.740249796,182.403000000,100,1410,1215,48,0
4675,46.750247300,182.403000000,100,1410,1215,48,0
4676,46.760245886,182.403000000,100,1410,1215,48,0
4677,46.770247227,182.403000000,100,1410,1215,48,0
4678,46.780247296,182.403000000,100,1410,1215,48,0
4679,46.790247284,182.403000000,100,1410,1215,48,0
4680,46.800253144,182.403000000,100,1410,1215,48,0
4681,46.810247452,182.403000000,100,1410,1215,48,0
4682,46.820252150,182.403000000,100,1410,1215,48,0
4683,46.830249143,182.500000000,100,1410,1215,48,0
4684,46.840249953,182.500000000,100,1410,1215,48,0
4685,46.850247377,182.500000000,100,1410,1215,48,0
4686,46.860248688,182.500000000,100,1410,1215,48,0
4687,46.870248316,182.500000000,100,1410,1215,48,0
4688,46.880252933,182.500000000,100,1410,1215,48,0
4689,46.890249175,182.500000000,100,1410,1215,48,0
4690,46.900247620,182.500000000,100,1410,1215,48,0
4691,46.910252649,182.500000000,100,1410,1215,48,0
4692,46.920248760,182.500000000,100,1410,1215,48,0
4693,46.930248779,182.500000000,100,1410,1215,48,0
4694,46.940248988,182.404000000,100,1410,1215,48,0
4695,46.950247333,182.404000000,100,1410,1215,48,0
4696,46.960247332,182.404000000,100,1410,1215,48,0
4697,46.970247942,182.404000000,100,1410,1215,48,0
4698,46.980247400,182.404000000,100,1410,1215,48,0
4699,46.990247178,182.404000000,100,1410,1215,48,0
4700,47.000247898,182.404000000,100,1410,1215,48,0
4701,47.010247786,182.404000000,100,1410,1215,48,0
4702,47.020247505,182.404000000,100,1410,1215,48,0
4703,47.030252012,182.404000000,100,1410,1215,48,0
4704,47.040249295,182.403000000,100,1410,1215,48,0
4705,47.050248302,182.403000000,100,1410,1215,48,0
4706,47.060247479,182.403000000,100,1410,1215,48,0
4707,47.070435170,182.403000000,100,1410,1215,48,0
4708,47.080248388,182.403000000,100,1410,1215,48,0
4709,47.090247445,182.403000000,100,1410,1215,48,0
4710,47.100248105,182.403000000,100,1410,1215,48,0
4711,47.110247112,182.403000000,100,1410,1215,48,0
4712,47.120247551,182.403000000,100,1410,1215,48,0
4713,47.130249153,182.403000000,100,1410,1215,48,0
4714,47.140249212,182.404000000,100,1410,1215,48,0
4715,47.150252867,182.404000000,100,1410,1215,48,0
4716,47.160248438,182.404000000,100,1410,1215,48,0
4717,47.170249569,182.404000000,100,1410,1215,48,0
4718,47.180247794,182.404000000,100,1410,1215,48,0
4719,47.190248344,182.404000000,100,1410,1215,48,0
4720,47.200251879,182.404000000,100,1410,1215,48,0
4721,47.210247309,182.404000000,100,1410,1215,48,0
4722,47.220249272,182.404000000,100,1410,1215,48,0
4723,47.230249561,182.404000000,100,1410,1215,48,0
4724,47.240251193,182.245000000,100,1410,1215,48,0
4725,47.250251492,182.245000000,100,1410,1215,48,0
4726,47.260247794,182.245000000,100,1410,1215,48,0
4727,47.270247832,182.245000000,100,1410,1215,48,0
4728,47.280251728,182.245000000,100,1410,1215,48,0
4729,47.290247269,182.245000000,100,1410,1215,48,0
4730,47.300247267,182.245000000,100,1410,1215,48,0
4731,47.310247526,182.245000000,100,1410,1215,48,0
4732,47.320247816,182.245000000,100,1410,1215,48,0
4733,47.330248706,182.245000000,100,1410,1215,48,0
4734,47.340248454,182.147000000,100,1410,1215,48,0
4735,47.350247281,182.147000000,100,1410,1215,48,0
4736,47.360248832,182.147000000,100,1410,1215,48,0
4737,47.370248190,182.147000000,100,1410,1215,48,0
4738,47.380248679,182.147000000,100,1410,1215,48,0
4739,47.390248167,182.147000000,100,1410,1215,48,0
4740,47.400247805,182.147000000,100,1410,1215,48,0
4741,47.410247894,182.147000000,100,1410,1215,48,0
4742,47.420248203,182.147000000,100,1410,1215,48,0
4743,47.430248202,182.147000000,100,1410,1215,48,0
4744,47.440248842,182.499000000,100,1410,1215,48,0
4745,47.450248049,182.499000000,100,1410,1215,48,0
4746,47.460247817,182.499000000,100,1410,1215,48,0
4747,47.470248647,182.499000000,100,1410,1215,48,0
4748,47.480247905,182.499000000,100,1410,1215,48,0
4749,47.490247803,182.499000000,100,1410,1215,48,0
4750,47.500247662,182.499000000,100,1410,1215,48,0
4751,47.510251918,182.499000000,100,1410,1215,48,0
4752,47.520248831,182.499000000,100,1410,1215,48,0
4753,47.530248189,182.499000000,100,1410,1215,48,0
4754,47.540248428,182.245000000,100,1410,1215,48,0
4755,47.550251592,182.245000000,100,1410,1215,48,0
4756,47.560248115,182.245000000,100,1410,1215,48,0
4757,47.570248334,182.245000000,100,1410,1215,48,0
4758,47.580247812,182.245000000,100,1410,1215,48,0
4759,47.590248932,182.245000000,100,1410,1215,48,0
4760,47.600248109,182.245000000,100,1410,1215,48,0
4761,47.610249020,182.245000000,100,1410,1215,48,0
4762,47.620248407,182.245000000,100,1410,1215,48,0
4763,47.630249057,182.245000000,100,1410,1215,48,0
4764,47.640249617,182.256000000,100,1410,1215,48,0
4765,47.650248323,182.256000000,100,1410,1215,48,0
4766,47.660247961,182.256000000,100,1410,1215,48,0
4767,47.670248240,182.256000000,100,1410,1215,48,0
4768,47.680247919,182.256000000,100,1410,1215,48,0
4769,47.690245362,182.256000000,100,1410,1215,48,0
4770,47.700248327,182.256000000,100,1410,1215,48,0
4771,47.710247604,182.256000000,100,1410,1215,48,0
4772,47.720247392,182.256000000,100,1410,1215,48,0
4773,47.730248102,182.256000000,100,1410,1215,48,0
4774,47.740254082,182.295000000,100,1410,1215,48,0
4775,47.750248751,182.295000000,100,1410,1215,48,0
4776,47.760253138,182.295000000,100,1410,1215,48,0
4777,47.770247987,182.295000000,100,1410,1215,48,0
4778,47.780248336,182.295000000,100,1410,1215,48,0
4779,47.790247934,182.295000000,100,1410,1215,48,0
4780,47.800249536,182.295000000,100,1410,1215,48,0
4781,47.810247801,182.295000000,100,1410,1215,48,0
4782,47.820247419,182.295000000,100,1410,1215,48,0
4783,47.830248380,182.295000000,100,1410,1215,48,0
4784,47.840247717,182.596000000,100,1410,1215,48,0
4785,47.850248126,182.596000000,100,1410,1215,48,0
4786,47.860248676,182.596000000,100,1410,1215,48,0
4787,47.870248475,182.596000000,100,1410,1215,48,0
4788,47.880248423,182.596000000,100,1410,1215,48,0
4789,47.890249143,182.596000000,100,1410,1215,48,0
4790,47.900248310,182.596000000,100,1410,1215,48,0
4791,47.910248750,182.596000000,100,1410,1215,48,0
4792,47.920248167,182.596000000,100,1410,1215,48,0
4793,47.930247906,182.596000000,100,1410,1215,48,0
4794,47.940249958,182.404000000,100,1410,1215,48,0
4795,47.950248765,182.404000000,100,1410,1215,48,0
4796,47.960248803,182.404000000,100,1410,1215,48,0
4797,47.970249343,182.404000000,100,1410,1215,48,0
4798,47.980248069,182.404000000,100,1410,1215,48,0
4799,47.990248328,182.404000000,100,1410,1215,48,0
4800,48.000247446,182.404000000,100,1410,1215,48,0
4801,48.010248306,182.404000000,100,1410,1215,48,0
4802,48.020248285,182.404000000,100,1410,1215,48,0
4803,48.030248564,182.404000000,100,1410,1215,48,0
4804,48.040249334,182.410000000,100,1410,1215,48,0
4805,48.050248771,182.410000000,100,1410,1215,48,0
4806,48.060252998,182.410000000,100,1410,1215,48,0
4807,48.070249049,182.410000000,100,1410,1215,48,0
4808,48.080248878,182.410000000,100,1410,1215,48,0
4809,48.090248285,182.410000000,100,1410,1215,48,0
4810,48.100248254,182.410000000,100,1410,1215,48,0
4811,48.110248764,182.410000000,100,1410,1215,48,0
4812,48.120248592,182.410000000,100,1410,1215,48,0
4813,48.130248801,182.410000000,100,1410,1215,48,0
4814,48.140249120,182.500000000,100,1410,1215,48,0
4815,48.150252375,182.500000000,100,1410,1215,48,0
4816,48.160252354,182.500000000,100,1410,1215,48,0
4817,48.170248685,182.500000000,100,1410,1215,48,0
4818,48.180248414,182.500000000,100,1410,1215,48,0
4819,48.190248903,182.500000000,100,1410,1215,48,0
4820,48.200247870,182.500000000,100,1410,1215,48,0
4821,48.210247338,182.500000000,100,1410,1215,48,0
4822,48.220247988,182.500000000,100,1410,1215,48,0
4823,48.230248157,182.500000000,100,1410,1215,48,0
4824,48.240249007,182.391000000,100,1410,1215,48,0
4825,48.250247513,182.391000000,100,1410,1215,48,0
4826,48.260247752,182.391000000,100,1410,1215,48,0
4827,48.270247881,182.391000000,100,1410,1215,48,0
4828,48.280253049,182.391000000,100,1410,1215,48,0
4829,48.290252888,182.391000000,100,1410,1215,48,0
4830,48.300247677,182.391000000,100,1410,1215,48,0
4831,48.310247996,182.391000000,100,1410,1215,48,0
4832,48.320248926,182.391000000,100,1410,1215,48,0
4833,48.330248133,182.391000000,100,1410,1215,48,0
4834,48.340249284,182.295000000,100,1410,1215,48,0
4835,48.350247299,182.295000000,100,1410,1215,48,0
4836,48.360248180,182.295000000,100,1410,1215,48,0
4837,48.370248659,182.295000000,100,1410,1215,48,0
4838,48.380249449,182.295000000,100,1410,1215,48,0
4839,48.390247655,182.295000000,100,1410,1215,48,0
4840,48.400247884,182.295000000,100,1410,1215,48,0
4841,48.410247692,182.295000000,100,1410,1215,48,0
4842,48.420248212,182.295000000,100,1410,1215,48,0
4843,48.430247699,182.295000000,100,1410,1215,48,0
4844,48.440253629,182.410000000,100,1410,1215,48,0
4845,48.450248358,182.410000000,100,1410,1215,48,0
4846,48.460252294,182.410000000,100,1410,1215,48,0
4847,48.470252253,182.410000000,100,1410,1215,48,0
4848,48.480248494,182.410000000,100,1410,1215,48,0
4849,48.490248944,182.410000000,100,1410,1215,48,0
4850,48.500248542,182.410000000,100,1410,1215,48,0
4851,48.510248541,182.410000000,100,1410,1215,48,0
4852,48.520252396,182.410000000,100,1410,1215,48,0
4853,48.530249269,182.410000000,100,1410,1215,48,0
4854,48.540248366,182.148000000,100,1410,1215,48,0
4855,48.550248024,182.148000000,100,1410,1215,48,0
4856,48.560248023,182.148000000,100,1410,1215,48,0
4857,48.570247881,182.148000000,100,1410,1215,48,0
4858,48.580247980,182.148000000,100,1410,1215,48,0
4859,48.590247739,182.148000000,100,1410,1215,48,0
4860,48.600247667,182.148000000,100,1410,1215,48,0
4861,48.610247836,182.148000000,100,1410,1215,48,0
4862,48.620247184,182.148000000,100,1410,1215,48,0
4863,48.630249947,182.148000000,100,1410,1215,48,0
4864,48.640249555,182.487000000,100,1410,1215,48,0
4865,48.650248181,182.487000000,100,1410,1215,48,0
4866,48.660249322,182.487000000,100,1410,1215,48,0
4867,48.670248189,182.487000000,100,1410,1215,48,0
4868,48.680252656,182.487000000,100,1410,1215,48,0
4869,48.690248417,182.487000000,100,1410,1215,48,0
4870,48.700248736,182.487000000,100,1410,1215,48,0
4871,48.710249035,182.487000000,100,1410,1215,48,0
4872,48.720247952,182.487000000,100,1410,1215,48,0
4873,48.730250595,182.487000000,100,1410,1215,48,0
4874,48.740254371,182.404000000,100,1410,1215,48,0
4875,48.750247567,182.404000000,100,1410,1215,48,0
4876,48.760248217,182.404000000,100,1410,1215,48,0
4877,48.770247905,182.404000000,100,1410,1215,48,0
4878,48.780247703,182.404000000,100,1410,1215,48,0
4879,48.790248143,182.404000000,100,1410,1215,48,0
4880,48.800246899,182.404000000,100,1410,1215,48,0
4881,48.810247649,182.404000000,100,1410,1215,48,0
4882,48.820245514,182.404000000,100,1410,1215,48,0
4883,48.830248709,182.404000000,100,1410,1215,48,0
4884,48.840249419,182.251000000,100,1410,1215,48,0
4885,48.850248035,182.251000000,100,1410,1215,48,0
4886,48.860246891,182.251000000,100,1410,1215,48,0
4887,48.870248032,182.251000000,100,1410,1215,48,0
4888,48.880248001,182.251000000,100,1410,1215,48,0
4889,48.890247729,182.251000000,100,1410,1215,48,0
4890,48.900247487,182.251000000,100,1410,1215,48,0
4891,48.910248097,182.251000000,100,1410,1215,48,0
4892,48.920251703,182.251000000,100,1410,1215,48,0
4893,48.930248395,182.251000000,100,1410,1215,48,0
4894,48.940248494,182.410000000,100,1410,1215,48,0
4895,48.950248162,182.410000000,100,1410,1215,48,0
4896,48.960247940,182.410000000,100,1410,1215,48,0
4897,48.970248520,182.410000000,100,1410,1215,48,0
4898,48.980247136,182.410000000,100,1410,1215,48,0
4899,48.990248598,182.410000000,100,1410,1215,48,0
4900,49.000248476,182.410000000,100,1410,1215,48,0
4901,49.010252703,182.410000000,100,1410,1215,48,0
4902,49.020248884,182.410000000,100,1410,1215,48,0
4903,49.030248632,182.410000000,100,1410,1215,48,0
4904,49.040253530,182.692000000,100,1410,1215,48,0
4905,49.050248489,182.692000000,100,1410,1215,48,0
4906,49.060251904,182.692000000,100,1410,1215,48,0
4907,49.070247956,182.692000000,100,1410,1215,48,0
4908,49.080248325,182.692000000,100,1410,1215,48,0
4909,49.090245909,182.692000000,100,1410,1215,48,0
4910,49.100247942,182.692000000,100,1410,1215,48,0
4911,49.110247890,182.692000000,100,1410,1215,48,0
4912,49.120251646,182.692000000,100,1410,1215,48,0
4913,49.130248990,182.692000000,100,1410,1215,48,0
4914,49.140249880,182.500000000,100,1410,1215,48,0
4915,49.150245591,182.500000000,100,1410,1215,48,0
4916,49.160248395,182.500000000,100,1410,1215,48,0
4917,49.170334776,182.500000000,100,1410,1215,48,0
4918,49.180248813,182.500000000,100,1410,1215,48,0
4919,49.190251226,182.500000000,100,1410,1215,48,0
4920,49.200248860,182.500000000,100,1410,1215,48,0
4921,49.210247697,182.500000000,100,1410,1215,48,0
4922,49.220251432,182.500000000,100,1410,1215,48,0
4923,49.230248856,182.500000000,100,1410,1215,48,0
4924,49.240253404,182.392000000,100,1410,1215,48,0
4925,49.250246940,182.392000000,100,1410,1215,48,0
4926,49.260251968,182.392000000,100,1410,1215,48,0
4927,49.270247429,182.392000000,100,1410,1215,48,0
4928,49.280247888,182.392000000,100,1410,1215,48,0
4929,49.290249510,182.392000000,100,1410,1215,48,0
4930,49.300253125,182.392000000,100,1410,1215,48,0
4931,49.310252793,182.392000000,100,1410,1215,48,0
4932,49.320248774,182.392000000,100,1410,1215,48,0
4933,49.330248252,182.392000000,100,1410,1215,48,0
4934,49.340249213,182.244000000,100,1410,1215,48,0
4935,49.350247668,182.244000000,100,1410,1215,48,0
4936,49.360249531,182.244000000,100,1410,1215,48,0
4937,49.370247566,182.244000000,100,1410,1215,48,0
4938,49.380248165,182.244000000,100,1410,1215,48,0
4939,49.390247633,182.244000000,100,1410,1215,48,0
4940,49.400247431,182.244000000,100,1410,1215,48,0
4941,49.410248001,182.244000000,100,1410,1215,48,0
4942,49.420246988,182.244000000,100,1410,1215,48,0
4943,49.430247377,182.244000000,100,1410,1215,48,0
4944,49.440249249,182.352000000,100,1410,1215,48,0
4945,49.450246613,182.352000000,100,1410,1215,48,0
4946,49.460247864,182.352000000,100,1410,1215,48,0
4947,49.470247492,182.352000000,100,1410,1215,48,0
4948,49.480248593,182.352000000,100,1410,1215,48,0
4949,49.490246828,182.352000000,100,1410,1215,48,0
4950,49.500247679,182.352000000,100,1410,1215,48,0
4951,49.510247697,182.352000000,100,1410,1215,48,0
4952,49.520247796,182.352000000,100,1410,1215,48,0
4953,49.530248516,182.352000000,100,1410,1215,48,0
4954,49.540249156,182.500000000,100,1410,1215,48,0
4955,49.550247081,182.500000000,100,1410,1215,48,0
4956,49.560252480,182.500000000,100,1410,1215,48,0
4957,49.570248201,182.500000000,100,1410,1215,48,0
4958,49.580248209,182.500000000,100,1410,1215,48,0
4959,49.590247106,182.500000000,100,1410,1215,48,0
4960,49.600246984,182.500000000,100,1410,1215,48,0
4961,49.610246783,182.500000000,100,1410,1215,48,0
4962,49.620247583,182.500000000,100,1410,1215,48,0
4963,49.630247612,182.500000000,100,1410,1215,48,0
4964,49.640248752,182.506000000,100,1410,1215,48,0
4965,49.650247679,182.506000000,100,1410,1215,48,0
4966,49.660246866,182.506000000,100,1410,1215,48,0
4967,49.670246755,182.506000000,100,1410,1215,48,0
4968,49.680247875,182.506000000,100,1410,1215,48,0
4969,49.690247544,182.506000000,100,1410,1215,48,0
4970,49.700252942,182.506000000,100,1410,1215,48,0
4971,49.710247651,182.506000000,100,1410,1215,48,0
4972,49.720248121,182.506000000,100,1410,1215,48,0
4973,49.730248771,182.506000000,100,1410,1215,48,0
4974,49.740249250,182.256000000,100,1410,1215,48,0
4975,49.750246955,182.256000000,100,1410,1215,48,0
4976,49.760247815,182.256000000,100,1410,1215,48,0
4977,49.770248034,182.256000000,100,1410,1215,48,0
4978,49.780247962,182.256000000,100,1410,1215,48,0
4979,49.790248182,182.256000000,100,1410,1215,48,0
4980,49.800248531,182.256000000,100,1410,1215,48,0
4981,49.810252607,182.256000000,100,1410,1215,48,0
4982,49.820249189,182.256000000,100,1410,1215,48,0
4983,49.830247856,182.256000000,100,1410,1215,48,0
4984,49.840249808,182.500000000,100,1410,1215,48,0
4985,49.850253003,182.500000000,100,1410,1215,48,0
4986,49.860249064,182.500000000,100,1410,1215,48,0
4987,49.870247530,182.500000000,100,1410,1215,48,0
4988,49.880247268,182.500000000,100,1410,1215,48,0
4989,49.890247708,182.500000000,100,1410,1215,48,0
4990,49.900247816,182.500000000,100,1410,1215,48,0
4991,49.910247765,182.500000000,100,1410,1215,48,0
4992,49.920247603,182.500000000,100,1410,1215,48,0
4993,49.930249446,182.500000000,100,1410,1215,48,0
4994,49.940249434,182.558000000,100,1410,1215,48,0
4995,49.950251777,182.558000000,100,1410,1215,48,0
4996,49.960247949,182.558000000,100,1410,1215,48,0
4997,49.970247306,182.558000000,100,1410,1215,48,0
4998,49.980248327,182.558000000,100,1410,1215,48,0
4999,49.990248185,182.558000000,100,1410,1215,48,0
5000,50.000248765,182.558000000,100,1410,1215,48,0
5001,50.010247632,182.558000000,100,1410,1215,48,0
5002,50.020248582,182.558000000,100,1410,1215,48,0
5003,50.030249392,182.558000000,100,1410,1215,48,0
5004,50.040247808,182.410000000,100,1410,1215,48,0
5005,50.050248468,182.410000000,100,1410,1215,48,0
5006,50.060248226,182.410000000,100,1410,1215,48,0
5007,50.070247383,182.410000000,100,1410,1215,48,0
5008,50.080248674,182.410000000,100,1410,1215,48,0
5009,50.090247361,182.410000000,100,1410,1215,48,0
5010,50.100247880,182.410000000,100,1410,1215,48,0
5011,50.110249121,182.410000000,100,1410,1215,48,0
5012,50.120248619,182.410000000,100,1410,1215,48,0
5013,50.130249710,182.410000000,100,1410,1215,48,0
5014,50.140249017,182.390000000,100,1410,1215,48,0
5015,50.150252773,182.390000000,100,1410,1215,48,0
5016,50.160248093,182.390000000,100,1410,1215,48,0
5017,50.170249073,182.390000000,100,1410,1215,48,0
5018,50.180248331,182.390000000,100,1410,1215,48,0
5019,50.190248710,182.390000000,100,1410,1215,48,0
5020,50.200248849,182.390000000,100,1410,1215,48,0
5021,50.210249279,182.390000000,100,1410,1215,48,0
5022,50.220248085,182.390000000,100,1410,1215,48,0
5023,50.230249416,182.390000000,100,1410,1215,48,0
5024,50.240249775,182.500000000,100,1410,1215,48,0
5025,50.250253000,182.500000000,100,1410,1215,48,0
5026,50.260249071,182.500000000,100,1410,1215,48,0
5027,50.270247878,182.500000000,100,1410,1215,48,0
5028,50.280248959,182.500000000,100,1410,1215,48,0
5029,50.290248697,182.500000000,100,1410,1215,48,0
5030,50.300248245,182.500000000,100,1410,1215,48,0
5031,50.310253734,182.500000000,100,1410,1215,48,0
5032,50.320249164,182.500000000,100,1410,1215,48,0
5033,50.330254472,182.500000000,100,1410,1215,48,0
5034,50.340249452,182.409000000,100,1410,1215,48,0
5035,50.350247286,182.409000000,100,1410,1215,48,0
5036,50.360248197,182.409000000,100,1410,1215,48,0
5037,50.370248877,182.409000000,100,1410,1215,48,0
5038,50.380248174,182.409000000,100,1410,1215,48,0
5039,50.390248073,182.409000000,100,1410,1215,48,0
5040,50.400249654,182.409000000,100,1410,1215,48,0
5041,50.410248461,182.409000000,100,1410,1215,48,0
5042,50.420247618,182.409000000,100,1410,1215,48,0
5043,50.430249189,182.409000000,100,1410,1215,48,0
5044,50.440249849,182.653000000,100,1410,1215,48,0
5045,50.450248135,182.653000000,100,1410,1215,48,0
5046,50.460252171,182.653000000,100,1410,1215,48,0
5047,50.470248012,182.653000000,100,1410,1215,48,0
5048,50.480248301,182.653000000,100,1410,1215,48,0
5049,50.490248170,182.653000000,100,1410,1215,48,0
5050,50.500248208,182.653000000,100,1410,1215,48,0
5051,50.510247706,182.653000000,100,1410,1215,48,0
5052,50.520251923,182.653000000,100,1410,1215,48,0
5053,50.530248495,182.653000000,100,1410,1215,48,0
5054,50.540249556,182.500000000,100,1410,1215,48,0
5055,50.550247591,182.500000000,100,1410,1215,48,0
5056,50.560248210,182.500000000,100,1410,1215,48,0
5057,50.570248049,182.500000000,100,1410,1215,48,0
5058,50.580248288,182.500000000,100,1410,1215,48,0
5059,50.590249138,182.500000000,100,1410,1215,48,0
5060,50.600248426,182.500000000,100,1410,1215,48,0
5061,50.610248464,182.500000000,100,1410,1215,48,0
5062,50.620249285,182.500000000,100,1410,1215,48,0
5063,50.630249834,182.500000000,100,1410,1215,48,0
5064,50.640249863,182.300000000,100,1410,1215,48,0
5065,50.650248609,182.300000000,100,1410,1215,48,0
5066,50.660248758,182.300000000,100,1410,1215,48,0
5067,50.670248747,182.300000000,100,1410,1215,48,0
5068,50.680250349,182.300000000,100,1410,1215,48,0
5069,50.690252521,182.300000000,100,1410,1215,48,0
5070,50.700252690,182.300000000,100,1410,1215,48,0
5071,50.710248361,182.300000000,100,1410,1215,48,0
5072,50.720247929,182.300000000,100,1410,1215,48,0
5073,50.730248429,182.300000000,100,1410,1215,48,0
5074,50.740249108,182.409000000,100,1410,1215,48,0
5075,50.750248736,182.409000000,100,1410,1215,48,0
5076,50.760247873,182.409000000,100,1410,1215,48,0
5077,50.770248974,182.409000000,100,1410,1215,48,0
5078,50.780247440,182.409000000,100,1410,1215,48,0
5079,50.790248621,182.409000000,100,1410,1215,48,0
5080,50.800247297,182.409000000,100,1410,1215,48,0
5081,50.810247206,182.409000000,100,1410,1215,48,0
5082,50.820248236,182.409000000,100,1410,1215,48,0
5083,50.830252413,182.409000000,100,1410,1215,48,0
5084,50.840250468,182.506000000,100,1410,1215,48,0
5085,50.850247882,182.506000000,100,1410,1215,48,0
5086,50.860248261,182.506000000,100,1410,1215,48,0
5087,50.870248150,182.506000000,100,1410,1215,48,0
5088,50.880249952,182.506000000,100,1410,1215,48,0
5089,50.890247967,182.506000000,100,1410,1215,48,0
5090,50.900252043,182.506000000,100,1410,1215,48,0
5091,50.910248024,182.506000000,100,1410,1215,48,0
5092,50.920252952,182.506000000,100,1410,1215,48,0
5093,50.930249063,182.506000000,100,1410,1215,48,0
5094,50.940248561,182.397000000,100,1410,1215,48,0
5095,50.950248480,182.397000000,100,1410,1215,48,0
5096,50.960253167,182.397000000,100,1410,1215,48,0
5097,50.970249038,182.397000000,100,1410,1215,48,0
5098,50.980252483,182.397000000,100,1410,1215,48,0
5099,50.990248204,182.397000000,100,1410,1215,48,0
5100,51.000250256,182.397000000,100,1410,1215,48,0
5101,51.010248141,182.397000000,100,1410,1215,48,0
5102,51.020248591,182.397000000,100,1410,1215,48,0
5103,51.030248770,182.397000000,100,1410,1215,48,0
5104,51.040248478,182.391000000,100,1410,1215,48,0
5105,51.050247895,182.391000000,100,1410,1215,48,0
5106,51.060252362,182.391000000,100,1410,1215,48,0
5107,51.070248434,182.391000000,100,1410,1215,48,0
5108,51.080248032,182.391000000,100,1410,1215,48,0
5109,51.090248421,182.391000000,100,1410,1215,48,0
5110,51.100248279,182.391000000,100,1410,1215,48,0
5111,51.110248930,182.391000000,100,1410,1215,48,0
5112,51.120248417,182.391000000,100,1410,1215,48,0
5113,51.130248977,182.391000000,100,1410,1215,48,0
5114,51.140248865,182.245000000,100,1410,1215,48,0
5115,51.150246600,182.245000000,100,1410,1215,48,0
5116,51.160247701,182.245000000,100,1410,1215,48,0
5117,51.170248010,182.245000000,100,1410,1215,48,0
5118,51.180247848,182.245000000,100,1410,1215,48,0
5119,51.190248628,182.245000000,100,1410,1215,48,0
5120,51.200248657,182.245000000,100,1410,1215,48,0
5121,51.210248345,182.245000000,100,1410,1215,48,0
5122,51.220249366,182.245000000,100,1410,1215,48,0
5123,51.230248673,182.245000000,100,1410,1215,48,0
5124,51.240249644,182.342000000,100,1410,1215,48,0
5125,51.250248370,182.342000000,100,1410,1215,48,0
5126,51.260252767,182.342000000,100,1410,1215,48,0
5127,51.270248498,182.342000000,100,1410,1215,48,0
5128,51.280248667,182.342000000,100,1410,1215,48,0
5129,51.290248796,182.342000000,100,1410,1215,48,0
5130,51.300248073,182.342000000,100,1410,1215,48,0
5131,51.310248122,182.342000000,100,1410,1215,48,0
5132,51.320248160,182.342000000,100,1410,1215,48,0
5133,51.330249692,182.342000000,100,1410,1215,48,0
5134,51.340249440,182.692000000,100,1410,1215,48,0
5135,51.350247756,182.692000000,100,1410,1215,48,0
5136,51.360247554,182.692000000,100,1410,1215,48,0
5137,51.370246992,182.692000000,100,1410,1215,48,0
5138,51.380248042,182.692000000,100,1410,1215,48,0
5139,51.390248342,182.692000000,100,1410,1215,48,0
5140,51.400248340,182.692000000,100,1410,1215,48,0
5141,51.410248199,182.692000000,100,1410,1215,48,0
5142,51.420248057,182.692000000,100,1410,1215,48,0
5143,51.430249268,182.692000000,100,1410,1215,48,0
5144,51.440249217,182.557000000,100,1410,1215,48,0
5145,51.450247913,182.557000000,100,1410,1215,48,0
5146,51.460248292,182.557000000,100,1410,1215,48,0
5147,51.470248091,182.557000000,100,1410,1215,48,0
5148,51.480248750,182.557000000,100,1410,1215,48,0
5149,51.490247607,182.557000000,100,1410,1215,48,0
5150,51.500248778,182.557000000,100,1410,1215,48,0
5151,51.510252894,182.557000000,100,1410,1215,48,0
5152,51.520248655,182.557000000,100,1410,1215,48,0
5153,51.530382835,182.557000000,100,1410,1215,48,0
5154,51.540249915,182.431000000,100,1410,1215,48,0
5155,51.550247800,182.431000000,100,1410,1215,48,0
5156,51.560248459,182.431000000,100,1410,1215,48,0
5157,51.570248158,182.431000000,100,1410,1215,48,0
5158,51.580247926,182.431000000,100,1410,1215,48,0
5159,51.590247684,182.431000000,100,1410,1215,48,0
5160,51.600248013,182.431000000,100,1410,1215,48,0
5161,51.610247922,182.431000000,100,1410,1215,48,0
5162,51.620253010,182.431000000,100,1410,1215,48,0
5163,51.630248761,182.431000000,100,1410,1215,48,0
5164,51.640249030,182.693000000,100,1410,1215,48,0
5165,51.650248778,182.693000000,100,1410,1215,48,0
5166,51.660248296,182.693000000,100,1410,1215,48,0
5167,51.670247714,182.693000000,100,1410,1215,48,0
5168,51.680247742,182.693000000,100,1410,1215,48,0
5169,51.690246689,182.693000000,100,1410,1215,48,0
5170,51.700248401,182.693000000,100,1410,1215,48,0
5171,51.710247047,182.693000000,100,1410,1215,48,0
5172,51.720248739,182.693000000,100,1410,1215,48,0
5173,51.730248337,182.693000000,100,1410,1215,48,0
5174,51.740248376,182.539000000,100,1410,1215,48,0
5175,51.750247964,182.539000000,100,1410,1215,48,0
5176,51.760247631,182.539000000,100,1410,1215,48,0
5177,51.770248732,182.539000000,100,1410,1215,48,0
5178,51.780248260,182.539000000,100,1410,1215,48,0
5179,51.790247517,182.539000000,100,1410,1215,48,0
5180,51.800245783,182.539000000,100,1410,1215,48,0
5181,51.810247775,182.539000000,100,1410,1215,48,0
5182,51.820247884,182.539000000,100,1410,1215,48,0
5183,51.830254004,182.539000000,100,1410,1215,48,0
5184,51.840250216,182.390000000,100,1410,1215,48,0
5185,51.850246067,182.390000000,100,1410,1215,48,0
5186,51.860247318,182.390000000,100,1410,1215,48,0
5187,51.870244822,182.390000000,100,1410,1215,48,0
5188,51.880248087,182.390000000,100,1410,1215,48,0
5189,51.890248386,182.390000000,100,1410,1215,48,0
5190,51.900248405,182.390000000,100,1410,1215,48,0
5191,51.910247742,182.390000000,100,1410,1215,48,0
5192,51.920252399,182.390000000,100,1410,1215,48,0
5193,51.930249132,182.390000000,100,1410,1215,48,0
5194,51.940249101,182.526000000,100,1410,1215,48,0
5195,51.950247947,182.526000000,100,1410,1215,48,0
5196,51.960245451,182.526000000,100,1410,1215,48,0
5197,51.970249628,182.526000000,100,1410,1215,48,0
5198,51.980247412,182.526000000,100,1410,1215,48,0
5199,51.990248593,182.526000000,100,1410,1215,48,0
5200,52.000248031,182.526000000,100,1410,1215,48,0
5201,52.010248400,182.526000000,100,1410,1215,48,0
5202,52.020248098,182.526000000,100,1410,1215,48,0
5203,52.030248979,182.526000000,100,1410,1215,48,0
5204,52.040249568,182.399000000,100,1410,1215,48,0
5205,52.050248605,182.399000000,100,1410,1215,48,0
5206,52.060247422,182.399000000,100,1410,1215,48,0
5207,52.070247260,182.399000000,100,1410,1215,48,0
5208,52.080248571,182.399000000,100,1410,1215,48,0
5209,52.090248530,182.399000000,100,1410,1215,48,0
5210,52.100248569,182.399000000,100,1410,1215,48,0
5211,52.110248918,182.399000000,100,1410,1215,48,0
5212,52.120247734,182.399000000,100,1410,1215,48,0
5213,52.130249497,182.399000000,100,1410,1215,48,0
5214,52.140248834,182.341000000,100,1410,1215,48,0
5215,52.150247480,182.341000000,100,1410,1215,48,0
5216,52.160252157,182.341000000,100,1410,1215,48,0
5217,52.170248570,182.341000000,100,1410,1215,48,0
5218,52.180248117,182.341000000,100,1410,1215,48,0
5219,52.190247475,182.341000000,100,1410,1215,48,0
5220,52.200247554,182.341000000,100,1410,1215,48,0
5221,52.210247703,182.341000000,100,1410,1215,48,0
5222,52.220248082,182.341000000,100,1410,1215,48,0
5223,52.230248121,182.341000000,100,1410,1215,48,0
5224,52.240249592,182.487000000,100,1410,1215,48,0
5225,52.250247587,182.487000000,100,1410,1215,48,0
5226,52.260251002,182.487000000,100,1410,1215,48,0
5227,52.270246773,182.487000000,100,1410,1215,48,0
5228,52.280247703,182.487000000,100,1410,1215,48,0
5229,52.290249596,182.487000000,100,1410,1215,48,0
5230,52.300247440,182.487000000,100,1410,1215,48,0
5231,52.310247259,182.487000000,100,1410,1215,48,0
5232,52.320247788,182.487000000,100,1410,1215,48,0
5233,52.330247456,182.487000000,100,1410,1215,48,0
5234,52.340248216,182.352000000,100,1410,1215,48,0
5235,52.350247995,182.352000000,100,1410,1215,48,0
5236,52.360247683,182.352000000,100,1410,1215,48,0
5237,52.370252420,182.352000000,100,1410,1215,48,0
5238,52.380247319,182.352000000,100,1410,1215,48,0
5239,52.390246657,182.352000000,100,1410,1215,48,0
5240,52.400252186,182.352000000,100,1410,1215,48,0
5241,52.410248548,182.352000000,100,1410,1215,48,0
5242,52.420247485,182.352000000,100,1410,1215,48,0
5243,52.430249046,182.352000000,100,1410,1215,48,0
5244,52.440248885,182.352000000,100,1410,1215,48,0
5245,52.450247751,182.352000000,100,1410,1215,48,0
5246,52.460248481,182.352000000,100,1410,1215,48,0
5247,52.470247829,182.352000000,100,1410,1215,48,0
5248,52.480248499,182.352000000,100,1410,1215,48,0
5249,52.490247756,182.352000000,100,1410,1215,48,0
5250,52.500248766,182.352000000,100,1410,1215,48,0
5251,52.510247242,182.352000000,100,1410,1215,48,0
5252,52.520246770,182.352000000,100,1410,1215,48,0
5253,52.530248552,182.352000000,100,1410,1215,48,0
5254,52.540250504,182.506000000,100,1410,1215,48,0
5255,52.550248069,182.506000000,100,1410,1215,48,0
5256,52.560248037,182.506000000,100,1410,1215,48,0
5257,52.570248146,182.506000000,100,1410,1215,48,0
5258,52.580247704,182.506000000,100,1410,1215,48,0
5259,52.590251780,182.506000000,100,1410,1215,48,0
5260,52.600247691,182.506000000,100,1410,1215,48,0
5261,52.610247500,182.506000000,100,1410,1215,48,0
5262,52.620247228,182.506000000,100,1410,1215,48,0
5263,52.630247758,182.506000000,100,1410,1215,48,0
5264,52.640248568,182.448000000,100,1410,1215,48,0
5265,52.650247324,182.448000000,100,1410,1215,48,0
5266,52.660248585,182.448000000,100,1410,1215,48,0
5267,52.670247311,182.448000000,100,1410,1215,48,0
5268,52.680246699,182.448000000,100,1410,1215,48,0
5269,52.690246808,182.448000000,100,1410,1215,48,0
5270,52.700247478,182.448000000,100,1410,1215,48,0
5271,52.710247657,182.448000000,100,1410,1215,48,0
5272,52.720247455,182.448000000,100,1410,1215,48,0
5273,52.730249798,182.448000000,100,1410,1215,48,0
5274,52.740248915,182.596000000,100,1410,1215,48,0
5275,52.750247842,182.596000000,100,1410,1215,48,0
5276,52.760251988,182.596000000,100,1410,1215,48,0
5277,52.770247719,182.596000000,100,1410,1215,48,0
5278,52.780247497,182.596000000,100,1410,1215,48,0
5279,52.790247887,182.596000000,100,1410,1215,48,0
5280,52.800247565,182.596000000,100,1410,1215,48,0
5281,52.810247433,182.596000000,100,1410,1215,48,0
5282,52.820248083,182.596000000,100,1410,1215,48,0
5283,52.830247621,182.596000000,100,1410,1215,48,0
5284,52.840248401,182.410000000,100,1410,1215,48,0
5285,52.850247228,182.410000000,100,1410,1215,48,0
5286,52.860247096,182.410000000,100,1410,1215,48,0
5287,52.870247265,182.410000000,100,1410,1215,48,0
5288,52.880246793,182.410000000,100,1410,1215,48,0
5289,52.890246802,182.410000000,100,1410,1215,48,0
5290,52.900247241,182.410000000,100,1410,1215,48,0
5291,52.910247100,182.410000000,100,1410,1215,48,0
5292,52.920251426,182.410000000,100,1410,1215,48,0
5293,52.930248580,182.410000000,100,1410,1215,48,0
5294,52.940249821,182.449000000,100,1410,1215,48,0
5295,52.950247315,182.449000000,100,1410,1215,48,0
5296,52.960248465,182.449000000,100,1410,1215,48,0
5297,52.970251891,182.449000000,100,1410,1215,48,0
5298,52.980247220,182.449000000,100,1410,1215,48,0
5299,52.990248101,182.449000000,100,1410,1215,48,0
5300,53.000246897,182.449000000,100,1410,1215,48,0
5301,53.010247417,182.449000000,100,1410,1215,48,0
5302,53.020248207,182.449000000,100,1410,1215,48,0
5303,53.030248747,182.449000000,100,1410,1215,48,0
5304,53.040248254,182.788000000,100,1410,1215,48,0
5305,53.050247191,182.788000000,100,1410,1215,48,0
5306,53.060247601,182.788000000,100,1410,1215,48,0
5307,53.070247629,182.788000000,100,1410,1215,48,0
5308,53.080248840,182.788000000,100,1410,1215,48,0
5309,53.090247256,182.788000000,100,1410,1215,48,0
5310,53.100247826,182.788000000,100,1410,1215,48,0
5311,53.110247424,182.788000000,100,1410,1215,48,0
5312,53.120248444,182.788000000,100,1410,1215,48,0
5313,53.130248623,182.788000000,100,1410,1215,48,0
5314,53.140249363,182.750000000,100,1410,1215,48,0
5315,53.150248801,182.750000000,100,1410,1215,48,0
5316,53.160248229,182.750000000,100,1410,1215,48,0
5317,53.170248668,182.750000000,100,1410,1215,48,0
5318,53.180247655,182.750000000,100,1410,1215,48,0
5319,53.190248596,182.750000000,100,1410,1215,48,0
5320,53.200248724,182.750000000,100,1410,1215,48,0
5321,53.210248673,182.750000000,100,1410,1215,48,0
5322,53.220248231,182.750000000,100,1410,1215,48,0
5323,53.230249462,182.750000000,100,1410,1215,48,0
5324,53.240250402,182.341000000,100,1410,1215,48,0
5325,53.250248137,182.341000000,100,1410,1215,48,0
5326,53.260248396,182.341000000,100,1410,1215,48,0
5327,53.270248355,182.341000000,100,1410,1215,48,0
5328,53.280248634,182.341000000,100,1410,1215,48,0
5329,53.290248923,182.341000000,100,1410,1215,48,0
5330,53.300247900,182.341000000,100,1410,1215,48,0
5331,53.310247778,182.341000000,100,1410,1215,48,0
5332,53.320248017,182.341000000,100,1410,1215,48,0
5333,53.330249168,182.341000000,100,1410,1215,48,0
5334,53.340249277,182.391000000,100,1410,1215,48,0
5335,53.350248374,182.391000000,100,1410,1215,48,0
5336,53.360248463,182.391000000,100,1410,1215,48,0
5337,53.370247500,182.391000000,100,1410,1215,48,0
5338,53.380247799,182.391000000,100,1410,1215,48,0
5339,53.390248309,182.391000000,100,1410,1215,48,0
5340,53.400247776,182.391000000,100,1410,1215,48,0
5341,53.410248376,182.391000000,100,1410,1215,48,0
5342,53.420247704,182.391000000,100,1410,1215,48,0
5343,53.430249606,182.391000000,100,1410,1215,48,0
5344,53.440248613,182.596000000,100,1410,1215,48,0
5345,53.450252138,182.596000000,100,1410,1215,48,0
5346,53.460248059,182.596000000,100,1410,1215,48,0
5347,53.470247978,182.596000000,100,1410,1215,48,0
5348,53.480248126,182.596000000,100,1410,1215,48,0
5349,53.490253054,182.596000000,100,1410,1215,48,0
5350,53.500248975,182.596000000,100,1410,1215,48,0
5351,53.510248734,182.596000000,100,1410,1215,48,0
5352,53.520248312,182.596000000,100,1410,1215,48,0
5353,53.530249903,182.596000000,100,1410,1215,48,0
5354,53.540249631,182.352000000,100,1410,1215,48,0
5355,53.550248608,182.352000000,100,1410,1215,48,0
5356,53.560252745,182.352000000,100,1410,1215,48,0
5357,53.570248065,182.352000000,100,1410,1215,48,0
5358,53.580248264,182.352000000,100,1410,1215,48,0
5359,53.590247621,182.352000000,100,1410,1215,48,0
5360,53.600248872,182.352000000,100,1410,1215,48,0
5361,53.610248380,182.352000000,100,1410,1215,48,0
5362,53.620249030,182.352000000,100,1410,1215,48,0
5363,53.630249640,182.352000000,100,1410,1215,48,0
5364,53.640249949,182.493000000,100,1410,1215,48,0
5365,53.650248405,182.493000000,100,1410,1215,48,0
5366,53.660248985,182.493000000,100,1410,1215,48,0
5367,53.670253872,182.493000000,100,1410,1215,48,0
5368,53.680248351,182.493000000,100,1410,1215,48,0
5369,53.690247768,182.493000000,100,1410,1215,48,0
5370,53.700247717,182.493000000,100,1410,1215,48,0
5371,53.710248407,182.493000000,100,1410,1215,48,0
5372,53.720248135,182.493000000,100,1410,1215,48,0
5373,53.730249286,182.493000000,100,1410,1215,48,0
5374,53.740249675,182.500000000,100,1410,1215,48,0
5375,53.750248181,182.500000000,100,1410,1215,48,0
5376,53.760247889,182.500000000,100,1410,1215,48,0
5377,53.770247497,182.500000000,100,1410,1215,48,0
5378,53.780248748,182.500000000,100,1410,1215,48,0
5379,53.790249128,182.500000000,100,1410,1215,48,0
5380,53.800248415,182.500000000,100,1410,1215,48,0
5381,53.810248324,182.500000000,100,1410,1215,48,0
5382,53.820248613,182.500000000,100,1410,1215,48,0
5383,53.830248922,182.500000000,100,1410,1215,48,0
5384,53.840253650,182.449000000,100,1410,1215,48,0
5385,53.850248358,182.449000000,100,1410,1215,48,0
5386,53.860247445,182.449000000,100,1410,1215,48,0
5387,53.870247765,182.449000000,100,1410,1215,48,0
5388,53.880249116,182.449000000,100,1410,1215,48,0
5389,53.890248083,182.449000000,100,1410,1215,48,0
5390,53.900248181,182.449000000,100,1410,1215,48,0
5391,53.910248100,182.449000000,100,1410,1215,48,0
5392,53.920248780,182.449000000,100,1410,1215,48,0
5393,53.930248939,182.449000000,100,1410,1215,48,0
5394,53.940249178,182.353000000,100,1410,1215,48,0
5395,53.950248455,182.353000000,100,1410,1215,48,0
5396,53.960248394,182.353000000,100,1410,1215,48,0
5397,53.970248974,182.353000000,100,1410,1215,48,0
5398,53.980248141,182.353000000,100,1410,1215,48,0
5399,53.990248450,182.353000000,100,1410,1215,48,0
5400,54.000248549,182.353000000,100,1410,1215,48,0
5401,54.010253176,182.353000000,100,1410,1215,48,0
5402,54.020253255,182.353000000,100,1410,1215,48,0
5403,54.030248365,182.353000000,100,1410,1215,48,0
5404,54.040249816,182.500000000,100,1410,1215,48,0
5405,54.050248011,182.500000000,100,1410,1215,48,0
5406,54.060249092,182.500000000,100,1410,1215,48,0
5407,54.070252557,182.500000000,100,1410,1215,48,0
5408,54.080249370,182.500000000,100,1410,1215,48,0
5409,54.090247405,182.500000000,100,1410,1215,48,0
5410,54.100248245,182.500000000,100,1410,1215,48,0
5411,54.110248154,182.500000000,100,1410,1215,48,0
5412,54.120248062,182.500000000,100,1410,1215,48,0
5413,54.130249363,182.500000000,100,1410,1215,48,0
5414,54.140250174,182.597000000,100,1410,1215,48,0
5415,54.150248108,182.597000000,100,1410,1215,48,0
5416,54.160252255,182.597000000,100,1410,1215,48,0
5417,54.170247905,182.597000000,100,1410,1215,48,0
5418,54.180248485,182.597000000,100,1410,1215,48,0
5419,54.190248784,182.597000000,100,1410,1215,48,0
5420,54.200249024,182.597000000,100,1410,1215,48,0
5421,54.210247840,182.597000000,100,1410,1215,48,0
5422,54.220252437,182.597000000,100,1410,1215,48,0
5423,54.230249160,182.597000000,100,1410,1215,48,0
5424,54.240249109,182.506000000,100,1410,1215,48,0
5425,54.250248005,182.506000000,100,1410,1215,48,0
5426,54.260248735,182.506000000,100,1410,1215,48,0
5427,54.270248684,182.506000000,100,1410,1215,48,0
5428,54.280248392,182.506000000,100,1410,1215,48,0
5429,54.290248140,182.506000000,100,1410,1215,48,0
5430,54.300248109,182.506000000,100,1410,1215,48,0
5431,54.310248889,182.506000000,100,1410,1215,48,0
5432,54.320247745,182.506000000,100,1410,1215,48,0
5433,54.330249147,182.506000000,100,1410,1215,48,0
5434,54.340253474,182.506000000,100,1410,1215,48,0
5435,54.350248333,182.506000000,100,1410,1215,48,0
5436,54.360248782,182.506000000,100,1410,1215,48,0
5437,54.370247709,182.506000000,100,1410,1215,48,0
5438,54.380248148,182.506000000,100,1410,1215,48,0
5439,54.390248217,182.506000000,100,1410,1215,48,0
5440,54.400249719,182.506000000,100,1410,1215,48,0
5441,54.410248856,182.506000000,100,1410,1215,48,0
5442,54.420248013,182.506000000,100,1410,1215,48,0
5443,54.430248993,182.506000000,100,1410,1215,48,0
5444,54.440253651,182.557000000,100,1410,1215,48,0
5445,54.450252507,182.557000000,100,1410,1215,48,0
5446,54.460248058,182.557000000,100,1410,1215,48,0
5447,54.470248076,182.557000000,100,1410,1215,48,0
5448,54.480247344,182.557000000,100,1410,1215,48,0
5449,54.490248364,182.557000000,100,1410,1215,48,0
5450,54.500247461,182.557000000,100,1410,1215,48,0
5451,54.510248672,182.557000000,100,1410,1215,48,0
5452,54.520248952,182.557000000,100,1410,1215,48,0
5453,54.530249181,182.557000000,100,1410,1215,48,0
5454,54.540248859,182.653000000,100,1410,1215,48,0
5455,54.550252153,182.653000000,100,1410,1215,48,0
5456,54.560247984,182.653000000,100,1410,1215,48,0
5457,54.570248274,182.653000000,100,1410,1215,48,0
5458,54.580248583,182.653000000,100,1410,1215,48,0
5459,54.590247349,182.653000000,100,1410,1215,48,0
5460,54.600248540,182.653000000,100,1410,1215,48,0
5461,54.610252556,182.653000000,100,1410,1215,48,0
5462,54.620249409,182.653000000,100,1410,1215,48,0
5463,54.630248947,182.653000000,100,1410,1215,48,0
5464,54.640250829,182.506000000,100,1410,1215,48,0
5465,54.650248514,182.506000000,100,1410,1215,48,0
5466,54.660248582,182.506000000,100,1410,1215,48,0
5467,54.670247399,182.506000000,100,1410,1215,48,0
5468,54.680247929,182.506000000,100,1410,1215,48,0
5469,54.690248608,182.506000000,100,1410,1215,48,0
5470,54.700252875,182.506000000,100,1410,1215,48,0
5471,54.710248285,182.506000000,100,1410,1215,48,0
5472,54.720248084,182.506000000,100,1410,1215,48,0
5473,54.730248894,182.506000000,100,1410,1215,48,0
5474,54.740254343,182.449000000,100,1410,1215,48,0
5475,54.750248901,182.449000000,100,1410,1215,48,0
5476,54.760249431,182.449000000,100,1410,1215,48,0
5477,54.770249129,182.449000000,100,1410,1215,48,0
5478,54.780253827,182.449000000,100,1410,1215,48,0
5479,54.790248625,182.449000000,100,1410,1215,48,0
5480,54.800247382,182.449000000,100,1410,1215,48,0
5481,54.810247641,182.449000000,100,1410,1215,48,0
5482,54.820246628,182.449000000,100,1410,1215,48,0
5483,54.830248460,182.449000000,100,1410,1215,48,0
5484,54.840248829,182.506000000,100,1410,1215,48,0
5485,54.850248066,182.506000000,100,1410,1215,48,0
5486,54.860246903,182.506000000,100,1410,1215,48,0
5487,54.870247893,182.506000000,100,1410,1215,48,0
5488,54.880248073,182.506000000,100,1410,1215,48,0
5489,54.890247921,182.506000000,100,1410,1215,48,0
5490,54.900248340,182.506000000,100,1410,1215,48,0
5491,54.910248149,182.506000000,100,1410,1215,48,0
5492,54.920247907,182.506000000,100,1410,1215,48,0
5493,54.930248777,182.506000000,100,1410,1215,48,0
5494,54.940249678,182.403000000,100,1410,1215,48,0
5495,54.950247823,182.403000000,100,1410,1215,48,0
5496,54.960247230,182.403000000,100,1410,1215,48,0
5497,54.970248612,182.403000000,100,1410,1215,48,0
5498,54.980246767,182.403000000,100,1410,1215,48,0
5499,54.990248158,182.403000000,100,1410,1215,48,0
5500,55.000247806,182.403000000,100,1410,1215,48,0
5501,55.010247995,182.403000000,100,1410,1215,48,0
5502,55.020247293,182.403000000,100,1410,1215,48,0
5503,55.030248193,182.403000000,100,1410,1215,48,0
5504,55.040250706,182.409000000,100,1410,1215,48,0
5505,55.050247930,182.409000000,100,1410,1215,48,0
5506,55.060248289,182.409000000,100,1410,1215,48,0
5507,55.070247276,182.409000000,100,1410,1215,48,0
5508,55.080248036,182.409000000,100,1410,1215,48,0
5509,55.090247784,182.409000000,100,1410,1215,48,0
5510,55.100247863,182.409000000,100,1410,1215,48,0
5511,55.110251238,182.409000000,100,1410,1215,48,0
5512,55.120247199,182.409000000,100,1410,1215,48,0
5513,55.130248080,182.409000000,100,1410,1215,48,0
5514,55.140248539,182.449000000,100,1410,1215,48,0
5515,55.150247155,182.449000000,100,1410,1215,48,0
5516,55.160247314,182.449000000,100,1410,1215,48,0
5517,55.170247573,182.449000000,100,1410,1215,48,0
5518,55.180247482,182.449000000,100,1410,1215,48,0
5519,55.190252470,182.449000000,100,1410,1215,48,0
5520,55.200272576,182.449000000,100,1410,1215,48,0
5521,55.210247758,182.449000000,100,1410,1215,48,0
5522,55.220247256,182.449000000,100,1410,1215,48,0
5523,55.230247996,182.449000000,100,1410,1215,48,0
5524,55.240248706,182.789000000,100,1410,1215,48,0
5525,55.250251440,182.789000000,100,1410,1215,48,0
5526,55.260247722,182.789000000,100,1410,1215,48,0
5527,55.270246298,182.789000000,100,1410,1215,48,0
5528,55.280250284,182.789000000,100,1410,1215,48,0
5529,55.290247107,182.789000000,100,1410,1215,48,0
5530,55.300247847,182.789000000,100,1410,1215,48,0
5531,55.310247555,182.789000000,100,1410,1215,48,0
5532,55.320251171,182.789000000,100,1410,1215,48,0
5533,55.330248705,182.789000000,100,1410,1215,48,0
5534,55.340253763,182.789000000,100,1410,1215,48,0
5535,55.350247830,182.789000000,100,1410,1215,48,0
5536,55.360252217,182.789000000,100,1410,1215,48,0
5537,55.370247297,182.789000000,100,1410,1215,48,0
5538,55.380247756,182.789000000,100,1410,1215,48,0
5539,55.390248055,182.789000000,100,1410,1215,48,0
5540,55.400247293,182.789000000,100,1410,1215,48,0
5541,55.410247251,182.789000000,100,1410,1215,48,0
5542,55.420249043,182.789000000,100,1410,1215,48,0
5543,55.430248491,182.789000000,100,1410,1215,48,0
5544,55.440249311,182.506000000,100,1410,1215,48,0
5545,55.450251274,182.506000000,100,1410,1215,48,0
5546,55.460244820,182.506000000,100,1410,1215,48,0
5547,55.470247213,182.506000000,100,1410,1215,48,0
5548,55.480247994,182.506000000,100,1410,1215,48,0
5549,55.490246750,182.506000000,100,1410,1215,48,0
5550,55.500247410,182.506000000,100,1410,1215,48,0
5551,55.510247719,182.506000000,100,1410,1215,48,0
5552,55.520247547,182.506000000,100,1410,1215,48,0
5553,55.530249440,182.506000000,100,1410,1215,48,0
5554,55.540249198,182.488000000,100,1410,1215,48,0
5555,55.550248074,182.488000000,100,1410,1215,48,0
5556,55.560252231,182.488000000,100,1410,1215,48,0
5557,55.570247871,182.488000000,100,1410,1215,48,0
5558,55.580246708,182.488000000,100,1410,1215,48,0
5559,55.590247548,182.488000000,100,1410,1215,48,0
5560,55.600247737,182.488000000,100,1410,1215,48,0
5561,55.610247195,182.488000000,100,1410,1215,48,0
5562,55.620248276,182.488000000,100,1410,1215,48,0
5563,55.630249046,182.488000000,100,1410,1215,48,0
5564,55.640247351,182.596000000,100,1410,1215,48,0
5565,55.650247360,182.596000000,100,1410,1215,48,0
5566,55.660251486,182.596000000,100,1410,1215,48,0
5567,55.670248449,182.596000000,100,1410,1215,48,0
5568,55.680251534,182.596000000,100,1410,1215,48,0
5569,55.690245692,182.596000000,100,1410,1215,48,0
5570,55.700246832,182.596000000,100,1410,1215,48,0
5571,55.710247462,182.596000000,100,1410,1215,48,0
5572,55.720246659,182.596000000,100,1410,1215,48,0
5573,55.730247730,182.596000000,100,1410,1215,48,0
5574,55.740248961,182.500000000,100,1410,1215,48,0
5575,55.750247457,182.500000000,100,1410,1215,48,0
5576,55.760247516,182.500000000,100,1410,1215,48,0
5577,55.770247004,182.500000000,100,1410,1215,48,0
5578,55.780246702,182.500000000,100,1410,1215,48,0
5579,55.790247973,182.500000000,100,1410,1215,48,0
5580,55.800247971,182.500000000,100,1410,1215,48,0
5581,55.810252068,182.500000000,100,1410,1215,48,0
5582,55.820247949,182.500000000,100,1410,1215,48,0
5583,55.830249160,182.500000000,100,1410,1215,48,0
5584,55.840254218,182.397000000,100,1410,1215,48,0
5585,55.850248075,182.397000000,100,1410,1215,48,0
5586,55.860248304,182.397000000,100,1410,1215,48,0
5587,55.870248924,182.397000000,100,1410,1215,48,0
5588,55.880248051,182.397000000,100,1410,1215,48,0
5589,55.890248130,182.397000000,100,1410,1215,48,0
5590,55.900252116,182.397000000,100,1410,1215,48,0
5591,55.910247867,182.397000000,100,1410,1215,48,0
5592,55.920252454,182.397000000,100,1410,1215,48,0
5593,55.930249147,182.397000000,100,1410,1215,48,0
5594,55.940248805,182.601000000,100,1410,1215,48,0
5595,55.950248783,182.601000000,100,1410,1215,48,0
5596,55.960247730,182.601000000,100,1410,1215,48,0
5597,55.970248510,182.601000000,100,1410,1215,48,0
5598,55.980247817,182.601000000,100,1410,1215,48,0
5599,55.990248788,182.601000000,100,1410,1215,48,0
5600,56.000248105,182.601000000,100,1410,1215,48,0
5601,56.010248795,182.601000000,100,1410,1215,48,0
5602,56.020246760,182.601000000,100,1410,1215,48,0
5603,56.030248953,182.601000000,100,1410,1215,48,0
5604,56.040250174,182.438000000,100,1410,1215,48,0
5605,56.050247548,182.438000000,100,1410,1215,48,0
5606,56.060248518,182.438000000,100,1410,1215,48,0
5607,56.070247365,182.438000000,100,1410,1215,48,0
5608,56.080252954,182.438000000,100,1410,1215,48,0
5609,56.090247492,182.438000000,100,1410,1215,48,0
5610,56.100249154,182.438000000,100,1410,1215,48,0
5611,56.110247350,182.438000000,100,1410,1215,48,0
5612,56.120248681,182.438000000,100,1410,1215,48,0
5613,56.130248970,182.438000000,100,1410,1215,48,0
5614,56.140248448,182.409000000,100,1410,1215,48,0
5615,56.150248466,182.409000000,100,1410,1215,48,0
5616,56.160248104,182.409000000,100,1410,1215,48,0
5617,56.170248253,182.409000000,100,1410,1215,48,0
5618,56.180248452,182.409000000,100,1410,1215,48,0
5619,56.190247980,182.409000000,100,1410,1215,48,0
5620,56.200248620,182.409000000,100,1410,1215,48,0
5621,56.210248358,182.409000000,100,1410,1215,48,0
5622,56.220248607,182.409000000,100,1410,1215,48,0
5623,56.230248696,182.409000000,100,1410,1215,48,0
5624,56.240249096,182.750000000,100,1410,1215,48,0
5625,56.250248183,182.750000000,100,1410,1215,48,0
5626,56.260248913,182.750000000,100,1410,1215,48,0
5627,56.270248561,182.750000000,100,1410,1215,48,0
5628,56.280248379,182.750000000,100,1410,1215,48,0
5629,56.290248278,182.750000000,100,1410,1215,48,0
5630,56.300248577,182.750000000,100,1410,1215,48,0
5631,56.310247564,182.750000000,100,1410,1215,48,0
5632,56.320247923,182.750000000,100,1410,1215,48,0
5633,56.330249154,182.750000000,100,1410,1215,48,0
5634,56.340248882,182.789000000,100,1410,1215,48,0
5635,56.350251766,182.789000000,100,1410,1215,48,0
5636,56.360248779,182.789000000,100,1410,1215,48,0
5637,56.370248357,182.789000000,100,1410,1215,48,0
5638,56.380248546,182.789000000,100,1410,1215,48,0
5639,56.390249096,182.789000000,100,1410,1215,48,0
5640,56.400249145,182.789000000,100,1410,1215,48,0
5641,56.410248582,182.789000000,100,1410,1215,48,0
5642,56.420252338,182.789000000,100,1410,1215,48,0
5643,56.430249121,182.789000000,100,1410,1215,48,0
5644,56.440249009,182.449000000,100,1410,1215,48,0
5645,56.450249238,182.449000000,100,1410,1215,48,0
5646,56.460248796,182.449000000,100,1410,1215,48,0
5647,56.470248595,182.449000000,100,1410,1215,48,0
5648,56.480248102,182.449000000,100,1410,1215,48,0
5649,56.490252459,182.449000000,100,1410,1215,48,0
5650,56.500253119,182.449000000,100,1410,1215,48,0
5651,56.510248850,182.449000000,100,1410,1215,48,0
5652,56.520248358,182.449000000,100,1410,1215,48,0
5653,56.530253576,182.449000000,100,1410,1215,48,0
5654,56.540249918,182.494000000,100,1410,1215,48,0
5655,56.550248814,182.494000000,100,1410,1215,48,0
5656,56.560248533,182.494000000,100,1410,1215,48,0
5657,56.570248802,182.494000000,100,1410,1215,48,0
5658,56.580248360,182.494000000,100,1410,1215,48,0
5659,56.590248088,182.494000000,100,1410,1215,48,0
5660,56.600248287,182.494000000,100,1410,1215,48,0
5661,56.610248326,182.494000000,100,1410,1215,48,0
5662,56.620247723,182.494000000,100,1410,1215,48,0
5663,56.630250217,182.494000000,100,1410,1215,48,0
5664,56.640249223,182.653000000,100,1410,1215,48,0
5665,56.650257448,182.653000000,100,1410,1215,48,0
5666,56.660248129,182.653000000,100,1410,1215,48,0
5667,56.670248348,182.653000000,100,1410,1215,48,0
5668,56.680247305,182.653000000,100,1410,1215,48,0
5669,56.690248335,182.653000000,100,1410,1215,48,0
5670,56.700248905,182.653000000,100,1410,1215,48,0
5671,56.710248753,182.653000000,100,1410,1215,48,0
5672,56.720248932,182.653000000,100,1410,1215,48,0
5673,56.730249582,182.653000000,100,1410,1215,48,0
5674,56.740249210,182.506000000,100,1410,1215,48,0
5675,56.750248668,182.506000000,100,1410,1215,48,0
5676,56.760248717,182.506000000,100,1410,1215,48,0
5677,56.770248355,182.506000000,100,1410,1215,48,0
5678,56.780248704,182.506000000,100,1410,1215,48,0
5679,56.790247751,182.506000000,100,1410,1215,48,0
5680,56.800248050,182.506000000,100,1410,1215,48,0
5681,56.810252457,182.506000000,100,1410,1215,48,0
5682,56.820247296,182.506000000,100,1410,1215,48,0
5683,56.830248637,182.506000000,100,1410,1215,48,0
5684,56.840249678,182.449000000,100,1410,1215,48,0
5685,56.850248515,182.449000000,100,1410,1215,48,0
5686,56.860248403,182.449000000,100,1410,1215,48,0
5687,56.870248342,182.449000000,100,1410,1215,48,0
5688,56.880248230,182.449000000,100,1410,1215,48,0
5689,56.890248349,182.449000000,100,1410,1215,48,0
5690,56.900247827,182.449000000,100,1410,1215,48,0
5691,56.910248276,182.449000000,100,1410,1215,48,0
5692,56.920248064,182.449000000,100,1410,1215,48,0
5693,56.930247833,182.449000000,100,1410,1215,48,0
5694,56.940249745,182.494000000,100,1410,1215,48,0
5695,56.950249133,182.494000000,100,1410,1215,48,0
5696,56.960430702,182.494000000,100,1410,1215,48,0
5697,56.970247817,182.494000000,100,1410,1215,48,0
5698,56.980248768,182.494000000,100,1410,1215,48,0
5699,56.990248356,182.494000000,100,1410,1215,48,0
5700,57.000247293,182.494000000,100,1410,1215,48,0
5701,57.010247662,182.494000000,100,1410,1215,48,0
5702,57.020247591,182.494000000,100,1410,1215,48,0
5703,57.030248431,182.494000000,100,1410,1215,48,0
5704,57.040248830,182.635000000,100,1410,1215,48,0
5705,57.050247937,182.635000000,100,1410,1215,48,0
5706,57.060247595,182.635000000,100,1410,1215,48,0
5707,57.070247644,182.635000000,100,1410,1215,48,0
5708,57.080247993,182.635000000,100,1410,1215,48,0
5709,57.090251208,182.635000000,100,1410,1215,48,0
5710,57.100248291,182.635000000,100,1410,1215,48,0
5711,57.110248120,182.635000000,100,1410,1215,48,0
5712,57.120248509,182.635000000,100,1410,1215,48,0
5713,57.130252325,182.635000000,100,1410,1215,48,0
5714,57.140249508,182.438000000,100,1410,1215,48,0
5715,57.150248435,182.438000000,100,1410,1215,48,0
5716,57.160248173,182.438000000,100,1410,1215,48,0
5717,57.170247931,182.438000000,100,1410,1215,48,0
5718,57.180248682,182.438000000,100,1410,1215,48,0
5719,57.190248490,182.438000000,100,1410,1215,48,0
5720,57.200248599,182.438000000,100,1410,1215,48,0
5721,57.210252515,182.438000000,100,1410,1215,48,0
5722,57.220252574,182.438000000,100,1410,1215,48,0
5723,57.230248494,182.438000000,100,1410,1215,48,0
5724,57.240249155,182.642000000,100,1410,1215,48,0
5725,57.250248101,182.642000000,100,1410,1215,48,0
5726,57.260248140,182.642000000,100,1410,1215,48,0
5727,57.270249100,182.642000000,100,1410,1215,48,0
5728,57.280252425,182.642000000,100,1410,1215,48,0
5729,57.290247915,182.642000000,100,1410,1215,48,0
5730,57.300248315,182.642000000,100,1410,1215,48,0
5731,57.310252211,182.642000000,100,1410,1215,48,0
5732,57.320247421,182.642000000,100,1410,1215,48,0
5733,57.330248020,182.642000000,100,1410,1215,48,0
5734,57.340248420,182.750000000,100,1410,1215,48,0
5735,57.350251344,182.750000000,100,1410,1215,48,0
5736,57.360248608,182.750000000,100,1410,1215,48,0
5737,57.370247624,182.750000000,100,1410,1215,48,0
5738,57.380252873,182.750000000,100,1410,1215,48,0
5739,57.390248844,182.750000000,100,1410,1215,48,0
5740,57.400248963,182.750000000,100,1410,1215,48,0
5741,57.410247870,182.750000000,100,1410,1215,48,0
5742,57.420248009,182.750000000,100,1410,1215,48,0
5743,57.430247597,182.750000000,100,1410,1215,48,0
5744,57.440249038,182.750000000,100,1410,1215,48,0
5745,57.450247965,182.750000000,100,1410,1215,48,0
5746,57.460247953,182.750000000,100,1410,1215,48,0
5747,57.470248523,182.750000000,100,1410,1215,48,0
5748,57.480248502,182.750000000,100,1410,1215,48,0
5749,57.490252418,182.750000000,100,1410,1215,48,0
5750,57.500248068,182.750000000,100,1410,1215,48,0
5751,57.510248267,182.750000000,100,1410,1215,48,0
5752,57.520247695,182.750000000,100,1410,1215,48,0
5753,57.530248595,182.750000000,100,1410,1215,48,0
5754,57.540248724,182.680000000,100,1410,1215,48,0
5755,57.550251919,182.680000000,100,1410,1215,48,0
5756,57.560249022,182.680000000,100,1410,1215,48,0
5757,57.570248390,182.680000000,100,1410,1215,48,0
5758,57.580249140,182.680000000,100,1410,1215,48,0
5759,57.590248036,182.680000000,100,1410,1215,48,0
5760,57.600248426,182.680000000,100,1410,1215,48,0
5761,57.610248475,182.680000000,100,1410,1215,48,0
5762,57.620248463,182.680000000,100,1410,1215,48,0
5763,57.630249394,182.680000000,100,1410,1215,48,0
5764,57.640248831,182.642000000,100,1410,1215,48,0
5765,57.650248169,182.642000000,100,1410,1215,48,0
5766,57.660248047,182.642000000,100,1410,1215,48,0
5767,57.670247515,182.642000000,100,1410,1215,48,0
5768,57.680251912,182.642000000,100,1410,1215,48,0
5769,57.690247492,182.642000000,100,1410,1215,48,0
5770,57.700247852,182.642000000,100,1410,1215,48,0
5771,57.710248542,182.642000000,100,1410,1215,48,0
5772,57.720247578,182.642000000,100,1410,1215,48,0
5773,57.730248499,182.642000000,100,1410,1215,48,0
5774,57.740253267,182.545000000,100,1410,1215,48,0
5775,57.750249268,182.545000000,100,1410,1215,48,0
5776,57.760247483,182.545000000,100,1410,1215,48,0
5777,57.770248524,182.545000000,100,1410,1215,48,0
5778,57.780248863,182.545000000,100,1410,1215,48,0
5779,57.790247950,182.545000000,100,1410,1215,48,0
5780,57.800247137,182.545000000,100,1410,1215,48,0
5781,57.810246795,182.545000000,100,1410,1215,48,0
5782,57.820246463,182.545000000,100,1410,1215,48,0
5783,57.830247915,182.545000000,100,1410,1215,48,0
5784,57.840247523,182.788000000,100,1410,1215,48,0
5785,57.850248373,182.788000000,100,1410,1215,48,0
5786,57.860247841,182.788000000,100,1410,1215,48,0
5787,57.870251797,182.788000000,100,1410,1215,48,0
5788,57.880247437,182.788000000,100,1410,1215,48,0
5789,57.890247286,182.788000000,100,1410,1215,48,0
5790,57.900247224,182.788000000,100,1410,1215,48,0
5791,57.910248355,182.788000000,100,1410,1215,48,0
5792,57.920247783,182.788000000,100,1410,1215,48,0
5793,57.930248132,182.788000000,100,1410,1215,48,0
5794,57.940249042,182.692000000,100,1410,1215,48,0
5795,57.950247528,182.692000000,100,1410,1215,48,0
5796,57.960248398,182.692000000,100,1410,1215,48,0
5797,57.970251834,182.692000000,100,1410,1215,48,0
5798,57.980248095,182.692000000,100,1410,1215,48,0
5799,57.990248034,182.692000000,100,1410,1215,48,0
5800,58.000248103,182.692000000,100,1410,1215,48,0
5801,58.010248432,182.692000000,100,1410,1215,48,0
5802,58.020247940,182.692000000,100,1410,1215,48,0
5803,58.030249622,182.692000000,100,1410,1215,48,0
5804,58.040250151,182.545000000,100,1410,1215,48,0
5805,58.050247435,182.545000000,100,1410,1215,48,0
5806,58.060247524,182.545000000,100,1410,1215,48,0
5807,58.070249336,182.545000000,100,1410,1215,48,0
5808,58.080247351,182.545000000,100,1410,1215,48,0
5809,58.090247820,182.545000000,100,1410,1215,48,0
5810,58.100247448,182.545000000,100,1410,1215,48,0
5811,58.110248619,182.545000000,100,1410,1215,48,0
5812,58.120248628,182.545000000,100,1410,1215,48,0
5813,58.130250109,182.545000000,100,1410,1215,48,0
5814,58.140250539,182.642000000,100,1410,1215,48,0
5815,58.150248183,182.642000000,100,1410,1215,48,0
5816,58.160248873,182.642000000,100,1410,1215,48,0
5817,58.170247970,182.642000000,100,1410,1215,48,0
5818,58.180251846,182.642000000,100,1410,1215,48,0
5819,58.190247607,182.642000000,100,1410,1215,48,0
5820,58.200248106,182.642000000,100,1410,1215,48,0
5821,58.210248155,182.642000000,100,1410,1215,48,0
5822,58.220247543,182.642000000,100,1410,1215,48,0
5823,58.230249305,182.642000000,100,1410,1215,48,0
5824,58.240248762,182.592000000,100,1410,1215,48,0
5825,58.250252779,182.592000000,100,1410,1215,48,0
5826,58.260248349,182.592000000,100,1410,1215,48,0
5827,58.270248328,182.592000000,100,1410,1215,48,0
5828,58.280248477,182.592000000,100,1410,1215,48,0
5829,58.290248515,182.592000000,100,1410,1215,48,0
5830,58.300247622,182.592000000,100,1410,1215,48,0
5831,58.310248192,182.592000000,100,1410,1215,48,0
5832,58.320253300,182.592000000,100,1410,1215,48,0
5833,58.330249292,182.592000000,100,1410,1215,48,0
5834,58.340249791,182.789000000,100,1410,1215,48,0
5835,58.350247656,182.789000000,100,1410,1215,48,0
5836,58.360248616,182.789000000,100,1410,1215,48,0
5837,58.370248735,182.789000000,100,1410,1215,48,0
5838,58.380247752,182.789000000,100,1410,1215,48,0
5839,58.390253121,182.789000000,100,1410,1215,48,0
5840,58.400248180,182.789000000,100,1410,1215,48,0
5841,58.410248720,182.789000000,100,1410,1215,48,0
5842,58.420248027,182.789000000,100,1410,1215,48,0
5843,58.430249138,182.789000000,100,1410,1215,48,0
5844,58.440249457,183.039000000,100,1410,1215,48,0
5845,58.450247432,183.039000000,100,1410,1215,48,0
5846,58.460251929,183.039000000,100,1410,1215,48,0
5847,58.470248582,183.039000000,100,1410,1215,48,0
5848,58.480251726,183.039000000,100,1410,1215,48,0
5849,58.490248259,183.039000000,100,1410,1215,48,0
5850,58.500247887,183.039000000,100,1410,1215,48,0
5851,58.510247875,183.039000000,100,1410,1215,48,0
5852,58.520248836,183.039000000,100,1410,1215,48,0
5853,58.530249305,183.039000000,100,1410,1215,48,0
5854,58.540250015,182.642000000,100,1410,1215,48,0
5855,58.550248271,182.642000000,100,1410,1215,48,0
5856,58.560252708,182.642000000,100,1410,1215,48,0
5857,58.570247787,182.642000000,100,1410,1215,48,0
5858,58.580247185,182.642000000,100,1410,1215,48,0
5859,58.590247414,182.642000000,100,1410,1215,48,0
5860,58.600251651,182.642000000,100,1410,1215,48,0
5861,58.610248283,182.642000000,100,1410,1215,48,0
5862,58.620248131,182.642000000,100,1410,1215,48,0
5863,58.630253250,182.642000000,100,1410,1215,48,0
5864,58.640250944,182.546000000,100,1410,1215,48,0
5865,58.650247426,182.546000000,100,1410,1215,48,0
5866,58.660248347,182.546000000,100,1410,1215,48,0
5867,58.670251942,182.546000000,100,1410,1215,48,0
5868,58.680248645,182.546000000,100,1410,1215,48,0
5869,58.690247932,182.546000000,100,1410,1215,48,0
5870,58.700248532,182.546000000,100,1410,1215,48,0
5871,58.710252177,182.546000000,100,1410,1215,48,0
5872,58.720248188,182.546000000,100,1410,1215,48,0
5873,58.730248367,182.546000000,100,1410,1215,48,0
5874,58.740248937,183.039000000,100,1410,1215,48,0
5875,58.750249276,183.039000000,100,1410,1215,48,0
5876,58.760248744,183.039000000,100,1410,1215,48,0
5877,58.770247631,183.039000000,100,1410,1215,48,0
5878,58.780247800,183.039000000,100,1410,1215,48,0
5879,58.790247438,183.039000000,100,1410,1215,48,0
5880,58.800252205,183.039000000,100,1410,1215,48,0
5881,58.810250461,183.039000000,100,1410,1215,48,0
5882,58.820248135,183.039000000,100,1410,1215,48,0
5883,58.830249005,183.039000000,100,1410,1215,48,0
5884,58.840249776,182.942000000,100,1410,1215,48,0
5885,58.850248161,182.942000000,100,1410,1215,48,0
5886,58.860252358,182.942000000,100,1410,1215,48,0
5887,58.870247868,182.942000000,100,1410,1215,48,0
5888,58.880248338,182.942000000,100,1410,1215,48,0
5889,58.890247925,182.942000000,100,1410,1215,48,0
5890,58.900247594,182.942000000,100,1410,1215,48,0
5891,58.910248013,182.942000000,100,1410,1215,48,0
5892,58.920247892,182.942000000,100,1410,1215,48,0
5893,58.930249323,182.942000000,100,1410,1215,48,0
5894,58.940249011,182.449000000,100,1410,1215,48,0
5895,58.950247367,182.449000000,100,1410,1215,48,0
5896,58.960248658,182.449000000,100,1410,1215,48,0
5897,58.970247434,182.449000000,100,1410,1215,48,0
5898,58.980247563,182.449000000,100,1410,1215,48,0
5899,58.990247602,182.449000000,100,1410,1215,48,0
5900,59.000247721,182.449000000,100,1410,1215,48,0
5901,59.010247709,182.449000000,100,1410,1215,48,0
5902,59.020247828,182.449000000,100,1410,1215,48,0
5903,59.030252846,182.449000000,100,1410,1215,48,0
5904,59.040249930,182.341000000,100,1410,1215,48,0
5905,59.050252383,182.341000000,100,1410,1215,48,0
5906,59.060248244,182.341000000,100,1410,1215,48,0
5907,59.070247391,182.341000000,100,1410,1215,48,0
5908,59.080436023,182.341000000,100,1410,1215,48,0
5909,59.090247699,182.341000000,100,1410,1215,48,0
5910,59.100247076,182.341000000,100,1410,1215,48,0
5911,59.110247426,182.341000000,100,1410,1215,48,0
5912,59.120247094,182.341000000,100,1410,1215,48,0
5913,59.130248946,182.341000000,100,1410,1215,48,0
5914,59.140248494,182.693000000,100,1410,1215,48,0
5915,59.150247951,182.693000000,100,1410,1215,48,0
5916,59.160247229,182.693000000,100,1410,1215,48,0
5917,59.170248049,182.693000000,100,1410,1215,48,0
5918,59.180247116,182.693000000,100,1410,1215,48,0
5919,59.190248086,182.693000000,100,1410,1215,48,0
5920,59.200247825,182.693000000,100,1410,1215,48,0
5921,59.210248174,182.693000000,100,1410,1215,48,0
5922,59.220247421,182.693000000,100,1410,1215,48,0
5923,59.230248572,182.693000000,100,1410,1215,48,0
5924,59.240248831,182.796000000,100,1410,1215,48,0
5925,59.250248419,182.796000000,100,1410,1215,48,0
5926,59.260253217,182.796000000,100,1410,1215,48,0
5927,59.270248637,182.796000000,100,1410,1215,48,0
5928,59.280248245,182.796000000,100,1410,1215,48,0
5929,59.290247823,182.796000000,100,1410,1215,48,0
5930,59.300248122,182.796000000,100,1410,1215,48,0
5931,59.310248622,182.796000000,100,1410,1215,48,0
5932,59.320248200,182.796000000,100,1410,1215,48,0
5933,59.330248840,182.796000000,100,1410,1215,48,0
5934,59.340248918,182.546000000,100,1410,1215,48,0
5935,59.350248777,182.546000000,100,1410,1215,48,0
5936,59.360248465,182.546000000,100,1410,1215,48,0
5937,59.370248103,182.546000000,100,1410,1215,48,0
5938,59.380248693,182.546000000,100,1410,1215,48,0
5939,59.390248261,182.546000000,100,1410,1215,48,0
5940,59.400248610,182.546000000,100,1410,1215,48,0
5941,59.410249130,182.546000000,100,1410,1215,48,0
5942,59.420248527,182.546000000,100,1410,1215,48,0
5943,59.430249357,182.546000000,100,1410,1215,48,0
5944,59.440249316,182.642000000,100,1410,1215,48,0
5945,59.450253172,182.642000000,100,1410,1215,48,0
5946,59.460248041,182.642000000,100,1410,1215,48,0
5947,59.470247759,182.642000000,100,1410,1215,48,0
5948,59.480248850,182.642000000,100,1410,1215,48,0
5949,59.490252295,182.642000000,100,1410,1215,48,0
5950,59.500248537,182.642000000,100,1410,1215,48,0
5951,59.510248205,182.642000000,100,1410,1215,48,0
5952,59.520248905,182.642000000,100,1410,1215,48,0
5953,59.530337049,182.642000000,100,1410,1215,48,0
5954,59.540249583,182.699000000,100,1410,1215,48,0
5955,59.550247999,182.699000000,100,1410,1215,48,0
5956,59.560249290,182.699000000,100,1410,1215,48,0
5957,59.570249028,182.699000000,100,1410,1215,48,0
5958,59.580248346,182.699000000,100,1410,1215,48,0
5959,59.590247483,182.699000000,100,1410,1215,48,0
5960,59.600252110,182.699000000,100,1410,1215,48,0
5961,59.610249073,182.699000000,100,1410,1215,48,0
5962,59.620248230,182.699000000,100,1410,1215,48,0
5963,59.630249031,182.699000000,100,1410,1215,48,0
5964,59.640248849,182.699000000,100,1410,1215,48,0
5965,59.650248667,182.699000000,100,1410,1215,48,0
5966,59.660247704,182.699000000,100,1410,1215,48,0
5967,59.670252572,182.699000000,100,1410,1215,48,0
5968,59.680248433,182.699000000,100,1410,1215,48,0
5969,59.690245316,182.699000000,100,1410,1215,48,0
5970,59.700248190,182.699000000,100,1410,1215,48,0
5971,59.710252396,182.699000000,100,1410,1215,48,0
5972,59.720252355,182.699000000,100,1410,1215,48,0
5973,59.730249729,182.699000000,100,1410,1215,48,0
5974,59.740248866,182.885000000,100,1410,1215,48,0
5975,59.750248804,182.885000000,100,1410,1215,48,0
5976,59.760249003,182.885000000,100,1410,1215,48,0
5977,59.770249182,182.885000000,100,1410,1215,48,0
5978,59.780248069,182.885000000,100,1410,1215,48,0
5979,59.790248849,182.885000000,100,1410,1215,48,0
5980,59.800248297,182.885000000,100,1410,1215,48,0
5981,59.810248857,182.885000000,100,1410,1215,48,0
5982,59.820247964,182.885000000,100,1410,1215,48,0
5983,59.830249545,182.885000000,100,1410,1215,48,0
5984,59.840254002,182.692000000,100,1410,1215,48,0
5985,59.850248551,182.692000000,100,1410,1215,48,0
5986,59.860248239,182.692000000,100,1410,1215,48,0
5987,59.870249229,182.692000000,100,1410,1215,48,0
5988,59.880249108,182.692000000,100,1410,1215,48,0
5989,59.890250088,182.692000000,100,1410,1215,48,0
5990,59.900248985,182.692000000,100,1410,1215,48,0
5991,59.910247982,182.692000000,100,1410,1215,48,0
5992,59.920248942,182.692000000,100,1410,1215,48,0
5993,59.930249592,182.692000000,100,1410,1215,48,0
5994,59.940249972,182.749000000,100,1410,1215,48,0
5995,59.950248447,182.749000000,100,1410,1215,48,0
5996,59.960249157,182.749000000,100,1410,1215,48,0
5997,59.970248124,182.749000000,100,1410,1215,48,0
5998,59.980248313,182.749000000,100,1410,1215,48,0
5999,59.990252991,182.749000000,100,1410,1215,48,0
6000,60.000248731,182.749000000,100,1410,1215,48,0
6001,60.010248470,182.749000000,100,1410,1215,48,0
6002,60.020252816,182.749000000,100,1410,1215,48,0
6003,60.030249258,182.749000000,100,1410,1215,48,0
6004,60.040249568,182.846000000,100,1410,1215,48,0
6005,60.050247563,182.846000000,100,1410,1215,48,0
6006,60.060252280,182.846000000,100,1410,1215,48,0
6007,60.070252389,182.846000000,100,1410,1215,48,0
6008,60.080248230,182.846000000,100,1410,1215,48,0
6009,60.090248389,182.846000000,100,1410,1215,48,0
6010,60.100247877,182.846000000,100,1410,1215,48,0
6011,60.110247505,182.846000000,100,1410,1215,48,0
6012,60.120248034,182.846000000,100,1410,1215,48,0
6013,60.130246290,182.846000000,100,1410,1215,48,0
6014,60.140249074,182.635000000,100,1410,1215,48,0
6015,60.150248221,182.635000000,100,1410,1215,48,0
6016,60.160249001,182.635000000,100,1410,1215,48,0
6017,60.170245643,182.635000000,100,1410,1215,48,0
6018,60.180246283,182.635000000,100,1410,1215,48,0
6019,60.190248837,182.635000000,100,1410,1215,48,0
6020,60.200247643,182.635000000,100,1410,1215,48,0
6021,60.210245979,182.635000000,100,1410,1215,48,0
6022,60.220247600,182.635000000,100,1410,1215,48,0
6023,60.230247980,182.635000000,100,1410,1215,48,0
6024,60.240249431,182.545000000,100,1410,1215,48,0
6025,60.250250502,182.545000000,100,1410,1215,48,0
6026,60.260248387,182.545000000,100,1410,1215,48,0
6027,60.270248035,182.545000000,100,1410,1215,48,0
6028,60.280248284,182.545000000,100,1410,1215,48,0
6029,60.290248202,182.545000000,100,1410,1215,48,0
6030,60.300248572,182.545000000,100,1410,1215,48,0
6031,60.310248510,182.545000000,100,1410,1215,48,0
6032,60.320251995,182.545000000,100,1410,1215,48,0
6033,60.330247436,182.545000000,100,1410,1215,48,0
6034,60.340252864,182.545000000,100,1410,1215,48,0
6035,60.350248555,182.545000000,100,1410,1215,48,0
6036,60.360247822,182.545000000,100,1410,1215,48,0
6037,60.370251638,182.545000000,100,1410,1215,48,0
6038,60.380247750,182.545000000,100,1410,1215,48,0
6039,60.390247307,182.545000000,100,1410,1215,48,0
6040,60.400247557,182.545000000,100,1410,1215,48,0
6041,60.410248066,182.545000000,100,1410,1215,48,0
6042,60.420249969,182.545000000,100,1410,1215,48,0
6043,60.430249236,182.545000000,100,1410,1215,48,0
6044,60.440248603,182.636000000,100,1410,1215,48,0
6045,60.450248612,182.636000000,100,1410,1215,48,0
6046,60.460248631,182.636000000,100,1410,1215,48,0
6047,60.470248259,182.636000000,100,1410,1215,48,0
6048,60.480248277,182.636000000,100,1410,1215,48,0
6049,60.490248827,182.636000000,100,1410,1215,48,0
6050,60.500248335,182.636000000,100,1410,1215,48,0
6051,60.510248444,182.636000000,100,1410,1215,48,0
6052,60.520254794,182.636000000,100,1410,1215,48,0
6053,60.530248652,182.636000000,100,1410,1215,48,0
6054,60.540249191,182.642000000,100,1410,1215,48,0
6055,60.550247817,182.642000000,100,1410,1215,48,0
6056,60.560251864,182.642000000,100,1410,1215,48,0
6057,60.570248025,182.642000000,100,1410,1215,48,0
6058,60.580247613,182.642000000,100,1410,1215,48,0
6059,60.590246941,182.642000000,100,1410,1215,48,0
6060,60.600247721,182.642000000,100,1410,1215,48,0
6061,60.610247749,182.642000000,100,1410,1215,48,0
6062,60.620248069,182.642000000,100,1410,1215,48,0
6063,60.630249330,182.642000000,100,1410,1215,48,0
6064,60.640253777,182.392000000,100,1410,1215,48,0
6065,60.650248856,182.392000000,100,1410,1215,48,0
6066,60.660251830,182.392000000,100,1410,1215,48,0
6067,60.670247271,182.392000000,100,1410,1215,48,0
6068,60.680248742,182.392000000,100,1410,1215,48,0
6069,60.690248430,182.392000000,100,1410,1215,48,0
6070,60.700248369,182.392000000,100,1410,1215,48,0
6071,60.710252385,182.392000000,100,1410,1215,48,0
6072,60.720248066,182.392000000,100,1410,1215,48,0
6073,60.730248205,182.392000000,100,1410,1215,48,0
6074,60.740248754,182.789000000,100,1410,1215,48,0
6075,60.750251208,182.789000000,100,1410,1215,48,0
6076,60.760247619,182.789000000,100,1410,1215,48,0
6077,60.770247799,182.789000000,100,1410,1215,48,0
6078,60.780247787,182.789000000,100,1410,1215,48,0
6079,60.790251693,182.789000000,100,1410,1215,48,0
6080,60.800246993,182.789000000,100,1410,1215,48,0
6081,60.810247483,182.789000000,100,1410,1215,48,0
6082,60.820247381,182.789000000,100,1410,1215,48,0
6083,60.830247250,182.789000000,100,1410,1215,48,0
6084,60.840428628,182.975000000,100,1410,1215,48,0
6085,60.850247497,182.975000000,100,1410,1215,48,0
6086,60.860248338,182.975000000,100,1410,1215,48,0
6087,60.870251332,182.975000000,100,1410,1215,48,0
6088,60.880248195,182.975000000,100,1410,1215,48,0
6089,60.890247332,182.975000000,100,1410,1215,48,0
6090,60.900248513,182.975000000,100,1410,1215,48,0
6091,60.910248141,182.975000000,100,1410,1215,48,0
6092,60.920247639,182.975000000,100,1410,1215,48,0
6093,60.930247387,182.975000000,100,1410,1215,48,0
6094,60.940249089,182.789000000,100,1410,1215,48,0
6095,60.950247645,182.789000000,100,1410,1215,48,0
6096,60.960246792,182.789000000,100,1410,1215,48,0
6097,60.970248293,182.789000000,100,1410,1215,48,0
6098,60.980251798,182.789000000,100,1410,1215,48,0
6099,60.990248902,182.789000000,100,1410,1215,48,0
6100,61.000247698,182.789000000,100,1410,1215,48,0
6101,61.010248007,182.789000000,100,1410,1215,48,0
6102,61.020248727,182.789000000,100,1410,1215,48,0
6103,61.030247313,182.789000000,100,1410,1215,48,0
6104,61.040249787,182.545000000,100,1410,1215,48,0
6105,61.050248443,182.545000000,100,1410,1215,48,0
6106,61.060248472,182.545000000,100,1410,1215,48,0
6107,61.070252668,182.545000000,100,1410,1215,48,0
6108,61.080252657,182.545000000,100,1410,1215,48,0
6109,61.090248979,182.545000000,100,1410,1215,48,0
6110,61.100252714,182.545000000,100,1410,1215,48,0
6111,61.110247734,182.545000000,100,1410,1215,48,0
6112,61.120247933,182.545000000,100,1410,1215,48,0
6113,61.130247771,182.545000000,100,1410,1215,48,0
6114,61.140249784,182.846000000,100,1410,1215,48,0
6115,61.150247869,182.846000000,100,1410,1215,48,0
6116,61.160248960,182.846000000,100,1410,1215,48,0
6117,61.170252284,182.846000000,100,1410,1215,48,0
6118,61.180247725,182.846000000,100,1410,1215,48,0
6119,61.190247793,182.846000000,100,1410,1215,48,0
6120,61.200248433,182.846000000,100,1410,1215,48,0
6121,61.210247430,182.846000000,100,1410,1215,48,0
6122,61.220251667,182.846000000,100,1410,1215,48,0
6123,61.230247758,182.846000000,100,1410,1215,48,0
6124,61.240249871,182.848000000,100,1410,1215,48,0
6125,61.250247835,182.848000000,100,1410,1215,48,0
6126,61.260248095,182.848000000,100,1410,1215,48,0
6127,61.270248464,182.848000000,100,1410,1215,48,0
6128,61.280248102,182.848000000,100,1410,1215,48,0
6129,61.290247991,182.848000000,100,1410,1215,48,0
6130,61.300247689,182.848000000,100,1410,1215,48,0
6131,61.310247978,182.848000000,100,1410,1215,48,0
6132,61.320248568,182.848000000,100,1410,1215,48,0
6133,61.330248556,182.848000000,100,1410,1215,48,0
6134,61.340249176,182.698000000,100,1410,1215,48,0
6135,61.350248063,182.698000000,100,1410,1215,48,0
6136,61.360249033,182.698000000,100,1410,1215,48,0
6137,61.370249473,182.698000000,100,1410,1215,48,0
6138,61.380247738,182.698000000,100,1410,1215,48,0
6139,61.390248428,182.698000000,100,1410,1215,48,0
6140,61.400248177,182.698000000,100,1410,1215,48,0
6141,61.410247624,182.698000000,100,1410,1215,48,0
6142,61.420247122,182.698000000,100,1410,1215,48,0
6143,61.430247772,182.698000000,100,1410,1215,48,0
6144,61.440248572,182.681000000,100,1410,1215,48,0
6145,61.450248010,182.681000000,100,1410,1215,48,0
6146,61.460252226,182.681000000,100,1410,1215,48,0
6147,61.470248438,182.681000000,100,1410,1215,48,0
6148,61.480247635,182.681000000,100,1410,1215,48,0
6149,61.490252753,182.681000000,100,1410,1215,48,0
6150,61.500248424,182.681000000,100,1410,1215,48,0
6151,61.510248022,182.681000000,100,1410,1215,48,0
6152,61.520247419,182.681000000,100,1410,1215,48,0
6153,61.530248260,182.681000000,100,1410,1215,48,0
6154,61.540253578,182.699000000,100,1410,1215,48,0
6155,61.550248678,182.699000000,100,1410,1215,48,0
6156,61.560248636,182.699000000,100,1410,1215,48,0
6157,61.570248715,182.699000000,100,1410,1215,48,0
6158,61.580246870,182.699000000,100,1410,1215,48,0
6159,61.590247600,182.699000000,100,1410,1215,48,0
6160,61.600252789,182.699000000,100,1410,1215,48,0
6161,61.610247257,182.699000000,100,1410,1215,48,0
6162,61.620251634,182.699000000,100,1410,1215,48,0
6163,61.630248377,182.699000000,100,1410,1215,48,0
6164,61.640252623,182.700000000,100,1410,1215,48,0
6165,61.650247963,182.700000000,100,1410,1215,48,0
6166,61.660246349,182.700000000,100,1410,1215,48,0
6167,61.670247710,182.700000000,100,1410,1215,48,0
6168,61.680247388,182.700000000,100,1410,1215,48,0
6169,61.690251515,182.700000000,100,1410,1215,48,0
6170,61.700248117,182.700000000,100,1410,1215,48,0
6171,61.710247344,182.700000000,100,1410,1215,48,0
6172,61.720247593,182.700000000,100,1410,1215,48,0
6173,61.730249105,182.700000000,100,1410,1215,48,0
6174,61.740249635,182.730000000,100,1410,1215,48,0
6175,61.750248131,182.730000000,100,1410,1215,48,0
6176,61.760247558,182.730000000,100,1410,1215,48,0
6177,61.770252817,182.730000000,100,1410,1215,48,0
6178,61.780247816,182.730000000,100,1410,1215,48,0
6179,61.790248887,182.730000000,100,1410,1215,48,0
6180,61.800247453,182.730000000,100,1410,1215,48,0
6181,61.810249295,182.730000000,100,1410,1215,48,0
6182,61.820248322,182.730000000,100,1410,1215,48,0
6183,61.830248240,182.730000000,100,1410,1215,48,0
6184,61.840249702,182.545000000,100,1410,1215,48,0
6185,61.850248208,182.545000000,100,1410,1215,48,0
6186,61.860251562,182.545000000,100,1410,1215,48,0
6187,61.870248946,182.545000000,100,1410,1215,48,0
6188,61.880247342,182.545000000,100,1410,1215,48,0
6189,61.890248523,182.545000000,100,1410,1215,48,0
6190,61.900251808,182.545000000,100,1410,1215,48,0
6191,61.910248901,182.545000000,100,1410,1215,48,0
6192,61.920247156,182.545000000,100,1410,1215,48,0
6193,61.930248508,182.545000000,100,1410,1215,48,0
6194,61.940253936,182.545000000,100,1410,1215,48,0
6195,61.950248084,182.545000000,100,1410,1215,48,0
6196,61.960248634,182.545000000,100,1410,1215,48,0
6197,61.970247681,182.545000000,100,1410,1215,48,0
6198,61.980247319,182.545000000,100,1410,1215,48,0
6199,61.990252527,182.545000000,100,1410,1215,48,0
6200,62.000247887,182.545000000,100,1410,1215,48,0
6201,62.010250260,182.545000000,100,1410,1215,48,0
6202,62.020248135,182.545000000,100,1410,1215,48,0
6203,62.030248074,182.545000000,100,1410,1215,48,0
6204,62.040249535,182.739000000,100,1410,1215,48,0
6205,62.050247760,182.739000000,100,1410,1215,48,0
6206,62.060247729,182.739000000,100,1410,1215,48,0
6207,62.070248209,182.739000000,100,1410,1215,48,0
6208,62.080247406,182.739000000,100,1410,1215,48,0
6209,62.090248226,182.739000000,100,1410,1215,48,0
6210,62.100246972,182.739000000,100,1410,1215,48,0
6211,62.110248003,182.739000000,100,1410,1215,48,0
6212,62.120247350,182.739000000,100,1410,1215,48,0
6213,62.130248351,182.739000000,100,1410,1215,48,0
6214,62.140248700,182.693000000,100,1410,1215,48,0
6215,62.150247597,182.693000000,100,1410,1215,48,0
6216,62.160247185,182.693000000,100,1410,1215,48,0
6217,62.170247745,182.693000000,100,1410,1215,48,0
6218,62.180252222,182.693000000,100,1410,1215,48,0
6219,62.190248574,182.693000000,100,1410,1215,48,0
6220,62.200248572,182.693000000,100,1410,1215,48,0
6221,62.210247379,182.693000000,100,1410,1215,48,0
6222,62.220248309,182.693000000,100,1410,1215,48,0
6223,62.230252416,182.693000000,100,1410,1215,48,0
6224,62.240254528,182.846000000,100,1410,1215,48,0
6225,62.250248496,182.846000000,100,1410,1215,48,0
6226,62.260252652,182.846000000,100,1410,1215,48,0
6227,62.270248733,182.846000000,100,1410,1215,48,0
6228,62.280248662,182.846000000,100,1410,1215,48,0
6229,62.290248610,182.846000000,100,1410,1215,48,0
6230,62.300247878,182.846000000,100,1410,1215,48,0
6231,62.310247396,182.846000000,100,1410,1215,48,0
6232,62.320248386,182.846000000,100,1410,1215,48,0
6233,62.330248615,182.846000000,100,1410,1215,48,0
6234,62.340249045,182.693000000,100,1410,1215,48,0
6235,62.350248242,182.693000000,100,1410,1215,48,0
6236,62.360248371,182.693000000,100,1410,1215,48,0
6237,62.370248730,182.693000000,100,1410,1215,48,0
6238,62.380248448,182.693000000,100,1410,1215,48,0
6239,62.390249048,182.693000000,100,1410,1215,48,0
6240,62.400248927,182.693000000,100,1410,1215,48,0
6241,62.410249076,182.693000000,100,1410,1215,48,0
6242,62.420247672,182.693000000,100,1410,1215,48,0
6243,62.430248843,182.693000000,100,1410,1215,48,0
6244,62.440249513,182.602000000,100,1410,1215,48,0
6245,62.450252938,182.602000000,100,1410,1215,48,0
6246,62.460248568,182.602000000,100,1410,1215,48,0
6247,62.470248617,182.602000000,100,1410,1215,48,0
6248,62.480248966,182.602000000,100,1410,1215,48,0
6249,62.490248434,182.602000000,100,1410,1215,48,0
6250,62.500248753,182.602000000,100,1410,1215,48,0
6251,62.510246969,182.602000000,100,1410,1215,48,0
6252,62.520252207,182.602000000,100,1410,1215,48,0
6253,62.530248529,182.602000000,100,1410,1215,48,0
6254,62.540248908,182.750000000,100,1410,1215,48,0
6255,62.550255439,182.750000000,100,1410,1215,48,0
6256,62.560248465,182.750000000,100,1410,1215,48,0
6257,62.570248884,182.750000000,100,1410,1215,48,0
6258,62.580248482,182.750000000,100,1410,1215,48,0
6259,62.590287043,182.750000000,100,1410,1215,48,0
6260,62.600248049,182.750000000,100,1410,1215,48,0
6261,62.610247787,182.750000000,100,1410,1215,48,0
6262,62.620248517,182.750000000,100,1410,1215,48,0
6263,62.630252363,182.750000000,100,1410,1215,48,0
6264,62.640249667,182.884000000,100,1410,1215,48,0
6265,62.650252491,182.884000000,100,1410,1215,48,0
6266,62.660249243,182.884000000,100,1410,1215,48,0
6267,62.670251827,182.884000000,100,1410,1215,48,0
6268,62.680248179,182.884000000,100,1410,1215,48,0
6269,62.690419078,182.884000000,100,1410,1215,48,0
6270,62.700248727,182.884000000,100,1410,1215,48,0
6271,62.710248395,182.884000000,100,1410,1215,48,0
6272,62.720248494,182.884000000,100,1410,1215,48,0
6273,62.730252691,182.884000000,100,1410,1215,48,0
6274,62.740249513,182.789000000,100,1410,1215,48,0
6275,62.750247889,182.789000000,100,1410,1215,48,0
6276,62.760248519,182.789000000,100,1410,1215,48,0
6277,62.770252295,182.789000000,100,1410,1215,48,0
6278,62.780249658,182.789000000,100,1410,1215,48,0
6279,62.790252302,182.789000000,100,1410,1215,48,0
6280,62.800248513,182.789000000,100,1410,1215,48,0
6281,62.810247621,182.789000000,100,1410,1215,48,0
6282,62.820253450,182.789000000,100,1410,1215,48,0
6283,62.830248279,182.789000000,100,1410,1215,48,0
6284,62.840249270,182.749000000,100,1410,1215,48,0
6285,62.850249469,182.749000000,100,1410,1215,48,0
6286,62.860248726,182.749000000,100,1410,1215,48,0
6287,62.870252622,182.749000000,100,1410,1215,48,0
6288,62.880248222,182.749000000,100,1410,1215,48,0
6289,62.890248812,182.749000000,100,1410,1215,48,0
6290,62.900248280,182.749000000,100,1410,1215,48,0
6291,62.910253779,182.749000000,100,1410,1215,48,0
6292,62.920248568,182.749000000,100,1410,1215,48,0
6293,62.930248116,182.749000000,100,1410,1215,48,0
6294,62.940249788,182.692000000,100,1410,1215,48,0
6295,62.950252942,182.692000000,100,1410,1215,48,0
6296,62.960247340,182.692000000,100,1410,1215,48,0
6297,62.970248161,182.692000000,100,1410,1215,48,0
6298,62.980248640,182.692000000,100,1410,1215,48,0
6299,62.990249100,182.692000000,100,1410,1215,48,0
6300,63.000248187,182.692000000,100,1410,1215,48,0
6301,63.010252734,182.692000000,100,1410,1215,48,0
6302,63.020248535,182.692000000,100,1410,1215,48,0
6303,63.030248123,182.692000000,100,1410,1215,48,0
6304,63.040249905,182.443000000,100,1410,1215,48,0
6305,63.050249092,182.443000000,100,1410,1215,48,0
6306,63.060253889,182.443000000,100,1410,1215,48,0
6307,63.070249099,182.443000000,100,1410,1215,48,0
6308,63.080248727,182.443000000,100,1410,1215,48,0
6309,63.090248295,182.443000000,100,1410,1215,48,0
6310,63.100248935,182.443000000,100,1410,1215,48,0
6311,63.110248322,182.443000000,100,1410,1215,48,0
6312,63.120248972,182.443000000,100,1410,1215,48,0
6313,63.130248380,182.443000000,100,1410,1215,48,0
6314,63.140249601,182.796000000,100,1410,1215,48,0
6315,63.150248798,182.796000000,100,1410,1215,48,0
6316,63.160247705,182.796000000,100,1410,1215,48,0
6317,63.170248856,182.796000000,100,1410,1215,48,0
6318,63.180248403,182.796000000,100,1410,1215,48,0
6319,63.190248653,182.796000000,100,1410,1215,48,0
6320,63.200247760,182.796000000,100,1410,1215,48,0
6321,63.210248179,182.796000000,100,1410,1215,48,0
6322,63.220248158,182.796000000,100,1410,1215,48,0
6323,63.230248297,182.796000000,100,1410,1215,48,0
6324,63.240249508,182.795000000,100,1410,1215,48,0
6325,63.250248384,182.795000000,100,1410,1215,48,0
6326,63.260248583,182.795000000,100,1410,1215,48,0
6327,63.270248281,182.795000000,100,1410,1215,48,0
6328,63.280249963,182.795000000,100,1410,1215,48,0
6329,63.290248128,182.795000000,100,1410,1215,48,0
6330,63.300248358,182.795000000,100,1410,1215,48,0
6331,63.310252424,182.795000000,100,1410,1215,48,0
6332,63.320253344,182.795000000,100,1410,1215,48,0
6333,63.330248594,182.795000000,100,1410,1215,48,0
6334,63.340253171,182.636000000,100,1410,1215,48,0
6335,63.350247579,182.636000000,100,1410,1215,48,0
6336,63.360248250,182.636000000,100,1410,1215,48,0
6337,63.370247887,182.636000000,100,1410,1215,48,0
6338,63.380252084,182.636000000,100,1410,1215,48,0
6339,63.390247725,182.636000000,100,1410,1215,48,0
6340,63.400252753,182.636000000,100,1410,1215,48,0
6341,63.410247502,182.636000000,100,1410,1215,48,0
6342,63.420248452,182.636000000,100,1410,1215,48,0
6343,63.430253660,182.636000000,100,1410,1215,48,0
6344,63.440249792,182.545000000,100,1410,1215,48,0
6345,63.450248668,182.545000000,100,1410,1215,48,0
6346,63.460248617,182.545000000,100,1410,1215,48,0
6347,63.470247664,182.545000000,100,1410,1215,48,0
6348,63.480249186,182.545000000,100,1410,1215,48,0
6349,63.490248232,182.545000000,100,1410,1215,48,0
6350,63.500248982,182.545000000,100,1410,1215,48,0
6351,63.510248801,182.545000000,100,1410,1215,48,0
6352,63.520252506,182.545000000,100,1410,1215,48,0
6353,63.530249530,182.545000000,100,1410,1215,48,0
6354,63.540249679,182.603000000,100,1410,1215,48,0
6355,63.550249777,182.603000000,100,1410,1215,48,0
6356,63.560249015,182.603000000,100,1410,1215,48,0
6357,63.570248452,182.603000000,100,1410,1215,48,0
6358,63.580248892,182.603000000,100,1410,1215,48,0
6359,63.590248480,182.603000000,100,1410,1215,48,0
6360,63.600247987,182.603000000,100,1410,1215,48,0
6361,63.610247746,182.603000000,100,1410,1215,48,0
6362,63.620247694,182.603000000,100,1410,1215,48,0
6363,63.630247393,182.603000000,100,1410,1215,48,0
6364,63.640248954,182.738000000,100,1410,1215,48,0
6365,63.650247320,182.738000000,100,1410,1215,48,0
6366,63.660248350,182.738000000,100,1410,1215,48,0
6367,63.670247407,182.738000000,100,1410,1215,48,0
6368,63.680248157,182.738000000,100,1410,1215,48,0
6369,63.690245611,182.738000000,100,1410,1215,48,0
6370,63.700248215,182.738000000,100,1410,1215,48,0
6371,63.710249115,182.738000000,100,1410,1215,48,0
6372,63.720248212,182.738000000,100,1410,1215,48,0
6373,63.730248001,182.738000000,100,1410,1215,48,0
6374,63.740249091,182.789000000,100,1410,1215,48,0
6375,63.750252877,182.789000000,100,1410,1215,48,0
6376,63.760247656,182.789000000,100,1410,1215,48,0
6377,63.770247334,182.789000000,100,1410,1215,48,0
6378,63.780248164,182.789000000,100,1410,1215,48,0
6379,63.790247271,182.789000000,100,1410,1215,48,0
6380,63.800247590,182.789000000,100,1410,1215,48,0
6381,63.810246828,182.789000000,100,1410,1215,48,0
6382,63.820246356,182.789000000,100,1410,1215,48,0
6383,63.830246354,182.789000000,100,1410,1215,48,0
6384,63.840247545,182.789000000,100,1410,1215,48,0
6385,63.850247804,182.789000000,100,1410,1215,48,0
6386,63.860246891,182.789000000,100,1410,1215,48,0
6387,63.870247561,182.789000000,100,1410,1215,48,0
6388,63.880248462,182.789000000,100,1410,1215,48,0
6389,63.890249051,182.789000000,100,1410,1215,48,0
6390,63.900247958,182.789000000,100,1410,1215,48,0
6391,63.910247416,182.789000000,100,1410,1215,48,0
6392,63.920248106,182.789000000,100,1410,1215,48,0
6393,63.930248515,182.789000000,100,1410,1215,48,0
6394,63.940249666,182.738000000,100,1410,1215,48,0
6395,63.950247080,182.738000000,100,1410,1215,48,0
6396,63.960252048,182.738000000,100,1410,1215,48,0
6397,63.970248650,182.738000000,100,1410,1215,48,0
6398,63.980248298,182.738000000,100,1410,1215,48,0
6399,63.990247716,182.738000000,100,1410,1215,48,0
6400,64.000247684,182.738000000,100,1410,1215,48,0
6401,64.010247282,182.738000000,100,1410,1215,48,0
6402,64.020247361,182.738000000,100,1410,1215,48,0
6403,64.030247620,182.738000000,100,1410,1215,48,0
6404,64.040249663,182.699000000,100,1410,1215,48,0
6405,64.050247838,182.699000000,100,1410,1215,48,0
6406,64.060248338,182.699000000,100,1410,1215,48,0
6407,64.070247906,182.699000000,100,1410,1215,48,0
6408,64.080247303,182.699000000,100,1410,1215,48,0
6409,64.090248063,182.699000000,100,1410,1215,48,0
6410,64.100247621,182.699000000,100,1410,1215,48,0
6411,64.110248722,182.699000000,100,1410,1215,48,0
6412,64.120248420,182.699000000,100,1410,1215,48,0
6413,64.130248860,182.699000000,100,1410,1215,48,0
6414,64.140249239,182.680000000,100,1410,1215,48,0
6415,64.150252163,182.680000000,100,1410,1215,48,0
6416,64.160247914,182.680000000,100,1410,1215,48,0
6417,64.170247933,182.680000000,100,1410,1215,48,0
6418,64.180247430,182.680000000,100,1410,1215,48,0
6419,64.190247960,182.680000000,100,1410,1215,48,0
6420,64.200247969,182.680000000,100,1410,1215,48,0
6421,64.210247877,182.680000000,100,1410,1215,48,0
6422,64.220247656,182.680000000,100,1410,1215,48,0
6423,64.230247484,182.680000000,100,1410,1215,48,0
6424,64.240249156,182.788000000,100,1410,1215,48,0
6425,64.250248142,182.788000000,100,1410,1215,48,0
6426,64.260246949,182.788000000,100,1410,1215,48,0
6427,64.270251446,182.788000000,100,1410,1215,48,0
6428,64.280248149,182.788000000,100,1410,1215,48,0
6429,64.290247747,182.788000000,100,1410,1215,48,0
6430,64.300248046,182.788000000,100,1410,1215,48,0
6431,64.310247864,182.788000000,100,1410,1215,48,0
6432,64.320248464,182.788000000,100,1410,1215,48,0
6433,64.330247451,182.788000000,100,1410,1215,48,0
6434,64.340249503,182.603000000,100,1410,1215,48,0
6435,64.350247007,182.603000000,100,1410,1215,48,0
6436,64.360251184,182.603000000,100,1410,1215,48,0
6437,64.370248147,182.603000000,100,1410,1215,48,0
6438,64.380248266,182.603000000,100,1410,1215,48,0
6439,64.390246371,182.603000000,100,1410,1215,48,0
6440,64.400248163,182.603000000,100,1410,1215,48,0
6441,64.410247871,182.603000000,100,1410,1215,48,0
6442,64.420247950,182.603000000,100,1410,1215,48,0
6443,64.430246796,182.603000000,100,1410,1215,48,0
6444,64.440249069,182.546000000,100,1410,1215,48,0
6445,64.450248597,182.546000000,100,1410,1215,48,0
6446,64.460248145,182.546000000,100,1410,1215,48,0
6447,64.470248134,182.546000000,100,1410,1215,48,0
6448,64.480248413,182.546000000,100,1410,1215,48,0
6449,64.490247079,182.546000000,100,1410,1215,48,0
6450,64.500248130,182.546000000,100,1410,1215,48,0
6451,64.510251875,182.546000000,100,1410,1215,48,0
6452,64.520248858,182.546000000,100,1410,1215,48,0
6453,64.530248116,182.546000000,100,1410,1215,48,0
6454,64.540249908,182.636000000,100,1410,1215,48,0
6455,64.550247282,182.636000000,100,1410,1215,48,0
6456,64.560248513,182.636000000,100,1410,1215,48,0
6457,64.570252579,182.636000000,100,1410,1215,48,0
6458,64.580248159,182.636000000,100,1410,1215,48,0
6459,64.590247867,182.636000000,100,1410,1215,48,0
6460,64.600247616,182.636000000,100,1410,1215,48,0
6461,64.610247745,182.636000000,100,1410,1215,48,0
6462,64.620247212,182.636000000,100,1410,1215,48,0
6463,64.630247752,182.636000000,100,1410,1215,48,0
6464,64.640250165,182.789000000,100,1410,1215,48,0
6465,64.650248491,182.789000000,100,1410,1215,48,0
6466,64.660250784,182.789000000,100,1410,1215,48,0
6467,64.670248919,182.789000000,100,1410,1215,48,0
6468,64.680247815,182.789000000,100,1410,1215,48,0
6469,64.690248786,182.789000000,100,1410,1215,48,0
6470,64.700247422,182.789000000,100,1410,1215,48,0
6471,64.710248503,182.789000000,100,1410,1215,48,0
6472,64.720247860,182.789000000,100,1410,1215,48,0
6473,64.730247669,182.789000000,100,1410,1215,48,0
6474,64.740249902,182.693000000,100,1410,1215,48,0
6475,64.750248217,182.693000000,100,1410,1215,48,0
6476,64.760247935,182.693000000,100,1410,1215,48,0
6477,64.770248225,182.693000000,100,1410,1215,48,0
6478,64.780248133,182.693000000,100,1410,1215,48,0
6479,64.790247330,182.693000000,100,1410,1215,48,0
6480,64.800247529,182.693000000,100,1410,1215,48,0
6481,64.810247758,182.693000000,100,1410,1215,48,0
6482,64.820247206,182.693000000,100,1410,1215,48,0
6483,64.830247836,182.693000000,100,1410,1215,48,0
6484,64.840248846,182.885000000,100,1410,1215,48,0
6485,64.850251771,182.885000000,100,1410,1215,48,0
6486,64.860406600,182.885000000,100,1410,1215,48,0
6487,64.870248001,182.885000000,100,1410,1215,48,0
6488,64.880248190,182.885000000,100,1410,1215,48,0
6489,64.890247477,182.885000000,100,1410,1215,48,0
6490,64.900247616,182.885000000,100,1410,1215,48,0
6491,64.910248467,182.885000000,100,1410,1215,48,0
6492,64.920251862,182.885000000,100,1410,1215,48,0
6493,64.930248013,182.885000000,100,1410,1215,48,0
6494,64.940249144,182.738000000,100,1410,1215,48,0
6495,64.950248101,182.738000000,100,1410,1215,48,0
6496,64.960247368,182.738000000,100,1410,1215,48,0
6497,64.970247587,182.738000000,100,1410,1215,48,0
6498,64.980247175,182.738000000,100,1410,1215,48,0
6499,64.990247614,182.738000000,100,1410,1215,48,0
6500,65.000247152,182.738000000,100,1410,1215,48,0
6501,65.010248103,182.738000000,100,1410,1215,48,0
6502,65.020247060,182.738000000,100,1410,1215,48,0
6503,65.030247509,182.738000000,100,1410,1215,48,0
6504,65.040253188,182.732000000,100,1410,1215,48,0
6505,65.050248859,182.732000000,100,1410,1215,48,0
6506,65.060252805,182.732000000,100,1410,1215,48,0
6507,65.070248325,182.732000000,100,1410,1215,48,0
6508,65.080244948,182.732000000,100,1410,1215,48,0
6509,65.090248082,182.732000000,100,1410,1215,48,0
6510,65.100247039,182.732000000,100,1410,1215,48,0
6511,65.110248571,182.732000000,100,1410,1215,48,0
6512,65.120247638,182.732000000,100,1410,1215,48,0
6513,65.130247807,182.732000000,100,1410,1215,48,0
6514,65.140248597,182.944000000,100,1410,1215,48,0
6515,65.150248215,182.944000000,100,1410,1215,48,0
6516,65.160247993,182.944000000,100,1410,1215,48,0
6517,65.170248152,182.944000000,100,1410,1215,48,0
6518,65.180248070,182.944000000,100,1410,1215,48,0
6519,65.190249161,182.944000000,100,1410,1215,48,0
6520,65.200248288,182.944000000,100,1410,1215,48,0
6521,65.210252926,182.944000000,100,1410,1215,48,0
6522,65.220247935,182.944000000,100,1410,1215,48,0
6523,65.230252302,182.944000000,100,1410,1215,48,0
6524,65.240249034,182.789000000,100,1410,1215,48,0
6525,65.250249083,182.789000000,100,1410,1215,48,0
6526,65.260248100,182.789000000,100,1410,1215,48,0
6527,65.270251916,182.789000000,100,1410,1215,48,0
6528,65.280248869,182.789000000,100,1410,1215,48,0
6529,65.290248437,182.789000000,100,1410,1215,48,0
6530,65.300247303,182.789000000,100,1410,1215,48,0
6531,65.310248504,182.789000000,100,1410,1215,48,0
6532,65.320252240,182.789000000,100,1410,1215,48,0
6533,65.330248181,182.789000000,100,1410,1215,48,0
6534,65.340249021,182.681000000,100,1410,1215,48,0
6535,65.350247898,182.681000000,100,1410,1215,48,0
6536,65.360251784,182.681000000,100,1410,1215,48,0
6537,65.370248306,182.681000000,100,1410,1215,48,0
6538,65.380249577,182.681000000,100,1410,1215,48,0
6539,65.390249886,182.681000000,100,1410,1215,48,0
6540,65.400248853,182.681000000,100,1410,1215,48,0
6541,65.410248070,182.681000000,100,1410,1215,48,0
6542,65.420247348,182.681000000,100,1410,1215,48,0
6543,65.430247978,182.681000000,100,1410,1215,48,0
6544,65.440248838,182.731000000,100,1410,1215,48,0
6545,65.450248295,182.731000000,100,1410,1215,48,0
6546,65.460246932,182.731000000,100,1410,1215,48,0
6547,65.470247431,182.731000000,100,1410,1215,48,0
6548,65.480247179,182.731000000,100,1410,1215,48,0
6549,65.490248951,182.731000000,100,1410,1215,48,0
6550,65.500247658,182.731000000,100,1410,1215,48,0
6551,65.510249740,182.731000000,100,1410,1215,48,0
6552,65.520251382,182.731000000,100,1410,1215,48,0
6553,65.530247664,182.731000000,100,1410,1215,48,0
6554,65.540251440,182.643000000,100,1410,1215,48,0
6555,65.550248483,182.643000000,100,1410,1215,48,0
6556,65.560249373,182.643000000,100,1410,1215,48,0
6557,65.570248961,182.643000000,100,1410,1215,48,0
6558,65.580249400,182.643000000,100,1410,1215,48,0
6559,65.590249810,182.643000000,100,1410,1215,48,0
6560,65.600250189,182.643000000,100,1410,1215,48,0
6561,65.610249316,182.643000000,100,1410,1215,48,0
6562,65.620245117,182.643000000,100,1410,1215,48,0
6563,65.630245116,182.643000000,100,1410,1215,48,0
6564,65.640248351,182.642000000,100,1410,1215,48,0
6565,65.650244793,182.642000000,100,1410,1215,48,0
6566,65.660245713,182.642000000,100,1410,1215,48,0
6567,65.670248567,182.642000000,100,1410,1215,48,0
6568,65.680249027,182.642000000,100,1410,1215,48,0
6569,65.690249075,182.642000000,100,1410,1215,48,0
6570,65.700245908,182.642000000,100,1410,1215,48,0
6571,65.710249433,182.642000000,100,1410,1215,48,0
6572,65.720249292,182.642000000,100,1410,1215,48,0
6573,65.730247537,182.642000000,100,1410,1215,48,0
6574,65.740249490,182.789000000,100,1410,1215,48,0
6575,65.750248537,182.789000000,100,1410,1215,48,0
6576,65.760246502,182.789000000,100,1410,1215,48,0
6577,65.770248083,182.789000000,100,1410,1215,48,0
6578,65.780245196,182.789000000,100,1410,1215,48,0
6579,65.790249653,182.789000000,100,1410,1215,48,0
6580,65.800248600,182.789000000,100,1410,1215,48,0
6581,65.810244972,182.789000000,100,1410,1215,48,0
6582,65.820247455,182.789000000,100,1410,1215,48,0
6583,65.830249428,182.789000000,100,1410,1215,48,0
6584,65.840246802,182.642000000,100,1410,1215,48,0
6585,65.850248944,182.642000000,100,1410,1215,48,0
6586,65.860249324,182.642000000,100,1410,1215,48,0
6587,65.870248962,182.642000000,100,1410,1215,48,0
6588,65.880249131,182.642000000,100,1410,1215,48,0
6589,65.890249911,182.642000000,100,1410,1215,48,0
6590,65.900248487,182.642000000,100,1410,1215,48,0
6591,65.910248365,182.642000000,100,1410,1215,48,0
6592,65.920247092,182.642000000,100,1410,1215,48,0
6593,65.930245056,182.642000000,100,1410,1215,48,0
6594,65.940247209,182.700000000,100,1410,1215,48,0
6595,65.950248540,182.700000000,100,1410,1215,48,0
6596,65.960247978,182.700000000,100,1410,1215,48,0
6597,65.970245252,182.700000000,100,1410,1215,48,0
6598,65.980248306,182.700000000,100,1410,1215,48,0
6599,65.990248074,182.700000000,100,1410,1215,48,0
6600,66.000246891,182.700000000,100,1410,1215,48,0
6601,66.010249114,182.700000000,100,1410,1215,48,0
6602,66.020248481,182.700000000,100,1410,1215,48,0
6603,66.030245955,182.700000000,100,1410,1215,48,0
6604,66.040249450,182.789000000,100,1410,1215,48,0
6605,66.050248998,182.789000000,100,1410,1215,48,0
6606,66.060244959,182.789000000,100,1410,1215,48,0
6607,66.070248875,182.789000000,100,1410,1215,48,0
6608,66.080249625,182.789000000,100,1410,1215,48,0
6609,66.090248292,182.789000000,100,1410,1215,48,0
6610,66.100249022,182.789000000,100,1410,1215,48,0
6611,66.110245394,182.789000000,100,1410,1215,48,0
6612,66.120249580,182.789000000,100,1410,1215,48,0
6613,66.130247595,182.789000000,100,1410,1215,48,0
6614,66.140247574,182.796000000,100,1410,1215,48,0
6615,66.150248955,182.796000000,100,1410,1215,48,0
6616,66.160244465,182.796000000,100,1410,1215,48,0
6617,66.170248702,182.796000000,100,1410,1215,48,0
6618,66.180244933,182.796000000,100,1410,1215,48,0
6619,66.190249421,182.796000000,100,1410,1215,48,0
6620,66.200245552,182.796000000,100,1410,1215,48,0
6621,66.210248687,182.796000000,100,1410,1215,48,0
6622,66.220250549,182.796000000,100,1410,1215,48,0
6623,66.230245949,182.796000000,100,1410,1215,48,0
6624,66.240250155,182.884000000,100,1410,1215,48,0
6625,66.250248681,182.884000000,100,1410,1215,48,0
6626,66.260248319,182.884000000,100,1410,1215,48,0
6627,66.270249500,182.884000000,100,1410,1215,48,0
6628,66.280247074,182.884000000,100,1410,1215,48,0
6629,66.290249618,182.884000000,100,1410,1215,48,0
6630,66.300248565,182.884000000,100,1410,1215,48,0
6631,66.310249455,182.884000000,100,1410,1215,48,0
6632,66.320250295,182.884000000,100,1410,1215,48,0
6633,66.330249212,182.884000000,100,1410,1215,48,0
6634,66.340246205,182.981000000,100,1410,1215,48,0
6635,66.350249850,182.981000000,100,1410,1215,48,0
6636,66.360250110,182.981000000,100,1410,1215,48,0
6637,66.370244237,182.981000000,100,1410,1215,48,0
6638,66.380249205,182.981000000,100,1410,1215,48,0
6639,66.390261938,182.981000000,100,1410,1215,48,0
6640,66.400253581,182.981000000,100,1410,1215,48,0
6641,66.410252848,182.981000000,100,1410,1215,48,0
6642,66.420247597,182.981000000,100,1410,1215,48,0
6643,66.430248137,182.981000000,100,1410,1215,48,0
6644,66.440250550,182.642000000,100,1410,1215,48,0
6645,66.450248304,182.642000000,100,1410,1215,48,0
6646,66.460248163,182.642000000,100,1410,1215,48,0
6647,66.470252910,182.642000000,100,1410,1215,48,0
6648,66.480248471,182.642000000,100,1410,1215,48,0
6649,66.490247598,182.642000000,100,1410,1215,48,0
6650,66.500247777,182.642000000,100,1410,1215,48,0
6651,66.510248216,182.642000000,100,1410,1215,48,0
6652,66.520248385,182.642000000,100,1410,1215,48,0
6653,66.530247943,182.642000000,100,1410,1215,48,0
6654,66.540248753,182.692000000,100,1410,1215,48,0
6655,66.550249143,182.692000000,100,1410,1215,48,0
6656,66.560248761,182.692000000,100,1410,1215,48,0
6657,66.570248299,182.692000000,100,1410,1215,48,0
6658,66.580248317,182.692000000,100,1410,1215,48,0
6659,66.590247815,182.692000000,100,1410,1215,48,0
6660,66.600248134,182.692000000,100,1410,1215,48,0
6661,66.610248464,182.692000000,100,1410,1215,48,0
6662,66.620248122,182.692000000,100,1410,1215,48,0
6663,66.630247459,182.692000000,100,1410,1215,48,0
6664,66.640248700,182.789000000,100,1410,1215,48,0
6665,66.650248238,182.789000000,100,1410,1215,48,0
6666,66.660253216,182.789000000,100,1410,1215,48,0
6667,66.670248476,182.789000000,100,1410,1215,48,0
6668,66.680248004,182.789000000,100,1410,1215,48,0
6669,66.690248473,182.789000000,100,1410,1215,48,0
6670,66.700248322,182.789000000,100,1410,1215,48,0
6671,66.710247869,182.789000000,100,1410,1215,48,0
6672,66.720249050,182.789000000,100,1410,1215,48,0
6673,66.730247887,182.789000000,100,1410,1215,48,0
6674,66.740249709,182.699000000,100,1410,1215,48,0
6675,66.750248355,182.699000000,100,1410,1215,48,0
6676,66.760248224,182.699000000,100,1410,1215,48,0
6677,66.770247982,182.699000000,100,1410,1215,48,0
6678,66.780247830,182.699000000,100,1410,1215,48,0
6679,66.790248039,182.699000000,100,1410,1215,48,0
6680,66.800248308,182.699000000,100,1410,1215,48,0
6681,66.810247977,182.699000000,100,1410,1215,48,0
6682,66.820248146,182.699000000,100,1410,1215,48,0
6683,66.830247553,182.699000000,100,1410,1215,48,0
6684,66.840249365,182.397000000,100,1410,1215,48,0
6685,66.850248472,182.397000000,100,1410,1215,48,0
6686,66.860247960,182.397000000,100,1410,1215,48,0
6687,66.870248911,182.397000000,100,1410,1215,48,0
6688,66.880248829,182.397000000,100,1410,1215,48,0
6689,66.890247906,182.397000000,100,1410,1215,48,0
6690,66.900248526,182.397000000,100,1410,1215,48,0
6691,66.910247903,182.397000000,100,1410,1215,48,0
6692,66.920247301,182.397000000,100,1410,1215,48,0
6693,66.930247029,182.397000000,100,1410,1215,48,0
6694,66.940249282,182.737000000,100,1410,1215,48,0
6695,66.950248219,182.737000000,100,1410,1215,48,0
6696,66.960248037,182.737000000,100,1410,1215,48,0
6697,66.970248406,182.737000000,100,1410,1215,48,0
6698,66.980247473,182.737000000,100,1410,1215,48,0
6699,66.990248063,182.737000000,100,1410,1215,48,0
6700,67.000249024,182.737000000,100,1410,1215,48,0
6701,67.010248171,182.737000000,100,1410,1215,48,0
6702,67.020247899,182.737000000,100,1410,1215,48,0
6703,67.030247878,182.737000000,100,1410,1215,48,0
6704,67.040253847,182.535000000,100,1410,1215,48,0
6705,67.050248526,182.535000000,100,1410,1215,48,0
6706,67.060248625,182.535000000,100,1410,1215,48,0
6707,67.070248614,182.535000000,100,1410,1215,48,0
6708,67.080248222,182.535000000,100,1410,1215,48,0
6709,67.090247689,182.535000000,100,1410,1215,48,0
6710,67.100246967,182.535000000,100,1410,1215,48,0
6711,67.110248338,182.535000000,100,1410,1215,48,0
6712,67.120251783,182.535000000,100,1410,1215,48,0
6713,67.130249257,182.535000000,100,1410,1215,48,0
6714,67.140248935,182.641000000,100,1410,1215,48,0
6715,67.150247160,182.641000000,100,1410,1215,48,0
6716,67.160248071,182.641000000,100,1410,1215,48,0
6717,67.170247979,182.641000000,100,1410,1215,48,0
6718,67.180248649,182.641000000,100,1410,1215,48,0
6719,67.190249199,182.641000000,100,1410,1215,48,0
6720,67.200248747,182.641000000,100,1410,1215,48,0
6721,67.210248575,182.641000000,100,1410,1215,48,0
6722,67.220253603,182.641000000,100,1410,1215,48,0
6723,67.230247761,182.641000000,100,1410,1215,48,0
6724,67.240248742,182.749000000,100,1410,1215,48,0
6725,67.250248780,182.749000000,100,1410,1215,48,0
6726,67.260248228,182.749000000,100,1410,1215,48,0
6727,67.270247595,182.749000000,100,1410,1215,48,0
6728,67.280253195,182.749000000,100,1410,1215,48,0
6729,67.290248374,182.749000000,100,1410,1215,48,0
6730,67.300249345,182.749000000,100,1410,1215,48,0
6731,67.310248572,182.749000000,100,1410,1215,48,0
6732,67.320252168,182.749000000,100,1410,1215,48,0
6733,67.330248610,182.749000000,100,1410,1215,48,0
6734,67.340249109,182.642000000,100,1410,1215,48,0
6735,67.350252855,182.642000000,100,1410,1215,48,0
6736,67.360247083,182.642000000,100,1410,1215,48,0
6737,67.370248404,182.642000000,100,1410,1215,48,0
6738,67.380248202,182.642000000,100,1410,1215,48,0
6739,67.390248512,182.642000000,100,1410,1215,48,0
6740,67.400247599,182.642000000,100,1410,1215,48,0
6741,67.410248008,182.642000000,100,1410,1215,48,0
6742,67.420247826,182.642000000,100,1410,1215,48,0
6743,67.430248957,182.642000000,100,1410,1215,48,0
6744,67.440249256,182.699000000,100,1410,1215,48,0
6745,67.450248874,182.699000000,100,1410,1215,48,0
6746,67.460248031,182.699000000,100,1410,1215,48,0
6747,67.470249112,182.699000000,100,1410,1215,48,0
6748,67.480248159,182.699000000,100,1410,1215,48,0
6749,67.490248038,182.699000000,100,1410,1215,48,0
6750,67.500247305,182.699000000,100,1410,1215,48,0
6751,67.510247885,182.699000000,100,1410,1215,48,0
6752,67.520247693,182.699000000,100,1410,1215,48,0
6753,67.530252180,182.699000000,100,1410,1215,48,0
6754,67.540249844,182.853000000,100,1410,1215,48,0
6755,67.550247639,182.853000000,100,1410,1215,48,0
6756,67.560248439,182.853000000,100,1410,1215,48,0
6757,67.570248107,182.853000000,100,1410,1215,48,0
6758,67.580248466,182.853000000,100,1410,1215,48,0
6759,67.590248365,182.853000000,100,1410,1215,48,0
6760,67.600248684,182.853000000,100,1410,1215,48,0
6761,67.610248252,182.853000000,100,1410,1215,48,0
6762,67.620249132,182.853000000,100,1410,1215,48,0
6763,67.630247859,182.853000000,100,1410,1215,48,0
6764,67.640253468,182.846000000,100,1410,1215,48,0
6765,67.650248137,182.846000000,100,1410,1215,48,0
6766,67.660247825,182.846000000,100,1410,1215,48,0
6767,67.670247834,182.846000000,100,1410,1215,48,0
6768,67.680248724,182.846000000,100,1410,1215,48,0
6769,67.690250085,182.846000000,100,1410,1215,48,0
6770,67.700249042,182.846000000,100,1410,1215,48,0
6771,67.710247608,182.846000000,100,1410,1215,48,0
6772,67.720249039,182.846000000,100,1410,1215,48,0
6773,67.730251743,182.846000000,100,1410,1215,48,0
6774,67.740250079,182.788000000,100,1410,1215,48,0
6775,67.750248564,182.788000000,100,1410,1215,48,0
6776,67.760248383,182.788000000,100,1410,1215,48,0
6777,67.770252489,182.788000000,100,1410,1215,48,0
6778,67.780248190,182.788000000,100,1410,1215,48,0
6779,67.790252186,182.788000000,100,1410,1215,48,0
6780,67.800248257,182.788000000,100,1410,1215,48,0
6781,67.810247875,182.788000000,100,1410,1215,48,0
6782,67.820247714,182.788000000,100,1410,1215,48,0
6783,67.830247893,182.788000000,100,1410,1215,48,0
6784,67.840249044,182.642000000,100,1410,1215,48,0
6785,67.850247850,182.642000000,100,1410,1215,48,0
6786,67.860248009,182.642000000,100,1410,1215,48,0
6787,67.870251604,182.642000000,100,1410,1215,48,0
6788,67.880248377,182.642000000,100,1410,1215,48,0
6789,67.890248245,182.642000000,100,1410,1215,48,0
6790,67.900248835,182.642000000,100,1410,1215,48,0
6791,67.910248423,182.642000000,100,1410,1215,48,0
6792,67.920252550,182.642000000,100,1410,1215,48,0
6793,67.930248731,182.642000000,100,1410,1215,48,0
6794,67.940249391,182.642000000,100,1410,1215,48,0
6795,67.950246745,182.642000000,100,1410,1215,48,0
6796,67.960248847,182.642000000,100,1410,1215,48,0
6797,67.970247183,182.642000000,100,1410,1215,48,0
6798,67.980248063,182.642000000,100,1410,1215,48,0
6799,67.990248994,182.642000000,100,1410,1215,48,0
6800,68.000247490,182.642000000,100,1410,1215,48,0
6801,68.010248029,182.642000000,100,1410,1215,48,0
6802,68.020247888,182.642000000,100,1410,1215,48,0
6803,68.030248458,182.642000000,100,1410,1215,48,0
6804,68.040250129,183.129000000,100,1410,1215,48,0
6805,68.050247663,183.129000000,100,1410,1215,48,0
6806,68.060249145,183.129000000,100,1410,1215,48,0
6807,68.070248583,183.129000000,100,1410,1215,48,0
6808,68.080249763,183.129000000,100,1410,1215,48,0
6809,68.090250994,183.129000000,100,1410,1215,48,0
6810,68.100249100,183.129000000,100,1410,1215,48,0
6811,68.110248818,183.129000000,100,1410,1215,48,0
6812,68.120247444,183.129000000,100,1410,1215,48,0
6813,68.130248615,183.129000000,100,1410,1215,48,0
6814,68.140248804,182.789000000,100,1410,1215,48,0
6815,68.150247811,182.789000000,100,1410,1215,48,0
6816,68.160247919,182.789000000,100,1410,1215,48,0
6817,68.170247938,182.789000000,100,1410,1215,48,0
6818,68.180247486,182.789000000,100,1410,1215,48,0
6819,68.190248557,182.789000000,100,1410,1215,48,0
6820,68.200247664,182.789000000,100,1410,1215,48,0
6821,68.210247622,182.789000000,100,1410,1215,48,0
6822,68.220247250,182.789000000,100,1410,1215,48,0
6823,68.230252068,182.789000000,100,1410,1215,48,0
6824,68.240248550,182.642000000,100,1410,1215,48,0
6825,68.250248048,182.642000000,100,1410,1215,48,0
6826,68.260248117,182.642000000,100,1410,1215,48,0
6827,68.270248997,182.642000000,100,1410,1215,48,0
6828,68.280248144,182.642000000,100,1410,1215,48,0
6829,68.290246770,182.642000000,100,1410,1215,48,0
6830,68.300248112,182.642000000,100,1410,1215,48,0
6831,68.310247729,182.642000000,100,1410,1215,48,0
6832,68.320247638,182.642000000,100,1410,1215,48,0
6833,68.330247967,182.642000000,100,1410,1215,48,0
6834,68.340248737,182.544000000,100,1410,1215,48,0
6835,68.350249808,182.544000000,100,1410,1215,48,0
6836,68.360245519,182.544000000,100,1410,1215,48,0
6837,68.370248152,182.544000000,100,1410,1215,48,0
6838,68.380248442,182.544000000,100,1410,1215,48,0
6839,68.390249713,182.544000000,100,1410,1215,48,0
6840,68.400248118,182.544000000,100,1410,1215,48,0
6841,68.410248848,182.544000000,100,1410,1215,48,0
6842,68.420247785,182.544000000,100,1410,1215,48,0
6843,68.430251952,182.544000000,100,1410,1215,48,0
6844,68.440253002,182.635000000,100,1410,1215,48,0
6845,68.450248793,182.635000000,100,1410,1215,48,0
6846,68.460247810,182.635000000,100,1410,1215,48,0
6847,68.470248019,182.635000000,100,1410,1215,48,0
6848,68.480247537,182.635000000,100,1410,1215,48,0
6849,68.490248197,182.635000000,100,1410,1215,48,0
6850,68.500248105,182.635000000,100,1410,1215,48,0
6851,68.510247703,182.635000000,100,1410,1215,48,0
6852,68.520248403,182.635000000,100,1410,1215,48,0
6853,68.530248482,182.635000000,100,1410,1215,48,0
6854,68.540249302,182.738000000,100,1410,1215,48,0
6855,68.550247708,182.738000000,100,1410,1215,48,0
6856,68.560248638,182.738000000,100,1410,1215,48,0
6857,68.570248517,182.738000000,100,1410,1215,48,0
6858,68.580248516,182.738000000,100,1410,1215,48,0
6859,68.590247252,182.738000000,100,1410,1215,48,0
6860,68.600247932,182.738000000,100,1410,1215,48,0
6861,68.610248391,182.738000000,100,1410,1215,48,0
6862,68.620248540,182.738000000,100,1410,1215,48,0
6863,68.630248990,182.738000000,100,1410,1215,48,0
6864,68.640249419,182.795000000,100,1410,1215,48,0
6865,68.650248236,182.795000000,100,1410,1215,48,0
6866,68.660248345,182.795000000,100,1410,1215,48,0
6867,68.670247883,182.795000000,100,1410,1215,48,0
6868,68.680248703,182.795000000,100,1410,1215,48,0
6869,68.690248692,182.795000000,100,1410,1215,48,0
6870,68.700248380,182.795000000,100,1410,1215,48,0
6871,68.710248338,182.795000000,100,1410,1215,48,0
6872,68.720247706,182.795000000,100,1410,1215,48,0
6873,68.730245681,182.795000000,100,1410,1215,48,0
6874,68.740249396,182.699000000,100,1410,1215,49,0
6875,68.750248213,182.699000000,100,1410,1215,49,0
6876,68.760247741,182.699000000,100,1410,1215,49,0
6877,68.770248340,182.699000000,100,1410,1215,49,0
6878,68.780249221,182.699000000,100,1410,1215,49,0
6879,68.790248989,182.699000000,100,1410,1215,49,0
6880,68.800249218,182.699000000,100,1410,1215,49,0
6881,68.810247423,182.699000000,100,1410,1215,49,0
6882,68.820247933,182.699000000,100,1410,1215,49,0
6883,68.830247210,182.699000000,100,1410,1215,49,0
6884,68.840249553,182.642000000,100,1410,1215,48,0
6885,68.850247368,182.642000000,100,1410,1215,48,0
6886,68.860247517,182.642000000,100,1410,1215,48,0
6887,68.870246694,182.642000000,100,1410,1215,48,0
6888,68.880247875,182.642000000,100,1410,1215,48,0
6889,68.890247223,182.642000000,100,1410,1215,48,0
6890,68.900247702,182.642000000,100,1410,1215,48,0
6891,68.910247000,182.642000000,100,1410,1215,48,0
6892,68.920246798,182.642000000,100,1410,1215,48,0
6893,68.930246977,182.642000000,100,1410,1215,48,0
6894,68.940249150,182.795000000,100,1410,1215,49,0
6895,68.950247555,182.795000000,100,1410,1215,49,0
6896,68.960252042,182.795000000,100,1410,1215,49,0
6897,68.970251510,182.795000000,100,1410,1215,49,0
6898,68.980247111,182.795000000,100,1410,1215,49,0
6899,68.990248332,182.795000000,100,1410,1215,49,0
6900,69.000248230,182.795000000,100,1410,1215,49,0
6901,69.010248038,182.795000000,100,1410,1215,49,0
6902,69.020247356,182.795000000,100,1410,1215,49,0
6903,69.030247495,182.795000000,100,1410,1215,49,0
6904,69.040249798,182.982000000,100,1410,1215,48,0
6905,69.050246831,182.982000000,100,1410,1215,48,0
6906,69.060248382,182.982000000,100,1410,1215,48,0
6907,69.070248251,182.982000000,100,1410,1215,48,0
6908,69.080249292,182.982000000,100,1410,1215,48,0
6909,69.090247948,182.982000000,100,1410,1215,48,0
6910,69.100248397,182.982000000,100,1410,1215,48,0
6911,69.110247254,182.982000000,100,1410,1215,48,0
6912,69.120248204,182.982000000,100,1410,1215,48,0
6913,69.130247852,182.982000000,100,1410,1215,48,0
6914,69.140249735,182.892000000,100,1410,1215,48,0
6915,69.150247970,182.892000000,100,1410,1215,48,0
6916,69.160248149,182.892000000,100,1410,1215,48,0
6917,69.170247586,182.892000000,100,1410,1215,48,0
6918,69.180248687,182.892000000,100,1410,1215,48,0
6919,69.190248526,182.892000000,100,1410,1215,48,0
6920,69.200248164,182.892000000,100,1410,1215,48,0
6921,69.210247902,182.892000000,100,1410,1215,48,0
6922,69.220248341,182.892000000,100,1410,1215,48,0
6923,69.230248059,182.892000000,100,1410,1215,48,0
6924,69.240248559,182.777000000,100,1410,1215,49,0
6925,69.250247696,182.777000000,100,1410,1215,49,0
6926,69.260247505,182.777000000,100,1410,1215,49,0
6927,69.270248335,182.777000000,100,1410,1215,49,0
6928,69.280247001,182.777000000,100,1410,1215,49,0
6929,69.290247511,182.777000000,100,1410,1215,49,0
6930,69.300247860,182.777000000,100,1410,1215,49,0
6931,69.310247929,182.777000000,100,1410,1215,49,0
6932,69.320248158,182.777000000,100,1410,1215,49,0
6933,69.330247776,182.777000000,100,1410,1215,49,0
6934,69.340253756,182.846000000,100,1410,1215,48,0
6935,69.350247763,182.846000000,100,1410,1215,48,0
6936,69.360248353,182.846000000,100,1410,1215,48,0
6937,69.370247690,182.846000000,100,1410,1215,48,0
6938,69.380250324,182.846000000,100,1410,1215,48,0
6939,69.390247598,182.846000000,100,1410,1215,48,0
6940,69.400248498,182.846000000,100,1410,1215,48,0
6941,69.410247806,182.846000000,100,1410,1215,48,0
6942,69.420247894,182.846000000,100,1410,1215,48,0
6943,69.430247412,182.846000000,100,1410,1215,48,0
6944,69.440253071,182.790000000,100,1410,1215,48,0
6945,69.450247910,182.790000000,100,1410,1215,48,0
6946,69.460251796,182.790000000,100,1410,1215,48,0
6947,69.470248148,182.790000000,100,1410,1215,48,0
6948,69.480247576,182.790000000,100,1410,1215,48,0
6949,69.490248506,182.790000000,100,1410,1215,48,0
6950,69.500248465,182.790000000,100,1410,1215,48,0
6951,69.510248043,182.790000000,100,1410,1215,48,0
6952,69.520253191,182.790000000,100,1410,1215,48,0
6953,69.530248952,182.790000000,100,1410,1215,48,0
6954,69.540248480,182.834000000,100,1410,1215,49,0
6955,69.550247677,182.834000000,100,1410,1215,49,0
6956,69.560247275,182.834000000,100,1410,1215,49,0
6957,69.570248085,182.834000000,100,1410,1215,49,0
6958,69.580247763,182.834000000,100,1410,1215,49,0
6959,69.590248082,182.834000000,100,1410,1215,49,0
6960,69.600248312,182.834000000,100,1410,1215,49,0
6961,69.610247298,182.834000000,100,1410,1215,49,0
6962,69.620248589,182.834000000,100,1410,1215,49,0
6963,69.630248127,182.834000000,100,1410,1215,49,0
6964,69.640248947,182.834000000,100,1410,1215,48,0
6965,69.650247333,182.834000000,100,1410,1215,48,0
6966,69.660248103,182.834000000,100,1410,1215,48,0
6967,69.670247160,182.834000000,100,1410,1215,48,0
6968,69.680248171,182.834000000,100,1410,1215,48,0
6969,69.690246406,182.834000000,100,1410,1215,48,0
6970,69.700248379,182.834000000,100,1410,1215,48,0
6971,69.710247726,182.834000000,100,1410,1215,48,0
6972,69.720247645,182.834000000,100,1410,1215,48,0
6973,69.730252142,182.834000000,100,1410,1215,48,0
6974,69.740248904,182.737000000,100,1410,1215,49,0
6975,69.750248382,182.737000000,100,1410,1215,49,0
6976,69.760248271,182.737000000,100,1410,1215,49,0
6977,69.770248159,182.737000000,100,1410,1215,49,0
6978,69.780247727,182.737000000,100,1410,1215,49,0
6979,69.790248226,182.737000000,100,1410,1215,49,0
6980,69.800248526,182.737000000,100,1410,1215,49,0
6981,69.810248234,182.737000000,100,1410,1215,49,0
6982,69.820247872,182.737000000,100,1410,1215,49,0
6983,69.830247530,182.737000000,100,1410,1215,49,0
6984,69.840249222,182.643000000,100,1410,1215,49,0
6985,69.850248780,182.643000000,100,1410,1215,49,0
6986,69.860248518,182.643000000,100,1410,1215,49,0
6987,69.870247695,182.643000000,100,1410,1215,49,0
6988,69.880248916,182.643000000,100,1410,1215,49,0
6989,69.890245478,182.643000000,100,1410,1215,49,0
6990,69.900248793,182.643000000,100,1410,1215,49,0
6991,69.910247419,182.643000000,100,1410,1215,49,0
6992,69.920252618,182.643000000,100,1410,1215,49,0
6993,69.930248990,182.643000000,100,1410,1215,49,0
6994,69.940249629,182.737000000,100,1410,1215,48,0
6995,69.950248656,182.737000000,100,1410,1215,48,0
6996,69.960251981,182.737000000,100,1410,1215,48,0
6997,69.970248373,182.737000000,100,1410,1215,48,0
6998,69.980248081,182.737000000,100,1410,1215,48,0
6999,69.990246838,182.737000000,100,1410,1215,48,0
7000,70.000247868,182.737000000,100,1410,1215,48,0
7001,70.010252826,182.737000000,100,1410,1215,48,0
7002,70.020248026,182.737000000,100,1410,1215,48,0
7003,70.030248496,182.737000000,100,1410,1215,48,0
7004,70.040248835,182.788000000,100,1410,1215,49,0
7005,70.050250206,182.788000000,100,1410,1215,49,0
7006,70.060248712,182.788000000,100,1410,1215,49,0
7007,70.070249803,182.788000000,100,1410,1215,49,0
7008,70.080247337,182.788000000,100,1410,1215,49,0
7009,70.090245482,182.788000000,100,1410,1215,49,0
7010,70.100247033,182.788000000,100,1410,1215,49,0
7011,70.110248936,182.788000000,100,1410,1215,49,0
7012,70.120254274,182.788000000,100,1410,1215,49,0
7013,70.130249584,182.788000000,100,1410,1215,49,0
7014,70.140249573,182.699000000,100,1410,1215,49,0
7015,70.150245775,182.699000000,100,1410,1215,49,0
7016,70.160257525,182.699000000,100,1410,1215,49,0
7017,70.170246694,182.699000000,100,1410,1215,49,0
7018,70.180250119,182.699000000,100,1410,1215,49,0
7019,70.190248765,182.699000000,100,1410,1215,49,0
7020,70.200248714,182.699000000,100,1410,1215,49,0
7021,70.210248642,182.699000000,100,1410,1215,49,0
7022,70.220251727,182.699000000,100,1410,1215,49,0
7023,70.230248780,182.699000000,100,1410,1215,49,0
7024,70.240249129,182.648000000,100,1410,1215,49,0
7025,70.250249098,182.648000000,100,1410,1215,49,0
7026,70.260247313,182.648000000,100,1410,1215,49,0
7027,70.270247422,182.648000000,100,1410,1215,49,0
7028,70.280248242,182.648000000,100,1410,1215,49,0
7029,70.290246588,182.648000000,100,1410,1215,49,0
7030,70.300248210,182.648000000,100,1410,1215,49,0
7031,70.310248829,182.648000000,100,1410,1215,49,0
7032,70.320248998,182.648000000,100,1410,1215,49,0
7033,70.330249167,182.648000000,100,1410,1215,49,0
7034,70.340253775,182.635000000,100,1410,1215,49,0
7035,70.350248253,182.635000000,100,1410,1215,49,0
7036,70.360247641,182.635000000,100,1410,1215,49,0
7037,70.370248561,182.635000000,100,1410,1215,49,0
7038,70.380247949,182.635000000,100,1410,1215,49,0
7039,70.390248839,182.635000000,100,1410,1215,49,0
7040,70.400248317,182.635000000,100,1410,1215,49,0
7041,70.410247514,182.635000000,100,1410,1215,49,0
7042,70.420248685,182.635000000,100,1410,1215,49,0
7043,70.430247511,182.635000000,100,1410,1215,49,0
7044,70.440249814,182.885000000,100,1410,1215,49,0
7045,70.450248180,182.885000000,100,1410,1215,49,0
7046,70.460249872,182.885000000,100,1410,1215,49,0
7047,70.470248327,182.885000000,100,1410,1215,49,0
7048,70.480252795,182.885000000,100,1410,1215,49,0
7049,70.490245590,182.885000000,100,1410,1215,49,0
7050,70.500247913,182.885000000,100,1410,1215,49,0
7051,70.510247340,182.885000000,100,1410,1215,49,0
7052,70.520248291,182.885000000,100,1410,1215,49,0
7053,70.530248790,182.885000000,100,1410,1215,49,0
7054,70.540250072,182.796000000,100,1410,1215,49,0
7055,70.550269887,182.796000000,100,1410,1215,49,0
7056,70.560255860,182.796000000,100,1410,1215,49,0
7057,70.570249016,182.796000000,100,1410,1215,49,0
7058,70.580251148,182.796000000,100,1410,1215,49,0
7059,70.590248472,182.796000000,100,1410,1215,49,0
7060,70.600247669,182.796000000,100,1410,1215,49,0
7061,70.610247748,182.796000000,100,1410,1215,49,0
7062,70.620252987,182.796000000,100,1410,1215,49,0
7063,70.630265629,182.796000000,100,1410,1215,49,0
7064,70.640250269,182.846000000,100,1410,1215,49,0
7065,70.650252492,182.846000000,100,1410,1215,49,0
7066,70.660248132,182.846000000,100,1410,1215,49,0
7067,70.670247169,182.846000000,100,1410,1215,49,0
7068,70.680251726,182.846000000,100,1410,1215,49,0
7069,70.690247597,182.846000000,100,1410,1215,49,0
7070,70.700248538,182.846000000,100,1410,1215,49,0
7071,70.710252995,182.846000000,100,1410,1215,49,0
7072,70.720248305,182.846000000,100,1410,1215,49,0
7073,70.730248704,182.846000000,100,1410,1215,49,0
7074,70.740249404,182.885000000,100,1410,1215,49,0
7075,70.750247389,182.885000000,100,1410,1215,49,0
7076,70.760252778,182.885000000,100,1410,1215,49,0
7077,70.770248188,182.885000000,100,1410,1215,49,0
7078,70.780248197,182.885000000,100,1410,1215,49,0
7079,70.790247785,182.885000000,100,1410,1215,49,0
7080,70.800246962,182.885000000,100,1410,1215,49,0
7081,70.810247481,182.885000000,100,1410,1215,49,0
7082,70.820247460,182.885000000,100,1410,1215,49,0
7083,70.830247449,182.885000000,100,1410,1215,49,0
7084,70.840248539,182.795000000,100,1410,1215,49,0
7085,70.850247817,182.795000000,100,1410,1215,49,0
7086,70.860248567,182.795000000,100,1410,1215,49,0
7087,70.870248225,182.795000000,100,1410,1215,49,0
7088,70.880248354,182.795000000,100,1410,1215,49,0
7089,70.890247972,182.795000000,100,1410,1215,49,0
7090,70.900247810,182.795000000,100,1410,1215,49,0
7091,70.910248570,182.795000000,100,1410,1215,49,0
7092,70.920247196,182.795000000,100,1410,1215,49,0
7093,70.930247666,182.795000000,100,1410,1215,49,0
7094,70.940253696,182.886000000,100,1410,1215,49,0
7095,70.950248124,182.886000000,100,1410,1215,49,0
7096,70.960247632,182.886000000,100,1410,1215,49,0
7097,70.970247530,182.886000000,100,1410,1215,49,0
7098,70.980248521,182.886000000,100,1410,1215,49,0
7099,70.990247688,182.886000000,100,1410,1215,49,0
7100,71.000248108,182.886000000,100,1410,1215,49,0
7101,71.010248056,182.886000000,100,1410,1215,49,0
7102,71.020248215,182.886000000,100,1410,1215,49,0
7103,71.030248013,182.886000000,100,1410,1215,49,0
7104,71.040248924,182.981000000,100,1410,1215,49,0
7105,71.050248041,182.981000000,100,1410,1215,49,0
7106,71.060247138,182.981000000,100,1410,1215,49,0
7107,71.070247648,182.981000000,100,1410,1215,49,0
7108,71.080248348,182.981000000,100,1410,1215,49,0
7109,71.090248026,182.981000000,100,1410,1215,49,0
7110,71.100248064,182.981000000,100,1410,1215,49,0
7111,71.110248253,182.981000000,100,1410,1215,49,0
7112,71.120248513,182.981000000,100,1410,1215,49,0
7113,71.130248161,182.981000000,100,1410,1215,49,0
7114,71.140253199,182.788000000,100,1410,1215,49,0
7115,71.150248028,182.788000000,100,1410,1215,49,0
7116,71.160248928,182.788000000,100,1410,1215,49,0
7117,71.170247755,182.788000000,100,1410,1215,49,0
7118,71.180247863,182.788000000,100,1410,1215,49,0
7119,71.190248814,182.788000000,100,1410,1215,49,0
7120,71.200247971,182.788000000,100,1410,1215,49,0
7121,71.210249112,182.788000000,100,1410,1215,49,0
7122,71.220248269,182.788000000,100,1410,1215,49,0
7123,71.230248638,182.788000000,100,1410,1215,49,0
7124,71.240248727,182.886000000,100,1410,1215,49,0
7125,71.250248676,182.886000000,100,1410,1215,49,0
7126,71.260248234,182.886000000,100,1410,1215,49,0
7127,71.270248172,182.886000000,100,1410,1215,49,0
7128,71.280247840,182.886000000,100,1410,1215,49,0
7129,71.290248540,182.886000000,100,1410,1215,49,0
7130,71.300247507,182.886000000,100,1410,1215,49,0
7131,71.310252064,182.886000000,100,1410,1215,49,0
7132,71.320252304,182.886000000,100,1410,1215,49,0
7133,71.330252402,182.886000000,100,1410,1215,49,0
7134,71.340249305,182.797000000,100,1410,1215,49,0
7135,71.350252480,182.797000000,100,1410,1215,49,0
7136,71.360248862,182.797000000,100,1410,1215,49,0
7137,71.370248139,182.797000000,100,1410,1215,49,0
7138,71.380247617,182.797000000,100,1410,1215,49,0
7139,71.390252134,182.797000000,100,1410,1215,49,0
7140,71.400248506,182.797000000,100,1410,1215,49,0
7141,71.410247984,182.797000000,100,1410,1215,49,0
7142,71.420247131,182.797000000,100,1410,1215,49,0
7143,71.430251347,182.797000000,100,1410,1215,49,0
7144,71.440249422,182.834000000,100,1410,1215,49,0
7145,71.450247497,182.834000000,100,1410,1215,49,0
7146,71.460247697,182.834000000,100,1410,1215,49,0
7147,71.470247865,182.834000000,100,1410,1215,49,0
7148,71.480247894,182.834000000,100,1410,1215,49,0
7149,71.490247612,182.834000000,100,1410,1215,49,0
7150,71.500248152,182.834000000,100,1410,1215,49,0
7151,71.510252279,182.834000000,100,1410,1215,49,0
7152,71.520248931,182.834000000,100,1410,1215,49,0
7153,71.530247908,182.834000000,100,1410,1215,49,0
7154,71.540249079,182.885000000,100,1410,1215,49,0
7155,71.550247985,182.885000000,100,1410,1215,49,0
7156,71.560248465,182.885000000,100,1410,1215,49,0
7157,71.570247842,182.885000000,100,1410,1215,49,0
7158,71.580249063,182.885000000,100,1410,1215,49,0
7159,71.590248291,182.885000000,100,1410,1215,49,0
7160,71.600248640,182.885000000,100,1410,1215,49,0
7161,71.610246605,182.885000000,100,1410,1215,49,0
7162,71.620248217,182.885000000,100,1410,1215,49,0
7163,71.630248265,182.885000000,100,1410,1215,49,0
7164,71.640249426,182.641000000,100,1410,1215,49,0
7165,71.650247812,182.641000000,100,1410,1215,49,0
7166,71.660247841,182.641000000,100,1410,1215,49,0
7167,71.670248280,182.641000000,100,1410,1215,49,0
7168,71.680248289,182.641000000,100,1410,1215,49,0
7169,71.690247005,182.641000000,100,1410,1215,49,0
7170,71.700248306,182.641000000,100,1410,1215,49,0
7171,71.710248445,182.641000000,100,1410,1215,49,0
7172,71.720249135,182.641000000,100,1410,1215,49,0
7173,71.730249404,182.641000000,100,1410,1215,49,0
7174,71.740249844,182.738000000,100,1410,1215,49,0
7175,71.750252918,182.738000000,100,1410,1215,49,0
7176,71.760248419,182.738000000,100,1410,1215,49,0
7177,71.770248167,182.738000000,100,1410,1215,49,0
7178,71.780249117,182.738000000,100,1410,1215,49,0
7179,71.790248675,182.738000000,100,1410,1215,49,0
7180,71.800248554,182.738000000,100,1410,1215,49,0
7181,71.810248542,182.738000000,100,1410,1215,49,0
7182,71.820249062,182.738000000,100,1410,1215,49,0
7183,71.830252136,182.738000000,100,1410,1215,49,0
7184,71.840249831,182.738000000,100,1410,1215,49,0
7185,71.850248888,182.738000000,100,1410,1215,49,0
7186,71.860248405,182.738000000,100,1410,1215,49,0
7187,71.870252492,182.738000000,100,1410,1215,49,0
7188,71.880248874,182.738000000,100,1410,1215,49,0
7189,71.890248592,182.738000000,100,1410,1215,49,0
7190,71.900248510,182.738000000,100,1410,1215,49,0
7191,71.910248188,182.738000000,100,1410,1215,49,0
7192,71.920248438,182.738000000,100,1410,1215,49,0
7193,71.930248617,182.738000000,100,1410,1215,49,0
7194,71.940252783,182.828000000,100,1410,1215,49,0
7195,71.950248784,182.828000000,100,1410,1215,49,0
7196,71.960248733,182.828000000,100,1410,1215,49,0
7197,71.970249122,182.828000000,100,1410,1215,49,0
7198,71.980247939,182.828000000,100,1410,1215,49,0
7199,71.990248519,182.828000000,100,1410,1215,49,0
7200,72.000248167,182.828000000,100,1410,1215,49,0
7201,72.010248887,182.828000000,100,1410,1215,49,0
7202,72.020252031,182.828000000,100,1410,1215,49,0
7203,72.030249084,182.828000000,100,1410,1215,49,0
7204,72.040249825,182.983000000,100,1410,1215,49,0
7205,72.050252348,182.983000000,100,1410,1215,49,0
7206,72.060248600,182.983000000,100,1410,1215,49,0
7207,72.070249390,182.983000000,100,1410,1215,49,0
7208,72.080249068,182.983000000,100,1410,1215,49,0
7209,72.090248846,182.983000000,100,1410,1215,49,0
7210,72.100247763,182.983000000,100,1410,1215,49,0
7211,72.110248543,182.983000000,100,1410,1215,49,0
7212,72.120248942,182.983000000,100,1410,1215,49,0
7213,72.130248731,182.983000000,100,1410,1215,49,0
7214,72.140248920,182.796000000,100,1410,1215,49,0
7215,72.150248227,182.796000000,100,1410,1215,49,0
7216,72.160248336,182.796000000,100,1410,1215,49,0
7217,72.170248164,182.796000000,100,1410,1215,49,0
7218,72.180248003,182.796000000,100,1410,1215,49,0
7219,72.190248422,182.796000000,100,1410,1215,49,0
7220,72.200328100,182.796000000,100,1410,1215,49,0
7221,72.210248229,182.796000000,100,1410,1215,49,0
7222,72.220247406,182.796000000,100,1410,1215,49,0
7223,72.230247946,182.796000000,100,1410,1215,49,0
7224,72.240249478,182.692000000,100,1410,1215,49,0
7225,72.250252903,182.692000000,100,1410,1215,49,0
7226,72.260247592,182.692000000,100,1410,1215,49,0
7227,72.270248131,182.692000000,100,1410,1215,49,0
7228,72.280248461,182.692000000,100,1410,1215,49,0
7229,72.290248289,182.692000000,100,1410,1215,49,0
7230,72.300248217,182.692000000,100,1410,1215,49,0
7231,72.310247735,182.692000000,100,1410,1215,49,0
7232,72.320248646,182.692000000,100,1410,1215,49,0
7233,72.330247462,182.692000000,100,1410,1215,49,0
7234,72.340249765,182.795000000,100,1410,1215,49,0
7235,72.350247710,182.795000000,100,1410,1215,49,0
7236,72.360247819,182.795000000,100,1410,1215,49,0
7237,72.370252697,182.795000000,100,1410,1215,49,0
7238,72.380249299,182.795000000,100,1410,1215,49,0
7239,72.390252404,182.795000000,100,1410,1215,49,0
7240,72.400248365,182.795000000,100,1410,1215,49,0
7241,72.410248073,182.795000000,100,1410,1215,49,0
7242,72.420248332,182.795000000,100,1410,1215,49,0
7243,72.430249012,182.795000000,100,1410,1215,49,0
7244,72.440249782,182.835000000,100,1410,1215,49,0
7245,72.450248388,182.835000000,100,1410,1215,49,0
7246,72.460247736,182.835000000,100,1410,1215,49,0
7247,72.470252363,182.835000000,100,1410,1215,49,0
7248,72.480247873,182.835000000,100,1410,1215,49,0
7249,72.490246710,182.835000000,100,1410,1215,49,0
7250,72.500247210,182.835000000,100,1410,1215,49,0
7251,72.510251897,182.835000000,100,1410,1215,49,0
7252,72.520247397,182.835000000,100,1410,1215,49,0
7253,72.530248087,182.835000000,100,1410,1215,49,0
7254,72.540248807,182.827000000,100,1410,1215,49,0
7255,72.550251731,182.827000000,100,1410,1215,49,0
7256,72.560252712,182.827000000,100,1410,1215,49,0
7257,72.570248733,182.827000000,100,1410,1215,49,0
7258,72.580248491,182.827000000,100,1410,1215,49,0
7259,72.590248530,182.827000000,100,1410,1215,49,0
7260,72.600247567,182.827000000,100,1410,1215,49,0
7261,72.610249038,182.827000000,100,1410,1215,49,0
7262,72.620248005,182.827000000,100,1410,1215,49,0
7263,72.630247623,182.827000000,100,1410,1215,49,0
7264,72.640249545,182.942000000,100,1410,1215,49,0
7265,72.650248232,182.942000000,100,1410,1215,49,0
7266,72.660248661,182.942000000,100,1410,1215,49,0
7267,72.670248059,182.942000000,100,1410,1215,49,0
7268,72.680248719,182.942000000,100,1410,1215,49,0
7269,72.690248687,182.942000000,100,1410,1215,49,0
7270,72.700248195,182.942000000,100,1410,1215,49,0
7271,72.710248354,182.942000000,100,1410,1215,49,0
7272,72.720248263,182.942000000,100,1410,1215,49,0
7273,72.730248111,182.942000000,100,1410,1215,49,0
7274,72.740248741,182.893000000,100,1410,1215,49,0
7275,72.750248449,182.893000000,100,1410,1215,49,0
7276,72.760248558,182.893000000,100,1410,1215,49,0
7277,72.770248507,182.893000000,100,1410,1215,49,0
7278,72.780247373,182.893000000,100,1410,1215,49,0
7279,72.790248444,182.893000000,100,1410,1215,49,0
7280,72.800247120,182.893000000,100,1410,1215,49,0
7281,72.810246818,182.893000000,100,1410,1215,49,0
7282,72.820247067,182.893000000,100,1410,1215,49,0
7283,72.830248609,182.893000000,100,1410,1215,49,0
7284,72.840249589,182.796000000,100,1410,1215,49,0
7285,72.850247695,182.796000000,100,1410,1215,49,0
7286,72.860248334,182.796000000,100,1410,1215,49,0
7287,72.870247902,182.796000000,100,1410,1215,49,0
7288,72.880247711,182.796000000,100,1410,1215,49,0
7289,72.890247629,182.796000000,100,1410,1215,49,0
7290,72.900247217,182.796000000,100,1410,1215,49,0
7291,72.910248137,182.796000000,100,1410,1215,49,0
7292,72.920252234,182.796000000,100,1410,1215,49,0
7293,72.930247774,182.796000000,100,1410,1215,49,0
7294,72.940249256,182.942000000,100,1410,1215,49,0
7295,72.950249094,182.942000000,100,1410,1215,49,0
7296,72.960247680,182.942000000,100,1410,1215,49,0
7297,72.970247278,182.942000000,100,1410,1215,49,0
7298,72.980247237,182.942000000,100,1410,1215,49,0
7299,72.990248488,182.942000000,100,1410,1215,49,0
7300,73.000248206,182.942000000,100,1410,1215,49,0
7301,73.010248024,182.942000000,100,1410,1215,49,0
7302,73.020248303,182.942000000,100,1410,1215,49,0
7303,73.030252299,182.942000000,100,1410,1215,49,0
7304,73.040247509,182.942000000,100,1410,1215,49,0
7305,73.050252798,182.942000000,100,1410,1215,49,0
7306,73.060247998,182.942000000,100,1410,1215,49,0
7307,73.070248317,182.942000000,100,1410,1215,49,0
7308,73.080246773,182.942000000,100,1410,1215,49,0
7309,73.090248264,182.942000000,100,1410,1215,49,0
7310,73.100246920,182.942000000,100,1410,1215,49,0
7311,73.110248762,182.942000000,100,1410,1215,49,0
7312,73.120247539,182.942000000,100,1410,1215,49,0
7313,73.130246896,182.942000000,100,1410,1215,49,0
7314,73.140248749,182.795000000,100,1410,1215,49,0
7315,73.150248356,182.795000000,100,1410,1215,49,0
7316,73.160249167,182.795000000,100,1410,1215,49,0
7317,73.170248234,182.795000000,100,1410,1215,49,0
7318,73.180247521,182.795000000,100,1410,1215,49,0
7319,73.190248221,182.795000000,100,1410,1215,49,0
7320,73.200248109,182.795000000,100,1410,1215,49,0
7321,73.210247397,182.795000000,100,1410,1215,49,0
7322,73.220247916,182.795000000,100,1410,1215,49,0
7323,73.230248276,182.795000000,100,1410,1215,49,0
7324,73.240252593,182.789000000,100,1410,1215,49,0
7325,73.250248654,182.789000000,100,1410,1215,49,0
7326,73.260247400,182.789000000,100,1410,1215,49,0
7327,73.270247219,182.789000000,100,1410,1215,49,0
7328,73.280248089,182.789000000,100,1410,1215,49,0
7329,73.290248158,182.789000000,100,1410,1215,49,0
7330,73.300248216,182.789000000,100,1410,1215,49,0
7331,73.310248025,182.789000000,100,1410,1215,49,0
7332,73.320248444,182.789000000,100,1410,1215,49,0
7333,73.330247421,182.789000000,100,1410,1215,49,0
7334,73.340248762,182.788000000,100,1410,1215,49,0
7335,73.350247629,182.788000000,100,1410,1215,49,0
7336,73.360248259,182.788000000,100,1410,1215,49,0
7337,73.370247556,182.788000000,100,1410,1215,49,0
7338,73.380248517,182.788000000,100,1410,1215,49,0
7339,73.390251631,182.788000000,100,1410,1215,49,0
7340,73.400248404,182.788000000,100,1410,1215,49,0
7341,73.410247230,182.788000000,100,1410,1215,49,0
7342,73.420247510,182.788000000,100,1410,1215,49,0
7343,73.430248079,182.788000000,100,1410,1215,49,0
7344,73.440248559,182.731000000,100,1410,1215,49,0
7345,73.450247506,182.731000000,100,1410,1215,49,0
7346,73.460247093,182.731000000,100,1410,1215,49,0
7347,73.470247463,182.731000000,100,1410,1215,49,0
7348,73.480247371,182.731000000,100,1410,1215,49,0
7349,73.490248031,182.731000000,100,1410,1215,49,0
7350,73.500252178,182.731000000,100,1410,1215,49,0
7351,73.510248600,182.731000000,100,1410,1215,49,0
7352,73.520255952,182.731000000,100,1410,1215,49,0
7353,73.530250611,182.731000000,100,1410,1215,49,0
7354,73.540248536,182.942000000,100,1410,1215,49,0
7355,73.550247753,182.942000000,100,1410,1215,49,0
7356,73.560246760,182.942000000,100,1410,1215,49,0
7357,73.570247670,182.942000000,100,1410,1215,49,0
7358,73.580246577,182.942000000,100,1410,1215,49,0
7359,73.590246385,182.942000000,100,1410,1215,49,0
7360,73.600247225,182.942000000,100,1410,1215,49,0
7361,73.610247525,182.942000000,100,1410,1215,49,0
7362,73.620246552,182.942000000,100,1410,1215,49,0
7363,73.630246841,182.942000000,100,1410,1215,49,0
7364,73.640251989,182.885000000,100,1410,1215,49,0
7365,73.650247790,182.885000000,100,1410,1215,49,0
7366,73.660247398,182.885000000,100,1410,1215,49,0
7367,73.670252506,182.885000000,100,1410,1215,49,0
7368,73.680248858,182.885000000,100,1410,1215,49,0
7369,73.690247825,182.885000000,100,1410,1215,49,0
7370,73.700247713,182.885000000,100,1410,1215,49,0
7371,73.710246840,182.885000000,100,1410,1215,49,0
7372,73.720247570,182.885000000,100,1410,1215,49,0
7373,73.730248250,182.885000000,100,1410,1215,49,0
7374,73.740248299,182.642000000,100,1410,1215,49,0
7375,73.750247066,182.642000000,100,1410,1215,49,0
7376,73.760248837,182.642000000,100,1410,1215,49,0
7377,73.770247945,182.642000000,100,1410,1215,49,0
7378,73.780247993,182.642000000,100,1410,1215,49,0
7379,73.790248052,182.642000000,100,1410,1215,49,0
7380,73.800248401,182.642000000,100,1410,1215,49,0
7381,73.810246517,182.642000000,100,1410,1215,49,0
7382,73.820247307,182.642000000,100,1410,1215,49,0
7383,73.830247836,182.642000000,100,1410,1215,49,0
7384,73.840248356,182.641000000,100,1410,1215,49,0
7385,73.850248215,182.641000000,100,1410,1215,49,0
7386,73.860247502,182.641000000,100,1410,1215,49,0
7387,73.870247370,182.641000000,100,1410,1215,49,0
7388,73.880247299,182.641000000,100,1410,1215,49,0
7389,73.890247728,182.641000000,100,1410,1215,49,0
7390,73.900247988,182.641000000,100,1410,1215,49,0
7391,73.910247365,182.641000000,100,1410,1215,49,0
7392,73.920247995,182.641000000,100,1410,1215,49,0
7393,73.930248665,182.641000000,100,1410,1215,49,0
7394,73.940248423,183.039000000,100,1410,1215,49,0
7395,73.950247580,183.039000000,100,1410,1215,49,0
7396,73.960248330,183.039000000,100,1410,1215,49,0
7397,73.970247137,183.039000000,100,1410,1215,49,0
7398,73.980247937,183.039000000,100,1410,1215,49,0
7399,73.990247515,183.039000000,100,1410,1215,49,0
7400,74.000248756,183.039000000,100,1410,1215,49,0
7401,74.010246691,183.039000000,100,1410,1215,49,0
7402,74.020248333,183.039000000,100,1410,1215,49,0
7403,74.030247970,183.039000000,100,1410,1215,49,0
7404,74.040248330,182.795000000,100,1410,1215,49,0
7405,74.050247637,182.795000000,100,1410,1215,49,0
7406,74.060248227,182.795000000,100,1410,1215,49,0
7407,74.070248266,182.795000000,100,1410,1215,49,0
7408,74.080252262,182.795000000,100,1410,1215,49,0
7409,74.090248233,182.795000000,100,1410,1215,49,0
7410,74.100247360,182.795000000,100,1410,1215,49,0
7411,74.110247719,182.795000000,100,1410,1215,49,0
7412,74.120246766,182.795000000,100,1410,1215,49,0
7413,74.130248228,182.795000000,100,1410,1215,49,0
7414,74.140252384,182.642000000,100,1410,1215,49,0
7415,74.150249177,182.642000000,100,1410,1215,49,0
7416,74.160247412,182.642000000,100,1410,1215,49,0
7417,74.170248353,182.642000000,100,1410,1215,49,0
7418,74.180247600,182.642000000,100,1410,1215,49,0
7419,74.190248150,182.642000000,100,1410,1215,49,0
7420,74.200248078,182.642000000,100,1410,1215,49,0
7421,74.210248838,182.642000000,100,1410,1215,49,0
7422,74.220247515,182.642000000,100,1410,1215,49,0
7423,74.230249838,182.642000000,100,1410,1215,49,0
7424,74.240248033,182.738000000,100,1410,1215,49,0
7425,74.250246980,182.738000000,100,1410,1215,49,0
7426,74.260247650,182.738000000,100,1410,1215,49,0
7427,74.270251546,182.738000000,100,1410,1215,49,0
7428,74.280247948,182.738000000,100,1410,1215,49,0
7429,74.290248497,182.738000000,100,1410,1215,49,0
7430,74.300248085,182.738000000,100,1410,1215,49,0
7431,74.310247713,182.738000000,100,1410,1215,49,0
7432,74.320246951,182.738000000,100,1410,1215,49,0
7433,74.330247420,182.738000000,100,1410,1215,49,0
7434,74.340249693,182.982000000,100,1410,1215,49,0
7435,74.350248349,182.982000000,100,1410,1215,49,0
7436,74.360248919,182.982000000,100,1410,1215,49,0
7437,74.370248226,182.982000000,100,1410,1215,49,0
7438,74.380253275,182.982000000,100,1410,1215,49,0
7439,74.390248364,182.982000000,100,1410,1215,49,0
7440,74.400247000,182.982000000,100,1410,1215,49,0
7441,74.410248141,182.982000000,100,1410,1215,49,0
7442,74.420246647,182.982000000,100,1410,1215,49,0
7443,74.430248008,182.982000000,100,1410,1215,49,0
7444,74.440249610,182.795000000,100,1410,1215,49,0
7445,74.450247945,182.795000000,100,1410,1215,49,0
7446,74.460247674,182.795000000,100,1410,1215,49,0
7447,74.470247863,182.795000000,100,1410,1215,49,0
7448,74.480247982,182.795000000,100,1410,1215,49,0
7449,74.490248060,182.795000000,100,1410,1215,49,0
7450,74.500253549,182.795000000,100,1410,1215,49,0
7451,74.510248008,182.795000000,100,1410,1215,49,0
7452,74.520247766,182.795000000,100,1410,1215,49,0
7453,74.530248496,182.795000000,100,1410,1215,49,0
7454,74.540249667,182.834000000,100,1410,1215,49,0
7455,74.550247962,182.834000000,100,1410,1215,49,0
7456,74.560248342,182.834000000,100,1410,1215,49,0
7457,74.570248581,182.834000000,100,1410,1215,49,0
7458,74.580252547,182.834000000,100,1410,1215,49,0
7459,74.590248127,182.834000000,100,1410,1215,49,0
7460,74.600248206,182.834000000,100,1410,1215,49,0
7461,74.610248175,182.834000000,100,1410,1215,49,0
7462,74.620247402,182.834000000,100,1410,1215,49,0
7463,74.630247772,182.834000000,100,1410,1215,49,0
7464,74.640253120,182.893000000,100,1410,1215,49,0
7465,74.650248651,182.893000000,100,1410,1215,49,0
7466,74.660252817,182.893000000,100,1410,1215,49,0
7467,74.670248307,182.893000000,100,1410,1215,49,0
7468,74.680247304,182.893000000,100,1410,1215,49,0
7469,74.690248665,182.893000000,100,1410,1215,49,0
7470,74.700247923,182.893000000,100,1410,1215,49,0
7471,74.710247951,182.893000000,100,1410,1215,49,0
7472,74.720248321,182.893000000,100,1410,1215,49,0
7473,74.730248289,182.893000000,100,1410,1215,49,0
7474,74.740248889,182.892000000,100,1410,1215,49,0
7475,74.750247656,182.892000000,100,1410,1215,49,0
7476,74.760249297,182.892000000,100,1410,1215,49,0
7477,74.770248004,182.892000000,100,1410,1215,49,0
7478,74.780248553,182.892000000,100,1410,1215,49,0
7479,74.790248181,182.892000000,100,1410,1215,49,0
7480,74.800248470,182.892000000,100,1410,1215,49,0
7481,74.810247207,182.892000000,100,1410,1215,49,0
7482,74.820248458,182.892000000,100,1410,1215,49,0
7483,74.830247074,182.892000000,100,1410,1215,49,0
7484,74.840248085,182.885000000,100,1410,1215,49,0
7485,74.850247382,182.885000000,100,1410,1215,49,0
7486,74.860247701,182.885000000,100,1410,1215,49,0
7487,74.870247199,182.885000000,100,1410,1215,49,0
7488,74.880247819,182.885000000,100,1410,1215,49,0
7489,74.890247337,182.885000000,100,1410,1215,49,0
7490,74.900248067,182.885000000,100,1410,1215,49,0
7491,74.910247935,182.885000000,100,1410,1215,49,0
7492,74.920247062,182.885000000,100,1410,1215,49,0
7493,74.930247321,182.885000000,100,1410,1215,49,0
7494,74.940249234,182.796000000,100,1410,1215,49,0
7495,74.950247820,182.796000000,100,1410,1215,49,0
7496,74.960247818,182.796000000,100,1410,1215,49,0
7497,74.970248037,182.796000000,100,1410,1215,49,0
7498,74.980252154,182.796000000,100,1410,1215,49,0
7499,74.990248506,182.796000000,100,1410,1215,49,0
7500,75.000248004,182.796000000,100,1410,1215,49,0
7501,75.010247902,182.796000000,100,1410,1215,49,0
7502,75.020246468,182.796000000,100,1410,1215,49,0
7503,75.030247839,182.796000000,100,1410,1215,49,0
7504,75.040248109,182.738000000,100,1410,1215,49,0
7505,75.050249059,182.738000000,100,1410,1215,49,0
7506,75.060248146,182.738000000,100,1410,1215,49,0
7507,75.070248024,182.738000000,100,1410,1215,49,0
7508,75.080248213,182.738000000,100,1410,1215,49,0
7509,75.090247871,182.738000000,100,1410,1215,49,0
7510,75.100247770,182.738000000,100,1410,1215,49,0
7511,75.110247488,182.738000000,100,1410,1215,49,0
7512,75.120247567,182.738000000,100,1410,1215,49,0
7513,75.130247405,182.738000000,100,1410,1215,49,0
7514,75.140249117,182.981000000,100,1410,1215,49,0
7515,75.150247783,182.981000000,100,1410,1215,49,0
7516,75.160247722,182.981000000,100,1410,1215,49,0
7517,75.170247380,182.981000000,100,1410,1215,49,0
7518,75.180252037,182.981000000,100,1410,1215,49,0
7519,75.190248289,182.981000000,100,1410,1215,49,0
7520,75.200247406,182.981000000,100,1410,1215,49,0
7521,75.210247505,182.981000000,100,1410,1215,49,0
7522,75.220247634,182.981000000,100,1410,1215,49,0
7523,75.230247893,182.981000000,100,1410,1215,49,0
7524,75.240252871,183.078000000,100,1410,1215,49,0
7525,75.250249053,183.078000000,100,1410,1215,49,0
7526,75.260248891,183.078000000,100,1410,1215,49,0
7527,75.270248900,183.078000000,100,1410,1215,49,0
7528,75.280247676,183.078000000,100,1410,1215,49,0
7529,75.290248176,183.078000000,100,1410,1215,49,0
7530,75.300247343,183.078000000,100,1410,1215,49,0
7531,75.310247041,183.078000000,100,1410,1215,49,0
7532,75.320248092,183.078000000,100,1410,1215,49,0
7533,75.330248121,183.078000000,100,1410,1215,49,0
7534,75.340248821,182.642000000,100,1410,1215,49,0
7535,75.350248028,182.642000000,100,1410,1215,49,0
7536,75.360248297,182.642000000,100,1410,1215,49,0
7537,75.370249568,182.642000000,100,1410,1215,49,0
7538,75.380248034,182.642000000,100,1410,1215,49,0
7539,75.390252140,182.642000000,100,1410,1215,49,0
7540,75.400248803,182.642000000,100,1410,1215,49,0
7541,75.410246868,182.642000000,100,1410,1215,49,0
7542,75.420247438,182.642000000,100,1410,1215,49,0
7543,75.430248438,182.642000000,100,1410,1215,49,0
7544,75.440249288,182.795000000,100,1410,1215,49,0
7545,75.450252082,182.795000000,100,1410,1215,49,0
7546,75.460248114,182.795000000,100,1410,1215,49,0
7547,75.470252120,182.795000000,100,1410,1215,49,0
7548,75.480248211,182.795000000,100,1410,1215,49,0
7549,75.490252317,182.795000000,100,1410,1215,49,0
7550,75.500247607,182.795000000,100,1410,1215,49,0
7551,75.510248618,182.795000000,100,1410,1215,49,0
7552,75.520247855,182.795000000,100,1410,1215,49,0
7553,75.530247854,182.795000000,100,1410,1215,49,0
7554,75.540248604,182.982000000,100,1410,1215,49,0
7555,75.550251929,182.982000000,100,1410,1215,49,0
7556,75.560247860,182.982000000,100,1410,1215,49,0
7557,75.570247819,182.982000000,100,1410,1215,49,0
7558,75.580247697,182.982000000,100,1410,1215,49,0
7559,75.590247365,182.982000000,100,1410,1215,49,0
7560,75.600248536,182.982000000,100,1410,1215,49,0
7561,75.610246922,182.982000000,100,1410,1215,49,0
7562,75.620247561,182.982000000,100,1410,1215,49,0
7563,75.630247871,182.982000000,100,1410,1215,49,0
7564,75.640248260,182.886000000,100,1410,1215,49,0
7565,75.650248439,182.886000000,100,1410,1215,49,0
7566,75.660247606,182.886000000,100,1410,1215,49,0
7567,75.670247274,182.886000000,100,1410,1215,49,0
7568,75.680247674,182.886000000,100,1410,1215,49,0
7569,75.690247292,182.886000000,100,1410,1215,49,0
7570,75.700249134,182.886000000,100,1410,1215,49,0
7571,75.710247039,182.886000000,100,1410,1215,49,0
7572,75.720247819,182.886000000,100,1410,1215,49,0
7573,75.730248339,182.886000000,100,1410,1215,49,0
7574,75.740248988,182.834000000,100,1410,1215,49,0
7575,75.750248667,182.834000000,100,1410,1215,49,0
7576,75.760248275,182.834000000,100,1410,1215,49,0
7577,75.770252852,182.834000000,100,1410,1215,49,0
7578,75.780247781,182.834000000,100,1410,1215,49,0
7579,75.790248321,182.834000000,100,1410,1215,49,0
7580,75.800246185,182.834000000,100,1410,1215,49,0
7581,75.810247727,182.834000000,100,1410,1215,49,0
7582,75.820247295,182.834000000,100,1410,1215,49,0
7583,75.830252944,182.834000000,100,1410,1215,49,0
7584,75.840246360,183.038000000,100,1410,1215,49,0
7585,75.850247121,183.038000000,100,1410,1215,49,0
7586,75.860248131,183.038000000,100,1410,1215,49,0
7587,75.870247288,183.038000000,100,1410,1215,49,0
7588,75.880247848,183.038000000,100,1410,1215,49,0
7589,75.890248127,183.038000000,100,1410,1215,49,0
7590,75.900248897,183.038000000,100,1410,1215,49,0
7591,75.910247173,183.038000000,100,1410,1215,49,0
7592,75.920248875,183.038000000,100,1410,1215,49,0
7593,75.930247381,183.038000000,100,1410,1215,49,0
7594,75.940249413,182.981000000,100,1410,1215,49,0
7595,75.950248229,182.981000000,100,1410,1215,49,0
7596,75.960245052,182.981000000,100,1410,1215,49,0
7597,75.970248718,182.981000000,100,1410,1215,49,0
7598,75.980248156,182.981000000,100,1410,1215,49,0
7599,75.990247924,182.981000000,100,1410,1215,49,0
7600,76.000248534,182.981000000,100,1410,1215,49,0
7601,76.010248973,182.981000000,100,1410,1215,49,0
7602,76.020248291,182.981000000,100,1410,1215,49,0
7603,76.030248940,182.981000000,100,1410,1215,49,0
7604,76.040248799,182.642000000,100,1410,1215,49,0
7605,76.050248938,182.642000000,100,1410,1215,49,0
7606,76.060247524,182.642000000,100,1410,1215,49,0
7607,76.070251750,182.642000000,100,1410,1215,49,0
7608,76.080248723,182.642000000,100,1410,1215,49,0
7609,76.090248121,182.642000000,100,1410,1215,49,0
7610,76.100247509,182.642000000,100,1410,1215,49,0
7611,76.110247848,182.642000000,100,1410,1215,49,0
7612,76.120248097,182.642000000,100,1410,1215,49,0
7613,76.130247064,182.642000000,100,1410,1215,49,0
7614,76.140248605,182.827000000,100,1410,1215,49,0
7615,76.150248845,182.827000000,100,1410,1215,49,0
7616,76.160248643,182.827000000,100,1410,1215,49,0
7617,76.170248020,182.827000000,100,1410,1215,49,0
7618,76.180247217,182.827000000,100,1410,1215,49,0
7619,76.190247898,182.827000000,100,1410,1215,49,0
7620,76.200248177,182.827000000,100,1410,1215,49,0
7621,76.210247334,182.827000000,100,1410,1215,49,0
7622,76.220248044,182.827000000,100,1410,1215,49,0
7623,76.230247882,182.827000000,100,1410,1215,49,0
7624,76.240247971,183.231000000,100,1410,1215,49,0
7625,76.250247900,183.231000000,100,1410,1215,49,0
7626,76.260248189,183.231000000,100,1410,1215,49,0
7627,76.270248178,183.231000000,100,1410,1215,49,0
7628,76.280247495,183.231000000,100,1410,1215,49,0
7629,76.290247904,183.231000000,100,1410,1215,49,0
7630,76.300252642,183.231000000,100,1410,1215,49,0
7631,76.310247591,183.231000000,100,1410,1215,49,0
7632,76.320246839,183.231000000,100,1410,1215,49,0
7633,76.330248079,183.231000000,100,1410,1215,49,0
7634,76.340248028,182.925000000,100,1410,1215,49,0
7635,76.350248828,182.925000000,100,1410,1215,49,0
7636,76.360248156,182.925000000,100,1410,1215,49,0
7637,76.370247543,182.925000000,100,1410,1215,49,0
7638,76.380247532,182.925000000,100,1410,1215,49,0
7639,76.390248573,182.925000000,100,1410,1215,49,0
7640,76.400248742,182.925000000,100,1410,1215,49,0
7641,76.410249101,182.925000000,100,1410,1215,49,0
7642,76.420245673,182.925000000,100,1410,1215,49,0
7643,76.430247205,182.925000000,100,1410,1215,49,0
7644,76.440247053,182.397000000,100,1410,1215,49,0
7645,76.450245409,182.397000000,100,1410,1215,49,0
7646,76.460245648,182.397000000,100,1410,1215,49,0
7647,76.470247971,182.397000000,100,1410,1215,49,0
7648,76.480246577,182.397000000,100,1410,1215,49,0
7649,76.490251275,182.397000000,100,1410,1215,49,0
7650,76.500247887,182.397000000,100,1410,1215,49,0
7651,76.510248366,182.397000000,100,1410,1215,49,0
7652,76.520247373,182.397000000,100,1410,1215,49,0
7653,76.530248805,182.397000000,100,1410,1215,49,0
7654,76.540248924,182.828000000,100,1410,1215,49,0
7655,76.550247269,182.828000000,100,1410,1215,49,0
7656,76.560248089,182.828000000,100,1410,1215,49,0
7657,76.570247647,182.828000000,100,1410,1215,49,0
7658,76.580247636,182.828000000,100,1410,1215,49,0
7659,76.590247414,182.828000000,100,1410,1215,49,0
7660,76.600248044,182.828000000,100,1410,1215,49,0
7661,76.610247772,182.828000000,100,1410,1215,49,0
7662,76.620247480,182.828000000,100,1410,1215,49,0
7663,76.630248231,182.828000000,100,1410,1215,49,0
7664,76.640246666,183.077000000,100,1410,1215,49,0
7665,76.650247727,183.077000000,100,1410,1215,49,0
7666,76.660247696,183.077000000,100,1410,1215,49,0
7667,76.670249798,183.077000000,100,1410,1215,49,0
7668,76.680247392,183.077000000,100,1410,1215,49,0
7669,76.690246990,183.077000000,100,1410,1215,49,0
7670,76.700247891,183.077000000,100,1410,1215,49,0
7671,76.710248200,183.077000000,100,1410,1215,49,0
7672,76.720248359,183.077000000,100,1410,1215,49,0
7673,76.730248288,183.077000000,100,1410,1215,49,0
7674,76.740249589,182.892000000,100,1410,1215,49,0
7675,76.750252974,182.892000000,100,1410,1215,49,0
7676,76.760248444,182.892000000,100,1410,1215,49,0
7677,76.770248543,182.892000000,100,1410,1215,49,0
7678,76.780247810,182.892000000,100,1410,1215,49,0
7679,76.790248109,182.892000000,100,1410,1215,49,0
7680,76.800247597,182.892000000,100,1410,1215,49,0
7681,76.810247566,182.892000000,100,1410,1215,49,0
7682,76.820246492,182.892000000,100,1410,1215,49,0
7683,76.830247042,182.892000000,100,1410,1215,49,0
7684,76.840247782,182.648000000,100,1410,1215,49,0
7685,76.850247881,182.648000000,100,1410,1215,49,0
7686,76.860246607,182.648000000,100,1410,1215,49,0
7687,76.870247969,182.648000000,100,1410,1215,49,0
7688,76.880247306,182.648000000,100,1410,1215,49,0
7689,76.890247235,182.648000000,100,1410,1215,49,0
7690,76.900248466,182.648000000,100,1410,1215,49,0
7691,76.910248314,182.648000000,100,1410,1215,49,0
7692,76.920246900,182.648000000,100,1410,1215,49,0
7693,76.930247330,182.648000000,100,1410,1215,49,0
7694,76.940249262,182.885000000,100,1410,1215,49,0
7695,76.950247617,182.885000000,100,1410,1215,49,0
7696,76.960247245,182.885000000,100,1410,1215,49,0
7697,76.970247695,182.885000000,100,1410,1215,49,0
7698,76.980247453,182.885000000,100,1410,1215,49,0
7699,76.990247863,182.885000000,100,1410,1215,49,0
7700,77.000248302,182.885000000,100,1410,1215,49,0
7701,77.010246287,182.885000000,100,1410,1215,49,0
7702,77.020247348,182.885000000,100,1410,1215,49,0
7703,77.030251264,182.885000000,100,1410,1215,49,0
7704,77.040249569,182.982000000,100,1410,1215,49,0
7705,77.050247284,182.982000000,100,1410,1215,49,0
7706,77.060247262,182.982000000,100,1410,1215,49,0
7707,77.070247452,182.982000000,100,1410,1215,49,0
7708,77.080248192,182.982000000,100,1410,1215,49,0
7709,77.090248481,182.982000000,100,1410,1215,49,0
7710,77.100247898,182.982000000,100,1410,1215,49,0
7711,77.110247647,182.982000000,100,1410,1215,49,0
7712,77.120247164,182.982000000,100,1410,1215,49,0
7713,77.130248606,182.982000000,100,1410,1215,49,0
7714,77.140248875,182.835000000,100,1410,1215,49,0
7715,77.150248052,182.835000000,100,1410,1215,49,0
7716,77.160247840,182.835000000,100,1410,1215,49,0
7717,77.170247889,182.835000000,100,1410,1215,49,0
7718,77.180248329,182.835000000,100,1410,1215,49,0
7719,77.190252355,182.835000000,100,1410,1215,49,0
7720,77.200247705,182.835000000,100,1410,1215,49,0
7721,77.210248275,182.835000000,100,1410,1215,49,0
7722,77.220247813,182.835000000,100,1410,1215,49,0
7723,77.230248122,182.835000000,100,1410,1215,49,0
7724,77.240248351,182.796000000,100,1410,1215,49,0
7725,77.250246837,182.796000000,100,1410,1215,49,0
7726,77.260248619,182.796000000,100,1410,1215,49,0
7727,77.270247245,182.796000000,100,1410,1215,49,0
7728,77.280247284,182.796000000,100,1410,1215,49,0
7729,77.290247893,182.796000000,100,1410,1215,49,0
7730,77.300248073,182.796000000,100,1410,1215,49,0
7731,77.310246849,182.796000000,100,1410,1215,49,0
7732,77.320247509,182.796000000,100,1410,1215,49,0
7733,77.330251114,182.796000000,100,1410,1215,49,0
7734,77.340247045,182.796000000,100,1410,1215,49,0
7735,77.350247765,182.796000000,100,1410,1215,49,0
7736,77.360248105,182.796000000,100,1410,1215,49,0
7737,77.370253654,182.796000000,100,1410,1215,49,0
7738,77.380249415,182.796000000,100,1410,1215,49,0
7739,77.390251758,182.796000000,100,1410,1215,49,0
7740,77.400247829,182.796000000,100,1410,1215,49,0
7741,77.410247738,182.796000000,100,1410,1215,49,0
7742,77.420249429,182.796000000,100,1410,1215,49,0
7743,77.430248256,182.796000000,100,1410,1215,49,0
7744,77.440248445,183.078000000,100,1410,1215,49,0
7745,77.450247842,183.078000000,100,1410,1215,49,0
7746,77.460251788,183.078000000,100,1410,1215,49,0
7747,77.470249052,183.078000000,100,1410,1215,49,0
7748,77.480248359,183.078000000,100,1410,1215,49,0
7749,77.490248018,183.078000000,100,1410,1215,49,0
7750,77.500249639,183.078000000,100,1410,1215,49,0
7751,77.510248195,183.078000000,100,1410,1215,49,0
7752,77.520247964,183.078000000,100,1410,1215,49,0
7753,77.530247882,183.078000000,100,1410,1215,49,0
7754,77.540248502,183.078000000,100,1410,1215,49,0
7755,77.550248190,183.078000000,100,1410,1215,49,0
7756,77.560248660,183.078000000,100,1410,1215,49,0
7757,77.570248278,183.078000000,100,1410,1215,49,0
7758,77.580311926,183.078000000,100,1410,1215,49,0
7759,77.590247934,183.078000000,100,1410,1215,49,0
7760,77.600248875,183.078000000,100,1410,1215,49,0
7761,77.610248012,183.078000000,100,1410,1215,49,0
7762,77.620248251,183.078000000,100,1410,1215,49,0
7763,77.630247989,183.078000000,100,1410,1215,49,0
7764,77.640247697,182.835000000,100,1410,1215,49,0
7765,77.650247746,182.835000000,100,1410,1215,49,0
7766,77.660248065,182.835000000,100,1410,1215,49,0
7767,77.670247573,182.835000000,100,1410,1215,49,0
7768,77.680251299,182.835000000,100,1410,1215,49,0
7769,77.690248222,182.835000000,100,1410,1215,49,0
7770,77.700247760,182.835000000,100,1410,1215,49,0
7771,77.710248069,182.835000000,100,1410,1215,49,0
7772,77.720248058,182.835000000,100,1410,1215,49,0
7773,77.730247585,182.835000000,100,1410,1215,49,0
7774,77.740249177,183.078000000,100,1410,1215,49,0
7775,77.750247402,183.078000000,100,1410,1215,49,0
7776,77.760248102,183.078000000,100,1410,1215,49,0
7777,77.770247500,183.078000000,100,1410,1215,49,0
7778,77.780247479,183.078000000,100,1410,1215,49,0
7779,77.790247998,183.078000000,100,1410,1215,49,0
7780,77.800248658,183.078000000,100,1410,1215,49,0
7781,77.810247114,183.078000000,100,1410,1215,49,0
7782,77.820247984,183.078000000,100,1410,1215,49,0
7783,77.830251790,183.078000000,100,1410,1215,49,0
7784,77.840249494,183.225000000,100,1410,1215,49,0
7785,77.850248491,183.225000000,100,1410,1215,49,0
7786,77.860247528,183.225000000,100,1410,1215,49,0
7787,77.870247868,183.225000000,100,1410,1215,49,0
7788,77.880248798,183.225000000,100,1410,1215,49,0
7789,77.890252704,183.225000000,100,1410,1215,49,0
7790,77.900248705,183.225000000,100,1410,1215,49,0
7791,77.910248554,183.225000000,100,1410,1215,49,0
7792,77.920246729,183.225000000,100,1410,1215,49,0
7793,77.930248170,183.225000000,100,1410,1215,49,0
7794,77.940250423,183.077000000,100,1410,1215,49,0
7795,77.950248749,183.077000000,100,1410,1215,49,0
7796,77.960248276,183.077000000,100,1410,1215,49,0
7797,77.970252263,183.077000000,100,1410,1215,49,0
7798,77.980247653,183.077000000,100,1410,1215,49,0
7799,77.990248283,183.077000000,100,1410,1215,49,0
7800,78.000247670,183.077000000,100,1410,1215,49,0
7801,78.010248200,183.077000000,100,1410,1215,49,0
7802,78.020247507,183.077000000,100,1410,1215,49,0
7803,78.030248448,183.077000000,100,1410,1215,49,0
7804,78.040248677,182.835000000,100,1410,1215,49,0
7805,78.050248144,182.835000000,100,1410,1215,49,0
7806,78.060247722,182.835000000,100,1410,1215,49,0
7807,78.070247611,182.835000000,100,1410,1215,49,0
7808,78.080248902,182.835000000,100,1410,1215,49,0
7809,78.090248259,182.835000000,100,1410,1215,49,0
7810,78.100248098,182.835000000,100,1410,1215,49,0
7811,78.110247485,182.835000000,100,1410,1215,49,0
7812,78.120248195,182.835000000,100,1410,1215,49,0
7813,78.130247242,182.835000000,100,1410,1215,49,0
7814,78.140248964,182.988000000,100,1410,1215,49,0
7815,78.150247851,182.988000000,100,1410,1215,49,0
7816,78.160248390,182.988000000,100,1410,1215,49,0
7817,78.170247327,182.988000000,100,1410,1215,49,0
7818,78.180248117,182.988000000,100,1410,1215,49,0
7819,78.190247465,182.988000000,100,1410,1215,49,0
7820,78.200248696,182.988000000,100,1410,1215,49,0
7821,78.210248073,182.988000000,100,1410,1215,49,0
7822,78.220252100,182.988000000,100,1410,1215,49,0
7823,78.230247530,182.988000000,100,1410,1215,49,0
7824,78.240249412,183.231000000,100,1410,1215,49,0
7825,78.250251765,183.231000000,100,1410,1215,49,0
7826,78.260247375,183.231000000,100,1410,1215,49,0
7827,78.270247885,183.231000000,100,1410,1215,49,0
7828,78.280247944,183.231000000,100,1410,1215,49,0
7829,78.290248103,183.231000000,100,1410,1215,49,0
7830,78.300248082,183.231000000,100,1410,1215,49,0
7831,78.310247098,183.231000000,100,1410,1215,49,0
7832,78.320247858,183.231000000,100,1410,1215,49,0
7833,78.330247206,183.231000000,100,1410,1215,49,0
7834,78.340248076,183.231000000,100,1410,1215,49,0
7835,78.350248526,183.231000000,100,1410,1215,49,0
7836,78.360251881,183.231000000,100,1410,1215,49,0
7837,78.370248183,183.231000000,100,1410,1215,49,0
7838,78.380247710,183.231000000,100,1410,1215,49,0
7839,78.390247919,183.231000000,100,1410,1215,49,0
7840,78.400247828,183.231000000,100,1410,1215,49,0
7841,78.410246845,183.231000000,100,1410,1215,49,0
7842,78.420248677,183.231000000,100,1410,1215,49,0
7843,78.430248505,183.231000000,100,1410,1215,49,0
7844,78.440249155,182.931000000,100,1410,1215,49,0
7845,78.450249214,182.931000000,100,1410,1215,49,0
7846,78.460248522,182.931000000,100,1410,1215,49,0
7847,78.470248550,182.931000000,100,1410,1215,49,0
7848,78.480249090,182.931000000,100,1410,1215,49,0
7849,78.490249780,182.931000000,100,1410,1215,49,0
7850,78.500247595,182.931000000,100,1410,1215,49,0
7851,78.510248114,182.931000000,100,1410,1215,49,0
7852,78.520247241,182.931000000,100,1410,1215,49,0
7853,78.530321589,182.931000000,100,1410,1215,49,0
7854,78.540248792,182.834000000,100,1410,1215,49,0
7855,78.550248670,182.834000000,100,1410,1215,49,0
7856,78.560252736,182.834000000,100,1410,1215,49,0
7857,78.570247926,182.834000000,100,1410,1215,49,0
7858,78.580247674,182.834000000,100,1410,1215,49,0
7859,78.590246581,182.834000000,100,1410,1215,49,0
7860,78.600248573,182.834000000,100,1410,1215,49,0
7861,78.610246809,182.834000000,100,1410,1215,49,0
7862,78.620248340,182.834000000,100,1410,1215,49,0
7863,78.630246946,182.834000000,100,1410,1215,49,0
7864,78.640248648,183.231000000,100,1410,1215,49,0
7865,78.650247144,183.231000000,100,1410,1215,49,0
7866,78.660247784,183.231000000,100,1410,1215,49,0
7867,78.670247743,183.231000000,100,1410,1215,49,0
7868,78.680247942,183.231000000,100,1410,1215,49,0
7869,78.690248582,183.231000000,100,1410,1215,49,0
7870,78.700246556,183.231000000,100,1410,1215,49,0
7871,78.710247026,183.231000000,100,1410,1215,49,0
7872,78.720248728,183.231000000,100,1410,1215,49,0
7873,78.730247665,183.231000000,100,1410,1215,49,0
7874,78.740248875,183.174000000,100,1410,1215,49,0
7875,78.750248163,183.174000000,100,1410,1215,49,0
7876,78.760248462,183.174000000,100,1410,1215,49,0
7877,78.770253230,183.174000000,100,1410,1215,49,0
7878,78.780249692,183.174000000,100,1410,1215,49,0
7879,78.790248588,183.174000000,100,1410,1215,49,0
7880,78.800247886,183.174000000,100,1410,1215,49,0
7881,78.810247143,183.174000000,100,1410,1215,49,0
7882,78.820247312,183.174000000,100,1410,1215,49,0
7883,78.830247461,183.174000000,100,1410,1215,49,0
7884,78.840248301,183.084000000,100,1410,1215,49,0
7885,78.850247028,183.084000000,100,1410,1215,49,0
7886,78.860247938,183.084000000,100,1410,1215,49,0
7887,78.870247416,183.084000000,100,1410,1215,49,0
7888,78.880251733,183.084000000,100,1410,1215,49,0
7889,78.890247914,183.084000000,100,1410,1215,49,0
7890,78.900247973,183.084000000,100,1410,1215,49,0
7891,78.910246629,183.084000000,100,1410,1215,49,0
7892,78.920248070,183.084000000,100,1410,1215,49,0
7893,78.930247718,183.084000000,100,1410,1215,49,0
7894,78.940249631,182.930000000,100,1410,1215,49,0
7895,78.950247485,182.930000000,100,1410,1215,49,0
7896,78.960248436,182.930000000,100,1410,1215,49,0
7897,78.970247543,182.930000000,100,1410,1215,49,0
7898,78.980248403,182.930000000,100,1410,1215,49,0
7899,78.990247360,182.930000000,100,1410,1215,49,0
7900,79.000247870,182.930000000,100,1410,1215,49,0
7901,79.010247277,182.930000000,100,1410,1215,49,0
7902,79.020251123,182.930000000,100,1410,1215,49,0
7903,79.030248206,182.930000000,100,1410,1215,49,0
7904,79.040249247,183.231000000,100,1410,1215,49,0
7905,79.050248013,183.231000000,100,1410,1215,49,0
7906,79.060248252,183.231000000,100,1410,1215,49,0
7907,79.070247510,183.231000000,100,1410,1215,49,0
7908,79.080247809,183.231000000,100,1410,1215,49,0
7909,79.090252376,183.231000000,100,1410,1215,49,0
7910,79.100247315,183.231000000,100,1410,1215,49,0
7911,79.110247444,183.231000000,100,1410,1215,49,0
7912,79.120247092,183.231000000,100,1410,1215,49,0
7913,79.130248023,183.231000000,100,1410,1215,49,0
7914,79.140253762,183.077000000,100,1410,1215,49,0
7915,79.150246267,183.077000000,100,1410,1215,49,0
7916,79.160247318,183.077000000,100,1410,1215,49,0
7917,79.170247897,183.077000000,100,1410,1215,49,0
7918,79.180248387,183.077000000,100,1410,1215,49,0
7919,79.190248296,183.077000000,100,1410,1215,49,0
7920,79.200253384,183.077000000,100,1410,1215,49,0
7921,79.210247391,183.077000000,100,1410,1215,49,0
7922,79.220247630,183.077000000,100,1410,1215,49,0
7923,79.230246397,183.077000000,100,1410,1215,49,0
7924,79.240253980,183.085000000,100,1410,1215,49,0
7925,79.250247837,183.085000000,100,1410,1215,49,0
7926,79.260248527,183.085000000,100,1410,1215,49,0
7927,79.270248225,183.085000000,100,1410,1215,49,0
7928,79.280248103,183.085000000,100,1410,1215,49,0
7929,79.290248363,183.085000000,100,1410,1215,49,0
7930,79.300252058,183.085000000,100,1410,1215,49,0
7931,79.310247769,183.085000000,100,1410,1215,49,0
7932,79.320247026,183.085000000,100,1410,1215,49,0
7933,79.330248257,183.085000000,100,1410,1215,49,0
7934,79.340248236,182.988000000,100,1410,1215,49,0
7935,79.350247553,182.988000000,100,1410,1215,49,0
7936,79.360247201,182.988000000,100,1410,1215,49,0
7937,79.370247721,182.988000000,100,1410,1215,49,0
7938,79.380247800,182.988000000,100,1410,1215,49,0
7939,79.390248219,182.988000000,100,1410,1215,49,0
7940,79.400245783,182.988000000,100,1410,1215,49,0
7941,79.410248627,182.988000000,100,1410,1215,49,0
7942,79.420252062,182.988000000,100,1410,1215,49,0
7943,79.430248144,182.988000000,100,1410,1215,49,0
7944,79.440253533,183.231000000,100,1410,1215,49,0
7945,79.450248091,183.231000000,100,1410,1215,49,0
7946,79.460252298,183.231000000,100,1410,1215,49,0
7947,79.470249141,183.231000000,100,1410,1215,49,0
7948,79.480247576,183.231000000,100,1410,1215,49,0
7949,79.490248547,183.231000000,100,1410,1215,49,0
7950,79.500252723,183.231000000,100,1410,1215,49,0
7951,79.510247061,183.231000000,100,1410,1215,49,0
7952,79.520246860,183.231000000,100,1410,1215,49,0
7953,79.530247510,183.231000000,100,1410,1215,49,0
7954,79.540249101,183.039000000,100,1410,1215,49,0
7955,79.550247617,183.039000000,100,1410,1215,49,0
7956,79.560248007,183.039000000,100,1410,1215,49,0
7957,79.570248887,183.039000000,100,1410,1215,49,0
7958,79.580247583,183.039000000,100,1410,1215,49,0
7959,79.590247702,183.039000000,100,1410,1215,49,0
7960,79.600245416,183.039000000,100,1410,1215,49,0
7961,79.610248060,183.039000000,100,1410,1215,49,0
7962,79.620252497,183.039000000,100,1410,1215,49,0
7963,79.630248047,183.039000000,100,1410,1215,49,0
7964,79.640248667,182.834000000,100,1410,1215,49,0
7965,79.650247554,182.834000000,100,1410,1215,49,0
7966,79.660252171,182.834000000,100,1410,1215,49,0
7967,79.670247391,182.834000000,100,1410,1215,49,0
7968,79.680247240,182.834000000,100,1410,1215,49,0
7969,79.690247549,182.834000000,100,1410,1215,49,0
7970,79.700244331,182.834000000,100,1410,1215,49,0
7971,79.710248217,182.834000000,100,1410,1215,49,0
7972,79.720251653,182.834000000,100,1410,1215,49,0
7973,79.730247724,182.834000000,100,1410,1215,49,0
7974,79.740249786,182.892000000,100,1410,1215,49,0
7975,79.750247381,182.892000000,100,1410,1215,49,0
7976,79.760252048,182.892000000,100,1410,1215,49,0
7977,79.770248530,182.892000000,100,1410,1215,49,0
7978,79.780247707,182.892000000,100,1410,1215,49,0
7979,79.790252595,182.892000000,100,1410,1215,49,0
7980,79.800243918,182.892000000,100,1410,1215,49,0
7981,79.810247082,182.892000000,100,1410,1215,49,0
7982,79.820248183,182.892000000,100,1410,1215,49,0
7983,79.830247941,182.892000000,100,1410,1215,49,0
7984,79.840248982,183.417000000,100,1410,1215,49,0
7985,79.850252537,183.417000000,100,1410,1215,49,0
7986,79.860247887,183.417000000,100,1410,1215,49,0
7987,79.870248768,183.417000000,100,1410,1215,49,0
7988,79.880251762,183.417000000,100,1410,1215,49,0
7989,79.890248454,183.417000000,100,1410,1215,49,0
7990,79.900244075,183.417000000,100,1410,1215,49,0
7991,79.910247720,183.417000000,100,1410,1215,49,0
7992,79.920247328,183.417000000,100,1410,1215,49,0
7993,79.930247918,183.417000000,100,1410,1215,49,0
7994,79.940249450,182.981000000,100,1410,1215,49,0
7995,79.950247324,182.981000000,100,1410,1215,49,0
7996,79.960248024,182.981000000,100,1410,1215,49,0
7997,79.970246811,182.981000000,100,1410,1215,49,0
7998,79.980247881,182.981000000,100,1410,1215,49,0
7999,79.990246848,182.981000000,100,1410,1215,49,0
8000,80.000211531,182.981000000,100,1410,1215,49,0
8001,80.010248579,182.981000000,100,1410,1215,49,0
8002,80.020248277,182.981000000,100,1410,1215,49,0
8003,80.030248236,182.981000000,100,1410,1215,49,0
8004,80.040248435,182.834000000,100,1410,1215,49,0
8005,80.050247882,182.834000000,100,1410,1215,49,0
8006,80.060248492,182.834000000,100,1410,1215,49,0
8007,80.070248000,182.834000000,100,1410,1215,49,0
8008,80.080252006,182.834000000,100,1410,1215,49,0
8009,80.090249089,182.834000000,100,1410,1215,49,0
8010,80.100249549,182.834000000,100,1410,1215,49,0
8011,80.110248576,182.834000000,100,1410,1215,49,0
8012,80.120248314,182.834000000,100,1410,1215,49,0
8013,80.130248032,182.834000000,100,1410,1215,49,0
8014,80.140249934,183.078000000,100,1410,1215,49,0
8015,80.150248420,183.078000000,100,1410,1215,49,0
8016,80.160251645,183.078000000,100,1410,1215,49,0
8017,80.170248107,183.078000000,100,1410,1215,49,0
8018,80.180252815,183.078000000,100,1410,1215,49,0
8019,80.190248956,183.078000000,100,1410,1215,49,0
8020,80.200247843,183.078000000,100,1410,1215,49,0
8021,80.210248513,183.078000000,100,1410,1215,49,0
8022,80.220252298,183.078000000,100,1410,1215,49,0
8023,80.230248400,183.078000000,100,1410,1215,49,0
8024,80.240249360,183.328000000,100,1410,1215,49,0
8025,80.250248638,183.328000000,100,1410,1215,49,0
8026,80.260248606,183.328000000,100,1410,1215,49,0
8027,80.270248615,183.328000000,100,1410,1215,49,0
8028,80.280248794,183.328000000,100,1410,1215,49,0
8029,80.290248031,183.328000000,100,1410,1215,49,0
8030,80.300252408,183.328000000,100,1410,1215,49,0
8031,80.310248810,183.328000000,100,1410,1215,49,0
8032,80.320247566,183.328000000,100,1410,1215,49,0
8033,80.330247705,183.328000000,100,1410,1215,49,0
8034,80.340249547,182.982000000,100,1410,1215,49,0
8035,80.350248494,182.982000000,100,1410,1215,49,0
8036,80.360248252,182.982000000,100,1410,1215,49,0
8037,80.370247570,182.982000000,100,1410,1215,49,0
8038,80.380252558,182.982000000,100,1410,1215,49,0
8039,80.390247758,182.982000000,100,1410,1215,49,0
8040,80.400252134,182.982000000,100,1410,1215,49,0
8041,80.410247655,182.982000000,100,1410,1215,49,0
8042,80.420252192,182.982000000,100,1410,1215,49,0
8043,80.430248484,182.982000000,100,1410,1215,49,0
8044,80.440249655,182.886000000,100,1410,1215,49,0
8045,80.450247810,182.886000000,100,1410,1215,49,0
8046,80.460247799,182.886000000,100,1410,1215,49,0
8047,80.470252466,182.886000000,100,1410,1215,49,0
8048,80.480252264,182.886000000,100,1410,1215,49,0
8049,80.490248015,182.886000000,100,1410,1215,49,0
8050,80.500247823,182.886000000,100,1410,1215,49,0
8051,80.510252521,182.886000000,100,1410,1215,49,0
8052,80.520247751,182.886000000,100,1410,1215,49,0
8053,80.530247970,182.886000000,100,1410,1215,49,0
8054,80.540248800,182.892000000,100,1410,1215,49,0
8055,80.550252886,182.892000000,100,1410,1215,49,0
8056,80.560248086,182.892000000,100,1410,1215,49,0
8057,80.570248185,182.892000000,100,1410,1215,49,0
8058,80.580247622,182.892000000,100,1410,1215,49,0
8059,80.590247691,182.892000000,100,1410,1215,49,0
8060,80.600248441,182.892000000,100,1410,1215,49,0
8061,80.610247278,182.892000000,100,1410,1215,49,0
8062,80.620247287,182.892000000,100,1410,1215,49,0
8063,80.630251724,182.892000000,100,1410,1215,49,0
8064,80.640249097,182.981000000,100,1410,1215,49,0
8065,80.650247213,182.981000000,100,1410,1215,49,0
8066,80.660247452,182.981000000,100,1410,1215,49,0
8067,80.670247430,182.981000000,100,1410,1215,49,0
8068,80.680248190,182.981000000,100,1410,1215,49,0
8069,80.690247508,182.981000000,100,1410,1215,49,0
8070,80.700247146,182.981000000,100,1410,1215,49,0
8071,80.710247696,182.981000000,100,1410,1215,49,0
8072,80.720248506,182.981000000,100,1410,1215,49,0
8073,80.730252101,182.981000000,100,1410,1215,49,0
8074,80.740248744,183.135000000,100,1410,1215,49,0
8075,80.750247891,183.135000000,100,1410,1215,49,0
8076,80.760247859,183.135000000,100,1410,1215,49,0
8077,80.770252206,183.135000000,100,1410,1215,49,0
8078,80.780247857,183.135000000,100,1410,1215,49,0
8079,80.790247445,183.135000000,100,1410,1215,49,0
8080,80.800248135,183.135000000,100,1410,1215,49,0
8081,80.810247442,183.135000000,100,1410,1215,49,0
8082,80.820247471,183.135000000,100,1410,1215,49,0
8083,80.830247459,183.135000000,100,1410,1215,49,0
8084,80.840249763,182.930000000,100,1410,1215,49,0
8085,80.850247757,182.930000000,100,1410,1215,49,0
8086,80.860251253,182.930000000,100,1410,1215,49,0
8087,80.870247645,182.930000000,100,1410,1215,49,0
8088,80.880248505,182.930000000,100,1410,1215,49,0
8089,80.890248103,182.930000000,100,1410,1215,49,0
8090,80.900248412,182.930000000,100,1410,1215,49,0
8091,80.910248080,182.930000000,100,1410,1215,49,0
8092,80.920246957,182.930000000,100,1410,1215,49,0
8093,80.930247887,182.930000000,100,1410,1215,49,0
8094,80.940249018,182.925000000,100,1410,1215,49,0
8095,80.950247674,182.925000000,100,1410,1215,49,0
8096,80.960248464,182.925000000,100,1410,1215,49,0
8097,80.970248433,182.925000000,100,1410,1215,49,0
8098,80.980248412,182.925000000,100,1410,1215,49,0
8099,80.990247980,182.925000000,100,1410,1215,49,0
8100,81.000247768,182.925000000,100,1410,1215,49,0
8101,81.010252155,182.925000000,100,1410,1215,49,0
8102,81.020248106,182.925000000,100,1410,1215,49,0
8103,81.030247193,182.925000000,100,1410,1215,49,0
8104,81.040248704,182.982000000,100,1410,1215,49,0
8105,81.050247801,182.982000000,100,1410,1215,49,0
8106,81.060248611,182.982000000,100,1410,1215,49,0
8107,81.070246887,182.982000000,100,1410,1215,49,0
8108,81.080246575,182.982000000,100,1410,1215,49,0
8109,81.090246794,182.982000000,100,1410,1215,49,0
8110,81.100247314,182.982000000,100,1410,1215,49,0
8111,81.110246972,182.982000000,100,1410,1215,49,0
8112,81.120247532,182.982000000,100,1410,1215,49,0
8113,81.130246979,182.982000000,100,1410,1215,49,0
8114,81.140247870,182.924000000,100,1410,1215,49,0
8115,81.150248079,182.924000000,100,1410,1215,49,0
8116,81.160247506,182.924000000,100,1410,1215,49,0
8117,81.170248797,182.924000000,100,1410,1215,49,0
8118,81.180248886,182.924000000,100,1410,1215,49,0
8119,81.190248214,182.924000000,100,1410,1215,49,0
8120,81.200248082,182.924000000,100,1410,1215,49,0
8121,81.210248572,182.924000000,100,1410,1215,49,0
8122,81.220252338,182.924000000,100,1410,1215,49,0
8123,81.230248499,182.924000000,100,1410,1215,49,0
8124,81.240248197,182.924000000,100,1410,1215,49,0
8125,81.250248567,182.924000000,100,1410,1215,49,0
8126,81.260252202,182.924000000,100,1410,1215,49,0
8127,81.270248253,182.924000000,100,1410,1215,49,0
8128,81.280247942,182.924000000,100,1410,1215,49,0
8129,81.290248141,182.924000000,100,1410,1215,49,0
8130,81.300248219,182.924000000,100,1410,1215,49,0
8131,81.310247757,182.924000000,100,1410,1215,49,0
8132,81.320248327,182.924000000,100,1410,1215,49,0
8133,81.330251872,182.924000000,100,1410,1215,49,0
8134,81.340248885,183.038000000,100,1410,1215,49,0
8135,81.350248032,183.038000000,100,1410,1215,49,0
8136,81.360249083,183.038000000,100,1410,1215,49,0
8137,81.370247739,183.038000000,100,1410,1215,49,0
8138,81.380248389,183.038000000,100,1410,1215,49,0
8139,81.390251524,183.038000000,100,1410,1215,49,0
8140,81.400249128,183.038000000,100,1410,1215,49,0
8141,81.410247474,183.038000000,100,1410,1215,49,0
8142,81.420247883,183.038000000,100,1410,1215,49,0
8143,81.430252050,183.038000000,100,1410,1215,49,0
8144,81.440249153,183.077000000,100,1410,1215,49,0
8145,81.450248390,183.077000000,100,1410,1215,49,0
8146,81.460248449,183.077000000,100,1410,1215,49,0
8147,81.470251854,183.077000000,100,1410,1215,49,0
8148,81.480247765,183.077000000,100,1410,1215,49,0
8149,81.490247754,183.077000000,100,1410,1215,49,0
8150,81.500247873,183.077000000,100,1410,1215,49,0
8151,81.510249264,183.077000000,100,1410,1215,49,0
8152,81.520253881,183.077000000,100,1410,1215,49,0
8153,81.530249231,183.077000000,100,1410,1215,49,0
8154,81.540248318,182.738000000,100,1410,1215,49,0
8155,81.550248447,182.738000000,100,1410,1215,49,0
8156,81.560247384,182.738000000,100,1410,1215,49,0
8157,81.570247262,182.738000000,100,1410,1215,49,0
8158,81.580247752,182.738000000,100,1410,1215,49,0
8159,81.590247971,182.738000000,100,1410,1215,49,0
8160,81.600248391,182.738000000,100,1410,1215,49,0
8161,81.610247778,182.738000000,100,1410,1215,49,0
8162,81.620247747,182.738000000,100,1410,1215,49,0
8163,81.630247365,182.738000000,100,1410,1215,49,0
8164,81.640248255,182.892000000,100,1410,1215,49,0
8165,81.650247422,182.892000000,100,1410,1215,49,0
8166,81.660247431,182.892000000,100,1410,1215,49,0
8167,81.670247149,182.892000000,100,1410,1215,49,0
8168,81.680248340,182.892000000,100,1410,1215,49,0
8169,81.690248148,182.892000000,100,1410,1215,49,0
8170,81.700248387,182.892000000,100,1410,1215,49,0
8171,81.710247835,182.892000000,100,1410,1215,49,0
8172,81.720247313,182.892000000,100,1410,1215,49,0
8173,81.730247983,182.892000000,100,1410,1215,49,0
8174,81.740249725,183.084000000,100,1410,1215,49,0
8175,81.750247559,183.084000000,100,1410,1215,49,0
8176,81.760252668,183.084000000,100,1410,1215,49,0
8177,81.770248489,183.084000000,100,1410,1215,49,0
8178,81.780248126,183.084000000,100,1410,1215,49,0
8179,81.790252604,183.084000000,100,1410,1215,49,0
8180,81.800247483,183.084000000,100,1410,1215,49,0
8181,81.810247632,183.084000000,100,1410,1215,49,0
8182,81.820248061,183.084000000,100,1410,1215,49,0
8183,81.830248240,183.084000000,100,1410,1215,49,0
8184,81.840248199,183.085000000,100,1410,1215,49,0
8185,81.850248738,183.085000000,100,1410,1215,49,0
8186,81.860248076,183.085000000,100,1410,1215,49,0
8187,81.870248275,183.085000000,100,1410,1215,49,0
8188,81.880247532,183.085000000,100,1410,1215,49,0
8189,81.890249354,183.085000000,100,1410,1215,49,0
8190,81.900248341,183.085000000,100,1410,1215,49,0
8191,81.910247789,183.085000000,100,1410,1215,49,0
8192,81.920248329,183.085000000,100,1410,1215,49,0
8193,81.930248077,183.085000000,100,1410,1215,49,0
8194,81.940248727,182.892000000,100,1410,1215,49,0
8195,81.950247553,182.892000000,100,1410,1215,49,0
8196,81.960247712,182.892000000,100,1410,1215,49,0
8197,81.970247050,182.892000000,100,1410,1215,49,0
8198,81.980246587,182.892000000,100,1410,1215,49,0
8199,81.990248109,182.892000000,100,1410,1215,49,0
8200,82.000246625,182.892000000,100,1410,1215,49,0
8201,82.010248367,182.892000000,100,1410,1215,49,0
8202,82.020246712,182.892000000,100,1410,1215,49,0
8203,82.030247222,182.892000000,100,1410,1215,49,0
8204,82.040247932,182.833000000,100,1410,1215,49,0
8205,82.050247991,182.833000000,100,1410,1215,49,0
8206,82.060247328,182.833000000,100,1410,1215,49,0
8207,82.070248209,182.833000000,100,1410,1215,49,0
8208,82.080249259,182.833000000,100,1410,1215,49,0
8209,82.090247595,182.833000000,100,1410,1215,49,0
8210,82.100247874,182.833000000,100,1410,1215,49,0
8211,82.110248173,182.833000000,100,1410,1215,49,0
8212,82.120248112,182.833000000,100,1410,1215,49,0
8213,82.130248081,182.833000000,100,1410,1215,49,0
8214,82.140248851,182.932000000,100,1410,1215,49,0
8215,82.150247477,182.932000000,100,1410,1215,49,0
8216,82.160249349,182.932000000,100,1410,1215,49,0
8217,82.170248606,182.932000000,100,1410,1215,49,0
8218,82.180249426,182.932000000,100,1410,1215,49,0
8219,82.190248624,182.932000000,100,1410,1215,49,0
8220,82.200246949,182.932000000,100,1410,1215,49,0
8221,82.210247249,182.932000000,100,1410,1215,49,0
8222,82.220247157,182.932000000,100,1410,1215,49,0
8223,82.230247356,182.932000000,100,1410,1215,49,0
8224,82.240252224,182.931000000,100,1410,1215,49,0
8225,82.250247283,182.931000000,100,1410,1215,49,0
8226,82.260251991,182.931000000,100,1410,1215,49,0
8227,82.270247461,182.931000000,100,1410,1215,49,0
8228,82.280247730,182.931000000,100,1410,1215,49,0
8229,82.290247238,182.931000000,100,1410,1215,49,0
8230,82.300252767,182.931000000,100,1410,1215,49,0
8231,82.310248498,182.931000000,100,1410,1215,49,0
8232,82.320247154,182.931000000,100,1410,1215,49,0
8233,82.330247934,182.931000000,100,1410,1215,49,0
8234,82.340247602,183.174000000,100,1410,1215,49,0
8235,82.350247791,183.174000000,100,1410,1215,49,0
8236,82.360248842,183.174000000,100,1410,1215,49,0
8237,82.370248791,183.174000000,100,1410,1215,49,0
8238,82.380248408,183.174000000,100,1410,1215,49,0
8239,82.390248117,183.174000000,100,1410,1215,49,0
8240,82.400251682,183.174000000,100,1410,1215,49,0
8241,82.410248084,183.174000000,100,1410,1215,49,0
8242,82.420248033,183.174000000,100,1410,1215,49,0
8243,82.430249103,183.174000000,100,1410,1215,49,0
8244,82.440248260,182.988000000,100,1410,1215,49,0
8245,82.450247648,182.988000000,100,1410,1215,49,0
8246,82.460247837,182.988000000,100,1410,1215,49,0
8247,82.470248537,182.988000000,100,1410,1215,49,0
8248,82.480247614,182.988000000,100,1410,1215,49,0
8249,82.490252512,182.988000000,100,1410,1215,49,0
8250,82.500248343,182.988000000,100,1410,1215,49,0
8251,82.510251177,182.988000000,100,1410,1215,49,0
8252,82.520247017,182.988000000,100,1410,1215,49,0
8253,82.530247096,182.988000000,100,1410,1215,49,0
8254,82.540247676,182.687000000,100,1410,1215,49,0
8255,82.550247384,182.687000000,100,1410,1215,49,0
8256,82.560252022,182.687000000,100,1410,1215,49,0
8257,82.570247973,182.687000000,100,1410,1215,49,0
8258,82.580248352,182.687000000,100,1410,1215,49,0
8259,82.590251587,182.687000000,100,1410,1215,49,0
8260,82.600248249,182.687000000,100,1410,1215,49,0
8261,82.610247657,182.687000000,100,1410,1215,49,0
8262,82.620247966,182.687000000,100,1410,1215,49,0
8263,82.630247374,182.687000000,100,1410,1215,49,0
8264,82.640248865,182.789000000,100,1410,1215,49,0
8265,82.650248423,182.789000000,100,1410,1215,49,0
8266,82.660247801,182.789000000,100,1410,1215,49,0
8267,82.670252819,182.789000000,100,1410,1215,49,0
8268,82.680248209,182.789000000,100,1410,1215,49,0
8269,82.690249550,182.789000000,100,1410,1215,49,0
8270,82.700247675,182.789000000,100,1410,1215,49,0
8271,82.710246973,182.789000000,100,1410,1215,49,0
8272,82.720248604,182.789000000,100,1410,1215,49,0
8273,82.730247291,182.789000000,100,1410,1215,49,0
8274,82.740250806,183.271000000,100,1410,1215,49,0
8275,82.750247168,183.271000000,100,1410,1215,49,0
8276,82.760247647,183.271000000,100,1410,1215,49,0
8277,82.770251413,183.271000000,100,1410,1215,49,0
8278,82.780247835,183.271000000,100,1410,1215,49,0
8279,82.790251711,183.271000000,100,1410,1215,49,0
8280,82.800248544,183.271000000,100,1410,1215,49,0
8281,82.810248082,183.271000000,100,1410,1215,49,0
8282,82.820247479,183.271000000,100,1410,1215,49,0
8283,82.830247227,183.271000000,100,1410,1215,49,0
8284,82.840247727,183.086000000,100,1410,1215,49,0
8285,82.850246954,183.086000000,100,1410,1215,49,0
8286,82.860247444,183.086000000,100,1410,1215,49,0
8287,82.870247783,183.086000000,100,1410,1215,49,0
8288,82.880248383,183.086000000,100,1410,1215,49,0
8289,82.890252089,183.086000000,100,1410,1215,49,0
8290,82.900252638,183.086000000,100,1410,1215,49,0
8291,82.910248459,183.086000000,100,1410,1215,49,0
8292,82.920248127,183.086000000,100,1410,1215,49,0
8293,82.930251863,183.086000000,100,1410,1215,49,0
8294,82.940249437,182.738000000,100,1410,1215,49,0
8295,82.950247202,182.738000000,100,1410,1215,49,0
8296,82.960248703,182.738000000,100,1410,1215,49,0
8297,82.970247349,182.738000000,100,1410,1215,49,0
8298,82.980247909,182.738000000,100,1410,1215,49,0
8299,82.990248479,182.738000000,100,1410,1215,49,0
8300,83.000248828,182.738000000,100,1410,1215,49,0
8301,83.010246753,182.738000000,100,1410,1215,49,0
8302,83.020247804,182.738000000,100,1410,1215,49,0
8303,83.030252100,182.738000000,100,1410,1215,49,0
8304,83.040248613,182.989000000,100,1410,1215,49,0
8305,83.050248481,182.989000000,100,1410,1215,49,0
8306,83.060248380,182.989000000,100,1410,1215,49,0
8307,83.070248188,182.989000000,100,1410,1215,49,0
8308,83.080248577,182.989000000,100,1410,1215,49,0
8309,83.090251341,182.989000000,100,1410,1215,49,0
8310,83.100248985,182.989000000,100,1410,1215,49,0
8311,83.110248143,182.989000000,100,1410,1215,49,0
8312,83.120247129,182.989000000,100,1410,1215,49,0
8313,83.130248330,182.989000000,100,1410,1215,49,0
8314,83.140248549,182.931000000,100,1410,1215,49,0
8315,83.150248298,182.931000000,100,1410,1215,49,0
8316,83.160248256,182.931000000,100,1410,1215,49,0
8317,83.170247073,182.931000000,100,1410,1215,49,0
8318,83.180247202,182.931000000,100,1410,1215,49,0
8319,83.190247220,182.931000000,100,1410,1215,49,0
8320,83.200247780,182.931000000,100,1410,1215,49,0
8321,83.210249021,182.931000000,100,1410,1215,49,0
8322,83.220247417,182.931000000,100,1410,1215,49,0
8323,83.230247496,182.931000000,100,1410,1215,49,0
8324,83.240248005,183.078000000,100,1410,1215,49,0
8325,83.250247443,183.078000000,100,1410,1215,49,0
8326,83.260247722,183.078000000,100,1410,1215,49,0
8327,83.270248993,183.078000000,100,1410,1215,49,0
8328,83.280248150,183.078000000,100,1410,1215,49,0
8329,83.290248289,183.078000000,100,1410,1215,49,0
8330,83.300248859,183.078000000,100,1410,1215,49,0
8331,83.310248347,183.078000000,100,1410,1215,49,0
8332,83.320247975,183.078000000,100,1410,1215,49,0
8333,83.330247843,183.078000000,100,1410,1215,49,0
8334,83.340247842,183.078000000,100,1410,1215,49,0
8335,83.350247901,183.078000000,100,1410,1215,49,0
8336,83.360247799,183.078000000,100,1410,1215,49,0
8337,83.370247337,183.078000000,100,1410,1215,49,0
8338,83.380247987,183.078000000,100,1410,1215,49,0
8339,83.390248136,183.078000000,100,1410,1215,49,0
8340,83.400248145,183.078000000,100,1410,1215,49,0
8341,83.410247933,183.078000000,100,1410,1215,49,0
8342,83.420248192,183.078000000,100,1410,1215,49,0
8343,83.430249223,183.278000000,100,1410,1215,49,0
8344,83.440249292,183.278000000,100,1410,1215,49,0
8345,83.450248829,183.278000000,100,1410,1215,49,0
8346,83.460248107,183.278000000,100,1410,1215,49,0
8347,83.470247655,183.278000000,100,1410,1215,49,0
8348,83.480248174,183.278000000,100,1410,1215,49,0
8349,83.490252441,183.278000000,100,1410,1215,49,0
8350,83.500248332,183.278000000,100,1410,1215,49,0
8351,83.510247349,183.278000000,100,1410,1215,49,0
8352,83.520247758,183.278000000,100,1410,1215,49,0
8353,83.530252175,183.278000000,100,1410,1215,49,0
8354,83.540249228,185.755000000,100,1410,1215,49,0
8355,83.550247925,185.755000000,100,1410,1215,49,0
8356,83.560248174,185.755000000,100,1410,1215,49,0
8357,83.570249655,185.755000000,100,1410,1215,49,0
8358,83.580247289,185.755000000,100,1410,1215,49,0
8359,83.590247418,185.755000000,100,1410,1215,49,0
8360,83.600248218,185.755000000,100,1410,1215,49,0
8361,83.610248618,185.755000000,100,1410,1215,49,0
8362,83.620247394,185.755000000,100,1410,1215,49,0
8363,83.630248335,185.755000000,100,1410,1215,49,0
