sample_index,timestamp_s,power_w,util_pct,sm_clock_mhz,mem_clock_mhz,temp_c,throttle_reasons
0,0.004226198,192.089000000,100,1410,1215,46,0
1,0.010223017,192.089000000,100,1410,1215,46,0
2,0.020240729,192.089000000,100,1410,1215,46,0
3,0.030240237,192.089000000,100,1410,1215,46,0
4,0.040239845,192.089000000,100,1410,1215,46,0
5,0.050240354,192.089000000,100,1410,1215,46,0
6,0.060240113,192.089000000,100,1410,1215,46,0
7,0.070240362,192.108000000,100,1410,1215,45,0
8,0.080238868,192.108000000,100,1410,1215,45,0
9,0.090240239,192.108000000,100,1410,1215,45,0
10,0.100239536,192.108000000,100,1410,1215,45,0
11,0.110240016,192.108000000,100,1410,1215,45,0
12,0.120239634,192.108000000,100,1410,1215,45,0
13,0.130239261,192.108000000,100,1410,1215,45,0
14,0.140240182,192.108000000,100,1410,1215,45,0
15,0.150239329,192.108000000,100,1410,1215,45,0
16,0.160239838,192.108000000,100,1410,1215,45,0
17,0.170236531,192.102000000,100,1410,1215,45,0
18,0.180220349,192.102000000,100,1410,1215,45,0
19,0.190244904,192.102000000,100,1410,1215,45,0
20,0.200240635,192.102000000,100,1410,1215,45,0
21,0.210243398,192.102000000,100,1410,1215,45,0
22,0.220240572,192.102000000,100,1410,1215,45,0
23,0.230240951,192.102000000,100,1410,1215,45,0
24,0.240240018,192.102000000,100,1410,1215,45,0
25,0.250240638,192.102000000,100,1410,1215,45,0
26,0.260239985,192.102000000,100,1410,1215,45,0
27,0.270240575,192.246000000,100,1410,1215,46,0
28,0.280239572,192.246000000,100,1410,1215,46,0
29,0.290239711,192.246000000,100,1410,1215,46,0
30,0.300240170,192.246000000,100,1410,1215,46,0
31,0.310240419,192.246000000,100,1410,1215,46,0
32,0.320223045,192.246000000,100,1410,1215,46,0
33,0.330243152,192.246000000,100,1410,1215,46,0
34,0.340243110,192.246000000,100,1410,1215,46,0
35,0.350240254,192.246000000,100,1410,1215,46,0
36,0.360239471,192.246000000,100,1410,1215,46,0
37,0.370240752,192.246000000,97,1410,1215,46,0
38,0.380239729,192.246000000,97,1410,1215,46,0
39,0.390240128,192.246000000,97,1410,1215,46,0
40,0.400238794,192.246000000,97,1410,1215,46,0
41,0.410239023,192.246000000,97,1410,1215,46,0
42,0.420238932,192.246000000,97,1410,1215,46,0
43,0.430240293,192.246000000,97,1410,1215,46,0
44,0.440241524,192.246000000,97,1410,1215,46,0
45,0.450239659,192.246000000,97,1410,1215,46,0
46,0.460239637,192.246000000,97,1410,1215,46,0
47,0.470241069,192.377000000,97,1410,1215,46,0
48,0.480239785,192.377000000,97,1410,1215,46,0
49,0.490239343,192.377000000,97,1410,1215,46,0
50,0.500240083,192.377000000,97,1410,1215,46,0
51,0.510240132,192.377000000,97,1410,1215,46,0
52,0.520239589,192.377000000,97,1410,1215,46,0
53,0.530239788,192.377000000,97,1410,1215,46,0
54,0.540241230,192.377000000,97,1410,1215,46,0
55,0.550240166,192.377000000,97,1410,1215,46,0
56,0.560239654,192.377000000,97,1410,1215,46,0
57,0.570240254,192.342000000,100,1410,1215,46,0
58,0.580239661,192.342000000,100,1410,1215,46,0
59,0.590240622,192.342000000,100,1410,1215,46,0
60,0.600240310,192.342000000,100,1410,1215,46,0
61,0.610239657,192.342000000,100,1410,1215,46,0
62,0.620240087,192.342000000,100,1410,1215,46,0
63,0.630239905,192.342000000,100,1410,1215,46,0
64,0.640239964,192.342000000,100,1410,1215,46,0
65,0.650239932,192.342000000,100,1410,1215,46,0
66,0.660239580,192.342000000,100,1410,1215,46,0
67,0.670240751,192.246000000,100,1410,1215,46,0
68,0.680239197,192.246000000,100,1410,1215,46,0
69,0.690244786,192.246000000,100,1410,1215,46,0
70,0.700240687,192.246000000,100,1410,1215,46,0
71,0.710240465,192.246000000,100,1410,1215,46,0
72,0.720239492,192.246000000,100,1410,1215,46,0
73,0.730240643,192.246000000,100,1410,1215,46,0
74,0.740245541,192.246000000,100,1410,1215,46,0
75,0.750240340,192.246000000,100,1410,1215,46,0
76,0.760239857,192.246000000,100,1410,1215,46,0
77,0.770246048,192.186000000,100,1410,1215,46,0
78,0.780239885,192.186000000,100,1410,1215,46,0
79,0.790243510,192.186000000,100,1410,1215,46,0
80,0.800240032,192.186000000,100,1410,1215,46,0
81,0.810239690,192.186000000,100,1410,1215,46,0
82,0.820243717,192.186000000,100,1410,1215,46,0
83,0.830243805,192.186000000,100,1410,1215,46,0
84,0.840240007,192.186000000,100,1410,1215,46,0
85,0.850240066,192.186000000,100,1410,1215,46,0
86,0.860240224,192.186000000,100,1410,1215,46,0
87,0.870241095,192.185000000,100,1410,1215,46,0
88,0.880240021,192.185000000,100,1410,1215,46,0
89,0.890240581,192.185000000,100,1410,1215,46,0
90,0.900240079,192.185000000,100,1410,1215,46,0
91,0.910240298,192.185000000,100,1410,1215,46,0
92,0.920240256,192.185000000,100,1410,1215,46,0
93,0.930240025,192.185000000,100,1410,1215,46,0
94,0.940240083,192.185000000,100,1410,1215,46,0
95,0.950239832,192.185000000,100,1410,1215,46,0
96,0.960240010,192.185000000,100,1410,1215,46,0
97,0.970240340,192.439000000,100,1410,1215,46,0
98,0.980240318,192.439000000,100,1410,1215,46,0
99,0.990239355,192.439000000,100,1410,1215,46,0
100,1.000239935,192.439000000,100,1410,1215,46,0
101,1.010239623,192.439000000,100,1410,1215,46,0
102,1.020239451,192.439000000,100,1410,1215,46,0
103,1.030239811,192.439000000,100,1410,1215,46,0
104,1.040240511,192.439000000,100,1410,1215,46,0
105,1.050240780,192.439000000,100,1410,1215,46,0
106,1.060240177,192.439000000,100,1410,1215,46,0
107,1.070240737,192.343000000,100,1410,1215,46,0
108,1.080239654,192.343000000,100,1410,1215,46,0
109,1.090241235,192.343000000,100,1410,1215,46,0
110,1.100240102,192.343000000,100,1410,1215,46,0
111,1.110240511,192.343000000,100,1410,1215,46,0
112,1.120240500,192.343000000,100,1410,1215,46,0
113,1.130240258,192.343000000,100,1410,1215,46,0
114,1.140240727,192.343000000,100,1410,1215,46,0
115,1.150244383,192.343000000,100,1410,1215,46,0
116,1.160240284,192.343000000,100,1410,1215,46,0
117,1.170235994,192.095000000,100,1410,1215,46,0
118,1.180220775,192.095000000,100,1410,1215,46,0
119,1.190244848,192.095000000,100,1410,1215,46,0
120,1.200240769,192.095000000,100,1410,1215,46,0
121,1.210245888,192.095000000,100,1410,1215,46,0
122,1.220240456,192.095000000,100,1410,1215,46,0
123,1.230239864,192.095000000,100,1410,1215,46,0
124,1.240240534,192.095000000,100,1410,1215,46,0
125,1.250240302,192.095000000,100,1410,1215,46,0
126,1.260239719,192.095000000,100,1410,1215,46,0
127,1.270241732,192.281000000,100,1410,1215,46,0
128,1.280240137,192.281000000,100,1410,1215,46,0
129,1.290243252,192.281000000,100,1410,1215,46,0
130,1.300238442,192.281000000,100,1410,1215,46,0
131,1.310242668,192.281000000,100,1410,1215,46,0
132,1.320224132,192.281000000,100,1410,1215,46,0
133,1.330240271,192.281000000,100,1410,1215,46,0
134,1.340243626,192.281000000,100,1410,1215,46,0
135,1.350240238,192.281000000,100,1410,1215,46,0
136,1.360240367,192.281000000,100,1410,1215,46,0
137,1.370240676,192.300000000,100,1410,1215,46,0
138,1.380239923,192.300000000,100,1410,1215,46,0
139,1.390239982,192.300000000,100,1410,1215,46,0
140,1.400240081,192.300000000,100,1410,1215,46,0
141,1.410239418,192.300000000,100,1410,1215,46,0
142,1.420238876,192.300000000,100,1410,1215,46,0
143,1.430240838,192.300000000,100,1410,1215,46,0
144,1.440240396,192.300000000,100,1410,1215,46,0
145,1.450239814,192.300000000,100,1410,1215,46,0
146,1.460239722,192.300000000,100,1410,1215,46,0
147,1.470239911,192.301000000,100,1410,1215,46,0
148,1.480240030,192.301000000,100,1410,1215,46,0
149,1.490239889,192.301000000,100,1410,1215,46,0
150,1.500239737,192.301000000,100,1410,1215,46,0
151,1.510387874,192.301000000,100,1410,1215,46,0
152,1.520239273,192.301000000,100,1410,1215,46,0
153,1.530239723,192.301000000,100,1410,1215,46,0
154,1.540241896,192.301000000,100,1410,1215,46,0
155,1.550240171,192.301000000,100,1410,1215,46,0
156,1.560239809,192.301000000,100,1410,1215,46,0
157,1.570239707,192.446000000,100,1410,1215,46,0
158,1.580239556,192.446000000,100,1410,1215,46,0
159,1.590240647,192.446000000,100,1410,1215,46,0
160,1.600239253,192.446000000,100,1410,1215,46,0
161,1.610239622,192.446000000,100,1410,1215,46,0
162,1.620239601,192.446000000,100,1410,1215,46,0
163,1.630239609,192.446000000,100,1410,1215,46,0
164,1.640240830,192.446000000,100,1410,1215,46,0
165,1.650240278,192.446000000,100,1410,1215,46,0
166,1.660239956,192.446000000,100,1410,1215,46,0
167,1.670240686,192.377000000,100,1410,1215,46,0
168,1.680240143,192.377000000,100,1410,1215,46,0
169,1.690240423,192.377000000,100,1410,1215,46,0
170,1.700240601,192.377000000,100,1410,1215,46,0
171,1.710239859,192.377000000,100,1410,1215,46,0
172,1.720240308,192.377000000,100,1410,1215,46,0
173,1.730240517,192.377000000,100,1410,1215,46,0
174,1.740240867,192.377000000,100,1410,1215,46,0
175,1.750239663,192.377000000,100,1410,1215,46,0
176,1.760245102,192.377000000,100,1410,1215,46,0
177,1.770241454,192.390000000,100,1410,1215,46,0
178,1.780243847,192.390000000,100,1410,1215,46,0
179,1.790240559,192.390000000,100,1410,1215,46,0
180,1.800240438,192.390000000,100,1410,1215,46,0
181,1.810239695,192.390000000,100,1410,1215,46,0
182,1.820240685,192.390000000,100,1410,1215,46,0
183,1.830240173,192.390000000,100,1410,1215,46,0
184,1.840240182,192.390000000,100,1410,1215,46,0
185,1.850245861,192.390000000,100,1410,1215,46,0
186,1.860241522,192.390000000,100,1410,1215,46,0
187,1.870240298,192.301000000,100,1410,1215,46,0
188,1.880239856,192.301000000,100,1410,1215,46,0
189,1.890240626,192.301000000,100,1410,1215,46,0
190,1.900241125,192.301000000,100,1410,1215,46,0
191,1.910240192,192.301000000,100,1410,1215,46,0
192,1.920240151,192.301000000,100,1410,1215,46,0
193,1.930239989,192.301000000,100,1410,1215,46,0
194,1.940240429,192.301000000,100,1410,1215,46,0
195,1.950238985,192.301000000,100,1410,1215,46,0
196,1.960239915,192.301000000,100,1410,1215,46,0
197,1.970240715,192.643000000,100,1410,1215,46,0
198,1.980240033,192.643000000,100,1410,1215,46,0
199,1.990239901,192.643000000,100,1410,1215,46,0
200,2.000240270,192.643000000,100,1410,1215,46,0
201,2.010239758,192.643000000,100,1410,1215,46,0
202,2.020239847,192.643000000,100,1410,1215,46,0
203,2.030239665,192.643000000,100,1410,1215,46,0
204,2.040239644,192.643000000,100,1410,1215,46,0
205,2.050240033,192.643000000,100,1410,1215,46,0
206,2.060240022,192.643000000,100,1410,1215,46,0
207,2.070240451,192.816000000,100,1410,1215,46,0
208,2.080239989,192.816000000,100,1410,1215,46,0
209,2.090244656,192.816000000,100,1410,1215,46,0
210,2.100239906,192.816000000,100,1410,1215,46,0
211,2.110239764,192.816000000,100,1410,1215,46,0
212,2.120239663,192.816000000,100,1410,1215,46,0
213,2.130239992,192.816000000,100,1410,1215,46,0
214,2.140240412,192.816000000,100,1410,1215,46,0
215,2.150239469,192.816000000,100,1410,1215,46,0
216,2.160243615,192.816000000,100,1410,1215,46,0
217,2.170227764,192.631000000,100,1410,1215,46,0
218,2.180240807,192.631000000,100,1410,1215,46,0
219,2.190243922,192.631000000,100,1410,1215,46,0
220,2.200240554,192.631000000,100,1410,1215,46,0
221,2.210244590,192.631000000,100,1410,1215,46,0
222,2.220240381,192.631000000,100,1410,1215,46,0
223,2.230239898,192.631000000,100,1410,1215,46,0
224,2.240240208,192.631000000,100,1410,1215,46,0
225,2.250240156,192.631000000,100,1410,1215,46,0
226,2.260239744,192.631000000,100,1410,1215,46,0
227,2.270241095,192.288000000,100,1410,1215,46,0
228,2.280240373,192.288000000,100,1410,1215,46,0
229,2.290241674,192.288000000,100,1410,1215,46,0
230,2.300239729,192.288000000,100,1410,1215,46,0
231,2.310241591,192.288000000,100,1410,1215,46,0
232,2.320224588,192.288000000,100,1410,1215,46,0
233,2.330240386,192.288000000,100,1410,1215,46,0
234,2.340244071,192.288000000,100,1410,1215,46,0
235,2.350240012,192.288000000,100,1410,1215,46,0
236,2.360239921,192.288000000,100,1410,1215,46,0
237,2.370241783,192.378000000,100,1410,1215,46,0
238,2.380239638,192.378000000,100,1410,1215,46,0
239,2.390239917,192.378000000,100,1410,1215,46,0
240,2.400240286,192.378000000,100,1410,1215,46,0
241,2.410240004,192.378000000,100,1410,1215,46,0
242,2.420239773,192.378000000,100,1410,1215,46,0
243,2.430240793,192.378000000,100,1410,1215,46,0
244,2.440240692,192.378000000,100,1410,1215,46,0
245,2.450239829,192.378000000,100,1410,1215,46,0
246,2.460240098,192.378000000,100,1410,1215,46,0
247,2.470241118,192.643000000,100,1410,1215,46,0
248,2.480239925,192.643000000,100,1410,1215,46,0
249,2.490240805,192.643000000,100,1410,1215,46,0
250,2.500239381,192.643000000,100,1410,1215,46,0
251,2.510240352,192.643000000,100,1410,1215,46,0
252,2.520238777,192.643000000,100,1410,1215,46,0
253,2.530239898,192.643000000,100,1410,1215,46,0
254,2.540241259,192.643000000,100,1410,1215,46,0
255,2.550240196,192.643000000,100,1410,1215,46,0
256,2.560240305,192.643000000,100,1410,1215,46,0
257,2.570241826,192.631000000,100,1410,1215,46,0
258,2.580239721,192.631000000,100,1410,1215,46,0
259,2.590240892,192.631000000,100,1410,1215,46,0
260,2.600240420,192.631000000,100,1410,1215,46,0
261,2.610240067,192.631000000,100,1410,1215,46,0
262,2.620240016,192.631000000,100,1410,1215,46,0
263,2.630239664,192.631000000,100,1410,1215,46,0
264,2.640240093,192.631000000,100,1410,1215,46,0
265,2.650239070,192.631000000,100,1410,1215,46,0
266,2.660239840,192.631000000,100,1410,1215,46,0
267,2.670241221,192.378000000,100,1410,1215,46,0
268,2.680240068,192.378000000,100,1410,1215,46,0
269,2.690239666,192.378000000,100,1410,1215,46,0
270,2.700239805,192.378000000,100,1410,1215,46,0
271,2.710240395,192.378000000,100,1410,1215,46,0
272,2.720240053,192.378000000,100,1410,1215,46,0
273,2.730239240,192.378000000,100,1410,1215,46,0
274,2.740239238,192.378000000,100,1410,1215,46,0
275,2.750239838,192.378000000,100,1410,1215,46,0
276,2.760240067,192.378000000,100,1410,1215,46,0
277,2.770239325,192.384000000,100,1410,1215,46,0
278,2.780239293,192.384000000,100,1410,1215,46,0
279,2.790239752,192.384000000,100,1410,1215,46,0
280,2.800239701,192.384000000,100,1410,1215,46,0
281,2.810239740,192.384000000,100,1410,1215,46,0
282,2.820240099,192.384000000,100,1410,1215,46,0
283,2.830240028,192.384000000,100,1410,1215,46,0
284,2.840240106,192.384000000,100,1410,1215,46,0
285,2.850239804,192.384000000,100,1410,1215,46,0
286,2.860240024,192.384000000,100,1410,1215,46,0
287,2.870241535,192.493000000,100,1410,1215,46,0
288,2.880240442,192.493000000,100,1410,1215,46,0
289,2.890241052,192.493000000,100,1410,1215,46,0
290,2.900241441,192.493000000,100,1410,1215,46,0
291,2.910240087,192.493000000,100,1410,1215,46,0
292,2.920239655,192.493000000,100,1410,1215,46,0
293,2.930239413,192.493000000,100,1410,1215,46,0
294,2.940240143,192.493000000,100,1410,1215,46,0
295,2.950240262,192.493000000,100,1410,1215,46,0
296,2.960239709,192.493000000,100,1410,1215,46,0
297,2.970240069,192.492000000,100,1410,1215,46,0
298,2.980239176,192.492000000,100,1410,1215,46,0
299,2.990240086,192.492000000,100,1410,1215,46,0
300,3.000239253,192.492000000,100,1410,1215,46,0
301,3.010238921,192.492000000,100,1410,1215,46,0
302,3.020240042,192.492000000,100,1410,1215,46,0
303,3.030239730,192.492000000,100,1410,1215,46,0
304,3.040239679,192.492000000,100,1410,1215,46,0
305,3.050239958,192.492000000,100,1410,1215,46,0
306,3.060238984,192.492000000,100,1410,1215,46,0
307,3.070240596,192.473000000,100,1410,1215,46,0
308,3.080240134,192.473000000,100,1410,1215,46,0
309,3.090240293,192.473000000,100,1410,1215,46,0
310,3.100240131,192.473000000,100,1410,1215,46,0
311,3.110240350,192.473000000,100,1410,1215,46,0
312,3.120239888,192.473000000,100,1410,1215,46,0
313,3.130244285,192.473000000,100,1410,1215,46,0
314,3.140240837,192.473000000,100,1410,1215,46,0
315,3.150239674,192.473000000,100,1410,1215,46,0
316,3.160243950,192.473000000,100,1410,1215,46,0
317,3.170226997,192.644000000,100,1410,1215,46,0
318,3.180220844,192.644000000,100,1410,1215,46,0
319,3.190245890,192.644000000,100,1410,1215,46,0
320,3.200240589,192.644000000,100,1410,1215,46,0
321,3.210244785,192.644000000,100,1410,1215,46,0
322,3.220240195,192.644000000,100,1410,1215,46,0
323,3.230239693,192.644000000,100,1410,1215,46,0
324,3.240240223,192.644000000,100,1410,1215,46,0
325,3.250240331,192.644000000,100,1410,1215,46,0
326,3.260239559,192.644000000,100,1410,1215,46,0
327,3.270241892,192.590000000,100,1410,1215,46,0
328,3.280240017,192.590000000,100,1410,1215,46,0
329,3.290241228,192.590000000,100,1410,1215,46,0
330,3.300239513,192.590000000,100,1410,1215,46,0
331,3.310241315,192.590000000,100,1410,1215,46,0
332,3.320227578,192.590000000,100,1410,1215,46,0
333,3.330241242,192.590000000,100,1410,1215,46,0
334,3.340243645,192.590000000,100,1410,1215,46,0
335,3.350240688,192.590000000,100,1410,1215,46,0
336,3.360240407,192.590000000,100,1410,1215,46,0
337,3.370240696,192.487000000,100,1410,1215,46,0
338,3.380240294,192.487000000,100,1410,1215,46,0
339,3.390239902,192.487000000,100,1410,1215,46,0
340,3.400240722,192.487000000,100,1410,1215,46,0
341,3.410240390,192.487000000,100,1410,1215,46,0
342,3.420240148,192.487000000,100,1410,1215,46,0
343,3.430240698,192.487000000,100,1410,1215,46,0
344,3.440241307,192.487000000,100,1410,1215,46,0
345,3.450238772,192.487000000,100,1410,1215,46,0
346,3.460239872,192.487000000,100,1410,1215,46,0
347,3.470239630,192.643000000,100,1410,1215,46,0
348,3.480239799,192.643000000,100,1410,1215,46,0
349,3.490239547,192.643000000,100,1410,1215,46,0
350,3.500240017,192.643000000,100,1410,1215,46,0
351,3.510239294,192.643000000,100,1410,1215,46,0
352,3.520239674,192.643000000,100,1410,1215,46,0
353,3.530239632,192.643000000,100,1410,1215,46,0
354,3.540241014,192.643000000,100,1410,1215,46,0
355,3.550239760,192.643000000,100,1410,1215,46,0
356,3.560239458,192.643000000,100,1410,1215,46,0
357,3.570240769,192.740000000,100,1410,1215,46,0
358,3.580239966,192.740000000,100,1410,1215,46,0
359,3.590241417,192.740000000,100,1410,1215,46,0
360,3.600240384,192.740000000,100,1410,1215,46,0
361,3.610239621,192.740000000,100,1410,1215,46,0
362,3.620238868,192.740000000,100,1410,1215,46,0
363,3.630243486,192.740000000,100,1410,1215,46,0
364,3.640239808,192.740000000,100,1410,1215,46,0
365,3.650240117,192.740000000,100,1410,1215,46,0
366,3.660240336,192.740000000,100,1410,1215,46,0
367,3.670240856,192.643000000,100,1410,1215,46,0
368,3.680240083,192.643000000,100,1410,1215,46,0
369,3.690240282,192.643000000,100,1410,1215,46,0
370,3.700240040,192.643000000,100,1410,1215,46,0
371,3.710245208,192.643000000,100,1410,1215,46,0
372,3.720240218,192.643000000,100,1410,1215,46,0
373,3.730243743,192.643000000,100,1410,1215,46,0
374,3.740240125,192.643000000,100,1410,1215,46,0
375,3.750240204,192.643000000,100,1410,1215,46,0
376,3.760239280,192.643000000,100,1410,1215,46,0
377,3.770240261,192.678000000,100,1410,1215,46,0
378,3.780239849,192.678000000,100,1410,1215,46,0
379,3.790240148,192.678000000,100,1410,1215,46,0
380,3.800239005,192.678000000,100,1410,1215,46,0
381,3.810239123,192.678000000,100,1410,1215,46,0
382,3.820239623,192.678000000,100,1410,1215,46,0
383,3.830240103,192.678000000,100,1410,1215,46,0
384,3.840239871,192.678000000,100,1410,1215,46,0
385,3.850240310,192.678000000,100,1410,1215,46,0
386,3.860239988,192.678000000,100,1410,1215,46,0
387,3.870245026,192.570000000,100,1410,1215,46,0
388,3.880240376,192.570000000,100,1410,1215,46,0
389,3.890239994,192.570000000,100,1410,1215,46,0
390,3.900240173,192.570000000,100,1410,1215,46,0
391,3.910240252,192.570000000,100,1410,1215,46,0
392,3.920222858,192.570000000,100,1410,1215,46,0
393,3.930239608,192.570000000,100,1410,1215,46,0
394,3.940240078,192.570000000,100,1410,1215,46,0
395,3.950241108,192.570000000,100,1410,1215,46,0
396,3.960240185,192.570000000,100,1410,1215,46,0
397,3.970240624,192.582000000,100,1410,1215,46,0
398,3.980240293,192.582000000,100,1410,1215,46,0
399,3.990239911,192.582000000,100,1410,1215,46,0
400,4.000239929,192.582000000,100,1410,1215,46,0
401,4.010239126,192.582000000,100,1410,1215,46,0
402,4.020239395,192.582000000,100,1410,1215,46,0
403,4.030239404,192.582000000,100,1410,1215,46,0
404,4.040239102,192.582000000,100,1410,1215,46,0
405,4.050239602,192.582000000,100,1410,1215,46,0
406,4.060239400,192.582000000,100,1410,1215,46,0
407,4.070241403,192.740000000,100,1410,1215,46,0
408,4.080240309,192.740000000,100,1410,1215,46,0
409,4.090244365,192.740000000,100,1410,1215,46,0
410,4.100239465,192.740000000,100,1410,1215,46,0
411,4.110239764,192.740000000,100,1410,1215,46,0
412,4.120239392,192.740000000,100,1410,1215,46,0
413,4.130244019,192.740000000,100,1410,1215,46,0
414,4.140239279,192.740000000,100,1410,1215,46,0
415,4.150240089,192.740000000,100,1410,1215,46,0
416,4.160239106,192.740000000,100,1410,1215,46,0
417,4.170228715,192.739000000,100,1410,1215,46,0
418,4.180220248,192.739000000,100,1410,1215,46,0
419,4.190244753,192.739000000,100,1410,1215,46,0
420,4.200240433,192.739000000,100,1410,1215,46,0
421,4.210244870,192.739000000,100,1410,1215,46,0
422,4.220240651,192.739000000,100,1410,1215,46,0
423,4.230239657,192.739000000,100,1410,1215,46,0
424,4.240240117,192.739000000,100,1410,1215,46,0
425,4.250239695,192.739000000,100,1410,1215,46,0
426,4.260239423,192.739000000,100,1410,1215,46,0
427,4.270240173,192.727000000,100,1410,1215,46,0
428,4.280238980,192.727000000,100,1410,1215,46,0
429,4.290240341,192.727000000,100,1410,1215,46,0
430,4.300239839,192.727000000,100,1410,1215,46,0
431,4.310240328,192.727000000,100,1410,1215,46,0
432,4.320224166,192.727000000,100,1410,1215,46,0
433,4.330240195,192.727000000,100,1410,1215,46,0
434,4.340243390,192.727000000,100,1410,1215,46,0
435,4.350241585,192.727000000,100,1410,1215,46,0
436,4.360240431,192.727000000,100,1410,1215,46,0
437,4.370241222,192.576000000,100,1410,1215,46,0
438,4.380239737,192.576000000,100,1410,1215,46,0
439,4.390240788,192.576000000,100,1410,1215,46,0
440,4.400239434,192.576000000,100,1410,1215,46,0
441,4.410240264,192.576000000,100,1410,1215,46,0
442,4.420238901,192.576000000,100,1410,1215,46,0
443,4.430241284,192.576000000,100,1410,1215,46,0
444,4.440240641,192.576000000,100,1410,1215,46,0
445,4.450240299,192.576000000,100,1410,1215,46,0
446,4.460239957,192.576000000,100,1410,1215,46,0
447,4.470241448,192.481000000,100,1410,1215,46,0
448,4.480240976,192.481000000,100,1410,1215,46,0
449,4.490239813,192.481000000,100,1410,1215,46,0
450,4.500239461,192.481000000,100,1410,1215,46,0
451,4.510240101,192.481000000,100,1410,1215,46,0
452,4.520239628,192.481000000,100,1410,1215,46,0
453,4.530239807,192.481000000,100,1410,1215,46,0
454,4.540241209,192.481000000,100,1410,1215,46,0
455,4.550240346,192.481000000,100,1410,1215,46,0
456,4.560239954,192.481000000,100,1410,1215,46,0
457,4.570240042,192.624000000,100,1410,1215,46,0
458,4.580239921,192.624000000,100,1410,1215,46,0
459,4.590240831,192.624000000,100,1410,1215,46,0
460,4.600240379,192.624000000,100,1410,1215,46,0
461,4.610239877,192.624000000,100,1410,1215,46,0
462,4.620240006,192.624000000,100,1410,1215,46,0
463,4.630239714,192.624000000,100,1410,1215,46,0
464,4.640240193,192.624000000,100,1410,1215,46,0
465,4.650244520,192.624000000,100,1410,1215,46,0
466,4.660239980,192.624000000,100,1410,1215,46,0
467,4.670239938,192.624000000,100,1410,1215,46,0
468,4.680240488,192.624000000,100,1410,1215,46,0
469,4.690390598,192.836000000,100,1410,1215,46,0
470,4.700240005,192.836000000,100,1410,1215,46,0
471,4.710239713,192.836000000,100,1410,1215,46,0
472,4.720240182,192.836000000,100,1410,1215,46,0
473,4.730240211,192.836000000,100,1410,1215,46,0
474,4.740244197,192.836000000,100,1410,1215,46,0
475,4.750240649,192.836000000,100,1410,1215,46,0
476,4.760240006,192.836000000,100,1410,1215,46,0
477,4.770241298,192.836000000,100,1410,1215,46,0
478,4.780244412,192.836000000,100,1410,1215,46,0
479,4.790239762,192.836000000,100,1410,1215,46,0
480,4.800239921,192.836000000,100,1410,1215,46,0
481,4.810240150,192.836000000,100,1410,1215,46,0
482,4.820244086,192.836000000,100,1410,1215,46,0
483,4.830240358,192.836000000,100,1410,1215,46,0
484,4.840244083,192.836000000,100,1410,1215,46,0
485,4.850240465,192.836000000,100,1410,1215,46,0
486,4.860240354,192.836000000,100,1410,1215,46,0
487,4.870240232,192.679000000,100,1410,1215,46,0
488,4.880240331,192.679000000,100,1410,1215,46,0
489,4.890244658,192.679000000,100,1410,1215,46,0
490,4.900240168,192.679000000,100,1410,1215,46,0
491,4.910239916,192.679000000,100,1410,1215,46,0
492,4.920223053,192.679000000,100,1410,1215,46,0
493,4.930240104,192.679000000,100,1410,1215,46,0
494,4.940239541,192.679000000,100,1410,1215,46,0
495,4.950239971,192.679000000,100,1410,1215,46,0
496,4.960239398,192.679000000,100,1410,1215,46,0
497,4.970240940,192.624000000,100,1410,1215,46,0
498,4.980239135,192.624000000,100,1410,1215,46,0
499,4.990239905,192.624000000,100,1410,1215,46,0
500,5.000240245,192.624000000,100,1410,1215,46,0
501,5.010240133,192.624000000,100,1410,1215,46,0
502,5.020240713,192.624000000,100,1410,1215,46,0
503,5.030244318,192.624000000,100,1410,1215,46,0
504,5.040239949,192.624000000,100,1410,1215,46,0
505,5.050240739,192.624000000,100,1410,1215,46,0
506,5.060239545,192.624000000,100,1410,1215,46,0
507,5.070241107,192.777000000,100,1410,1215,46,0
508,5.080239773,192.777000000,100,1410,1215,46,0
509,5.090240894,192.777000000,100,1410,1215,46,0
510,5.100239970,192.777000000,100,1410,1215,46,0
511,5.110240360,192.777000000,100,1410,1215,46,0
512,5.120239687,192.777000000,100,1410,1215,46,0
513,5.130240267,192.777000000,100,1410,1215,46,0
514,5.140239644,192.777000000,100,1410,1215,46,0
515,5.150239934,192.777000000,100,1410,1215,46,0
516,5.160238600,192.777000000,100,1410,1215,46,0
517,5.170227017,192.836000000,100,1410,1215,46,0
518,5.180219862,192.836000000,100,1410,1215,46,0
519,5.190245378,192.836000000,100,1410,1215,46,0
520,5.200240187,192.836000000,100,1410,1215,46,0
521,5.210243152,192.836000000,100,1410,1215,46,0
522,5.220240736,192.836000000,100,1410,1215,46,0
523,5.230240584,192.836000000,100,1410,1215,46,0
524,5.240239591,192.836000000,100,1410,1215,46,0
525,5.250240181,192.836000000,100,1410,1215,46,0
526,5.260239738,192.836000000,100,1410,1215,46,0
527,5.270240819,192.870000000,100,1410,1215,46,0
528,5.280240357,192.870000000,100,1410,1215,46,0
529,5.290240796,192.870000000,100,1410,1215,46,0
530,5.300240064,192.870000000,100,1410,1215,46,0
531,5.310241495,192.870000000,100,1410,1215,46,0
532,5.320250050,192.870000000,100,1410,1215,46,0
533,5.330241412,192.870000000,100,1410,1215,46,0
534,5.340242483,192.870000000,100,1410,1215,46,0
535,5.350240187,192.870000000,100,1410,1215,46,0
536,5.360240025,192.870000000,100,1410,1215,46,0
537,5.370240635,192.774000000,100,1410,1215,46,0
538,5.380240033,192.774000000,100,1410,1215,46,0
539,5.390240522,192.774000000,100,1410,1215,46,0
540,5.400239549,192.774000000,100,1410,1215,46,0
541,5.410240560,192.774000000,100,1410,1215,46,0
542,5.420239877,192.774000000,100,1410,1215,46,0
543,5.430239675,192.774000000,100,1410,1215,46,0
544,5.440239714,192.774000000,100,1410,1215,46,0
545,5.450240534,192.774000000,100,1410,1215,46,0
546,5.460239421,192.774000000,100,1410,1215,46,0
547,5.470240181,192.842000000,100,1410,1215,46,0
548,5.480240199,192.842000000,100,1410,1215,46,0
549,5.490240058,192.842000000,100,1410,1215,46,0
550,5.500239996,192.842000000,100,1410,1215,46,0
551,5.510239534,192.842000000,100,1410,1215,46,0
552,5.520239292,192.842000000,100,1410,1215,46,0
553,5.530239361,192.842000000,100,1410,1215,46,0
554,5.540245662,192.842000000,100,1410,1215,46,0
555,5.550240561,192.842000000,100,1410,1215,46,0
556,5.560240469,192.842000000,100,1410,1215,46,0
557,5.570241390,192.932000000,100,1410,1215,46,0
558,5.580240126,192.932000000,100,1410,1215,46,0
559,5.590240465,192.932000000,100,1410,1215,46,0
560,5.600240143,192.932000000,100,1410,1215,46,0
561,5.610240743,192.932000000,100,1410,1215,46,0
562,5.620239990,192.932000000,100,1410,1215,46,0
563,5.630240640,192.932000000,100,1410,1215,46,0
564,5.640240819,192.932000000,100,1410,1215,46,0
565,5.650240507,192.932000000,100,1410,1215,46,0
566,5.660241718,192.932000000,100,1410,1215,46,0
567,5.670241056,192.774000000,100,1410,1215,46,0
568,5.680239050,192.774000000,100,1410,1215,46,0
569,5.690240191,192.774000000,100,1410,1215,46,0
570,5.700239799,192.774000000,100,1410,1215,46,0
571,5.710240259,192.774000000,100,1410,1215,46,0
572,5.720239235,192.774000000,100,1410,1215,46,0
573,5.730242029,192.774000000,100,1410,1215,46,0
574,5.740240485,192.774000000,100,1410,1215,46,0
575,5.750239472,192.774000000,100,1410,1215,46,0
576,5.760239701,192.774000000,100,1410,1215,46,0
577,5.770240882,192.836000000,100,1410,1215,46,0
578,5.780239227,192.836000000,100,1410,1215,46,0
579,5.790240588,192.836000000,100,1410,1215,46,0
580,5.800240056,192.836000000,100,1410,1215,46,0
581,5.810241257,192.836000000,100,1410,1215,46,0
582,5.820240424,192.836000000,100,1410,1215,46,0
583,5.830239912,192.836000000,100,1410,1215,46,0
584,5.840240481,192.836000000,100,1410,1215,46,0
585,5.850241262,192.836000000,100,1410,1215,46,0
586,5.860240128,192.836000000,100,1410,1215,46,0
587,5.870241158,192.933000000,100,1410,1215,46,0
588,5.880244263,192.933000000,100,1410,1215,46,0
589,5.890240535,192.933000000,100,1410,1215,46,0
590,5.900239451,192.933000000,100,1410,1215,46,0
591,5.910239290,192.933000000,100,1410,1215,46,0
592,5.920241002,192.933000000,100,1410,1215,46,0
593,5.930242102,192.933000000,100,1410,1215,46,0
594,5.940240177,192.933000000,100,1410,1215,46,0
595,5.950239865,192.933000000,100,1410,1215,46,0
596,5.960239383,192.933000000,100,1410,1215,46,0
597,5.970241035,192.871000000,100,1410,1215,46,0
598,5.980239430,192.871000000,100,1410,1215,46,0
599,5.990240020,192.871000000,100,1410,1215,46,0
600,6.000239849,192.871000000,100,1410,1215,46,0
601,6.010239907,192.871000000,100,1410,1215,46,0
602,6.020239535,192.871000000,100,1410,1215,46,0
603,6.030239794,192.871000000,100,1410,1215,46,0
604,6.040239693,192.871000000,100,1410,1215,46,0
605,6.050240213,192.871000000,100,1410,1215,46,0
606,6.060240802,192.871000000,100,1410,1215,46,0
607,6.070247043,192.859000000,100,1410,1215,46,0
608,6.080241140,192.859000000,100,1410,1215,46,0
609,6.090241029,192.859000000,100,1410,1215,46,0
610,6.100240035,192.859000000,100,1410,1215,46,0
611,6.110240705,192.859000000,100,1410,1215,46,0
612,6.120239361,192.859000000,100,1410,1215,46,0
613,6.130240151,192.859000000,100,1410,1215,46,0
614,6.140240050,192.859000000,100,1410,1215,46,0
615,6.150241231,192.859000000,100,1410,1215,46,0
616,6.160239707,192.859000000,100,1410,1215,46,0
617,6.170243903,192.721000000,100,1410,1215,46,0
618,6.180239403,192.721000000,100,1410,1215,46,0
619,6.190242919,192.721000000,100,1410,1215,46,0
620,6.200239681,192.721000000,100,1410,1215,46,0
621,6.210242776,192.721000000,100,1410,1215,46,0
622,6.220240270,192.721000000,100,1410,1215,46,0
623,6.230239837,192.721000000,100,1410,1215,46,0
624,6.240240457,192.721000000,100,1410,1215,46,0
625,6.250239855,192.721000000,100,1410,1215,46,0
626,6.260239162,192.721000000,100,1410,1215,46,0
627,6.270239662,192.535000000,100,1410,1215,46,0
628,6.280239760,192.535000000,100,1410,1215,46,0
629,6.290239549,192.535000000,100,1410,1215,46,0
630,6.300239688,192.535000000,100,1410,1215,46,0
631,6.310239676,192.535000000,100,1410,1215,46,0
632,6.320222623,192.535000000,100,1410,1215,46,0
633,6.330240405,192.535000000,100,1410,1215,46,0
634,6.340241967,192.535000000,100,1410,1215,46,0
635,6.350240192,192.535000000,100,1410,1215,46,0
636,6.360239750,192.535000000,100,1410,1215,46,0
637,6.370241141,192.933000000,100,1410,1215,46,0
638,6.380239667,192.933000000,100,1410,1215,46,0
639,6.390239034,192.933000000,100,1410,1215,46,0
640,6.400240325,192.933000000,100,1410,1215,46,0
641,6.410239963,192.933000000,100,1410,1215,46,0
642,6.420240142,192.933000000,100,1410,1215,46,0
643,6.430239310,192.933000000,100,1410,1215,46,0
644,6.440239468,192.933000000,100,1410,1215,46,0
645,6.450240138,192.933000000,100,1410,1215,46,0
646,6.460239576,192.933000000,100,1410,1215,46,0
647,6.470240196,193.214000000,100,1410,1215,46,0
648,6.480239763,193.214000000,100,1410,1215,46,0
649,6.490240193,193.214000000,100,1410,1215,46,0
650,6.500239801,193.214000000,100,1410,1215,46,0
651,6.510239689,193.214000000,100,1410,1215,46,0
652,6.520239277,193.214000000,100,1410,1215,46,0
653,6.530239957,193.214000000,100,1410,1215,46,0
654,6.540240717,193.214000000,100,1410,1215,46,0
655,6.550240345,193.214000000,100,1410,1215,46,0
656,6.560239953,193.214000000,100,1410,1215,46,0
657,6.570240984,192.775000000,100,1410,1215,46,0
658,6.580239590,192.775000000,100,1410,1215,46,0
659,6.590240470,192.775000000,100,1410,1215,46,0
660,6.600238936,192.775000000,100,1410,1215,46,0
661,6.610240006,192.775000000,100,1410,1215,46,0
662,6.620240396,192.775000000,100,1410,1215,46,0
663,6.630239803,192.775000000,100,1410,1215,46,0
664,6.640239782,192.775000000,100,1410,1215,46,0
665,6.650240792,192.775000000,100,1410,1215,46,0
666,6.660240671,192.775000000,100,1410,1215,46,0
667,6.670241431,192.624000000,100,1410,1215,46,0
668,6.680240338,192.624000000,100,1410,1215,46,0
669,6.690240957,192.624000000,100,1410,1215,46,0
670,6.700240175,192.624000000,100,1410,1215,46,0
671,6.710244151,192.624000000,100,1410,1215,46,0
672,6.720240523,192.624000000,100,1410,1215,46,0
673,6.730240040,192.624000000,100,1410,1215,46,0
674,6.740240490,192.624000000,100,1410,1215,46,0
675,6.750240969,192.624000000,100,1410,1215,46,0
676,6.760240717,192.624000000,100,1410,1215,46,0
677,6.770240776,192.836000000,100,1410,1215,47,0
678,6.780240184,192.836000000,100,1410,1215,47,0
679,6.790240653,192.836000000,100,1410,1215,47,0
680,6.800240371,192.836000000,100,1410,1215,47,0
681,6.810239969,192.836000000,100,1410,1215,47,0
682,6.820240719,192.836000000,100,1410,1215,47,0
683,6.830240427,192.836000000,100,1410,1215,47,0
684,6.840240577,192.836000000,100,1410,1215,47,0
685,6.850242038,192.836000000,100,1410,1215,47,0
686,6.860240223,192.836000000,100,1410,1215,47,0
687,6.870240302,193.221000000,100,1410,1215,47,0
688,6.880239409,193.221000000,100,1410,1215,47,0
689,6.890239728,193.221000000,100,1410,1215,47,0
690,6.900240007,193.221000000,100,1410,1215,47,0
691,6.910240056,193.221000000,100,1410,1215,47,0
692,6.920240255,193.221000000,100,1410,1215,47,0
693,6.930241887,193.221000000,100,1410,1215,47,0
694,6.940240002,193.221000000,100,1410,1215,47,0
695,6.950240512,193.221000000,100,1410,1215,47,0
696,6.960240099,193.221000000,100,1410,1215,47,0
697,6.970239998,193.125000000,100,1410,1215,47,0
698,6.980240237,193.125000000,100,1410,1215,47,0
699,6.990239875,193.125000000,100,1410,1215,47,0
700,7.000239914,193.125000000,100,1410,1215,47,0
701,7.010239021,193.125000000,100,1410,1215,47,0
702,7.020239580,193.125000000,100,1410,1215,47,0
703,7.030239399,193.125000000,100,1410,1215,47,0
704,7.040239698,193.125000000,100,1410,1215,47,0
705,7.050240147,193.125000000,100,1410,1215,47,0
706,7.060243512,193.125000000,100,1410,1215,47,0
707,7.070241177,192.768000000,100,1410,1215,47,0
708,7.080240003,192.768000000,100,1410,1215,47,0
709,7.090239090,192.768000000,100,1410,1215,47,0
710,7.100244068,192.768000000,100,1410,1215,47,0
711,7.110240229,192.768000000,100,1410,1215,47,0
712,7.120240158,192.768000000,100,1410,1215,47,0
713,7.130239686,192.768000000,100,1410,1215,47,0
714,7.140244072,192.768000000,100,1410,1215,47,0
715,7.150240865,192.768000000,100,1410,1215,47,0
716,7.160239722,192.768000000,100,1410,1215,47,0
717,7.170244269,192.931000000,100,1410,1215,47,0
718,7.180240049,192.931000000,100,1410,1215,47,0
719,7.190243264,192.931000000,100,1410,1215,47,0
720,7.200240818,192.931000000,100,1410,1215,47,0
721,7.210243171,192.931000000,100,1410,1215,47,0
722,7.220240745,192.931000000,100,1410,1215,47,0
723,7.230239993,192.931000000,100,1410,1215,47,0
724,7.240239791,192.931000000,100,1410,1215,47,0
725,7.250239980,192.931000000,100,1410,1215,47,0
726,7.260239878,192.931000000,100,1410,1215,47,0
727,7.270240478,193.064000000,100,1410,1215,47,0
728,7.280239816,193.064000000,100,1410,1215,47,0
729,7.290239043,193.064000000,100,1410,1215,47,0
730,7.300240234,193.064000000,100,1410,1215,47,0
731,7.310239481,193.064000000,100,1410,1215,47,0
732,7.320331963,193.064000000,100,1410,1215,47,0
733,7.330240500,193.064000000,100,1410,1215,47,0
734,7.340247492,193.064000000,100,1410,1215,47,0
735,7.350240888,193.064000000,100,1410,1215,47,0
736,7.360240256,193.064000000,100,1410,1215,47,0
737,7.370240845,193.029000000,100,1410,1215,47,0
738,7.380240082,193.029000000,100,1410,1215,47,0
739,7.390239620,193.029000000,100,1410,1215,47,0
740,7.400240461,193.029000000,100,1410,1215,47,0
741,7.410239537,193.029000000,100,1410,1215,47,0
742,7.420239536,193.029000000,100,1410,1215,47,0
743,7.430239845,193.029000000,100,1410,1215,47,0
744,7.440239704,193.029000000,100,1410,1215,47,0
745,7.450240284,193.029000000,100,1410,1215,47,0
746,7.460240062,193.029000000,100,1410,1215,47,0
747,7.470241082,192.955000000,100,1410,1215,47,0
748,7.480241141,192.955000000,100,1410,1215,47,0
749,7.490240438,192.955000000,100,1410,1215,47,0
750,7.500239315,192.955000000,100,1410,1215,47,0
751,7.510239865,192.955000000,100,1410,1215,47,0
752,7.520239482,192.955000000,100,1410,1215,47,0
753,7.530239672,192.955000000,100,1410,1215,47,0
754,7.540240141,192.955000000,100,1410,1215,47,0
755,7.550241252,192.955000000,100,1410,1215,47,0
756,7.560240329,192.955000000,100,1410,1215,47,0
757,7.570242071,192.870000000,100,1410,1215,47,0
758,7.580239755,192.870000000,100,1410,1215,47,0
759,7.590240215,192.870000000,100,1410,1215,47,0
760,7.600240073,192.870000000,100,1410,1215,47,0
761,7.610239590,192.870000000,100,1410,1215,47,0
762,7.620241623,192.870000000,100,1410,1215,47,0
763,7.630239959,192.870000000,100,1410,1215,47,0
764,7.640240087,192.870000000,100,1410,1215,47,0
765,7.650240707,192.870000000,100,1410,1215,47,0
766,7.660240455,192.870000000,100,1410,1215,47,0
767,7.670241847,193.126000000,100,1410,1215,47,0
768,7.680239932,193.126000000,100,1410,1215,47,0
769,7.690240702,193.126000000,100,1410,1215,47,0
770,7.700244718,193.126000000,100,1410,1215,47,0
771,7.710240148,193.126000000,100,1410,1215,47,0
772,7.720239666,193.126000000,100,1410,1215,47,0
773,7.730240245,193.126000000,100,1410,1215,47,0
774,7.740244602,193.126000000,100,1410,1215,47,0
775,7.750240583,193.126000000,100,1410,1215,47,0
776,7.760240191,193.126000000,100,1410,1215,47,0
777,7.770241262,192.721000000,100,1410,1215,47,0
778,7.780240650,192.721000000,100,1410,1215,47,0
779,7.790240378,192.721000000,100,1410,1215,47,0
780,7.800239926,192.721000000,100,1410,1215,47,0
781,7.810240535,192.721000000,100,1410,1215,47,0
782,7.820240564,192.721000000,100,1410,1215,47,0
783,7.830239891,192.721000000,100,1410,1215,47,0
784,7.840243767,192.721000000,100,1410,1215,47,0
785,7.850240861,192.721000000,100,1410,1215,47,0
786,7.860240258,192.721000000,100,1410,1215,47,0
787,7.870241028,193.070000000,100,1410,1215,47,0
788,7.880243742,193.070000000,100,1410,1215,47,0
789,7.890240835,193.070000000,100,1410,1215,47,0
790,7.900239912,193.070000000,100,1410,1215,47,0
791,7.910239510,193.070000000,100,1410,1215,47,0
792,7.920239979,193.070000000,100,1410,1215,47,0
793,7.930225200,193.070000000,100,1410,1215,47,0
794,7.940223145,193.070000000,100,1410,1215,47,0
795,7.950239685,193.070000000,100,1410,1215,47,0
796,7.960239243,193.070000000,100,1410,1215,47,0
797,7.970240664,192.872000000,100,1410,1215,47,0
798,7.980238719,192.872000000,100,1410,1215,47,0
799,7.990239930,192.872000000,100,1410,1215,47,0
800,8.000240389,192.872000000,100,1410,1215,47,0
801,8.010239707,192.872000000,100,1410,1215,47,0
802,8.020240086,192.872000000,100,1410,1215,47,0
803,8.030239383,192.872000000,100,1410,1215,47,0
804,8.040240003,192.872000000,100,1410,1215,47,0
805,8.050240413,192.872000000,100,1410,1215,47,0
806,8.060240131,192.872000000,100,1410,1215,47,0
807,8.070241592,193.161000000,100,1410,1215,47,0
808,8.080239727,193.161000000,100,1410,1215,47,0
809,8.090240588,193.161000000,100,1410,1215,47,0
810,8.100240326,193.161000000,100,1410,1215,47,0
811,8.110239172,193.161000000,100,1410,1215,47,0
812,8.120240012,193.161000000,100,1410,1215,47,0
813,8.130239620,193.161000000,100,1410,1215,47,0
814,8.140240030,193.161000000,100,1410,1215,47,0
815,8.150239918,193.161000000,100,1410,1215,47,0
816,8.160239566,193.161000000,100,1410,1215,47,0
817,8.170243783,193.125000000,100,1410,1215,47,0
818,8.180239634,193.125000000,100,1410,1215,47,0
819,8.190243680,193.125000000,100,1410,1215,47,0
820,8.200240122,193.125000000,100,1410,1215,47,0
821,8.210241623,193.125000000,100,1410,1215,47,0
822,8.220240820,193.125000000,100,1410,1215,47,0
823,8.230239697,193.125000000,100,1410,1215,47,0
824,8.240238754,193.125000000,100,1410,1215,47,0
825,8.250244533,193.125000000,100,1410,1215,47,0
826,8.260240024,193.125000000,100,1410,1215,47,0
827,8.270240573,193.160000000,100,1410,1215,47,0
828,8.280239600,193.160000000,100,1410,1215,47,0
829,8.290240050,193.160000000,100,1410,1215,47,0
830,8.300239627,193.160000000,100,1410,1215,47,0
831,8.310239436,193.160000000,100,1410,1215,47,0
832,8.320240947,193.160000000,100,1410,1215,47,0
833,8.330240275,193.160000000,100,1410,1215,47,0
834,8.340241936,193.160000000,100,1410,1215,47,0
835,8.350240322,193.160000000,100,1410,1215,47,0
836,8.360239379,193.160000000,100,1410,1215,47,0
837,8.370240229,192.974000000,100,1410,1215,47,0
838,8.380239426,192.974000000,100,1410,1215,47,0
839,8.390240316,192.974000000,100,1410,1215,47,0
840,8.400239935,192.974000000,100,1410,1215,47,0
841,8.410239623,192.974000000,100,1410,1215,47,0
842,8.420239481,192.974000000,100,1410,1215,47,0
843,8.430239660,192.974000000,100,1410,1215,47,0
844,8.440240029,192.974000000,100,1410,1215,47,0
845,8.450240419,192.974000000,100,1410,1215,47,0
846,8.460239205,192.974000000,100,1410,1215,47,0
847,8.470240185,193.124000000,100,1410,1215,47,0
848,8.480239413,193.124000000,100,1410,1215,47,0
849,8.490239542,193.124000000,100,1410,1215,47,0
850,8.500239670,193.124000000,100,1410,1215,47,0
851,8.510239929,193.124000000,100,1410,1215,47,0
852,8.520238756,193.124000000,100,1410,1215,47,0
853,8.530239867,193.124000000,100,1410,1215,47,0
854,8.540239956,193.124000000,100,1410,1215,47,0
855,8.550239814,193.124000000,100,1410,1215,47,0
856,8.560240073,193.124000000,100,1410,1215,47,0
857,8.570241014,193.257000000,100,1410,1215,47,0
858,8.580239610,193.257000000,100,1410,1215,47,0
859,8.590239929,193.257000000,100,1410,1215,47,0
860,8.600240949,193.257000000,100,1410,1215,47,0
861,8.610240547,193.257000000,100,1410,1215,47,0
862,8.620244694,193.257000000,100,1410,1215,47,0
863,8.630240284,193.257000000,100,1410,1215,47,0
864,8.640240473,193.257000000,100,1410,1215,47,0
865,8.650240732,193.257000000,100,1410,1215,47,0
866,8.660243987,193.257000000,100,1410,1215,47,0
867,8.670241060,193.126000000,100,1410,1215,47,0
868,8.680241710,193.126000000,100,1410,1215,47,0
869,8.690240957,193.126000000,100,1410,1215,47,0
870,8.700239904,193.126000000,100,1410,1215,47,0
871,8.710240634,193.126000000,100,1410,1215,47,0
872,8.720239611,193.126000000,100,1410,1215,47,0
873,8.730239679,193.126000000,100,1410,1215,47,0
874,8.740239638,193.126000000,100,1410,1215,47,0
875,8.750240248,193.126000000,100,1410,1215,47,0
876,8.760240387,193.126000000,100,1410,1215,47,0
877,8.770241958,193.160000000,100,1410,1215,47,0
878,8.780240364,193.160000000,100,1410,1215,47,0
879,8.790239791,193.160000000,100,1410,1215,47,0
880,8.800239830,193.160000000,100,1410,1215,47,0
881,8.810239839,193.160000000,100,1410,1215,47,0
882,8.820240529,193.160000000,100,1410,1215,47,0
883,8.830240467,193.160000000,100,1410,1215,47,0
884,8.840240135,193.160000000,100,1410,1215,47,0
885,8.850239853,193.160000000,100,1410,1215,47,0
886,8.860239522,193.160000000,100,1410,1215,47,0
887,8.870240422,193.256000000,100,1410,1215,47,0
888,8.880239519,193.256000000,100,1410,1215,47,0
889,8.890239157,193.256000000,100,1410,1215,47,0
890,8.900239837,193.256000000,100,1410,1215,47,0
891,8.910239885,193.256000000,100,1410,1215,47,0
892,8.920240656,193.256000000,100,1410,1215,47,0
893,8.930240314,193.256000000,100,1410,1215,47,0
894,8.940240222,193.256000000,100,1410,1215,47,0
895,8.950241012,193.256000000,100,1410,1215,47,0
896,8.960239438,193.256000000,100,1410,1215,47,0
897,8.970241260,193.010000000,100,1410,1215,47,0
898,8.980240016,193.010000000,100,1410,1215,47,0
899,8.990240556,193.010000000,100,1410,1215,47,0
900,9.000239813,193.010000000,100,1410,1215,47,0
901,9.010239471,193.010000000,100,1410,1215,47,0
902,9.020239700,193.010000000,100,1410,1215,47,0
903,9.030240631,193.010000000,100,1410,1215,47,0
904,9.040239577,193.010000000,100,1410,1215,47,0
905,9.050240287,193.010000000,100,1410,1215,47,0
906,9.060239034,193.010000000,100,1410,1215,47,0
907,9.070241016,193.011000000,100,1410,1215,47,0
908,9.080240113,193.011000000,100,1410,1215,47,0
909,9.090239951,193.011000000,100,1410,1215,47,0
910,9.100240661,193.011000000,100,1410,1215,47,0
911,9.110244557,193.011000000,100,1410,1215,47,0
912,9.120239947,193.011000000,100,1410,1215,47,0
913,9.130239956,193.011000000,100,1410,1215,47,0
914,9.140239854,193.011000000,100,1410,1215,47,0
915,9.150240354,193.011000000,100,1410,1215,47,0
916,9.160240533,193.011000000,100,1410,1215,47,0
917,9.170243317,193.125000000,100,1410,1215,47,0
918,9.180240260,193.125000000,100,1410,1215,47,0
919,9.190241982,193.125000000,100,1410,1215,47,0
920,9.200240898,193.125000000,100,1410,1215,47,0
921,9.210241658,193.125000000,100,1410,1215,47,0
922,9.220240204,193.125000000,100,1410,1215,47,0
923,9.230240333,193.125000000,100,1410,1215,47,0
924,9.240240993,193.125000000,100,1410,1215,47,0
925,9.250239849,193.125000000,100,1410,1215,47,0
926,9.260239277,193.125000000,100,1410,1215,47,0
927,9.270240738,193.221000000,100,1410,1215,47,0
928,9.280240106,193.221000000,100,1410,1215,47,0
929,9.290239954,193.221000000,100,1410,1215,47,0
930,9.300239662,193.221000000,100,1410,1215,47,0
931,9.310239841,193.221000000,100,1410,1215,47,0
932,9.320223499,193.221000000,100,1410,1215,47,0
933,9.330240149,193.221000000,100,1410,1215,47,0
934,9.340242212,193.221000000,100,1410,1215,47,0
935,9.350241579,193.221000000,100,1410,1215,47,0
936,9.360239434,193.221000000,100,1410,1215,47,0
937,9.370240885,193.063000000,100,1410,1215,47,0
938,9.380239481,193.063000000,100,1410,1215,47,0
939,9.390240271,193.063000000,100,1410,1215,47,0
940,9.400239969,193.063000000,100,1410,1215,47,0
941,9.410239688,193.063000000,100,1410,1215,47,0
942,9.420239857,193.063000000,100,1410,1215,47,0
943,9.430240366,193.063000000,100,1410,1215,47,0
944,9.440239633,193.063000000,100,1410,1215,47,0
945,9.450239792,193.063000000,100,1410,1215,47,0
946,9.460239430,193.063000000,100,1410,1215,47,0
947,9.470239850,193.125000000,100,1410,1215,47,0
948,9.480239478,193.125000000,100,1410,1215,47,0
949,9.490239767,193.125000000,100,1410,1215,47,0
950,9.500239746,193.125000000,100,1410,1215,47,0
951,9.510239794,193.125000000,100,1410,1215,47,0
952,9.520239793,193.125000000,100,1410,1215,47,0
953,9.530240262,193.125000000,100,1410,1215,47,0
954,9.540240491,193.125000000,100,1410,1215,47,0
955,9.550239999,193.125000000,100,1410,1215,47,0
956,9.560239858,193.125000000,100,1410,1215,47,0
957,9.570241359,193.257000000,100,1410,1215,47,0
958,9.580239254,193.257000000,100,1410,1215,47,0
959,9.590240535,193.257000000,100,1410,1215,47,0
960,9.600240453,193.257000000,100,1410,1215,47,0
961,9.610240432,193.257000000,100,1410,1215,47,0
962,9.620239188,193.257000000,100,1410,1215,47,0
963,9.630240299,193.257000000,100,1410,1215,47,0
964,9.640244125,193.257000000,100,1410,1215,47,0
965,9.650240487,193.257000000,100,1410,1215,47,0
966,9.660240245,193.257000000,100,1410,1215,47,0
967,9.670241055,193.317000000,100,1410,1215,47,0
968,9.680243638,193.317000000,100,1410,1215,47,0
969,9.690240702,193.317000000,100,1410,1215,47,0
970,9.700244447,193.317000000,100,1410,1215,47,0
971,9.710239907,193.317000000,100,1410,1215,47,0
972,9.720240066,193.317000000,100,1410,1215,47,0
973,9.730244243,193.317000000,100,1410,1215,47,0
974,9.740240084,193.317000000,100,1410,1215,47,0
975,9.750240704,193.317000000,100,1410,1215,47,0
976,9.760239560,193.317000000,100,1410,1215,47,0
977,9.770246572,193.214000000,100,1410,1215,47,0
978,9.780240649,193.214000000,100,1410,1215,47,0
979,9.790241029,193.214000000,100,1410,1215,47,0
980,9.800240256,193.214000000,100,1410,1215,47,0
981,9.810240245,193.214000000,100,1410,1215,47,0
982,9.820240444,193.214000000,100,1410,1215,47,0
983,9.830239781,193.214000000,100,1410,1215,47,0
984,9.840244188,193.214000000,100,1410,1215,47,0
985,9.850240460,193.214000000,100,1410,1215,47,0
986,9.860240448,193.214000000,100,1410,1215,47,0
987,9.870240707,193.256000000,100,1410,1215,47,0
988,9.880238392,193.256000000,100,1410,1215,47,0
989,9.890239132,193.256000000,100,1410,1215,47,0
990,9.900240002,193.256000000,100,1410,1215,47,0
991,9.910239810,193.256000000,100,1410,1215,47,0
992,9.920240059,193.256000000,100,1410,1215,47,0
993,9.930245188,193.256000000,100,1410,1215,47,0
994,9.940239966,193.256000000,100,1410,1215,47,0
995,9.950240366,193.256000000,100,1410,1215,47,0
996,9.960239733,193.256000000,100,1410,1215,47,0
997,9.970241135,193.011000000,100,1410,1215,47,0
998,9.980240602,193.011000000,100,1410,1215,47,0
999,9.990239689,193.011000000,100,1410,1215,47,0
1000,10.000239838,193.011000000,100,1410,1215,47,0
1001,10.010238685,193.011000000,100,1410,1215,47,0
1002,10.020239886,193.011000000,100,1410,1215,47,0
1003,10.030239754,193.011000000,100,1410,1215,47,0
1004,10.040239352,193.011000000,100,1410,1215,47,0
1005,10.050239731,193.011000000,100,1410,1215,47,0
1006,10.060239539,193.011000000,100,1410,1215,47,0
1007,10.070240811,192.914000000,100,1410,1215,47,0
1008,10.080239256,192.914000000,100,1410,1215,47,0
1009,10.090240187,192.914000000,100,1410,1215,47,0
1010,10.100240516,192.914000000,100,1410,1215,47,0
1011,10.110245023,192.914000000,100,1410,1215,47,0
1012,10.120240032,192.914000000,100,1410,1215,47,0
1013,10.130239260,192.914000000,100,1410,1215,47,0
1014,10.140239919,192.914000000,100,1410,1215,47,0
1015,10.150240740,192.914000000,100,1410,1215,47,0
1016,10.160239215,192.914000000,100,1410,1215,47,0
1017,10.170242961,193.413000000,100,1410,1215,47,0
1018,10.180240054,193.413000000,100,1410,1215,47,0
1019,10.190242227,193.413000000,100,1410,1215,47,0
1020,10.200241104,193.413000000,100,1410,1215,47,0
1021,10.210242014,193.413000000,100,1410,1215,47,0
1022,10.220240279,193.413000000,100,1410,1215,47,0
1023,10.230239847,193.413000000,100,1410,1215,47,0
1024,10.240239646,193.413000000,100,1410,1215,47,0
1025,10.250240476,193.413000000,100,1410,1215,47,0
1026,10.260239522,193.413000000,100,1410,1215,47,0
1027,10.270240984,193.353000000,100,1410,1215,47,0
1028,10.280239680,193.353000000,100,1410,1215,47,0
1029,10.290238947,193.353000000,100,1410,1215,47,0
1030,10.300239988,193.353000000,100,1410,1215,47,0
1031,10.310240417,193.353000000,100,1410,1215,47,0
1032,10.320242861,193.353000000,100,1410,1215,47,0
1033,10.330239924,193.353000000,100,1410,1215,47,0
1034,10.340241545,193.353000000,100,1410,1215,47,0
1035,10.350240392,193.353000000,100,1410,1215,47,0
1036,10.360244027,193.353000000,100,1410,1215,47,0
1037,10.370240700,193.010000000,100,1410,1215,47,0
1038,10.380239566,193.010000000,100,1410,1215,47,0
1039,10.390240657,193.010000000,100,1410,1215,47,0
1040,10.400239694,193.010000000,100,1410,1215,47,0
1041,10.410239342,193.010000000,100,1410,1215,47,0
1042,10.420238830,193.010000000,100,1410,1215,47,0
1043,10.430239089,193.010000000,100,1410,1215,47,0
1044,10.440239448,193.010000000,100,1410,1215,47,0
1045,10.450239567,193.010000000,100,1410,1215,47,0
1046,10.460239856,193.010000000,100,1410,1215,47,0
1047,10.470240195,193.264000000,100,1410,1215,47,0
1048,10.480239853,193.264000000,100,1410,1215,47,0
1049,10.490240102,193.264000000,100,1410,1215,47,0
1050,10.500240011,193.264000000,100,1410,1215,47,0
1051,10.510239749,193.264000000,100,1410,1215,47,0
1052,10.520240209,193.264000000,100,1410,1215,47,0
1053,10.530239145,193.264000000,100,1410,1215,47,0
1054,10.540240176,193.264000000,100,1410,1215,47,0
1055,10.550239643,193.264000000,100,1410,1215,47,0
1056,10.560239953,193.264000000,100,1410,1215,47,0
1057,10.570240743,193.257000000,100,1410,1215,47,0
1058,10.580239619,193.257000000,100,1410,1215,47,0
1059,10.590240420,193.257000000,100,1410,1215,47,0
1060,10.600241350,193.257000000,100,1410,1215,47,0
1061,10.610240096,193.257000000,100,1410,1215,47,0
1062,10.620239404,193.257000000,100,1410,1215,47,0
1063,10.630244492,193.257000000,100,1410,1215,47,0
1064,10.640239992,193.257000000,100,1410,1215,47,0
1065,10.650245451,193.257000000,100,1410,1215,47,0
1066,10.660240019,193.257000000,100,1410,1215,47,0
1067,10.670242423,193.413000000,100,1410,1215,47,0
1068,10.680239776,193.413000000,100,1410,1215,47,0
1069,10.690244393,193.413000000,100,1410,1215,47,0
1070,10.700240034,193.413000000,100,1410,1215,47,0
1071,10.710239832,193.413000000,100,1410,1215,47,0
1072,10.720243578,193.413000000,100,1410,1215,47,0
1073,10.730240070,193.413000000,100,1410,1215,47,0
1074,10.740239848,193.413000000,100,1410,1215,47,0
1075,10.750240238,193.413000000,100,1410,1215,47,0
1076,10.760240266,193.413000000,100,1410,1215,47,0
1077,10.770246457,193.413000000,100,1410,1215,47,0
1078,10.780239833,193.413000000,100,1410,1215,47,0
1079,10.790244881,193.413000000,100,1410,1215,47,0
1080,10.800240101,193.413000000,100,1410,1215,47,0
1081,10.810244267,193.413000000,100,1410,1215,47,0
1082,10.820239767,193.413000000,100,1410,1215,47,0
1083,10.830240487,193.413000000,100,1410,1215,47,0
1084,10.840239965,193.413000000,100,1410,1215,47,0
1085,10.850242569,193.413000000,100,1410,1215,47,0
1086,10.860240493,193.413000000,100,1410,1215,47,0
1087,10.870241203,193.360000000,100,1410,1215,47,0
1088,10.880239990,193.360000000,100,1410,1215,47,0
1089,10.890240098,193.360000000,100,1410,1215,47,0
1090,10.900239616,193.360000000,100,1410,1215,47,0
1091,10.910239775,193.360000000,100,1410,1215,47,0
1092,10.920238752,193.360000000,100,1410,1215,47,0
1093,10.930240654,193.360000000,100,1410,1215,47,0
1094,10.940240553,193.360000000,100,1410,1215,47,0
1095,10.950240211,193.360000000,100,1410,1215,47,0
1096,10.960240830,193.360000000,100,1410,1215,47,0
1097,10.970241430,193.292000000,100,1410,1215,47,0
1098,10.980240056,193.292000000,100,1410,1215,47,0
1099,10.990240055,193.292000000,100,1410,1215,47,0
1100,11.000239783,193.292000000,100,1410,1215,47,0
1101,11.010239441,193.292000000,100,1410,1215,47,0
1102,11.020239089,193.292000000,100,1410,1215,47,0
1103,11.030239659,193.292000000,100,1410,1215,47,0
1104,11.040239487,193.292000000,100,1410,1215,47,0
1105,11.050239376,193.292000000,100,1410,1215,47,0
1106,11.060238833,193.292000000,100,1410,1215,47,0
1107,11.070241687,193.550000000,100,1410,1215,47,0
1108,11.080240413,193.550000000,100,1410,1215,47,0
1109,11.090239340,193.550000000,100,1410,1215,47,0
1110,11.100239259,193.550000000,100,1410,1215,47,0
1111,11.110239678,193.550000000,100,1410,1215,47,0
1112,11.120240428,193.550000000,100,1410,1215,47,0
1113,11.130239325,193.550000000,100,1410,1215,47,0
1114,11.140239664,193.550000000,100,1410,1215,47,0
1115,11.150240113,193.550000000,100,1410,1215,47,0
1116,11.160239932,193.550000000,100,1410,1215,47,0
1117,11.170243617,193.521000000,100,1410,1215,47,0
1118,11.180240600,193.521000000,100,1410,1215,47,0
1119,11.190242993,193.521000000,100,1410,1215,47,0
1120,11.200240467,193.521000000,100,1410,1215,47,0
1121,11.210240977,193.521000000,100,1410,1215,47,0
1122,11.220239302,193.521000000,100,1410,1215,47,0
1123,11.230239331,193.521000000,100,1410,1215,47,0
1124,11.240239580,193.521000000,100,1410,1215,47,0
1125,11.250239880,193.521000000,100,1410,1215,47,0
1126,11.260239527,193.521000000,100,1410,1215,47,0
1127,11.270240989,193.263000000,100,1410,1215,47,0
1128,11.280239825,193.263000000,100,1410,1215,47,0
1129,11.290239904,193.263000000,100,1410,1215,47,0
1130,11.300240825,193.263000000,100,1410,1215,47,0
1131,11.310244310,193.263000000,100,1410,1215,47,0
1132,11.320243046,193.263000000,100,1410,1215,47,0
1133,11.330239498,193.263000000,100,1410,1215,47,0
1134,11.340239667,193.263000000,100,1410,1215,47,0
1135,11.350240938,193.263000000,100,1410,1215,47,0
1136,11.360239654,193.263000000,100,1410,1215,47,0
1137,11.370239793,193.160000000,100,1410,1215,47,0
1138,11.380239611,193.160000000,100,1410,1215,47,0
1139,11.390239971,193.160000000,100,1410,1215,47,0
1140,11.400240861,193.160000000,100,1410,1215,47,0
1141,11.410240158,193.160000000,100,1410,1215,47,0
1142,11.420240017,193.160000000,100,1410,1215,47,0
1143,11.430239304,193.160000000,100,1410,1215,47,0
1144,11.440240004,193.160000000,100,1410,1215,47,0
1145,11.450239011,193.160000000,100,1410,1215,47,0
1146,11.460239761,193.160000000,100,1410,1215,47,0
1147,11.470239800,193.352000000,100,1410,1215,47,0
1148,11.480239137,193.352000000,100,1410,1215,47,0
1149,11.490238885,193.352000000,100,1410,1215,47,0
1150,11.500239415,193.352000000,100,1410,1215,47,0
1151,11.510239604,193.352000000,100,1410,1215,47,0
1152,11.520239813,193.352000000,100,1410,1215,47,0
1153,11.530239311,193.352000000,100,1410,1215,47,0
1154,11.540238127,193.352000000,100,1410,1215,47,0
1155,11.550240680,193.352000000,100,1410,1215,47,0
1156,11.560240499,193.352000000,100,1410,1215,47,0
1157,11.570240327,193.354000000,100,1410,1215,47,0
1158,11.580240226,193.354000000,100,1410,1215,47,0
1159,11.590239703,193.354000000,100,1410,1215,47,0
1160,11.600240223,193.354000000,100,1410,1215,47,0
1161,11.610239831,193.354000000,100,1410,1215,47,0
1162,11.620239669,193.354000000,100,1410,1215,47,0
1163,11.630240309,193.354000000,100,1410,1215,47,0
1164,11.640240258,193.354000000,100,1410,1215,47,0
1165,11.650240256,193.354000000,100,1410,1215,47,0
1166,11.660246166,193.354000000,100,1410,1215,47,0
1167,11.670244752,193.202000000,100,1410,1215,47,0
1168,11.680240322,193.202000000,100,1410,1215,47,0
1169,11.690239960,193.202000000,100,1410,1215,47,0
1170,11.700240390,193.202000000,100,1410,1215,47,0
1171,11.710240418,193.202000000,100,1410,1215,47,0
1172,11.720240357,193.202000000,100,1410,1215,47,0
1173,11.730240195,193.202000000,100,1410,1215,47,0
1174,11.740240575,193.202000000,100,1410,1215,47,0
1175,11.750239822,193.202000000,100,1410,1215,47,0
1176,11.760244549,193.202000000,100,1410,1215,47,0
1177,11.770240400,193.161000000,100,1410,1215,47,0
1178,11.780240359,193.161000000,100,1410,1215,47,0
1179,11.790239155,193.161000000,100,1410,1215,47,0
1180,11.800240336,193.161000000,100,1410,1215,47,0
1181,11.810244993,193.161000000,100,1410,1215,47,0
1182,11.820240414,193.161000000,100,1410,1215,47,0
1183,11.830239791,193.161000000,100,1410,1215,47,0
1184,11.840240251,193.161000000,100,1410,1215,47,0
1185,11.850240049,193.161000000,100,1410,1215,47,0
1186,11.860239637,193.161000000,100,1410,1215,47,0
1187,11.870241289,193.353000000,100,1410,1215,47,0
1188,11.880240325,193.353000000,100,1410,1215,47,0
1189,11.890245403,193.353000000,100,1410,1215,47,0
1190,11.900241054,193.353000000,100,1410,1215,47,0
1191,11.910239019,193.353000000,100,1410,1215,47,0
1192,11.920239428,193.353000000,100,1410,1215,47,0
1193,11.930224920,193.353000000,100,1410,1215,47,0
1194,11.940220981,193.353000000,100,1410,1215,47,0
1195,11.950240306,193.353000000,100,1410,1215,47,0
1196,11.960241276,193.353000000,100,1410,1215,47,0
1197,11.970240784,193.354000000,100,1410,1215,47,0
1198,11.980240592,193.354000000,100,1410,1215,47,0
1199,11.990240551,193.354000000,100,1410,1215,47,0
1200,12.000240018,193.354000000,100,1410,1215,47,0
1201,12.010239055,193.354000000,100,1410,1215,47,0
1202,12.020239174,193.354000000,100,1410,1215,47,0
1203,12.030239614,193.354000000,100,1410,1215,47,0
1204,12.040239182,193.354000000,100,1410,1215,47,0
1205,12.050239701,193.354000000,100,1410,1215,47,0
1206,12.060238497,193.354000000,100,1410,1215,47,0
1207,12.070241702,193.203000000,100,1410,1215,47,0
1208,12.080239417,193.203000000,100,1410,1215,47,0
1209,12.090239776,193.203000000,100,1410,1215,47,0
1210,12.100239594,193.203000000,100,1410,1215,47,0
1211,12.110240454,193.203000000,100,1410,1215,47,0
1212,12.120244260,193.203000000,100,1410,1215,47,0
1213,12.130240131,193.203000000,100,1410,1215,47,0
1214,12.140244097,193.203000000,100,1410,1215,47,0
1215,12.150240038,193.203000000,100,1410,1215,47,0
1216,12.160239296,193.203000000,100,1410,1215,47,0
1217,12.170242290,193.521000000,100,1410,1215,47,0
1218,12.180241066,193.521000000,100,1410,1215,47,0
1219,12.190243219,193.521000000,100,1410,1215,47,0
1220,12.200240372,193.521000000,100,1410,1215,47,0
1221,12.210243417,193.521000000,100,1410,1215,47,0
1222,12.220240590,193.521000000,100,1410,1215,47,0
1223,12.230239907,193.521000000,100,1410,1215,47,0
1224,12.240240447,193.521000000,100,1410,1215,47,0
1225,12.250240516,193.521000000,100,1410,1215,47,0
1226,12.260239883,193.521000000,100,1410,1215,47,0
1227,12.270241104,193.653000000,100,1410,1215,47,0
1228,12.280239530,193.653000000,100,1410,1215,47,0
1229,12.290238937,193.653000000,100,1410,1215,47,0
1230,12.300239687,193.653000000,100,1410,1215,47,0
1231,12.310239365,193.653000000,100,1410,1215,47,0
1232,12.320241318,193.653000000,100,1410,1215,47,0
1233,12.330240034,193.653000000,100,1410,1215,47,0
1234,12.340241325,193.653000000,100,1410,1215,47,0
1235,12.350240833,193.653000000,100,1410,1215,47,0
1236,12.360239218,193.653000000,100,1410,1215,47,0
1237,12.370240349,193.449000000,100,1410,1215,47,0
1238,12.380238755,193.449000000,100,1410,1215,47,0
1239,12.390239575,193.449000000,100,1410,1215,47,0
1240,12.400238982,193.449000000,100,1410,1215,47,0
1241,12.410238891,193.449000000,100,1410,1215,47,0
1242,12.420239511,193.449000000,100,1410,1215,47,0
1243,12.430238988,193.449000000,100,1410,1215,47,0
1244,12.440238657,193.449000000,100,1410,1215,47,0
1245,12.450238916,193.449000000,100,1410,1215,47,0
1246,12.460239325,193.449000000,100,1410,1215,47,0
1247,12.470240656,193.352000000,100,1410,1215,47,0
1248,12.480238811,193.352000000,100,1410,1215,47,0
1249,12.490238930,193.352000000,100,1410,1215,47,0
1250,12.500239861,193.352000000,100,1410,1215,47,0
1251,12.510239689,193.352000000,100,1410,1215,47,0
1252,12.520239678,193.352000000,100,1410,1215,47,0
1253,12.530239887,193.352000000,100,1410,1215,47,0
1254,12.540239324,193.352000000,100,1410,1215,47,0
1255,12.550239794,193.352000000,100,1410,1215,47,0
1256,12.560239592,193.352000000,100,1410,1215,47,0
1257,12.570240713,193.460000000,100,1410,1215,47,0
1258,12.580239339,193.460000000,100,1410,1215,47,0
1259,12.590239678,193.460000000,100,1410,1215,47,0
1260,12.600239937,193.460000000,100,1410,1215,47,0
1261,12.610244104,193.460000000,100,1410,1215,47,0
1262,12.620240456,193.460000000,100,1410,1215,47,0
1263,12.630239112,193.460000000,100,1410,1215,47,0
1264,12.640239301,193.460000000,100,1410,1215,47,0
1265,12.650239770,193.460000000,100,1410,1215,47,0
1266,12.660239338,193.460000000,100,1410,1215,47,0
1267,12.670241371,193.545000000,100,1410,1215,47,0
1268,12.680240678,193.545000000,100,1410,1215,47,0
1269,12.690240196,193.545000000,100,1410,1215,47,0
1270,12.700239453,193.545000000,100,1410,1215,47,0
1271,12.710239151,193.545000000,100,1410,1215,47,0
1272,12.720244490,193.545000000,100,1410,1215,47,0
1273,12.730240040,193.545000000,100,1410,1215,47,0
1274,12.740240089,193.545000000,100,1410,1215,47,0
1275,12.750240428,193.545000000,100,1410,1215,47,0
1276,12.760239936,193.545000000,100,1410,1215,47,0
1277,12.770242219,193.450000000,100,1410,1215,47,0
1278,12.780239703,193.450000000,100,1410,1215,47,0
1279,12.790250301,193.450000000,100,1410,1215,47,0
1280,12.800240912,193.450000000,100,1410,1215,47,0
1281,12.810240049,193.450000000,100,1410,1215,47,0
1282,12.820239627,193.450000000,100,1410,1215,47,0
1283,12.830253702,193.450000000,100,1410,1215,47,0
1284,12.840241157,193.450000000,100,1410,1215,47,0
1285,12.850240184,193.450000000,100,1410,1215,47,0
1286,12.860239972,193.450000000,100,1410,1215,47,0
1287,12.870241314,193.450000000,100,1410,1215,47,0
1288,12.880238507,193.450000000,100,1410,1215,47,0
1289,12.890239107,193.450000000,100,1410,1215,47,0
1290,12.900239857,193.450000000,100,1410,1215,47,0
1291,12.910239545,193.450000000,100,1410,1215,47,0
1292,12.920239734,193.450000000,100,1410,1215,47,0
1293,12.930225045,193.450000000,100,1410,1215,47,0
1294,12.940220896,193.450000000,100,1410,1215,47,0
1295,12.950239950,193.450000000,100,1410,1215,47,0
1296,12.960240129,193.450000000,100,1410,1215,47,0
1297,12.970241049,193.262000000,100,1410,1215,47,0
1298,12.980239756,193.262000000,100,1410,1215,47,0
1299,12.990239484,193.262000000,100,1410,1215,47,0
1300,13.000240114,193.262000000,100,1410,1215,47,0
1301,13.010238790,193.262000000,100,1410,1215,47,0
1302,13.020239279,193.262000000,100,1410,1215,47,0
1303,13.030239218,193.262000000,100,1410,1215,47,0
1304,13.040240098,193.262000000,100,1410,1215,47,0
1305,13.050240097,193.262000000,100,1410,1215,47,0
1306,13.060239815,193.262000000,100,1410,1215,47,0
1307,13.070241767,193.449000000,100,1410,1215,47,0
1308,13.080240554,193.449000000,100,1410,1215,47,0
1309,13.090244369,193.449000000,100,1410,1215,47,0
1310,13.100240281,193.449000000,100,1410,1215,47,0
1311,13.110240279,193.449000000,100,1410,1215,47,0
1312,13.120240368,193.449000000,100,1410,1215,47,0
1313,13.130239886,193.449000000,100,1410,1215,47,0
1314,13.140243591,193.449000000,100,1410,1215,47,0
1315,13.150239883,193.449000000,100,1410,1215,47,0
1316,13.160244761,193.449000000,100,1410,1215,47,0
1317,13.170244579,193.492000000,100,1410,1215,47,0
1318,13.180240109,193.492000000,100,1410,1215,47,0
1319,13.190242382,193.492000000,100,1410,1215,47,0
1320,13.200240057,193.492000000,100,1410,1215,47,0
1321,13.210241037,193.492000000,100,1410,1215,47,0
1322,13.220239292,193.492000000,100,1410,1215,47,0
1323,13.230239832,193.492000000,100,1410,1215,47,0
1324,13.240240412,193.492000000,100,1410,1215,47,0
1325,13.250239559,193.492000000,100,1410,1215,47,0
1326,13.260240519,193.492000000,100,1410,1215,47,0
1327,13.270240989,193.558000000,100,1410,1215,47,0
1328,13.280239204,193.558000000,100,1410,1215,47,0
1329,13.290239433,193.558000000,100,1410,1215,47,0
1330,13.300239412,193.558000000,100,1410,1215,47,0
1331,13.310239901,193.558000000,100,1410,1215,47,0
1332,13.320238988,193.558000000,100,1410,1215,47,0
1333,13.330240320,193.558000000,100,1410,1215,47,0
1334,13.340241540,193.558000000,100,1410,1215,47,0
1335,13.350240066,193.558000000,100,1410,1215,47,0
1336,13.360240175,193.558000000,100,1410,1215,47,0
1337,13.370242438,193.642000000,100,1410,1215,47,0
1338,13.380240042,193.642000000,100,1410,1215,47,0
1339,13.390240291,193.642000000,100,1410,1215,47,0
1340,13.400240160,193.642000000,100,1410,1215,47,0
1341,13.410240189,193.642000000,100,1410,1215,47,0
1342,13.420239175,193.642000000,100,1410,1215,47,0
1343,13.430239785,193.642000000,100,1410,1215,47,0
1344,13.440239343,193.642000000,100,1410,1215,47,0
1345,13.450239462,193.642000000,100,1410,1215,47,0
1346,13.460239841,193.642000000,100,1410,1215,47,0
1347,13.470240711,193.450000000,100,1410,1215,47,0
1348,13.480239838,193.450000000,100,1410,1215,47,0
1349,13.490239537,193.450000000,100,1410,1215,47,0
1350,13.500240086,193.450000000,100,1410,1215,47,0
1351,13.510239654,193.450000000,100,1410,1215,47,0
1352,13.520239472,193.450000000,100,1410,1215,47,0
1353,13.530240072,193.450000000,100,1410,1215,47,0
1354,13.540239690,193.450000000,100,1410,1215,47,0
1355,13.550240019,193.450000000,100,1410,1215,47,0
1356,13.560240308,193.450000000,100,1410,1215,47,0
1357,13.570241159,193.557000000,100,1410,1215,47,0
1358,13.580239925,193.557000000,100,1410,1215,47,0
1359,13.590240344,193.557000000,100,1410,1215,47,0
1360,13.600239742,193.557000000,100,1410,1215,47,0
1361,13.610239711,193.557000000,100,1410,1215,47,0
1362,13.620240641,193.557000000,100,1410,1215,47,0
1363,13.630240970,193.557000000,100,1410,1215,47,0
1364,13.640240127,193.557000000,100,1410,1215,47,0
1365,13.650240537,193.557000000,100,1410,1215,47,0
1366,13.660240285,193.557000000,100,1410,1215,47,0
1367,13.670241215,193.642000000,100,1410,1215,47,0
1368,13.680244250,193.642000000,100,1410,1215,47,0
1369,13.690240201,193.642000000,100,1410,1215,47,0
1370,13.700241001,193.642000000,100,1410,1215,47,0
1371,13.710240649,193.642000000,100,1410,1215,47,0
1372,13.720241619,193.642000000,100,1410,1215,47,0
1373,13.730243722,193.642000000,100,1410,1215,47,0
1374,13.740240034,193.642000000,100,1410,1215,47,0
1375,13.750240042,193.642000000,100,1410,1215,47,0
1376,13.760241183,193.642000000,100,1410,1215,47,0
1377,13.770241021,193.654000000,100,1410,1215,47,0
1378,13.780245188,193.654000000,100,1410,1215,47,0
1379,13.790241369,193.654000000,100,1410,1215,47,0
1380,13.800240246,193.654000000,100,1410,1215,47,0
1381,13.810240315,193.654000000,100,1410,1215,47,0
1382,13.820244571,193.654000000,100,1410,1215,47,0
1383,13.830239230,193.654000000,100,1410,1215,47,0
1384,13.840243958,193.654000000,100,1410,1215,47,0
1385,13.850240780,193.654000000,100,1410,1215,47,0
1386,13.860241009,193.654000000,100,1410,1215,47,0
1387,13.870240768,193.556000000,100,1410,1215,47,0
1388,13.880239484,193.556000000,100,1410,1215,47,0
1389,13.890239513,193.556000000,100,1410,1215,47,0
1390,13.900240573,193.556000000,100,1410,1215,47,0
1391,13.910239920,193.556000000,100,1410,1215,47,0
1392,13.920240360,193.556000000,100,1410,1215,47,0
1393,13.930248504,193.556000000,100,1410,1215,47,0
1394,13.940240548,193.556000000,100,1410,1215,47,0
1395,13.950240086,193.556000000,100,1410,1215,47,0
1396,13.960239703,193.556000000,100,1410,1215,47,0
1397,13.970242107,193.707000000,100,1410,1215,47,0
1398,13.980239701,193.707000000,100,1410,1215,47,0
1399,13.990240210,193.707000000,100,1410,1215,47,0
1400,14.000239788,193.707000000,100,1410,1215,47,0
1401,14.010239586,193.707000000,100,1410,1215,47,0
1402,14.020241088,193.707000000,100,1410,1215,47,0
1403,14.030240546,193.707000000,100,1410,1215,47,0
1404,14.040240033,193.707000000,100,1410,1215,47,0
1405,14.050239922,193.707000000,100,1410,1215,47,0
1406,14.060240251,193.707000000,100,1410,1215,47,0
1407,14.070241512,193.299000000,100,1410,1215,47,0
1408,14.080240619,193.299000000,100,1410,1215,47,0
1409,14.090240447,193.299000000,100,1410,1215,47,0
1410,14.100239634,193.299000000,100,1410,1215,47,0
1411,14.110240575,193.299000000,100,1410,1215,47,0
1412,14.120244751,193.299000000,100,1410,1215,47,0
1413,14.130240101,193.299000000,100,1410,1215,47,0
1414,14.140244258,193.299000000,100,1410,1215,47,0
1415,14.150240549,193.299000000,100,1410,1215,47,0
1416,14.160240909,193.299000000,100,1410,1215,47,0
1417,14.170244885,193.299000000,100,1410,1215,47,0
1418,14.180240465,193.299000000,100,1410,1215,47,0
1419,14.190242568,193.299000000,100,1410,1215,47,0
1420,14.200240232,193.299000000,100,1410,1215,47,0
1421,14.210242074,193.299000000,100,1410,1215,47,0
1422,14.220240179,193.299000000,100,1410,1215,47,0
1423,14.230239907,193.299000000,100,1410,1215,47,0
1424,14.240238954,193.299000000,100,1410,1215,47,0
1425,14.250244273,193.299000000,100,1410,1215,47,0
1426,14.260240424,193.299000000,100,1410,1215,47,0
1427,14.270240894,193.714000000,100,1410,1215,47,0
1428,14.280240832,193.714000000,100,1410,1215,47,0
1429,14.290239519,193.714000000,100,1410,1215,47,0
1430,14.300239898,193.714000000,100,1410,1215,47,0
1431,14.310239907,193.714000000,100,1410,1215,47,0
1432,14.320241067,193.714000000,100,1410,1215,47,0
1433,14.330240305,193.714000000,100,1410,1215,47,0
1434,14.340242598,193.714000000,100,1410,1215,47,0
1435,14.350240342,193.714000000,100,1410,1215,47,0
1436,14.360239219,193.714000000,100,1410,1215,47,0
1437,14.370241271,193.810000000,100,1410,1215,47,0
1438,14.380239366,193.810000000,100,1410,1215,47,0
1439,14.390240286,193.810000000,100,1410,1215,47,0
1440,14.400239273,193.810000000,100,1410,1215,47,0
1441,14.410239502,193.810000000,100,1410,1215,47,0
1442,14.420239641,193.810000000,100,1410,1215,47,0
1443,14.430239710,193.810000000,100,1410,1215,47,0
1444,14.440238937,193.810000000,100,1410,1215,47,0
1445,14.450240348,193.810000000,100,1410,1215,47,0
1446,14.460239997,193.810000000,100,1410,1215,47,0
1447,14.470241017,193.395000000,100,1410,1215,47,0
1448,14.480243350,193.395000000,100,1410,1215,47,0
1449,14.490239852,193.395000000,100,1410,1215,47,0
1450,14.500239039,193.395000000,100,1410,1215,47,0
1451,14.510240541,193.395000000,100,1410,1215,47,0
1452,14.520240049,193.395000000,100,1410,1215,47,0
1453,14.530239476,193.395000000,100,1410,1215,47,0
1454,14.540239465,193.395000000,100,1410,1215,47,0
1455,14.550244252,193.395000000,100,1410,1215,47,0
1456,14.560239883,193.395000000,100,1410,1215,47,0
1457,14.570241364,193.661000000,100,1410,1215,47,0
1458,14.580240121,193.661000000,100,1410,1215,47,0
1459,14.590240109,193.661000000,100,1410,1215,47,0
1460,14.600239206,193.661000000,100,1410,1215,47,0
1461,14.610240217,193.661000000,100,1410,1215,47,0
1462,14.620240636,193.661000000,100,1410,1215,47,0
1463,14.630239984,193.661000000,100,1410,1215,47,0
1464,14.640239842,193.661000000,100,1410,1215,47,0
1465,14.650240231,193.661000000,100,1410,1215,47,0
1466,14.660241162,193.661000000,100,1410,1215,47,0
1467,14.670241761,193.750000000,100,1410,1215,47,0
1468,14.680240077,193.750000000,100,1410,1215,47,0
1469,14.690240116,193.750000000,100,1410,1215,47,0
1470,14.700244482,193.750000000,100,1410,1215,47,0
1471,14.710240494,193.750000000,100,1410,1215,47,0
1472,14.720239601,193.750000000,100,1410,1215,47,0
1473,14.730240351,193.750000000,100,1410,1215,47,0
1474,14.740244718,193.750000000,100,1410,1215,47,0
1475,14.750240288,193.750000000,100,1410,1215,47,0
1476,14.760240527,193.750000000,100,1410,1215,47,0
1477,14.770240385,193.749000000,100,1410,1215,47,0
1478,14.780241055,193.749000000,100,1410,1215,47,0
1479,14.790240904,193.749000000,100,1410,1215,47,0
1480,14.800241043,193.749000000,100,1410,1215,47,0
1481,14.810240971,193.749000000,100,1410,1215,47,0
1482,14.820240128,193.749000000,100,1410,1215,47,0
1483,14.830244485,193.749000000,100,1410,1215,47,0
1484,14.840240927,193.749000000,100,1410,1215,47,0
1485,14.850239313,193.749000000,100,1410,1215,47,0
1486,14.860239121,193.749000000,100,1410,1215,47,0
1487,14.870240302,193.654000000,100,1410,1215,47,0
1488,14.880239289,193.654000000,100,1410,1215,47,0
1489,14.890238906,193.654000000,100,1410,1215,47,0
1490,14.900239176,193.654000000,100,1410,1215,47,0
1491,14.910238874,193.654000000,100,1410,1215,47,0
1492,14.920239353,193.654000000,100,1410,1215,47,0
1493,14.930241155,193.654000000,100,1410,1215,47,0
1494,14.940239952,193.654000000,100,1410,1215,47,0
1495,14.950240040,193.654000000,100,1410,1215,47,0
1496,14.960223148,193.654000000,100,1410,1215,47,0
1497,14.970240328,193.485000000,100,1410,1215,47,0
1498,14.980239345,193.485000000,100,1410,1215,47,0
1499,14.990240015,193.485000000,100,1410,1215,47,0
1500,15.000239372,193.485000000,100,1410,1215,47,0
1501,15.010239281,193.485000000,100,1410,1215,47,0
1502,15.020239260,193.485000000,100,1410,1215,47,0
1503,15.030239248,193.485000000,100,1410,1215,47,0
1504,15.040239838,193.485000000,100,1410,1215,47,0
1505,15.050240087,193.485000000,100,1410,1215,47,0
1506,15.060240156,193.485000000,100,1410,1215,47,0
1507,15.070241968,193.395000000,100,1410,1215,47,0
1508,15.080240053,193.395000000,100,1410,1215,47,0
1509,15.090240062,193.395000000,100,1410,1215,47,0
1510,15.100240060,193.395000000,100,1410,1215,47,0
1511,15.110240350,193.395000000,100,1410,1215,47,0
1512,15.120239747,193.395000000,100,1410,1215,47,0
1513,15.130240357,193.395000000,100,1410,1215,47,0
1514,15.140240105,193.395000000,100,1410,1215,47,0
1515,15.150244121,193.395000000,100,1410,1215,47,0
1516,15.160239812,193.395000000,100,1410,1215,47,0
1517,15.170243097,193.750000000,100,1410,1215,47,0
1518,15.180240190,193.750000000,100,1410,1215,47,0
1519,15.190241852,193.750000000,100,1410,1215,47,0
1520,15.200240137,193.750000000,100,1410,1215,47,0
1521,15.210241458,193.750000000,100,1410,1215,47,0
1522,15.220240054,193.750000000,100,1410,1215,47,0
1523,15.230239963,193.750000000,100,1410,1215,47,0
1524,15.240240161,193.750000000,100,1410,1215,47,0
1525,15.250239469,193.750000000,100,1410,1215,47,0
1526,15.260241582,193.750000000,100,1410,1215,47,0
1527,15.270240779,193.812000000,100,1410,1215,47,0
1528,15.280239405,193.812000000,100,1410,1215,47,0
1529,15.290239544,193.812000000,100,1410,1215,47,0
1530,15.300240765,193.812000000,100,1410,1215,47,0
1531,15.310240343,193.812000000,100,1410,1215,47,0
1532,15.320243978,193.812000000,100,1410,1215,47,0
1533,15.330239919,193.812000000,100,1410,1215,47,0
1534,15.340242312,193.812000000,100,1410,1215,47,0
1535,15.350239876,193.812000000,100,1410,1215,47,0
1536,15.360240316,193.812000000,100,1410,1215,47,0
1537,15.370241256,193.689000000,100,1410,1215,47,0
1538,15.380239361,193.689000000,100,1410,1215,47,0
1539,15.390240242,193.689000000,100,1410,1215,47,0
1540,15.400240160,193.689000000,100,1410,1215,47,0
1541,15.410239577,193.689000000,100,1410,1215,47,0
1542,15.420240288,193.689000000,100,1410,1215,47,0
1543,15.430239324,193.689000000,100,1410,1215,47,0
1544,15.440239764,193.689000000,100,1410,1215,47,0
1545,15.450239933,193.689000000,100,1410,1215,47,0
1546,15.460239962,193.689000000,100,1410,1215,47,0
1547,15.470241433,193.652000000,100,1410,1215,47,0
1548,15.480239849,193.652000000,100,1410,1215,47,0
1549,15.490240308,193.652000000,100,1410,1215,47,0
1550,15.500239626,193.652000000,100,1410,1215,47,0
1551,15.510239624,193.652000000,100,1410,1215,47,0
1552,15.520239503,193.652000000,100,1410,1215,47,0
1553,15.530246114,193.652000000,100,1410,1215,47,0
1554,15.540222067,193.652000000,100,1410,1215,47,0
1555,15.550240961,193.652000000,100,1410,1215,47,0
1556,15.560240229,193.652000000,100,1410,1215,47,0
1557,15.570241500,193.653000000,100,1410,1215,48,0
1558,15.580238403,193.653000000,100,1410,1215,48,0
1559,15.590239864,193.653000000,100,1410,1215,48,0
1560,15.600239462,193.653000000,100,1410,1215,48,0
1561,15.610239581,193.653000000,100,1410,1215,48,0
1562,15.620240421,193.653000000,100,1410,1215,48,0
1563,15.630244778,193.653000000,100,1410,1215,48,0
1564,15.640239837,193.653000000,100,1410,1215,48,0
1565,15.650240086,193.653000000,100,1410,1215,48,0
1566,15.660240385,193.653000000,100,1410,1215,48,0
1567,15.670241386,193.654000000,100,1410,1215,48,0
1568,15.680239782,193.654000000,100,1410,1215,48,0
1569,15.690240071,193.654000000,100,1410,1215,48,0
1570,15.700240470,193.654000000,100,1410,1215,48,0
1571,15.710239787,193.654000000,100,1410,1215,48,0
1572,15.720240006,193.654000000,100,1410,1215,48,0
1573,15.730239705,193.654000000,100,1410,1215,48,0
1574,15.740243631,193.654000000,100,1410,1215,48,0
1575,15.750240173,193.654000000,100,1410,1215,48,0
1576,15.760240512,193.654000000,100,1410,1215,48,0
1577,15.770240901,193.750000000,100,1410,1215,48,0
1578,15.780244447,193.750000000,100,1410,1215,48,0
1579,15.790240428,193.750000000,100,1410,1215,48,0
1580,15.800240487,193.750000000,100,1410,1215,48,0
1581,15.810239463,193.750000000,100,1410,1215,48,0
1582,15.820239522,193.750000000,100,1410,1215,48,0
1583,15.830243809,193.750000000,100,1410,1215,48,0
1584,15.840240291,193.750000000,100,1410,1215,48,0
1585,15.850243956,193.750000000,100,1410,1215,48,0
1586,15.860244366,193.750000000,100,1410,1215,48,0
1587,15.870242481,193.653000000,100,1410,1215,47,0
1588,15.880239103,193.653000000,100,1410,1215,47,0
1589,15.890239373,193.653000000,100,1410,1215,47,0
1590,15.900239662,193.653000000,100,1410,1215,47,0
1591,15.910239610,193.653000000,100,1410,1215,47,0
1592,15.920239178,193.653000000,100,1410,1215,47,0
1593,15.930226313,193.653000000,100,1410,1215,47,0
1594,15.940223796,193.653000000,100,1410,1215,47,0
1595,15.950239555,193.653000000,100,1410,1215,47,0
1596,15.960240134,193.653000000,100,1410,1215,47,0
1597,15.970240814,193.695000000,100,1410,1215,48,0
1598,15.980239982,193.695000000,100,1410,1215,48,0
1599,15.990238688,193.695000000,100,1410,1215,48,0
1600,16.000240029,193.695000000,100,1410,1215,48,0
1601,16.010238815,193.695000000,100,1410,1215,48,0
1602,16.020240297,193.695000000,100,1410,1215,48,0
1603,16.030239223,193.695000000,100,1410,1215,48,0
1604,16.040240294,193.695000000,100,1410,1215,48,0
1605,16.050240172,193.695000000,100,1410,1215,48,0
1606,16.060240572,193.695000000,100,1410,1215,48,0
1607,16.070242113,193.662000000,100,1410,1215,48,0
1608,16.080239196,193.662000000,100,1410,1215,48,0
1609,16.090239686,193.662000000,100,1410,1215,48,0
1610,16.100239755,193.662000000,100,1410,1215,48,0
1611,16.110239513,193.662000000,100,1410,1215,48,0
1612,16.120243429,193.662000000,100,1410,1215,48,0
1613,16.130239641,193.662000000,100,1410,1215,48,0
1614,16.140240020,193.662000000,100,1410,1215,48,0
1615,16.150240139,193.662000000,100,1410,1215,48,0
1616,16.160240097,193.662000000,100,1410,1215,48,0
1617,16.170243322,193.546000000,100,1410,1215,48,0
1618,16.180239594,193.546000000,100,1410,1215,48,0
1619,16.190242518,193.546000000,100,1410,1215,48,0
1620,16.200239952,193.546000000,100,1410,1215,48,0
1621,16.210241954,193.546000000,100,1410,1215,48,0
1622,16.220238997,193.546000000,100,1410,1215,48,0
1623,16.230239597,193.546000000,100,1410,1215,48,0
1624,16.240239636,193.546000000,100,1410,1215,48,0
1625,16.250239354,193.546000000,100,1410,1215,48,0
1626,16.260239573,193.546000000,100,1410,1215,48,0
1627,16.270240714,194.002000000,100,1410,1215,48,0
1628,16.280239079,194.002000000,100,1410,1215,48,0
1629,16.290239619,194.002000000,100,1410,1215,48,0
1630,16.300240048,194.002000000,100,1410,1215,48,0
1631,16.310239416,194.002000000,100,1410,1215,48,0
1632,16.320244735,194.002000000,100,1410,1215,48,0
1633,16.330241076,194.002000000,100,1410,1215,48,0
1634,16.340243109,194.002000000,100,1410,1215,48,0
1635,16.350240022,194.002000000,100,1410,1215,48,0
1636,16.360244569,194.002000000,100,1410,1215,48,0
1637,16.370241001,193.954000000,100,1410,1215,48,0
1638,16.380239376,193.954000000,100,1410,1215,48,0
1639,16.390240697,193.954000000,100,1410,1215,48,0
1640,16.400239384,193.954000000,100,1410,1215,48,0
1641,16.410240595,193.954000000,100,1410,1215,48,0
1642,16.420240333,193.954000000,100,1410,1215,48,0
1643,16.430239710,193.954000000,100,1410,1215,48,0
1644,16.440239839,193.954000000,100,1410,1215,48,0
1645,16.450239467,193.954000000,100,1410,1215,48,0
1646,16.460239756,193.954000000,100,1410,1215,48,0
1647,16.470240737,193.695000000,100,1410,1215,48,0
1648,16.480239563,193.695000000,100,1410,1215,48,0
1649,16.490238881,193.695000000,100,1410,1215,48,0
1650,16.500239881,193.695000000,100,1410,1215,48,0
1651,16.510239589,193.695000000,100,1410,1215,48,0
1652,16.520239738,193.695000000,100,1410,1215,48,0
1653,16.530239076,193.695000000,100,1410,1215,48,0
1654,16.540239195,193.695000000,100,1410,1215,48,0
1655,16.550239303,193.695000000,100,1410,1215,48,0
1656,16.560239833,193.695000000,100,1410,1215,48,0
1657,16.570242186,193.749000000,100,1410,1215,48,0
1658,16.580240041,193.749000000,100,1410,1215,48,0
1659,16.590240650,193.749000000,100,1410,1215,48,0
1660,16.600240679,193.749000000,100,1410,1215,48,0
1661,16.610240377,193.749000000,100,1410,1215,48,0
1662,16.620240256,193.749000000,100,1410,1215,48,0
1663,16.630242208,193.749000000,100,1410,1215,48,0
1664,16.640239952,193.749000000,100,1410,1215,48,0
1665,16.650239761,193.749000000,100,1410,1215,48,0
1666,16.660240381,193.749000000,100,1410,1215,48,0
1667,16.670241381,193.906000000,100,1410,1215,48,0
1668,16.680240248,193.906000000,100,1410,1215,48,0
1669,16.690243873,193.906000000,100,1410,1215,48,0
1670,16.700240064,193.906000000,100,1410,1215,48,0
1671,16.710238951,193.906000000,100,1410,1215,48,0
1672,16.720239831,193.906000000,100,1410,1215,48,0
1673,16.730239760,193.906000000,100,1410,1215,48,0
1674,16.740239829,193.906000000,100,1410,1215,48,0
1675,16.750239477,193.906000000,100,1410,1215,48,0
1676,16.760239856,193.906000000,100,1410,1215,48,0
1677,16.770240947,193.847000000,100,1410,1215,48,0
1678,16.780239473,193.847000000,100,1410,1215,48,0
1679,16.790239742,193.847000000,100,1410,1215,48,0
1680,16.800244970,193.847000000,100,1410,1215,48,0
1681,16.810240581,193.847000000,100,1410,1215,48,0
1682,16.820244517,193.847000000,100,1410,1215,48,0
1683,16.830240638,193.847000000,100,1410,1215,48,0
1684,16.840253230,193.847000000,100,1410,1215,48,0
1685,16.850239844,193.847000000,100,1410,1215,48,0
1686,16.860240143,193.847000000,100,1410,1215,48,0
1687,16.870241705,193.750000000,100,1410,1215,48,0
1688,16.880239609,193.750000000,100,1410,1215,48,0
1689,16.890239999,193.750000000,100,1410,1215,48,0
1690,16.900240068,193.750000000,100,1410,1215,48,0
1691,16.910243994,193.750000000,100,1410,1215,48,0
1692,16.920240095,193.750000000,100,1410,1215,48,0
1693,16.930241546,193.750000000,100,1410,1215,48,0
1694,16.940239020,193.750000000,100,1410,1215,48,0
1695,16.950240361,193.750000000,100,1410,1215,48,0
1696,16.960239298,193.750000000,100,1410,1215,48,0
1697,16.970241351,193.811000000,100,1410,1215,48,0
1698,16.980239516,193.811000000,100,1410,1215,48,0
1699,16.990239184,193.811000000,100,1410,1215,48,0
1700,17.000240445,193.811000000,100,1410,1215,48,0
1701,17.010240183,193.811000000,100,1410,1215,48,0
1702,17.020239571,193.811000000,100,1410,1215,48,0
1703,17.030240571,193.811000000,100,1410,1215,48,0
1704,17.040239628,193.811000000,100,1410,1215,48,0
1705,17.050239687,193.811000000,100,1410,1215,48,0
1706,17.060239856,193.811000000,100,1410,1215,48,0
1707,17.070240626,193.684000000,100,1410,1215,48,0
1708,17.080239502,193.684000000,100,1410,1215,48,0
1709,17.090240092,193.684000000,100,1410,1215,48,0
1710,17.100240261,193.684000000,100,1410,1215,48,0
1711,17.110238967,193.684000000,100,1410,1215,48,0
1712,17.120239477,193.684000000,100,1410,1215,48,0
1713,17.130239706,193.684000000,100,1410,1215,48,0
1714,17.140241548,193.684000000,100,1410,1215,48,0
1715,17.150240404,193.684000000,100,1410,1215,48,0
1716,17.160240694,193.684000000,100,1410,1215,48,0
1717,17.170244690,193.600000000,100,1410,1215,48,0
1718,17.180239639,193.600000000,100,1410,1215,48,0
1719,17.190243164,193.600000000,100,1410,1215,48,0
1720,17.200241049,193.600000000,100,1410,1215,48,0
1721,17.210242390,193.600000000,100,1410,1215,48,0
1722,17.220238972,193.600000000,100,1410,1215,48,0
1723,17.230239762,193.600000000,100,1410,1215,48,0
1724,17.240239591,193.600000000,100,1410,1215,48,0
1725,17.250240010,193.600000000,100,1410,1215,48,0
1726,17.260240360,193.600000000,100,1410,1215,48,0
1727,17.270241180,193.906000000,100,1410,1215,48,0
1728,17.280240708,193.906000000,100,1410,1215,48,0
1729,17.290239915,193.906000000,100,1410,1215,48,0
1730,17.300241366,193.906000000,100,1410,1215,48,0
1731,17.310240253,193.906000000,100,1410,1215,48,0
1732,17.320227487,193.906000000,100,1410,1215,48,0
1733,17.330239969,193.906000000,100,1410,1215,48,0
1734,17.340242623,193.906000000,100,1410,1215,48,0
1735,17.350240237,193.906000000,100,1410,1215,48,0
1736,17.360240186,193.906000000,100,1410,1215,48,0
1737,17.370240064,193.750000000,100,1410,1215,48,0
1738,17.380239903,193.750000000,100,1410,1215,48,0
1739,17.390239821,193.750000000,100,1410,1215,48,0
1740,17.400239148,193.750000000,100,1410,1215,48,0
1741,17.410239568,193.750000000,100,1410,1215,48,0
1742,17.420240228,193.750000000,100,1410,1215,48,0
1743,17.430239535,193.750000000,100,1410,1215,48,0
1744,17.440240045,193.750000000,100,1410,1215,48,0
1745,17.450239693,193.750000000,100,1410,1215,48,0
1746,17.460244681,193.750000000,100,1410,1215,48,0
1747,17.470241203,193.587000000,100,1410,1215,48,0
1748,17.480240200,193.587000000,100,1410,1215,48,0
1749,17.490239527,193.587000000,100,1410,1215,48,0
1750,17.500238674,193.587000000,100,1410,1215,48,0
1751,17.510239725,193.587000000,100,1410,1215,48,0
1752,17.520240044,193.587000000,100,1410,1215,48,0
1753,17.530239401,193.587000000,100,1410,1215,48,0
1754,17.540239721,193.587000000,100,1410,1215,48,0
1755,17.550240841,193.587000000,100,1410,1215,48,0
1756,17.560244467,193.587000000,100,1410,1215,48,0
1757,17.570240949,193.854000000,100,1410,1215,48,0
1758,17.580239765,193.854000000,100,1410,1215,48,0
1759,17.590240936,193.854000000,100,1410,1215,48,0
1760,17.600240414,193.854000000,100,1410,1215,48,0
1761,17.610240012,193.854000000,100,1410,1215,48,0
1762,17.620244589,193.854000000,100,1410,1215,48,0
1763,17.630240019,193.854000000,100,1410,1215,48,0
1764,17.640244576,193.854000000,100,1410,1215,48,0
1765,17.650240327,193.854000000,100,1410,1215,48,0
1766,17.660244684,193.854000000,100,1410,1215,48,0
1767,17.670241136,193.757000000,100,1410,1215,48,0
1768,17.680240052,193.757000000,100,1410,1215,48,0
1769,17.690240692,193.757000000,100,1410,1215,48,0
1770,17.700240280,193.757000000,100,1410,1215,48,0
1771,17.710240479,193.757000000,100,1410,1215,48,0
1772,17.720244606,193.757000000,100,1410,1215,48,0
1773,17.730242170,193.757000000,100,1410,1215,48,0
1774,17.740240014,193.757000000,100,1410,1215,48,0
1775,17.750239712,193.757000000,100,1410,1215,48,0
1776,17.760245081,193.757000000,100,1410,1215,48,0
1777,17.770241723,194.003000000,100,1410,1215,48,0
1778,17.780239778,194.003000000,100,1410,1215,48,0
1779,17.790240538,194.003000000,100,1410,1215,48,0
1780,17.800240988,194.003000000,100,1410,1215,48,0
1781,17.810239504,194.003000000,100,1410,1215,48,0
1782,17.820240114,194.003000000,100,1410,1215,48,0
1783,17.830241275,194.003000000,100,1410,1215,48,0
1784,17.840240161,194.003000000,100,1410,1215,48,0
1785,17.850240270,194.003000000,100,1410,1215,48,0
1786,17.860241040,194.003000000,100,1410,1215,48,0
1787,17.870242050,194.051000000,100,1410,1215,48,0
1788,17.880240276,194.051000000,100,1410,1215,48,0
1789,17.890239012,194.051000000,100,1410,1215,48,0
1790,17.900240013,194.051000000,100,1410,1215,48,0
1791,17.910239601,194.051000000,100,1410,1215,48,0
1792,17.920240381,194.051000000,100,1410,1215,48,0
1793,17.930241411,194.051000000,100,1410,1215,48,0
1794,17.940239907,194.051000000,100,1410,1215,48,0
1795,17.950239445,194.051000000,100,1410,1215,48,0
1796,17.960244212,194.051000000,100,1410,1215,48,0
1797,17.970241175,193.955000000,100,1410,1215,48,0
1798,17.980240012,193.955000000,100,1410,1215,48,0
1799,17.990239600,193.955000000,100,1410,1215,48,0
1800,18.000240881,193.955000000,100,1410,1215,48,0
1801,18.010239637,193.955000000,100,1410,1215,48,0
1802,18.020238784,193.955000000,100,1410,1215,48,0
1803,18.030239715,193.955000000,100,1410,1215,48,0
1804,18.040238801,193.955000000,100,1410,1215,48,0
1805,18.050239732,193.955000000,100,1410,1215,48,0
1806,18.060239440,193.955000000,100,1410,1215,48,0
1807,18.070241022,193.942000000,100,1410,1215,48,0
1808,18.080239598,193.942000000,100,1410,1215,48,0
1809,18.090239857,193.942000000,100,1410,1215,48,0
1810,18.100239394,193.942000000,100,1410,1215,48,0
1811,18.110239453,193.942000000,100,1410,1215,48,0
1812,18.120244151,193.942000000,100,1410,1215,48,0
1813,18.130244109,193.942000000,100,1410,1215,48,0
1814,18.140240201,193.942000000,100,1410,1215,48,0
1815,18.150240109,193.942000000,100,1410,1215,48,0
1816,18.160240148,193.942000000,100,1410,1215,48,0
1817,18.170242781,194.099000000,100,1410,1215,48,0
1818,18.180241317,194.099000000,100,1410,1215,48,0
1819,18.190243911,194.099000000,100,1410,1215,48,0
1820,18.200239662,194.099000000,100,1410,1215,48,0
1821,18.210242886,194.099000000,100,1410,1215,48,0
1822,18.220239629,194.099000000,100,1410,1215,48,0
1823,18.230240058,194.099000000,100,1410,1215,48,0
1824,18.240239776,194.099000000,100,1410,1215,48,0
1825,18.250239595,194.099000000,100,1410,1215,48,0
1826,18.260239894,194.099000000,100,1410,1215,48,0
1827,18.270241426,193.854000000,100,1410,1215,48,0
1828,18.280238639,193.854000000,100,1410,1215,48,0
1829,18.290239429,193.854000000,100,1410,1215,48,0
1830,18.300238696,193.854000000,100,1410,1215,48,0
1831,18.310239767,193.854000000,100,1410,1215,48,0
1832,18.320239164,193.854000000,100,1410,1215,48,0
1833,18.330240085,193.854000000,100,1410,1215,48,0
1834,18.340241396,193.854000000,100,1410,1215,48,0
1835,18.350239922,193.854000000,100,1410,1215,48,0
1836,18.360239900,193.854000000,100,1410,1215,48,0
1837,18.370241071,193.907000000,100,1410,1215,48,0
1838,18.380239477,193.907000000,100,1410,1215,48,0
1839,18.390239355,193.907000000,100,1410,1215,48,0
1840,18.400239634,193.907000000,100,1410,1215,48,0
1841,18.410239533,193.907000000,100,1410,1215,48,0
1842,18.420239692,193.907000000,100,1410,1215,48,0
1843,18.430239570,193.907000000,100,1410,1215,48,0
1844,18.440239739,193.907000000,100,1410,1215,48,0
1845,18.450238375,193.907000000,100,1410,1215,48,0
1846,18.460240578,193.907000000,100,1410,1215,48,0
1847,18.470241459,194.251000000,100,1410,1215,48,0
1848,18.480239564,194.251000000,100,1410,1215,48,0
1849,18.490239833,194.251000000,100,1410,1215,48,0
1850,18.500239240,194.251000000,100,1410,1215,48,0
1851,18.510239680,194.251000000,100,1410,1215,48,0
1852,18.520239979,194.251000000,100,1410,1215,48,0
1853,18.530239236,194.251000000,100,1410,1215,48,0
1854,18.540239345,194.251000000,100,1410,1215,48,0
1855,18.550240105,194.251000000,100,1410,1215,48,0
1856,18.560240194,194.251000000,100,1410,1215,48,0
1857,18.570241916,193.846000000,100,1410,1215,48,0
1858,18.580239580,193.846000000,100,1410,1215,48,0
1859,18.590239529,193.846000000,100,1410,1215,48,0
1860,18.600239908,193.846000000,100,1410,1215,48,0
1861,18.610240839,193.846000000,100,1410,1215,48,0
1862,18.620240517,193.846000000,100,1410,1215,48,0
1863,18.630244753,193.846000000,100,1410,1215,48,0
1864,18.640240203,193.846000000,100,1410,1215,48,0
1865,18.650240613,193.846000000,100,1410,1215,48,0
1866,18.660240311,193.846000000,100,1410,1215,48,0
1867,18.670242904,193.491000000,100,1410,1215,48,0
1868,18.680239917,193.491000000,100,1410,1215,48,0
1869,18.690238714,193.491000000,100,1410,1215,48,0
1870,18.700240596,193.491000000,100,1410,1215,48,0
1871,18.710239512,193.491000000,100,1410,1215,48,0
1872,18.720239722,193.491000000,100,1410,1215,48,0
1873,18.730240081,193.491000000,100,1410,1215,48,0
1874,18.740239208,193.491000000,100,1410,1215,48,0
1875,18.750239457,193.491000000,100,1410,1215,48,0
1876,18.760240277,193.491000000,100,1410,1215,48,0
1877,18.770242049,193.792000000,100,1410,1215,48,0
1878,18.780239343,193.792000000,100,1410,1215,48,0
1879,18.790240614,193.792000000,100,1410,1215,48,0
1880,18.800241594,193.792000000,100,1410,1215,48,0
1881,18.810240060,193.792000000,100,1410,1215,48,0
1882,18.820239478,193.792000000,100,1410,1215,48,0
1883,18.830240098,193.792000000,100,1410,1215,48,0
1884,18.840240276,193.792000000,100,1410,1215,48,0
1885,18.850240405,193.792000000,100,1410,1215,48,0
1886,18.860239813,193.792000000,100,1410,1215,48,0
1887,18.870242557,193.943000000,100,1410,1215,48,0
1888,18.880239860,193.943000000,100,1410,1215,48,0
1889,18.890239639,193.943000000,100,1410,1215,48,0
1890,18.900239377,193.943000000,100,1410,1215,48,0
1891,18.910240688,193.943000000,100,1410,1215,48,0
1892,18.920239604,193.943000000,100,1410,1215,48,0
1893,18.930242088,193.943000000,100,1410,1215,48,0
1894,18.940239742,193.943000000,100,1410,1215,48,0
1895,18.950239851,193.943000000,100,1410,1215,48,0
1896,18.960239489,193.943000000,100,1410,1215,48,0
1897,18.970241020,193.942000000,100,1410,1215,48,0
1898,18.980239436,193.942000000,100,1410,1215,48,0
1899,18.990239304,193.942000000,100,1410,1215,48,0
1900,19.000239463,193.942000000,100,1410,1215,48,0
1901,19.010239522,193.942000000,100,1410,1215,48,0
1902,19.020240483,193.942000000,100,1410,1215,48,0
1903,19.030239249,193.942000000,100,1410,1215,48,0
1904,19.040240179,193.942000000,100,1410,1215,48,0
1905,19.050240008,193.942000000,100,1410,1215,48,0
1906,19.060244334,193.942000000,100,1410,1215,48,0
1907,19.070241878,193.961000000,100,1410,1215,48,0
1908,19.080240054,193.961000000,100,1410,1215,48,0
1909,19.090240293,193.961000000,100,1410,1215,48,0
1910,19.100244149,193.961000000,100,1410,1215,48,0
1911,19.110240020,193.961000000,100,1410,1215,48,0
1912,19.120239357,193.961000000,100,1410,1215,48,0
1913,19.130239295,193.961000000,100,1410,1215,48,0
1914,19.140239935,193.961000000,100,1410,1215,48,0
1915,19.150243751,193.961000000,100,1410,1215,48,0
1916,19.160245243,193.961000000,100,1410,1215,48,0
1917,19.170243428,193.853000000,100,1410,1215,48,0
1918,19.180240471,193.853000000,100,1410,1215,48,0
1919,19.190242604,193.853000000,100,1410,1215,48,0
1920,19.200240258,193.853000000,100,1410,1215,48,0
1921,19.210242451,193.853000000,100,1410,1215,48,0
1922,19.220239965,193.853000000,100,1410,1215,48,0
1923,19.230239993,193.853000000,100,1410,1215,48,0
1924,19.240240303,193.853000000,100,1410,1215,48,0
1925,19.250239680,193.853000000,100,1410,1215,48,0
1926,19.260239729,193.853000000,100,1410,1215,48,0
1927,19.270240789,193.955000000,100,1410,1215,48,0
1928,19.280239556,193.955000000,100,1410,1215,48,0
1929,19.290239905,193.955000000,100,1410,1215,48,0
1930,19.300239463,193.955000000,100,1410,1215,48,0
1931,19.310240393,193.955000000,100,1410,1215,48,0
1932,19.320221667,193.955000000,100,1410,1215,48,0
1933,19.330241823,193.955000000,100,1410,1215,48,0
1934,19.340244156,193.955000000,100,1410,1215,48,0
1935,19.350240468,193.955000000,100,1410,1215,48,0
1936,19.360239645,193.955000000,100,1410,1215,48,0
1937,19.370241227,194.004000000,100,1410,1215,48,0
1938,19.380240594,194.004000000,100,1410,1215,48,0
1939,19.390240613,194.004000000,100,1410,1215,48,0
1940,19.400239459,194.004000000,100,1410,1215,48,0
1941,19.410240660,194.004000000,100,1410,1215,48,0
1942,19.420240369,194.004000000,100,1410,1215,48,0
1943,19.430238874,194.004000000,100,1410,1215,48,0
1944,19.440240226,194.004000000,100,1410,1215,48,0
1945,19.450240094,194.004000000,100,1410,1215,48,0
1946,19.460240263,194.004000000,100,1410,1215,48,0
1947,19.470241294,194.052000000,100,1410,1215,48,0
1948,19.480239419,194.052000000,100,1410,1215,48,0
1949,19.490240058,194.052000000,100,1410,1215,48,0
1950,19.500239887,194.052000000,100,1410,1215,48,0
1951,19.510239755,194.052000000,100,1410,1215,48,0
1952,19.520240686,194.052000000,100,1410,1215,48,0
1953,19.530239863,194.052000000,100,1410,1215,48,0
1954,19.540240162,194.052000000,100,1410,1215,48,0
1955,19.550240461,194.052000000,100,1410,1215,48,0
1956,19.560240790,194.052000000,100,1410,1215,48,0
1957,19.570241450,194.051000000,100,1410,1215,48,0
1958,19.580240848,194.051000000,100,1410,1215,48,0
1959,19.590240666,194.051000000,100,1410,1215,48,0
1960,19.600240364,194.051000000,100,1410,1215,48,0
1961,19.610239842,194.051000000,100,1410,1215,48,0
1962,19.620240181,194.051000000,100,1410,1215,48,0
1963,19.630239719,194.051000000,100,1410,1215,48,0
1964,19.640240128,194.051000000,100,1410,1215,48,0
1965,19.650240257,194.051000000,100,1410,1215,48,0
1966,19.660240146,194.051000000,100,1410,1215,48,0
1967,19.670241076,194.038000000,100,1410,1215,48,0
1968,19.680240514,194.038000000,100,1410,1215,48,0
1969,19.690240082,194.038000000,100,1410,1215,48,0
1970,19.700240120,194.038000000,100,1410,1215,48,0
1971,19.710240810,194.038000000,100,1410,1215,48,0
1972,19.720240899,194.038000000,100,1410,1215,48,0
1973,19.730240417,194.038000000,100,1410,1215,48,0
1974,19.740239995,194.038000000,100,1410,1215,48,0
1975,19.750240675,194.038000000,100,1410,1215,48,0
1976,19.760240834,194.038000000,100,1410,1215,48,0
1977,19.770242285,194.002000000,100,1410,1215,48,0
1978,19.780240210,194.002000000,100,1410,1215,48,0
1979,19.790239938,194.002000000,100,1410,1215,48,0
1980,19.800244555,194.002000000,100,1410,1215,48,0
1981,19.810241007,194.002000000,100,1410,1215,48,0
1982,19.820239813,194.002000000,100,1410,1215,48,0
1983,19.830239953,194.002000000,100,1410,1215,48,0
1984,19.840244089,194.002000000,100,1410,1215,48,0
1985,19.850241863,194.002000000,100,1410,1215,48,0
1986,19.860240319,194.002000000,100,1410,1215,48,0
1987,19.870243654,193.792000000,100,1410,1215,48,0
1988,19.880239665,193.792000000,100,1410,1215,48,0
1989,19.890240596,193.792000000,100,1410,1215,48,0
1990,19.900239402,193.792000000,100,1410,1215,48,0
1991,19.910239831,193.792000000,100,1410,1215,48,0
1992,19.920239299,193.792000000,100,1410,1215,48,0
1993,19.930221875,193.792000000,100,1410,1215,48,0
1994,19.940221323,193.792000000,100,1410,1215,48,0
1995,19.950240648,193.792000000,100,1410,1215,48,0
1996,19.960240255,193.792000000,100,1410,1215,48,0
1997,19.970241196,193.695000000,100,1410,1215,48,0
1998,19.980239802,193.695000000,100,1410,1215,48,0
1999,19.990240321,193.695000000,100,1410,1215,48,0
2000,20.000239789,193.695000000,100,1410,1215,48,0
2001,20.010240269,193.695000000,100,1410,1215,48,0
2002,20.020240087,193.695000000,100,1410,1215,48,0
2003,20.030239845,193.695000000,100,1410,1215,48,0
2004,20.040239443,193.695000000,100,1410,1215,48,0
2005,20.050239913,193.695000000,100,1410,1215,48,0
2006,20.060240052,193.695000000,100,1410,1215,48,0
2007,20.070241232,194.031000000,100,1410,1215,48,0
2008,20.080240169,194.031000000,100,1410,1215,48,0
2009,20.090240228,194.031000000,100,1410,1215,48,0
2010,20.100239475,194.031000000,100,1410,1215,48,0
2011,20.110244103,194.031000000,100,1410,1215,48,0
2012,20.120240164,194.031000000,100,1410,1215,48,0
2013,20.130240343,194.031000000,100,1410,1215,48,0
2014,20.140240852,194.031000000,100,1410,1215,48,0
2015,20.150240400,194.031000000,100,1410,1215,48,0
2016,20.160240850,194.031000000,100,1410,1215,48,0
2017,20.170243363,193.942000000,100,1410,1215,48,0
2018,20.180240176,193.942000000,100,1410,1215,48,0
2019,20.190241898,193.942000000,100,1410,1215,48,0
2020,20.200239171,193.942000000,100,1410,1215,48,0
2021,20.210241975,193.942000000,100,1410,1215,48,0
2022,20.220239669,193.942000000,100,1410,1215,48,0
2023,20.230240940,193.942000000,100,1410,1215,48,0
2024,20.240240037,193.942000000,100,1410,1215,48,0
2025,20.250239936,193.942000000,100,1410,1215,48,0
2026,20.260240385,193.942000000,100,1410,1215,48,0
2027,20.270240795,193.587000000,100,1410,1215,48,0
2028,20.280239952,193.587000000,100,1410,1215,48,0
2029,20.290240491,193.587000000,100,1410,1215,48,0
2030,20.300242103,193.587000000,100,1410,1215,48,0
2031,20.310239647,193.587000000,100,1410,1215,48,0
2032,20.320239375,193.587000000,100,1410,1215,48,0
2033,20.330239725,193.587000000,100,1410,1215,48,0
2034,20.340241557,193.587000000,100,1410,1215,48,0
2035,20.350239662,193.587000000,100,1410,1215,48,0
2036,20.360240582,193.587000000,100,1410,1215,48,0
2037,20.370240491,193.900000000,100,1410,1215,48,0
2038,20.380239938,193.900000000,100,1410,1215,48,0
2039,20.390240969,193.900000000,100,1410,1215,48,0
2040,20.400240426,193.900000000,100,1410,1215,48,0
2041,20.410239764,193.900000000,100,1410,1215,48,0
2042,20.420239793,193.900000000,100,1410,1215,48,0
2043,20.430239360,193.900000000,100,1410,1215,48,0
2044,20.440239399,193.900000000,100,1410,1215,48,0
2045,20.450240079,193.900000000,100,1410,1215,48,0
2046,20.460239847,193.900000000,100,1410,1215,48,0
2047,20.470240948,193.955000000,100,1410,1215,48,0
2048,20.480239163,193.955000000,100,1410,1215,48,0
2049,20.490241126,193.955000000,100,1410,1215,48,0
2050,20.500239050,193.955000000,100,1410,1215,48,0
2051,20.510240622,193.955000000,100,1410,1215,48,0
2052,20.520239649,193.955000000,100,1410,1215,48,0
2053,20.530239668,193.955000000,100,1410,1215,48,0
2054,20.540239997,193.955000000,100,1410,1215,48,0
2055,20.550240156,193.955000000,100,1410,1215,48,0
2056,20.560240205,193.955000000,100,1410,1215,48,0
2057,20.570240454,194.099000000,100,1410,1215,48,0
2058,20.580239471,194.099000000,100,1410,1215,48,0
2059,20.590240721,194.099000000,100,1410,1215,48,0
2060,20.600239908,194.099000000,100,1410,1215,48,0
2061,20.610240108,194.099000000,100,1410,1215,48,0
2062,20.620240086,194.099000000,100,1410,1215,48,0
2063,20.630241307,194.099000000,100,1410,1215,48,0
2064,20.640240595,194.099000000,100,1410,1215,48,0
2065,20.650240082,194.099000000,100,1410,1215,48,0
2066,20.660240422,194.099000000,100,1410,1215,48,0
2067,20.670241532,194.111000000,100,1410,1215,48,0
2068,20.680243815,194.111000000,100,1410,1215,48,0
2069,20.690240287,194.111000000,100,1410,1215,48,0
2070,20.700240105,194.111000000,100,1410,1215,48,0
2071,20.710244222,194.111000000,100,1410,1215,48,0
2072,20.720240013,194.111000000,100,1410,1215,48,0
2073,20.730239851,194.111000000,100,1410,1215,48,0
2074,20.740239839,194.111000000,100,1410,1215,48,0
2075,20.750240209,194.111000000,100,1410,1215,48,0
2076,20.760240278,194.111000000,100,1410,1215,48,0
2077,20.770240757,193.961000000,100,1410,1215,48,0
2078,20.780239433,193.961000000,100,1410,1215,48,0
2079,20.790239813,193.961000000,100,1410,1215,48,0
2080,20.800239711,193.961000000,100,1410,1215,48,0
2081,20.810239890,193.961000000,100,1410,1215,48,0
2082,20.820240219,193.961000000,100,1410,1215,48,0
2083,20.830239757,193.961000000,100,1410,1215,48,0
2084,20.840244304,193.961000000,100,1410,1215,48,0
2085,20.850240115,193.961000000,100,1410,1215,48,0
2086,20.860240795,193.961000000,100,1410,1215,48,0
2087,20.870221718,194.039000000,100,1410,1215,48,0
2088,20.880240081,194.039000000,100,1410,1215,48,0
2089,20.890240300,194.039000000,100,1410,1215,48,0
2090,20.900239387,194.039000000,100,1410,1215,48,0
2091,20.910239697,194.039000000,100,1410,1215,48,0
2092,20.920240446,194.039000000,100,1410,1215,48,0
2093,20.930242669,194.039000000,100,1410,1215,48,0
2094,20.940240374,194.039000000,100,1410,1215,48,0
2095,20.950239761,194.039000000,100,1410,1215,48,0
2096,20.960240431,194.039000000,100,1410,1215,48,0
2097,20.970240991,194.189000000,100,1410,1215,48,0
2098,20.980240418,194.189000000,100,1410,1215,48,0
2099,20.990241128,194.189000000,100,1410,1215,48,0
2100,21.000240175,194.189000000,100,1410,1215,48,0
2101,21.010239843,194.189000000,100,1410,1215,48,0
2102,21.020239812,194.189000000,100,1410,1215,48,0
2103,21.030239720,194.189000000,100,1410,1215,48,0
2104,21.040239318,194.189000000,100,1410,1215,48,0
2105,21.050239367,194.189000000,100,1410,1215,48,0
2106,21.060242311,194.189000000,100,1410,1215,48,0
2107,21.070241678,194.051000000,100,1410,1215,48,0
2108,21.080240144,194.051000000,100,1410,1215,48,0
2109,21.090240804,194.051000000,100,1410,1215,48,0
2110,21.100239761,194.051000000,100,1410,1215,48,0
2111,21.110239790,194.051000000,100,1410,1215,48,0
2112,21.120238676,194.051000000,100,1410,1215,48,0
2113,21.130240538,194.051000000,100,1410,1215,48,0
2114,21.140239435,194.051000000,100,1410,1215,48,0
2115,21.150240486,194.051000000,100,1410,1215,48,0
2116,21.160239913,194.051000000,100,1410,1215,48,0
2117,21.170242597,193.949000000,100,1410,1215,48,0
2118,21.180239189,193.949000000,100,1410,1215,48,0
2119,21.190242073,193.949000000,100,1410,1215,48,0
2120,21.200239257,193.949000000,100,1410,1215,48,0
2121,21.210242391,193.949000000,100,1410,1215,48,0
2122,21.220240106,193.949000000,100,1410,1215,48,0
2123,21.230239743,193.949000000,100,1410,1215,48,0
2124,21.240239602,193.949000000,100,1410,1215,48,0
2125,21.250239510,193.949000000,100,1410,1215,48,0
2126,21.260239920,193.949000000,100,1410,1215,48,0
2127,21.270240770,193.942000000,100,1410,1215,48,0
2128,21.280239346,193.942000000,100,1410,1215,48,0
2129,21.290239936,193.942000000,100,1410,1215,48,0
2130,21.300239183,193.942000000,100,1410,1215,48,0
2131,21.310240033,193.942000000,100,1410,1215,48,0
2132,21.320242046,193.942000000,100,1410,1215,48,0
2133,21.330239730,193.942000000,100,1410,1215,48,0
2134,21.340243265,193.942000000,100,1410,1215,48,0
2135,21.350239917,193.942000000,100,1410,1215,48,0
2136,21.360240177,193.942000000,100,1410,1215,48,0
2137,21.370241017,194.099000000,100,1410,1215,48,0
2138,21.380239793,194.099000000,100,1410,1215,48,0
2139,21.390244210,194.099000000,100,1410,1215,48,0
2140,21.400239811,194.099000000,100,1410,1215,48,0
2141,21.410239569,194.099000000,100,1410,1215,48,0
2142,21.420239337,194.099000000,100,1410,1215,48,0
2143,21.430239997,194.099000000,100,1410,1215,48,0
2144,21.440240006,194.099000000,100,1410,1215,48,0
2145,21.450239934,194.099000000,100,1410,1215,48,0
2146,21.460240063,194.099000000,100,1410,1215,48,0
2147,21.470240933,193.950000000,100,1410,1215,48,0
2148,21.480238918,193.950000000,100,1410,1215,48,0
2149,21.490239097,193.950000000,100,1410,1215,48,0
2150,21.500239276,193.950000000,100,1410,1215,48,0
2151,21.510239205,193.950000000,100,1410,1215,48,0
2152,21.520239203,193.950000000,100,1410,1215,48,0
2153,21.530238771,193.950000000,100,1410,1215,48,0
2154,21.540243769,193.950000000,100,1410,1215,48,0
2155,21.550240291,193.950000000,100,1410,1215,48,0
2156,21.560240030,193.950000000,100,1410,1215,48,0
2157,21.570241511,193.888000000,100,1410,1215,48,0
2158,21.580239927,193.888000000,100,1410,1215,48,0
2159,21.590244444,193.888000000,100,1410,1215,48,0
2160,21.600239403,193.888000000,100,1410,1215,48,0
2161,21.610240163,193.888000000,100,1410,1215,48,0
2162,21.620240713,193.888000000,100,1410,1215,48,0
2163,21.630240461,193.888000000,100,1410,1215,48,0
2164,21.640240500,193.888000000,100,1410,1215,48,0
2165,21.650239336,193.888000000,100,1410,1215,48,0
2166,21.660241158,193.888000000,100,1410,1215,48,0
2167,21.670245004,194.147000000,100,1410,1215,48,0
2168,21.680243931,194.147000000,100,1410,1215,48,0
2169,21.690239221,194.147000000,100,1410,1215,48,0
2170,21.700240001,194.147000000,100,1410,1215,48,0
2171,21.710240510,194.147000000,100,1410,1215,48,0
2172,21.720240539,194.147000000,100,1410,1215,48,0
2173,21.730239175,194.147000000,100,1410,1215,48,0
2174,21.740244013,194.147000000,100,1410,1215,48,0
2175,21.750239533,194.147000000,100,1410,1215,48,0
2176,21.760239692,194.147000000,100,1410,1215,48,0
2177,21.770241003,194.183000000,100,1410,1215,48,0
2178,21.780242204,194.183000000,100,1410,1215,48,0
2179,21.790239267,194.183000000,100,1410,1215,48,0
2180,21.800239957,194.183000000,100,1410,1215,48,0
2181,21.810238723,194.183000000,100,1410,1215,48,0
2182,21.820239634,194.183000000,100,1410,1215,48,0
2183,21.830240003,194.183000000,100,1410,1215,48,0
2184,21.840243709,194.183000000,100,1410,1215,48,0
2185,21.850239890,194.183000000,100,1410,1215,48,0
2186,21.860239979,194.183000000,100,1410,1215,48,0
2187,21.870240869,194.148000000,100,1410,1215,48,0
2188,21.880240277,194.148000000,100,1410,1215,48,0
2189,21.890239845,194.148000000,100,1410,1215,48,0
2190,21.900239142,194.148000000,100,1410,1215,48,0
2191,21.910239662,194.148000000,100,1410,1215,48,0
2192,21.920239580,194.148000000,100,1410,1215,48,0
2193,21.930223218,194.148000000,100,1410,1215,48,0
2194,21.940239638,194.148000000,100,1410,1215,48,0
2195,21.950239155,194.148000000,100,1410,1215,48,0
2196,21.960239695,194.148000000,100,1410,1215,48,0
2197,21.970241968,194.050000000,100,1410,1215,48,0
2198,21.980239382,194.050000000,100,1410,1215,48,0
2199,21.990240192,194.050000000,100,1410,1215,48,0
2200,22.000240411,194.050000000,100,1410,1215,48,0
2201,22.010239768,194.050000000,100,1410,1215,48,0
2202,22.020239857,194.050000000,100,1410,1215,48,0
2203,22.030240437,194.050000000,100,1410,1215,48,0
2204,22.040243662,194.050000000,100,1410,1215,48,0
2205,22.050239643,194.050000000,100,1410,1215,48,0
2206,22.060239852,194.050000000,100,1410,1215,48,0
2207,22.070241654,194.051000000,100,1410,1215,48,0
2208,22.080239989,194.051000000,100,1410,1215,48,0
2209,22.090243354,194.051000000,100,1410,1215,48,0
2210,22.100240438,194.051000000,100,1410,1215,48,0
2211,22.110239965,194.051000000,100,1410,1215,48,0
2212,22.120239944,194.051000000,100,1410,1215,48,0
2213,22.130240333,194.051000000,100,1410,1215,48,0
2214,22.140239540,194.051000000,100,1410,1215,48,0
2215,22.150240421,194.051000000,100,1410,1215,48,0
2216,22.160239568,194.051000000,100,1410,1215,48,0
2217,22.170244726,194.147000000,100,1410,1215,48,0
2218,22.180240627,194.147000000,100,1410,1215,48,0
2219,22.190241708,194.147000000,100,1410,1215,48,0
2220,22.200240705,194.147000000,100,1410,1215,48,0
2221,22.210241865,194.147000000,100,1410,1215,48,0
2222,22.220239790,194.147000000,100,1410,1215,48,0
2223,22.230239929,194.147000000,100,1410,1215,48,0
2224,22.240239878,194.147000000,100,1410,1215,48,0
2225,22.250239846,194.147000000,100,1410,1215,48,0
2226,22.260239835,194.147000000,100,1410,1215,48,0
2227,22.270241026,194.303000000,100,1410,1215,48,0
2228,22.280239501,194.303000000,100,1410,1215,48,0
2229,22.290239370,194.303000000,100,1410,1215,48,0
2230,22.300239659,194.303000000,100,1410,1215,48,0
2231,22.310239437,194.303000000,100,1410,1215,48,0
2232,22.320222134,194.303000000,100,1410,1215,48,0
2233,22.330240296,194.303000000,100,1410,1215,48,0
2234,22.340243621,194.303000000,100,1410,1215,48,0
2235,22.350240624,194.303000000,100,1410,1215,48,0
2236,22.360240342,194.303000000,100,1410,1215,48,0
2237,22.370241303,194.146000000,100,1410,1215,48,0
2238,22.380239157,194.146000000,100,1410,1215,48,0
2239,22.390240398,194.146000000,100,1410,1215,48,0
2240,22.400239395,194.146000000,100,1410,1215,48,0
2241,22.410239775,194.146000000,100,1410,1215,48,0
2242,22.420239392,194.146000000,100,1410,1215,48,0
2243,22.430240523,194.146000000,100,1410,1215,48,0
2244,22.440239119,194.146000000,100,1410,1215,48,0
2245,22.450240080,194.146000000,100,1410,1215,48,0
2246,22.460239297,194.146000000,100,1410,1215,48,0
2247,22.470240498,194.039000000,100,1410,1215,48,0
2248,22.480239905,194.039000000,100,1410,1215,48,0
2249,22.490240044,194.039000000,100,1410,1215,48,0
2250,22.500241355,194.039000000,100,1410,1215,48,0
2251,22.510239901,194.039000000,100,1410,1215,48,0
2252,22.520240140,194.039000000,100,1410,1215,48,0
2253,22.530240099,194.039000000,100,1410,1215,48,0
2254,22.540239667,194.039000000,100,1410,1215,48,0
2255,22.550240066,194.039000000,100,1410,1215,48,0
2256,22.560240606,194.039000000,100,1410,1215,48,0
2257,22.570242178,194.135000000,100,1410,1215,48,0
2258,22.580239441,194.135000000,100,1410,1215,48,0
2259,22.590240882,194.135000000,100,1410,1215,48,0
2260,22.600239819,194.135000000,100,1410,1215,48,0
2261,22.610244657,194.135000000,100,1410,1215,48,0
2262,22.620239987,194.135000000,100,1410,1215,48,0
2263,22.630241077,194.135000000,100,1410,1215,48,0
2264,22.640240294,194.135000000,100,1410,1215,48,0
2265,22.650240494,194.135000000,100,1410,1215,48,0
2266,22.660240101,194.135000000,100,1410,1215,48,0
2267,22.670241763,194.244000000,100,1410,1215,48,0
2268,22.680243806,194.244000000,100,1410,1215,48,0
2269,22.690240398,194.244000000,100,1410,1215,48,0
2270,22.700244524,194.244000000,100,1410,1215,48,0
2271,22.710241367,194.244000000,100,1410,1215,48,0
2272,22.720240344,194.244000000,100,1410,1215,48,0
2273,22.730240663,194.244000000,100,1410,1215,48,0
2274,22.740239950,194.244000000,100,1410,1215,48,0
2275,22.750239899,194.244000000,100,1410,1215,48,0
2276,22.760244306,194.244000000,100,1410,1215,48,0
2277,22.770241018,193.900000000,100,1410,1215,48,0
2278,22.780240817,193.900000000,100,1410,1215,48,0
2279,22.790239523,193.900000000,100,1410,1215,48,0
2280,22.800239401,193.900000000,100,1410,1215,48,0
2281,22.810239941,193.900000000,100,1410,1215,48,0
2282,22.820240070,193.900000000,100,1410,1215,48,0
2283,22.830239568,193.900000000,100,1410,1215,48,0
2284,22.840238494,193.900000000,100,1410,1215,48,0
2285,22.850239825,193.900000000,100,1410,1215,48,0
2286,22.860240405,193.900000000,100,1410,1215,48,0
2287,22.870246014,194.038000000,100,1410,1215,48,0
2288,22.880239120,194.038000000,100,1410,1215,48,0
2289,22.890239690,194.038000000,100,1410,1215,48,0
2290,22.900240440,194.038000000,100,1410,1215,48,0
2291,22.910240148,194.038000000,100,1410,1215,48,0
2292,22.920240567,194.038000000,100,1410,1215,48,0
2293,22.930240756,194.038000000,100,1410,1215,48,0
2294,22.940239002,194.038000000,100,1410,1215,48,0
2295,22.950239972,194.038000000,100,1410,1215,48,0
2296,22.960239400,194.038000000,100,1410,1215,48,0
2297,22.970241552,194.146000000,100,1410,1215,48,0
2298,22.980239788,194.146000000,100,1410,1215,48,0
2299,22.990240217,194.146000000,100,1410,1215,48,0
2300,23.000239795,194.146000000,100,1410,1215,48,0
2301,23.010239784,194.146000000,100,1410,1215,48,0
2302,23.020244040,194.146000000,100,1410,1215,48,0
2303,23.030240092,194.146000000,100,1410,1215,48,0
2304,23.040240832,194.146000000,100,1410,1215,48,0
2305,23.050240470,194.146000000,100,1410,1215,48,0
2306,23.060240208,194.146000000,100,1410,1215,48,0
2307,23.070241068,193.985000000,100,1410,1215,48,0
2308,23.080239995,193.985000000,100,1410,1215,48,0
2309,23.090244362,193.985000000,100,1410,1215,48,0
2310,23.100240433,193.985000000,100,1410,1215,48,0
2311,23.110240652,193.985000000,100,1410,1215,48,0
2312,23.120240080,193.985000000,100,1410,1215,48,0
2313,23.130240809,193.985000000,100,1410,1215,48,0
2314,23.140243223,193.985000000,100,1410,1215,48,0
2315,23.150240436,193.985000000,100,1410,1215,48,0
2316,23.160240876,193.985000000,100,1410,1215,48,0
2317,23.170243549,194.147000000,100,1410,1215,48,0
2318,23.180240262,194.147000000,100,1410,1215,48,0
2319,23.190243086,194.147000000,100,1410,1215,48,0
2320,23.200239418,194.147000000,100,1410,1215,48,0
2321,23.210242001,194.147000000,100,1410,1215,48,0
2322,23.220238954,194.147000000,100,1410,1215,48,0
2323,23.230240125,194.147000000,100,1410,1215,48,0
2324,23.240240494,194.147000000,100,1410,1215,48,0
2325,23.250240242,194.147000000,100,1410,1215,48,0
2326,23.260239850,194.147000000,100,1410,1215,48,0
2327,23.270242083,194.148000000,100,1410,1215,48,0
2328,23.280239717,194.148000000,100,1410,1215,48,0
2329,23.290241529,194.148000000,100,1410,1215,48,0
2330,23.300240085,194.148000000,100,1410,1215,48,0
2331,23.310239834,194.148000000,100,1410,1215,48,0
2332,23.320242687,194.148000000,100,1410,1215,48,0
2333,23.330238789,194.148000000,100,1410,1215,48,0
2334,23.340241883,194.148000000,100,1410,1215,48,0
2335,23.350238776,194.148000000,100,1410,1215,48,0
2336,23.360239626,194.148000000,100,1410,1215,48,0
2337,23.370242090,194.340000000,100,1410,1215,48,0
2338,23.380239634,194.340000000,100,1410,1215,48,0
2339,23.390239863,194.340000000,100,1410,1215,48,0
2340,23.400239260,194.340000000,100,1410,1215,48,0
2341,23.410240431,194.340000000,100,1410,1215,48,0
2342,23.420240159,194.340000000,100,1410,1215,48,0
2343,23.430239767,194.340000000,100,1410,1215,48,0
2344,23.440240096,194.340000000,100,1410,1215,48,0
2345,23.450239955,194.340000000,100,1410,1215,48,0
2346,23.460239743,194.340000000,100,1410,1215,48,0
2347,23.470241465,194.340000000,100,1410,1215,48,0
2348,23.480238989,194.340000000,100,1410,1215,48,0
2349,23.490239689,194.340000000,100,1410,1215,48,0
2350,23.500239828,194.340000000,100,1410,1215,48,0
2351,23.510239817,194.340000000,100,1410,1215,48,0
2352,23.520239705,194.340000000,100,1410,1215,48,0
2353,23.530239373,194.340000000,100,1410,1215,48,0
2354,23.540240053,194.340000000,100,1410,1215,48,0
2355,23.550245762,194.340000000,100,1410,1215,48,0
2356,23.560240902,194.340000000,100,1410,1215,48,0
2357,23.570241622,194.244000000,100,1410,1215,48,0
2358,23.580239546,194.244000000,100,1410,1215,48,0
2359,23.590240237,194.244000000,100,1410,1215,48,0
2360,23.600240706,194.244000000,100,1410,1215,48,0
2361,23.610240344,194.244000000,100,1410,1215,48,0
2362,23.620241395,194.244000000,100,1410,1215,48,0
2363,23.630240131,194.244000000,100,1410,1215,48,0
2364,23.640240811,194.244000000,100,1410,1215,48,0
2365,23.650240599,194.244000000,100,1410,1215,48,0
2366,23.660240477,194.244000000,100,1410,1215,48,0
2367,23.670242029,194.231000000,100,1410,1215,48,0
2368,23.680240124,194.231000000,100,1410,1215,48,0
2369,23.690240504,194.231000000,100,1410,1215,48,0
2370,23.700240282,194.231000000,100,1410,1215,48,0
2371,23.710244669,194.231000000,100,1410,1215,48,0
2372,23.720240940,194.231000000,100,1410,1215,48,0
2373,23.730240709,194.231000000,100,1410,1215,48,0
2374,23.740239936,194.231000000,100,1410,1215,48,0
2375,23.750240616,194.231000000,100,1410,1215,48,0
2376,23.760240153,194.231000000,100,1410,1215,48,0
2377,23.770241324,194.399000000,100,1410,1215,48,0
2378,23.780240982,194.399000000,100,1410,1215,48,0
2379,23.790240570,194.399000000,100,1410,1215,48,0
2380,23.800240198,194.399000000,100,1410,1215,48,0
2381,23.810240057,194.399000000,100,1410,1215,48,0
2382,23.820240075,194.399000000,100,1410,1215,48,0
2383,23.830240214,194.399000000,100,1410,1215,48,0
2384,23.840239612,194.399000000,100,1410,1215,48,0
2385,23.850239580,194.399000000,100,1410,1215,48,0
2386,23.860240140,194.399000000,100,1410,1215,48,0
2387,23.870245639,194.093000000,100,1410,1215,48,0
2388,23.880241159,194.093000000,100,1410,1215,48,0
2389,23.890239314,194.093000000,100,1410,1215,48,0
2390,23.900239553,194.093000000,100,1410,1215,48,0
2391,23.910240424,194.093000000,100,1410,1215,48,0
2392,23.920239671,194.093000000,100,1410,1215,48,0
2393,23.930222016,194.093000000,100,1410,1215,48,0
2394,23.940225191,194.093000000,100,1410,1215,48,0
2395,23.950241250,194.093000000,100,1410,1215,48,0
2396,23.960240457,194.093000000,100,1410,1215,48,0
2397,23.970240987,194.039000000,100,1410,1215,48,0
2398,23.980239182,194.039000000,100,1410,1215,48,0
2399,23.990244240,194.039000000,100,1410,1215,48,0
2400,24.000239690,194.039000000,100,1410,1215,48,0
2401,24.010240030,194.039000000,100,1410,1215,48,0
2402,24.020239197,194.039000000,100,1410,1215,48,0
2403,24.030240087,194.039000000,100,1410,1215,48,0
2404,24.040238302,194.039000000,100,1410,1215,48,0
2405,24.050239573,194.039000000,100,1410,1215,48,0
2406,24.060239562,194.039000000,100,1410,1215,48,0
2407,24.070241324,194.327000000,100,1410,1215,48,0
2408,24.080239730,194.327000000,100,1410,1215,48,0
2409,24.090239247,194.327000000,100,1410,1215,48,0
2410,24.100240338,194.327000000,100,1410,1215,48,0
2411,24.110240016,194.327000000,100,1410,1215,48,0
2412,24.120239323,194.327000000,100,1410,1215,48,0
2413,24.130239272,194.327000000,100,1410,1215,48,0
2414,24.140239972,194.327000000,100,1410,1215,48,0
2415,24.150239930,194.327000000,100,1410,1215,48,0
2416,24.160244237,194.327000000,100,1410,1215,48,0
2417,24.170244126,194.189000000,100,1410,1215,48,0
2418,24.180240257,194.189000000,100,1410,1215,48,0
2419,24.190242490,194.189000000,100,1410,1215,48,0
2420,24.200240154,194.189000000,100,1410,1215,48,0
2421,24.210243339,194.189000000,100,1410,1215,48,0
2422,24.220239941,194.189000000,100,1410,1215,48,0
2423,24.230239278,194.189000000,100,1410,1215,48,0
2424,24.240239558,194.189000000,100,1410,1215,48,0
2425,24.250240198,194.189000000,100,1410,1215,48,0
2426,24.260239575,194.189000000,100,1410,1215,48,0
2427,24.270241437,193.900000000,100,1410,1215,48,0
2428,24.280239632,193.900000000,100,1410,1215,48,0
2429,24.290239791,193.900000000,100,1410,1215,48,0
2430,24.300239399,193.900000000,100,1410,1215,48,0
2431,24.310239478,193.900000000,100,1410,1215,48,0
2432,24.320226593,193.900000000,100,1410,1215,48,0
2433,24.330240117,193.900000000,100,1410,1215,48,0
2434,24.340241959,193.900000000,100,1410,1215,48,0
2435,24.350239743,193.900000000,100,1410,1215,48,0
2436,24.360239852,193.900000000,100,1410,1215,48,0
2437,24.370241484,194.341000000,100,1410,1215,48,0
2438,24.380239819,194.341000000,100,1410,1215,48,0
2439,24.390239748,194.341000000,100,1410,1215,48,0
2440,24.400239776,194.341000000,100,1410,1215,48,0
2441,24.410240056,194.341000000,100,1410,1215,48,0
2442,24.420239463,194.341000000,100,1410,1215,48,0
2443,24.430239001,194.341000000,100,1410,1215,48,0
2444,24.440239410,194.341000000,100,1410,1215,48,0
2445,24.450239519,194.341000000,100,1410,1215,48,0
2446,24.460239157,194.341000000,100,1410,1215,48,0
2447,24.470241731,194.244000000,100,1410,1215,48,0
2448,24.480239535,194.244000000,100,1410,1215,48,0
2449,24.490238562,194.244000000,100,1410,1215,48,0
2450,24.500239332,194.244000000,100,1410,1215,48,0
2451,24.510239160,194.244000000,100,1410,1215,48,0
2452,24.520239149,194.244000000,100,1410,1215,48,0
2453,24.530240090,194.244000000,100,1410,1215,48,0
2454,24.540239688,194.244000000,100,1410,1215,48,0
2455,24.550241610,194.244000000,100,1410,1215,48,0
2456,24.560239785,194.244000000,100,1410,1215,48,0
2457,24.570241277,194.339000000,100,1410,1215,48,0
2458,24.580240694,194.339000000,100,1410,1215,48,0
2459,24.590239961,194.339000000,100,1410,1215,48,0
2460,24.600239910,194.339000000,100,1410,1215,48,0
2461,24.610239418,194.339000000,100,1410,1215,48,0
2462,24.620240127,194.339000000,100,1410,1215,48,0
2463,24.630244384,194.339000000,100,1410,1215,48,0
2464,24.640240576,194.339000000,100,1410,1215,48,0
2465,24.650239492,194.339000000,100,1410,1215,48,0
2466,24.660239661,194.339000000,100,1410,1215,48,0
2467,24.670241543,194.243000000,100,1410,1215,48,0
2468,24.680243816,194.243000000,100,1410,1215,48,0
2469,24.690240148,194.243000000,100,1410,1215,48,0
2470,24.700239285,194.243000000,100,1410,1215,48,0
2471,24.710244053,194.243000000,100,1410,1215,48,0
2472,24.720240004,194.243000000,100,1410,1215,48,0
2473,24.730240023,194.243000000,100,1410,1215,48,0
2474,24.740239360,194.243000000,100,1410,1215,48,0
2475,24.750244568,194.243000000,100,1410,1215,48,0
2476,24.760239067,194.243000000,100,1410,1215,48,0
2477,24.770241680,194.244000000,100,1410,1215,48,0
2478,24.780246428,194.244000000,100,1410,1215,48,0
2479,24.790240195,194.244000000,100,1410,1215,48,0
2480,24.800240043,194.244000000,100,1410,1215,48,0
2481,24.810239250,194.244000000,100,1410,1215,48,0
2482,24.820239600,194.244000000,100,1410,1215,48,0
2483,24.830239258,194.244000000,100,1410,1215,48,0
2484,24.840238375,194.244000000,100,1410,1215,48,0
2485,24.850243533,194.244000000,100,1410,1215,48,0
2486,24.860239274,194.244000000,100,1410,1215,48,0
2487,24.870241697,194.399000000,100,1410,1215,48,0
2488,24.880241375,194.399000000,100,1410,1215,48,0
2489,24.890239410,194.399000000,100,1410,1215,48,0
2490,24.900243637,194.399000000,100,1410,1215,48,0
2491,24.910239738,194.399000000,100,1410,1215,48,0
2492,24.920239476,194.399000000,100,1410,1215,48,0
2493,24.930239495,194.399000000,100,1410,1215,48,0
2494,24.940241587,194.399000000,100,1410,1215,48,0
2495,24.950240113,194.399000000,100,1410,1215,48,0
2496,24.960239881,194.399000000,100,1410,1215,48,0
2497,24.970240762,194.399000000,100,1410,1215,48,0
2498,24.980238586,194.399000000,100,1410,1215,48,0
2499,24.990238665,194.399000000,100,1410,1215,48,0
2500,25.000240237,194.399000000,100,1410,1215,48,0
2501,25.010238793,194.399000000,100,1410,1215,48,0
2502,25.020239733,194.399000000,100,1410,1215,48,0
2503,25.030240183,194.399000000,100,1410,1215,48,0
2504,25.040239991,194.399000000,100,1410,1215,48,0
2505,25.050239248,194.399000000,100,1410,1215,48,0
2506,25.060238616,194.399000000,100,1410,1215,48,0
2507,25.070244595,194.249000000,100,1410,1215,48,0
2508,25.080239013,194.249000000,100,1410,1215,48,0
2509,25.090244032,194.249000000,100,1410,1215,48,0
2510,25.100238951,194.249000000,100,1410,1215,48,0
2511,25.110239410,194.249000000,100,1410,1215,48,0
2512,25.120239569,194.249000000,100,1410,1215,48,0
2513,25.130243916,194.249000000,100,1410,1215,48,0
2514,25.140239867,194.249000000,100,1410,1215,48,0
2515,25.150242140,194.249000000,100,1410,1215,48,0
2516,25.160240796,194.249000000,100,1410,1215,48,0
2517,25.170244762,193.948000000,100,1410,1215,48,0
2518,25.180239561,193.948000000,100,1410,1215,48,0
2519,25.190242205,193.948000000,100,1410,1215,48,0
2520,25.200239368,193.948000000,100,1410,1215,48,0
2521,25.210243114,193.948000000,100,1410,1215,48,0
2522,25.220240277,193.948000000,100,1410,1215,48,0
2523,25.230239935,193.948000000,100,1410,1215,48,0
2524,25.240239864,193.948000000,100,1410,1215,48,0
2525,25.250239251,193.948000000,100,1410,1215,48,0
2526,25.260239991,193.948000000,100,1410,1215,48,0
2527,25.270241322,194.436000000,100,1410,1215,48,0
2528,25.280240570,194.436000000,100,1410,1215,48,0
2529,25.290240087,194.436000000,100,1410,1215,48,0
2530,25.300240096,194.436000000,100,1410,1215,48,0
2531,25.310240836,194.436000000,100,1410,1215,48,0
2532,25.320225666,194.436000000,100,1410,1215,48,0
2533,25.330240012,194.436000000,100,1410,1215,48,0
2534,25.340241804,194.436000000,100,1410,1215,48,0
2535,25.350241842,194.436000000,100,1410,1215,48,0
2536,25.360240318,194.436000000,100,1410,1215,48,0
2537,25.370240838,194.341000000,100,1410,1215,48,0
2538,25.380239865,194.341000000,100,1410,1215,48,0
2539,25.390239363,194.341000000,100,1410,1215,48,0
2540,25.400239261,194.341000000,100,1410,1215,48,0
2541,25.410239550,194.341000000,100,1410,1215,48,0
2542,25.420240170,194.341000000,100,1410,1215,48,0
2543,25.430239728,194.341000000,100,1410,1215,48,0
2544,25.440239636,194.341000000,100,1410,1215,48,0
2545,25.450239795,194.341000000,100,1410,1215,48,0
2546,25.460239734,194.341000000,100,1410,1215,48,0
2547,25.470241586,194.189000000,100,1410,1215,48,0
2548,25.480239020,194.189000000,100,1410,1215,48,0
2549,25.490239118,194.189000000,100,1410,1215,48,0
2550,25.500239428,194.189000000,100,1410,1215,48,0
2551,25.510239897,194.189000000,100,1410,1215,48,0
2552,25.520239886,194.189000000,100,1410,1215,48,0
2553,25.530240025,194.189000000,100,1410,1215,48,0
2554,25.540240234,194.189000000,100,1410,1215,48,0
2555,25.550239852,194.189000000,100,1410,1215,48,0
2556,25.560240802,194.189000000,100,1410,1215,48,0
2557,25.570242003,194.340000000,100,1410,1215,48,0
2558,25.580239838,194.340000000,100,1410,1215,48,0
2559,25.590240508,194.340000000,100,1410,1215,48,0
2560,25.600240386,194.340000000,100,1410,1215,48,0
2561,25.610240395,194.340000000,100,1410,1215,48,0
2562,25.620240684,194.340000000,100,1410,1215,48,0
2563,25.630244350,194.340000000,100,1410,1215,48,0
2564,25.640239840,194.340000000,100,1410,1215,48,0
2565,25.650240780,194.340000000,100,1410,1215,48,0
2566,25.660240468,194.340000000,100,1410,1215,48,0
2567,25.670241819,194.340000000,100,1410,1215,48,0
2568,25.680240075,194.340000000,100,1410,1215,48,0
2569,25.690245383,194.340000000,100,1410,1215,48,0
2570,25.700240874,194.340000000,100,1410,1215,48,0
2571,25.710245290,194.340000000,100,1410,1215,48,0
2572,25.720240260,194.340000000,100,1410,1215,48,0
2573,25.730240489,194.340000000,100,1410,1215,48,0
2574,25.740240047,194.340000000,100,1410,1215,48,0
2575,25.750240476,194.340000000,100,1410,1215,48,0
2576,25.760243751,194.340000000,100,1410,1215,48,0
2577,25.770241836,194.401000000,100,1410,1215,48,0
2578,25.780239821,194.401000000,100,1410,1215,48,0
2579,25.790240421,194.401000000,100,1410,1215,48,0
2580,25.800239848,194.401000000,100,1410,1215,48,0
2581,25.810243884,194.401000000,100,1410,1215,48,0
2582,25.820240146,194.401000000,100,1410,1215,48,0
2583,25.830240165,194.401000000,100,1410,1215,48,0
2584,25.840240614,194.401000000,100,1410,1215,48,0
2585,25.850239150,194.401000000,100,1410,1215,48,0
2586,25.860240161,194.401000000,100,1410,1215,48,0
2587,25.870240841,194.532000000,100,1410,1215,48,0
2588,25.880240619,194.532000000,100,1410,1215,48,0
2589,25.890239205,194.532000000,100,1410,1215,48,0
2590,25.900239464,194.532000000,100,1410,1215,48,0
2591,25.910239483,194.532000000,100,1410,1215,48,0
2592,25.920239341,194.532000000,100,1410,1215,48,0
2593,25.930239049,194.532000000,100,1410,1215,48,0
2594,25.940242364,194.532000000,100,1410,1215,48,0
2595,25.950239237,194.532000000,100,1410,1215,48,0
2596,25.960239576,194.532000000,100,1410,1215,48,0
2597,25.970240356,194.279000000,100,1410,1215,48,0
2598,25.980239654,194.279000000,100,1410,1215,48,0
2599,25.990239953,194.279000000,100,1410,1215,48,0
2600,26.000240933,194.279000000,100,1410,1215,48,0
2601,26.010239489,194.279000000,100,1410,1215,48,0
2602,26.020239789,194.279000000,100,1410,1215,48,0
2603,26.030240208,194.279000000,100,1410,1215,48,0
2604,26.040240177,194.279000000,100,1410,1215,48,0
2605,26.050240185,194.279000000,100,1410,1215,48,0
2606,26.060239462,194.279000000,100,1410,1215,48,0
2607,26.070241976,194.339000000,100,1410,1215,48,0
2608,26.080239630,194.339000000,100,1410,1215,48,0
2609,26.090244378,194.339000000,100,1410,1215,48,0
2610,26.100239698,194.339000000,100,1410,1215,48,0
2611,26.110246028,194.339000000,100,1410,1215,48,0
2612,26.120240316,194.339000000,100,1410,1215,48,0
2613,26.130240184,194.339000000,100,1410,1215,48,0
2614,26.140239913,194.339000000,100,1410,1215,48,0
2615,26.150240022,194.339000000,100,1410,1215,48,0
2616,26.160239880,194.339000000,100,1410,1215,48,0
2617,26.170243776,194.593000000,100,1410,1215,48,0
2618,26.180239607,194.593000000,100,1410,1215,48,0
2619,26.190241649,194.593000000,100,1410,1215,48,0
2620,26.200239313,194.593000000,100,1410,1215,48,0
2621,26.210242668,194.593000000,100,1410,1215,48,0
2622,26.220240333,194.593000000,100,1410,1215,48,0
2623,26.230240071,194.593000000,100,1410,1215,48,0
2624,26.240240490,194.593000000,100,1410,1215,48,0
2625,26.250239777,194.593000000,100,1410,1215,48,0
2626,26.260239906,194.593000000,100,1410,1215,48,0
2627,26.270241308,194.340000000,100,1410,1215,48,0
2628,26.280239493,194.340000000,100,1410,1215,48,0
2629,26.290239311,194.340000000,100,1410,1215,48,0
2630,26.300239290,194.340000000,100,1410,1215,48,0
2631,26.310240381,194.340000000,100,1410,1215,48,0
2632,26.320241561,194.340000000,100,1410,1215,48,0
2633,26.330239186,194.340000000,100,1410,1215,48,0
2634,26.340241288,194.340000000,100,1410,1215,48,0
2635,26.350239944,194.340000000,100,1410,1215,48,0
2636,26.360243600,194.340000000,100,1410,1215,48,0
2637,26.370240483,194.237000000,100,1410,1215,48,0
2638,26.380239680,194.237000000,100,1410,1215,48,0
2639,26.390240300,194.237000000,100,1410,1215,48,0
2640,26.400240148,194.237000000,100,1410,1215,48,0
2641,26.410240177,194.237000000,100,1410,1215,48,0
2642,26.420239504,194.237000000,100,1410,1215,48,0
2643,26.430239553,194.237000000,100,1410,1215,48,0
2644,26.440239672,194.237000000,100,1410,1215,48,0
2645,26.450240191,194.237000000,100,1410,1215,48,0
2646,26.460240150,194.237000000,100,1410,1215,48,0
2647,26.470240880,194.435000000,100,1410,1215,48,0
2648,26.480239386,194.435000000,100,1410,1215,48,0
2649,26.490239635,194.435000000,100,1410,1215,48,0
2650,26.500239283,194.435000000,100,1410,1215,48,0
2651,26.510239853,194.435000000,100,1410,1215,48,0
2652,26.520239691,194.435000000,100,1410,1215,48,0
2653,26.530239419,194.435000000,100,1410,1215,48,0
2654,26.540239919,194.435000000,100,1410,1215,48,0
2655,26.550239917,194.435000000,100,1410,1215,48,0
2656,26.560239936,194.435000000,100,1410,1215,48,0
2657,26.570242229,194.340000000,100,1410,1215,48,0
2658,26.580240134,194.340000000,100,1410,1215,48,0
2659,26.590244661,194.340000000,100,1410,1215,48,0
2660,26.600240351,194.340000000,100,1410,1215,48,0
2661,26.610240641,194.340000000,100,1410,1215,48,0
2662,26.620239838,194.340000000,100,1410,1215,48,0
2663,26.630240638,194.340000000,100,1410,1215,48,0
2664,26.640240677,194.340000000,100,1410,1215,48,0
2665,26.650240515,194.340000000,100,1410,1215,48,0
2666,26.660240423,194.340000000,100,1410,1215,48,0
2667,26.670246073,194.279000000,100,1410,1215,48,0
2668,26.680240541,194.279000000,100,1410,1215,48,0
2669,26.690240710,194.279000000,100,1410,1215,48,0
2670,26.700239376,194.279000000,100,1410,1215,48,0
2671,26.710239786,194.279000000,100,1410,1215,48,0
2672,26.720240706,194.279000000,100,1410,1215,48,0
2673,26.730244231,194.279000000,100,1410,1215,48,0
2674,26.740240403,194.279000000,100,1410,1215,48,0
2675,26.750241293,194.279000000,100,1410,1215,48,0
2676,26.760240801,194.279000000,100,1410,1215,48,0
2677,26.770241370,194.532000000,100,1410,1215,48,0
2678,26.780222754,194.532000000,100,1410,1215,48,0
2679,26.790239554,194.532000000,100,1410,1215,48,0
2680,26.800239904,194.532000000,100,1410,1215,48,0
2681,26.810240003,194.532000000,100,1410,1215,48,0
2682,26.820243558,194.532000000,100,1410,1215,48,0
2683,26.830239619,194.532000000,100,1410,1215,48,0
2684,26.840240630,194.532000000,100,1410,1215,48,0
2685,26.850240508,194.532000000,100,1410,1215,48,0
2686,26.860240076,194.532000000,100,1410,1215,48,0
2687,26.870241587,194.284000000,100,1410,1215,48,0
2688,26.880239532,194.284000000,100,1410,1215,48,0
2689,26.890241334,194.284000000,100,1410,1215,48,0
2690,26.900239710,194.284000000,100,1410,1215,48,0
2691,26.910239618,194.284000000,100,1410,1215,48,0
2692,26.920239878,194.284000000,100,1410,1215,48,0
2693,26.930239666,194.284000000,100,1410,1215,48,0
2694,26.940240967,194.284000000,100,1410,1215,48,0
2695,26.950240404,194.284000000,100,1410,1215,48,0
2696,26.960240112,194.284000000,100,1410,1215,48,0
2697,26.970241574,194.249000000,100,1410,1215,48,0
2698,26.980240561,194.249000000,100,1410,1215,48,0
2699,26.990239137,194.249000000,100,1410,1215,48,0
2700,27.000240047,194.249000000,100,1410,1215,48,0
2701,27.010240186,194.249000000,100,1410,1215,48,0
2702,27.020239534,194.249000000,100,1410,1215,48,0
2703,27.030239552,194.249000000,100,1410,1215,48,0
2704,27.040239581,194.249000000,100,1410,1215,48,0
2705,27.050240411,194.249000000,100,1410,1215,48,0
2706,27.060239177,194.249000000,100,1410,1215,48,0
2707,27.070241420,194.436000000,100,1410,1215,48,0
2708,27.080240407,194.436000000,100,1410,1215,48,0
2709,27.090239624,194.436000000,100,1410,1215,48,0
2710,27.100239553,194.436000000,100,1410,1215,48,0
2711,27.110239792,194.436000000,100,1410,1215,48,0
2712,27.120239450,194.436000000,100,1410,1215,48,0
2713,27.130239378,194.436000000,100,1410,1215,48,0
2714,27.140239137,194.436000000,100,1410,1215,48,0
2715,27.150240067,194.436000000,100,1410,1215,48,0
2716,27.160239635,194.436000000,100,1410,1215,48,0
2717,27.170243220,194.444000000,100,1410,1215,48,0
2718,27.180239752,194.444000000,100,1410,1215,48,0
2719,27.190243167,194.444000000,100,1410,1215,48,0
2720,27.200240721,194.444000000,100,1410,1215,48,0
2721,27.210242934,194.444000000,100,1410,1215,48,0
2722,27.220240729,194.444000000,100,1410,1215,48,0
2723,27.230240307,194.444000000,100,1410,1215,48,0
2724,27.240239824,194.444000000,100,1410,1215,48,0
2725,27.250239593,194.444000000,100,1410,1215,48,0
2726,27.260244761,194.444000000,100,1410,1215,48,0
2727,27.270241383,194.092000000,100,1410,1215,48,0
2728,27.280241502,194.092000000,100,1410,1215,48,0
2729,27.290240269,194.092000000,100,1410,1215,48,0
2730,27.300238734,194.092000000,100,1410,1215,48,0
2731,27.310239865,194.092000000,100,1410,1215,48,0
2732,27.320222351,194.092000000,100,1410,1215,48,0
2733,27.330240894,194.092000000,100,1410,1215,48,0
2734,27.340361890,194.092000000,100,1410,1215,48,0
2735,27.350239729,194.092000000,100,1410,1215,48,0
2736,27.360239578,194.092000000,100,1410,1215,48,0
2737,27.370241360,194.436000000,100,1410,1215,49,0
2738,27.380239275,194.436000000,100,1410,1215,49,0
2739,27.390239604,194.436000000,100,1410,1215,49,0
2740,27.400239312,194.436000000,100,1410,1215,49,0
2741,27.410239641,194.436000000,100,1410,1215,49,0
2742,27.420239970,194.436000000,100,1410,1215,49,0
2743,27.430238126,194.436000000,100,1410,1215,49,0
2744,27.440372136,194.436000000,100,1410,1215,49,0
2745,27.450239405,194.436000000,100,1410,1215,49,0
2746,27.460239224,194.436000000,100,1410,1215,49,0
2747,27.470241226,194.630000000,100,1410,1215,49,0
2748,27.480240023,194.630000000,100,1410,1215,49,0
2749,27.490239690,194.630000000,100,1410,1215,49,0
2750,27.500239809,194.630000000,100,1410,1215,49,0
2751,27.510238946,194.630000000,100,1410,1215,49,0
2752,27.520239867,194.630000000,100,1410,1215,49,0
2753,27.530239374,194.630000000,100,1410,1215,49,0
2754,27.540239994,194.630000000,100,1410,1215,49,0
2755,27.550239231,194.630000000,100,1410,1215,49,0
2756,27.560239861,194.630000000,100,1410,1215,49,0
2757,27.570241804,194.539000000,100,1410,1215,49,0
2758,27.580240420,194.539000000,100,1410,1215,49,0
2759,27.590240308,194.539000000,100,1410,1215,49,0
2760,27.600239626,194.539000000,100,1410,1215,49,0
2761,27.610239885,194.539000000,100,1410,1215,49,0
2762,27.620239793,194.539000000,100,1410,1215,49,0
2763,27.630239501,194.539000000,100,1410,1215,49,0
2764,27.640239680,194.539000000,100,1410,1215,49,0
2765,27.650244548,194.539000000,100,1410,1215,49,0
2766,27.660239958,194.539000000,100,1410,1215,49,0
2767,27.670241059,194.435000000,100,1410,1215,49,0
2768,27.680239695,194.435000000,100,1410,1215,49,0
2769,27.690239413,194.435000000,100,1410,1215,49,0
2770,27.700243379,194.435000000,100,1410,1215,49,0
2771,27.710239771,194.435000000,100,1410,1215,49,0
2772,27.720240151,194.435000000,100,1410,1215,49,0
2773,27.730239177,194.435000000,100,1410,1215,49,0
2774,27.740239156,194.435000000,100,1410,1215,49,0
2775,27.750240828,194.435000000,100,1410,1215,49,0
2776,27.760245184,194.435000000,100,1410,1215,49,0
2777,27.770241276,194.594000000,100,1410,1215,49,0
2778,27.780240774,194.594000000,100,1410,1215,49,0
2779,27.790240972,194.594000000,100,1410,1215,49,0
2780,27.800239398,194.594000000,100,1410,1215,49,0
2781,27.810239227,194.594000000,100,1410,1215,49,0
2782,27.820240538,194.594000000,100,1410,1215,49,0
2783,27.830239324,194.594000000,100,1410,1215,49,0
2784,27.840239112,194.594000000,100,1410,1215,49,0
2785,27.850243900,194.594000000,100,1410,1215,49,0
2786,27.860239460,194.594000000,100,1410,1215,49,0
2787,27.870241192,194.435000000,100,1410,1215,49,0
2788,27.880241341,194.435000000,100,1410,1215,49,0
2789,27.890240649,194.435000000,100,1410,1215,49,0
2790,27.900240086,194.435000000,100,1410,1215,49,0
2791,27.910240425,194.435000000,100,1410,1215,49,0
2792,27.920239592,194.435000000,100,1410,1215,49,0
2793,27.930239401,194.435000000,100,1410,1215,49,0
2794,27.940229811,194.435000000,100,1410,1215,49,0
2795,27.950240550,194.435000000,100,1410,1215,49,0
2796,27.960239497,194.435000000,100,1410,1215,49,0
2797,27.970241339,194.375000000,100,1410,1215,49,0
2798,27.980240195,194.375000000,100,1410,1215,49,0
2799,27.990239743,194.375000000,100,1410,1215,49,0
2800,28.000239962,194.375000000,100,1410,1215,49,0
2801,28.010239540,194.375000000,100,1410,1215,49,0
2802,28.020240130,194.375000000,100,1410,1215,49,0
2803,28.030239918,194.375000000,100,1410,1215,49,0
2804,28.040239767,194.375000000,100,1410,1215,49,0
2805,28.050239976,194.375000000,100,1410,1215,49,0
2806,28.060239223,194.375000000,100,1410,1215,49,0
2807,28.070241496,194.285000000,100,1410,1215,49,0
2808,28.080239681,194.285000000,100,1410,1215,49,0
2809,28.090243607,194.285000000,100,1410,1215,49,0
2810,28.100239668,194.285000000,100,1410,1215,49,0
2811,28.110243705,194.285000000,100,1410,1215,49,0
2812,28.120241569,194.285000000,100,1410,1215,49,0
2813,28.130239785,194.285000000,100,1410,1215,49,0
2814,28.140243410,194.285000000,100,1410,1215,49,0
2815,28.150239772,194.285000000,100,1410,1215,49,0
2816,28.160240532,194.285000000,100,1410,1215,49,0
2817,28.170247273,194.375000000,100,1410,1215,49,0
2818,28.180239978,194.375000000,100,1410,1215,49,0
2819,28.190243373,194.375000000,100,1410,1215,49,0
2820,28.200240166,194.375000000,100,1410,1215,49,0
2821,28.210243230,194.375000000,100,1410,1215,49,0
2822,28.220240935,194.375000000,100,1410,1215,49,0
2823,28.230239721,194.375000000,100,1410,1215,49,0
2824,28.240239950,194.375000000,100,1410,1215,49,0
2825,28.250238286,194.375000000,100,1410,1215,49,0
2826,28.260239767,194.375000000,100,1410,1215,49,0
2827,28.270241970,194.470000000,100,1410,1215,49,0
2828,28.280239193,194.470000000,100,1410,1215,49,0
2829,28.290239513,194.470000000,100,1410,1215,49,0
2830,28.300239712,194.470000000,100,1410,1215,49,0
2831,28.310239289,194.470000000,100,1410,1215,49,0
2832,28.320241713,194.470000000,100,1410,1215,49,0
2833,28.330241030,194.470000000,100,1410,1215,49,0
2834,28.340240678,194.470000000,100,1410,1215,49,0
2835,28.350240246,194.470000000,100,1410,1215,49,0
2836,28.360240064,194.470000000,100,1410,1215,49,0
2837,28.370241185,194.437000000,100,1410,1215,49,0
2838,28.380245412,194.437000000,100,1410,1215,49,0
2839,28.390239659,194.437000000,100,1410,1215,49,0
2840,28.400239327,194.437000000,100,1410,1215,49,0
2841,28.410239707,194.437000000,100,1410,1215,49,0
2842,28.420239785,194.437000000,100,1410,1215,49,0
2843,28.430240035,194.437000000,100,1410,1215,49,0
2844,28.440240264,194.437000000,100,1410,1215,49,0
2845,28.450279616,194.437000000,100,1410,1215,49,0
2846,28.460239640,194.437000000,100,1410,1215,49,0
2847,28.470240440,194.189000000,100,1410,1215,49,0
2848,28.480240459,194.189000000,100,1410,1215,49,0
2849,28.490239255,194.189000000,100,1410,1215,49,0
2850,28.500239354,194.189000000,100,1410,1215,49,0
2851,28.510240044,194.189000000,100,1410,1215,49,0
2852,28.520239972,194.189000000,100,1410,1215,49,0
2853,28.530238989,194.189000000,100,1410,1215,49,0
2854,28.540239168,194.189000000,100,1410,1215,49,0
2855,28.550240199,194.189000000,100,1410,1215,49,0
2856,28.560239166,194.189000000,100,1410,1215,49,0
2857,28.570241609,194.690000000,100,1410,1215,49,0
2858,28.580239914,194.690000000,100,1410,1215,49,0
2859,28.590240224,194.690000000,100,1410,1215,49,0
2860,28.600239912,194.690000000,100,1410,1215,49,0
2861,28.610243206,194.690000000,100,1410,1215,49,0
2862,28.620239699,194.690000000,100,1410,1215,49,0
2863,28.630239617,194.690000000,100,1410,1215,49,0
2864,28.640238874,194.690000000,100,1410,1215,49,0
2865,28.650238913,194.690000000,100,1410,1215,49,0
2866,28.660238371,194.690000000,100,1410,1215,49,0
2867,28.670241465,194.814000000,100,1410,1215,49,0
2868,28.680238669,194.814000000,100,1410,1215,49,0
2869,28.690239539,194.814000000,100,1410,1215,49,0
2870,28.700239487,194.814000000,100,1410,1215,49,0
2871,28.710239446,194.814000000,100,1410,1215,49,0
2872,28.720240126,194.814000000,100,1410,1215,49,0
2873,28.730239754,194.814000000,100,1410,1215,49,0
2874,28.740240083,194.814000000,100,1410,1215,49,0
2875,28.750239481,194.814000000,100,1410,1215,49,0
2876,28.760239559,194.814000000,100,1410,1215,49,0
2877,28.770245920,194.629000000,100,1410,1215,49,0
2878,28.780239817,194.629000000,100,1410,1215,49,0
2879,28.790240677,194.629000000,100,1410,1215,49,0
2880,28.800238762,194.629000000,100,1410,1215,49,0
2881,28.810238942,194.629000000,100,1410,1215,49,0
2882,28.820239331,194.629000000,100,1410,1215,49,0
2883,28.830239300,194.629000000,100,1410,1215,49,0
2884,28.840239569,194.629000000,100,1410,1215,49,0
2885,28.850239718,194.629000000,100,1410,1215,49,0
2886,28.860239917,194.629000000,100,1410,1215,49,0
2887,28.870241208,194.435000000,100,1410,1215,49,0
2888,28.880244432,194.435000000,100,1410,1215,49,0
2889,28.890240394,194.435000000,100,1410,1215,49,0
2890,28.900239180,194.435000000,100,1410,1215,49,0
2891,28.910240070,194.435000000,100,1410,1215,49,0
2892,28.920240239,194.435000000,100,1410,1215,49,0
2893,28.930239647,194.435000000,100,1410,1215,49,0
2894,28.940242511,194.435000000,100,1410,1215,49,0
2895,28.950240155,194.435000000,100,1410,1215,49,0
2896,28.960239552,194.435000000,100,1410,1215,49,0
2897,28.970241164,194.532000000,100,1410,1215,49,0
2898,28.980237596,194.532000000,100,1410,1215,49,0
2899,28.990240120,194.532000000,100,1410,1215,49,0
2900,29.000239607,194.532000000,100,1410,1215,49,0
2901,29.010239646,194.532000000,100,1410,1215,49,0
2902,29.020239705,194.532000000,100,1410,1215,49,0
2903,29.030240665,194.532000000,100,1410,1215,49,0
2904,29.040240083,194.532000000,100,1410,1215,49,0
2905,29.050238629,194.532000000,100,1410,1215,49,0
2906,29.060239719,194.532000000,100,1410,1215,49,0
2907,29.070242443,194.471000000,100,1410,1215,49,0
2908,29.080239146,194.471000000,100,1410,1215,49,0
2909,29.090239585,194.471000000,100,1410,1215,49,0
2910,29.100239123,194.471000000,100,1410,1215,49,0
2911,29.110240204,194.471000000,100,1410,1215,49,0
2912,29.120240232,194.471000000,100,1410,1215,49,0
2913,29.130240612,194.471000000,100,1410,1215,49,0
2914,29.140239328,194.471000000,100,1410,1215,49,0
2915,29.150244236,194.471000000,100,1410,1215,49,0
2916,29.160240077,194.471000000,100,1410,1215,49,0
2917,29.170240496,194.471000000,100,1410,1215,49,0
2918,29.180239132,194.471000000,100,1410,1215,49,0
2919,29.190239622,194.471000000,100,1410,1215,49,0
2920,29.200239680,194.471000000,100,1410,1215,49,0
2921,29.210239138,194.471000000,100,1410,1215,49,0
2922,29.220239327,194.471000000,100,1410,1215,49,0
2923,29.230239566,194.471000000,100,1410,1215,49,0
2924,29.240239485,194.471000000,100,1410,1215,49,0
2925,29.250241016,194.471000000,100,1410,1215,49,0
2926,29.260239753,194.471000000,100,1410,1215,49,0
2927,29.270241014,194.477000000,100,1410,1215,49,0
2928,29.280239469,194.477000000,100,1410,1215,49,0
2929,29.290239889,194.477000000,100,1410,1215,49,0
2930,29.300239887,194.477000000,100,1410,1215,49,0
2931,29.310240217,194.477000000,100,1410,1215,49,0
2932,29.320240576,194.477000000,100,1410,1215,49,0
2933,29.330240535,194.477000000,100,1410,1215,49,0
2934,29.340240373,194.477000000,100,1410,1215,49,0
2935,29.350240231,194.477000000,100,1410,1215,49,0
2936,29.360240541,194.477000000,100,1410,1215,49,0
2937,29.370241191,194.381000000,100,1410,1215,49,0
2938,29.380239716,194.381000000,100,1410,1215,49,0
2939,29.390240867,194.381000000,100,1410,1215,49,0
2940,29.400240365,194.381000000,100,1410,1215,49,0
2941,29.410240333,194.381000000,100,1410,1215,49,0
2942,29.420238799,194.381000000,100,1410,1215,49,0
2943,29.430238708,194.381000000,100,1410,1215,49,0
2944,29.440238135,194.381000000,100,1410,1215,49,0
2945,29.450239366,194.381000000,100,1410,1215,49,0
2946,29.460243893,194.381000000,100,1410,1215,49,0
2947,29.470283967,194.628000000,100,1410,1215,49,0
2948,29.480239643,194.628000000,100,1410,1215,49,0
2949,29.490240423,194.628000000,100,1410,1215,49,0
2950,29.500239961,194.628000000,100,1410,1215,49,0
2951,29.510240100,194.628000000,100,1410,1215,49,0
2952,29.520239126,194.628000000,100,1410,1215,49,0
2953,29.530239406,194.628000000,100,1410,1215,49,0
2954,29.540237020,194.628000000,100,1410,1215,49,0
2955,29.550237880,194.628000000,100,1410,1215,49,0
2956,29.560239041,194.628000000,100,1410,1215,49,0
2957,29.570238689,194.629000000,100,1410,1215,49,0
2958,29.580238818,194.629000000,100,1410,1215,49,0
2959,29.590238997,194.629000000,100,1410,1215,49,0
2960,29.600239446,194.629000000,100,1410,1215,49,0
2961,29.610239816,194.629000000,100,1410,1215,49,0
2962,29.620239333,194.629000000,100,1410,1215,49,0
2963,29.630240224,194.629000000,100,1410,1215,49,0
2964,29.640243499,194.629000000,100,1410,1215,49,0
2965,29.650239800,194.629000000,100,1410,1215,49,0
2966,29.660237645,194.629000000,100,1410,1215,49,0
2967,29.670239337,194.472000000,100,1410,1215,49,0
2968,29.680242261,194.472000000,100,1410,1215,49,0
2969,29.690239895,194.472000000,100,1410,1215,49,0
2970,29.700239974,194.472000000,100,1410,1215,49,0
2971,29.710239752,194.472000000,100,1410,1215,49,0
2972,29.720239891,194.472000000,100,1410,1215,49,0
2973,29.730238938,194.472000000,100,1410,1215,49,0
2974,29.740239006,194.472000000,100,1410,1215,49,0
2975,29.750239807,194.472000000,100,1410,1215,49,0
2976,29.760240988,194.472000000,100,1410,1215,49,0
2977,29.770240145,194.629000000,100,1410,1215,49,0
2978,29.780240474,194.629000000,100,1410,1215,49,0
2979,29.790239901,194.629000000,100,1410,1215,49,0
2980,29.800239510,194.629000000,100,1410,1215,49,0
2981,29.810243926,194.629000000,100,1410,1215,49,0
2982,29.820240108,194.629000000,100,1410,1215,49,0
2983,29.830239325,194.629000000,100,1410,1215,49,0
2984,29.840243572,194.629000000,100,1410,1215,49,0
2985,29.850240274,194.629000000,100,1410,1215,49,0
2986,29.860244260,194.629000000,100,1410,1215,49,0
2987,29.870241143,194.780000000,100,1410,1215,49,0
2988,29.880239799,194.780000000,100,1410,1215,49,0
2989,29.890239898,194.780000000,100,1410,1215,49,0
2990,29.900240398,194.780000000,100,1410,1215,49,0
2991,29.910240006,194.780000000,100,1410,1215,49,0
2992,29.920240635,194.780000000,100,1410,1215,49,0
2993,29.930244521,194.780000000,100,1410,1215,49,0
2994,29.940242246,194.780000000,100,1410,1215,49,0
2995,29.950402555,194.780000000,100,1410,1215,49,0
2996,29.960239147,194.780000000,100,1410,1215,49,0
2997,29.970240388,194.568000000,100,1410,1215,49,0
2998,29.980239165,194.568000000,100,1410,1215,49,0
2999,29.990238592,194.568000000,100,1410,1215,49,0
3000,30.000238431,194.568000000,100,1410,1215,49,0
3001,30.010239040,194.568000000,100,1410,1215,49,0
3002,30.020240452,194.568000000,100,1410,1215,49,0
3003,30.030239589,194.568000000,100,1410,1215,49,0
3004,30.040240459,194.568000000,100,1410,1215,49,0
3005,30.050367406,194.568000000,100,1410,1215,49,0
3006,30.060241849,194.568000000,100,1410,1215,49,0
3007,30.070241016,194.436000000,100,1410,1215,49,0
3008,30.080239822,194.436000000,100,1410,1215,49,0
3009,30.090239611,194.436000000,100,1410,1215,49,0
3010,30.100239690,194.436000000,100,1410,1215,49,0
3011,30.110239648,194.436000000,100,1410,1215,49,0
3012,30.120239396,194.436000000,100,1410,1215,49,0
3013,30.130240727,194.436000000,100,1410,1215,49,0
3014,30.140239955,194.436000000,100,1410,1215,49,0
3015,30.150239873,194.436000000,100,1410,1215,49,0
3016,30.160240022,194.436000000,100,1410,1215,49,0
3017,30.170239079,194.532000000,100,1410,1215,49,0
3018,30.180222116,194.532000000,100,1410,1215,49,0
3019,30.190226412,194.532000000,100,1410,1215,49,0
3020,30.200222464,194.532000000,100,1410,1215,49,0
3021,30.210255885,194.532000000,100,1410,1215,49,0
3022,30.220241807,194.532000000,100,1410,1215,49,0
3023,30.230240944,194.532000000,100,1410,1215,49,0
3024,30.240240232,194.532000000,100,1410,1215,49,0
3025,30.250239649,194.532000000,100,1410,1215,49,0
3026,30.260244237,194.532000000,100,1410,1215,49,0
3027,30.270241340,194.567000000,100,1410,1215,49,0
3028,30.280240046,194.567000000,100,1410,1215,49,0
3029,30.290240055,194.567000000,100,1410,1215,49,0
3030,30.300239723,194.567000000,100,1410,1215,49,0
3031,30.310241254,194.567000000,100,1410,1215,49,0
3032,30.320239780,194.567000000,100,1410,1215,49,0
3033,30.330244728,194.567000000,100,1410,1215,49,0
3034,30.340243945,194.567000000,100,1410,1215,49,0
3035,30.350239596,194.567000000,100,1410,1215,49,0
3036,30.360239655,194.567000000,100,1410,1215,49,0
3037,30.370240875,194.471000000,100,1410,1215,49,0
3038,30.380239211,194.471000000,100,1410,1215,49,0
3039,30.390239701,194.471000000,100,1410,1215,49,0
3040,30.400239629,194.471000000,100,1410,1215,49,0
3041,30.410240309,194.471000000,100,1410,1215,49,0
3042,30.420239717,194.471000000,100,1410,1215,49,0
3043,30.430240366,194.471000000,100,1410,1215,49,0
3044,30.440242529,194.471000000,100,1410,1215,49,0
3045,30.450240384,194.471000000,100,1410,1215,49,0
3046,30.460240573,194.471000000,100,1410,1215,49,0
3047,30.470240892,194.478000000,100,1410,1215,49,0
3048,30.480240660,194.478000000,100,1410,1215,49,0
3049,30.490239787,194.478000000,100,1410,1215,49,0
3050,30.500239525,194.478000000,100,1410,1215,49,0
3051,30.510239534,194.478000000,100,1410,1215,49,0
3052,30.520239733,194.478000000,100,1410,1215,49,0
3053,30.530239000,194.478000000,100,1410,1215,49,0
3054,30.540239590,194.478000000,100,1410,1215,49,0
3055,30.550241673,194.478000000,100,1410,1215,49,0
3056,30.560239708,194.478000000,100,1410,1215,49,0
3057,30.570240257,194.381000000,100,1410,1215,49,0
3058,30.580239625,194.381000000,100,1410,1215,49,0
3059,30.590239744,194.381000000,100,1410,1215,49,0
3060,30.600239341,194.381000000,100,1410,1215,49,0
3061,30.610239410,194.381000000,100,1410,1215,49,0
3062,30.620239108,194.381000000,100,1410,1215,49,0
3063,30.630239418,194.381000000,100,1410,1215,49,0
3064,30.640239567,194.381000000,100,1410,1215,49,0
3065,30.650239245,194.381000000,100,1410,1215,49,0
3066,30.660240406,194.381000000,100,1410,1215,49,0
3067,30.670241757,194.690000000,100,1410,1215,49,0
3068,30.680240072,194.690000000,100,1410,1215,49,0
3069,30.690239380,194.690000000,100,1410,1215,49,0
3070,30.700239178,194.690000000,100,1410,1215,49,0
3071,30.710244406,194.690000000,100,1410,1215,49,0
3072,30.720240077,194.690000000,100,1410,1215,49,0
3073,30.730239875,194.690000000,100,1410,1215,49,0
3074,30.740239012,194.690000000,100,1410,1215,49,0
3075,30.750239762,194.690000000,100,1410,1215,49,0
3076,30.760238779,194.690000000,100,1410,1215,49,0
3077,30.770240761,194.628000000,100,1410,1215,49,0
3078,30.780243716,194.628000000,100,1410,1215,49,0
3079,30.790239907,194.628000000,100,1410,1215,49,0
3080,30.800240878,194.628000000,100,1410,1215,49,0
3081,30.810240185,194.628000000,100,1410,1215,49,0
3082,30.820245103,194.628000000,100,1410,1215,49,0
3083,30.830240062,194.628000000,100,1410,1215,49,0
3084,30.840240481,194.628000000,100,1410,1215,49,0
3085,30.850240921,194.628000000,100,1410,1215,49,0
3086,30.860239777,194.628000000,100,1410,1215,49,0
3087,30.870241369,194.670000000,100,1410,1215,49,0
3088,30.880243993,194.670000000,100,1410,1215,49,0
3089,30.890240334,194.670000000,100,1410,1215,49,0
3090,30.900240103,194.670000000,100,1410,1215,49,0
3091,30.910239640,194.670000000,100,1410,1215,49,0
3092,30.920240661,194.670000000,100,1410,1215,49,0
3093,30.930244537,194.670000000,100,1410,1215,49,0
3094,30.940226161,194.670000000,100,1410,1215,49,0
3095,30.950239074,194.670000000,100,1410,1215,49,0
3096,30.960239904,194.670000000,100,1410,1215,49,0
3097,30.970239662,194.725000000,100,1410,1215,49,0
3098,30.980240944,194.725000000,100,1410,1215,49,0
3099,30.990241213,194.725000000,100,1410,1215,49,0
3100,31.000240199,194.725000000,100,1410,1215,49,0
3101,31.010240849,194.725000000,100,1410,1215,49,0
3102,31.020239796,194.725000000,100,1410,1215,49,0
3103,31.030239374,194.725000000,100,1410,1215,49,0
3104,31.040239954,194.725000000,100,1410,1215,49,0
3105,31.050239421,194.725000000,100,1410,1215,49,0
3106,31.060239340,194.725000000,100,1410,1215,49,0
3107,31.070240270,194.882000000,100,1410,1215,49,0
3108,31.080239597,194.882000000,100,1410,1215,49,0
3109,31.090238955,194.882000000,100,1410,1215,49,0
3110,31.100239114,194.882000000,100,1410,1215,49,0
3111,31.110240074,194.882000000,100,1410,1215,49,0
3112,31.120239542,194.882000000,100,1410,1215,49,0
3113,31.130239911,194.882000000,100,1410,1215,49,0
3114,31.140240581,194.882000000,100,1410,1215,49,0
3115,31.150239588,194.882000000,100,1410,1215,49,0
3116,31.160240017,194.882000000,100,1410,1215,49,0
3117,31.170227232,194.882000000,100,1410,1215,49,0
3118,31.180240015,194.574000000,100,1410,1215,49,0
3119,31.190244392,194.574000000,100,1410,1215,49,0
3120,31.200240052,194.574000000,100,1410,1215,49,0
3121,31.210243918,194.574000000,100,1410,1215,49,0
3122,31.220240410,194.574000000,100,1410,1215,49,0
3123,31.230240178,194.574000000,100,1410,1215,49,0
3124,31.240240548,194.574000000,100,1410,1215,49,0
3125,31.250239194,194.574000000,100,1410,1215,49,0
3126,31.260239193,194.574000000,100,1410,1215,49,0
3127,31.270241415,194.574000000,100,1410,1215,49,0
3128,31.280242356,194.532000000,100,1410,1215,49,0
3129,31.290240090,194.532000000,100,1410,1215,49,0
3130,31.300239818,194.532000000,100,1410,1215,49,0
3131,31.310241891,194.532000000,100,1410,1215,49,0
3132,31.320229276,194.532000000,100,1410,1215,49,0
3133,31.330241207,194.532000000,100,1410,1215,49,0
3134,31.340244752,194.532000000,100,1410,1215,49,0
3135,31.350241034,194.532000000,100,1410,1215,49,0
3136,31.360240051,194.532000000,100,1410,1215,49,0
3137,31.370241572,194.532000000,100,1410,1215,49,0
3138,31.380240409,194.883000000,100,1410,1215,49,0
3139,31.390240207,194.883000000,100,1410,1215,49,0
3140,31.400239414,194.883000000,100,1410,1215,49,0
3141,31.410244883,194.883000000,100,1410,1215,49,0
3142,31.420241265,194.883000000,100,1410,1215,49,0
3143,31.430241825,194.883000000,100,1410,1215,49,0
3144,31.440240431,194.883000000,100,1410,1215,49,0
3145,31.450239898,194.883000000,100,1410,1215,49,0
3146,31.460238935,194.883000000,100,1410,1215,49,0
3147,31.470241048,194.883000000,100,1410,1215,49,0
3148,31.480241397,194.670000000,100,1410,1215,49,0
3149,31.490239673,194.670000000,100,1410,1215,49,0
3150,31.500239962,194.670000000,100,1410,1215,49,0
3151,31.510240030,194.670000000,100,1410,1215,49,0
3152,31.520240019,194.670000000,100,1410,1215,49,0
3153,31.530239827,194.670000000,100,1410,1215,49,0
3154,31.540239205,194.670000000,100,1410,1215,49,0
3155,31.550241658,194.670000000,100,1410,1215,49,0
3156,31.560239944,194.670000000,100,1410,1215,49,0
3157,31.570224934,194.670000000,100,1410,1215,49,0
3158,31.580240642,194.664000000,100,1410,1215,49,0
3159,31.590228769,194.664000000,100,1410,1215,49,0
3160,31.600224710,194.664000000,100,1410,1215,49,0
3161,31.610221172,194.664000000,100,1410,1215,49,0
3162,31.620241278,194.664000000,100,1410,1215,49,0
3163,31.630240175,194.664000000,100,1410,1215,49,0
3164,31.640239322,194.664000000,100,1410,1215,49,0
3165,31.650240052,194.664000000,100,1410,1215,49,0
3166,31.660240561,194.664000000,100,1410,1215,49,0
3167,31.670241031,194.664000000,100,1410,1215,49,0
3168,31.680240589,194.664000000,100,1410,1215,49,0
3169,31.690239535,194.664000000,100,1410,1215,49,0
3170,31.700239454,194.664000000,100,1410,1215,49,0
3171,31.710239984,194.664000000,100,1410,1215,49,0
3172,31.720239652,194.664000000,100,1410,1215,49,0
3173,31.730239480,194.664000000,100,1410,1215,49,0
3174,31.740239769,194.664000000,100,1410,1215,49,0
3175,31.750239447,194.664000000,100,1410,1215,49,0
3176,31.760239967,194.664000000,100,1410,1215,49,0
3177,31.770240827,194.477000000,100,1410,1215,49,0
3178,31.780242008,194.477000000,100,1410,1215,49,0
3179,31.790238841,194.477000000,100,1410,1215,49,0
3180,31.800239651,194.477000000,100,1410,1215,49,0
3181,31.810240181,194.477000000,100,1410,1215,49,0
3182,31.820244447,194.477000000,100,1410,1215,49,0
3183,31.830240208,194.477000000,100,1410,1215,49,0
3184,31.840239996,194.477000000,100,1410,1215,49,0
3185,31.850239865,194.477000000,100,1410,1215,49,0
3186,31.860240374,194.477000000,100,1410,1215,49,0
3187,31.870240643,194.731000000,100,1410,1215,49,0
3188,31.880241083,194.731000000,100,1410,1215,49,0
3189,31.890239679,194.731000000,100,1410,1215,49,0
3190,31.900244356,194.731000000,100,1410,1215,49,0
3191,31.910240317,194.731000000,100,1410,1215,49,0
3192,31.920240186,194.731000000,100,1410,1215,49,0
3193,31.930240705,194.731000000,100,1410,1215,49,0
3194,31.940242367,194.731000000,100,1410,1215,49,0
3195,31.950239521,194.731000000,100,1410,1215,49,0
3196,31.960240180,194.731000000,100,1410,1215,49,0
3197,31.970242463,194.726000000,100,1410,1215,49,0
3198,31.980241150,194.726000000,100,1410,1215,49,0
3199,31.990240617,194.726000000,100,1410,1215,49,0
3200,32.000239885,194.726000000,100,1410,1215,49,0
3201,32.010240304,194.726000000,100,1410,1215,49,0
3202,32.020239872,194.726000000,100,1410,1215,49,0
3203,32.030239400,194.726000000,100,1410,1215,49,0
3204,32.040239659,194.726000000,100,1410,1215,49,0
3205,32.050240269,194.726000000,100,1410,1215,49,0
3206,32.060239536,194.726000000,100,1410,1215,49,0
3207,32.070241268,194.738000000,100,1410,1215,49,0
3208,32.080240244,194.738000000,100,1410,1215,49,0
3209,32.090240113,194.738000000,100,1410,1215,49,0
3210,32.100239971,194.738000000,100,1410,1215,49,0
3211,32.110244538,194.738000000,100,1410,1215,49,0
3212,32.120240189,194.738000000,100,1410,1215,49,0
3213,32.130240689,194.738000000,100,1410,1215,49,0
3214,32.140240186,194.738000000,100,1410,1215,49,0
3215,32.150239594,194.738000000,100,1410,1215,49,0
3216,32.160240204,194.738000000,100,1410,1215,49,0
3217,32.170229973,194.738000000,100,1410,1215,49,0
3218,32.180221065,194.738000000,100,1410,1215,49,0
3219,32.190224951,194.738000000,100,1410,1215,49,0
3220,32.200221192,194.738000000,100,1410,1215,49,0
3221,32.210225189,194.738000000,100,1410,1215,49,0
3222,32.220219947,194.738000000,100,1410,1215,49,0
3223,32.230219265,194.738000000,100,1410,1215,49,0
3224,32.240241886,194.738000000,100,1410,1215,49,0
3225,32.250241664,194.978000000,100,1410,1215,49,0
3226,32.260239940,194.978000000,100,1410,1215,49,0
3227,32.270241662,194.978000000,100,1410,1215,49,0
3228,32.280240448,194.978000000,100,1410,1215,49,0
3229,32.290240196,194.978000000,100,1410,1215,49,0
3230,32.300239523,194.978000000,100,1410,1215,49,0
3231,32.310241115,194.978000000,100,1410,1215,49,0
3232,32.320249490,194.978000000,100,1410,1215,49,0
3233,32.330241112,194.978000000,100,1410,1215,49,0
3234,32.340242494,194.978000000,100,1410,1215,49,0
3235,32.350241430,194.978000000,100,1410,1215,49,0
3236,32.360221311,194.978000000,100,1410,1215,49,0
3237,32.370240867,197.553000000,100,1410,1215,49,0
3238,32.380240525,197.553000000,100,1410,1215,49,0
3239,32.390223301,197.553000000,100,1410,1215,49,0
3240,32.400241654,197.553000000,100,1410,1215,49,0
3241,32.410239489,197.553000000,100,1410,1215,49,0
3242,32.420241241,197.553000000,100,1410,1215,49,0
3243,32.430223857,197.553000000,100,1410,1215,49,0
3244,32.440239755,197.553000000,100,1410,1215,49,0
3245,32.450240796,197.553000000,100,1410,1215,49,0
3246,32.460240614,197.553000000,100,1410,1215,49,0
3247,32.470242186,197.882000000,100,1410,1215,49,0
3248,32.480238918,197.882000000,100,1410,1215,49,0
3249,32.490240790,197.882000000,100,1410,1215,49,0
3250,32.500238164,197.882000000,100,1410,1215,49,0
3251,32.510221011,197.882000000,100,1410,1215,49,0
3252,32.520240786,197.882000000,100,1410,1215,49,0
3253,32.530238491,197.882000000,100,1410,1215,49,0
3254,32.540241325,197.882000000,100,1410,1215,49,0
3255,32.550239920,197.882000000,100,1410,1215,49,0
3256,32.560241933,197.882000000,100,1410,1215,49,0
3257,32.570239477,198.029000000,100,1410,1215,49,0
3258,32.580240147,198.029000000,100,1410,1215,49,0
3259,32.590222713,198.029000000,100,1410,1215,49,0
3260,32.600241867,198.029000000,100,1410,1215,49,0
3261,32.610240033,198.029000000,100,1410,1215,49,0
3262,32.620241634,198.029000000,100,1410,1215,49,0
3263,32.630241753,198.029000000,100,1410,1215,49,0
3264,32.640239878,198.029000000,100,1410,1215,49,0
3265,32.650239907,198.029000000,100,1410,1215,49,0
3266,32.660220780,198.029000000,100,1410,1215,49,0
3267,32.670241988,197.976000000,100,1410,1215,49,0
3268,32.680240204,197.976000000,100,1410,1215,49,0
3269,32.690220415,197.976000000,100,1410,1215,49,0
3270,32.700240622,197.976000000,100,1410,1215,49,0
3271,32.710246712,197.976000000,100,1410,1215,49,0
3272,32.720240830,197.976000000,100,1410,1215,49,0
3273,32.730242261,197.976000000,100,1410,1215,49,0
3274,32.740240306,197.976000000,100,1410,1215,49,0
3275,32.750238922,197.976000000,100,1410,1215,49,0
3276,32.760242096,197.976000000,100,1410,1215,49,0
3277,32.770240973,197.793000000,100,1410,1215,49,0
3278,32.780230121,197.793000000,100,1410,1215,49,0
3279,32.790240259,197.793000000,100,1410,1215,49,0
3280,32.800246690,197.793000000,100,1410,1215,49,0
3281,32.810239845,197.793000000,100,1410,1215,49,0
3282,32.820241217,197.793000000,100,1410,1215,49,0
3283,32.830221058,197.793000000,100,1410,1215,49,0
3284,32.840241484,197.793000000,100,1410,1215,49,0
3285,32.850241263,197.793000000,100,1410,1215,49,0
3286,32.860240841,197.793000000,100,1410,1215,49,0
3287,32.870241631,197.593000000,100,1410,1215,49,0
3288,32.880220680,197.593000000,100,1410,1215,49,0
3289,32.890240736,197.593000000,100,1410,1215,49,0
3290,32.900220678,197.593000000,100,1410,1215,49,0
3291,32.910238119,197.593000000,100,1410,1215,49,0
3292,32.920219633,197.593000000,100,1410,1215,49,0
3293,32.930241052,197.593000000,100,1410,1215,49,0
3294,32.940221854,197.593000000,100,1410,1215,49,0
3295,32.950220410,197.593000000,100,1410,1215,49,0
3296,32.960240226,197.593000000,100,1410,1215,49,0
3297,32.970241537,197.938000000,100,1410,1215,49,0
3298,32.980241816,197.938000000,100,1410,1215,49,0
3299,32.990241945,197.938000000,100,1410,1215,49,0
3300,33.000240261,197.938000000,100,1410,1215,49,0
3301,33.010220653,197.938000000,100,1410,1215,49,0
3302,33.020240549,197.938000000,100,1410,1215,49,0
3303,33.030239836,197.938000000,100,1410,1215,49,0
3304,33.040239805,197.938000000,100,1410,1215,49,0
3305,33.050221529,197.938000000,100,1410,1215,49,0
3306,33.060240593,197.938000000,100,1410,1215,49,0
3307,33.070242075,197.889000000,100,1410,1215,49,0
3308,33.080242524,197.889000000,100,1410,1215,49,0
3309,33.090240399,197.889000000,100,1410,1215,49,0
3310,33.100238614,197.889000000,100,1410,1215,49,0
3311,33.110240126,197.889000000,100,1410,1215,49,0
3312,33.120220928,197.889000000,100,1410,1215,49,0
3313,33.130240414,197.889000000,100,1410,1215,49,0
3314,33.140241635,197.889000000,100,1410,1215,49,0
3315,33.150220874,197.889000000,100,1410,1215,49,0
3316,33.160240750,197.889000000,100,1410,1215,49,0
3317,33.170244135,197.690000000,100,1410,1215,49,0
3318,33.180242270,197.690000000,100,1410,1215,49,0
3319,33.190241548,197.690000000,100,1410,1215,49,0
3320,33.200246836,197.690000000,100,1410,1215,49,0
3321,33.210243839,197.690000000,100,1410,1215,49,0
3322,33.220240612,197.690000000,100,1410,1215,49,0
3323,33.230240180,197.690000000,100,1410,1215,49,0
3324,33.240239697,197.690000000,100,1410,1215,49,0
3325,33.250239526,197.690000000,100,1410,1215,49,0
3326,33.260240176,197.690000000,100,1410,1215,49,0
3327,33.270241467,197.985000000,100,1410,1215,49,0
3328,33.280239191,197.985000000,100,1410,1215,49,0
3329,33.290240141,197.985000000,100,1410,1215,49,0
3330,33.300239790,197.985000000,100,1410,1215,49,0
3331,33.310241161,197.985000000,100,1410,1215,49,0
3332,33.320228295,197.985000000,100,1410,1215,49,0
3333,33.330241669,197.985000000,100,1410,1215,49,0
3334,33.340244112,197.985000000,100,1410,1215,49,0
3335,33.350240173,197.985000000,100,1410,1215,49,0
3336,33.360239812,197.985000000,100,1410,1215,49,0
3337,33.370240832,197.780000000,100,1410,1215,49,0
3338,33.380240731,197.780000000,100,1410,1215,49,0
3339,33.390239978,197.780000000,100,1410,1215,49,0
3340,33.400239726,197.780000000,100,1410,1215,49,0
3341,33.410238753,197.780000000,100,1410,1215,49,0
3342,33.420239563,197.780000000,100,1410,1215,49,0
3343,33.430240032,197.780000000,100,1410,1215,49,0
3344,33.440240492,197.780000000,100,1410,1215,49,0
3345,33.450239910,197.780000000,100,1410,1215,49,0
3346,33.460239598,197.780000000,100,1410,1215,49,0
3347,33.470241780,197.972000000,100,1410,1215,49,0
3348,33.480239595,197.972000000,100,1410,1215,49,0
3349,33.490239473,197.972000000,100,1410,1215,49,0
3350,33.500239372,197.972000000,100,1410,1215,49,0
3351,33.510239751,197.972000000,100,1410,1215,49,0
3352,33.520239489,197.972000000,100,1410,1215,49,0
3353,33.530239658,197.972000000,100,1410,1215,49,0
3354,33.540239868,197.972000000,100,1410,1215,49,0
3355,33.550241449,197.972000000,100,1410,1215,49,0
3356,33.560238953,197.972000000,100,1410,1215,49,0
3357,33.570240875,197.986000000,100,1410,1215,49,0
3358,33.580241375,197.986000000,100,1410,1215,49,0
3359,33.590240472,197.986000000,100,1410,1215,49,0
3360,33.600239609,197.986000000,100,1410,1215,49,0
3361,33.610240459,197.986000000,100,1410,1215,49,0
3362,33.620241089,197.986000000,100,1410,1215,49,0
3363,33.630240436,197.986000000,100,1410,1215,49,0
3364,33.640239593,197.986000000,100,1410,1215,49,0
3365,33.650239993,197.986000000,100,1410,1215,49,0
3366,33.660244029,197.986000000,100,1410,1215,49,0
3367,33.670241704,197.991000000,100,1410,1215,49,0
3368,33.680240350,197.991000000,100,1410,1215,49,0
3369,33.690240328,197.991000000,100,1410,1215,49,0
3370,33.700241199,197.991000000,100,1410,1215,49,0
3371,33.710240145,197.991000000,100,1410,1215,49,0
3372,33.720240204,197.991000000,100,1410,1215,49,0
3373,33.730240683,197.991000000,100,1410,1215,49,0
3374,33.740239289,197.991000000,100,1410,1215,49,0
3375,33.750240671,197.991000000,100,1410,1215,49,0
3376,33.760239978,197.991000000,100,1410,1215,49,0
3377,33.770240207,197.938000000,100,1410,1215,49,0
3378,33.780240226,197.938000000,100,1410,1215,49,0
3379,33.790239794,197.938000000,100,1410,1215,49,0
3380,33.800240153,197.938000000,100,1410,1215,49,0
3381,33.810240142,197.938000000,100,1410,1215,49,0
3382,33.820239709,197.938000000,100,1410,1215,49,0
3383,33.830239438,197.938000000,100,1410,1215,49,0
3384,33.840244265,197.938000000,100,1410,1215,49,0
3385,33.850239876,197.938000000,100,1410,1215,49,0
3386,33.860240055,197.938000000,100,1410,1215,49,0
3387,33.870241135,198.079000000,100,1410,1215,49,0
3388,33.880240262,198.079000000,100,1410,1215,49,0
3389,33.890240011,198.079000000,100,1410,1215,49,0
3390,33.900240380,198.079000000,100,1410,1215,49,0
3391,33.910239748,198.079000000,100,1410,1215,49,0
3392,33.920240437,198.079000000,100,1410,1215,49,0
3393,33.930239915,198.079000000,100,1410,1215,49,0
3394,33.940245023,198.079000000,100,1410,1215,49,0
3395,33.950239562,198.079000000,100,1410,1215,49,0
3396,33.960239691,198.079000000,100,1410,1215,49,0
3397,33.970239870,197.731000000,100,1410,1215,49,0
3398,33.980240850,197.731000000,100,1410,1215,49,0
3399,33.990239246,197.731000000,100,1410,1215,49,0
3400,34.000239926,197.731000000,100,1410,1215,49,0
3401,34.010240495,197.731000000,100,1410,1215,49,0
3402,34.020243660,197.731000000,100,1410,1215,49,0
3403,34.030240262,197.731000000,100,1410,1215,49,0
3404,34.040239359,197.731000000,100,1410,1215,49,0
3405,34.050239268,197.731000000,100,1410,1215,49,0
3406,34.060239447,197.731000000,100,1410,1215,49,0
3407,34.070240177,197.627000000,100,1410,1215,49,0
3408,34.080239945,197.627000000,100,1410,1215,49,0
3409,34.090239302,197.627000000,100,1410,1215,49,0
3410,34.100239732,197.627000000,100,1410,1215,49,0
3411,34.110240502,197.627000000,100,1410,1215,49,0
3412,34.120240481,197.627000000,100,1410,1215,49,0
3413,34.130240219,197.627000000,100,1410,1215,49,0
3414,34.140241169,197.627000000,100,1410,1215,49,0
3415,34.150240857,197.627000000,100,1410,1215,49,0
3416,34.160240716,197.627000000,100,1410,1215,49,0
3417,34.170227750,197.972000000,100,1410,1215,49,0
3418,34.180220535,197.972000000,100,1410,1215,49,0
3419,34.190244419,197.972000000,100,1410,1215,49,0
3420,34.200240129,197.972000000,100,1410,1215,49,0
3421,34.210244246,197.972000000,100,1410,1215,49,0
3422,34.220239956,197.972000000,100,1410,1215,49,0
3423,34.230239394,197.972000000,100,1410,1215,49,0
3424,34.240240014,197.972000000,100,1410,1215,49,0
3425,34.250239882,197.972000000,100,1410,1215,49,0
3426,34.260239209,197.972000000,100,1410,1215,49,0
3427,34.270240731,198.081000000,100,1410,1215,49,0
3428,34.280240940,198.081000000,100,1410,1215,49,0
3429,34.290240678,198.081000000,100,1410,1215,49,0
3430,34.300240386,198.081000000,100,1410,1215,49,0
3431,34.310241116,198.081000000,100,1410,1215,49,0
3432,34.320224263,198.081000000,100,1410,1215,49,0
3433,34.330240623,198.081000000,100,1410,1215,49,0
3434,34.340243146,198.081000000,100,1410,1215,49,0
3435,34.350240440,198.081000000,100,1410,1215,49,0
3436,34.360240108,198.081000000,100,1410,1215,49,0
3437,34.370241489,197.889000000,100,1410,1215,49,0
3438,34.380239844,197.889000000,100,1410,1215,49,0
3439,34.390239733,197.889000000,100,1410,1215,49,0
3440,34.400240263,197.889000000,100,1410,1215,49,0
3441,34.410239860,197.889000000,100,1410,1215,49,0
3442,34.420239909,197.889000000,100,1410,1215,49,0
3443,34.430241631,197.889000000,100,1410,1215,49,0
3444,34.440241269,197.889000000,100,1410,1215,49,0
3445,34.450240206,197.889000000,100,1410,1215,49,0
3446,34.460239413,197.889000000,100,1410,1215,49,0
3447,34.470240854,197.985000000,100,1410,1215,49,0
3448,34.480241314,197.985000000,100,1410,1215,49,0
3449,34.490238948,197.985000000,100,1410,1215,49,0
3450,34.500239939,197.985000000,100,1410,1215,49,0
3451,34.510239136,197.985000000,100,1410,1215,49,0
3452,34.520239505,197.985000000,100,1410,1215,49,0
3453,34.530240546,197.985000000,100,1410,1215,49,0
3454,34.540239482,197.985000000,100,1410,1215,49,0
3455,34.550241385,197.985000000,100,1410,1215,49,0
3456,34.560240041,197.985000000,100,1410,1215,49,0
3457,34.570240630,197.889000000,100,1410,1215,49,0
3458,34.580241230,197.889000000,100,1410,1215,49,0
3459,34.590240568,197.889000000,100,1410,1215,49,0
3460,34.600240496,197.889000000,100,1410,1215,49,0
3461,34.610239794,197.889000000,100,1410,1215,49,0
3462,34.620239461,197.889000000,100,1410,1215,49,0
3463,34.630240182,197.889000000,100,1410,1215,49,0
3464,34.640244108,197.889000000,100,1410,1215,49,0
3465,34.650239998,197.889000000,100,1410,1215,49,0
3466,34.660240468,197.889000000,100,1410,1215,49,0
3467,34.670240717,197.972000000,100,1410,1215,49,0
3468,34.680245455,197.972000000,100,1410,1215,49,0
3469,34.690239803,197.972000000,100,1410,1215,49,0
3470,34.700241254,197.972000000,100,1410,1215,49,0
3471,34.710227207,197.972000000,100,1410,1215,49,0
3472,34.720239548,197.972000000,100,1410,1215,49,0
3473,34.730239948,197.972000000,100,1410,1215,49,0
3474,34.740244605,197.972000000,100,1410,1215,49,0
3475,34.750239654,197.972000000,100,1410,1215,49,0
3476,34.760239783,197.972000000,100,1410,1215,49,0
3477,34.770240814,198.142000000,100,1410,1215,49,0
3478,34.780241273,198.142000000,100,1410,1215,49,0
3479,34.790239779,198.142000000,100,1410,1215,49,0
3480,34.800240579,198.142000000,100,1410,1215,49,0
3481,34.810239636,198.142000000,100,1410,1215,49,0
3482,34.820240346,198.142000000,100,1410,1215,49,0
3483,34.830240425,198.142000000,100,1410,1215,49,0
3484,34.840239783,198.142000000,100,1410,1215,49,0
3485,34.850244200,198.142000000,100,1410,1215,49,0
3486,34.860241152,198.142000000,100,1410,1215,49,0
3487,34.870240901,197.984000000,100,1410,1215,49,0
3488,34.880240138,197.984000000,100,1410,1215,49,0
3489,34.890240287,197.984000000,100,1410,1215,49,0
3490,34.900240125,197.984000000,100,1410,1215,49,0
3491,34.910245113,197.984000000,100,1410,1215,49,0
3492,34.920240042,197.984000000,100,1410,1215,49,0
3493,34.930240342,197.984000000,100,1410,1215,49,0
3494,34.940223198,197.984000000,100,1410,1215,49,0
3495,34.950220111,197.984000000,100,1410,1215,49,0
3496,34.960240007,197.984000000,100,1410,1215,49,0
3497,34.970240176,197.627000000,100,1410,1215,49,0
3498,34.980240665,197.627000000,100,1410,1215,49,0
3499,34.990239552,197.627000000,100,1410,1215,49,0
3500,35.000239531,197.627000000,100,1410,1215,49,0
3501,35.010239599,197.627000000,100,1410,1215,49,0
3502,35.020239838,197.627000000,100,1410,1215,49,0
3503,35.030240348,197.627000000,100,1410,1215,49,0
3504,35.040239665,197.627000000,100,1410,1215,49,0
3505,35.050238783,197.627000000,100,1410,1215,49,0
3506,35.060240044,197.627000000,100,1410,1215,49,0
3507,35.070241615,197.717000000,100,1410,1215,49,0
3508,35.080240331,197.717000000,100,1410,1215,49,0
3509,35.090239689,197.717000000,100,1410,1215,49,0
3510,35.100239357,197.717000000,100,1410,1215,49,0
3511,35.110239566,197.717000000,100,1410,1215,49,0
3512,35.120239605,197.717000000,100,1410,1215,49,0
3513,35.130239844,197.717000000,100,1410,1215,49,0
3514,35.140240564,197.717000000,100,1410,1215,49,0
3515,35.150239380,197.717000000,100,1410,1215,49,0
3516,35.160240241,197.717000000,100,1410,1215,49,0
3517,35.170226283,198.177000000,100,1410,1215,49,0
3518,35.180226141,198.177000000,100,1410,1215,49,0
3519,35.190244474,198.177000000,100,1410,1215,49,0
3520,35.200239744,198.177000000,100,1410,1215,49,0
3521,35.210242999,198.177000000,100,1410,1215,49,0
3522,35.220239822,198.177000000,100,1410,1215,49,0
3523,35.230240592,198.177000000,100,1410,1215,49,0
3524,35.240322324,198.177000000,100,1410,1215,49,0
3525,35.250240379,198.177000000,100,1410,1215,49,0
3526,35.260239746,198.177000000,100,1410,1215,49,0
3527,35.270241258,197.991000000,100,1410,1215,49,0
3528,35.280239994,197.991000000,100,1410,1215,49,0
3529,35.290240053,197.991000000,100,1410,1215,49,0
3530,35.300239600,197.991000000,100,1410,1215,49,0
3531,35.310240851,197.991000000,100,1410,1215,49,0
3532,35.320227665,197.991000000,100,1410,1215,49,0
3533,35.330240849,197.991000000,100,1410,1215,49,0
3534,35.340243573,197.991000000,100,1410,1215,49,0
3535,35.350240245,197.991000000,100,1410,1215,49,0
3536,35.360239943,197.991000000,100,1410,1215,49,0
3537,35.370241204,197.627000000,100,1410,1215,49,0
3538,35.380241042,197.627000000,100,1410,1215,49,0
3539,35.390240780,197.627000000,100,1410,1215,49,0
3540,35.400240038,197.627000000,100,1410,1215,49,0
3541,35.410240257,197.627000000,100,1410,1215,49,0
3542,35.420240005,197.627000000,100,1410,1215,49,0
3543,35.430240986,197.627000000,100,1410,1215,49,0
3544,35.440241886,197.627000000,100,1410,1215,49,0
3545,35.450239590,197.627000000,100,1410,1215,49,0
3546,35.460238948,197.627000000,100,1410,1215,49,0
3547,35.470240599,197.985000000,100,1410,1215,49,0
3548,35.480239737,197.985000000,100,1410,1215,49,0
3549,35.490239344,197.985000000,100,1410,1215,49,0
3550,35.500239624,197.985000000,100,1410,1215,49,0
3551,35.510239612,197.985000000,100,1410,1215,49,0
3552,35.520239420,197.985000000,100,1410,1215,49,0
3553,35.530240221,197.985000000,100,1410,1215,49,0
3554,35.540239839,197.985000000,100,1410,1215,49,0
3555,35.550241460,197.985000000,100,1410,1215,49,0
3556,35.560239936,197.985000000,100,1410,1215,49,0
3557,35.570240025,198.083000000,100,1410,1215,49,0
3558,35.580240795,198.083000000,100,1410,1215,49,0
3559,35.590239481,198.083000000,100,1410,1215,49,0
3560,35.600240001,198.083000000,100,1410,1215,49,0
3561,35.610239058,198.083000000,100,1410,1215,49,0
3562,35.620239778,198.083000000,100,1410,1215,49,0
3563,35.630239636,198.083000000,100,1410,1215,49,0
3564,35.640240486,198.083000000,100,1410,1215,49,0
3565,35.650240515,198.083000000,100,1410,1215,49,0
3566,35.660240083,198.083000000,100,1410,1215,49,0
3567,35.670240823,198.177000000,100,1410,1215,49,0
3568,35.680242675,198.177000000,100,1410,1215,49,0
3569,35.690240620,198.177000000,100,1410,1215,49,0
3570,35.700240388,198.177000000,100,1410,1215,49,0
3571,35.710239886,198.177000000,100,1410,1215,49,0
3572,35.720240245,198.177000000,100,1410,1215,49,0
3573,35.730240544,198.177000000,100,1410,1215,49,0
3574,35.740240744,198.177000000,100,1410,1215,49,0
3575,35.750246162,198.177000000,100,1410,1215,49,0
3576,35.760239979,198.177000000,100,1410,1215,49,0
3577,35.770241892,198.142000000,100,1410,1215,49,0
3578,35.780241339,198.142000000,100,1410,1215,49,0
3579,35.790241709,198.142000000,100,1410,1215,49,0
3580,35.800239613,198.142000000,100,1410,1215,49,0
3581,35.810240343,198.142000000,100,1410,1215,49,0
3582,35.820240512,198.142000000,100,1410,1215,49,0
3583,35.830240801,198.142000000,100,1410,1215,49,0
3584,35.840239908,198.142000000,100,1410,1215,49,0
3585,35.850240448,198.142000000,100,1410,1215,49,0
3586,35.860241108,198.142000000,100,1410,1215,49,0
3587,35.870241538,197.985000000,100,1410,1215,49,0
3588,35.880240214,197.985000000,100,1410,1215,49,0
3589,35.890240653,197.985000000,100,1410,1215,49,0
3590,35.900243898,197.985000000,100,1410,1215,49,0
3591,35.910240981,197.985000000,100,1410,1215,49,0
3592,35.920239377,197.985000000,100,1410,1215,49,0
3593,35.930240528,197.985000000,100,1410,1215,49,0
3594,35.940241298,197.985000000,100,1410,1215,49,0
3595,35.950240084,197.985000000,100,1410,1215,49,0
3596,35.960238329,197.985000000,100,1410,1215,49,0
3597,35.970240352,197.985000000,100,1410,1215,49,0
3598,35.980240952,197.985000000,100,1410,1215,49,0
3599,35.990239698,197.985000000,100,1410,1215,49,0
3600,36.000242803,197.985000000,100,1410,1215,49,0
3601,36.010239044,197.985000000,100,1410,1215,49,0
3602,36.020238812,197.985000000,100,1410,1215,49,0
3603,36.030239172,197.985000000,100,1410,1215,49,0
3604,36.040239160,197.985000000,100,1410,1215,49,0
3605,36.050238698,197.985000000,100,1410,1215,49,0
3606,36.060238807,197.985000000,100,1410,1215,49,0
3607,36.070240689,198.177000000,100,1410,1215,49,0
3608,36.080239566,198.177000000,100,1410,1215,49,0
3609,36.090239604,198.177000000,100,1410,1215,49,0
3610,36.100243600,198.177000000,100,1410,1215,49,0
3611,36.110239612,198.177000000,100,1410,1215,49,0
3612,36.120238749,198.177000000,100,1410,1215,49,0
3613,36.130240000,198.177000000,100,1410,1215,49,0
3614,36.140239818,198.177000000,100,1410,1215,49,0
3615,36.150243784,198.177000000,100,1410,1215,49,0
3616,36.160239685,198.177000000,100,1410,1215,49,0
3617,36.170226339,197.779000000,100,1410,1215,49,0
3618,36.180222470,197.779000000,100,1410,1215,49,0
3619,36.190244220,197.779000000,100,1410,1215,49,0
3620,36.200240421,197.779000000,100,1410,1215,49,0
3621,36.210244117,197.779000000,100,1410,1215,49,0
3622,36.220240509,197.779000000,100,1410,1215,49,0
3623,36.230240507,197.779000000,100,1410,1215,49,0
3624,36.240239494,197.779000000,100,1410,1215,49,0
3625,36.250239112,197.779000000,100,1410,1215,49,0
3626,36.260239221,197.779000000,100,1410,1215,49,0
3627,36.270240532,197.627000000,100,1410,1215,49,0
3628,36.280238707,197.627000000,100,1410,1215,49,0
3629,36.290240539,197.627000000,100,1410,1215,49,0
3630,36.300239957,197.627000000,100,1410,1215,49,0
3631,36.310241007,197.627000000,100,1410,1215,49,0
3632,36.320226138,197.627000000,100,1410,1215,49,0
3633,36.330240965,197.627000000,100,1410,1215,49,0
3634,36.340243708,197.627000000,100,1410,1215,49,0
3635,36.350240812,197.627000000,100,1410,1215,49,0
3636,36.360239618,197.627000000,100,1410,1215,49,0
3637,36.370241220,198.240000000,100,1410,1215,49,0
3638,36.380240808,198.240000000,100,1410,1215,49,0
3639,36.390239554,198.240000000,100,1410,1215,49,0
3640,36.400239452,198.240000000,100,1410,1215,49,0
3641,36.410239441,198.240000000,100,1410,1215,49,0
3642,36.420240382,198.240000000,100,1410,1215,49,0
3643,36.430240801,198.240000000,100,1410,1215,49,0
3644,36.440240198,198.240000000,100,1410,1215,49,0
3645,36.450239456,198.240000000,100,1410,1215,49,0
3646,36.460239875,198.240000000,100,1410,1215,49,0
3647,36.470240595,198.083000000,100,1410,1215,49,0
3648,36.480244291,198.083000000,100,1410,1215,49,0
3649,36.490239711,198.083000000,100,1410,1215,49,0
3650,36.500239319,198.083000000,100,1410,1215,49,0
3651,36.510239598,198.083000000,100,1410,1215,49,0
3652,36.520244065,198.083000000,100,1410,1215,49,0
3653,36.530240327,198.083000000,100,1410,1215,49,0
3654,36.540239514,198.083000000,100,1410,1215,49,0
3655,36.550241326,198.083000000,100,1410,1215,49,0
3656,36.560239541,198.083000000,100,1410,1215,49,0
3657,36.570240281,197.876000000,100,1410,1215,49,0
3658,36.580240530,197.876000000,100,1410,1215,49,0
3659,36.590240389,197.876000000,100,1410,1215,49,0
3660,36.600239455,197.876000000,100,1410,1215,49,0
3661,36.610243682,197.876000000,100,1410,1215,49,0
3662,36.620240405,197.876000000,100,1410,1215,49,0
3663,36.630239552,197.876000000,100,1410,1215,49,0
3664,36.640239180,197.876000000,100,1410,1215,49,0
3665,36.650244027,197.876000000,100,1410,1215,49,0
3666,36.660240800,197.876000000,100,1410,1215,49,0
3667,36.670240638,198.239000000,100,1410,1215,49,0
3668,36.680239244,198.239000000,100,1410,1215,49,0
3669,36.690244082,198.239000000,100,1410,1215,49,0
3670,36.700239522,198.239000000,100,1410,1215,49,0
3671,36.710239952,198.239000000,100,1410,1215,49,0
3672,36.720239630,198.239000000,100,1410,1215,49,0
3673,36.730239228,198.239000000,100,1410,1215,49,0
3674,36.740240759,198.239000000,100,1410,1215,49,0
3675,36.750238784,198.239000000,100,1410,1215,49,0
3676,36.760239664,198.239000000,100,1410,1215,49,0
3677,36.770240936,198.171000000,100,1410,1215,49,0
3678,36.780240744,198.171000000,100,1410,1215,49,0
3679,36.790239570,198.171000000,100,1410,1215,49,0
3680,36.800244318,198.171000000,100,1410,1215,49,0
3681,36.810241481,198.171000000,100,1410,1215,49,0
3682,36.820240929,198.171000000,100,1410,1215,49,0
3683,36.830240336,198.171000000,100,1410,1215,49,0
3684,36.840239153,198.171000000,100,1410,1215,49,0
3685,36.850239402,198.171000000,100,1410,1215,49,0
3686,36.860239901,198.171000000,100,1410,1215,49,0
3687,36.870241413,197.991000000,100,1410,1215,49,0
3688,36.880244708,197.991000000,100,1410,1215,49,0
3689,36.890243845,197.991000000,100,1410,1215,49,0
3690,36.900240167,197.991000000,100,1410,1215,49,0
3691,36.910240005,197.991000000,100,1410,1215,49,0
3692,36.920240214,197.991000000,100,1410,1215,49,0
3693,36.930239592,197.991000000,100,1410,1215,49,0
3694,36.940221426,197.991000000,100,1410,1215,49,0
3695,36.950239789,197.991000000,100,1410,1215,49,0
3696,36.960239597,197.991000000,100,1410,1215,49,0
3697,36.970239486,197.875000000,100,1410,1215,49,0
3698,36.980392131,197.875000000,100,1410,1215,49,0
3699,36.990238912,197.875000000,100,1410,1215,49,0
3700,37.000239562,197.875000000,100,1410,1215,49,0
3701,37.010239992,197.875000000,100,1410,1215,49,0
3702,37.020239108,197.875000000,100,1410,1215,49,0
3703,37.030240420,197.875000000,100,1410,1215,49,0
3704,37.040240308,197.875000000,100,1410,1215,49,0
3705,37.050240076,197.875000000,100,1410,1215,49,0
3706,37.060239885,197.875000000,100,1410,1215,49,0
3707,37.070241626,198.081000000,100,1410,1215,49,0
3708,37.080240684,198.081000000,100,1410,1215,49,0
3709,37.090240071,198.081000000,100,1410,1215,49,0
3710,37.100240380,198.081000000,100,1410,1215,49,0
3711,37.110241291,198.081000000,100,1410,1215,49,0
3712,37.120241429,198.081000000,100,1410,1215,49,0
3713,37.130240607,198.081000000,100,1410,1215,49,0
3714,37.140220177,198.081000000,100,1410,1215,49,0
3715,37.150220085,198.081000000,100,1410,1215,49,0
3716,37.160220615,198.081000000,100,1410,1215,49,0
3717,37.170228138,198.081000000,100,1410,1215,49,0
3718,37.180242714,198.081000000,100,1410,1215,49,0
3719,37.190222996,198.081000000,100,1410,1215,49,0
3720,37.200241659,198.081000000,100,1410,1215,49,0
3721,37.210242019,198.081000000,100,1410,1215,49,0
3722,37.220242338,198.081000000,100,1410,1215,49,0
3723,37.230240864,198.081000000,100,1410,1215,49,0
3724,37.240243778,198.081000000,100,1410,1215,49,0
3725,37.250244778,198.081000000,100,1410,1215,49,0
3726,37.260240088,198.081000000,100,1410,1215,49,0
3727,37.270240327,197.985000000,100,1410,1215,49,0
3728,37.280240556,197.985000000,100,1410,1215,49,0
3729,37.290239894,197.985000000,100,1410,1215,49,0
3730,37.300240053,197.985000000,100,1410,1215,49,0
3731,37.310240282,197.985000000,100,1410,1215,49,0
3732,37.320225222,197.985000000,100,1410,1215,49,0
3733,37.330240960,197.985000000,100,1410,1215,49,0
3734,37.340244376,197.985000000,100,1410,1215,49,0
3735,37.350239675,197.985000000,100,1410,1215,49,0
3736,37.360240415,197.985000000,100,1410,1215,49,0
3737,37.370240294,197.724000000,100,1410,1215,49,0
3738,37.380240553,197.724000000,100,1410,1215,49,0
3739,37.390239560,197.724000000,100,1410,1215,49,0
3740,37.400239518,197.724000000,100,1410,1215,49,0
3741,37.410240208,197.724000000,100,1410,1215,49,0
3742,37.420239726,197.724000000,100,1410,1215,49,0
3743,37.430240556,197.724000000,100,1410,1215,49,0
3744,37.440240595,197.724000000,100,1410,1215,49,0
3745,37.450240023,197.724000000,100,1410,1215,49,0
3746,37.460239570,197.724000000,100,1410,1215,49,0
3747,37.470241142,197.991000000,100,1410,1215,49,0
3748,37.480240169,197.991000000,100,1410,1215,49,0
3749,37.490239386,197.991000000,100,1410,1215,49,0
3750,37.500240607,197.991000000,100,1410,1215,49,0
3751,37.510239133,197.991000000,100,1410,1215,49,0
3752,37.520239592,197.991000000,100,1410,1215,49,0
3753,37.530240673,197.991000000,100,1410,1215,49,0
3754,37.540239419,197.991000000,100,1410,1215,49,0
3755,37.550241011,197.991000000,100,1410,1215,49,0
3756,37.560239857,197.991000000,100,1410,1215,49,0
3757,37.570241178,198.239000000,100,1410,1215,49,0
3758,37.580241147,198.239000000,100,1410,1215,49,0
3759,37.590239923,198.239000000,100,1410,1215,49,0
3760,37.600240032,198.239000000,100,1410,1215,49,0
3761,37.610239891,198.239000000,100,1410,1215,49,0
3762,37.620239759,198.239000000,100,1410,1215,49,0
3763,37.630239698,198.239000000,100,1410,1215,49,0
3764,37.640238925,198.239000000,100,1410,1215,49,0
3765,37.650244213,198.239000000,100,1410,1215,49,0
3766,37.660239944,198.239000000,100,1410,1215,49,0
3767,37.670241325,198.177000000,100,1410,1215,49,0
3768,37.680240843,198.177000000,100,1410,1215,49,0
3769,37.690240020,198.177000000,100,1410,1215,49,0
3770,37.700240029,198.177000000,100,1410,1215,49,0
3771,37.710239627,198.177000000,100,1410,1215,49,0
3772,37.720240617,198.177000000,100,1410,1215,49,0
3773,37.730240385,198.177000000,100,1410,1215,49,0
3774,37.740239994,198.177000000,100,1410,1215,49,0
3775,37.750240693,198.177000000,100,1410,1215,49,0
3776,37.760240061,198.177000000,100,1410,1215,49,0
3777,37.770241302,197.833000000,100,1410,1215,49,0
3778,37.780241300,197.833000000,100,1410,1215,49,0
3779,37.790239897,197.833000000,100,1410,1215,49,0
3780,37.800239254,197.833000000,100,1410,1215,49,0
3781,37.810239924,197.833000000,100,1410,1215,49,0
3782,37.820240013,197.833000000,100,1410,1215,49,0
3783,37.830240863,197.833000000,100,1410,1215,49,0
3784,37.840240271,197.833000000,100,1410,1215,49,0
3785,37.850240590,197.833000000,100,1410,1215,49,0
3786,37.860240398,197.833000000,100,1410,1215,49,0
3787,37.870240617,197.985000000,100,1410,1215,49,0
3788,37.880241197,197.985000000,100,1410,1215,49,0
3789,37.890241316,197.985000000,100,1410,1215,49,0
3790,37.900240222,197.985000000,100,1410,1215,49,0
3791,37.910239049,197.985000000,100,1410,1215,49,0
3792,37.920240430,197.985000000,100,1410,1215,49,0
3793,37.930240729,197.985000000,100,1410,1215,49,0
3794,37.940222824,197.985000000,100,1410,1215,49,0
3795,37.950240617,197.985000000,100,1410,1215,49,0
3796,37.960240194,197.985000000,100,1410,1215,49,0
3797,37.970240273,198.437000000,100,1410,1215,49,0
3798,37.980240572,198.437000000,100,1410,1215,49,0
3799,37.990239689,198.437000000,100,1410,1215,49,0
3800,38.000239668,198.437000000,100,1410,1215,49,0
3801,38.010238945,198.437000000,100,1410,1215,49,0
3802,38.020231590,198.437000000,100,1410,1215,49,0
3803,38.030241147,198.437000000,100,1410,1215,49,0
3804,38.040240694,198.437000000,100,1410,1215,49,0
3805,38.050244530,198.437000000,100,1410,1215,49,0
3806,38.060240211,198.437000000,100,1410,1215,49,0
3807,38.070248635,198.335000000,100,1410,1215,49,0
3808,38.080245047,198.335000000,100,1410,1215,49,0
3809,38.090224798,198.335000000,100,1410,1215,49,0
3810,38.100239865,198.335000000,100,1410,1215,49,0
3811,38.110247758,198.335000000,100,1410,1215,49,0
3812,38.120241716,198.335000000,100,1410,1215,49,0
3813,38.130222148,198.335000000,100,1410,1215,49,0
3814,38.140222898,198.335000000,100,1410,1215,49,0
3815,38.150221243,198.335000000,100,1410,1215,49,0
3816,38.160241079,198.335000000,100,1410,1215,49,0
3817,38.170231450,197.723000000,100,1410,1215,49,0
3818,38.180222582,197.723000000,100,1410,1215,49,0
3819,38.190245073,197.723000000,100,1410,1215,49,0
3820,38.200240893,197.723000000,100,1410,1215,49,0
3821,38.210243677,197.723000000,100,1410,1215,49,0
3822,38.220239799,197.723000000,100,1410,1215,49,0
3823,38.230239617,197.723000000,100,1410,1215,49,0
3824,38.240239886,197.723000000,100,1410,1215,49,0
3825,38.250240145,197.723000000,100,1410,1215,49,0
3826,38.260239763,197.723000000,100,1410,1215,49,0
3827,38.270240794,197.723000000,100,1410,1215,49,0
3828,38.280241363,197.972000000,100,1410,1215,49,0
3829,38.290221194,197.972000000,100,1410,1215,49,0
3830,38.300240229,197.972000000,100,1410,1215,49,0
3831,38.310239656,197.972000000,100,1410,1215,49,0
3832,38.320250816,197.972000000,100,1410,1215,49,0
3833,38.330239674,197.972000000,100,1410,1215,49,0
3834,38.340248739,197.972000000,100,1410,1215,49,0
3835,38.350241224,197.972000000,100,1410,1215,49,0
3836,38.360239990,197.972000000,100,1410,1215,49,0
3837,38.370240490,197.972000000,100,1410,1215,49,0
3838,38.380242292,198.341000000,100,1410,1215,49,0
3839,38.390241369,198.341000000,100,1410,1215,49,0
3840,38.400241628,198.341000000,100,1410,1215,49,0
3841,38.410239553,198.341000000,100,1410,1215,49,0
3842,38.420220977,198.341000000,100,1410,1215,49,0
3843,38.430243167,198.341000000,100,1410,1215,49,0
3844,38.440239769,198.341000000,100,1410,1215,49,0
3845,38.450241421,198.341000000,100,1410,1215,49,0
3846,38.460223917,198.341000000,100,1410,1215,49,0
3847,38.470241939,198.178000000,100,1410,1215,49,0
3848,38.480221590,198.178000000,100,1410,1215,49,0
3849,38.490220626,198.178000000,100,1410,1215,49,0
3850,38.500241013,198.178000000,100,1410,1215,49,0
3851,38.510239539,198.178000000,100,1410,1215,49,0
3852,38.520240690,198.178000000,100,1410,1215,49,0
3853,38.530240308,198.178000000,100,1410,1215,49,0
3854,38.540240677,198.178000000,100,1410,1215,49,0
3855,38.550220518,198.178000000,100,1410,1215,49,0
3856,38.560239903,198.178000000,100,1410,1215,49,0
3857,38.570241194,197.820000000,100,1410,1215,49,0
3858,38.580242455,197.820000000,100,1410,1215,49,0
3859,38.590240310,197.820000000,100,1410,1215,49,0
3860,38.600241000,197.820000000,100,1410,1215,49,0
3861,38.610221813,197.820000000,100,1410,1215,49,0
3862,38.620240987,197.820000000,100,1410,1215,49,0
3863,38.630239623,197.820000000,100,1410,1215,49,0
3864,38.640240934,197.820000000,100,1410,1215,49,0
3865,38.650240873,197.820000000,100,1410,1215,49,0
3866,38.660241202,197.820000000,100,1410,1215,49,0
3867,38.670241562,197.972000000,100,1410,1215,49,0
3868,38.680241140,197.972000000,100,1410,1215,49,0
3869,38.690241679,197.972000000,100,1410,1215,49,0
3870,38.700220528,197.972000000,100,1410,1215,49,0
3871,38.710241486,197.972000000,100,1410,1215,49,0
3872,38.720240904,197.972000000,100,1410,1215,49,0
3873,38.730240852,197.972000000,100,1410,1215,49,0
3874,38.740240140,197.972000000,100,1410,1215,49,0
3875,38.750241300,197.972000000,100,1410,1215,49,0
3876,38.760240968,197.972000000,100,1410,1215,49,0
3877,38.770242300,198.177000000,100,1410,1215,49,0
3878,38.780242659,198.177000000,100,1410,1215,49,0
3879,38.790220676,198.177000000,100,1410,1215,49,0
3880,38.800241744,198.177000000,100,1410,1215,49,0
3881,38.810219481,198.177000000,100,1410,1215,49,0
3882,38.820241391,198.177000000,100,1410,1215,49,0
3883,38.830241089,198.177000000,100,1410,1215,49,0
3884,38.840220099,198.177000000,100,1410,1215,49,0
3885,38.850240736,198.177000000,100,1410,1215,49,0
3886,38.860241736,198.177000000,100,1410,1215,49,0
3887,38.870222018,198.177000000,100,1410,1215,49,0
3888,38.880241233,198.177000000,100,1410,1215,49,0
3889,38.890239188,198.177000000,100,1410,1215,49,0
3890,38.900241080,198.177000000,100,1410,1215,49,0
3891,38.910241679,198.177000000,100,1410,1215,49,0
3892,38.920239915,198.177000000,100,1410,1215,49,0
3893,38.930238611,198.177000000,100,1410,1215,49,0
3894,38.940241906,198.177000000,100,1410,1215,49,0
3895,38.950242325,198.177000000,100,1410,1215,49,0
3896,38.960241182,198.177000000,100,1410,1215,49,0
3897,38.970241782,197.972000000,100,1410,1215,49,0
3898,38.980242452,197.972000000,100,1410,1215,49,0
3899,38.990241328,197.972000000,100,1410,1215,49,0
3900,39.000237920,197.972000000,100,1410,1215,49,0
3901,39.010241706,197.972000000,100,1410,1215,49,0
3902,39.020238489,197.972000000,100,1410,1215,49,0
3903,39.030240842,197.972000000,100,1410,1215,49,0
3904,39.040220813,197.972000000,100,1410,1215,49,0
3905,39.050241531,197.972000000,100,1410,1215,49,0
3906,39.060220650,197.972000000,100,1410,1215,49,0
3907,39.070220819,198.018000000,100,1410,1215,49,0
3908,39.080241206,198.018000000,100,1410,1215,49,0
3909,39.090225044,198.018000000,100,1410,1215,49,0
3910,39.100222859,198.018000000,100,1410,1215,49,0
3911,39.110240521,198.018000000,100,1410,1215,49,0
3912,39.120224118,198.018000000,100,1410,1215,49,0
3913,39.130241720,198.018000000,100,1410,1215,49,0
3914,39.140242500,198.018000000,100,1410,1215,49,0
3915,39.150242549,198.018000000,100,1410,1215,49,0
3916,39.160241756,198.018000000,100,1410,1215,49,0
3917,39.170223561,198.273000000,100,1410,1215,49,0
3918,39.180241363,198.273000000,100,1410,1215,49,0
3919,39.190222686,198.273000000,100,1410,1215,49,0
3920,39.200241470,198.273000000,100,1410,1215,49,0
3921,39.210241439,198.273000000,100,1410,1215,49,0
3922,39.220220258,198.273000000,100,1410,1215,49,0
3923,39.230242067,198.273000000,100,1410,1215,49,0
3924,39.240240643,198.273000000,100,1410,1215,49,0
3925,39.250240652,198.273000000,100,1410,1215,49,0
3926,39.260240480,198.273000000,100,1410,1215,49,0
3927,39.270239086,198.336000000,100,1410,1215,49,0
3928,39.280239446,198.336000000,100,1410,1215,49,0
3929,39.290238753,198.336000000,100,1410,1215,49,0
3930,39.300221038,198.336000000,100,1410,1215,49,0
3931,39.310242447,198.336000000,100,1410,1215,49,0
3932,39.320243678,198.336000000,100,1410,1215,49,0
3933,39.330239670,198.336000000,100,1410,1215,49,0
3934,39.340220442,198.336000000,100,1410,1215,49,0
3935,39.350220220,198.336000000,100,1410,1215,49,0
3936,39.360240988,198.336000000,100,1410,1215,49,0
3937,39.370222562,198.114000000,100,1410,1215,49,0
3938,39.380240554,198.114000000,100,1410,1215,49,0
3939,39.390219874,198.114000000,100,1410,1215,49,0
3940,39.400231074,198.114000000,100,1410,1215,49,0
3941,39.410239478,198.114000000,100,1410,1215,49,0
3942,39.420238946,198.114000000,100,1410,1215,49,0
3943,39.430240257,198.114000000,100,1410,1215,49,0
3944,39.440239885,198.114000000,100,1410,1215,49,0
3945,39.450240635,198.114000000,100,1410,1215,49,0
3946,39.460240193,198.114000000,100,1410,1215,49,0
3947,39.470240502,198.081000000,100,1410,1215,49,0
3948,39.480240992,198.081000000,100,1410,1215,49,0
3949,39.490239929,198.081000000,100,1410,1215,49,0
3950,39.500240418,198.081000000,100,1410,1215,49,0
3951,39.510240116,198.081000000,100,1410,1215,49,0
3952,39.520239804,198.081000000,100,1410,1215,49,0
3953,39.530239953,198.081000000,100,1410,1215,49,0
3954,39.540239060,198.081000000,100,1410,1215,49,0
3955,39.550242916,198.081000000,100,1410,1215,49,0
3956,39.560240690,198.081000000,100,1410,1215,49,0
3957,39.570240308,198.328000000,100,1410,1215,49,0
3958,39.580241099,198.328000000,100,1410,1215,49,0
3959,39.590241638,198.328000000,100,1410,1215,49,0
3960,39.600239673,198.328000000,100,1410,1215,49,0
3961,39.610240223,198.328000000,100,1410,1215,49,0
3962,39.620240202,198.328000000,100,1410,1215,49,0
3963,39.630240330,198.328000000,100,1410,1215,49,0
3964,39.640239788,198.328000000,100,1410,1215,49,0
3965,39.650239466,198.328000000,100,1410,1215,49,0
3966,39.660240917,198.328000000,100,1410,1215,49,0
3967,39.670240576,198.240000000,100,1410,1215,49,0
3968,39.680240384,198.240000000,100,1410,1215,49,0
3969,39.690241114,198.240000000,100,1410,1215,49,0
3970,39.700240111,198.240000000,100,1410,1215,49,0
3971,39.710240650,198.240000000,100,1410,1215,49,0
3972,39.720240368,198.240000000,100,1410,1215,49,0
3973,39.730240698,198.240000000,100,1410,1215,49,0
3974,39.740240546,198.240000000,100,1410,1215,49,0
3975,39.750240064,198.240000000,100,1410,1215,49,0
3976,39.760240613,198.240000000,100,1410,1215,49,0
3977,39.770240131,197.991000000,100,1410,1215,49,0
3978,39.780245791,197.991000000,100,1410,1215,49,0
3979,39.790240790,197.991000000,100,1410,1215,49,0
3980,39.800240067,197.991000000,100,1410,1215,49,0
3981,39.810240567,197.991000000,100,1410,1215,49,0
3982,39.820240084,197.991000000,100,1410,1215,49,0
3983,39.830239843,197.991000000,100,1410,1215,49,0
3984,39.840240753,197.991000000,100,1410,1215,49,0
3985,39.850240281,197.991000000,100,1410,1215,49,0
3986,39.860239919,197.991000000,100,1410,1215,49,0
3987,39.870242071,198.142000000,100,1410,1215,49,0
3988,39.880241048,198.142000000,100,1410,1215,49,0
3989,39.890239494,198.142000000,100,1410,1215,49,0
3990,39.900240464,198.142000000,100,1410,1215,49,0
3991,39.910240663,198.142000000,100,1410,1215,49,0
3992,39.920239430,198.142000000,100,1410,1215,49,0
3993,39.930238837,198.142000000,100,1410,1215,49,0
3994,39.940241531,198.142000000,100,1410,1215,49,0
3995,39.950241399,198.142000000,100,1410,1215,49,0
3996,39.960240827,198.142000000,100,1410,1215,49,0
3997,39.970240695,198.176000000,100,1410,1215,49,0
3998,39.980240894,198.176000000,100,1410,1215,49,0
3999,39.990239921,198.176000000,100,1410,1215,49,0
4000,40.000239760,198.176000000,100,1410,1215,49,0
4001,40.010241161,198.176000000,100,1410,1215,49,0
4002,40.020240328,198.176000000,100,1410,1215,49,0
4003,40.030243663,198.176000000,100,1410,1215,49,0
4004,40.040240386,198.176000000,100,1410,1215,49,0
4005,40.050239713,198.176000000,100,1410,1215,49,0
4006,40.060240193,198.176000000,100,1410,1215,49,0
4007,40.070240562,197.928000000,100,1410,1215,49,0
4008,40.080238817,197.928000000,100,1410,1215,49,0
4009,40.090239637,197.928000000,100,1410,1215,49,0
4010,40.100238724,197.928000000,100,1410,1215,49,0
4011,40.110240055,197.928000000,100,1410,1215,49,0
4012,40.120239844,197.928000000,100,1410,1215,49,0
4013,40.130240083,197.928000000,100,1410,1215,49,0
4014,40.140240593,197.928000000,100,1410,1215,49,0
4015,40.150239659,197.928000000,100,1410,1215,49,0
4016,40.160239548,197.928000000,100,1410,1215,49,0
4017,40.170226151,198.280000000,100,1410,1215,50,0
4018,40.180222112,198.280000000,100,1410,1215,50,0
4019,40.190244734,198.280000000,100,1410,1215,50,0
4020,40.200240614,198.280000000,100,1410,1215,50,0
4021,40.210243318,198.280000000,100,1410,1215,50,0
4022,40.220241213,198.280000000,100,1410,1215,50,0
4023,40.230239759,198.280000000,100,1410,1215,50,0
4024,40.240240429,198.280000000,100,1410,1215,50,0
4025,40.250240377,198.280000000,100,1410,1215,50,0
4026,40.260240266,198.280000000,100,1410,1215,50,0
4027,40.270241326,198.081000000,100,1410,1215,49,0
4028,40.280239752,198.081000000,100,1410,1215,49,0
4029,40.290240512,198.081000000,100,1410,1215,49,0
4030,40.300240100,198.081000000,100,1410,1215,49,0
4031,40.310240469,198.081000000,100,1410,1215,49,0
4032,40.320227714,198.081000000,100,1410,1215,49,0
4033,40.330241368,198.081000000,100,1410,1215,49,0
4034,40.340243301,198.081000000,100,1410,1215,49,0
4035,40.350245073,198.081000000,100,1410,1215,49,0
4036,40.360239310,198.081000000,100,1410,1215,49,0
4037,40.370240191,198.285000000,100,1410,1215,49,0
4038,40.380240851,198.285000000,100,1410,1215,49,0
4039,40.390240679,198.285000000,100,1410,1215,49,0
4040,40.400240207,198.285000000,100,1410,1215,49,0
4041,40.410239985,198.285000000,100,1410,1215,49,0
4042,40.420239613,198.285000000,100,1410,1215,49,0
4043,40.430240654,198.285000000,100,1410,1215,49,0
4044,40.440241133,198.285000000,100,1410,1215,49,0
4045,40.450239749,198.285000000,100,1410,1215,49,0
4046,40.460240199,198.285000000,100,1410,1215,49,0
4047,40.470240147,198.370000000,100,1410,1215,50,0
4048,40.480239946,198.370000000,100,1410,1215,50,0
4049,40.490238952,198.370000000,100,1410,1215,50,0
4050,40.500240814,198.370000000,100,1410,1215,50,0
4051,40.510239150,198.370000000,100,1410,1215,50,0
4052,40.520239660,198.370000000,100,1410,1215,50,0
4053,40.530239388,198.370000000,100,1410,1215,50,0
4054,40.540239757,198.370000000,100,1410,1215,50,0
4055,40.550240557,198.370000000,100,1410,1215,50,0
4056,40.560239254,198.370000000,100,1410,1215,50,0
4057,40.570239954,198.274000000,100,1410,1215,50,0
4058,40.580240293,198.274000000,100,1410,1215,50,0
4059,40.590239791,198.274000000,100,1410,1215,50,0
4060,40.600239368,198.274000000,100,1410,1215,50,0
4061,40.610239898,198.274000000,100,1410,1215,50,0
4062,40.620238935,198.274000000,100,1410,1215,50,0
4063,40.630239615,198.274000000,100,1410,1215,50,0
4064,40.640240315,198.274000000,100,1410,1215,50,0
4065,40.650239752,198.274000000,100,1410,1215,50,0
4066,40.660240312,198.274000000,100,1410,1215,50,0
4067,40.670240671,198.279000000,100,1410,1215,50,0
4068,40.680240931,198.279000000,100,1410,1215,50,0
4069,40.690240078,198.279000000,100,1410,1215,50,0
4070,40.700240617,198.279000000,100,1410,1215,50,0
4071,40.710240726,198.279000000,100,1410,1215,50,0
4072,40.720240725,198.279000000,100,1410,1215,50,0
4073,40.730239692,198.279000000,100,1410,1215,50,0
4074,40.740240271,198.279000000,100,1410,1215,50,0
4075,40.750240470,198.279000000,100,1410,1215,50,0
4076,40.760239958,198.279000000,100,1410,1215,50,0
4077,40.770241039,198.329000000,100,1410,1215,50,0
4078,40.780241067,198.329000000,100,1410,1215,50,0
4079,40.790241106,198.329000000,100,1410,1215,50,0
4080,40.800240704,198.329000000,100,1410,1215,50,0
4081,40.810239400,198.329000000,100,1410,1215,50,0
4082,40.820240471,198.329000000,100,1410,1215,50,0
4083,40.830240540,198.329000000,100,1410,1215,50,0
4084,40.840240308,198.329000000,100,1410,1215,50,0
4085,40.850239615,198.329000000,100,1410,1215,50,0
4086,40.860244553,198.329000000,100,1410,1215,50,0
4087,40.870241817,198.381000000,100,1410,1215,50,0
4088,40.880241625,198.381000000,100,1410,1215,50,0
4089,40.890241033,198.381000000,100,1410,1215,50,0
4090,40.900240601,198.381000000,100,1410,1215,50,0
4091,40.910244667,198.381000000,100,1410,1215,50,0
4092,40.920246389,198.381000000,100,1410,1215,50,0
4093,40.930241248,198.381000000,100,1410,1215,50,0
4094,40.940241176,198.381000000,100,1410,1215,50,0
4095,40.950241936,198.381000000,100,1410,1215,50,0
4096,40.960240282,198.381000000,100,1410,1215,50,0
4097,40.970240751,198.115000000,100,1410,1215,50,0
4098,40.980239939,198.115000000,100,1410,1215,50,0
4099,40.990239697,198.115000000,100,1410,1215,50,0
4100,41.000239275,198.115000000,100,1410,1215,50,0
4101,41.010240736,198.115000000,100,1410,1215,50,0
4102,41.020239572,198.115000000,100,1410,1215,50,0
4103,41.030240052,198.115000000,100,1410,1215,50,0
4104,41.040240542,198.115000000,100,1410,1215,50,0
4105,41.050239579,198.115000000,100,1410,1215,50,0
4106,41.060238255,198.115000000,100,1410,1215,50,0
4107,41.070241770,198.273000000,100,1410,1215,50,0
4108,41.080239635,198.273000000,100,1410,1215,50,0
4109,41.090239914,198.273000000,100,1410,1215,50,0
4110,41.100240163,198.273000000,100,1410,1215,50,0
4111,41.110239901,198.273000000,100,1410,1215,50,0
4112,41.120239749,198.273000000,100,1410,1215,50,0
4113,41.130239838,198.273000000,100,1410,1215,50,0
4114,41.140241460,198.273000000,100,1410,1215,50,0
4115,41.150240186,198.273000000,100,1410,1215,50,0
4116,41.160240085,198.273000000,100,1410,1215,50,0
4117,41.170228171,198.272000000,100,1410,1215,50,0
4118,41.180221848,198.272000000,100,1410,1215,50,0
4119,41.190244569,198.272000000,100,1410,1215,50,0
4120,41.200240350,198.272000000,100,1410,1215,50,0
4121,41.210243685,198.272000000,100,1410,1215,50,0
4122,41.220240287,198.272000000,100,1410,1215,50,0
4123,41.230240446,198.272000000,100,1410,1215,50,0
4124,41.240240415,198.272000000,100,1410,1215,50,0
4125,41.250240303,198.272000000,100,1410,1215,50,0
4126,41.260239650,198.272000000,100,1410,1215,50,0
4127,41.270241733,198.177000000,100,1410,1215,50,0
4128,41.280241070,198.177000000,100,1410,1215,50,0
4129,41.290240809,198.177000000,100,1410,1215,50,0
4130,41.300239895,198.177000000,100,1410,1215,50,0
4131,41.310240045,198.177000000,100,1410,1215,50,0
4132,41.320225245,198.177000000,100,1410,1215,50,0
4133,41.330240513,198.177000000,100,1410,1215,50,0
4134,41.340244339,198.177000000,100,1410,1215,50,0
4135,41.350241271,198.177000000,100,1410,1215,50,0
4136,41.360240709,198.177000000,100,1410,1215,50,0
4137,41.370240858,198.024000000,100,1410,1215,50,0
4138,41.380240776,198.024000000,100,1410,1215,50,0
4139,41.390240675,198.024000000,100,1410,1215,50,0
4140,41.400240052,198.024000000,100,1410,1215,50,0
4141,41.410240091,198.024000000,100,1410,1215,50,0
4142,41.420239950,198.024000000,100,1410,1215,50,0
4143,41.430240639,198.024000000,100,1410,1215,50,0
4144,41.440239827,198.024000000,100,1410,1215,50,0
4145,41.450240096,198.024000000,100,1410,1215,50,0
4146,41.460238481,198.024000000,100,1410,1215,50,0
4147,41.470240744,198.280000000,100,1410,1215,50,0
4148,41.480240182,198.280000000,100,1410,1215,50,0
4149,41.490239720,198.280000000,100,1410,1215,50,0
4150,41.500240390,198.280000000,100,1410,1215,50,0
4151,41.510239487,198.280000000,100,1410,1215,50,0
4152,41.520239876,198.280000000,100,1410,1215,50,0
4153,41.530239023,198.280000000,100,1410,1215,50,0
4154,41.540239813,198.280000000,100,1410,1215,50,0
4155,41.550240563,198.280000000,100,1410,1215,50,0
4156,41.560240061,198.280000000,100,1410,1215,50,0
4157,41.570240440,198.285000000,100,1410,1215,50,0
4158,41.580240519,198.285000000,100,1410,1215,50,0
4159,41.590242191,198.285000000,100,1410,1215,50,0
4160,41.600240677,198.285000000,100,1410,1215,50,0
4161,41.610239914,198.285000000,100,1410,1215,50,0
4162,41.620239432,198.285000000,100,1410,1215,50,0
4163,41.630240072,198.285000000,100,1410,1215,50,0
4164,41.640239850,198.285000000,100,1410,1215,50,0
4165,41.650239688,198.285000000,100,1410,1215,50,0
4166,41.660240558,198.285000000,100,1410,1215,50,0
4167,41.670241739,198.274000000,100,1410,1215,50,0
4168,41.680241898,198.274000000,100,1410,1215,50,0
4169,41.690240023,198.274000000,100,1410,1215,50,0
4170,41.700321104,198.274000000,100,1410,1215,50,0
4171,41.710244128,198.274000000,100,1410,1215,50,0
4172,41.720239759,198.274000000,100,1410,1215,50,0
4173,41.730241080,198.274000000,100,1410,1215,50,0
4174,41.740240057,198.274000000,100,1410,1215,50,0
4175,41.750240246,198.274000000,100,1410,1215,50,0
4176,41.760239553,198.274000000,100,1410,1215,50,0
4177,41.770240844,198.274000000,100,1410,1215,50,0
4178,41.780241454,198.024000000,100,1410,1215,50,0
4179,41.790240761,198.024000000,100,1410,1215,50,0
4180,41.800240319,198.024000000,100,1410,1215,50,0
4181,41.810240759,198.024000000,100,1410,1215,50,0
4182,41.820239926,198.024000000,100,1410,1215,50,0
4183,41.830240115,198.024000000,100,1410,1215,50,0
4184,41.840241015,198.024000000,100,1410,1215,50,0
4185,41.850241354,198.024000000,100,1410,1215,50,0
4186,41.860244639,198.024000000,100,1410,1215,50,0
4187,41.870240039,198.024000000,100,1410,1215,50,0
4188,41.880241210,198.274000000,100,1410,1215,50,0
4189,41.890240728,198.274000000,100,1410,1215,50,0
4190,41.900239995,198.274000000,100,1410,1215,50,0
4191,41.910240505,198.274000000,100,1410,1215,50,0
4192,41.920239732,198.274000000,100,1410,1215,50,0
4193,41.930239951,198.274000000,100,1410,1215,50,0
4194,41.940241012,198.274000000,100,1410,1215,50,0
4195,41.950241802,198.274000000,100,1410,1215,50,0
4196,41.960222514,198.274000000,100,1410,1215,50,0
4197,41.970242260,198.432000000,100,1410,1215,50,0
4198,41.980221880,198.432000000,100,1410,1215,50,0
4199,41.990239763,198.432000000,100,1410,1215,50,0
4200,42.000247035,198.432000000,100,1410,1215,50,0
4201,42.010221897,198.432000000,100,1410,1215,50,0
4202,42.020241221,198.432000000,100,1410,1215,50,0
4203,42.030220792,198.432000000,100,1410,1215,50,0
4204,42.040241529,198.432000000,100,1410,1215,50,0
4205,42.050241518,198.432000000,100,1410,1215,50,0
4206,42.060220507,198.432000000,100,1410,1215,50,0
4207,42.070240574,198.348000000,100,1410,1215,50,0
4208,42.080221546,198.348000000,100,1410,1215,50,0
4209,42.090239870,198.348000000,100,1410,1215,50,0
4210,42.100221614,198.348000000,100,1410,1215,50,0
4211,42.110241279,198.348000000,100,1410,1215,50,0
4212,42.120241348,198.348000000,100,1410,1215,50,0
4213,42.130240736,198.348000000,100,1410,1215,50,0
4214,42.140220156,198.348000000,100,1410,1215,50,0
4215,42.150241875,198.348000000,100,1410,1215,50,0
4216,42.160241894,198.348000000,100,1410,1215,50,0
4217,42.170227836,198.285000000,100,1410,1215,50,0
4218,42.180243634,198.285000000,100,1410,1215,50,0
4219,42.190243673,198.285000000,100,1410,1215,50,0
4220,42.200240897,198.285000000,100,1410,1215,50,0
4221,42.210239863,198.285000000,100,1410,1215,50,0
4222,42.220240002,198.285000000,100,1410,1215,50,0
4223,42.230239650,198.285000000,100,1410,1215,50,0
4224,42.240240090,198.285000000,100,1410,1215,50,0
4225,42.250239848,198.285000000,100,1410,1215,50,0
4226,42.260238735,198.285000000,100,1410,1215,50,0
4227,42.270240406,198.307000000,100,1410,1215,50,0
4228,42.280240676,198.307000000,100,1410,1215,50,0
4229,42.290241446,198.307000000,100,1410,1215,50,0
4230,42.300239931,198.307000000,100,1410,1215,50,0
4231,42.310244208,198.307000000,100,1410,1215,50,0
4232,42.320243846,198.307000000,100,1410,1215,50,0
4233,42.330240158,198.307000000,100,1410,1215,50,0
4234,42.340239726,198.307000000,100,1410,1215,50,0
4235,42.350240095,198.307000000,100,1410,1215,50,0
4236,42.360244282,198.307000000,100,1410,1215,50,0
4237,42.370241475,198.370000000,100,1410,1215,50,0
4238,42.380241063,198.370000000,100,1410,1215,50,0
4239,42.390240260,198.370000000,100,1410,1215,50,0
4240,42.400239958,198.370000000,100,1410,1215,50,0
4241,42.410239997,198.370000000,100,1410,1215,50,0
4242,42.420240086,198.370000000,100,1410,1215,50,0
4243,42.430239774,198.370000000,100,1410,1215,50,0
4244,42.440240414,198.370000000,100,1410,1215,50,0
4245,42.450240022,198.370000000,100,1410,1215,50,0
4246,42.460239179,198.370000000,100,1410,1215,50,0
4247,42.470240460,198.534000000,100,1410,1215,50,0
4248,42.480239867,198.534000000,100,1410,1215,50,0
4249,42.490240006,198.534000000,100,1410,1215,50,0
4250,42.500239213,198.534000000,100,1410,1215,50,0
4251,42.510239613,198.534000000,100,1410,1215,50,0
4252,42.520239641,198.534000000,100,1410,1215,50,0
4253,42.530239139,198.534000000,100,1410,1215,50,0
4254,42.540239228,198.534000000,100,1410,1215,50,0
4255,42.550240990,198.534000000,100,1410,1215,50,0
4256,42.560239927,198.534000000,100,1410,1215,50,0
4257,42.570240516,198.381000000,100,1410,1215,50,0
4258,42.580240014,198.381000000,100,1410,1215,50,0
4259,42.590244792,198.381000000,100,1410,1215,50,0
4260,42.600239520,198.381000000,100,1410,1215,50,0
4261,42.610239158,198.381000000,100,1410,1215,50,0
4262,42.620239027,198.381000000,100,1410,1215,50,0
4263,42.630240478,198.381000000,100,1410,1215,50,0
4264,42.640239665,198.381000000,100,1410,1215,50,0
4265,42.650239403,198.381000000,100,1410,1215,50,0
4266,42.660240855,198.381000000,100,1410,1215,50,0
4267,42.670240483,198.122000000,100,1410,1215,50,0
4268,42.680239590,198.122000000,100,1410,1215,50,0
4269,42.690239989,198.122000000,100,1410,1215,50,0
4270,42.700239687,198.122000000,100,1410,1215,50,0
4271,42.710240277,198.122000000,100,1410,1215,50,0
4272,42.720239905,198.122000000,100,1410,1215,50,0
4273,42.730240274,198.122000000,100,1410,1215,50,0
4274,42.740240764,198.122000000,100,1410,1215,50,0
4275,42.750241033,198.122000000,100,1410,1215,50,0
4276,42.760239930,198.122000000,100,1410,1215,50,0
4277,42.770241892,198.183000000,100,1410,1215,50,0
4278,42.780245327,198.183000000,100,1410,1215,50,0
4279,42.790244224,198.183000000,100,1410,1215,50,0
4280,42.800239103,198.183000000,100,1410,1215,50,0
4281,42.810239112,198.183000000,100,1410,1215,50,0
4282,42.820239691,198.183000000,100,1410,1215,50,0
4283,42.830239920,198.183000000,100,1410,1215,50,0
4284,42.840239398,198.183000000,100,1410,1215,50,0
4285,42.850239817,198.183000000,100,1410,1215,50,0
4286,42.860243303,198.183000000,100,1410,1215,50,0
4287,42.870240015,198.375000000,100,1410,1215,50,0
4288,42.880239092,198.375000000,100,1410,1215,50,0
4289,42.890244501,198.375000000,100,1410,1215,50,0
4290,42.900240081,198.375000000,100,1410,1215,50,0
4291,42.910240771,198.375000000,100,1410,1215,50,0
4292,42.920239197,198.375000000,100,1410,1215,50,0
4293,42.930240007,198.375000000,100,1410,1215,50,0
4294,42.940241168,198.375000000,100,1410,1215,50,0
4295,42.950226038,198.375000000,100,1410,1215,50,0
4296,42.960221829,198.375000000,100,1410,1215,50,0
4297,42.970240903,198.540000000,100,1410,1215,50,0
4298,42.980240301,198.540000000,100,1410,1215,50,0
4299,42.990239558,198.540000000,100,1410,1215,50,0
4300,43.000240709,198.540000000,100,1410,1215,50,0
4301,43.010239826,198.540000000,100,1410,1215,50,0
4302,43.020239725,198.540000000,100,1410,1215,50,0
4303,43.030240334,198.540000000,100,1410,1215,50,0
4304,43.040240343,198.540000000,100,1410,1215,50,0
4305,43.050239861,198.540000000,100,1410,1215,50,0
4306,43.060240230,198.540000000,100,1410,1215,50,0
4307,43.087495277,198.116000000,100,1410,1215,50,0
4308,43.087499655,198.116000000,100,1410,1215,50,0
4309,43.090240667,198.116000000,100,1410,1215,50,0
4310,43.100239824,198.116000000,100,1410,1215,50,0
4311,43.110239873,198.116000000,100,1410,1215,50,0
4312,43.120240362,198.116000000,100,1410,1215,50,0
4313,43.130240812,198.116000000,100,1410,1215,50,0
4314,43.140240440,198.116000000,100,1410,1215,50,0
4315,43.150239687,198.116000000,100,1410,1215,50,0
4316,43.160239946,198.116000000,100,1410,1215,50,0
4317,43.170231318,198.370000000,100,1410,1215,50,0
4318,43.180222932,198.370000000,100,1410,1215,50,0
4319,43.190244741,198.370000000,100,1410,1215,50,0
4320,43.200241153,198.370000000,100,1410,1215,50,0
4321,43.210242885,198.370000000,100,1410,1215,50,0
4322,43.220239587,198.370000000,100,1410,1215,50,0
4323,43.230239215,198.370000000,100,1410,1215,50,0
4324,43.240240877,198.370000000,100,1410,1215,50,0
4325,43.250240615,198.370000000,100,1410,1215,50,0
4326,43.260240163,198.370000000,100,1410,1215,50,0
4327,43.270247315,198.370000000,100,1410,1215,50,0
4328,43.280239930,198.370000000,100,1410,1215,50,0
4329,43.290240129,198.370000000,100,1410,1215,50,0
4330,43.300239797,198.370000000,100,1410,1215,50,0
4331,43.310245927,198.370000000,100,1410,1215,50,0
4332,43.320223404,198.370000000,100,1410,1215,50,0
4333,43.330240354,198.370000000,100,1410,1215,50,0
4334,43.340250652,198.370000000,100,1410,1215,50,0
4335,43.350241143,198.370000000,100,1410,1215,50,0
4336,43.360239018,198.370000000,100,1410,1215,50,0
4337,43.370241801,198.478000000,100,1410,1215,50,0
4338,43.380240648,198.478000000,100,1410,1215,50,0
4339,43.390240236,198.478000000,100,1410,1215,50,0
4340,43.400239483,198.478000000,100,1410,1215,50,0
4341,43.410240013,198.478000000,100,1410,1215,50,0
4342,43.420239781,198.478000000,100,1410,1215,50,0
4343,43.430240461,198.478000000,100,1410,1215,50,0
4344,43.440240139,198.478000000,100,1410,1215,50,0
4345,43.450239927,198.478000000,100,1410,1215,50,0
4346,43.460239996,198.478000000,100,1410,1215,50,0
4347,43.470241357,198.540000000,100,1410,1215,50,0
4348,43.480239132,198.540000000,100,1410,1215,50,0
4349,43.490240262,198.540000000,100,1410,1215,50,0
4350,43.500239570,198.540000000,100,1410,1215,50,0
4351,43.510240410,198.540000000,100,1410,1215,50,0
4352,43.520239777,198.540000000,100,1410,1215,50,0
4353,43.530239816,198.540000000,100,1410,1215,50,0
4354,43.540240045,198.540000000,100,1410,1215,50,0
4355,43.550240304,198.540000000,100,1410,1215,50,0
4356,43.560240754,198.540000000,100,1410,1215,50,0
4357,43.570240572,198.478000000,100,1410,1215,50,0
4358,43.580240020,198.478000000,100,1410,1215,50,0
4359,43.590240209,198.478000000,100,1410,1215,50,0
4360,43.600239707,198.478000000,100,1410,1215,50,0
4361,43.610240307,198.478000000,100,1410,1215,50,0
4362,43.620240355,198.478000000,100,1410,1215,50,0
4363,43.630239753,198.478000000,100,1410,1215,50,0
4364,43.640238820,198.478000000,100,1410,1215,50,0
4365,43.650241313,198.478000000,100,1410,1215,50,0
4366,43.660241001,198.478000000,100,1410,1215,50,0
4367,43.670241451,198.222000000,100,1410,1215,50,0
4368,43.680241379,198.222000000,100,1410,1215,50,0
4369,43.690241408,198.222000000,100,1410,1215,50,0
4370,43.700239623,198.222000000,100,1410,1215,50,0
4371,43.710239912,198.222000000,100,1410,1215,50,0
4372,43.720240773,198.222000000,100,1410,1215,50,0
4373,43.730240360,198.222000000,100,1410,1215,50,0
4374,43.740240810,198.222000000,100,1410,1215,50,0
4375,43.750240408,198.222000000,100,1410,1215,50,0
4376,43.760243843,198.222000000,100,1410,1215,50,0
4377,43.770240816,198.381000000,100,1410,1215,50,0
4378,43.780240584,198.381000000,100,1410,1215,50,0
4379,43.790239331,198.381000000,100,1410,1215,50,0
4380,43.800239640,198.381000000,100,1410,1215,50,0
4381,43.810239478,198.381000000,100,1410,1215,50,0
4382,43.820239266,198.381000000,100,1410,1215,50,0
4383,43.830237131,198.381000000,100,1410,1215,50,0
4384,43.840239654,198.381000000,100,1410,1215,50,0
4385,43.850239753,198.381000000,100,1410,1215,50,0
4386,43.860239662,198.381000000,100,1410,1215,50,0
4387,43.870240973,198.567000000,100,1410,1215,50,0
4388,43.880240450,198.567000000,100,1410,1215,50,0
4389,43.890434904,198.567000000,100,1410,1215,50,0
4390,43.900239837,198.567000000,100,1410,1215,50,0
4391,43.910240326,198.567000000,100,1410,1215,50,0
4392,43.920239223,198.567000000,100,1410,1215,50,0
4393,43.930239963,198.567000000,100,1410,1215,50,0
4394,43.940239300,198.567000000,100,1410,1215,50,0
4395,43.950241092,198.567000000,100,1410,1215,50,0
4396,43.960240390,198.567000000,100,1410,1215,50,0
4397,43.970240909,198.381000000,100,1410,1215,50,0
4398,43.980240898,198.381000000,100,1410,1215,50,0
4399,43.990240376,198.381000000,100,1410,1215,50,0
4400,44.000237208,198.381000000,100,1410,1215,50,0
4401,44.010239942,198.381000000,100,1410,1215,50,0
4402,44.020239840,198.381000000,100,1410,1215,50,0
4403,44.030238837,198.381000000,100,1410,1215,50,0
4404,44.040239908,198.381000000,100,1410,1215,50,0
4405,44.050239586,198.381000000,100,1410,1215,50,0
4406,44.060239695,198.381000000,100,1410,1215,50,0
4407,44.070240796,198.176000000,100,1410,1215,50,0
4408,44.080239512,198.176000000,100,1410,1215,50,0
4409,44.090238028,198.176000000,100,1410,1215,50,0
4410,44.100239720,198.176000000,100,1410,1215,50,0
4411,44.110240039,198.176000000,100,1410,1215,50,0
4412,44.120240438,198.176000000,100,1410,1215,50,0
4413,44.130243833,198.176000000,100,1410,1215,50,0
4414,44.140239854,198.176000000,100,1410,1215,50,0
4415,44.150240635,198.176000000,100,1410,1215,50,0
4416,44.160239962,198.176000000,100,1410,1215,50,0
4417,44.170228509,198.370000000,100,1410,1215,50,0
4418,44.180221855,198.370000000,100,1410,1215,50,0
4419,44.190244426,198.370000000,100,1410,1215,50,0
4420,44.200240367,198.370000000,100,1410,1215,50,0
4421,44.210247409,198.370000000,100,1410,1215,50,0
4422,44.220241216,198.370000000,100,1410,1215,50,0
4423,44.230240123,198.370000000,100,1410,1215,50,0
4424,44.240240021,198.370000000,100,1410,1215,50,0
4425,44.250239549,198.370000000,100,1410,1215,50,0
4426,44.260239718,198.370000000,100,1410,1215,50,0
4427,44.270241550,198.217000000,100,1410,1215,50,0
4428,44.280240307,198.217000000,100,1410,1215,50,0
4429,44.290240085,198.217000000,100,1410,1215,50,0
4430,44.300240093,198.217000000,100,1410,1215,50,0
4431,44.310241675,198.217000000,100,1410,1215,50,0
4432,44.320228088,198.217000000,100,1410,1215,50,0
4433,44.330240911,198.217000000,100,1410,1215,50,0
4434,44.340243144,198.217000000,100,1410,1215,50,0
4435,44.350241660,198.217000000,100,1410,1215,50,0
4436,44.360239975,198.217000000,100,1410,1215,50,0
4437,44.370241356,198.574000000,100,1410,1215,50,0
4438,44.380241806,198.574000000,100,1410,1215,50,0
4439,44.390241434,198.574000000,100,1410,1215,50,0
4440,44.400242114,198.574000000,100,1410,1215,50,0
4441,44.410240650,198.574000000,100,1410,1215,50,0
4442,44.420220410,198.574000000,100,1410,1215,50,0
4443,44.430242400,198.574000000,100,1410,1215,50,0
4444,44.440239303,198.574000000,100,1410,1215,50,0
4445,44.450240214,198.574000000,100,1410,1215,50,0
4446,44.460237467,198.574000000,100,1410,1215,50,0
4447,44.470242465,198.183000000,100,1410,1215,50,0
4448,44.480245199,198.183000000,100,1410,1215,50,0
4449,44.490220441,198.183000000,100,1410,1215,50,0
4450,44.500221852,198.183000000,100,1410,1215,50,0
4451,44.510241157,198.183000000,100,1410,1215,50,0
4452,44.520231468,198.183000000,100,1410,1215,50,0
4453,44.530241736,198.183000000,100,1410,1215,50,0
4454,44.540240753,198.183000000,100,1410,1215,50,0
4455,44.550237816,198.183000000,100,1410,1215,50,0
4456,44.560240189,198.183000000,100,1410,1215,50,0
4457,44.570240899,198.210000000,100,1410,1215,50,0
4458,44.580241819,198.210000000,100,1410,1215,50,0
4459,44.590243922,198.210000000,100,1410,1215,50,0
4460,44.600239472,198.210000000,100,1410,1215,50,0
4461,44.610239992,198.210000000,100,1410,1215,50,0
4462,44.620240652,198.210000000,100,1410,1215,50,0
4463,44.630239548,198.210000000,100,1410,1215,50,0
4464,44.640239797,198.210000000,100,1410,1215,50,0
4465,44.650240467,198.210000000,100,1410,1215,50,0
4466,44.660239975,198.210000000,100,1410,1215,50,0
4467,44.670241396,198.670000000,100,1410,1215,50,0
4468,44.680241716,198.670000000,100,1410,1215,50,0
4469,44.690241364,198.670000000,100,1410,1215,50,0
4470,44.700239749,198.670000000,100,1410,1215,50,0
4471,44.710240259,198.670000000,100,1410,1215,50,0
4472,44.720238324,198.670000000,100,1410,1215,50,0
4473,44.730239855,198.670000000,100,1410,1215,50,0
4474,44.740239964,198.670000000,100,1410,1215,50,0
4475,44.750239743,198.670000000,100,1410,1215,50,0
4476,44.760239761,198.670000000,100,1410,1215,50,0
4477,44.770241563,198.500000000,100,1410,1215,50,0
4478,44.780241201,198.500000000,100,1410,1215,50,0
4479,44.790240418,198.500000000,100,1410,1215,50,0
4480,44.800239566,198.500000000,100,1410,1215,50,0
4481,44.810239394,198.500000000,100,1410,1215,50,0
4482,44.820240875,198.500000000,100,1410,1215,50,0
4483,44.830239732,198.500000000,100,1410,1215,50,0
4484,44.840238829,198.500000000,100,1410,1215,50,0
4485,44.850238928,198.500000000,100,1410,1215,50,0
4486,44.860239467,198.500000000,100,1410,1215,50,0
4487,44.870240728,198.285000000,100,1410,1215,50,0
4488,44.880240647,198.285000000,100,1410,1215,50,0
4489,44.890240505,198.285000000,100,1410,1215,50,0
4490,44.900240364,198.285000000,100,1410,1215,50,0
4491,44.910240072,198.285000000,100,1410,1215,50,0
4492,44.920239830,198.285000000,100,1410,1215,50,0
4493,44.930239909,198.285000000,100,1410,1215,50,0
4494,44.940244035,198.285000000,100,1410,1215,50,0
4495,44.950241499,198.285000000,100,1410,1215,50,0
4496,44.960239504,198.285000000,100,1410,1215,50,0
4497,44.970240534,198.573000000,100,1410,1215,50,0
4498,44.980241826,198.573000000,100,1410,1215,50,0
4499,44.990240502,198.573000000,100,1410,1215,50,0
4500,45.000239088,198.573000000,100,1410,1215,50,0
4501,45.010239698,198.573000000,100,1410,1215,50,0
4502,45.020239967,198.573000000,100,1410,1215,50,0
4503,45.030240086,198.573000000,100,1410,1215,50,0
4504,45.040243631,198.573000000,100,1410,1215,50,0
4505,45.050239752,198.573000000,100,1410,1215,50,0
4506,45.060240212,198.573000000,100,1410,1215,50,0
4507,45.070240992,198.573000000,100,1410,1215,50,0
4508,45.080245579,198.539000000,100,1410,1215,50,0
4509,45.090239867,198.539000000,100,1410,1215,50,0
4510,45.100240256,198.539000000,100,1410,1215,50,0
4511,45.110239794,198.539000000,100,1410,1215,50,0
4512,45.120240124,198.539000000,100,1410,1215,50,0
4513,45.130221708,198.539000000,100,1410,1215,50,0
4514,45.140220895,198.539000000,100,1410,1215,50,0
4515,45.150241051,198.539000000,100,1410,1215,50,0
4516,45.160239577,198.539000000,100,1410,1215,50,0
4517,45.170247431,198.539000000,100,1410,1215,50,0
4518,45.180221952,198.478000000,100,1410,1215,50,0
4519,45.190244673,198.478000000,100,1410,1215,50,0
4520,45.200240944,198.478000000,100,1410,1215,50,0
4521,45.210244730,198.478000000,100,1410,1215,50,0
4522,45.220240030,198.478000000,100,1410,1215,50,0
4523,45.230239227,198.478000000,100,1410,1215,50,0
4524,45.240240067,198.478000000,100,1410,1215,50,0
4525,45.250239575,198.478000000,100,1410,1215,50,0
4526,45.260238181,198.478000000,100,1410,1215,50,0
4527,45.270240384,198.210000000,100,1410,1215,50,0
4528,45.280240152,198.210000000,100,1410,1215,50,0
4529,45.290239840,198.210000000,100,1410,1215,50,0
4530,45.300239548,198.210000000,100,1410,1215,50,0
4531,45.310239377,198.210000000,100,1410,1215,50,0
4532,45.320241369,198.210000000,100,1410,1215,50,0
4533,45.330247660,198.210000000,100,1410,1215,50,0
4534,45.340243941,198.210000000,100,1410,1215,50,0
4535,45.350239792,198.210000000,100,1410,1215,50,0
4536,45.360239641,198.210000000,100,1410,1215,50,0
4537,45.370240511,198.415000000,100,1410,1215,50,0
4538,45.380240079,198.415000000,100,1410,1215,50,0
4539,45.390243464,198.415000000,100,1410,1215,50,0
4540,45.400430513,198.415000000,100,1410,1215,50,0
4541,45.410238742,198.415000000,100,1410,1215,50,0
4542,45.420239172,198.415000000,100,1410,1215,50,0
4543,45.430239711,198.415000000,100,1410,1215,50,0
4544,45.440240161,198.415000000,100,1410,1215,50,0
4545,45.450238927,198.415000000,100,1410,1215,50,0
4546,45.460239036,198.415000000,100,1410,1215,50,0
4547,45.470240317,198.466000000,100,1410,1215,50,0
4548,45.480239775,198.466000000,100,1410,1215,50,0
4549,45.490239523,198.466000000,100,1410,1215,50,0
4550,45.500239501,198.466000000,100,1410,1215,50,0
4551,45.510419578,198.466000000,100,1410,1215,50,0
4552,45.520239759,198.466000000,100,1410,1215,50,0
4553,45.530239317,198.466000000,100,1410,1215,50,0
4554,45.540239366,198.466000000,100,1410,1215,50,0
4555,45.550240547,198.466000000,100,1410,1215,50,0
4556,45.560239954,198.466000000,100,1410,1215,50,0
4557,45.570241095,198.381000000,100,1410,1215,50,0
4558,45.580240743,198.381000000,100,1410,1215,50,0
4559,45.590237836,198.381000000,100,1410,1215,50,0
4560,45.600240049,198.381000000,100,1410,1215,50,0
4561,45.610240579,198.381000000,100,1410,1215,50,0
4562,45.620242221,198.381000000,100,1410,1215,50,0
4563,45.630240626,198.381000000,100,1410,1215,50,0
4564,45.640240515,198.381000000,100,1410,1215,50,0
4565,45.650240183,198.381000000,100,1410,1215,50,0
4566,45.660244279,198.381000000,100,1410,1215,50,0
4567,45.670240340,198.410000000,100,1410,1215,50,0
4568,45.680245328,198.410000000,100,1410,1215,50,0
4569,45.690239646,198.410000000,100,1410,1215,50,0
4570,45.700239114,198.410000000,100,1410,1215,50,0
4571,45.710239744,198.410000000,100,1410,1215,50,0
4572,45.720240464,198.410000000,100,1410,1215,50,0
4573,45.730239691,198.410000000,100,1410,1215,50,0
4574,45.740240181,198.410000000,100,1410,1215,50,0
4575,45.750239949,198.410000000,100,1410,1215,50,0
4576,45.760238445,198.410000000,100,1410,1215,50,0
4577,45.770240618,198.314000000,100,1410,1215,50,0
4578,45.780241498,198.314000000,100,1410,1215,50,0
4579,45.790242178,198.314000000,100,1410,1215,50,0
4580,45.800240734,198.314000000,100,1410,1215,50,0
4581,45.810240602,198.314000000,100,1410,1215,50,0
4582,45.820241512,198.314000000,100,1410,1215,50,0
4583,45.830239567,198.314000000,100,1410,1215,50,0
4584,45.840240337,198.314000000,100,1410,1215,50,0
4585,45.850239294,198.314000000,100,1410,1215,50,0
4586,45.860239173,198.314000000,100,1410,1215,50,0
4587,45.870240825,198.574000000,100,1410,1215,50,0
4588,45.880239300,198.574000000,100,1410,1215,50,0
4589,45.890243637,198.574000000,100,1410,1215,50,0
4590,45.900239959,198.574000000,100,1410,1215,50,0
4591,45.910239897,198.574000000,100,1410,1215,50,0
4592,45.920240186,198.574000000,100,1410,1215,50,0
4593,45.930239143,198.574000000,100,1410,1215,50,0
4594,45.940240013,198.574000000,100,1410,1215,50,0
4595,45.950241435,198.574000000,100,1410,1215,50,0
4596,45.960240522,198.574000000,100,1410,1215,50,0
4597,45.970240009,198.477000000,100,1410,1215,50,0
4598,45.980240158,198.477000000,100,1410,1215,50,0
4599,45.990244225,198.477000000,100,1410,1215,50,0
4600,46.000240436,198.477000000,100,1410,1215,50,0
4601,46.010239704,198.477000000,100,1410,1215,50,0
4602,46.020240093,198.477000000,100,1410,1215,50,0
4603,46.030238328,198.477000000,100,1410,1215,50,0
4604,46.040240100,198.477000000,100,1410,1215,50,0
4605,46.050239849,198.477000000,100,1410,1215,50,0
4606,46.060240098,198.477000000,100,1410,1215,50,0
4607,46.070240597,198.313000000,100,1410,1215,50,0
4608,46.080240947,198.313000000,100,1410,1215,50,0
4609,46.090240124,198.313000000,100,1410,1215,50,0
4610,46.100239541,198.313000000,100,1410,1215,50,0
4611,46.110240171,198.313000000,100,1410,1215,50,0
4612,46.120240150,198.313000000,100,1410,1215,50,0
4613,46.130240790,198.313000000,100,1410,1215,50,0
4614,46.140240838,198.313000000,100,1410,1215,50,0
4615,46.150239424,198.313000000,100,1410,1215,50,0
4616,46.160244573,198.313000000,100,1410,1215,50,0
4617,46.170244641,198.403000000,100,1410,1215,50,0
4618,46.180240623,198.403000000,100,1410,1215,50,0
4619,46.190242915,198.403000000,100,1410,1215,50,0
4620,46.200239808,198.403000000,100,1410,1215,50,0
4621,46.210241610,198.403000000,100,1410,1215,50,0
4622,46.220239796,198.403000000,100,1410,1215,50,0
4623,46.230239664,198.403000000,100,1410,1215,50,0
4624,46.240239643,198.403000000,100,1410,1215,50,0
4625,46.250240663,198.403000000,100,1410,1215,50,0
4626,46.260239750,198.403000000,100,1410,1215,50,0
4627,46.270240330,198.822000000,100,1410,1215,50,0
4628,46.280239738,198.822000000,100,1410,1215,50,0
4629,46.290240027,198.822000000,100,1410,1215,50,0
4630,46.300239444,198.822000000,100,1410,1215,50,0
4631,46.310239703,198.822000000,100,1410,1215,50,0
4632,46.320223231,198.822000000,100,1410,1215,50,0
4633,46.330240242,198.822000000,100,1410,1215,50,0
4634,46.340242004,198.822000000,100,1410,1215,50,0
4635,46.350239898,198.822000000,100,1410,1215,50,0
4636,46.360239777,198.822000000,100,1410,1215,50,0
4637,46.370241128,198.573000000,100,1410,1215,50,0
4638,46.380241026,198.573000000,100,1410,1215,50,0
4639,46.390239071,198.573000000,100,1410,1215,50,0
4640,46.400240022,198.573000000,100,1410,1215,50,0
4641,46.410239750,198.573000000,100,1410,1215,50,0
4642,46.420239328,198.573000000,100,1410,1215,50,0
4643,46.430240218,198.573000000,100,1410,1215,50,0
4644,46.440239916,198.573000000,100,1410,1215,50,0
4645,46.450239925,198.573000000,100,1410,1215,50,0
4646,46.460239493,198.573000000,100,1410,1215,50,0
4647,46.470241145,198.313000000,100,1410,1215,50,0
4648,46.480239831,198.313000000,100,1410,1215,50,0
4649,46.490239950,198.313000000,100,1410,1215,50,0
4650,46.500239678,198.313000000,100,1410,1215,50,0
4651,46.510239697,198.313000000,100,1410,1215,50,0
4652,46.520239725,198.313000000,100,1410,1215,50,0
4653,46.530239173,198.313000000,100,1410,1215,50,0
4654,46.540240183,198.313000000,100,1410,1215,50,0
4655,46.550240362,198.313000000,100,1410,1215,50,0
4656,46.560239840,198.313000000,100,1410,1215,50,0
4657,46.570240380,198.574000000,100,1410,1215,50,0
4658,46.580241671,198.574000000,100,1410,1215,50,0
4659,46.590244164,198.574000000,100,1410,1215,50,0
4660,46.600239825,198.574000000,100,1410,1215,50,0
4661,46.610244292,198.574000000,100,1410,1215,50,0
4662,46.620240153,198.574000000,100,1410,1215,50,0
4663,46.630239821,198.574000000,100,1410,1215,50,0
4664,46.640240400,198.574000000,100,1410,1215,50,0
4665,46.650239968,198.574000000,100,1410,1215,50,0
4666,46.660240297,198.574000000,100,1410,1215,50,0
4667,46.670240326,198.630000000,100,1410,1215,50,0
4668,46.680243701,198.630000000,100,1410,1215,50,0
4669,46.690240203,198.630000000,100,1410,1215,50,0
4670,46.700240362,198.630000000,100,1410,1215,50,0
4671,46.710240581,198.630000000,100,1410,1215,50,0
4672,46.720239799,198.630000000,100,1410,1215,50,0
4673,46.730240308,198.630000000,100,1410,1215,50,0
4674,46.740240597,198.630000000,100,1410,1215,50,0
4675,46.750240386,198.630000000,100,1410,1215,50,0
4676,46.760240615,198.630000000,100,1410,1215,50,0
4677,46.770240363,198.404000000,100,1410,1215,50,0
4678,46.780245772,198.404000000,100,1410,1215,50,0
4679,46.790241512,198.404000000,100,1410,1215,50,0
4680,46.800240349,198.404000000,100,1410,1215,50,0
4681,46.810240488,198.404000000,100,1410,1215,50,0
4682,46.820240456,198.404000000,100,1410,1215,50,0
4683,46.830239343,198.404000000,100,1410,1215,50,0
4684,46.840239532,198.404000000,100,1410,1215,50,0
4685,46.850239130,198.404000000,100,1410,1215,50,0
4686,46.860240361,198.404000000,100,1410,1215,50,0
4687,46.870240740,198.381000000,100,1410,1215,50,0
4688,46.880239837,198.381000000,100,1410,1215,50,0
4689,46.890239415,198.381000000,100,1410,1215,50,0
4690,46.900241037,198.381000000,100,1410,1215,50,0
4691,46.910239893,198.381000000,100,1410,1215,50,0
4692,46.920240082,198.381000000,100,1410,1215,50,0
4693,46.930238588,198.381000000,100,1410,1215,50,0
4694,46.940239438,198.381000000,100,1410,1215,50,0
4695,46.950243014,198.381000000,100,1410,1215,50,0
4696,46.960237983,198.381000000,100,1410,1215,50,0
4697,46.970240306,198.669000000,100,1410,1215,50,0
4698,46.980240585,198.669000000,100,1410,1215,50,0
4699,46.990238370,198.669000000,100,1410,1215,50,0
4700,47.000238709,198.669000000,100,1410,1215,50,0
4701,47.010239168,198.669000000,100,1410,1215,50,0
4702,47.020239889,198.669000000,100,1410,1215,50,0
4703,47.030237653,198.669000000,100,1410,1215,50,0
4704,47.040240006,198.669000000,100,1410,1215,50,0
4705,47.050239895,198.669000000,100,1410,1215,50,0
4706,47.060239683,198.669000000,100,1410,1215,50,0
4707,47.083316993,198.472000000,100,1410,1215,50,0
4708,47.083321070,198.472000000,100,1410,1215,50,0
4709,47.090240370,198.472000000,100,1410,1215,50,0
4710,47.100237904,198.472000000,100,1410,1215,50,0
4711,47.110243253,198.472000000,100,1410,1215,50,0
4712,47.120239534,198.472000000,100,1410,1215,50,0
4713,47.130240054,198.472000000,100,1410,1215,50,0
4714,47.140239942,198.472000000,100,1410,1215,50,0
4715,47.150239701,198.472000000,100,1410,1215,50,0
4716,47.160239379,198.472000000,100,1410,1215,50,0
4717,47.170245559,198.314000000,100,1410,1215,50,0
4718,47.180240288,198.314000000,100,1410,1215,50,0
4719,47.190243172,198.314000000,100,1410,1215,50,0
4720,47.200240075,198.314000000,100,1410,1215,50,0
4721,47.210239342,198.314000000,100,1410,1215,50,0
4722,47.220240112,198.314000000,100,1410,1215,50,0
4723,47.230239329,198.314000000,100,1410,1215,50,0
4724,47.240240420,198.314000000,100,1410,1215,50,0
4725,47.250239717,198.314000000,100,1410,1215,50,0
4726,47.260239706,198.314000000,100,1410,1215,50,0
4727,47.270240125,198.733000000,100,1410,1215,50,0
4728,47.280240555,198.733000000,100,1410,1215,50,0
4729,47.290239732,198.733000000,100,1410,1215,50,0
4730,47.300239300,198.733000000,100,1410,1215,50,0
4731,47.310241533,198.733000000,100,1410,1215,50,0
4732,47.320244026,198.733000000,100,1410,1215,50,0
4733,47.330240578,198.733000000,100,1410,1215,50,0
4734,47.340240507,198.733000000,100,1410,1215,50,0
4735,47.350240065,198.733000000,100,1410,1215,50,0
4736,47.360239102,198.733000000,100,1410,1215,50,0
4737,47.370240803,198.574000000,100,1410,1215,50,0
4738,47.380240662,198.574000000,100,1410,1215,50,0
4739,47.390239719,198.574000000,100,1410,1215,50,0
4740,47.400239276,198.574000000,100,1410,1215,50,0
4741,47.410238684,198.574000000,100,1410,1215,50,0
4742,47.420238783,198.574000000,100,1410,1215,50,0
4743,47.430239824,198.574000000,100,1410,1215,50,0
4744,47.440238570,198.574000000,100,1410,1215,50,0
4745,47.450239260,198.574000000,100,1410,1215,50,0
4746,47.460239168,198.574000000,100,1410,1215,50,0
4747,47.470239868,198.477000000,100,1410,1215,50,0
4748,47.480239626,198.477000000,100,1410,1215,50,0
4749,47.490392291,198.477000000,100,1410,1215,50,0
4750,47.500302131,198.477000000,100,1410,1215,50,0
4751,47.510239803,198.477000000,100,1410,1215,50,0
4752,47.520239571,198.477000000,100,1410,1215,50,0
4753,47.530239469,198.477000000,100,1410,1215,50,0
4754,47.540239498,198.477000000,100,1410,1215,50,0
4755,47.550240018,198.477000000,100,1410,1215,50,0
4756,47.560240277,198.477000000,100,1410,1215,50,0
4757,47.570241107,198.671000000,100,1410,1215,50,0
4758,47.580240495,198.671000000,100,1410,1215,50,0
4759,47.590239932,198.671000000,100,1410,1215,50,0
4760,47.600243407,198.671000000,100,1410,1215,50,0
4761,47.610244218,198.671000000,100,1410,1215,50,0
4762,47.620239828,198.671000000,100,1410,1215,50,0
4763,47.630239245,198.671000000,100,1410,1215,50,0
4764,47.640240006,198.671000000,100,1410,1215,50,0
4765,47.650244372,198.671000000,100,1410,1215,50,0
4766,47.660239903,198.671000000,100,1410,1215,50,0
4767,47.670240713,198.670000000,100,1410,1215,50,0
4768,47.680240521,198.670000000,100,1410,1215,50,0
4769,47.690242844,198.670000000,100,1410,1215,50,0
4770,47.700239517,198.670000000,100,1410,1215,50,0
4771,47.710238944,198.670000000,100,1410,1215,50,0
4772,47.720239734,198.670000000,100,1410,1215,50,0
4773,47.730239232,198.670000000,100,1410,1215,50,0
4774,47.740239762,198.670000000,100,1410,1215,50,0
4775,47.750239650,198.670000000,100,1410,1215,50,0
4776,47.760238647,198.670000000,100,1410,1215,50,0
4777,47.770240249,198.573000000,100,1410,1215,50,0
4778,47.780244716,198.573000000,100,1410,1215,50,0
4779,47.790240286,198.573000000,100,1410,1215,50,0
4780,47.800239453,198.573000000,100,1410,1215,50,0
4781,47.810239462,198.573000000,100,1410,1215,50,0
4782,47.820241514,198.573000000,100,1410,1215,50,0
4783,47.830239078,198.573000000,100,1410,1215,50,0
4784,47.840239358,198.573000000,100,1410,1215,50,0
4785,47.850239116,198.573000000,100,1410,1215,50,0
4786,47.860240206,198.573000000,100,1410,1215,50,0
4787,47.870240165,198.540000000,100,1410,1215,50,0
4788,47.880241025,198.540000000,100,1410,1215,50,0
4789,47.890240112,198.540000000,100,1410,1215,50,0
4790,47.900243437,198.540000000,100,1410,1215,50,0
4791,47.910239318,198.540000000,100,1410,1215,50,0
4792,47.920239527,198.540000000,100,1410,1215,50,0
4793,47.930239927,198.540000000,100,1410,1215,50,0
4794,47.940240416,198.540000000,100,1410,1215,50,0
4795,47.950226148,198.540000000,100,1410,1215,50,0
4796,47.960241526,198.540000000,100,1410,1215,50,0
4797,47.970239851,198.500000000,100,1410,1215,50,0
4798,47.980239970,198.500000000,100,1410,1215,50,0
4799,47.990239708,198.500000000,100,1410,1215,50,0
4800,48.000239386,198.500000000,100,1410,1215,50,0
4801,48.010239465,198.500000000,100,1410,1215,50,0
4802,48.020239604,198.500000000,100,1410,1215,50,0
4803,48.030239182,198.500000000,100,1410,1215,50,0
4804,48.040239521,198.500000000,100,1410,1215,50,0
4805,48.050240131,198.500000000,100,1410,1215,50,0
4806,48.060239098,198.500000000,100,1410,1215,50,0
4807,48.070240880,198.473000000,100,1410,1215,50,0
4808,48.080240187,198.473000000,100,1410,1215,50,0
4809,48.090224937,198.473000000,100,1410,1215,50,0
4810,48.100240836,198.473000000,100,1410,1215,50,0
4811,48.110239512,198.473000000,100,1410,1215,50,0
4812,48.120239611,198.473000000,100,1410,1215,50,0
4813,48.130240491,198.473000000,100,1410,1215,50,0
4814,48.140239418,198.473000000,100,1410,1215,50,0
4815,48.150240097,198.473000000,100,1410,1215,50,0
4816,48.160239485,198.473000000,100,1410,1215,50,0
4817,48.170244303,198.540000000,100,1410,1215,50,0
4818,48.180241807,198.540000000,100,1410,1215,50,0
4819,48.190242386,198.540000000,100,1410,1215,50,0
4820,48.200240852,198.540000000,100,1410,1215,50,0
4821,48.210242684,198.540000000,100,1410,1215,50,0
4822,48.220239076,198.540000000,100,1410,1215,50,0
4823,48.230239305,198.540000000,100,1410,1215,50,0
4824,48.240239564,198.540000000,100,1410,1215,50,0
4825,48.250240154,198.540000000,100,1410,1215,50,0
4826,48.260239391,198.540000000,100,1410,1215,50,0
4827,48.270240021,198.573000000,100,1410,1215,50,0
4828,48.280240992,198.573000000,100,1410,1215,50,0
4829,48.290240580,198.573000000,100,1410,1215,50,0
4830,48.300239566,198.573000000,100,1410,1215,50,0
4831,48.310239675,198.573000000,100,1410,1215,50,0
4832,48.320227281,198.573000000,100,1410,1215,50,0
4833,48.330240534,198.573000000,100,1410,1215,50,0
4834,48.340242466,198.573000000,100,1410,1215,50,0
4835,48.350240221,198.573000000,100,1410,1215,50,0
4836,48.360239658,198.573000000,100,1410,1215,50,0
4837,48.370241360,198.573000000,100,1410,1215,50,0
4838,48.380240437,198.314000000,100,1410,1215,50,0
4839,48.390240266,198.314000000,100,1410,1215,50,0
4840,48.400239914,198.314000000,100,1410,1215,50,0
4841,48.410239812,198.314000000,100,1410,1215,50,0
4842,48.420239981,198.314000000,100,1410,1215,50,0
4843,48.430239719,198.314000000,100,1410,1215,50,0
4844,48.440239948,198.314000000,100,1410,1215,50,0
4845,48.450240288,198.314000000,100,1410,1215,50,0
4846,48.460239715,198.314000000,100,1410,1215,50,0
4847,48.470240595,198.314000000,100,1410,1215,50,0
4848,48.480240885,198.484000000,100,1410,1215,50,0
4849,48.490240863,198.484000000,100,1410,1215,50,0
4850,48.500240421,198.484000000,100,1410,1215,50,0
4851,48.510240470,198.484000000,100,1410,1215,50,0
4852,48.520239286,198.484000000,100,1410,1215,50,0
4853,48.530239866,198.484000000,100,1410,1215,50,0
4854,48.540242740,198.484000000,100,1410,1215,50,0
4855,48.550240274,198.484000000,100,1410,1215,50,0
4856,48.560239652,198.484000000,100,1410,1215,50,0
4857,48.570240792,198.484000000,100,1410,1215,50,0
4858,48.580241032,198.574000000,100,1410,1215,50,0
4859,48.590240710,198.574000000,100,1410,1215,50,0
4860,48.600240007,198.574000000,100,1410,1215,50,0
4861,48.610239905,198.574000000,100,1410,1215,50,0
4862,48.620244292,198.574000000,100,1410,1215,50,0
4863,48.630240594,198.574000000,100,1410,1215,50,0
4864,48.640245462,198.574000000,100,1410,1215,50,0
4865,48.650239690,198.574000000,100,1410,1215,50,0
4866,48.660239508,198.574000000,100,1410,1215,50,0
4867,48.670240559,198.671000000,100,1410,1215,50,0
4868,48.680241299,198.671000000,100,1410,1215,50,0
4869,48.690240015,198.671000000,100,1410,1215,50,0
4870,48.700239893,198.671000000,100,1410,1215,50,0
4871,48.710244581,198.671000000,100,1410,1215,50,0
4872,48.720239831,198.671000000,100,1410,1215,50,0
4873,48.730239889,198.671000000,100,1410,1215,50,0
4874,48.740240179,198.671000000,100,1410,1215,50,0
4875,48.750240268,198.671000000,100,1410,1215,50,0
4876,48.760240226,198.671000000,100,1410,1215,50,0
4877,48.770241126,198.403000000,100,1410,1215,50,0
4878,48.780241135,198.403000000,100,1410,1215,50,0
4879,48.790240462,198.403000000,100,1410,1215,50,0
4880,48.800240481,198.403000000,100,1410,1215,50,0
4881,48.810244067,198.403000000,100,1410,1215,50,0
4882,48.820241460,198.403000000,100,1410,1215,50,0
4883,48.830240016,198.403000000,100,1410,1215,50,0
4884,48.840240145,198.403000000,100,1410,1215,50,0
4885,48.850240314,198.403000000,100,1410,1215,50,0
4886,48.860239852,198.403000000,100,1410,1215,50,0
4887,48.870240391,198.574000000,100,1410,1215,50,0
4888,48.880240521,198.574000000,100,1410,1215,50,0
4889,48.890239567,198.574000000,100,1410,1215,50,0
4890,48.900239957,198.574000000,100,1410,1215,50,0
4891,48.910240296,198.574000000,100,1410,1215,50,0
4892,48.920240144,198.574000000,100,1410,1215,50,0
4893,48.930245563,198.574000000,100,1410,1215,50,0
4894,48.940239400,198.574000000,100,1410,1215,50,0
4895,48.950241593,198.574000000,100,1410,1215,50,0
4896,48.960239798,198.574000000,100,1410,1215,50,0
4897,48.970241250,198.472000000,100,1410,1215,50,0
4898,48.980240748,198.472000000,100,1410,1215,50,0
4899,48.990239203,198.472000000,100,1410,1215,50,0
4900,49.000239873,198.472000000,100,1410,1215,50,0
4901,49.010239601,198.472000000,100,1410,1215,50,0
4902,49.020241013,198.472000000,100,1410,1215,50,0
4903,49.030241442,198.472000000,100,1410,1215,50,0
4904,49.040244226,198.472000000,100,1410,1215,50,0
4905,49.050240357,198.472000000,100,1410,1215,50,0
4906,49.060239484,198.472000000,100,1410,1215,50,0
4907,49.070241697,198.466000000,100,1410,1215,50,0
4908,49.080241656,198.466000000,100,1410,1215,50,0
4909,49.090226055,198.466000000,100,1410,1215,50,0
4910,49.100223679,198.466000000,100,1410,1215,50,0
4911,49.110222456,198.466000000,100,1410,1215,50,0
4912,49.120222294,198.466000000,100,1410,1215,50,0
4913,49.130240056,198.466000000,100,1410,1215,50,0
4914,49.140241788,198.466000000,100,1410,1215,50,0
4915,49.150221579,198.466000000,100,1410,1215,50,0
4916,49.160242316,198.466000000,100,1410,1215,50,0
4917,49.170242555,198.828000000,100,1410,1215,50,0
4918,49.180241262,198.828000000,100,1410,1215,50,0
4919,49.190244957,198.828000000,100,1410,1215,50,0
4920,49.200240628,198.828000000,100,1410,1215,50,0
4921,49.210240937,198.828000000,100,1410,1215,50,0
4922,49.220240855,198.828000000,100,1410,1215,50,0
4923,49.230239682,198.828000000,100,1410,1215,50,0
4924,49.240239951,198.828000000,100,1410,1215,50,0
4925,49.250240090,198.828000000,100,1410,1215,50,0
4926,49.260240640,198.828000000,100,1410,1215,50,0
4927,49.270241260,198.767000000,100,1410,1215,50,0
4928,49.280240527,198.767000000,100,1410,1215,50,0
4929,49.290239874,198.767000000,100,1410,1215,50,0
4930,49.300240163,198.767000000,100,1410,1215,50,0
4931,49.310240443,198.767000000,100,1410,1215,50,0
4932,49.320223439,198.767000000,100,1410,1215,50,0
4933,49.330241322,198.767000000,100,1410,1215,50,0
4934,49.340244076,198.767000000,100,1410,1215,50,0
4935,49.350240347,198.767000000,100,1410,1215,50,0
4936,49.360239945,198.767000000,100,1410,1215,50,0
4937,49.370240515,198.387000000,100,1410,1215,50,0
4938,49.380240042,198.387000000,100,1410,1215,50,0
4939,49.390240011,198.387000000,100,1410,1215,50,0
4940,49.400240100,198.387000000,100,1410,1215,50,0
4941,49.410239417,198.387000000,100,1410,1215,50,0
4942,49.420239667,198.387000000,100,1410,1215,50,0
4943,49.430239936,198.387000000,100,1410,1215,50,0
4944,49.440241117,198.387000000,100,1410,1215,50,0
4945,49.450238951,198.387000000,100,1410,1215,50,0
4946,49.460243889,198.387000000,100,1410,1215,50,0
4947,49.470239469,198.387000000,100,1410,1215,50,0
4948,49.480240670,198.670000000,100,1410,1215,50,0
4949,49.490238355,198.670000000,100,1410,1215,50,0
4950,49.500239926,198.670000000,100,1410,1215,50,0
4951,49.510239434,198.670000000,100,1410,1215,50,0
4952,49.520240525,198.670000000,100,1410,1215,50,0
4953,49.530239672,198.670000000,100,1410,1215,50,0
4954,49.540240181,198.670000000,100,1410,1215,50,0
4955,49.550239829,198.670000000,100,1410,1215,50,0
4956,49.560239097,198.670000000,100,1410,1215,50,0
4957,49.570245908,198.670000000,100,1410,1215,50,0
4958,49.580240607,198.703000000,100,1410,1215,50,0
4959,49.590239413,198.703000000,100,1410,1215,50,0
4960,49.600240033,198.703000000,100,1410,1215,50,0
4961,49.610239681,198.703000000,100,1410,1215,50,0
4962,49.620239439,198.703000000,100,1410,1215,50,0
4963,49.630243846,198.703000000,100,1410,1215,50,0
4964,49.640239226,198.703000000,100,1410,1215,50,0
4965,49.650240597,198.703000000,100,1410,1215,50,0
4966,49.660240145,198.703000000,100,1410,1215,50,0
4967,49.670241446,198.703000000,100,1410,1215,50,0
4968,49.680241816,198.703000000,100,1410,1215,50,0
4969,49.690240362,198.703000000,100,1410,1215,50,0
4970,49.700240420,198.703000000,100,1410,1215,50,0
4971,49.710239798,198.703000000,100,1410,1215,50,0
4972,49.720239566,198.703000000,100,1410,1215,50,0
4973,49.730239865,198.703000000,100,1410,1215,50,0
4974,49.740240596,198.703000000,100,1410,1215,50,0
4975,49.750238340,198.703000000,100,1410,1215,50,0
4976,49.760239010,198.703000000,100,1410,1215,50,0
4977,49.770240952,198.828000000,100,1410,1215,50,0
4978,49.780245088,198.828000000,100,1410,1215,50,0
4979,49.790240328,198.828000000,100,1410,1215,50,0
4980,49.800240417,198.828000000,100,1410,1215,50,0
4981,49.810240756,198.828000000,100,1410,1215,50,0
4982,49.820240935,198.828000000,100,1410,1215,50,0
4983,49.830240163,198.828000000,100,1410,1215,50,0
4984,49.840244088,198.828000000,100,1410,1215,50,0
4985,49.850240240,198.828000000,100,1410,1215,50,0
4986,49.860240880,198.828000000,100,1410,1215,50,0
4987,49.870240859,198.766000000,100,1410,1215,50,0
4988,49.880240977,198.766000000,100,1410,1215,50,0
4989,49.890240926,198.766000000,100,1410,1215,50,0
4990,49.900240173,198.766000000,100,1410,1215,50,0
4991,49.910239871,198.766000000,100,1410,1215,50,0
4992,49.920239369,198.766000000,100,1410,1215,50,0
4993,49.930241021,198.766000000,100,1410,1215,50,0
4994,49.940239366,198.766000000,100,1410,1215,50,0
4995,49.950241900,198.766000000,100,1410,1215,50,0
4996,49.960239364,198.766000000,100,1410,1215,50,0
4997,49.970240344,198.421000000,100,1410,1215,50,0
4998,49.980240553,198.421000000,100,1410,1215,50,0
4999,49.990237696,198.421000000,100,1410,1215,50,0
5000,50.000240350,198.421000000,100,1410,1215,50,0
