sample_index,timestamp_s,power_w,util_pct,sm_clock_mhz,mem_clock_mhz,temp_c,throttle_reasons
0,0.010987090,198.049000000,100,1410,1215,43,0
1,0.010992470,198.049000000,100,1410,1215,43,0
2,0.020275664,198.049000000,100,1410,1215,43,0
3,0.030276845,198.049000000,100,1410,1215,43,0
4,0.040278767,200.326000000,100,1410,1215,45,0
5,0.050470145,200.326000000,100,1410,1215,45,0
6,0.060854053,200.326000000,100,1410,1215,45,0
7,0.070311645,200.326000000,100,1410,1215,45,0
8,0.080279032,200.326000000,100,1410,1215,45,0
9,0.090276546,200.326000000,100,1410,1215,45,0
10,0.100281223,200.326000000,100,1410,1215,45,0
11,0.110276813,200.326000000,100,1410,1215,45,0
12,0.120276061,200.326000000,100,1410,1215,45,0
13,0.130284214,200.326000000,100,1410,1215,45,0
14,0.140281067,200.326000000,100,1410,1215,45,0
15,0.150277489,201.664000000,100,1410,1215,45,0
16,0.160278509,201.664000000,100,1410,1215,45,0
17,0.170278969,201.664000000,100,1410,1215,45,0
18,0.180276432,201.664000000,100,1410,1215,45,0
19,0.190276722,201.664000000,100,1410,1215,45,0
20,0.200279125,201.664000000,100,1410,1215,45,0
21,0.210280215,201.664000000,100,1410,1215,45,0
22,0.220274924,201.664000000,100,1410,1215,45,0
23,0.230275133,201.664000000,100,1410,1215,45,0
24,0.240276344,214.230000000,93,1410,1215,45,0
25,0.250283866,214.230000000,93,1410,1215,45,0
26,0.260277363,214.230000000,93,1410,1215,45,0
27,0.270276029,214.230000000,93,1410,1215,45,0
28,0.280275516,214.230000000,93,1410,1215,45,0
29,0.290280755,214.230000000,93,1410,1215,45,0
30,0.300275694,214.230000000,93,1410,1215,45,0
31,0.310274871,214.230000000,93,1410,1215,45,0
32,0.320556788,214.230000000,93,1410,1215,45,0
33,0.330280699,214.230000000,93,1410,1215,45,0
34,0.340614333,205.769000000,93,1410,1215,45,0
35,0.350283180,205.769000000,93,1410,1215,45,0
36,0.360276857,205.769000000,93,1410,1215,45,0
37,0.370274832,205.769000000,93,1410,1215,45,0
38,0.380276173,205.769000000,93,1410,1215,45,0
39,0.390277263,205.769000000,93,1410,1215,45,0
40,0.400276541,205.769000000,93,1410,1215,45,0
41,0.410275718,205.769000000,93,1410,1215,45,0
42,0.420274724,205.769000000,93,1410,1215,45,0
43,0.430276977,205.769000000,93,1410,1215,45,0
44,0.440275984,214.490000000,100,1410,1215,45,0
45,0.450273949,214.490000000,100,1410,1215,45,0
46,0.460273877,214.490000000,100,1410,1215,45,0
47,0.470277142,214.490000000,100,1410,1215,45,0
48,0.480285336,214.490000000,100,1410,1215,45,0
49,0.490277079,214.490000000,100,1410,1215,45,0
50,0.500396411,214.490000000,100,1410,1215,45,0
51,0.510303666,214.490000000,100,1410,1215,45,0
52,0.520276774,214.490000000,100,1410,1215,45,0
53,0.530281992,214.490000000,100,1410,1215,45,0
54,0.540277352,211.311000000,100,1410,1215,45,0
55,0.550284303,211.311000000,100,1410,1215,45,0
56,0.560274864,211.311000000,100,1410,1215,45,0
57,0.570413563,211.311000000,100,1410,1215,45,0
58,0.580276024,211.311000000,100,1410,1215,45,0
59,0.590274509,211.311000000,100,1410,1215,45,0
60,0.600282112,211.311000000,100,1410,1215,45,0
61,0.610279325,211.311000000,100,1410,1215,45,0
62,0.620274505,211.311000000,100,1410,1215,45,0
63,0.630276748,211.311000000,100,1410,1215,45,0
64,0.640275123,210.639000000,100,1410,1215,45,0
65,0.650281634,210.639000000,100,1410,1215,45,0
66,0.660274920,210.639000000,100,1410,1215,45,0
67,0.670282553,210.639000000,100,1410,1215,45,0
68,0.680276590,210.639000000,100,1410,1215,45,0
69,0.690279324,210.639000000,100,1410,1215,45,0
70,0.700289872,210.639000000,100,1410,1215,45,0
71,0.711618101,210.639000000,100,1410,1215,45,0
72,0.720295900,210.639000000,100,1410,1215,45,0
73,0.730287573,210.639000000,100,1410,1215,45,0
74,0.740277152,213.646000000,100,1410,1215,45,0
75,0.750305624,213.646000000,100,1410,1215,45,0
76,0.760279093,213.646000000,100,1410,1215,45,0
77,0.770275445,213.646000000,100,1410,1215,45,0
78,0.780290271,213.646000000,100,1410,1215,45,0
79,0.790277846,213.646000000,100,1410,1215,45,0
80,0.800274298,213.646000000,100,1410,1215,45,0
81,0.810304243,213.646000000,100,1410,1215,45,0
82,0.820277040,213.646000000,100,1410,1215,45,0
83,0.830274995,213.646000000,100,1410,1215,45,0
84,0.840276597,200.419000000,100,1410,1215,45,0
85,0.850273860,200.419000000,100,1410,1215,45,0
86,0.860274319,200.419000000,100,1410,1215,45,0
87,0.870274608,200.419000000,100,1410,1215,45,0
88,0.880274697,200.419000000,100,1410,1215,45,0
89,0.890279104,200.419000000,100,1410,1215,45,0
90,0.900279173,200.419000000,100,1410,1215,45,0
91,0.910277278,200.419000000,100,1410,1215,45,0
92,0.920272738,200.419000000,100,1410,1215,45,0
93,0.930294878,200.419000000,100,1410,1215,45,0
94,0.940284938,214.463000000,100,1410,1215,45,0
95,0.950278334,214.463000000,100,1410,1215,45,0
96,0.960280456,214.463000000,100,1410,1215,45,0
97,0.970507741,214.463000000,100,1410,1215,45,0
98,0.980277858,214.463000000,100,1410,1215,45,0
99,0.990275472,214.463000000,100,1410,1215,45,0
100,1.000302041,214.463000000,100,1410,1215,45,0
101,1.010279798,214.463000000,100,1410,1215,45,0
102,1.020281499,214.463000000,100,1410,1215,45,0
103,1.030287219,214.463000000,100,1410,1215,45,0
104,1.040274233,209.490000000,100,1410,1215,45,0
105,1.050277307,209.490000000,100,1410,1215,45,0
106,1.061727865,209.490000000,100,1410,1215,45,0
107,1.070505362,209.490000000,100,1410,1215,45,0
108,1.080306307,209.490000000,100,1410,1215,45,0
109,1.090282551,209.490000000,100,1410,1215,45,0
110,1.100283812,209.490000000,100,1410,1215,45,0
111,1.110274543,209.490000000,100,1410,1215,45,0
112,1.120272778,209.490000000,100,1410,1215,45,0
113,1.130276744,209.490000000,100,1410,1215,45,0
114,1.140278446,213.606000000,100,1410,1215,45,0
115,1.150273275,213.606000000,100,1410,1215,45,0
116,1.160275678,213.606000000,100,1410,1215,45,0
117,1.170279784,213.606000000,100,1410,1215,45,0
118,1.180278250,213.606000000,100,1410,1215,45,0
119,1.190276255,213.606000000,100,1410,1215,45,0
120,1.200274580,213.606000000,100,1410,1215,45,0
121,1.210278806,213.606000000,100,1410,1215,45,0
122,1.220276450,213.606000000,100,1410,1215,45,0
123,1.230274876,213.606000000,100,1410,1215,45,0
124,1.240276157,213.606000000,100,1410,1215,45,0
125,1.250277117,213.606000000,100,1410,1215,45,0
126,1.260277987,213.606000000,100,1410,1215,45,0
127,1.270276854,213.606000000,100,1410,1215,45,0
128,1.280274298,213.606000000,100,1410,1215,45,0
129,1.290277422,213.606000000,100,1410,1215,45,0
130,1.300276970,213.606000000,100,1410,1215,45,0
131,1.310274033,213.606000000,100,1410,1215,45,0
132,1.320276506,213.606000000,100,1410,1215,45,0
133,1.330275893,213.606000000,100,1410,1215,45,0
134,1.340273367,213.578000000,100,1410,1215,45,0
135,1.350277293,213.578000000,100,1410,1215,45,0
136,1.360273875,213.578000000,100,1410,1215,45,0
137,1.370275336,213.578000000,100,1410,1215,45,0
138,1.380278030,213.578000000,100,1410,1215,45,0
139,1.390274843,213.578000000,100,1410,1215,45,0
140,1.400279580,213.578000000,100,1410,1215,45,0
141,1.410274539,213.578000000,100,1410,1215,45,0
142,1.420277874,213.578000000,100,1410,1215,45,0
143,1.432982654,213.578000000,100,1410,1215,45,0
144,1.440280816,198.407000000,100,1410,1215,45,0
145,1.450277659,198.407000000,100,1410,1215,45,0
146,1.460595564,198.407000000,100,1410,1215,45,0
147,1.470278017,198.407000000,100,1410,1215,45,0
148,1.480274098,198.407000000,100,1410,1215,45,0
149,1.490282352,198.407000000,100,1410,1215,45,0
150,1.500272923,198.407000000,100,1410,1215,45,0
151,1.510275336,198.407000000,100,1410,1215,45,0
152,1.520281526,198.407000000,100,1410,1215,45,0
153,1.530273880,198.407000000,100,1410,1215,45,0
154,1.540290871,214.598000000,100,1410,1215,45,0
155,1.550275771,214.598000000,100,1410,1215,45,0
156,1.560409771,214.598000000,100,1410,1215,45,0
157,1.570299142,214.598000000,100,1410,1215,45,0
158,1.580286286,214.598000000,100,1410,1215,45,0
159,1.590684020,214.598000000,100,1410,1215,45,0
160,1.600956069,214.598000000,100,1410,1215,45,0
161,1.610275461,214.598000000,100,1410,1215,45,0
162,1.620275831,214.598000000,100,1410,1215,45,0
163,1.630275108,214.598000000,100,1410,1215,45,0
164,1.640275096,207.023000000,100,1410,1215,45,0
165,1.650947075,207.023000000,100,1410,1215,45,0
166,1.660273931,207.023000000,100,1410,1215,45,0
167,1.670272277,207.023000000,100,1410,1215,45,0
168,1.680273588,207.023000000,100,1410,1215,45,0
169,1.690273536,207.023000000,100,1410,1215,45,0
170,1.700274196,207.023000000,100,1410,1215,45,0
171,1.710273233,207.023000000,100,1410,1215,45,0
172,1.720274744,207.023000000,100,1410,1215,45,0
173,1.730274232,207.023000000,100,1410,1215,45,0
174,1.740274500,214.790000000,100,1410,1215,45,0
175,1.750273868,214.790000000,100,1410,1215,45,0
176,1.760274257,214.790000000,100,1410,1215,45,0
177,1.770273374,214.790000000,100,1410,1215,45,0
178,1.780275937,214.790000000,100,1410,1215,45,0
179,1.790276276,214.790000000,100,1410,1215,45,0
180,1.800275564,214.790000000,100,1410,1215,45,0
181,1.811950422,214.790000000,100,1410,1215,45,0
182,1.820273146,214.790000000,100,1410,1215,45,0
183,1.830273776,214.790000000,100,1410,1215,45,0
184,1.840274736,212.290000000,100,1410,1215,45,0
185,1.850274093,212.290000000,100,1410,1215,45,0
186,1.860273821,212.290000000,100,1410,1215,45,0
187,1.870273630,212.290000000,100,1410,1215,45,0
188,1.880273999,212.290000000,100,1410,1215,45,0
189,1.890273707,212.290000000,100,1410,1215,45,0
190,1.900274206,212.290000000,100,1410,1215,45,0
191,1.910274435,212.290000000,100,1410,1215,45,0
192,1.920274444,212.290000000,100,1410,1215,45,0
193,1.930274122,212.290000000,100,1410,1215,45,0
194,1.940274591,207.766000000,100,1410,1215,45,0
195,1.950274920,207.766000000,100,1410,1215,45,0
196,1.960274157,207.766000000,100,1410,1215,45,0
197,1.970274667,207.766000000,100,1410,1215,45,0
198,1.980273934,207.766000000,100,1410,1215,45,0
199,1.990274704,207.766000000,100,1410,1215,45,0
200,2.000273099,207.766000000,100,1410,1215,45,0
201,2.010275813,207.766000000,100,1410,1215,45,0
202,2.020278947,207.766000000,100,1410,1215,45,0
203,2.030275289,207.766000000,100,1410,1215,45,0
204,2.041954005,214.262000000,100,1410,1215,46,0
205,2.050272621,214.262000000,100,1410,1215,46,0
206,2.060272940,214.262000000,100,1410,1215,46,0
207,2.070272688,214.262000000,100,1410,1215,46,0
208,2.080273468,214.262000000,100,1410,1215,46,0
209,2.090273407,214.262000000,100,1410,1215,46,0
210,2.100276070,214.262000000,100,1410,1215,46,0
211,2.110276980,214.262000000,100,1410,1215,46,0
212,2.120275165,214.262000000,100,1410,1215,46,0
213,2.130274172,214.262000000,100,1410,1215,46,0
214,2.140275573,203.323000000,100,1410,1215,46,0
215,2.150273758,203.323000000,100,1410,1215,46,0
216,2.160273947,203.323000000,100,1410,1215,46,0
217,2.170273425,203.323000000,100,1410,1215,46,0
218,2.180274024,203.323000000,100,1410,1215,46,0
219,2.190276197,203.323000000,100,1410,1215,46,0
220,2.200274432,203.323000000,100,1410,1215,46,0
221,2.210275002,203.323000000,100,1410,1215,46,0
222,2.220275491,203.323000000,100,1410,1215,46,0
223,2.230275820,203.323000000,100,1410,1215,46,0
224,2.240275007,214.791000000,100,1410,1215,45,0
225,2.250275076,214.791000000,100,1410,1215,45,0
226,2.260276628,214.791000000,100,1410,1215,45,0
227,2.270275003,214.791000000,100,1410,1215,45,0
228,2.280274410,214.791000000,100,1410,1215,45,0
229,2.290275842,214.791000000,100,1410,1215,45,0
230,2.300281721,214.791000000,100,1410,1215,45,0
231,2.310950393,214.791000000,100,1410,1215,45,0
232,2.320302647,214.791000000,100,1410,1215,45,0
233,2.330274443,214.791000000,100,1410,1215,45,0
234,2.340276826,210.403000000,100,1410,1215,46,0
235,2.350273098,210.403000000,100,1410,1215,46,0
236,2.360273437,210.403000000,100,1410,1215,46,0
237,2.370273425,210.403000000,100,1410,1215,46,0
238,2.380273153,210.403000000,100,1410,1215,46,0
239,2.390273553,210.403000000,100,1410,1215,46,0
240,2.400286275,210.403000000,100,1410,1215,46,0
241,2.410276355,210.403000000,100,1410,1215,46,0
242,2.420274820,210.403000000,100,1410,1215,46,0
243,2.430286912,210.403000000,100,1410,1215,46,0
244,2.440277543,213.511000000,100,1410,1215,46,0
245,2.450275387,213.511000000,100,1410,1215,46,0
246,2.460274294,213.511000000,100,1410,1215,46,0
247,2.470280183,213.511000000,100,1410,1215,46,0
248,2.480697594,213.511000000,100,1410,1215,46,0
249,2.490275211,213.511000000,100,1410,1215,46,0
250,2.500275179,213.511000000,100,1410,1215,46,0
251,2.510279766,213.511000000,100,1410,1215,46,0
252,2.521416566,213.511000000,100,1410,1215,46,0
253,2.530278762,213.511000000,100,1410,1215,46,0
254,2.540292806,213.773000000,100,1410,1215,46,0
255,2.550278728,213.773000000,100,1410,1215,46,0
256,2.560280120,213.773000000,100,1410,1215,46,0
257,2.570317288,213.773000000,100,1410,1215,46,0
258,2.580507593,213.773000000,100,1410,1215,46,0
259,2.590278662,213.773000000,100,1410,1215,46,0
260,2.600276717,213.773000000,100,1410,1215,46,0
261,2.610276315,213.773000000,100,1410,1215,46,0
262,2.620275652,213.773000000,100,1410,1215,46,0
263,2.630274429,213.773000000,100,1410,1215,46,0
264,2.640275780,196.920000000,100,1410,1215,46,0
265,2.650274896,196.920000000,100,1410,1215,46,0
266,2.660306655,196.920000000,100,1410,1215,46,0
267,2.670277819,196.920000000,100,1410,1215,46,0
268,2.680275914,196.920000000,100,1410,1215,46,0
269,2.690274440,196.920000000,100,1410,1215,46,0
270,2.700275310,196.920000000,100,1410,1215,46,0
271,2.710306807,196.920000000,100,1410,1215,46,0
272,2.720278032,196.920000000,100,1410,1215,46,0
273,2.730666679,196.920000000,100,1410,1215,46,0
274,2.740277448,214.672000000,100,1410,1215,46,0
275,2.750304768,214.672000000,100,1410,1215,46,0
276,2.760300939,214.672000000,100,1410,1215,46,0
277,2.770279327,214.672000000,100,1410,1215,46,0
278,2.780286890,214.672000000,100,1410,1215,46,0
279,2.790273994,214.672000000,100,1410,1215,46,0
280,2.801967417,214.672000000,100,1410,1215,46,0
281,2.810280663,214.672000000,100,1410,1215,46,0
282,2.820277256,214.672000000,100,1410,1215,46,0
283,2.830965765,214.672000000,100,1410,1215,46,0
284,2.840294034,207.603000000,100,1410,1215,46,0
285,2.850278634,207.603000000,100,1410,1215,46,0
286,2.860299331,207.603000000,100,1410,1215,46,0
287,2.870275946,207.603000000,100,1410,1215,46,0
288,2.880272498,207.603000000,100,1410,1215,46,0
289,2.890277776,207.603000000,100,1410,1215,46,0
290,2.900276312,207.603000000,100,1410,1215,46,0
291,2.910275759,207.603000000,100,1410,1215,46,0
292,2.920274495,207.603000000,100,1410,1215,46,0
293,2.930283411,207.603000000,100,1410,1215,46,0
294,2.940273881,215.332000000,100,1410,1215,46,0
295,2.950272447,215.332000000,100,1410,1215,46,0
296,2.960272676,215.332000000,100,1410,1215,46,0
297,2.970273156,215.332000000,100,1410,1215,46,0
298,2.980273254,215.332000000,100,1410,1215,46,0
299,2.990272451,215.332000000,100,1410,1215,46,0
300,3.000274584,215.332000000,100,1410,1215,46,0
301,3.010273731,215.332000000,100,1410,1215,46,0
302,3.020272707,215.332000000,100,1410,1215,46,0
303,3.030274449,215.332000000,100,1410,1215,46,0
304,3.040273035,212.515000000,100,1410,1215,46,0
305,3.050274777,212.515000000,100,1410,1215,46,0
306,3.060276699,212.515000000,100,1410,1215,46,0
307,3.071948461,212.515000000,100,1410,1215,46,0
308,3.080273830,212.515000000,100,1410,1215,46,0
309,3.090272466,212.515000000,100,1410,1215,46,0
310,3.100273617,212.515000000,100,1410,1215,46,0
311,3.110275719,212.515000000,100,1410,1215,46,0
312,3.120285616,212.515000000,100,1410,1215,46,0
313,3.130276388,212.515000000,100,1410,1215,46,0
314,3.140274863,206.018000000,100,1410,1215,46,0
315,3.150288447,206.018000000,100,1410,1215,46,0
316,3.160287153,206.018000000,100,1410,1215,46,0
317,3.172972506,206.018000000,100,1410,1215,46,0
318,3.180280358,206.018000000,100,1410,1215,46,0
319,3.190283502,206.018000000,100,1410,1215,46,0
320,3.200303087,206.018000000,100,1410,1215,46,0
321,3.210291865,206.018000000,100,1410,1215,46,0
322,3.220285682,206.018000000,100,1410,1215,46,0
323,3.230281653,206.018000000,100,1410,1215,46,0
324,3.240289826,214.762000000,100,1410,1215,46,0
325,3.250289284,214.762000000,100,1410,1215,46,0
326,3.260279815,214.762000000,100,1410,1215,46,0
327,3.270278110,214.762000000,100,1410,1215,46,0
328,3.280275524,214.762000000,100,1410,1215,46,0
329,3.290274130,214.762000000,100,1410,1215,46,0
330,3.300275370,214.762000000,100,1410,1215,46,0
331,3.310275479,214.762000000,100,1410,1215,46,0
332,3.320274325,214.762000000,100,1410,1215,46,0
333,3.330275997,214.762000000,100,1410,1215,46,0
334,3.341959221,204.009000000,100,1410,1215,46,0
335,3.350274321,204.009000000,100,1410,1215,46,0
336,3.360274640,204.009000000,100,1410,1215,46,0
337,3.370949814,204.009000000,100,1410,1215,46,0
338,3.380284816,204.009000000,100,1410,1215,46,0
339,3.390301015,204.009000000,100,1410,1215,46,0
340,3.400567313,204.009000000,100,1410,1215,46,0
341,3.410279782,204.009000000,100,1410,1215,46,0
342,3.420275072,204.009000000,100,1410,1215,46,0
343,3.430274630,204.009000000,100,1410,1215,46,0
344,3.440276481,214.695000000,100,1410,1215,46,0
345,3.450275127,214.695000000,100,1410,1215,46,0
346,3.460302998,214.695000000,100,1410,1215,46,0
347,3.472393586,214.695000000,100,1410,1215,46,0
348,3.480303847,214.695000000,100,1410,1215,46,0
349,3.490286242,214.695000000,100,1410,1215,46,0
350,3.500284107,214.695000000,100,1410,1215,46,0
351,3.510278906,214.695000000,100,1410,1215,46,0
352,3.520282050,214.695000000,100,1410,1215,46,0
353,3.530279995,214.695000000,100,1410,1215,46,0
354,3.540255637,211.369000000,100,1410,1215,46,0
355,3.550252260,211.369000000,100,1410,1215,46,0
356,3.560282956,211.369000000,100,1410,1215,46,0
357,3.570383703,211.369000000,100,1410,1215,46,0
358,3.580275208,211.369000000,100,1410,1215,46,0
359,3.591964253,211.369000000,100,1410,1215,46,0
360,3.600275586,211.369000000,100,1410,1215,46,0
361,3.610275865,211.369000000,100,1410,1215,46,0
362,3.620276354,211.369000000,100,1410,1215,46,0
363,3.630275161,211.369000000,100,1410,1215,46,0
364,3.640308321,213.771000000,100,1410,1215,46,0
365,3.653958093,213.771000000,100,1410,1215,46,0
366,3.660278663,213.771000000,100,1410,1215,46,0
367,3.670277369,213.771000000,100,1410,1215,46,0
368,3.680278549,213.771000000,100,1410,1215,46,0
369,3.690309356,213.771000000,100,1410,1215,46,0
370,3.700276903,213.771000000,100,1410,1215,46,0
371,3.710297470,213.771000000,100,1410,1215,46,0
372,3.720313279,213.771000000,100,1410,1215,46,0
373,3.730309500,213.771000000,100,1410,1215,46,0
374,3.740309008,213.812000000,100,1410,1215,46,0
375,3.750312653,213.812000000,100,1410,1215,46,0
376,3.760329633,213.812000000,100,1410,1215,46,0
377,3.770322909,213.812000000,100,1410,1215,46,0
378,3.780309713,213.812000000,100,1410,1215,46,0
379,3.790318668,213.812000000,100,1410,1215,46,0
380,3.800313337,213.812000000,100,1410,1215,46,0
381,3.810313035,213.812000000,100,1410,1215,46,0
382,3.820304147,213.812000000,100,1410,1215,46,0
383,3.830279549,213.812000000,100,1410,1215,46,0
384,3.840275299,199.413000000,100,1410,1215,46,0
385,3.850693983,199.413000000,100,1410,1215,46,0
386,3.860283862,199.413000000,100,1410,1215,46,0
387,3.870277419,199.413000000,100,1410,1215,46,0
388,3.880280543,199.413000000,100,1410,1215,46,0
389,3.890275512,199.413000000,100,1410,1215,46,0
390,3.900273617,199.413000000,100,1410,1215,46,0
391,3.910276421,199.413000000,100,1410,1215,46,0
392,3.920272722,199.413000000,100,1410,1215,46,0
393,3.931960806,199.413000000,100,1410,1215,46,0
394,3.940290673,215.140000000,100,1410,1215,46,0
395,3.950291092,215.140000000,100,1410,1215,46,0
396,3.960282455,215.140000000,100,1410,1215,46,0
397,3.970285829,215.140000000,100,1410,1215,46,0
398,3.980289415,215.140000000,100,1410,1215,46,0
399,3.990283903,215.140000000,100,1410,1215,46,0
400,4.000290884,215.140000000,100,1410,1215,46,0
401,4.010279612,215.140000000,100,1410,1215,46,0
402,4.020276204,215.140000000,100,1410,1215,46,0
403,4.030298083,215.140000000,100,1410,1215,46,0
404,4.040324001,208.608000000,100,1410,1215,46,0
405,4.050307248,208.608000000,100,1410,1215,46,0
406,4.060316193,208.608000000,100,1410,1215,46,0
407,4.070302486,208.608000000,100,1410,1215,46,0
408,4.080278439,208.608000000,100,1410,1215,46,0
409,4.090275452,208.608000000,100,1410,1215,46,0
410,4.100274018,208.608000000,100,1410,1215,46,0
411,4.110275088,208.608000000,100,1410,1215,46,0
412,4.120275588,208.608000000,100,1410,1215,46,0
413,4.130274785,208.608000000,100,1410,1215,46,0
414,4.140281416,214.909000000,100,1410,1215,46,0
415,4.150277056,214.909000000,100,1410,1215,46,0
416,4.160274670,214.909000000,100,1410,1215,46,0
417,4.170274278,214.909000000,100,1410,1215,46,0
418,4.180282862,214.909000000,100,1410,1215,46,0
419,4.190275277,214.909000000,100,1410,1215,46,0
420,4.200276137,214.909000000,100,1410,1215,46,0
421,4.210275554,214.909000000,100,1410,1215,46,0
422,4.220276034,214.909000000,100,1410,1215,46,0
423,4.230276022,214.909000000,100,1410,1215,46,0
424,4.240543993,212.901000000,100,1410,1215,46,0
425,4.250280567,212.901000000,100,1410,1215,46,0
426,4.260276959,212.901000000,100,1410,1215,46,0
427,4.270273732,212.901000000,100,1410,1215,46,0
428,4.280275504,212.901000000,100,1410,1215,46,0
429,4.290280632,212.901000000,100,1410,1215,46,0
430,4.300297993,212.901000000,100,1410,1215,46,0
431,4.310304263,212.901000000,100,1410,1215,46,0
432,4.320303410,212.901000000,100,1410,1215,46,0
433,4.330304100,212.901000000,100,1410,1215,46,0
434,4.340297536,205.442000000,100,1410,1215,46,0
435,4.350299979,205.442000000,100,1410,1215,46,0
436,4.360294958,205.442000000,100,1410,1215,46,0
437,4.370283705,205.442000000,100,1410,1215,46,0
438,4.380291228,205.442000000,100,1410,1215,46,0
439,4.390376837,205.442000000,100,1410,1215,46,0
440,4.400312094,205.442000000,100,1410,1215,46,0
441,4.410309327,205.442000000,100,1410,1215,46,0
442,4.420275402,205.442000000,100,1410,1215,46,0
443,4.430274589,205.442000000,100,1410,1215,46,0
444,4.440273516,214.907000000,100,1410,1215,46,0
445,4.450274526,214.907000000,100,1410,1215,46,0
446,4.460274104,214.907000000,100,1410,1215,46,0
447,4.470277288,214.907000000,100,1410,1215,46,0
448,4.480275614,214.907000000,100,1410,1215,46,0
449,4.490286973,214.907000000,100,1410,1215,46,0
450,4.500275671,214.907000000,100,1410,1215,46,0
451,4.510276591,214.907000000,100,1410,1215,46,0
452,4.520275918,214.907000000,100,1410,1215,46,0
453,4.530276097,214.907000000,100,1410,1215,46,0
454,4.540276657,204.647000000,100,1410,1215,46,0
455,4.550276234,204.647000000,100,1410,1215,46,0
456,4.560275301,204.647000000,100,1410,1215,46,0
457,4.570275029,204.647000000,100,1410,1215,46,0
458,4.581950979,204.647000000,100,1410,1215,46,0
459,4.590272992,204.647000000,100,1410,1215,46,0
460,4.600276788,204.647000000,100,1410,1215,46,0
461,4.610273330,204.647000000,100,1410,1215,46,0
462,4.620274841,204.647000000,100,1410,1215,46,0
463,4.630288455,204.647000000,100,1410,1215,46,0
464,4.640287362,215.176000000,100,1410,1215,46,0
465,4.650280808,215.176000000,100,1410,1215,46,0
466,4.660286938,215.176000000,100,1410,1215,46,0
467,4.670288830,215.176000000,100,1410,1215,46,0
468,4.680286424,215.176000000,100,1410,1215,46,0
469,4.690279099,215.176000000,100,1410,1215,46,0
470,4.700286902,215.176000000,100,1410,1215,46,0
471,4.710293623,215.176000000,100,1410,1215,46,0
472,4.720292539,215.176000000,100,1410,1215,46,0
473,4.730289592,215.176000000,100,1410,1215,46,0
474,4.740286575,211.272000000,100,1410,1215,46,0
475,4.750500845,211.272000000,100,1410,1215,46,0
476,4.760309014,211.272000000,100,1410,1215,46,0
477,4.770307059,211.272000000,100,1410,1215,46,0
478,4.780305054,211.272000000,100,1410,1215,46,0
479,4.790276990,211.272000000,100,1410,1215,46,0
480,4.800276347,211.272000000,100,1410,1215,46,0
481,4.810274362,211.272000000,100,1410,1215,46,0
482,4.820274871,211.272000000,100,1410,1215,46,0
483,4.830277745,211.272000000,100,1410,1215,46,0
484,4.840275950,213.320000000,100,1410,1215,46,0
485,4.850300985,213.320000000,100,1410,1215,46,0
486,4.860276458,213.320000000,100,1410,1215,46,0
487,4.870287477,213.320000000,100,1410,1215,46,0
488,4.880278329,213.320000000,100,1410,1215,46,0
489,4.890277385,213.320000000,100,1410,1215,46,0
490,4.900280610,213.320000000,100,1410,1215,46,0
491,4.910278023,213.320000000,100,1410,1215,46,0
492,4.920274575,213.320000000,100,1410,1215,46,0
493,4.930276558,213.320000000,100,1410,1215,46,0
494,4.940294890,214.231000000,100,1410,1215,46,0
495,4.950685141,214.231000000,100,1410,1215,46,0
496,4.960275671,214.231000000,100,1410,1215,46,0
497,4.970962257,214.231000000,100,1410,1215,46,0
498,4.980274566,214.231000000,100,1410,1215,46,0
499,4.990312716,214.231000000,100,1410,1215,46,0
500,5.000357108,214.231000000,100,1410,1215,46,0
501,5.010317192,214.231000000,100,1410,1215,46,0
502,5.020307432,214.231000000,100,1410,1215,46,0
503,5.030304665,214.231000000,100,1410,1215,46,0
504,5.040276180,200.122000000,100,1410,1215,46,0
505,5.050274005,200.122000000,100,1410,1215,46,0
506,5.060276107,200.122000000,100,1410,1215,46,0
507,5.070276767,200.122000000,100,1410,1215,46,0
508,5.080275112,200.122000000,100,1410,1215,46,0
509,5.090275551,200.122000000,100,1410,1215,46,0
510,5.100275369,200.122000000,100,1410,1215,46,0
511,5.110276009,200.122000000,100,1410,1215,46,0
512,5.120276158,200.122000000,100,1410,1215,46,0
513,5.130274604,200.122000000,100,1410,1215,46,0
514,5.140274692,215.263000000,100,1410,1215,46,0
515,5.150274540,215.263000000,100,1410,1215,46,0
516,5.160288495,215.263000000,100,1410,1215,46,0
517,5.170277072,215.263000000,100,1410,1215,46,0
518,5.180273654,215.263000000,100,1410,1215,46,0
519,5.190279894,215.263000000,100,1410,1215,46,0
520,5.200293498,215.263000000,100,1410,1215,46,0
521,5.210276375,215.263000000,100,1410,1215,46,0
522,5.220277365,215.263000000,100,1410,1215,46,0
523,5.230305697,215.263000000,100,1410,1215,46,0
524,5.241979724,209.064000000,100,1410,1215,46,0
525,5.250276278,209.064000000,100,1410,1215,46,0
526,5.260275485,209.064000000,100,1410,1215,46,0
527,5.270273109,209.064000000,100,1410,1215,46,0
528,5.280310809,209.064000000,100,1410,1215,46,0
529,5.290299225,209.064000000,100,1410,1215,46,0
530,5.300307389,209.064000000,100,1410,1215,46,0
531,5.310276400,209.064000000,100,1410,1215,46,0
532,5.320277871,209.064000000,100,1410,1215,46,0
533,5.330278741,209.064000000,100,1410,1215,46,0
534,5.342045822,214.818000000,100,1410,1215,46,0
535,5.350286903,214.818000000,100,1410,1215,46,0
536,5.360952369,214.818000000,100,1410,1215,46,0
537,5.370276020,214.818000000,100,1410,1215,46,0
538,5.380277772,214.818000000,100,1410,1215,46,0
539,5.390277459,214.818000000,100,1410,1215,46,0
540,5.400953686,214.818000000,100,1410,1215,46,0
541,5.410274260,214.818000000,100,1410,1215,46,0
542,5.420276593,214.818000000,100,1410,1215,46,0
543,5.430279667,214.818000000,100,1410,1215,46,0
544,5.440277041,212.992000000,100,1410,1215,46,0
545,5.450275847,212.992000000,100,1410,1215,46,0
546,5.460277459,212.992000000,100,1410,1215,46,0
547,5.470277387,212.992000000,100,1410,1215,46,0
548,5.480275873,212.992000000,100,1410,1215,46,0
549,5.490275851,212.992000000,100,1410,1215,46,0
550,5.500275449,212.992000000,100,1410,1215,46,0
551,5.510275978,212.992000000,100,1410,1215,46,0
552,5.520275155,212.992000000,100,1410,1215,46,0
553,5.530276296,212.992000000,100,1410,1215,46,0
554,5.540276114,204.221000000,100,1410,1215,46,0
555,5.550275672,204.221000000,100,1410,1215,46,0
556,5.560291390,204.221000000,100,1410,1215,46,0
557,5.571956560,204.221000000,100,1410,1215,46,0
558,5.580274515,204.221000000,100,1410,1215,46,0
559,5.590273682,204.221000000,100,1410,1215,46,0
560,5.600280383,204.221000000,100,1410,1215,46,0
561,5.610273348,204.221000000,100,1410,1215,46,0
562,5.620322920,204.221000000,100,1410,1215,46,0
563,5.630276221,204.221000000,100,1410,1215,46,0
564,5.640274195,214.955000000,100,1410,1215,46,0
565,5.650274064,214.955000000,100,1410,1215,46,0
566,5.660273210,214.955000000,100,1410,1215,46,0
567,5.670272768,214.955000000,100,1410,1215,46,0
568,5.680273428,214.955000000,100,1410,1215,46,0
569,5.690273386,214.955000000,100,1410,1215,46,0
570,5.700274146,214.955000000,100,1410,1215,46,0
571,5.710273333,214.955000000,100,1410,1215,46,0
572,5.720273452,214.955000000,100,1410,1215,46,0
573,5.730273571,214.955000000,100,1410,1215,46,0
574,5.740276575,205.710000000,100,1410,1215,46,0
575,5.750274219,205.710000000,100,1410,1215,46,0
576,5.760273135,205.710000000,100,1410,1215,46,0
577,5.770278213,205.710000000,100,1410,1215,46,0
578,5.780274815,205.710000000,100,1410,1215,46,0
579,5.790297657,205.710000000,100,1410,1215,46,0
580,5.800276085,205.710000000,100,1410,1215,46,0
581,5.810284389,205.710000000,100,1410,1215,46,0
582,5.820278326,205.710000000,100,1410,1215,46,0
583,5.830277443,205.710000000,100,1410,1215,46,0
584,5.840276079,215.620000000,100,1410,1215,46,0
585,5.850462857,215.620000000,100,1410,1215,46,0
586,5.860279121,215.620000000,100,1410,1215,46,0
587,5.870287305,215.620000000,100,1410,1215,46,0
588,5.880275331,215.620000000,100,1410,1215,46,0
589,5.890274949,215.620000000,100,1410,1215,46,0
590,5.900277823,215.620000000,100,1410,1215,46,0
591,5.910275557,215.620000000,100,1410,1215,46,0
592,5.920276106,215.620000000,100,1410,1215,46,0
593,5.930951611,215.620000000,100,1410,1215,46,0
594,5.940292885,211.987000000,100,1410,1215,46,0
595,5.950281382,211.987000000,100,1410,1215,46,0
596,5.960292531,211.987000000,100,1410,1215,46,0
597,5.970282040,211.987000000,100,1410,1215,46,0
598,5.980289923,211.987000000,100,1410,1215,46,0
599,5.990300652,211.987000000,100,1410,1215,46,0
600,6.000292645,211.987000000,100,1410,1215,46,0
601,6.010289107,211.987000000,100,1410,1215,46,0
602,6.020289476,211.987000000,100,1410,1215,46,0
603,6.030284966,211.987000000,100,1410,1215,46,0
604,6.040295755,213.771000000,100,1410,1215,46,0
605,6.050291886,213.771000000,100,1410,1215,46,0
606,6.060283158,213.771000000,100,1410,1215,46,0
607,6.070288827,213.771000000,100,1410,1215,46,0
608,6.080284918,213.771000000,100,1410,1215,46,0
609,6.090288303,213.771000000,100,1410,1215,46,0
610,6.100284044,213.771000000,100,1410,1215,46,0
611,6.110284663,213.771000000,100,1410,1215,46,0
612,6.120298638,213.771000000,100,1410,1215,46,0
613,6.130284750,213.771000000,100,1410,1215,46,0
614,6.140284348,214.592000000,100,1410,1215,46,0
615,6.150286481,214.592000000,100,1410,1215,46,0
616,6.160283934,214.592000000,100,1410,1215,46,0
617,6.170281899,214.592000000,100,1410,1215,46,0
618,6.180279543,214.592000000,100,1410,1215,46,0
619,6.190293227,214.592000000,100,1410,1215,46,0
620,6.200284910,214.592000000,100,1410,1215,46,0
621,6.210277665,214.592000000,100,1410,1215,46,0
622,6.220284376,214.592000000,100,1410,1215,46,0
623,6.230286488,214.592000000,100,1410,1215,46,0
624,6.240290885,200.457000000,100,1410,1215,46,0
625,6.250284932,200.457000000,100,1410,1215,46,0
626,6.260283528,200.457000000,100,1410,1215,46,0
627,6.270282074,200.457000000,100,1410,1215,46,0
628,6.280323099,200.457000000,100,1410,1215,46,0
629,6.290293903,200.457000000,100,1410,1215,46,0
630,6.300286047,200.457000000,100,1410,1215,46,0
631,6.310276257,200.457000000,100,1410,1215,46,0
632,6.320274111,200.457000000,100,1410,1215,46,0
633,6.330274240,200.457000000,100,1410,1215,46,0
634,6.340277094,215.338000000,100,1410,1215,46,0
635,6.350275039,215.338000000,100,1410,1215,46,0
636,6.360274005,215.338000000,100,1410,1215,46,0
637,6.370274805,215.338000000,100,1410,1215,46,0
638,6.380422691,215.338000000,100,1410,1215,46,0
639,6.390274812,215.338000000,100,1410,1215,46,0
640,6.400273708,215.338000000,100,1410,1215,46,0
641,6.410274088,215.338000000,100,1410,1215,46,0
642,6.420273415,215.338000000,100,1410,1215,46,0
643,6.430273814,215.338000000,100,1410,1215,46,0
644,6.440274684,209.461000000,100,1410,1215,46,0
645,6.450273400,209.461000000,100,1410,1215,46,0
646,6.460273469,209.461000000,100,1410,1215,46,0
647,6.470273838,209.461000000,100,1410,1215,46,0
648,6.480274307,209.461000000,100,1410,1215,46,0
649,6.490276660,209.461000000,100,1410,1215,46,0
650,6.501158552,209.461000000,100,1410,1215,46,0
651,6.510277108,209.461000000,100,1410,1215,46,0
652,6.520278389,209.461000000,100,1410,1215,46,0
653,6.530278087,209.461000000,100,1410,1215,46,0
654,6.540274058,214.751000000,100,1410,1215,47,0
655,6.550272523,214.751000000,100,1410,1215,47,0
656,6.560273964,214.751000000,100,1410,1215,47,0
657,6.570273302,214.751000000,100,1410,1215,47,0
658,6.580273500,214.751000000,100,1410,1215,47,0
659,6.590275883,214.751000000,100,1410,1215,47,0
660,6.600275211,214.751000000,100,1410,1215,47,0
661,6.610274959,214.751000000,100,1410,1215,47,0
662,6.620275137,214.751000000,100,1410,1215,47,0
663,6.630275467,214.751000000,100,1410,1215,47,0
664,6.640278020,213.748000000,100,1410,1215,46,0
665,6.650274912,213.748000000,100,1410,1215,46,0
666,6.660276354,213.748000000,100,1410,1215,46,0
667,6.670301309,213.748000000,100,1410,1215,46,0
668,6.680314191,213.748000000,100,1410,1215,46,0
669,6.690275507,213.748000000,100,1410,1215,46,0
670,6.700276157,213.748000000,100,1410,1215,46,0
671,6.710276206,213.748000000,100,1410,1215,46,0
672,6.720278058,213.748000000,100,1410,1215,46,0
673,6.730274109,213.748000000,100,1410,1215,46,0
674,6.740275981,204.011000000,100,1410,1215,46,0
675,6.750277051,204.011000000,100,1410,1215,46,0
676,6.760274645,204.011000000,100,1410,1215,46,0
677,6.770274804,204.011000000,100,1410,1215,46,0
678,6.780276836,204.011000000,100,1410,1215,46,0
679,6.790291763,204.011000000,100,1410,1215,46,0
680,6.800276663,204.011000000,100,1410,1215,46,0
681,6.810298793,204.011000000,100,1410,1215,46,0
682,6.820278122,204.011000000,100,1410,1215,46,0
683,6.830855593,204.011000000,100,1410,1215,46,0
684,6.840276636,215.312000000,100,1410,1215,47,0
685,6.850278108,215.312000000,100,1410,1215,47,0
686,6.860275030,215.312000000,100,1410,1215,47,0
687,6.870274538,215.312000000,100,1410,1215,47,0
688,6.880275328,215.312000000,100,1410,1215,47,0
689,6.890275276,215.312000000,100,1410,1215,47,0
690,6.900278611,215.312000000,100,1410,1215,47,0
691,6.912955829,215.312000000,100,1410,1215,47,0
692,6.920275502,215.312000000,100,1410,1215,47,0
693,6.930274028,215.312000000,100,1410,1215,47,0
694,6.940278054,206.698000000,100,1410,1215,47,0
695,6.950273914,206.698000000,100,1410,1215,47,0
696,6.960273953,206.698000000,100,1410,1215,47,0
697,6.970287857,206.698000000,100,1410,1215,47,0
698,6.980276334,206.698000000,100,1410,1215,47,0
699,6.990273557,206.698000000,100,1410,1215,47,0
700,7.000276481,206.698000000,100,1410,1215,47,0
701,7.010275578,206.698000000,100,1410,1215,47,0
702,7.020273393,206.698000000,100,1410,1215,47,0
703,7.030275235,206.698000000,100,1410,1215,47,0
704,7.040275644,215.620000000,100,1410,1215,47,0
705,7.050275151,215.620000000,100,1410,1215,47,0
706,7.060273907,215.620000000,100,1410,1215,47,0
707,7.070274848,215.620000000,100,1410,1215,47,0
708,7.080274065,215.620000000,100,1410,1215,47,0
709,7.090274965,215.620000000,100,1410,1215,47,0
710,7.100273210,215.620000000,100,1410,1215,47,0
711,7.110276555,215.620000000,100,1410,1215,47,0
712,7.120275240,215.620000000,100,1410,1215,47,0
713,7.130294886,215.620000000,100,1410,1215,47,0
714,7.140276640,212.769000000,100,1410,1215,46,0
715,7.150273823,212.769000000,100,1410,1215,46,0
716,7.160275785,212.769000000,100,1410,1215,46,0
717,7.170273700,212.769000000,100,1410,1215,46,0
718,7.180274139,212.769000000,100,1410,1215,46,0
719,7.190273176,212.769000000,100,1410,1215,46,0
720,7.200275940,212.769000000,100,1410,1215,46,0
721,7.210274916,212.769000000,100,1410,1215,46,0
722,7.221949534,212.769000000,100,1410,1215,46,0
723,7.230273410,212.769000000,100,1410,1215,46,0
724,7.240297073,212.230000000,100,1410,1215,46,0
725,7.250276082,212.230000000,100,1410,1215,46,0
726,7.260290949,212.230000000,100,1410,1215,46,0
727,7.270276971,212.230000000,100,1410,1215,46,0
728,7.280274805,212.230000000,100,1410,1215,46,0
729,7.290273391,212.230000000,100,1410,1215,46,0
730,7.300275724,212.230000000,100,1410,1215,46,0
731,7.310286001,212.230000000,100,1410,1215,46,0
732,7.320275390,212.230000000,100,1410,1215,46,0
733,7.330277502,212.230000000,100,1410,1215,46,0
734,7.340274545,214.684000000,100,1410,1215,47,0
735,7.350275225,214.684000000,100,1410,1215,47,0
736,7.360277598,214.684000000,100,1410,1215,47,0
737,7.370273348,214.684000000,100,1410,1215,47,0
738,7.380945737,214.684000000,100,1410,1215,47,0
739,7.390275690,214.684000000,100,1410,1215,47,0
740,7.400273594,214.684000000,100,1410,1215,47,0
741,7.410273332,214.684000000,100,1410,1215,47,0
742,7.420273010,214.684000000,100,1410,1215,47,0
743,7.430292345,214.684000000,100,1410,1215,47,0
744,7.440279619,201.618000000,100,1410,1215,47,0
745,7.450276522,201.618000000,100,1410,1215,47,0
746,7.460274958,201.618000000,100,1410,1215,47,0
747,7.470285887,201.618000000,100,1410,1215,47,0
748,7.482952314,201.618000000,100,1410,1215,47,0
749,7.490273671,201.618000000,100,1410,1215,47,0
750,7.500275943,201.618000000,100,1410,1215,47,0
751,7.510273878,201.618000000,100,1410,1215,47,0
752,7.520276461,201.618000000,100,1410,1215,47,0
753,7.530273444,201.618000000,100,1410,1215,47,0
754,7.540274254,215.435000000,100,1410,1215,47,0
755,7.550274473,215.435000000,100,1410,1215,47,0
756,7.560273199,215.435000000,100,1410,1215,47,0
757,7.570272837,215.435000000,100,1410,1215,47,0
758,7.580273276,215.435000000,100,1410,1215,47,0
759,7.590272934,215.435000000,100,1410,1215,47,0
760,7.600274245,215.435000000,100,1410,1215,47,0
761,7.610273682,215.435000000,100,1410,1215,47,0
762,7.620273360,215.435000000,100,1410,1215,47,0
763,7.630273318,215.435000000,100,1410,1215,47,0
764,7.640273717,210.558000000,100,1410,1215,47,0
765,7.650274598,210.558000000,100,1410,1215,47,0
766,7.660274816,210.558000000,100,1410,1215,47,0
767,7.670276919,210.558000000,100,1410,1215,47,0
768,7.680275044,210.558000000,100,1410,1215,47,0
769,7.690275864,210.558000000,100,1410,1215,47,0
770,7.700275431,210.558000000,100,1410,1215,47,0
771,7.710276191,210.558000000,100,1410,1215,47,0
772,7.720277913,210.558000000,100,1410,1215,47,0
773,7.730276489,210.558000000,100,1410,1215,47,0
774,7.740277619,214.727000000,100,1410,1215,47,0
775,7.750299559,214.727000000,100,1410,1215,47,0
776,7.760277085,214.727000000,100,1410,1215,47,0
777,7.770275020,214.727000000,100,1410,1215,47,0
778,7.780279988,214.727000000,100,1410,1215,47,0
779,7.790274566,214.727000000,100,1410,1215,47,0
780,7.800277420,214.727000000,100,1410,1215,47,0
781,7.810280544,214.727000000,100,1410,1215,47,0
782,7.820273499,214.727000000,100,1410,1215,47,0
783,7.830275141,214.727000000,100,1410,1215,47,0
784,7.840276712,214.325000000,100,1410,1215,47,0
785,7.850280498,214.325000000,100,1410,1215,47,0
786,7.860278733,214.325000000,100,1410,1215,47,0
787,7.870275615,214.325000000,100,1410,1215,47,0
788,7.880277026,214.325000000,100,1410,1215,47,0
789,7.890277776,214.325000000,100,1410,1215,47,0
790,7.900280660,214.325000000,100,1410,1215,47,0
791,7.910313861,214.325000000,100,1410,1215,47,0
792,7.920275467,214.325000000,100,1410,1215,47,0
793,7.930277910,214.325000000,100,1410,1215,47,0
794,7.940280704,198.096000000,100,1410,1215,47,0
795,7.950286123,198.096000000,100,1410,1215,47,0
796,7.960274519,198.096000000,100,1410,1215,47,0
797,7.970275620,198.096000000,100,1410,1215,47,0
798,7.980275408,198.096000000,100,1410,1215,47,0
799,7.990276769,198.096000000,100,1410,1215,47,0
800,8.000275485,198.096000000,100,1410,1215,47,0
801,8.010276195,198.096000000,100,1410,1215,47,0
802,8.020274861,198.096000000,100,1410,1215,47,0
803,8.030276192,198.096000000,100,1410,1215,47,0
804,8.040275719,215.407000000,100,1410,1215,47,0
805,8.050277220,215.407000000,100,1410,1215,47,0
806,8.060276327,215.407000000,100,1410,1215,47,0
807,8.070276606,215.407000000,100,1410,1215,47,0
808,8.080275623,215.407000000,100,1410,1215,47,0
809,8.090277485,215.407000000,100,1410,1215,47,0
810,8.100275129,215.407000000,100,1410,1215,47,0
811,8.110278644,215.407000000,100,1410,1215,47,0
812,8.120279193,215.407000000,100,1410,1215,47,0
813,8.130277518,215.407000000,100,1410,1215,47,0
814,8.140276104,207.635000000,100,1410,1215,47,0
815,8.150275852,207.635000000,100,1410,1215,47,0
816,8.160275981,207.635000000,100,1410,1215,47,0
817,8.170275318,207.635000000,100,1410,1215,47,0
818,8.180275296,207.635000000,100,1410,1215,47,0
819,8.190276718,207.635000000,100,1410,1215,47,0
820,8.200275384,207.635000000,100,1410,1215,47,0
821,8.210276063,207.635000000,100,1410,1215,47,0
822,8.220275791,207.635000000,100,1410,1215,47,0
823,8.230275319,207.635000000,100,1410,1215,47,0
824,8.240276179,215.832000000,100,1410,1215,47,0
825,8.250277379,215.832000000,100,1410,1215,47,0
826,8.260275324,215.832000000,100,1410,1215,47,0
827,8.270276344,215.832000000,100,1410,1215,47,0
828,8.280274740,215.832000000,100,1410,1215,47,0
829,8.290276111,215.832000000,100,1410,1215,47,0
830,8.300277051,215.832000000,100,1410,1215,47,0
831,8.310278472,215.832000000,100,1410,1215,47,0
832,8.320278050,215.832000000,100,1410,1215,47,0
833,8.330277718,215.832000000,100,1410,1215,47,0
834,8.340277746,212.783000000,100,1410,1215,47,0
835,8.350275430,212.783000000,100,1410,1215,47,0
836,8.360275779,212.783000000,100,1410,1215,47,0
837,8.370276299,212.783000000,100,1410,1215,47,0
838,8.380276077,212.783000000,100,1410,1215,47,0
839,8.390275514,212.783000000,100,1410,1215,47,0
840,8.400273559,212.783000000,100,1410,1215,47,0
841,8.410274780,212.783000000,100,1410,1215,47,0
842,8.420274888,212.783000000,100,1410,1215,47,0
843,8.430276019,212.783000000,100,1410,1215,47,0
844,8.440277230,210.242000000,100,1410,1215,47,0
845,8.450274683,210.242000000,100,1410,1215,47,0
846,8.460276305,210.242000000,100,1410,1215,47,0
847,8.470275552,210.242000000,100,1410,1215,47,0
848,8.480279107,210.242000000,100,1410,1215,47,0
849,8.490275729,210.242000000,100,1410,1215,47,0
850,8.500280667,210.242000000,100,1410,1215,47,0
851,8.510275726,210.242000000,100,1410,1215,47,0
852,8.520279081,210.242000000,100,1410,1215,47,0
853,8.530276454,210.242000000,100,1410,1215,47,0
854,8.540277164,215.309000000,100,1410,1215,47,0
855,8.550276451,215.309000000,100,1410,1215,47,0
856,8.560276109,215.309000000,100,1410,1215,47,0
857,8.570276578,215.309000000,100,1410,1215,47,0
858,8.580276997,215.309000000,100,1410,1215,47,0
859,8.590275403,215.309000000,100,1410,1215,47,0
860,8.600275491,215.309000000,100,1410,1215,47,0
861,8.610275360,215.309000000,100,1410,1215,47,0
862,8.620275559,215.309000000,100,1410,1215,47,0
863,8.630275567,215.309000000,100,1410,1215,47,0
864,8.640275746,204.874000000,100,1410,1215,47,0
865,8.650274832,204.874000000,100,1410,1215,47,0
866,8.660275763,204.874000000,100,1410,1215,47,0
867,8.670274268,204.874000000,100,1410,1215,47,0
868,8.680274768,204.874000000,100,1410,1215,47,0
869,8.690274325,204.874000000,100,1410,1215,47,0
870,8.700275536,204.874000000,100,1410,1215,47,0
871,8.710275274,204.874000000,100,1410,1215,47,0
872,8.720277627,204.874000000,100,1410,1215,47,0
873,8.730275471,204.874000000,100,1410,1215,47,0
874,8.740276762,215.832000000,100,1410,1215,47,0
875,8.750276620,215.832000000,100,1410,1215,47,0
876,8.760275647,215.832000000,100,1410,1215,47,0
877,8.770275335,215.832000000,100,1410,1215,47,0
878,8.780276305,215.832000000,100,1410,1215,47,0
879,8.790275061,215.832000000,100,1410,1215,47,0
880,8.800275611,215.832000000,100,1410,1215,47,0
881,8.810276501,215.832000000,100,1410,1215,47,0
882,8.820275417,215.832000000,100,1410,1215,47,0
883,8.830276858,215.832000000,100,1410,1215,47,0
884,8.840275324,211.125000000,100,1410,1215,47,0
885,8.850275392,211.125000000,100,1410,1215,47,0
886,8.860275631,211.125000000,100,1410,1215,47,0
887,8.870276712,211.125000000,100,1410,1215,47,0
888,8.880274977,211.125000000,100,1410,1215,47,0
889,8.890275727,211.125000000,100,1410,1215,47,0
890,8.900274533,211.125000000,100,1410,1215,47,0
891,8.910276695,211.125000000,100,1410,1215,47,0
892,8.920277255,211.125000000,100,1410,1215,47,0
893,8.930275450,211.125000000,100,1410,1215,47,0
894,8.940283323,214.462000000,100,1410,1215,47,0
895,8.950276118,214.462000000,100,1410,1215,47,0
896,8.960292487,214.462000000,100,1410,1215,47,0
897,8.970277357,214.462000000,100,1410,1215,47,0
898,8.980276223,214.462000000,100,1410,1215,47,0
899,8.990276352,214.462000000,100,1410,1215,47,0
900,9.000275579,214.462000000,100,1410,1215,47,0
901,9.010275688,214.462000000,100,1410,1215,47,0
902,9.020274925,214.462000000,100,1410,1215,47,0
903,9.030275605,214.462000000,100,1410,1215,47,0
904,9.040275903,214.637000000,100,1410,1215,47,0
905,9.050291040,214.637000000,100,1410,1215,47,0
906,9.061962653,214.637000000,100,1410,1215,47,0
907,9.070312137,214.637000000,100,1410,1215,47,0
908,9.080295744,214.637000000,100,1410,1215,47,0
909,9.090287868,214.637000000,100,1410,1215,47,0
910,9.100299037,214.637000000,100,1410,1215,47,0
911,9.110310247,214.637000000,100,1410,1215,47,0
912,9.120292983,214.637000000,100,1410,1215,47,0
913,9.130287732,214.637000000,100,1410,1215,47,0
914,9.140303660,196.908000000,100,1410,1215,47,0
915,9.150453539,196.908000000,100,1410,1215,47,0
916,9.160305370,196.908000000,100,1410,1215,47,0
917,9.170281654,196.908000000,100,1410,1215,47,0
918,9.180278316,196.908000000,100,1410,1215,47,0
919,9.190322868,196.908000000,100,1410,1215,47,0
920,9.200349176,196.908000000,100,1410,1215,47,0
921,9.210326802,196.908000000,100,1410,1215,47,0
922,9.220284321,196.908000000,100,1410,1215,47,0
923,9.230277256,196.908000000,100,1410,1215,47,0
924,9.240276914,215.666000000,100,1410,1215,47,0
925,9.250296680,215.666000000,100,1410,1215,47,0
926,9.260348525,215.666000000,100,1410,1215,47,0
927,9.270321222,215.666000000,100,1410,1215,47,0
928,9.280300402,215.666000000,100,1410,1215,47,0
929,9.290278770,215.666000000,100,1410,1215,47,0
930,9.301458310,215.666000000,100,1410,1215,47,0
931,9.310278446,215.666000000,100,1410,1215,47,0
932,9.320278695,215.666000000,100,1410,1215,47,0
933,9.330277321,215.666000000,100,1410,1215,47,0
934,9.340278722,208.409000000,100,1410,1215,47,0
935,9.351954101,208.409000000,100,1410,1215,47,0
936,9.360274931,208.409000000,100,1410,1215,47,0
937,9.370276182,208.409000000,100,1410,1215,47,0
938,9.380276942,208.409000000,100,1410,1215,47,0
939,9.390275989,208.409000000,100,1410,1215,47,0
940,9.400300994,208.409000000,100,1410,1215,47,0
941,9.410318766,208.409000000,100,1410,1215,47,0
942,9.420314857,208.409000000,100,1410,1215,47,0
943,9.430318743,208.409000000,100,1410,1215,47,0
944,9.440328169,216.044000000,100,1410,1215,47,0
945,9.450313409,216.044000000,100,1410,1215,47,0
946,9.460322916,216.044000000,100,1410,1215,47,0
947,9.470311012,216.044000000,100,1410,1215,47,0
948,9.480310339,216.044000000,100,1410,1215,47,0
949,9.490326177,216.044000000,100,1410,1215,47,0
950,9.500355511,216.044000000,100,1410,1215,47,0
951,9.510304022,216.044000000,100,1410,1215,47,0
952,9.520282360,216.044000000,100,1410,1215,47,0
953,9.530299561,216.044000000,100,1410,1215,47,0
954,9.540958515,213.414000000,100,1410,1215,47,0
955,9.550291102,213.414000000,100,1410,1215,47,0
956,9.561990116,213.414000000,100,1410,1215,47,0
957,9.570314593,213.414000000,100,1410,1215,47,0
958,9.580333908,213.414000000,100,1410,1215,47,0
959,9.590325360,213.414000000,100,1410,1215,47,0
960,9.600314708,213.414000000,100,1410,1215,47,0
961,9.610325878,213.414000000,100,1410,1215,47,0
962,9.620325345,213.414000000,100,1410,1215,47,0
963,9.630312009,213.414000000,100,1410,1215,47,0
964,9.640335722,208.608000000,100,1410,1215,47,0
965,9.650328056,208.608000000,100,1410,1215,47,0
966,9.660281817,208.608000000,100,1410,1215,47,0
967,9.670278289,208.608000000,100,1410,1215,47,0
968,9.680276444,208.608000000,100,1410,1215,47,0
969,9.690275641,208.608000000,100,1410,1215,47,0
970,9.700275489,208.608000000,100,1410,1215,47,0
971,9.710290846,208.608000000,100,1410,1215,47,0
972,9.720276067,208.608000000,100,1410,1215,47,0
973,9.730282878,208.608000000,100,1410,1215,47,0
974,9.740274611,215.524000000,100,1410,1215,47,0
975,9.750281613,215.524000000,100,1410,1215,47,0
976,9.760276371,215.524000000,100,1410,1215,47,0
977,9.770275288,215.524000000,100,1410,1215,47,0
978,9.780276168,215.524000000,100,1410,1215,47,0
979,9.790276056,215.524000000,100,1410,1215,47,0
980,9.800275273,215.524000000,100,1410,1215,47,0
981,9.810276434,215.524000000,100,1410,1215,47,0
982,9.820279267,215.524000000,100,1410,1215,47,0
983,9.830274928,215.524000000,100,1410,1215,47,0
984,9.840289313,204.713000000,100,1410,1215,47,0
985,9.850284613,204.713000000,100,1410,1215,47,0
986,9.860276065,204.713000000,100,1410,1215,47,0
987,9.870288417,204.713000000,100,1410,1215,47,0
988,9.881983393,204.713000000,100,1410,1215,47,0
989,9.890309543,204.713000000,100,1410,1215,47,0
990,9.900299863,204.713000000,100,1410,1215,47,0
991,9.910311263,204.713000000,100,1410,1215,47,0
992,9.920305210,204.713000000,100,1410,1215,47,0
993,9.930305329,204.713000000,100,1410,1215,47,0
994,9.940318091,215.880000000,100,1410,1215,47,0
995,9.950322949,215.880000000,100,1410,1215,47,0
996,9.960330341,215.880000000,100,1410,1215,47,0
997,9.970314730,215.880000000,100,1410,1215,47,0
998,9.980282077,215.880000000,100,1410,1215,47,0
999,9.990275984,215.880000000,100,1410,1215,47,0
1000,10.000275893,215.880000000,100,1410,1215,47,0
1001,10.010276302,215.880000000,100,1410,1215,47,0
1002,10.020276210,215.880000000,100,1410,1215,47,0
1003,10.030275056,215.880000000,100,1410,1215,47,0
1004,10.040276728,211.280000000,100,1410,1215,47,0
1005,10.050275173,211.280000000,100,1410,1215,47,0
1006,10.060281403,211.280000000,100,1410,1215,47,0
1007,10.070276222,211.280000000,100,1410,1215,47,0
1008,10.080276932,211.280000000,100,1410,1215,47,0
1009,10.090277572,211.280000000,100,1410,1215,47,0
1010,10.100296606,211.280000000,100,1410,1215,47,0
1011,10.110281055,211.280000000,100,1410,1215,47,0
1012,10.120284850,211.280000000,100,1410,1215,47,0
1013,10.130275812,211.280000000,100,1410,1215,47,0
1014,10.140274558,214.265000000,100,1410,1215,47,0
1015,10.150275829,214.265000000,100,1410,1215,47,0
1016,10.160294562,214.265000000,100,1410,1215,47,0
1017,10.171975001,214.265000000,100,1410,1215,47,0
1018,10.180310038,214.265000000,100,1410,1215,47,0
1019,10.190307332,214.265000000,100,1410,1215,47,0
1020,10.200303403,214.265000000,100,1410,1215,47,0
1021,10.210316145,214.265000000,100,1410,1215,47,0
1022,10.220308058,214.265000000,100,1410,1215,47,0
1023,10.230317454,214.265000000,100,1410,1215,47,0
1024,10.240311962,214.941000000,100,1410,1215,47,0
1025,10.250318273,214.941000000,100,1410,1215,47,0
1026,10.260326987,214.941000000,100,1410,1215,47,0
1027,10.270324752,214.941000000,100,1410,1215,47,0
1028,10.280310774,214.941000000,100,1410,1215,47,0
1029,10.290278652,214.941000000,100,1410,1215,47,0
1030,10.300274172,214.941000000,100,1410,1215,47,0
1031,10.310276936,214.941000000,100,1410,1215,47,0
1032,10.320276764,214.941000000,100,1410,1215,47,0
1033,10.330277924,214.941000000,100,1410,1215,47,0
1034,10.340276189,199.789000000,100,1410,1215,47,0
1035,10.350281668,199.789000000,100,1410,1215,47,0
1036,10.360285744,199.789000000,100,1410,1215,47,0
1037,10.370275544,199.789000000,100,1410,1215,47,0
1038,10.380284328,199.789000000,100,1410,1215,47,0
1039,10.390275380,199.789000000,100,1410,1215,47,0
1040,10.400276270,199.789000000,100,1410,1215,47,0
1041,10.410274686,199.789000000,100,1410,1215,47,0
1042,10.420276047,199.789000000,100,1410,1215,47,0
1043,10.430274382,199.789000000,100,1410,1215,47,0
1044,10.440275372,215.859000000,100,1410,1215,47,0
1045,10.450276222,215.859000000,100,1410,1215,47,0
1046,10.460275740,215.859000000,100,1410,1215,47,0
1047,10.470275488,215.859000000,100,1410,1215,47,0
1048,10.480274264,215.859000000,100,1410,1215,47,0
1049,10.490317904,215.859000000,100,1410,1215,47,0
1050,10.500990984,215.859000000,100,1410,1215,47,0
1051,10.510322329,215.859000000,100,1410,1215,47,0
1052,10.520311317,215.859000000,100,1410,1215,47,0
1053,10.530286048,215.859000000,100,1410,1215,47,0
1054,10.540283471,209.721000000,100,1410,1215,47,0
1055,10.550281176,209.721000000,100,1410,1215,47,0
1056,10.560279461,209.721000000,100,1410,1215,47,0
1057,10.570279409,209.721000000,100,1410,1215,47,0
1058,10.580279668,209.721000000,100,1410,1215,47,0
1059,10.590284736,209.721000000,100,1410,1215,47,0
1060,10.600276729,209.721000000,100,1410,1215,47,0
1061,10.610275415,209.721000000,100,1410,1215,47,0
1062,10.620280203,209.721000000,100,1410,1215,47,0
1063,10.630274541,209.721000000,100,1410,1215,47,0
1064,10.640277194,216.188000000,100,1410,1215,47,0
1065,10.650275569,216.188000000,100,1410,1215,47,0
1066,10.660274636,216.188000000,100,1410,1215,47,0
1067,10.670275396,216.188000000,100,1410,1215,47,0
1068,10.680275735,216.188000000,100,1410,1215,47,0
1069,10.690275403,216.188000000,100,1410,1215,47,0
1070,10.700275351,216.188000000,100,1410,1215,47,0
1071,10.710275800,216.188000000,100,1410,1215,47,0
1072,10.720307699,216.188000000,100,1410,1215,47,0
1073,10.730969918,216.188000000,100,1410,1215,47,0
1074,10.740287798,213.784000000,100,1410,1215,47,0
1075,10.750329434,213.784000000,100,1410,1215,47,0
1076,10.760305859,213.784000000,100,1410,1215,47,0
1077,10.770279347,213.784000000,100,1410,1215,47,0
1078,10.780285968,213.784000000,100,1410,1215,47,0
1079,10.790277611,213.784000000,100,1410,1215,47,0
1080,10.802955360,213.784000000,100,1410,1215,47,0
1081,10.810298557,213.784000000,100,1410,1215,47,0
1082,10.820280261,213.784000000,100,1410,1215,47,0
1083,10.830288816,213.784000000,100,1410,1215,47,0
1084,10.840279797,206.615000000,100,1410,1215,47,0
1085,10.850279064,206.615000000,100,1410,1215,47,0
1086,10.860275295,206.615000000,100,1410,1215,47,0
1087,10.870276807,206.615000000,100,1410,1215,47,0
1088,10.880276094,206.615000000,100,1410,1215,47,0
1089,10.890275010,206.615000000,100,1410,1215,47,0
1090,10.900275079,206.615000000,100,1410,1215,47,0
1091,10.910274877,206.615000000,100,1410,1215,47,0
1092,10.920274474,206.615000000,100,1410,1215,47,0
1093,10.930275014,206.615000000,100,1410,1215,47,0
1094,10.940274331,215.893000000,100,1410,1215,47,0
1095,10.950274940,215.893000000,100,1410,1215,47,0
1096,10.960275390,215.893000000,100,1410,1215,47,0
1097,10.970275398,215.893000000,100,1410,1215,47,0
1098,10.980276288,215.893000000,100,1410,1215,47,0
1099,10.990275165,215.893000000,100,1410,1215,47,0
1100,11.000275874,215.893000000,100,1410,1215,47,0
1101,11.010275502,215.893000000,100,1410,1215,47,0
1102,11.020275991,215.893000000,100,1410,1215,47,0
1103,11.030284456,215.893000000,100,1410,1215,47,0
1104,11.040278352,206.039000000,100,1410,1215,47,0
1105,11.050276938,206.039000000,100,1410,1215,47,0
1106,11.060275394,206.039000000,100,1410,1215,47,0
1107,11.070282155,206.039000000,100,1410,1215,47,0
1108,11.080275130,206.039000000,100,1410,1215,47,0
1109,11.090274758,206.039000000,100,1410,1215,47,0
1110,11.100274496,206.039000000,100,1410,1215,47,0
1111,11.110272821,206.039000000,100,1410,1215,47,0
1112,11.120273340,206.039000000,100,1410,1215,47,0
1113,11.130275553,206.039000000,100,1410,1215,47,0
1114,11.140276393,216.057000000,100,1410,1215,47,0
1115,11.150275860,216.057000000,100,1410,1215,47,0
1116,11.160277682,216.057000000,100,1410,1215,47,0
1117,11.170275046,216.057000000,100,1410,1215,47,0
1118,11.180276176,216.057000000,100,1410,1215,47,0
1119,11.190431235,216.057000000,100,1410,1215,47,0
1120,11.200274851,216.057000000,100,1410,1215,47,0
1121,11.210274238,216.057000000,100,1410,1215,47,0
1122,11.220274386,216.057000000,100,1410,1215,47,0
1123,11.230276238,216.057000000,100,1410,1215,47,0
1124,11.240275946,212.487000000,100,1410,1215,47,0
1125,11.250280844,212.487000000,100,1410,1215,47,0
1126,11.260274410,212.487000000,100,1410,1215,47,0
1127,11.270277785,212.487000000,100,1410,1215,47,0
1128,11.280275178,212.487000000,100,1410,1215,47,0
1129,11.290305413,212.487000000,100,1410,1215,47,0
1130,11.300274895,212.487000000,100,1410,1215,47,0
1131,11.310275174,212.487000000,100,1410,1215,47,0
1132,11.320303906,212.487000000,100,1410,1215,47,0
1133,11.332970023,212.487000000,100,1410,1215,47,0
1134,11.354194245,214.631000000,100,1410,1215,47,0
1135,11.354206558,214.631000000,100,1410,1215,47,0
1136,11.360294572,214.631000000,100,1410,1215,47,0
1137,11.370279212,214.631000000,100,1410,1215,47,0
1138,11.380278519,214.631000000,100,1410,1215,47,0
1139,11.390293746,214.631000000,100,1410,1215,47,0
1140,11.402973899,214.631000000,100,1410,1215,47,0
1141,11.410286308,214.631000000,100,1410,1215,47,0
1142,11.420289232,214.631000000,100,1410,1215,47,0
1143,11.430290443,214.631000000,100,1410,1215,47,0
1144,11.440321941,215.264000000,100,1410,1215,47,0
1145,11.450298776,215.264000000,100,1410,1215,47,0
1146,11.460297421,215.264000000,100,1410,1215,47,0
1147,11.470292791,215.264000000,100,1410,1215,47,0
1148,11.480294322,215.264000000,100,1410,1215,47,0
1149,11.490290814,215.264000000,100,1410,1215,47,0
1150,11.500293417,215.264000000,100,1410,1215,47,0
1151,11.510302423,215.264000000,100,1410,1215,47,0
1152,11.520304635,215.264000000,100,1410,1215,47,0
1153,11.530299364,215.264000000,100,1410,1215,47,0
1154,11.540293982,201.084000000,100,1410,1215,47,0
1155,11.550298068,201.084000000,100,1410,1215,47,0
1156,11.560295863,201.084000000,100,1410,1215,47,0
1157,11.570289118,201.084000000,100,1410,1215,47,0
1158,11.580276924,201.084000000,100,1410,1215,47,0
1159,11.590275550,201.084000000,100,1410,1215,47,0
1160,11.600275538,201.084000000,100,1410,1215,47,0
1161,11.610275506,201.084000000,100,1410,1215,47,0
1162,11.620275014,201.084000000,100,1410,1215,47,0
1163,11.630275393,201.084000000,100,1410,1215,47,0
1164,11.640277075,216.072000000,100,1410,1215,47,0
1165,11.650276943,216.072000000,100,1410,1215,47,0
1166,11.660276210,216.072000000,100,1410,1215,47,0
1167,11.670275427,216.072000000,100,1410,1215,47,0
1168,11.680276217,216.072000000,100,1410,1215,47,0
1169,11.690275624,216.072000000,100,1410,1215,47,0
1170,11.700288977,216.072000000,100,1410,1215,47,0
1171,11.710276522,216.072000000,100,1410,1215,47,0
1172,11.720276701,216.072000000,100,1410,1215,47,0
1173,11.730278733,216.072000000,100,1410,1215,47,0
1174,11.740276578,210.589000000,100,1410,1215,48,0
1175,11.750275434,210.589000000,100,1410,1215,48,0
1176,11.760276615,210.589000000,100,1410,1215,48,0
1177,11.770275411,210.589000000,100,1410,1215,48,0
1178,11.780276281,210.589000000,100,1410,1215,48,0
1179,11.790276099,210.589000000,100,1410,1215,48,0
1180,11.800277219,210.589000000,100,1410,1215,48,0
1181,11.810277959,210.589000000,100,1410,1215,48,0
1182,11.820291373,210.589000000,100,1410,1215,48,0
1183,11.830277726,210.589000000,100,1410,1215,48,0
1184,11.840275570,215.694000000,100,1410,1215,47,0
1185,11.850278985,215.694000000,100,1410,1215,47,0
1186,11.860276518,215.694000000,100,1410,1215,47,0
1187,11.870275715,215.694000000,100,1410,1215,47,0
1188,11.880273890,215.694000000,100,1410,1215,47,0
1189,11.890276253,215.694000000,100,1410,1215,47,0
1190,11.900275700,215.694000000,100,1410,1215,47,0
1191,11.910299453,215.694000000,100,1410,1215,47,0
1192,11.920277881,215.694000000,100,1410,1215,47,0
1193,11.930276437,215.694000000,100,1410,1215,47,0
1194,11.940277567,214.270000000,100,1410,1215,48,0
1195,11.950275963,214.270000000,100,1410,1215,48,0
1196,11.960275410,214.270000000,100,1410,1215,48,0
1197,11.970275158,214.270000000,100,1410,1215,48,0
1198,11.980275046,214.270000000,100,1410,1215,48,0
1199,11.990275706,214.270000000,100,1410,1215,48,0
1200,12.000274733,214.270000000,100,1410,1215,48,0
1201,12.010274741,214.270000000,100,1410,1215,48,0
1202,12.020274769,214.270000000,100,1410,1215,48,0
1203,12.030274217,214.270000000,100,1410,1215,48,0
1204,12.040275698,204.233000000,100,1410,1215,48,0
1205,12.050274945,204.233000000,100,1410,1215,48,0
1206,12.060274172,204.233000000,100,1410,1215,48,0
1207,12.070275242,204.233000000,100,1410,1215,48,0
1208,12.080275110,204.233000000,100,1410,1215,48,0
1209,12.090274979,204.233000000,100,1410,1215,48,0
1210,12.100275698,204.233000000,100,1410,1215,48,0
1211,12.110280405,204.233000000,100,1410,1215,48,0
1212,12.120957263,204.233000000,100,1410,1215,48,0
1213,12.130275553,204.233000000,100,1410,1215,48,0
1214,12.140275632,215.954000000,100,1410,1215,47,0
1215,12.150273917,215.954000000,100,1410,1215,47,0
1216,12.160276370,215.954000000,100,1410,1215,47,0
1217,12.170279073,215.954000000,100,1410,1215,47,0
1218,12.180276828,215.954000000,100,1410,1215,47,0
1219,12.190276145,215.954000000,100,1410,1215,47,0
1220,12.200275953,215.954000000,100,1410,1215,47,0
1221,12.210275911,215.954000000,100,1410,1215,47,0
1222,12.221954537,215.954000000,100,1410,1215,47,0
1223,12.230274746,215.954000000,100,1410,1215,47,0
1224,12.240274874,207.123000000,100,1410,1215,48,0
1225,12.250275814,207.123000000,100,1410,1215,48,0
1226,12.260274661,207.123000000,100,1410,1215,48,0
1227,12.270275350,207.123000000,100,1410,1215,48,0
1228,12.280275379,207.123000000,100,1410,1215,48,0
1229,12.290273734,207.123000000,100,1410,1215,48,0
1230,12.300955541,207.123000000,100,1410,1215,48,0
1231,12.310277909,207.123000000,100,1410,1215,48,0
1232,12.320276655,207.123000000,100,1410,1215,48,0
1233,12.330273277,207.123000000,100,1410,1215,48,0
1234,12.340275690,216.429000000,100,1410,1215,48,0
1235,12.350275768,216.429000000,100,1410,1215,48,0
1236,12.360275576,216.429000000,100,1410,1215,48,0
1237,12.372951411,216.429000000,100,1410,1215,48,0
1238,12.380273269,216.429000000,100,1410,1215,48,0
1239,12.390272786,216.429000000,100,1410,1215,48,0
1240,12.400274217,216.429000000,100,1410,1215,48,0
1241,12.410273975,216.429000000,100,1410,1215,48,0
1242,12.420275547,216.429000000,100,1410,1215,48,0
1243,12.430274062,216.429000000,100,1410,1215,48,0
1244,12.440274371,213.289000000,100,1410,1215,48,0
1245,12.450273117,213.289000000,100,1410,1215,48,0
1246,12.460273947,213.289000000,100,1410,1215,48,0
1247,12.470274246,213.289000000,100,1410,1215,48,0
1248,12.480278372,213.289000000,100,1410,1215,48,0
1249,12.490273462,213.289000000,100,1410,1215,48,0
1250,12.500273139,213.289000000,100,1410,1215,48,0
1251,12.510277867,213.289000000,100,1410,1215,48,0
1252,12.520276222,213.289000000,100,1410,1215,48,0
1253,12.530273686,213.289000000,100,1410,1215,48,0
1254,12.540274105,212.741000000,100,1410,1215,48,0
1255,12.550274985,212.741000000,100,1410,1215,48,0
1256,12.560274552,212.741000000,100,1410,1215,48,0
1257,12.570273679,212.741000000,100,1410,1215,48,0
1258,12.580273657,212.741000000,100,1410,1215,48,0
1259,12.590276241,212.741000000,100,1410,1215,48,0
1260,12.600280176,212.741000000,100,1410,1215,48,0
1261,12.610276177,212.741000000,100,1410,1215,48,0
1262,12.620275394,212.741000000,100,1410,1215,48,0
1263,12.630275222,212.741000000,100,1410,1215,48,0
1264,12.640274810,215.559000000,100,1410,1215,48,0
1265,12.650274468,215.559000000,100,1410,1215,48,0
1266,12.660273104,215.559000000,100,1410,1215,48,0
1267,12.670274755,215.559000000,100,1410,1215,48,0
1268,12.680274723,215.559000000,100,1410,1215,48,0
1269,12.690274772,215.559000000,100,1410,1215,48,0
1270,12.700273548,215.559000000,100,1410,1215,48,0
1271,12.710273927,215.559000000,100,1410,1215,48,0
1272,12.720275158,215.559000000,100,1410,1215,48,0
1273,12.730277400,215.559000000,100,1410,1215,48,0
1274,12.740276788,202.499000000,100,1410,1215,48,0
1275,12.750289560,202.499000000,100,1410,1215,48,0
1276,12.760276424,202.499000000,100,1410,1215,48,0
1277,12.770273467,202.499000000,100,1410,1215,48,0
1278,12.780289455,202.499000000,100,1410,1215,48,0
1279,12.790323096,202.499000000,100,1410,1215,48,0
1280,12.800287498,202.499000000,100,1410,1215,48,0
1281,12.810277888,202.499000000,100,1410,1215,48,0
1282,12.820278248,202.499000000,100,1410,1215,48,0
1283,12.830290218,202.499000000,100,1410,1215,48,0
1284,12.842959010,216.359000000,100,1410,1215,48,0
1285,12.850276890,216.359000000,100,1410,1215,48,0
1286,12.860280475,216.359000000,100,1410,1215,48,0
1287,12.870276025,216.359000000,100,1410,1215,48,0
1288,12.880947883,216.359000000,100,1410,1215,48,0
1289,12.890273147,216.359000000,100,1410,1215,48,0
1290,12.900273666,216.359000000,100,1410,1215,48,0
1291,12.910273474,216.359000000,100,1410,1215,48,0
1292,12.920273683,216.359000000,100,1410,1215,48,0
1293,12.930276296,216.359000000,100,1410,1215,48,0
1294,12.940274611,211.016000000,100,1410,1215,48,0
1295,12.950273898,211.016000000,100,1410,1215,48,0
1296,12.960272825,211.016000000,100,1410,1215,48,0
1297,12.970273124,211.016000000,100,1410,1215,48,0
1298,12.980273142,211.016000000,100,1410,1215,48,0
1299,12.990273090,211.016000000,100,1410,1215,48,0
1300,13.000273720,211.016000000,100,1410,1215,48,0
1301,13.010273257,211.016000000,100,1410,1215,48,0
1302,13.020275740,211.016000000,100,1410,1215,48,0
1303,13.030274266,211.016000000,100,1410,1215,48,0
1304,13.040275166,215.468000000,100,1410,1215,48,0
1305,13.050273461,215.468000000,100,1410,1215,48,0
1306,13.060274211,215.468000000,100,1410,1215,48,0
1307,13.070273488,215.468000000,100,1410,1215,48,0
1308,13.080273877,215.468000000,100,1410,1215,48,0
1309,13.090273615,215.468000000,100,1410,1215,48,0
1310,13.100274034,215.468000000,100,1410,1215,48,0
1311,13.110273993,215.468000000,100,1410,1215,48,0
1312,13.120273250,215.468000000,100,1410,1215,48,0
1313,13.130272647,215.468000000,100,1410,1215,48,0
1314,13.140274649,214.850000000,100,1410,1215,48,0
1315,13.150273786,214.850000000,100,1410,1215,48,0
1316,13.160275317,214.850000000,100,1410,1215,48,0
1317,13.170276377,214.850000000,100,1410,1215,48,0
1318,13.180275785,214.850000000,100,1410,1215,48,0
1319,13.190309687,214.850000000,100,1410,1215,48,0
1320,13.200277575,214.850000000,100,1410,1215,48,0
1321,13.210277082,214.850000000,100,1410,1215,48,0
1322,13.220279515,214.850000000,100,1410,1215,48,0
1323,13.230280004,214.850000000,100,1410,1215,48,0
1324,13.240279712,202.736000000,100,1410,1215,48,0
1325,13.250280272,202.736000000,100,1410,1215,48,0
1326,13.260276513,202.736000000,100,1410,1215,48,0
1327,13.270309644,202.736000000,100,1410,1215,48,0
1328,13.280276460,202.736000000,100,1410,1215,48,0
1329,13.290276178,202.736000000,100,1410,1215,48,0
1330,13.300277468,202.736000000,100,1410,1215,48,0
1331,13.310276846,202.736000000,100,1410,1215,48,0
1332,13.320276002,202.736000000,100,1410,1215,48,0
1333,13.330276091,202.736000000,100,1410,1215,48,0
1334,13.340277342,216.408000000,100,1410,1215,48,0
1335,13.350276438,216.408000000,100,1410,1215,48,0
1336,13.360276347,216.408000000,100,1410,1215,48,0
1337,13.370276275,216.408000000,100,1410,1215,48,0
1338,13.380275392,216.408000000,100,1410,1215,48,0
1339,13.390275500,216.408000000,100,1410,1215,48,0
1340,13.400275529,216.408000000,100,1410,1215,48,0
1341,13.410275807,216.408000000,100,1410,1215,48,0
1342,13.420275956,216.408000000,100,1410,1215,48,0
1343,13.430275774,216.408000000,100,1410,1215,48,0
1344,13.440276975,208.465000000,100,1410,1215,48,0
1345,13.450275991,208.465000000,100,1410,1215,48,0
1346,13.460274046,208.465000000,100,1410,1215,48,0
1347,13.470302217,208.465000000,100,1410,1215,48,0
1348,13.480276177,208.465000000,100,1410,1215,48,0
1349,13.490283920,208.465000000,100,1410,1215,48,0
1350,13.500298506,208.465000000,100,1410,1215,48,0
1351,13.510277675,208.465000000,100,1410,1215,48,0
1352,13.520275078,208.465000000,100,1410,1215,48,0
1353,13.530276219,208.465000000,100,1410,1215,48,0
1354,13.540276157,216.696000000,100,1410,1215,48,0
1355,13.550275544,216.696000000,100,1410,1215,48,0
1356,13.560277026,216.696000000,100,1410,1215,48,0
1357,13.570274519,216.696000000,100,1410,1215,48,0
1358,13.580276561,216.696000000,100,1410,1215,48,0
1359,13.590275087,216.696000000,100,1410,1215,48,0
1360,13.600276037,216.696000000,100,1410,1215,48,0
1361,13.610275825,216.696000000,100,1410,1215,48,0
1362,13.620275052,216.696000000,100,1410,1215,48,0
1363,13.630275281,216.696000000,100,1410,1215,48,0
1364,13.640275670,213.845000000,100,1410,1215,48,0
1365,13.650275157,213.845000000,100,1410,1215,48,0
1366,13.660274304,213.845000000,100,1410,1215,48,0
1367,13.670274683,213.845000000,100,1410,1215,48,0
1368,13.680275062,213.845000000,100,1410,1215,48,0
1369,13.690274690,213.845000000,100,1410,1215,48,0
1370,13.700287092,213.845000000,100,1410,1215,48,0
1371,13.710277542,213.845000000,100,1410,1215,48,0
1372,13.720275006,213.845000000,100,1410,1215,48,0
1373,13.730275836,213.845000000,100,1410,1215,48,0
1374,13.740276906,211.517000000,100,1410,1215,48,0
1375,13.750277175,211.517000000,100,1410,1215,48,0
1376,13.760303453,211.517000000,100,1410,1215,48,0
1377,13.770278915,211.517000000,100,1410,1215,48,0
1378,13.780302778,211.517000000,100,1410,1215,48,0
1379,13.790276207,211.517000000,100,1410,1215,48,0
1380,13.800276085,211.517000000,100,1410,1215,48,0
1381,13.810275242,211.517000000,100,1410,1215,48,0
1382,13.820276663,211.517000000,100,1410,1215,48,0
1383,13.830291709,211.517000000,100,1410,1215,48,0
1384,13.840277691,215.538000000,100,1410,1215,48,0
1385,13.850275496,215.538000000,100,1410,1215,48,0
1386,13.860275815,215.538000000,100,1410,1215,48,0
1387,13.870274861,215.538000000,100,1410,1215,48,0
1388,13.880276823,215.538000000,100,1410,1215,48,0
1389,13.890275389,215.538000000,100,1410,1215,48,0
1390,13.900275147,215.538000000,100,1410,1215,48,0
1391,13.910275646,215.538000000,100,1410,1215,48,0
1392,13.920275384,215.538000000,100,1410,1215,48,0
1393,13.930276174,215.538000000,100,1410,1215,48,0
1394,13.940280691,203.802000000,100,1410,1215,48,0
1395,13.950275149,203.802000000,100,1410,1215,48,0
1396,13.960275087,203.802000000,100,1410,1215,48,0
1397,13.970275216,203.802000000,100,1410,1215,48,0
1398,13.980274523,203.802000000,100,1410,1215,48,0
1399,13.990279210,203.802000000,100,1410,1215,48,0
1400,14.000274579,203.802000000,100,1410,1215,48,0
1401,14.010275500,203.802000000,100,1410,1215,48,0
1402,14.020274917,203.802000000,100,1410,1215,48,0
1403,14.030275075,203.802000000,100,1410,1215,48,0
1404,14.040276406,216.769000000,100,1410,1215,48,0
1405,14.050276134,216.769000000,100,1410,1215,48,0
1406,14.060284528,216.769000000,100,1410,1215,48,0
1407,14.070281401,216.769000000,100,1410,1215,48,0
1408,14.080276781,216.769000000,100,1410,1215,48,0
1409,14.090287349,216.769000000,100,1410,1215,48,0
1410,14.100286756,216.769000000,100,1410,1215,48,0
1411,14.110276405,216.769000000,100,1410,1215,48,0
1412,14.120276033,216.769000000,100,1410,1215,48,0
1413,14.130276291,216.769000000,100,1410,1215,48,0
1414,14.140278234,211.604000000,100,1410,1215,48,0
1415,14.150275116,211.604000000,100,1410,1215,48,0
1416,14.160275104,211.604000000,100,1410,1215,48,0
1417,14.170275033,211.604000000,100,1410,1215,48,0
1418,14.180275802,211.604000000,100,1410,1215,48,0
1419,14.190275550,211.604000000,100,1410,1215,48,0
1420,14.200275128,211.604000000,100,1410,1215,48,0
1421,14.210276419,211.604000000,100,1410,1215,48,0
1422,14.220275345,211.604000000,100,1410,1215,48,0
1423,14.230276265,211.604000000,100,1410,1215,48,0
1424,14.240276744,215.551000000,100,1410,1215,48,0
1425,14.250277244,215.551000000,100,1410,1215,48,0
1426,14.260276030,215.551000000,100,1410,1215,48,0
1427,14.270276018,215.551000000,100,1410,1215,48,0
1428,14.280279533,215.551000000,100,1410,1215,48,0
1429,14.290275885,215.551000000,100,1410,1215,48,0
1430,14.300275703,215.551000000,100,1410,1215,48,0
1431,14.310276092,215.551000000,100,1410,1215,48,0
1432,14.320275940,215.551000000,100,1410,1215,48,0
1433,14.330275778,215.551000000,100,1410,1215,48,0
1434,14.340276538,215.311000000,100,1410,1215,48,0
1435,14.350277017,215.311000000,100,1410,1215,48,0
1436,14.360275082,215.311000000,100,1410,1215,48,0
1437,14.370275160,215.311000000,100,1410,1215,48,0
1438,14.380276601,215.311000000,100,1410,1215,48,0
1439,14.390275528,215.311000000,100,1410,1215,48,0
1440,14.400275857,215.311000000,100,1410,1215,48,0
1441,14.410276807,215.311000000,100,1410,1215,48,0
1442,14.420275683,215.311000000,100,1410,1215,48,0
1443,14.430275441,215.311000000,100,1410,1215,48,0
1444,14.440275980,198.403000000,100,1410,1215,48,0
1445,14.450279285,198.403000000,100,1410,1215,48,0
1446,14.460275636,198.403000000,100,1410,1215,48,0
1447,14.470274393,198.403000000,100,1410,1215,48,0
1448,14.480274521,198.403000000,100,1410,1215,48,0
1449,14.490274970,198.403000000,100,1410,1215,48,0
1450,14.500274247,198.403000000,100,1410,1215,48,0
1451,14.510274857,198.403000000,100,1410,1215,48,0
1452,14.520275627,198.403000000,100,1410,1215,48,0
1453,14.530274934,198.403000000,100,1410,1215,48,0
1454,14.540275092,198.403000000,100,1410,1215,48,0
1455,14.550276433,216.406000000,100,1410,1215,48,0
1456,14.560275089,216.406000000,100,1410,1215,48,0
1457,14.570275218,216.406000000,100,1410,1215,48,0
1458,14.580278152,216.406000000,100,1410,1215,48,0
1459,14.590275104,216.406000000,100,1410,1215,48,0
1460,14.600275834,216.406000000,100,1410,1215,48,0
1461,14.610275662,216.406000000,100,1410,1215,48,0
1462,14.620275100,216.406000000,100,1410,1215,48,0
1463,14.630274938,216.406000000,100,1410,1215,48,0
1464,14.640276028,209.227000000,100,1410,1215,48,0
1465,14.650276096,209.227000000,100,1410,1215,48,0
1466,14.660275975,209.227000000,100,1410,1215,48,0
1467,14.670275001,209.227000000,100,1410,1215,48,0
1468,14.680275801,209.227000000,100,1410,1215,48,0
1469,14.690277853,209.227000000,100,1410,1215,48,0
1470,14.700277220,209.227000000,100,1410,1215,48,0
1471,14.710277770,209.227000000,100,1410,1215,48,0
1472,14.720276055,209.227000000,100,1410,1215,48,0
1473,14.730275823,209.227000000,100,1410,1215,48,0
1474,14.740276933,216.971000000,100,1410,1215,48,0
1475,14.750275469,216.971000000,100,1410,1215,48,0
1476,14.760275959,216.971000000,100,1410,1215,48,0
1477,14.770276348,216.971000000,100,1410,1215,48,0
1478,14.780276546,216.971000000,100,1410,1215,48,0
1479,14.790285071,216.971000000,100,1410,1215,48,0
1480,14.800279288,216.971000000,100,1410,1215,48,0
1481,14.810277313,216.971000000,100,1410,1215,48,0
1482,14.820275888,216.971000000,100,1410,1215,48,0
1483,14.830275887,216.971000000,100,1410,1215,48,0
1484,14.840276276,214.072000000,100,1410,1215,48,0
1485,14.850276925,214.072000000,100,1410,1215,48,0
1486,14.860274880,214.072000000,100,1410,1215,48,0
1487,14.870276682,214.072000000,100,1410,1215,48,0
1488,14.880274686,214.072000000,100,1410,1215,48,0
1489,14.890275146,214.072000000,100,1410,1215,48,0
1490,14.900275735,214.072000000,100,1410,1215,48,0
1491,14.910275162,214.072000000,100,1410,1215,48,0
1492,14.920275962,214.072000000,100,1410,1215,48,0
1493,14.930275490,214.072000000,100,1410,1215,48,0
1494,14.940276901,209.263000000,100,1410,1215,48,0
1495,14.950276017,209.263000000,100,1410,1215,48,0
1496,14.960284081,209.263000000,100,1410,1215,48,0
1497,14.970275563,209.263000000,100,1410,1215,48,0
1498,14.980276493,209.263000000,100,1410,1215,48,0
1499,14.990275269,209.263000000,100,1410,1215,48,0
1500,15.000275669,209.263000000,100,1410,1215,48,0
1501,15.010276058,209.263000000,100,1410,1215,48,0
1502,15.020275365,209.263000000,100,1410,1215,48,0
1503,15.030276886,209.263000000,100,1410,1215,48,0
1504,15.040276423,216.303000000,100,1410,1215,48,0
1505,15.050289346,216.303000000,100,1410,1215,48,0
1506,15.060279816,216.303000000,100,1410,1215,48,0
1507,15.070276158,216.303000000,100,1410,1215,48,0
1508,15.080276246,216.303000000,100,1410,1215,48,0
1509,15.090276455,216.303000000,100,1410,1215,48,0
1510,15.100276183,216.303000000,100,1410,1215,48,0
1511,15.110276362,216.303000000,100,1410,1215,48,0
1512,15.120276059,216.303000000,100,1410,1215,48,0
1513,15.130279815,216.303000000,100,1410,1215,48,0
1514,15.140277238,205.367000000,100,1410,1215,48,0
1515,15.150276566,205.367000000,100,1410,1215,48,0
1516,15.160277345,205.367000000,100,1410,1215,48,0
1517,15.170280099,205.367000000,100,1410,1215,48,0
1518,15.180277232,205.367000000,100,1410,1215,48,0
1519,15.190276519,205.367000000,100,1410,1215,48,0
1520,15.200275626,205.367000000,100,1410,1215,48,0
1521,15.210275754,205.367000000,100,1410,1215,48,0
1522,15.220276514,205.367000000,100,1410,1215,48,0
1523,15.230279067,205.367000000,100,1410,1215,48,0
1524,15.240277172,216.626000000,100,1410,1215,48,0
1525,15.250276028,216.626000000,100,1410,1215,48,0
1526,15.260279002,216.626000000,100,1410,1215,48,0
1527,15.270277407,216.626000000,100,1410,1215,48,0
1528,15.280275102,216.626000000,100,1410,1215,48,0
1529,15.290275150,216.626000000,100,1410,1215,48,0
1530,15.300275299,216.626000000,100,1410,1215,48,0
1531,15.310275447,216.626000000,100,1410,1215,48,0
1532,15.320275275,216.626000000,100,1410,1215,48,0
1533,15.330276336,216.626000000,100,1410,1215,48,0
1534,15.340276584,212.681000000,100,1410,1215,48,0
1535,15.350275962,212.681000000,100,1410,1215,48,0
1536,15.360277503,212.681000000,100,1410,1215,48,0
1537,15.370276269,212.681000000,100,1410,1215,48,0
1538,15.380275596,212.681000000,100,1410,1215,48,0
1539,15.390274763,212.681000000,100,1410,1215,48,0
1540,15.400290511,212.681000000,100,1410,1215,48,0
1541,15.410277935,212.681000000,100,1410,1215,48,0
1542,15.420275499,212.681000000,100,1410,1215,48,0
1543,15.430276500,212.681000000,100,1410,1215,48,0
1544,15.440277991,215.119000000,100,1410,1215,48,0
1545,15.450276797,215.119000000,100,1410,1215,48,0
1546,15.461480853,215.119000000,100,1410,1215,48,0
1547,15.470277755,215.119000000,100,1410,1215,48,0
1548,15.480278104,215.119000000,100,1410,1215,48,0
1549,15.490277181,215.119000000,100,1410,1215,48,0
1550,15.500276338,215.119000000,100,1410,1215,48,0
1551,15.510275635,215.119000000,100,1410,1215,48,0
1552,15.520275403,215.119000000,100,1410,1215,48,0
1553,15.530276663,215.119000000,100,1410,1215,48,0
1554,15.540276281,215.366000000,100,1410,1215,48,0
1555,15.550275277,215.366000000,100,1410,1215,48,0
1556,15.560276769,215.366000000,100,1410,1215,48,0
1557,15.570274413,215.366000000,100,1410,1215,48,0
1558,15.580277176,215.366000000,100,1410,1215,48,0
1559,15.590276633,215.366000000,100,1410,1215,48,0
1560,15.600275079,215.366000000,100,1410,1215,48,0
1561,15.610277923,215.366000000,100,1410,1215,48,0
1562,15.620275406,215.366000000,100,1410,1215,48,0
1563,15.630277859,215.366000000,100,1410,1215,48,0
1564,15.640280863,199.416000000,100,1410,1215,48,0
1565,15.650276804,199.416000000,100,1410,1215,48,0
1566,15.660288474,199.416000000,100,1410,1215,48,0
1567,15.670276821,199.416000000,100,1410,1215,48,0
1568,15.680275867,199.416000000,100,1410,1215,48,0
1569,15.690276587,199.416000000,100,1410,1215,48,0
1570,15.700276535,199.416000000,100,1410,1215,48,0
1571,15.710275351,199.416000000,100,1410,1215,48,0
1572,15.720275640,199.416000000,100,1410,1215,48,0
1573,15.730275558,199.416000000,100,1410,1215,48,0
1574,15.740276589,216.872000000,100,1410,1215,48,0
1575,15.750275746,216.872000000,100,1410,1215,48,0
1576,15.760275473,216.872000000,100,1410,1215,48,0
1577,15.770277125,216.872000000,100,1410,1215,48,0
1578,15.780275410,216.872000000,100,1410,1215,48,0
1579,15.790274917,216.872000000,100,1410,1215,48,0
1580,15.800275296,216.872000000,100,1410,1215,48,0
1581,15.810275916,216.872000000,100,1410,1215,48,0
1582,15.820275834,216.872000000,100,1410,1215,48,0
1583,15.830276203,216.872000000,100,1410,1215,48,0
1584,15.840276652,209.760000000,100,1410,1215,48,0
1585,15.850276721,209.760000000,100,1410,1215,48,0
1586,15.860276499,209.760000000,100,1410,1215,48,0
1587,15.870276878,209.760000000,100,1410,1215,48,0
1588,15.880274211,209.760000000,100,1410,1215,48,0
1589,15.890275332,209.760000000,100,1410,1215,48,0
1590,15.900274178,209.760000000,100,1410,1215,48,0
1591,15.910274797,209.760000000,100,1410,1215,48,0
1592,15.920275277,209.760000000,100,1410,1215,48,0
1593,15.930274413,209.760000000,100,1410,1215,48,0
1594,15.940275333,216.911000000,100,1410,1215,48,0
1595,15.950274530,216.911000000,100,1410,1215,48,0
1596,15.960274398,216.911000000,100,1410,1215,48,0
1597,15.970274056,216.911000000,100,1410,1215,48,0
1598,15.980274916,216.911000000,100,1410,1215,48,0
1599,15.990275054,216.911000000,100,1410,1215,48,0
1600,16.000275714,216.911000000,100,1410,1215,48,0
1601,16.010276344,216.911000000,100,1410,1215,48,0
1602,16.020280149,216.911000000,100,1410,1215,48,0
1603,16.030279897,216.911000000,100,1410,1215,48,0
1604,16.040276489,214.433000000,100,1410,1215,48,0
1605,16.050275365,214.433000000,100,1410,1215,48,0
1606,16.060275504,214.433000000,100,1410,1215,48,0
1607,16.070308975,214.433000000,100,1410,1215,48,0
1608,16.080276613,214.433000000,100,1410,1215,48,0
1609,16.090279907,214.433000000,100,1410,1215,48,0
1610,16.100276038,214.433000000,100,1410,1215,48,0
1611,16.110279653,214.433000000,100,1410,1215,48,0
1612,16.120276335,214.433000000,100,1410,1215,48,0
1613,16.130279700,214.433000000,100,1410,1215,48,0
1614,16.140277114,208.171000000,100,1410,1215,48,0
1615,16.150279877,208.171000000,100,1410,1215,48,0
1616,16.160275327,208.171000000,100,1410,1215,48,0
1617,16.170275516,208.171000000,100,1410,1215,48,0
1618,16.180276887,208.171000000,100,1410,1215,48,0
1619,16.190276184,208.171000000,100,1410,1215,48,0
1620,16.200280770,208.171000000,100,1410,1215,48,0
1621,16.210276170,208.171000000,100,1410,1215,48,0
1622,16.220280447,208.171000000,100,1410,1215,48,0
1623,16.230275696,208.171000000,100,1410,1215,48,0
1624,16.240277458,216.441000000,100,1410,1215,48,0
1625,16.250276985,216.441000000,100,1410,1215,48,0
1626,16.260276262,216.441000000,100,1410,1215,48,0
1627,16.270276431,216.441000000,100,1410,1215,48,0
1628,16.280281459,216.441000000,100,1410,1215,48,0
1629,16.290276808,216.441000000,100,1410,1215,48,0
1630,16.300275905,216.441000000,100,1410,1215,48,0
1631,16.310276154,216.441000000,100,1410,1215,48,0
1632,16.320276483,216.441000000,100,1410,1215,48,0
1633,16.330275950,216.441000000,100,1410,1215,48,0
1634,16.340277241,206.570000000,100,1410,1215,48,0
1635,16.350276448,206.570000000,100,1410,1215,48,0
1636,16.360276476,206.570000000,100,1410,1215,48,0
1637,16.370275863,206.570000000,100,1410,1215,48,0
1638,16.380276142,206.570000000,100,1410,1215,48,0
1639,16.390276471,206.570000000,100,1410,1215,48,0
1640,16.400280527,206.570000000,100,1410,1215,48,0
1641,16.410276408,206.570000000,100,1410,1215,48,0
1642,16.420276396,206.570000000,100,1410,1215,48,0
1643,16.430275933,206.570000000,100,1410,1215,48,0
1644,16.440277595,216.995000000,100,1410,1215,48,0
1645,16.450281871,216.995000000,100,1410,1215,48,0
1646,16.460275347,216.995000000,100,1410,1215,48,0
1647,16.470276127,216.995000000,100,1410,1215,48,0
1648,16.480276867,216.995000000,100,1410,1215,48,0
1649,16.490276374,216.995000000,100,1410,1215,48,0
1650,16.500276343,216.995000000,100,1410,1215,48,0
1651,16.510277112,216.995000000,100,1410,1215,48,0
1652,16.520275999,216.995000000,100,1410,1215,48,0
1653,16.530275917,216.995000000,100,1410,1215,48,0
1654,16.540277418,213.049000000,100,1410,1215,48,0
1655,16.550277036,213.049000000,100,1410,1215,48,0
1656,16.560276683,213.049000000,100,1410,1215,48,0
1657,16.570278034,213.049000000,100,1410,1215,48,0
1658,16.580273955,213.049000000,100,1410,1215,48,0
1659,16.590275727,213.049000000,100,1410,1215,48,0
1660,16.600276697,213.049000000,100,1410,1215,48,0
1661,16.610275012,213.049000000,100,1410,1215,48,0
1662,16.620274229,213.049000000,100,1410,1215,48,0
1663,16.630275099,213.049000000,100,1410,1215,48,0
1664,16.640275889,215.340000000,100,1410,1215,48,0
1665,16.650275085,215.340000000,100,1410,1215,48,0
1666,16.660274683,215.340000000,100,1410,1215,48,0
1667,16.670274792,215.340000000,100,1410,1215,48,0
1668,16.680274730,215.340000000,100,1410,1215,48,0
1669,16.690276942,215.340000000,100,1410,1215,48,0
1670,16.700275508,215.340000000,100,1410,1215,48,0
1671,16.710276799,215.340000000,100,1410,1215,48,0
1672,16.720277218,215.340000000,100,1410,1215,48,0
1673,16.730277607,215.340000000,100,1410,1215,48,0
1674,16.740276353,215.626000000,100,1410,1215,48,0
1675,16.750276351,215.626000000,100,1410,1215,48,0
1676,16.760276610,215.626000000,100,1410,1215,48,0
1677,16.770276939,215.626000000,100,1410,1215,48,0
1678,16.780276136,215.626000000,100,1410,1215,48,0
1679,16.790276405,215.626000000,100,1410,1215,48,0
1680,16.800275982,215.626000000,100,1410,1215,48,0
1681,16.810277954,215.626000000,100,1410,1215,48,0
1682,16.820275799,215.626000000,100,1410,1215,48,0
1683,16.830276739,215.626000000,100,1410,1215,48,0
1684,16.840277488,199.707000000,100,1410,1215,48,0
1685,16.850276284,199.707000000,100,1410,1215,48,0
1686,16.860276103,199.707000000,100,1410,1215,48,0
1687,16.870279127,199.707000000,100,1410,1215,48,0
1688,16.880276660,199.707000000,100,1410,1215,48,0
1689,16.890276929,199.707000000,100,1410,1215,48,0
1690,16.900275154,199.707000000,100,1410,1215,48,0
1691,16.910275804,199.707000000,100,1410,1215,48,0
1692,16.920275071,199.707000000,100,1410,1215,48,0
1693,16.930275079,199.707000000,100,1410,1215,48,0
1694,16.940276821,216.804000000,100,1410,1215,48,0
1695,16.950275496,216.804000000,100,1410,1215,48,0
1696,16.960275445,216.804000000,100,1410,1215,48,0
1697,16.970275713,216.804000000,100,1410,1215,48,0
1698,16.980275301,216.804000000,100,1410,1215,48,0
1699,16.990276191,216.804000000,100,1410,1215,48,0
1700,17.000274997,216.804000000,100,1410,1215,48,0
1701,17.010276849,216.804000000,100,1410,1215,48,0
1702,17.020275725,216.804000000,100,1410,1215,48,0
1703,17.030276385,216.804000000,100,1410,1215,48,0
1704,17.040277074,210.102000000,100,1410,1215,48,0
1705,17.050276952,210.102000000,100,1410,1215,48,0
1706,17.060276139,210.102000000,100,1410,1215,48,0
1707,17.070276508,210.102000000,100,1410,1215,48,0
1708,17.080276957,210.102000000,100,1410,1215,48,0
1709,17.090275904,210.102000000,100,1410,1215,48,0
1710,17.100275251,210.102000000,100,1410,1215,48,0
1711,17.110275500,210.102000000,100,1410,1215,48,0
1712,17.120275167,210.102000000,100,1410,1215,48,0
1713,17.130274334,210.102000000,100,1410,1215,48,0
1714,17.140275896,216.996000000,100,1410,1215,48,0
1715,17.150274581,216.996000000,100,1410,1215,48,0
1716,17.160274900,216.996000000,100,1410,1215,48,0
1717,17.170274839,216.996000000,100,1410,1215,48,0
1718,17.180274496,216.996000000,100,1410,1215,48,0
1719,17.190274625,216.996000000,100,1410,1215,48,0
1720,17.200275114,216.996000000,100,1410,1215,48,0
1721,17.210275994,216.996000000,100,1410,1215,48,0
1722,17.220275121,216.996000000,100,1410,1215,48,0
1723,17.230275269,216.996000000,100,1410,1215,48,0
1724,17.240275839,215.023000000,100,1410,1215,48,0
1725,17.250276989,215.023000000,100,1410,1215,48,0
1726,17.260275906,215.023000000,100,1410,1215,48,0
1727,17.270275814,215.023000000,100,1410,1215,48,0
1728,17.280275111,215.023000000,100,1410,1215,48,0
1729,17.290275059,215.023000000,100,1410,1215,48,0
1730,17.300275408,215.023000000,100,1410,1215,48,0
1731,17.310275747,215.023000000,100,1410,1215,48,0
1732,17.320275365,215.023000000,100,1410,1215,48,0
1733,17.330275012,215.023000000,100,1410,1215,48,0
1734,17.340276493,208.044000000,100,1410,1215,48,0
1735,17.350275570,208.044000000,100,1410,1215,48,0
1736,17.360275729,208.044000000,100,1410,1215,48,0
1737,17.370275977,208.044000000,100,1410,1215,48,0
1738,17.380275996,208.044000000,100,1410,1215,48,0
1739,17.390275924,208.044000000,100,1410,1215,48,0
1740,17.400275862,208.044000000,100,1410,1215,48,0
1741,17.410276762,208.044000000,100,1410,1215,48,0
1742,17.420276260,208.044000000,100,1410,1215,48,0
1743,17.430275637,208.044000000,100,1410,1215,48,0
1744,17.440304519,216.776000000,100,1410,1215,49,0
1745,17.450281534,216.776000000,100,1410,1215,49,0
1746,17.460277295,216.776000000,100,1410,1215,49,0
1747,17.470313601,216.776000000,100,1410,1215,49,0
1748,17.480274636,216.776000000,100,1410,1215,49,0
1749,17.490276078,216.776000000,100,1410,1215,49,0
1750,17.500275294,216.776000000,100,1410,1215,49,0
1751,17.510276866,216.776000000,100,1410,1215,49,0
1752,17.520275602,216.776000000,100,1410,1215,49,0
1753,17.530276151,216.776000000,100,1410,1215,49,0
1754,17.540276159,206.520000000,100,1410,1215,48,0
1755,17.550276228,206.520000000,100,1410,1215,48,0
1756,17.560275545,206.520000000,100,1410,1215,48,0
1757,17.570275774,206.520000000,100,1410,1215,48,0
1758,17.580275221,206.520000000,100,1410,1215,48,0
1759,17.590276361,206.520000000,100,1410,1215,48,0
1760,17.600276811,206.520000000,100,1410,1215,48,0
1761,17.610285275,206.520000000,100,1410,1215,48,0
1762,17.620275445,206.520000000,100,1410,1215,48,0
1763,17.630275213,206.520000000,100,1410,1215,48,0
1764,17.640281082,217.035000000,100,1410,1215,48,0
1765,17.650276211,217.035000000,100,1410,1215,49,0
1766,17.660276861,217.035000000,100,1410,1215,49,0
1767,17.670272461,217.035000000,100,1410,1215,49,0
1768,17.680276897,217.035000000,100,1410,1215,49,0
1769,17.690276826,217.035000000,100,1410,1215,49,0
1770,17.700276874,217.035000000,100,1410,1215,49,0
1771,17.710285669,217.035000000,100,1410,1215,49,0
1772,17.720276690,217.035000000,100,1410,1215,49,0
1773,17.730275356,217.035000000,100,1410,1215,49,0
1774,17.740275214,217.035000000,100,1410,1215,49,0
1775,17.750275764,217.035000000,100,1410,1215,49,0
1776,17.760275552,217.035000000,100,1410,1215,49,0
1777,17.770275199,217.035000000,100,1410,1215,49,0
1778,17.780276219,217.035000000,100,1410,1215,49,0
1779,17.790276198,217.035000000,100,1410,1215,49,0
1780,17.800276266,217.035000000,100,1410,1215,49,0
1781,17.810276385,217.035000000,100,1410,1215,49,0
1782,17.820275281,217.035000000,100,1410,1215,49,0
1783,17.830276622,217.035000000,100,1410,1215,49,0
1784,17.840276119,217.035000000,100,1410,1215,49,0
1785,17.850275316,217.035000000,100,1410,1215,49,0
1786,17.860274914,217.035000000,100,1410,1215,49,0
1787,17.870275363,217.035000000,100,1410,1215,49,0
1788,17.880275301,217.035000000,100,1410,1215,49,0
1789,17.890275079,217.035000000,100,1410,1215,49,0
1790,17.900275768,217.035000000,100,1410,1215,49,0
1791,17.910276067,217.035000000,100,1410,1215,49,0
1792,17.920277018,215.516000000,100,1410,1215,48,0
1793,17.930274411,215.516000000,100,1410,1215,48,0
1794,17.940276102,215.516000000,100,1410,1215,48,0
1795,17.950280178,215.516000000,100,1410,1215,48,0
1796,17.960273684,215.516000000,100,1410,1215,48,0
1797,17.970274775,215.516000000,100,1410,1215,48,0
1798,17.980276476,215.516000000,100,1410,1215,48,0
1799,17.990273589,215.516000000,100,1410,1215,48,0
1800,18.000276142,215.516000000,100,1410,1215,48,0
1801,18.010280609,215.516000000,100,1410,1215,48,0
1802,18.020281529,216.222000000,100,1410,1215,49,0
1803,18.030275666,216.222000000,100,1410,1215,49,0
1804,18.040275284,216.222000000,100,1410,1215,49,0
1805,18.050276164,216.222000000,100,1410,1215,49,0
1806,18.060280340,216.222000000,100,1410,1215,49,0
1807,18.070276271,216.222000000,100,1410,1215,49,0
1808,18.080276550,216.222000000,100,1410,1215,49,0
1809,18.090276428,216.222000000,100,1410,1215,49,0
1810,18.100281115,216.222000000,100,1410,1215,49,0
1811,18.110275633,216.222000000,100,1410,1215,49,0
1812,18.120279198,202.344000000,100,1410,1215,48,0
1813,18.130275189,202.344000000,100,1410,1215,48,0
1814,18.140275498,202.344000000,100,1410,1215,48,0
1815,18.150274995,202.344000000,100,1410,1215,48,0
1816,18.160275494,202.344000000,100,1410,1215,48,0
1817,18.170275212,202.344000000,100,1410,1215,48,0
1818,18.180279629,202.344000000,100,1410,1215,48,0
1819,18.190275409,202.344000000,100,1410,1215,48,0
1820,18.200279565,202.344000000,100,1410,1215,48,0
1821,18.210275426,202.344000000,100,1410,1215,48,0
1822,18.220275805,217.173000000,100,1410,1215,48,0
1823,18.230276164,217.173000000,100,1410,1215,48,0
1824,18.240276222,217.173000000,100,1410,1215,48,0
1825,18.250275249,217.173000000,100,1410,1215,48,0
1826,18.260276249,217.173000000,100,1410,1215,48,0
1827,18.270275947,217.173000000,100,1410,1215,48,0
1828,18.280280193,217.173000000,100,1410,1215,48,0
1829,18.290275973,217.173000000,100,1410,1215,48,0
1830,18.300275912,217.173000000,100,1410,1215,48,0
1831,18.310279166,217.173000000,100,1410,1215,48,0
1832,18.320277050,211.126000000,100,1410,1215,49,0
1833,18.330280475,211.126000000,100,1410,1215,49,0
1834,18.340275444,211.126000000,100,1410,1215,49,0
1835,18.350276114,211.126000000,100,1410,1215,49,0
1836,18.360275902,211.126000000,100,1410,1215,49,0
1837,18.370276611,211.126000000,100,1410,1215,49,0
1838,18.380275518,211.126000000,100,1410,1215,49,0
1839,18.390274574,211.126000000,100,1410,1215,49,0
1840,18.400277087,211.126000000,100,1410,1215,49,0
1841,18.410276414,211.126000000,100,1410,1215,49,0
1842,18.420277424,216.695000000,100,1410,1215,49,0
1843,18.430276942,216.695000000,100,1410,1215,49,0
1844,18.440275618,216.695000000,100,1410,1215,49,0
1845,18.450279513,216.695000000,100,1410,1215,49,0
1846,18.460275995,216.695000000,100,1410,1215,49,0
1847,18.470276143,216.695000000,100,1410,1215,49,0
1848,18.480275871,216.695000000,100,1410,1215,49,0
1849,18.490276040,216.695000000,100,1410,1215,49,0
1850,18.500275858,216.695000000,100,1410,1215,49,0
1851,18.510280365,216.695000000,100,1410,1215,49,0
1852,18.520277127,215.400000000,100,1410,1215,49,0
1853,18.530275863,215.400000000,100,1410,1215,49,0
1854,18.540275661,215.400000000,100,1410,1215,49,0
1855,18.550275900,215.400000000,100,1410,1215,49,0
1856,18.560275637,215.400000000,100,1410,1215,49,0
1857,18.570279753,215.400000000,100,1410,1215,49,0
1858,18.580279371,215.400000000,100,1410,1215,49,0
1859,18.590275422,215.400000000,100,1410,1215,49,0
1860,18.600276332,215.400000000,100,1410,1215,49,0
1861,18.610276671,215.400000000,100,1410,1215,49,0
1862,18.620279845,205.303000000,100,1410,1215,49,0
1863,18.630288690,205.303000000,100,1410,1215,49,0
1864,18.640276526,205.303000000,100,1410,1215,49,0
1865,18.650275592,205.303000000,100,1410,1215,49,0
1866,18.660275220,205.303000000,100,1410,1215,49,0
1867,18.670274868,205.303000000,100,1410,1215,49,0
1868,18.680274646,205.303000000,100,1410,1215,49,0
1869,18.690274584,205.303000000,100,1410,1215,49,0
1870,18.700274732,205.303000000,100,1410,1215,49,0
1871,18.710275362,205.303000000,100,1410,1215,49,0
1872,18.720275601,216.742000000,100,1410,1215,49,0
1873,18.730275258,216.742000000,100,1410,1215,49,0
1874,18.740277150,216.742000000,100,1410,1215,49,0
1875,18.750275525,216.742000000,100,1410,1215,49,0
1876,18.760276265,216.742000000,100,1410,1215,49,0
1877,18.770275081,216.742000000,100,1410,1215,49,0
1878,18.780299195,216.742000000,100,1410,1215,49,0
1879,18.790277282,216.742000000,100,1410,1215,49,0
1880,18.800277851,216.742000000,100,1410,1215,49,0
1881,18.810337552,216.742000000,100,1410,1215,49,0
1882,18.820279561,208.030000000,100,1410,1215,49,0
1883,18.830275712,208.030000000,100,1410,1215,49,0
1884,18.840277003,208.030000000,100,1410,1215,49,0
1885,18.850276120,208.030000000,100,1410,1215,49,0
1886,18.860275236,208.030000000,100,1410,1215,49,0
1887,18.870278461,208.030000000,100,1410,1215,49,0
1888,18.880275834,208.030000000,100,1410,1215,49,0
1889,18.890276313,208.030000000,100,1410,1215,49,0
1890,18.900274408,208.030000000,100,1410,1215,49,0
1891,18.910275899,208.030000000,100,1410,1215,49,0
1892,18.920276579,217.385000000,100,1410,1215,49,0
1893,18.930275515,217.385000000,100,1410,1215,49,0
1894,18.940275613,217.385000000,100,1410,1215,49,0
1895,18.950275612,217.385000000,100,1410,1215,49,0
1896,18.960275350,217.385000000,100,1410,1215,49,0
1897,18.970276039,217.385000000,100,1410,1215,49,0
1898,18.980275927,217.385000000,100,1410,1215,49,0
1899,18.990275244,217.385000000,100,1410,1215,49,0
1900,19.000275142,217.385000000,100,1410,1215,49,0
1901,19.010276283,217.385000000,100,1410,1215,49,0
1902,19.020277213,214.233000000,100,1410,1215,49,0
1903,19.030280327,214.233000000,100,1410,1215,49,0
1904,19.040276027,214.233000000,100,1410,1215,49,0
1905,19.050275364,214.233000000,100,1410,1215,49,0
1906,19.060279280,214.233000000,100,1410,1215,49,0
1907,19.070275692,214.233000000,100,1410,1215,49,0
1908,19.080277113,214.233000000,100,1410,1215,49,0
1909,19.090276490,214.233000000,100,1410,1215,49,0
1910,19.100275456,214.233000000,100,1410,1215,49,0
1911,19.110277158,214.233000000,100,1410,1215,49,0
1912,19.120277046,214.724000000,100,1410,1215,49,0
1913,19.130276283,214.724000000,100,1410,1215,49,0
1914,19.140287612,214.724000000,100,1410,1215,49,0
1915,19.150276059,214.724000000,100,1410,1215,49,0
1916,19.160275226,214.724000000,100,1410,1215,49,0
1917,19.170277077,214.724000000,100,1410,1215,49,0
1918,19.180274611,214.724000000,100,1410,1215,49,0
1919,19.190274780,214.724000000,100,1410,1215,49,0
1920,19.200274277,214.724000000,100,1410,1215,49,0
1921,19.210274656,214.724000000,100,1410,1215,49,0
1922,19.220275195,216.441000000,100,1410,1215,49,0
1923,19.230275675,216.441000000,100,1410,1215,49,0
1924,19.240275152,216.441000000,100,1410,1215,49,0
1925,19.250275140,216.441000000,100,1410,1215,49,0
1926,19.260275219,216.441000000,100,1410,1215,49,0
1927,19.270275047,216.441000000,100,1410,1215,49,0
1928,19.280275866,216.441000000,100,1410,1215,49,0
1929,19.290275123,216.441000000,100,1410,1215,49,0
1930,19.300275743,216.441000000,100,1410,1215,49,0
1931,19.310275611,216.441000000,100,1410,1215,49,0
1932,19.320276771,203.158000000,100,1410,1215,49,0
1933,19.330276690,203.158000000,100,1410,1215,49,0
1934,19.340275536,203.158000000,100,1410,1215,49,0
1935,19.350275774,203.158000000,100,1410,1215,49,0
1936,19.360275152,203.158000000,100,1410,1215,49,0
1937,19.370276202,203.158000000,100,1410,1215,49,0
1938,19.380275088,203.158000000,100,1410,1215,49,0
1939,19.390274946,203.158000000,100,1410,1215,49,0
1940,19.400275315,203.158000000,100,1410,1215,49,0
1941,19.410276796,203.158000000,100,1410,1215,49,0
1942,19.420275723,217.460000000,100,1410,1215,49,0
1943,19.430276362,217.460000000,100,1410,1215,49,0
1944,19.440275769,217.460000000,100,1410,1215,49,0
1945,19.450275557,217.460000000,100,1410,1215,49,0
1946,19.460277209,217.460000000,100,1410,1215,49,0
1947,19.470276626,217.460000000,100,1410,1215,49,0
1948,19.480276253,217.460000000,100,1410,1215,49,0
1949,19.490275871,217.460000000,100,1410,1215,49,0
1950,19.500276731,217.460000000,100,1410,1215,49,0
1951,19.510280536,217.460000000,100,1410,1215,49,0
1952,19.520276166,211.900000000,100,1410,1215,49,0
1953,19.530276666,211.900000000,100,1410,1215,49,0
1954,19.540276233,211.900000000,100,1410,1215,49,0
1955,19.550277193,211.900000000,100,1410,1215,49,0
1956,19.560276390,211.900000000,100,1410,1215,49,0
1957,19.570276388,211.900000000,100,1410,1215,49,0
1958,19.580279513,211.900000000,100,1410,1215,49,0
1959,19.590277307,211.900000000,100,1410,1215,49,0
1960,19.600276073,211.900000000,100,1410,1215,49,0
1961,19.610280920,211.900000000,100,1410,1215,49,0
1962,19.620276731,216.154000000,100,1410,1215,49,0
1963,19.630274906,216.154000000,100,1410,1215,49,0
1964,19.640275735,216.154000000,100,1410,1215,49,0
1965,19.650278519,216.154000000,100,1410,1215,49,0
1966,19.660276754,216.154000000,100,1410,1215,49,0
1967,19.670274999,216.154000000,100,1410,1215,49,0
1968,19.680274576,216.154000000,100,1410,1215,49,0
1969,19.690275627,216.154000000,100,1410,1215,49,0
1970,19.700274773,216.154000000,100,1410,1215,49,0
1971,19.710275463,216.154000000,100,1410,1215,49,0
1972,19.720275401,215.530000000,100,1410,1215,49,0
1973,19.730274428,215.530000000,100,1410,1215,49,0
1974,19.740274797,215.530000000,100,1410,1215,49,0
1975,19.750275326,215.530000000,100,1410,1215,49,0
1976,19.760275705,215.530000000,100,1410,1215,49,0
1977,19.770277166,215.530000000,100,1410,1215,49,0
1978,19.780275912,215.530000000,100,1410,1215,49,0
1979,19.790275379,215.530000000,100,1410,1215,49,0
1980,19.800277361,215.530000000,100,1410,1215,49,0
1981,19.810276017,215.530000000,100,1410,1215,49,0
1982,19.820277037,202.257000000,100,1410,1215,49,0
1983,19.830276184,202.257000000,100,1410,1215,49,0
1984,19.840276012,202.257000000,100,1410,1215,49,0
1985,19.850276090,202.257000000,100,1410,1215,49,0
1986,19.860289384,202.257000000,100,1410,1215,49,0
1987,19.870273642,202.257000000,100,1410,1215,49,0
1988,19.880276296,202.257000000,100,1410,1215,49,0
1989,19.890275633,202.257000000,100,1410,1215,49,0
1990,19.900275571,202.257000000,100,1410,1215,49,0
1991,19.910275820,202.257000000,100,1410,1215,49,0
1992,19.920277311,217.294000000,100,1410,1215,49,0
1993,19.930275446,217.294000000,100,1410,1215,49,0
1994,19.940275744,217.294000000,100,1410,1215,49,0
1995,19.950275342,217.294000000,100,1410,1215,49,0
1996,19.960275340,217.294000000,100,1410,1215,49,0
1997,19.970275359,217.294000000,100,1410,1215,49,0
1998,19.980274986,217.294000000,100,1410,1215,49,0
1999,19.990276137,217.294000000,100,1410,1215,49,0
2000,20.000277668,217.294000000,100,1410,1215,49,0
2001,20.010282094,217.294000000,100,1410,1215,49,0
2002,20.020277755,209.395000000,100,1410,1215,49,0
2003,20.030275138,209.395000000,100,1410,1215,49,0
2004,20.040276679,209.395000000,100,1410,1215,49,0
2005,20.050274854,209.395000000,100,1410,1215,49,0
2006,20.060278169,209.395000000,100,1410,1215,49,0
2007,20.070276353,209.395000000,100,1410,1215,49,0
2008,20.080276913,209.395000000,100,1410,1215,49,0
2009,20.090275408,209.395000000,100,1410,1215,49,0
2010,20.100277500,209.395000000,100,1410,1215,49,0
2011,20.110274914,209.395000000,100,1410,1215,49,0
2012,20.120288578,217.584000000,100,1410,1215,49,0
2013,20.130277696,217.584000000,100,1410,1215,49,0
2014,20.140274869,217.584000000,100,1410,1215,49,0
2015,20.150276771,217.584000000,100,1410,1215,49,0
2016,20.160445826,217.584000000,100,1410,1215,49,0
2017,20.170276266,217.584000000,100,1410,1215,49,0
2018,20.180274511,217.584000000,100,1410,1215,49,0
2019,20.190274590,217.584000000,100,1410,1215,49,0
2020,20.200274237,217.584000000,100,1410,1215,49,0
2021,20.210275087,217.584000000,100,1410,1215,49,0
2022,20.220275707,214.278000000,100,1410,1215,49,0
2023,20.230275585,214.278000000,100,1410,1215,49,0
2024,20.240275222,214.278000000,100,1410,1215,49,0
2025,20.250274660,214.278000000,100,1410,1215,49,0
2026,20.260275299,214.278000000,100,1410,1215,49,0
2027,20.270275077,214.278000000,100,1410,1215,49,0
2028,20.280275155,214.278000000,100,1410,1215,49,0
2029,20.290275003,214.278000000,100,1410,1215,49,0
2030,20.300274731,214.278000000,100,1410,1215,49,0
2031,20.310275260,214.278000000,100,1410,1215,49,0
2032,20.320276080,212.092000000,100,1410,1215,49,0
2033,20.330274756,212.092000000,100,1410,1215,49,0
2034,20.340275205,212.092000000,100,1410,1215,49,0
2035,20.350274963,212.092000000,100,1410,1215,49,0
2036,20.360275973,212.092000000,100,1410,1215,49,0
2037,20.370274339,212.092000000,100,1410,1215,49,0
2038,20.380275369,212.092000000,100,1410,1215,49,0
2039,20.390276439,212.092000000,100,1410,1215,49,0
2040,20.400275486,212.092000000,100,1410,1215,49,0
2041,20.410276426,212.092000000,100,1410,1215,49,0
2042,20.420276925,216.900000000,100,1410,1215,49,0
2043,20.430275340,216.900000000,100,1410,1215,49,0
2044,20.440275719,216.900000000,100,1410,1215,49,0
2045,20.450279895,216.900000000,100,1410,1215,49,0
2046,20.460276127,216.900000000,100,1410,1215,49,0
2047,20.470276456,216.900000000,100,1410,1215,49,0
2048,20.480275933,216.900000000,100,1410,1215,49,0
2049,20.490277324,216.900000000,100,1410,1215,49,0
2050,20.500275158,216.900000000,100,1410,1215,49,0
2051,20.510276168,216.900000000,100,1410,1215,49,0
2052,20.520276347,204.321000000,100,1410,1215,49,0
2053,20.530276125,204.321000000,100,1410,1215,49,0
2054,20.540276383,204.321000000,100,1410,1215,49,0
2055,20.550275741,204.321000000,100,1410,1215,49,0
2056,20.560274907,204.321000000,100,1410,1215,49,0
2057,20.570274835,204.321000000,100,1410,1215,49,0
2058,20.580279312,204.321000000,100,1410,1215,49,0
2059,20.590274882,204.321000000,100,1410,1215,49,0
2060,20.600275642,204.321000000,100,1410,1215,49,0
2061,20.610280680,204.321000000,100,1410,1215,49,0
2062,20.620278394,217.206000000,100,1410,1215,49,0
2063,20.630275687,217.206000000,100,1410,1215,49,0
2064,20.640276286,217.206000000,100,1410,1215,49,0
2065,20.650278208,217.206000000,100,1410,1215,49,0
2066,20.660273688,217.206000000,100,1410,1215,49,0
2067,20.670279998,217.206000000,100,1410,1215,49,0
2068,20.680275718,217.206000000,100,1410,1215,49,0
2069,20.690274234,217.206000000,100,1410,1215,49,0
2070,20.700275685,217.206000000,100,1410,1215,49,0
2071,20.710277827,217.206000000,100,1410,1215,49,0
2072,20.720275621,213.034000000,100,1410,1215,49,0
2073,20.730274488,213.034000000,100,1410,1215,49,0
2074,20.740274877,213.034000000,100,1410,1215,49,0
2075,20.750274344,213.034000000,100,1410,1215,49,0
2076,20.760275003,213.034000000,100,1410,1215,49,0
2077,20.770275302,213.034000000,100,1410,1215,49,0
2078,20.780275571,213.034000000,100,1410,1215,49,0
2079,20.790278254,213.034000000,100,1410,1215,49,0
2080,20.800275377,213.034000000,100,1410,1215,49,0
2081,20.810276357,213.034000000,100,1410,1215,49,0
2082,20.820275995,216.612000000,100,1410,1215,49,0
2083,20.830274761,216.612000000,100,1410,1215,49,0
2084,20.840275130,216.612000000,100,1410,1215,49,0
2085,20.850275529,216.612000000,100,1410,1215,49,0
2086,20.860276900,216.612000000,100,1410,1215,49,0
2087,20.870274874,216.612000000,100,1410,1215,49,0
2088,20.880274682,216.612000000,100,1410,1215,49,0
2089,20.890274991,216.612000000,100,1410,1215,49,0
2090,20.900273827,216.612000000,100,1410,1215,49,0
2091,20.910275879,216.612000000,100,1410,1215,49,0
2092,20.920277531,216.121000000,100,1410,1215,49,0
2093,20.930275776,216.121000000,100,1410,1215,49,0
2094,20.940277728,216.121000000,100,1410,1215,49,0
2095,20.950274951,216.121000000,100,1410,1215,49,0
2096,20.960276362,216.121000000,100,1410,1215,49,0
2097,20.970275599,216.121000000,100,1410,1215,49,0
2098,20.980275126,216.121000000,100,1410,1215,49,0
2099,20.990275084,216.121000000,100,1410,1215,49,0
2100,21.000274962,216.121000000,100,1410,1215,49,0
2101,21.010275802,216.121000000,100,1410,1215,49,0
2102,21.020275410,198.745000000,100,1410,1215,49,0
2103,21.030277141,198.745000000,100,1410,1215,49,0
2104,21.040275747,198.745000000,100,1410,1215,49,0
2105,21.050275675,198.745000000,100,1410,1215,49,0
2106,21.060274691,198.745000000,100,1410,1215,49,0
2107,21.070277675,198.745000000,100,1410,1215,49,0
2108,21.080276311,198.745000000,100,1410,1215,49,0
2109,21.090276179,198.745000000,100,1410,1215,49,0
2110,21.100275236,198.745000000,100,1410,1215,49,0
2111,21.110276216,198.745000000,100,1410,1215,49,0
2112,21.120275954,217.200000000,100,1410,1215,49,0
2113,21.130274880,217.200000000,100,1410,1215,49,0
2114,21.140275119,217.200000000,100,1410,1215,49,0
2115,21.150275327,217.200000000,100,1410,1215,49,0
2116,21.160275616,217.200000000,100,1410,1215,49,0
2117,21.170284782,217.200000000,100,1410,1215,49,0
2118,21.180286213,217.200000000,100,1410,1215,49,0
2119,21.190275451,217.200000000,100,1410,1215,49,0
2120,21.200275228,217.200000000,100,1410,1215,49,0
2121,21.210274716,217.200000000,100,1410,1215,49,0
2122,21.220276187,210.211000000,100,1410,1215,49,0
2123,21.230275013,210.211000000,100,1410,1215,49,0
2124,21.240274570,210.211000000,100,1410,1215,49,0
2125,21.250274559,210.211000000,100,1410,1215,49,0
2126,21.260275609,210.211000000,100,1410,1215,49,0
2127,21.270274615,210.211000000,100,1410,1215,49,0
2128,21.280275545,210.211000000,100,1410,1215,49,0
2129,21.290275413,210.211000000,100,1410,1215,49,0
2130,21.300277185,210.211000000,100,1410,1215,49,0
2131,21.310276021,210.211000000,100,1410,1215,49,0
2132,21.320275899,217.776000000,100,1410,1215,49,0
2133,21.330275457,217.776000000,100,1410,1215,49,0
2134,21.340274924,217.776000000,100,1410,1215,49,0
2135,21.350275934,217.776000000,100,1410,1215,49,0
2136,21.360275111,217.776000000,100,1410,1215,49,0
2137,21.370275069,217.776000000,100,1410,1215,49,0
2138,21.380276240,217.776000000,100,1410,1215,49,0
2139,21.390275286,217.776000000,100,1410,1215,49,0
2140,21.400275645,217.776000000,100,1410,1215,49,0
2141,21.410276385,217.776000000,100,1410,1215,49,0
2142,21.420276042,215.022000000,100,1410,1215,49,0
2143,21.430275309,215.022000000,100,1410,1215,49,0
2144,21.440275247,215.022000000,100,1410,1215,49,0
2145,21.450274845,215.022000000,100,1410,1215,49,0
2146,21.460275945,215.022000000,100,1410,1215,49,0
2147,21.470274862,215.022000000,100,1410,1215,49,0
2148,21.480275371,215.022000000,100,1410,1215,49,0
2149,21.490275069,215.022000000,100,1410,1215,49,0
2150,21.500275067,215.022000000,100,1410,1215,49,0
2151,21.510275656,215.022000000,100,1410,1215,49,0
2152,21.520303947,202.179000000,100,1410,1215,49,0
2153,21.530282255,202.179000000,100,1410,1215,49,0
2154,21.540276473,202.179000000,100,1410,1215,49,0
2155,21.550279456,202.179000000,100,1410,1215,49,0
2156,21.560275097,202.179000000,100,1410,1215,49,0
2157,21.570274604,202.179000000,100,1410,1215,49,0
2158,21.580274422,202.179000000,100,1410,1215,49,0
2159,21.590279570,202.179000000,100,1410,1215,49,0
2160,21.600275571,202.179000000,100,1410,1215,49,0
2161,21.610277032,202.179000000,100,1410,1215,49,0
2162,21.620276499,220.534000000,100,1410,1215,49,0
2163,21.630302777,220.534000000,100,1410,1215,49,0
2164,21.640278269,220.534000000,100,1410,1215,49,0
2165,21.650276544,220.534000000,100,1410,1215,49,0
2166,21.660276222,220.534000000,100,1410,1215,49,0
2167,21.670276070,220.534000000,100,1410,1215,49,0
2168,21.680275848,220.534000000,100,1410,1215,49,0
2169,21.690276868,220.534000000,100,1410,1215,49,0
2170,21.700274732,220.534000000,100,1410,1215,49,0
2171,21.710275011,220.534000000,100,1410,1215,49,0
2172,21.720275019,211.089000000,100,1410,1215,49,0
2173,21.730274106,211.089000000,100,1410,1215,49,0
2174,21.740275667,211.089000000,100,1410,1215,49,0
2175,21.750275124,211.089000000,100,1410,1215,49,0
2176,21.760275513,211.089000000,100,1410,1215,49,0
2177,21.770274179,211.089000000,100,1410,1215,49,0
2178,21.780274468,211.089000000,100,1410,1215,49,0
2179,21.790275278,211.089000000,100,1410,1215,49,0
2180,21.800275626,211.089000000,100,1410,1215,49,0
2181,21.810276386,211.089000000,100,1410,1215,49,0
2182,21.820276545,221.212000000,100,1410,1215,49,0
2183,21.830276192,221.212000000,100,1410,1215,49,0
2184,21.840277203,221.212000000,100,1410,1215,49,0
2185,21.850275277,221.212000000,100,1410,1215,49,0
2186,21.860276598,221.212000000,100,1410,1215,49,0
2187,21.870276727,221.212000000,100,1410,1215,49,0
2188,21.880275272,221.212000000,100,1410,1215,49,0
2189,21.890276663,221.212000000,100,1410,1215,49,0
2190,21.900275519,221.212000000,100,1410,1215,49,0
2191,21.910275928,221.212000000,100,1410,1215,49,0
2192,21.920276157,217.586000000,100,1410,1215,49,0
2193,21.930275464,217.586000000,100,1410,1215,49,0
2194,21.940275011,217.586000000,100,1410,1215,49,0
2195,21.950275430,217.586000000,100,1410,1215,49,0
2196,21.960275318,217.586000000,100,1410,1215,49,0
2197,21.970274695,217.586000000,100,1410,1215,49,0
2198,21.980274934,217.586000000,100,1410,1215,49,0
2199,21.990275253,217.586000000,100,1410,1215,49,0
2200,22.000272686,217.586000000,100,1410,1215,49,0
2201,22.010275370,217.586000000,100,1410,1215,49,0
2202,22.020276440,219.010000000,100,1410,1215,49,0
2203,22.030275286,219.010000000,100,1410,1215,49,0
2204,22.040275575,219.010000000,100,1410,1215,49,0
2205,22.050277246,219.010000000,100,1410,1215,49,0
2206,22.060275551,219.010000000,100,1410,1215,49,0
2207,22.070275440,219.010000000,100,1410,1215,49,0
2208,22.080275358,219.010000000,100,1410,1215,49,0
2209,22.090274855,219.010000000,100,1410,1215,49,0
2210,22.100275064,219.010000000,100,1410,1215,49,0
2211,22.110275573,219.010000000,100,1410,1215,49,0
2212,22.120275972,220.565000000,100,1410,1215,49,0
2213,22.130275930,220.565000000,100,1410,1215,49,0
2214,22.140275337,220.565000000,100,1410,1215,49,0
2215,22.150275876,220.565000000,100,1410,1215,49,0
2216,22.160275875,220.565000000,100,1410,1215,49,0
2217,22.170286192,220.565000000,100,1410,1215,49,0
2218,22.180284778,220.565000000,100,1410,1215,49,0
2219,22.190276110,220.565000000,100,1410,1215,49,0
2220,22.200276880,220.565000000,100,1410,1215,49,0
2221,22.210275395,220.565000000,100,1410,1215,49,0
2222,22.220275323,205.627000000,100,1410,1215,49,0
2223,22.230275472,205.627000000,100,1410,1215,49,0
2224,22.240275390,205.627000000,100,1410,1215,49,0
2225,22.250274717,205.627000000,100,1410,1215,49,0
2226,22.260274856,205.627000000,100,1410,1215,49,0
2227,22.270274483,205.627000000,100,1410,1215,49,0
2228,22.280275623,205.627000000,100,1410,1215,49,0
2229,22.290275321,205.627000000,100,1410,1215,49,0
2230,22.300275179,205.627000000,100,1410,1215,49,0
2231,22.310275648,205.627000000,100,1410,1215,49,0
2232,22.320276388,220.886000000,100,1410,1215,49,0
2233,22.330275244,220.886000000,100,1410,1215,49,0
2234,22.340277136,220.886000000,100,1410,1215,49,0
2235,22.350274730,220.886000000,100,1410,1215,49,0
2236,22.360274708,220.886000000,100,1410,1215,49,0
2237,22.370276099,220.886000000,100,1410,1215,49,0
2238,22.380276247,220.886000000,100,1410,1215,49,0
2239,22.390287427,220.886000000,100,1410,1215,49,0
2240,22.400276134,220.886000000,100,1410,1215,49,0
2241,22.410276944,220.886000000,100,1410,1215,49,0
2242,22.420276361,215.695000000,100,1410,1215,49,0
2243,22.430279675,215.695000000,100,1410,1215,49,0
2244,22.440275886,215.695000000,100,1410,1215,49,0
2245,22.450275564,215.695000000,100,1410,1215,49,0
2246,22.460275703,215.695000000,100,1410,1215,49,0
2247,22.470276132,215.695000000,100,1410,1215,49,0
2248,22.480294775,215.695000000,100,1410,1215,49,0
2249,22.490296566,215.695000000,100,1410,1215,49,0
2250,22.500276577,215.695000000,100,1410,1215,49,0
2251,22.510275423,215.695000000,100,1410,1215,49,0
2252,22.520276093,220.789000000,100,1410,1215,49,0
2253,22.530278175,220.789000000,100,1410,1215,49,0
2254,22.540273565,220.789000000,100,1410,1215,49,0
2255,22.550276639,220.789000000,100,1410,1215,49,0
2256,22.560276797,220.789000000,100,1410,1215,49,0
2257,22.570275193,220.789000000,100,1410,1215,49,0
2258,22.580276614,220.789000000,100,1410,1215,49,0
2259,22.590275850,220.789000000,100,1410,1215,49,0
2260,22.600276129,220.789000000,100,1410,1215,49,0
2261,22.610275306,220.789000000,100,1410,1215,49,0
2262,22.620277288,219.275000000,100,1410,1215,49,0
2263,22.630275363,219.275000000,100,1410,1215,49,0
2264,22.640275231,219.275000000,100,1410,1215,49,0
2265,22.650277353,219.275000000,100,1410,1215,49,0
2266,22.660274856,219.275000000,100,1410,1215,49,0
2267,22.670275656,219.275000000,100,1410,1215,49,0
2268,22.680275103,219.275000000,100,1410,1215,49,0
2269,22.690275793,219.275000000,100,1410,1215,49,0
2270,22.700274870,219.275000000,100,1410,1215,49,0
2271,22.710278455,219.275000000,100,1410,1215,49,0
2272,22.720276128,209.041000000,100,1410,1215,49,0
2273,22.730278451,209.041000000,100,1410,1215,49,0
2274,22.740277548,209.041000000,100,1410,1215,49,0
2275,22.750274640,209.041000000,100,1410,1215,49,0
2276,22.760275049,209.041000000,100,1410,1215,49,0
2277,22.770274477,209.041000000,100,1410,1215,49,0
2278,22.780276278,209.041000000,100,1410,1215,49,0
2279,22.790275285,209.041000000,100,1410,1215,49,0
2280,22.800284530,209.041000000,100,1410,1215,49,0
2281,22.810278127,209.041000000,100,1410,1215,49,0
2282,22.820277143,221.013000000,100,1410,1215,49,0
2283,22.830403448,221.013000000,100,1410,1215,49,0
2284,22.840276518,221.013000000,100,1410,1215,49,0
2285,22.850276607,221.013000000,100,1410,1215,49,0
2286,22.860275212,221.013000000,100,1410,1215,49,0
2287,22.870295649,221.013000000,100,1410,1215,49,0
2288,22.880277413,221.013000000,100,1410,1215,49,0
2289,22.890276480,221.013000000,100,1410,1215,49,0
2290,22.900275616,221.013000000,100,1410,1215,49,0
2291,22.910284702,221.013000000,100,1410,1215,49,0
2292,22.920276284,211.666000000,100,1410,1215,49,0
2293,22.930275621,211.666000000,100,1410,1215,49,0
2294,22.940277182,211.666000000,100,1410,1215,49,0
2295,22.950275578,211.666000000,100,1410,1215,49,0
2296,22.960275986,211.666000000,100,1410,1215,49,0
2297,22.970275364,211.666000000,100,1410,1215,49,0
2298,22.980276103,211.666000000,100,1410,1215,49,0
2299,22.990276162,211.666000000,100,1410,1215,49,0
2300,23.000276370,211.666000000,100,1410,1215,49,0
2301,23.010282420,211.666000000,100,1410,1215,49,0
2302,23.020276788,221.149000000,100,1410,1215,49,0
2303,23.030275584,221.149000000,100,1410,1215,49,0
2304,23.040277165,221.149000000,100,1410,1215,49,0
2305,23.050276151,221.149000000,100,1410,1215,49,0
2306,23.060277051,221.149000000,100,1410,1215,49,0
2307,23.070275677,221.149000000,100,1410,1215,49,0
2308,23.080277629,221.149000000,100,1410,1215,49,0
2309,23.090276144,221.149000000,100,1410,1215,49,0
2310,23.100276233,221.149000000,100,1410,1215,49,0
2311,23.110277994,221.149000000,100,1410,1215,49,0
2312,23.120278063,217.712000000,100,1410,1215,49,0
2313,23.130277279,217.712000000,100,1410,1215,49,0
2314,23.140275424,217.712000000,100,1410,1215,49,0
2315,23.150275452,217.712000000,100,1410,1215,49,0
2316,23.160276763,217.712000000,100,1410,1215,49,0
2317,23.170275429,217.712000000,100,1410,1215,49,0
2318,23.180277701,217.712000000,100,1410,1215,49,0
2319,23.190277159,217.712000000,100,1410,1215,49,0
2320,23.200275153,217.712000000,100,1410,1215,49,0
2321,23.210279189,217.712000000,100,1410,1215,49,0
2322,23.220278386,219.010000000,100,1410,1215,49,0
2323,23.230276831,219.010000000,100,1410,1215,49,0
2324,23.240274736,219.010000000,100,1410,1215,49,0
2325,23.250275034,219.010000000,100,1410,1215,49,0
2326,23.260274802,219.010000000,100,1410,1215,49,0
2327,23.270275732,219.010000000,100,1410,1215,49,0
2328,23.280275320,219.010000000,100,1410,1215,49,0
2329,23.290274747,219.010000000,100,1410,1215,49,0
2330,23.300274525,219.010000000,100,1410,1215,49,0
2331,23.310276577,219.010000000,100,1410,1215,49,0
2332,23.320278519,220.528000000,100,1410,1215,49,0
2333,23.330275341,220.528000000,100,1410,1215,49,0
2334,23.340275149,220.528000000,100,1410,1215,49,0
2335,23.350275458,220.528000000,100,1410,1215,49,0
2336,23.360280375,220.528000000,100,1410,1215,49,0
2337,23.370280233,220.528000000,100,1410,1215,49,0
2338,23.380276003,220.528000000,100,1410,1215,49,0
2339,23.390275040,220.528000000,100,1410,1215,49,0
2340,23.400275810,220.528000000,100,1410,1215,49,0
2341,23.410307868,220.528000000,100,1410,1215,49,0
2342,23.420277700,207.192000000,100,1410,1215,50,0
2343,23.430276285,207.192000000,100,1410,1215,50,0
2344,23.440275192,207.192000000,100,1410,1215,50,0
2345,23.450275019,207.192000000,100,1410,1215,50,0
2346,23.460301998,207.192000000,100,1410,1215,50,0
2347,23.470277070,207.192000000,100,1410,1215,50,0
2348,23.480296505,207.192000000,100,1410,1215,50,0
2349,23.490275403,207.192000000,100,1410,1215,50,0
2350,23.500273478,207.192000000,100,1410,1215,50,0
2351,23.510277253,207.192000000,100,1410,1215,50,0
2352,23.520276099,221.116000000,100,1410,1215,49,0
2353,23.530275797,221.116000000,100,1410,1215,49,0
2354,23.540279302,221.116000000,100,1410,1215,49,0
2355,23.550280132,221.116000000,100,1410,1215,49,0
2356,23.560278367,221.116000000,100,1410,1215,49,0
2357,23.570277553,221.116000000,100,1410,1215,49,0
2358,23.580277692,221.116000000,100,1410,1215,49,0
2359,23.590278071,221.116000000,100,1410,1215,49,0
2360,23.600278440,221.116000000,100,1410,1215,49,0
2361,23.610278418,221.116000000,100,1410,1215,49,0
2362,23.620275711,215.702000000,100,1410,1215,49,0
2363,23.630275439,215.702000000,100,1410,1215,49,0
2364,23.640274676,215.702000000,100,1410,1215,49,0
2365,23.650272811,215.702000000,100,1410,1215,49,0
2366,23.660274252,215.702000000,100,1410,1215,49,0
2367,23.670276274,215.702000000,100,1410,1215,49,0
2368,23.680276613,215.702000000,100,1410,1215,49,0
2369,23.690275669,215.702000000,100,1410,1215,49,0
2370,23.700275086,215.702000000,100,1410,1215,49,0
2371,23.710278501,215.702000000,100,1410,1215,49,0
2372,23.720276285,220.610000000,100,1410,1215,50,0
2373,23.730282495,220.610000000,100,1410,1215,50,0
2374,23.740276362,220.610000000,100,1410,1215,50,0
2375,23.750275809,220.610000000,100,1410,1215,50,0
2376,23.760275026,220.610000000,100,1410,1215,50,0
2377,23.770278420,220.610000000,100,1410,1215,50,0
2378,23.780273008,220.610000000,100,1410,1215,50,0
2379,23.790273217,220.610000000,100,1410,1215,50,0
2380,23.800274387,220.610000000,100,1410,1215,50,0
2381,23.810273474,220.610000000,100,1410,1215,50,0
2382,23.820277099,219.365000000,100,1410,1215,49,0
2383,23.830281896,219.365000000,100,1410,1215,49,0
2384,23.840275322,219.365000000,100,1410,1215,49,0
2385,23.850276413,219.365000000,100,1410,1215,49,0
2386,23.860274677,219.365000000,100,1410,1215,49,0
2387,23.870276529,219.365000000,100,1410,1215,49,0
2388,23.880274904,219.365000000,100,1410,1215,49,0
2389,23.890276646,219.365000000,100,1410,1215,49,0
2390,23.900275793,219.365000000,100,1410,1215,49,0
2391,23.910275600,219.365000000,100,1410,1215,49,0
2392,23.920277262,208.724000000,100,1410,1215,50,0
2393,23.930276479,208.724000000,100,1410,1215,50,0
2394,23.940276427,208.724000000,100,1410,1215,50,0
2395,23.950276425,208.724000000,100,1410,1215,50,0
2396,23.960275652,208.724000000,100,1410,1215,50,0
2397,23.970276271,208.724000000,100,1410,1215,50,0
2398,23.980276710,208.724000000,100,1410,1215,50,0
2399,23.990275717,208.724000000,100,1410,1215,50,0
2400,24.000275294,208.724000000,100,1410,1215,50,0
2401,24.010276034,208.724000000,100,1410,1215,50,0
2402,24.020275501,221.212000000,100,1410,1215,50,0
2403,24.030274808,221.212000000,100,1410,1215,50,0
2404,24.040274796,221.212000000,100,1410,1215,50,0
2405,24.050276367,221.212000000,100,1410,1215,50,0
2406,24.060276446,221.212000000,100,1410,1215,50,0
2407,24.070276284,221.212000000,100,1410,1215,50,0
2408,24.080280931,221.212000000,100,1410,1215,50,0
2409,24.090274878,221.212000000,100,1410,1215,50,0
2410,24.100275978,221.212000000,100,1410,1215,50,0
2411,24.110277309,221.212000000,100,1410,1215,50,0
2412,24.120278028,212.377000000,100,1410,1215,50,0
2413,24.130275382,212.377000000,100,1410,1215,50,0
2414,24.140276201,212.377000000,100,1410,1215,50,0
2415,24.150279676,212.377000000,100,1410,1215,50,0
2416,24.160276679,212.377000000,100,1410,1215,50,0
2417,24.170276066,212.377000000,100,1410,1215,50,0
2418,24.180285742,212.377000000,100,1410,1215,50,0
2419,24.190276142,212.377000000,100,1410,1215,50,0
2420,24.200275800,212.377000000,100,1410,1215,50,0
2421,24.210275909,212.377000000,100,1410,1215,50,0
2422,24.220276267,221.597000000,100,1410,1215,50,0
2423,24.230276416,221.597000000,100,1410,1215,50,0
2424,24.240282125,221.597000000,100,1410,1215,50,0
2425,24.250275871,221.597000000,100,1410,1215,50,0
2426,24.260274627,221.597000000,100,1410,1215,50,0
2427,24.270274656,221.597000000,100,1410,1215,50,0
2428,24.280274424,221.597000000,100,1410,1215,50,0
2429,24.290274051,221.597000000,100,1410,1215,50,0
2430,24.300274350,221.597000000,100,1410,1215,50,0
2431,24.310275991,221.597000000,100,1410,1215,50,0
2432,24.320275368,218.461000000,100,1410,1215,49,0
2433,24.330275026,218.461000000,100,1410,1215,49,0
2434,24.340276767,218.461000000,100,1410,1215,49,0
2435,24.350276114,218.461000000,100,1410,1215,49,0
2436,24.360275291,218.461000000,100,1410,1215,49,0
2437,24.370275570,218.461000000,100,1410,1215,49,0
2438,24.380274757,218.461000000,100,1410,1215,49,0
2439,24.390275456,218.461000000,100,1410,1215,49,0
2440,24.400276046,218.461000000,100,1410,1215,49,0
2441,24.410275483,218.461000000,100,1410,1215,49,0
2442,24.420275501,217.589000000,100,1410,1215,49,0
2443,24.430276992,217.589000000,100,1410,1215,50,0
2444,24.440276319,217.589000000,100,1410,1215,50,0
2445,24.450276217,217.589000000,100,1410,1215,50,0
2446,24.460277678,217.589000000,100,1410,1215,50,0
2447,24.470274801,217.589000000,100,1410,1215,50,0
2448,24.480281472,217.589000000,100,1410,1215,50,0
2449,24.490277212,217.589000000,100,1410,1215,50,0
2450,24.500277711,217.589000000,100,1410,1215,50,0
2451,24.510277259,217.589000000,100,1410,1215,50,0
2452,24.520277738,220.432000000,100,1410,1215,50,0
2453,24.530277305,220.432000000,100,1410,1215,50,0
2454,24.540276291,220.432000000,100,1410,1215,50,0
2455,24.550276430,220.432000000,100,1410,1215,50,0
2456,24.560277019,220.432000000,100,1410,1215,50,0
2457,24.570280274,220.432000000,100,1410,1215,50,0
2458,24.580275202,220.432000000,100,1410,1215,50,0
2459,24.590276122,220.432000000,100,1410,1215,50,0
2460,24.600275840,220.432000000,100,1410,1215,50,0
2461,24.610280497,220.432000000,100,1410,1215,50,0
2462,24.620277720,206.615000000,100,1410,1215,50,0
2463,24.630276626,206.615000000,100,1410,1215,50,0
2464,24.640276444,206.615000000,100,1410,1215,50,0
2465,24.650277094,206.615000000,100,1410,1215,50,0
2466,24.660277553,206.615000000,100,1410,1215,50,0
2467,24.670275076,206.615000000,100,1410,1215,50,0
2468,24.680276577,206.615000000,100,1410,1215,50,0
2469,24.690276876,206.615000000,100,1410,1215,50,0
2470,24.700274721,206.615000000,100,1410,1215,50,0
2471,24.710276041,206.615000000,100,1410,1215,50,0
2472,24.720270730,221.309000000,100,1410,1215,50,0
2473,24.730282750,221.309000000,100,1410,1215,50,0
2474,24.740279593,221.309000000,100,1410,1215,50,0
2475,24.750280052,221.309000000,100,1410,1215,50,0
2476,24.760273868,221.309000000,100,1410,1215,50,0
2477,24.770273456,221.309000000,100,1410,1215,50,0
2478,24.780276179,221.309000000,100,1410,1215,50,0
2479,24.790275646,221.309000000,100,1410,1215,50,0
2480,24.800275394,221.309000000,100,1410,1215,50,0
2481,24.810276705,221.309000000,100,1410,1215,50,0
2482,24.820277344,216.202000000,100,1410,1215,50,0
2483,24.830276260,216.202000000,100,1410,1215,50,0
2484,24.840274886,216.202000000,100,1410,1215,50,0
2485,24.850276207,216.202000000,100,1410,1215,50,0
2486,24.860274772,216.202000000,100,1410,1215,50,0
2487,24.870276193,216.202000000,100,1410,1215,50,0
2488,24.880275059,216.202000000,100,1410,1215,50,0
2489,24.890276480,216.202000000,100,1410,1215,50,0
2490,24.900274966,216.202000000,100,1410,1215,50,0
2491,24.910278601,216.202000000,100,1410,1215,50,0
2492,24.920275563,216.202000000,100,1410,1215,50,0
2493,24.930274890,216.202000000,100,1410,1215,50,0
2494,24.940275520,217.398000000,100,1410,1215,50,0
2495,24.950275588,217.398000000,100,1410,1215,50,0
2496,24.960275025,217.398000000,100,1410,1215,50,0
2497,24.970275384,217.398000000,100,1410,1215,50,0
2498,24.980274982,217.398000000,100,1410,1215,50,0
2499,24.990274980,217.398000000,100,1410,1215,50,0
2500,25.000276020,217.398000000,100,1410,1215,50,0
2501,25.010275618,217.398000000,100,1410,1215,50,0
2502,25.020276558,220.212000000,100,1410,1215,50,0
2503,25.030274472,220.212000000,100,1410,1215,50,0
2504,25.040275823,220.212000000,100,1410,1215,50,0
2505,25.050275480,220.212000000,100,1410,1215,50,0
2506,25.060275438,220.212000000,100,1410,1215,50,0
2507,25.070275056,220.212000000,100,1410,1215,50,0
2508,25.080274343,220.212000000,100,1410,1215,50,0
2509,25.090275253,220.212000000,100,1410,1215,50,0
2510,25.100276553,220.212000000,100,1410,1215,50,0
2511,25.110276632,220.212000000,100,1410,1215,50,0
2512,25.120276700,204.002000000,100,1410,1215,50,0
2513,25.130276598,204.002000000,100,1410,1215,50,0
2514,25.140276206,204.002000000,100,1410,1215,50,0
2515,25.150276364,204.002000000,100,1410,1215,50,0
2516,25.160275240,204.002000000,100,1410,1215,50,0
2517,25.170275229,204.002000000,100,1410,1215,50,0
2518,25.180282811,204.002000000,100,1410,1215,50,0
2519,25.190274173,204.002000000,100,1410,1215,50,0
2520,25.200274241,204.002000000,100,1410,1215,50,0
2521,25.210276644,204.002000000,100,1410,1215,50,0
2522,25.220276031,221.123000000,100,1410,1215,50,0
2523,25.230274637,221.123000000,100,1410,1215,50,0
2524,25.240275186,221.123000000,100,1410,1215,50,0
2525,25.250275505,221.123000000,100,1410,1215,50,0
2526,25.260288538,221.123000000,100,1410,1215,50,0
2527,25.270275041,221.123000000,100,1410,1215,50,0
2528,25.280275580,221.123000000,100,1410,1215,50,0
2529,25.290274346,221.123000000,100,1410,1215,50,0
2530,25.300275647,221.123000000,100,1410,1215,50,0
2531,25.310282247,221.123000000,100,1410,1215,50,0
2532,25.320276264,214.271000000,100,1410,1215,50,0
2533,25.330275190,214.271000000,100,1410,1215,50,0
2534,25.340274838,214.271000000,100,1410,1215,50,0
2535,25.350275738,214.271000000,100,1410,1215,50,0
2536,25.360274564,214.271000000,100,1410,1215,50,0
2537,25.370275474,214.271000000,100,1410,1215,50,0
2538,25.380274811,214.271000000,100,1410,1215,50,0
2539,25.390277314,214.271000000,100,1410,1215,50,0
2540,25.400275479,214.271000000,100,1410,1215,50,0
2541,25.410276599,214.271000000,100,1410,1215,50,0
2542,25.420276287,221.871000000,100,1410,1215,50,0
2543,25.430275754,221.871000000,100,1410,1215,50,0
2544,25.440274770,221.871000000,100,1410,1215,50,0
2545,25.450275209,221.871000000,100,1410,1215,50,0
2546,25.460275869,221.871000000,100,1410,1215,50,0
2547,25.470277690,221.871000000,100,1410,1215,50,0
2548,25.480276727,221.871000000,100,1410,1215,50,0
2549,25.490275853,221.871000000,100,1410,1215,50,0
2550,25.500275802,221.871000000,100,1410,1215,50,0
2551,25.510277994,221.871000000,100,1410,1215,50,0
2552,25.520276940,219.078000000,100,1410,1215,50,0
2553,25.530286697,219.078000000,100,1410,1215,50,0
2554,25.540276456,219.078000000,100,1410,1215,50,0
2555,25.550276103,219.078000000,100,1410,1215,50,0
2556,25.560277154,219.078000000,100,1410,1215,50,0
2557,25.570276210,219.078000000,100,1410,1215,50,0
2558,25.580275787,219.078000000,100,1410,1215,50,0
2559,25.590275215,219.078000000,100,1410,1215,50,0
2560,25.600277437,219.078000000,100,1410,1215,50,0
2561,25.610275993,219.078000000,100,1410,1215,50,0
2562,25.620277403,213.037000000,100,1410,1215,50,0
2563,25.630275047,213.037000000,100,1410,1215,50,0
2564,25.640276007,213.037000000,100,1410,1215,50,0
2565,25.650276436,213.037000000,100,1410,1215,50,0
2566,25.660276585,213.037000000,100,1410,1215,50,0
2567,25.670275732,213.037000000,100,1410,1215,50,0
2568,25.680276531,213.037000000,100,1410,1215,50,0
2569,25.690277211,213.037000000,100,1410,1215,50,0
2570,25.700277720,213.037000000,100,1410,1215,50,0
2571,25.710277758,213.037000000,100,1410,1215,50,0
2572,25.720278398,221.281000000,100,1410,1215,50,0
2573,25.730280139,221.281000000,100,1410,1215,50,0
2574,25.740277382,221.281000000,100,1410,1215,50,0
2575,25.750276118,221.281000000,100,1410,1215,50,0
2576,25.760276768,221.281000000,100,1410,1215,50,0
2577,25.770291103,221.281000000,100,1410,1215,50,0
2578,25.780278016,221.281000000,100,1410,1215,50,0
2579,25.790275450,221.281000000,100,1410,1215,50,0
2580,25.800276079,221.281000000,100,1410,1215,50,0
2581,25.810276448,221.281000000,100,1410,1215,50,0
2582,25.820276657,210.047000000,100,1410,1215,50,0
2583,25.830276154,210.047000000,100,1410,1215,50,0
2584,25.840277054,210.047000000,100,1410,1215,50,0
2585,25.850274918,210.047000000,100,1410,1215,50,0
2586,25.860276439,210.047000000,100,1410,1215,50,0
2587,25.870275215,210.047000000,100,1410,1215,50,0
2588,25.880275414,210.047000000,100,1410,1215,50,0
2589,25.890275362,210.047000000,100,1410,1215,50,0
2590,25.900277664,210.047000000,100,1410,1215,50,0
2591,25.910277492,210.047000000,100,1410,1215,50,0
2592,25.920275978,221.642000000,100,1410,1215,50,0
2593,25.930275415,221.642000000,100,1410,1215,50,0
2594,25.940274942,221.642000000,100,1410,1215,50,0
2595,25.950275541,221.642000000,100,1410,1215,50,0
2596,25.960274768,221.642000000,100,1410,1215,50,0
2597,25.970275808,221.642000000,100,1410,1215,50,0
2598,25.980274504,221.642000000,100,1410,1215,50,0
2599,25.990275154,221.642000000,100,1410,1215,50,0
2600,26.000274931,221.642000000,100,1410,1215,50,0
2601,26.010274689,221.642000000,100,1410,1215,50,0
2602,26.020275429,217.487000000,100,1410,1215,50,0
2603,26.030274565,217.487000000,100,1410,1215,50,0
2604,26.040274854,217.487000000,100,1410,1215,50,0
2605,26.050274792,217.487000000,100,1410,1215,50,0
2606,26.060274951,217.487000000,100,1410,1215,50,0
2607,26.070275169,217.487000000,100,1410,1215,50,0
2608,26.080276029,217.487000000,100,1410,1215,50,0
2609,26.090275106,217.487000000,100,1410,1215,50,0
2610,26.100275845,217.487000000,100,1410,1215,50,0
2611,26.110278158,217.487000000,100,1410,1215,50,0
2612,26.120277625,220.213000000,100,1410,1215,50,0
2613,26.130276511,220.213000000,100,1410,1215,50,0
2614,26.140276249,220.213000000,100,1410,1215,50,0
2615,26.150280205,220.213000000,100,1410,1215,50,0
2616,26.160275474,220.213000000,100,1410,1215,50,0
2617,26.170276234,220.213000000,100,1410,1215,50,0
2618,26.180289527,220.213000000,100,1410,1215,50,0
2619,26.190275759,220.213000000,100,1410,1215,50,0
2620,26.200275437,220.213000000,100,1410,1215,50,0
2621,26.210275916,220.213000000,100,1410,1215,50,0
2622,26.220276375,220.516000000,100,1410,1215,50,0
2623,26.230276293,220.516000000,100,1410,1215,50,0
2624,26.240275470,220.516000000,100,1410,1215,50,0
2625,26.250275789,220.516000000,100,1410,1215,50,0
2626,26.260275677,220.516000000,100,1410,1215,50,0
2627,26.270275434,220.516000000,100,1410,1215,50,0
2628,26.280281234,220.516000000,100,1410,1215,50,0
2629,26.290274700,220.516000000,100,1410,1215,50,0
2630,26.300275058,220.516000000,100,1410,1215,50,0
2631,26.310275027,220.516000000,100,1410,1215,50,0
2632,26.320276638,203.599000000,100,1410,1215,50,0
2633,26.330274352,203.599000000,100,1410,1215,50,0
2634,26.340275783,203.599000000,100,1410,1215,50,0
2635,26.350275030,203.599000000,100,1410,1215,50,0
2636,26.360277092,203.599000000,100,1410,1215,50,0
2637,26.370275757,203.599000000,100,1410,1215,50,0
2638,26.380276096,203.599000000,100,1410,1215,50,0
2639,26.390274932,203.599000000,100,1410,1215,50,0
2640,26.400275321,203.599000000,100,1410,1215,50,0
2641,26.410275390,203.599000000,100,1410,1215,50,0
2642,26.420276580,221.698000000,100,1410,1215,50,0
2643,26.430274875,221.698000000,100,1410,1215,50,0
2644,26.440275034,221.698000000,100,1410,1215,50,0
2645,26.450275483,221.698000000,100,1410,1215,50,0
2646,26.460274950,221.698000000,100,1410,1215,50,0
2647,26.470312108,221.698000000,100,1410,1215,50,0
2648,26.480277401,221.698000000,100,1410,1215,50,0
2649,26.490277790,221.698000000,100,1410,1215,50,0
2650,26.500275845,221.698000000,100,1410,1215,50,0
2651,26.510276865,221.698000000,100,1410,1215,50,0
2652,26.520276051,214.912000000,100,1410,1215,50,0
2653,26.530275719,214.912000000,100,1410,1215,50,0
2654,26.540275547,214.912000000,100,1410,1215,50,0
2655,26.550275966,214.912000000,100,1410,1215,50,0
2656,26.560275042,214.912000000,100,1410,1215,50,0
2657,26.570276183,214.912000000,100,1410,1215,50,0
2658,26.580276812,214.912000000,100,1410,1215,50,0
2659,26.590275358,214.912000000,100,1410,1215,50,0
2660,26.600275286,214.912000000,100,1410,1215,50,0
2661,26.610278019,214.912000000,100,1410,1215,50,0
2662,26.620276074,221.611000000,100,1410,1215,50,0
2663,26.630275391,221.611000000,100,1410,1215,50,0
2664,26.640276912,221.611000000,100,1410,1215,50,0
2665,26.650276459,221.611000000,100,1410,1215,50,0
2666,26.660276738,221.611000000,100,1410,1215,50,0
2667,26.670275604,221.611000000,100,1410,1215,50,0
2668,26.680309866,221.611000000,100,1410,1215,50,0
2669,26.690277794,221.611000000,100,1410,1215,50,0
2670,26.700276280,221.611000000,100,1410,1215,50,0
2671,26.710294923,221.611000000,100,1410,1215,50,0
2672,26.720275876,219.371000000,100,1410,1215,50,0
2673,26.730276224,219.371000000,100,1410,1215,50,0
2674,26.740275521,219.371000000,100,1410,1215,50,0
2675,26.750276742,219.371000000,100,1410,1215,50,0
2676,26.760308389,219.371000000,100,1410,1215,50,0
2677,26.770279373,219.371000000,100,1410,1215,50,0
2678,26.780276556,219.371000000,100,1410,1215,50,0
2679,26.790298135,219.371000000,100,1410,1215,50,0
2680,26.800275731,219.371000000,100,1410,1215,50,0
2681,26.810275138,219.371000000,100,1410,1215,50,0
2682,26.820275066,211.096000000,100,1410,1215,50,0
2683,26.830275355,211.096000000,100,1410,1215,50,0
2684,26.840276836,211.096000000,100,1410,1215,50,0
2685,26.850276433,211.096000000,100,1410,1215,50,0
2686,26.860274859,211.096000000,100,1410,1215,50,0
2687,26.870275067,211.096000000,100,1410,1215,50,0
2688,26.880276628,211.096000000,100,1410,1215,50,0
2689,26.890275555,211.096000000,100,1410,1215,50,0
2690,26.900276865,211.096000000,100,1410,1215,50,0
2691,26.910276463,211.096000000,100,1410,1215,50,0
2692,26.920276731,221.430000000,100,1410,1215,50,0
2693,26.930275297,221.430000000,100,1410,1215,50,0
2694,26.940277459,221.430000000,100,1410,1215,50,0
2695,26.950275955,221.430000000,100,1410,1215,50,0
2696,26.960276063,221.430000000,100,1410,1215,50,0
2697,26.970276011,221.430000000,100,1410,1215,50,0
2698,26.980274787,221.430000000,100,1410,1215,50,0
2699,26.990275717,221.430000000,100,1410,1215,50,0
2700,27.000275956,221.430000000,100,1410,1215,50,0
2701,27.010275673,221.430000000,100,1410,1215,50,0
2702,27.020275631,211.386000000,100,1410,1215,50,0
2703,27.030276000,211.386000000,100,1410,1215,50,0
2704,27.040274596,211.386000000,100,1410,1215,50,0
2705,27.050276448,211.386000000,100,1410,1215,50,0
2706,27.060276786,211.386000000,100,1410,1215,50,0
2707,27.070277025,211.386000000,100,1410,1215,50,0
2708,27.080276813,211.386000000,100,1410,1215,50,0
2709,27.090276781,211.386000000,100,1410,1215,50,0
2710,27.100276098,211.386000000,100,1410,1215,50,0
2711,27.110277409,211.386000000,100,1410,1215,50,0
2712,27.120276996,221.693000000,100,1410,1215,50,0
2713,27.130275281,221.693000000,100,1410,1215,50,0
2714,27.140276171,221.693000000,100,1410,1215,50,0
2715,27.150275228,221.693000000,100,1410,1215,50,0
2716,27.160274564,221.693000000,100,1410,1215,50,0
2717,27.170274683,221.693000000,100,1410,1215,50,0
2718,27.180276204,221.693000000,100,1410,1215,50,0
2719,27.190285991,221.693000000,100,1410,1215,50,0
2720,27.200276160,221.693000000,100,1410,1215,50,0
2721,27.210276048,221.693000000,100,1410,1215,50,0
2722,27.220276738,217.680000000,100,1410,1215,50,0
2723,27.230275774,217.680000000,100,1410,1215,50,0
2724,27.240275271,217.680000000,100,1410,1215,50,0
2725,27.250275801,217.680000000,100,1410,1215,50,0
2726,27.260275398,217.680000000,100,1410,1215,50,0
2727,27.270275667,217.680000000,100,1410,1215,50,0
2728,27.280274363,217.680000000,100,1410,1215,50,0
2729,27.290275283,217.680000000,100,1410,1215,50,0
2730,27.300283286,217.680000000,100,1410,1215,50,0
2731,27.310277523,217.680000000,100,1410,1215,50,0
2732,27.320275398,219.926000000,100,1410,1215,50,0
2733,27.330275987,219.926000000,100,1410,1215,50,0
2734,27.340274623,219.926000000,100,1410,1215,50,0
2735,27.350275562,219.926000000,100,1410,1215,50,0
2736,27.360274699,219.926000000,100,1410,1215,50,0
2737,27.370274617,219.926000000,100,1410,1215,50,0
2738,27.380276399,219.926000000,100,1410,1215,50,0
2739,27.390275024,219.926000000,100,1410,1215,50,0
2740,27.400274572,219.926000000,100,1410,1215,50,0
2741,27.410275812,219.926000000,100,1410,1215,50,0
2742,27.420276211,220.925000000,100,1410,1215,50,0
2743,27.430277602,220.925000000,100,1410,1215,50,0
2744,27.440275777,220.925000000,100,1410,1215,50,0
2745,27.450276637,220.925000000,100,1410,1215,50,0
2746,27.460276224,220.925000000,100,1410,1215,50,0
2747,27.470275521,220.925000000,100,1410,1215,50,0
2748,27.480275269,220.925000000,100,1410,1215,50,0
2749,27.490276459,220.925000000,100,1410,1215,50,0
2750,27.500276517,220.925000000,100,1410,1215,50,0
2751,27.510275824,220.925000000,100,1410,1215,50,0
2752,27.520275843,206.559000000,100,1410,1215,50,0
2753,27.530275941,206.559000000,100,1410,1215,50,0
2754,27.540275458,206.559000000,100,1410,1215,50,0
2755,27.550276569,206.559000000,100,1410,1215,50,0
2756,27.560280164,206.559000000,100,1410,1215,50,0
2757,27.570275603,206.559000000,100,1410,1215,50,0
2758,27.580275461,206.559000000,100,1410,1215,50,0
2759,27.590307519,206.559000000,100,1410,1215,50,0
2760,27.600273614,206.559000000,100,1410,1215,50,0
2761,27.610273542,206.559000000,100,1410,1215,50,0
2762,27.620273661,221.870000000,100,1410,1215,50,0
2763,27.630276785,221.870000000,100,1410,1215,50,0
2764,27.640274418,221.870000000,100,1410,1215,50,0
2765,27.650274847,221.870000000,100,1410,1215,50,0
2766,27.660274756,221.870000000,100,1410,1215,50,0
2767,27.670275375,221.870000000,100,1410,1215,50,0
2768,27.680275443,221.870000000,100,1410,1215,50,0
2769,27.690275121,221.870000000,100,1410,1215,50,0
2770,27.700275470,221.870000000,100,1410,1215,50,0
2771,27.710275718,221.870000000,100,1410,1215,50,0
2772,27.720276368,216.216000000,100,1410,1215,50,0
2773,27.730275955,216.216000000,100,1410,1215,50,0
2774,27.740275743,216.216000000,100,1410,1215,50,0
2775,27.750275461,216.216000000,100,1410,1215,50,0
2776,27.760276761,216.216000000,100,1410,1215,50,0
2777,27.770276169,216.216000000,100,1410,1215,50,0
2778,27.780275816,216.216000000,100,1410,1215,50,0
2779,27.790276285,216.216000000,100,1410,1215,50,0
2780,27.800275412,216.216000000,100,1410,1215,50,0
2781,27.810284788,216.216000000,100,1410,1215,50,0
2782,27.820275618,221.021000000,100,1410,1215,50,0
2783,27.830275957,221.021000000,100,1410,1215,50,0
2784,27.840274463,221.021000000,100,1410,1215,50,0
2785,27.850275683,221.021000000,100,1410,1215,50,0
2786,27.860274970,221.021000000,100,1410,1215,50,0
2787,27.870275489,221.021000000,100,1410,1215,50,0
2788,27.880274095,221.021000000,100,1410,1215,50,0
2789,27.890275676,221.021000000,100,1410,1215,50,0
2790,27.900274883,221.021000000,100,1410,1215,50,0
2791,27.910275582,221.021000000,100,1410,1215,50,0
2792,27.920274999,220.311000000,100,1410,1215,50,0
2793,27.930277983,220.311000000,100,1410,1215,50,0
2794,27.940277170,220.311000000,100,1410,1215,50,0
2795,27.950275525,220.311000000,100,1410,1215,50,0
2796,27.960277667,220.311000000,100,1410,1215,50,0
2797,27.970281873,220.311000000,100,1410,1215,50,0
2798,27.980277744,220.311000000,100,1410,1215,50,0
2799,27.990278393,220.311000000,100,1410,1215,50,0
2800,28.000277760,220.311000000,100,1410,1215,50,0
2801,28.010277829,220.311000000,100,1410,1215,50,0
2802,28.020278097,209.463000000,100,1410,1215,50,0
2803,28.030278967,209.463000000,100,1410,1215,50,0
2804,28.040280408,209.463000000,100,1410,1215,50,0
2805,28.050280306,209.463000000,100,1410,1215,50,0
2806,28.060278942,209.463000000,100,1410,1215,50,0
2807,28.070277998,209.463000000,100,1410,1215,50,0
2808,28.080258319,209.463000000,100,1410,1215,50,0
2809,28.090277674,209.463000000,100,1410,1215,50,0
2810,28.100289905,209.463000000,100,1410,1215,50,0
2811,28.110286687,209.463000000,100,1410,1215,50,0
2812,28.120279542,221.361000000,100,1410,1215,50,0
2813,28.130277276,221.361000000,100,1410,1215,50,0
2814,28.140275270,221.361000000,100,1410,1215,50,0
2815,28.150280629,221.361000000,100,1410,1215,50,0
2816,28.160278693,221.361000000,100,1410,1215,50,0
2817,28.170279393,221.361000000,100,1410,1215,50,0
2818,28.180277327,221.361000000,100,1410,1215,50,0
2819,28.190304677,221.361000000,100,1410,1215,50,0
2820,28.200279888,221.361000000,100,1410,1215,50,0
2821,28.210278434,221.361000000,100,1410,1215,50,0
2822,28.220278973,212.147000000,100,1410,1215,50,0
2823,28.230279131,212.147000000,100,1410,1215,50,0
2824,28.240303405,212.147000000,100,1410,1215,50,0
2825,28.250289107,212.147000000,100,1410,1215,50,0
2826,28.260298803,212.147000000,100,1410,1215,50,0
2827,28.270302037,212.147000000,100,1410,1215,50,0
2828,28.280287578,212.147000000,100,1410,1215,50,0
2829,28.290275855,212.147000000,100,1410,1215,50,0
2830,28.300288356,212.147000000,100,1410,1215,50,0
2831,28.310279458,212.147000000,100,1410,1215,50,0
2832,28.320277172,222.100000000,100,1410,1215,50,0
2833,28.330287810,222.100000000,100,1410,1215,50,0
2834,28.340280194,222.100000000,100,1410,1215,50,0
2835,28.350275994,222.100000000,100,1410,1215,50,0
2836,28.360294787,222.100000000,100,1410,1215,50,0
2837,28.370276581,222.100000000,100,1410,1215,50,0
2838,28.380276389,222.100000000,100,1410,1215,50,0
2839,28.390276297,222.100000000,100,1410,1215,50,0
2840,28.400274803,222.100000000,100,1410,1215,50,0
2841,28.410283928,222.100000000,100,1410,1215,50,0
2842,28.420276542,218.731000000,100,1410,1215,50,0
2843,28.430277432,218.731000000,100,1410,1215,50,0
2844,28.440276509,218.731000000,100,1410,1215,50,0
2845,28.450275635,218.731000000,100,1410,1215,50,0
2846,28.460283909,218.731000000,100,1410,1215,50,0
2847,28.470276353,218.731000000,100,1410,1215,50,0
2848,28.480276882,218.731000000,100,1410,1215,50,0
2849,28.490276119,218.731000000,100,1410,1215,50,0
2850,28.500274835,218.731000000,100,1410,1215,50,0
2851,28.510280464,218.731000000,100,1410,1215,50,0
2852,28.520276264,218.429000000,100,1410,1215,50,0
2853,28.530276092,218.429000000,100,1410,1215,50,0
2854,28.540278084,218.429000000,100,1410,1215,50,0
2855,28.550275908,218.429000000,100,1410,1215,50,0
2856,28.560281637,218.429000000,100,1410,1215,50,0
2857,28.570275824,218.429000000,100,1410,1215,50,0
2858,28.580276323,218.429000000,100,1410,1215,50,0
2859,28.590275510,218.429000000,100,1410,1215,50,0
2860,28.600275969,218.429000000,100,1410,1215,50,0
2861,28.610280115,218.429000000,100,1410,1215,50,0
2862,28.620274653,221.066000000,100,1410,1215,50,0
2863,28.630277707,221.066000000,100,1410,1215,50,0
2864,28.640274750,221.066000000,100,1410,1215,50,0
2865,28.650275700,221.066000000,100,1410,1215,50,0
2866,28.660279836,221.066000000,100,1410,1215,50,0
2867,28.670274965,221.066000000,100,1410,1215,50,0
2868,28.680275945,221.066000000,100,1410,1215,50,0
2869,28.690275833,221.066000000,100,1410,1215,50,0
2870,28.700275320,221.066000000,100,1410,1215,50,0
2871,28.710308911,221.066000000,100,1410,1215,50,0
2872,28.720278212,207.539000000,100,1410,1215,50,0
2873,28.730275415,207.539000000,100,1410,1215,50,0
2874,28.740275704,207.539000000,100,1410,1215,50,0
2875,28.750275842,207.539000000,100,1410,1215,50,0
2876,28.760276411,207.539000000,100,1410,1215,50,0
2877,28.770276059,207.539000000,100,1410,1215,50,0
2878,28.780276027,207.539000000,100,1410,1215,50,0
2879,28.790276296,207.539000000,100,1410,1215,50,0
2880,28.800281534,207.539000000,100,1410,1215,50,0
2881,28.810276723,207.539000000,100,1410,1215,50,0
2882,28.820281229,221.750000000,100,1410,1215,50,0
2883,28.830277781,221.750000000,100,1410,1215,50,0
2884,28.840276216,221.750000000,100,1410,1215,50,0
2885,28.850275603,221.750000000,100,1410,1215,50,0
2886,28.860276243,221.750000000,100,1410,1215,50,0
2887,28.870280198,221.750000000,100,1410,1215,50,0
2888,28.880274756,221.750000000,100,1410,1215,50,0
2889,28.890275636,221.750000000,100,1410,1215,50,0
2890,28.900282998,221.750000000,100,1410,1215,50,0
2891,28.910278007,221.750000000,100,1410,1215,50,0
2892,28.920280460,216.624000000,100,1410,1215,50,0
2893,28.930274246,216.624000000,100,1410,1215,50,0
2894,28.940285035,216.624000000,100,1410,1215,50,0
2895,28.950281196,216.624000000,100,1410,1215,50,0
2896,28.960274812,216.624000000,100,1410,1215,50,0
2897,28.970283026,216.624000000,100,1410,1215,50,0
2898,28.980297641,216.624000000,100,1410,1215,50,0
2899,28.990282611,216.624000000,100,1410,1215,50,0
2900,29.000276057,216.624000000,100,1410,1215,50,0
2901,29.010289490,216.624000000,100,1410,1215,50,0
2902,29.020390989,221.066000000,100,1410,1215,50,0
2903,29.030276643,221.066000000,100,1410,1215,50,0
2904,29.040276751,221.066000000,100,1410,1215,50,0
2905,29.050277931,221.066000000,100,1410,1215,50,0
2906,29.060277699,221.066000000,100,1410,1215,50,0
2907,29.070276064,221.066000000,100,1410,1215,50,0
2908,29.080276704,221.066000000,100,1410,1215,50,0
2909,29.090275069,221.066000000,100,1410,1215,50,0
2910,29.100275959,221.066000000,100,1410,1215,50,0
2911,29.110276057,221.066000000,100,1410,1215,50,0
2912,29.120276686,220.190000000,100,1410,1215,50,0
2913,29.130275643,220.190000000,100,1410,1215,50,0
2914,29.140279348,220.190000000,100,1410,1215,50,0
2915,29.150275880,220.190000000,100,1410,1215,50,0
2916,29.160275216,220.190000000,100,1410,1215,50,0
2917,29.170276527,220.190000000,100,1410,1215,50,0
2918,29.180275333,220.190000000,100,1410,1215,50,0
2919,29.190275662,220.190000000,100,1410,1215,50,0
2920,29.200333649,220.190000000,100,1410,1215,50,0
2921,29.210277722,220.190000000,100,1410,1215,50,0
2922,29.220278211,205.504000000,100,1410,1215,50,0
2923,29.230276316,205.504000000,100,1410,1215,50,0
2924,29.240275563,205.504000000,100,1410,1215,50,0
2925,29.250276863,205.504000000,100,1410,1215,50,0
2926,29.260274948,205.504000000,100,1410,1215,50,0
2927,29.270275958,205.504000000,100,1410,1215,50,0
2928,29.280276297,205.504000000,100,1410,1215,50,0
2929,29.290275724,205.504000000,100,1410,1215,50,0
2930,29.300275942,205.504000000,100,1410,1215,50,0
2931,29.310276502,205.504000000,100,1410,1215,50,0
2932,29.320276580,221.845000000,100,1410,1215,50,0
2933,29.330278762,221.845000000,100,1410,1215,50,0
2934,29.340277328,221.845000000,100,1410,1215,50,0
2935,29.350296602,221.845000000,100,1410,1215,50,0
2936,29.360282424,221.845000000,100,1410,1215,50,0
2937,29.370281731,221.845000000,100,1410,1215,50,0
2938,29.380286979,221.845000000,100,1410,1215,50,0
2939,29.390293729,221.845000000,100,1410,1215,50,0
2940,29.400278098,221.845000000,100,1410,1215,50,0
2941,29.410278557,221.845000000,100,1410,1215,50,0
2942,29.420283685,213.705000000,100,1410,1215,50,0
2943,29.430308620,213.705000000,100,1410,1215,50,0
2944,29.440281958,213.705000000,100,1410,1215,50,0
2945,29.450283980,213.705000000,100,1410,1215,50,0
2946,29.460276384,213.705000000,100,1410,1215,50,0
2947,29.470288676,213.705000000,100,1410,1215,50,0
2948,29.480284987,213.705000000,100,1410,1215,50,0
2949,29.490279144,213.705000000,100,1410,1215,50,0
2950,29.500275566,213.705000000,100,1410,1215,50,0
2951,29.510276485,213.705000000,100,1410,1215,50,0
2952,29.520279239,222.074000000,100,1410,1215,50,0
2953,29.530275600,222.074000000,100,1410,1215,50,0
2954,29.540275308,222.074000000,100,1410,1215,50,0
2955,29.550275366,222.074000000,100,1410,1215,50,0
2956,29.560277158,222.074000000,100,1410,1215,50,0
2957,29.570275443,222.074000000,100,1410,1215,50,0
2958,29.580275240,222.074000000,100,1410,1215,50,0
2959,29.590275088,222.074000000,100,1410,1215,50,0
2960,29.600297679,222.074000000,100,1410,1215,50,0
2961,29.610277058,222.074000000,100,1410,1215,50,0
2962,29.620277527,219.026000000,100,1410,1215,50,0
2963,29.630275873,219.026000000,100,1410,1215,50,0
2964,29.640277083,219.026000000,100,1410,1215,50,0
2965,29.650275739,219.026000000,100,1410,1215,50,0
2966,29.660276158,219.026000000,100,1410,1215,50,0
2967,29.670276506,219.026000000,100,1410,1215,50,0
2968,29.680297213,219.026000000,100,1410,1215,50,0
2969,29.690280991,219.026000000,100,1410,1215,50,0
2970,29.700277934,219.026000000,100,1410,1215,50,0
2971,29.710279885,219.026000000,100,1410,1215,50,0
2972,29.720277048,216.694000000,100,1410,1215,50,0
2973,29.730275744,216.694000000,100,1410,1215,50,0
2974,29.740275782,216.694000000,100,1410,1215,50,0
2975,29.750275991,216.694000000,100,1410,1215,50,0
2976,29.760356350,216.694000000,100,1410,1215,50,0
2977,29.770279173,216.694000000,100,1410,1215,50,0
2978,29.780276446,216.694000000,100,1410,1215,50,0
2979,29.790277787,216.694000000,100,1410,1215,50,0
2980,29.800275571,216.694000000,100,1410,1215,50,0
2981,29.810276711,216.694000000,100,1410,1215,50,0
2982,29.820276739,221.524000000,100,1410,1215,50,0
2983,29.830277239,221.524000000,100,1410,1215,50,0
2984,29.840275994,221.524000000,100,1410,1215,50,0
2985,29.850276133,221.524000000,100,1410,1215,50,0
2986,29.860311207,221.524000000,100,1410,1215,50,0
2987,29.870276380,221.524000000,100,1410,1215,50,0
2988,29.880285655,221.524000000,100,1410,1215,50,0
2989,29.890274242,221.524000000,100,1410,1215,50,0
2990,29.900274761,221.524000000,100,1410,1215,50,0
2991,29.910276062,221.524000000,100,1410,1215,50,0
2992,29.920278855,210.359000000,100,1410,1215,50,0
2993,29.930276118,210.359000000,100,1410,1215,50,0
2994,29.940277980,210.359000000,100,1410,1215,50,0
2995,29.950274942,210.359000000,100,1410,1215,50,0
2996,29.960303364,210.359000000,100,1410,1215,50,0
2997,29.970308752,210.359000000,100,1410,1215,50,0
2998,29.980279045,210.359000000,100,1410,1215,50,0
2999,29.990275346,210.359000000,100,1410,1215,50,0
3000,30.000277929,210.359000000,100,1410,1215,50,0
3001,30.010277156,210.359000000,100,1410,1215,50,0
3002,30.020276332,222.216000000,100,1410,1215,50,0
3003,30.030275920,222.216000000,100,1410,1215,50,0
3004,30.040275878,222.216000000,100,1410,1215,50,0
3005,30.050276106,222.216000000,100,1410,1215,50,0
3006,30.060276345,222.216000000,100,1410,1215,50,0
3007,30.070289287,222.216000000,100,1410,1215,50,0
3008,30.080294706,222.216000000,100,1410,1215,50,0
3009,30.090276871,222.216000000,100,1410,1215,50,0
3010,30.100277249,222.216000000,100,1410,1215,50,0
3011,30.110275915,222.216000000,100,1410,1215,50,0
3012,30.120279239,217.344000000,100,1410,1215,50,0
3013,30.130277474,217.344000000,100,1410,1215,50,0
3014,30.140306607,217.344000000,100,1410,1215,50,0
3015,30.150277401,217.344000000,100,1410,1215,50,0
3016,30.160278110,217.344000000,100,1410,1215,50,0
3017,30.170274962,217.344000000,100,1410,1215,50,0
3018,30.180273798,217.344000000,100,1410,1215,50,0
3019,30.190274788,217.344000000,100,1410,1215,50,0
3020,30.200290476,217.344000000,100,1410,1215,50,0
3021,30.210278502,217.344000000,100,1410,1215,50,0
3022,30.220276356,220.683000000,100,1410,1215,50,0
3023,30.230276484,220.683000000,100,1410,1215,50,0
3024,30.240278807,220.683000000,100,1410,1215,50,0
3025,30.250276551,220.683000000,100,1410,1215,50,0
3026,30.260274615,220.683000000,100,1410,1215,50,0
3027,30.270280264,220.683000000,100,1410,1215,50,0
3028,30.280277728,220.683000000,100,1410,1215,50,0
3029,30.290276013,220.683000000,100,1410,1215,50,0
3030,30.300275139,220.683000000,100,1410,1215,50,0
3031,30.310276920,220.683000000,100,1410,1215,50,0
3032,30.320276839,220.847000000,100,1410,1215,50,0
3033,30.330275825,220.847000000,100,1410,1215,50,0
3034,30.340276274,220.847000000,100,1410,1215,50,0
3035,30.350275310,220.847000000,100,1410,1215,50,0
3036,30.360275158,220.847000000,100,1410,1215,50,0
3037,30.370275667,220.847000000,100,1410,1215,50,0
3038,30.380275685,220.847000000,100,1410,1215,50,0
3039,30.390275874,220.847000000,100,1410,1215,50,0
3040,30.400275061,220.847000000,100,1410,1215,50,0
3041,30.410276451,220.847000000,100,1410,1215,50,0
3042,30.420276069,202.394000000,100,1410,1215,50,0
3043,30.430276929,202.394000000,100,1410,1215,50,0
3044,30.440325258,202.394000000,100,1410,1215,50,0
3045,30.450277586,202.394000000,100,1410,1215,50,0
3046,30.460276442,202.394000000,100,1410,1215,50,0
3047,30.470276230,202.394000000,100,1410,1215,50,0
3048,30.480275677,202.394000000,100,1410,1215,50,0
3049,30.490276567,202.394000000,100,1410,1215,50,0
3050,30.500276715,202.394000000,100,1410,1215,50,0
3051,30.510275852,202.394000000,100,1410,1215,50,0
3052,30.520276061,222.241000000,100,1410,1215,50,0
3053,30.530275838,222.241000000,100,1410,1215,50,0
3054,30.540275987,222.241000000,100,1410,1215,50,0
3055,30.550275805,222.241000000,100,1410,1215,50,0
3056,30.560279079,222.241000000,100,1410,1215,50,0
3057,30.570277224,222.241000000,100,1410,1215,50,0
3058,30.580277543,222.241000000,100,1410,1215,50,0
3059,30.590277380,222.241000000,100,1410,1215,50,0
3060,30.600276206,222.241000000,100,1410,1215,50,0
3061,30.610278258,222.241000000,100,1410,1215,50,0
3062,30.620275962,214.494000000,100,1410,1215,50,0
3063,30.630275910,214.494000000,100,1410,1215,50,0
3064,30.640276199,214.494000000,100,1410,1215,50,0
3065,30.650277269,214.494000000,100,1410,1215,50,0
3066,30.660467454,214.494000000,100,1410,1215,50,0
3067,30.670279490,214.494000000,100,1410,1215,50,0
3068,30.680273968,214.494000000,100,1410,1215,50,0
3069,30.690277001,214.494000000,100,1410,1215,50,0
3070,30.700276960,214.494000000,100,1410,1215,50,0
3071,30.710275695,214.494000000,100,1410,1215,50,0
3072,30.720278419,222.530000000,100,1410,1215,50,0
3073,30.730278257,222.530000000,100,1410,1215,50,0
3074,30.740275760,222.530000000,100,1410,1215,50,0
3075,30.750283763,222.530000000,100,1410,1215,50,0
3076,30.760345928,222.530000000,100,1410,1215,50,0
3077,30.770281646,222.530000000,100,1410,1215,50,0
3078,30.780282726,222.530000000,100,1410,1215,50,0
3079,30.790276993,222.530000000,100,1410,1215,50,0
3080,30.800275819,222.530000000,100,1410,1215,50,0
3081,30.810275016,222.530000000,100,1410,1215,50,0
3082,30.820280614,219.333000000,100,1410,1215,50,0
3083,30.830276164,219.333000000,100,1410,1215,50,0
3084,30.840274509,219.333000000,100,1410,1215,50,0
3085,30.850275199,219.333000000,100,1410,1215,50,0
3086,30.860275487,219.333000000,100,1410,1215,50,0
3087,30.870275436,219.333000000,100,1410,1215,50,0
3088,30.880274642,219.333000000,100,1410,1215,50,0
3089,30.890275332,219.333000000,100,1410,1215,50,0
3090,30.900274909,219.333000000,100,1410,1215,50,0
3091,30.910275589,219.333000000,100,1410,1215,50,0
3092,30.920274955,214.457000000,100,1410,1215,50,0
3093,30.930274703,214.457000000,100,1410,1215,50,0
3094,30.940275924,214.457000000,100,1410,1215,50,0
3095,30.950274780,214.457000000,100,1410,1215,50,0
3096,30.960275700,214.457000000,100,1410,1215,50,0
3097,30.970276209,214.457000000,100,1410,1215,50,0
3098,30.980274754,214.457000000,100,1410,1215,50,0
3099,30.990274141,214.457000000,100,1410,1215,50,0
3100,31.000274881,214.457000000,100,1410,1215,50,0
3101,31.010275079,214.457000000,100,1410,1215,50,0
3102,31.020274937,221.986000000,100,1410,1215,50,0
3103,31.030275236,221.986000000,100,1410,1215,50,0
3104,31.040275394,221.986000000,100,1410,1215,50,0
3105,31.050276895,221.986000000,100,1410,1215,50,0
3106,31.060274870,221.986000000,100,1410,1215,50,0
3107,31.070274096,221.986000000,100,1410,1215,50,0
3108,31.080274065,221.986000000,100,1410,1215,50,0
3109,31.090287708,221.986000000,100,1410,1215,50,0
3110,31.100276365,221.986000000,100,1410,1215,50,0
3111,31.110275171,221.986000000,100,1410,1215,50,0
3112,31.120275791,210.859000000,100,1410,1215,50,0
3113,31.130356520,210.859000000,100,1410,1215,50,0
3114,31.140276007,210.859000000,100,1410,1215,50,0
3115,31.150275925,210.859000000,100,1410,1215,50,0
3116,31.160275873,210.859000000,100,1410,1215,50,0
3117,31.170274439,210.859000000,100,1410,1215,50,0
3118,31.180274407,210.859000000,100,1410,1215,50,0
3119,31.190275427,210.859000000,100,1410,1215,50,0
3120,31.200276337,210.859000000,100,1410,1215,50,0
3121,31.210275694,210.859000000,100,1410,1215,50,0
3122,31.220275972,222.312000000,100,1410,1215,50,0
3123,31.230276181,222.312000000,100,1410,1215,51,0
3124,31.240275047,222.312000000,100,1410,1215,51,0
3125,31.250275376,222.312000000,100,1410,1215,51,0
3126,31.260275955,222.312000000,100,1410,1215,51,0
3127,31.270276114,222.312000000,100,1410,1215,51,0
3128,31.280280871,222.312000000,100,1410,1215,51,0
3129,31.290278264,222.312000000,100,1410,1215,51,0
3130,31.300293591,222.312000000,100,1410,1215,51,0
3131,31.310277449,222.312000000,100,1410,1215,51,0
3132,31.320276966,217.967000000,100,1410,1215,51,0
3133,31.330277084,217.967000000,100,1410,1215,50,0
3134,31.340275550,217.967000000,100,1410,1215,50,0
3135,31.350276750,217.967000000,100,1410,1215,50,0
3136,31.360276027,217.967000000,100,1410,1215,50,0
3137,31.370275895,217.967000000,100,1410,1215,50,0
3138,31.380275833,217.967000000,100,1410,1215,50,0
3139,31.390274749,217.967000000,100,1410,1215,50,0
3140,31.400278414,217.967000000,100,1410,1215,50,0
3141,31.410275687,217.967000000,100,1410,1215,50,0
3142,31.420276046,217.967000000,100,1410,1215,50,0
3143,31.430275473,220.567000000,100,1410,1215,50,0
3144,31.440274960,220.567000000,100,1410,1215,50,0
3145,31.450275850,220.567000000,100,1410,1215,50,0
3146,31.460274876,220.567000000,100,1410,1215,50,0
3147,31.470307496,220.567000000,100,1410,1215,50,0
3148,31.480276876,220.567000000,100,1410,1215,50,0
3149,31.490274851,220.567000000,100,1410,1215,50,0
3150,31.500275079,220.567000000,100,1410,1215,50,0
3151,31.510275599,220.567000000,100,1410,1215,50,0
3152,31.520275487,220.976000000,100,1410,1215,51,0
3153,31.530274823,220.976000000,100,1410,1215,51,0
3154,31.540274982,220.976000000,100,1410,1215,51,0
3155,31.550279899,220.976000000,100,1410,1215,51,0
3156,31.560275529,220.976000000,100,1410,1215,51,0
3157,31.570275227,220.976000000,100,1410,1215,51,0
3158,31.580275145,220.976000000,100,1410,1215,51,0
3159,31.590276155,220.976000000,100,1410,1215,51,0
3160,31.600279419,220.976000000,100,1410,1215,51,0
3161,31.610275971,220.976000000,100,1410,1215,51,0
3162,31.620275198,205.271000000,100,1410,1215,51,0
3163,31.630276418,205.271000000,100,1410,1215,51,0
3164,31.640275324,205.271000000,100,1410,1215,51,0
3165,31.650276434,205.271000000,100,1410,1215,51,0
3166,31.660282765,205.271000000,100,1410,1215,51,0
3167,31.670273696,205.271000000,100,1410,1215,51,0
3168,31.680273283,205.271000000,100,1410,1215,51,0
3169,31.690273061,205.271000000,100,1410,1215,51,0
3170,31.700282106,205.271000000,100,1410,1215,51,0
3171,31.710274500,205.271000000,100,1410,1215,51,0
3172,31.720276642,222.197000000,100,1410,1215,51,0
3173,31.730277592,222.197000000,100,1410,1215,51,0
3174,31.740275727,222.197000000,100,1410,1215,51,0
3175,31.750275655,222.197000000,100,1410,1215,51,0
3176,31.760276174,222.197000000,100,1410,1215,51,0
3177,31.770274860,222.197000000,100,1410,1215,51,0
3178,31.780274467,222.197000000,100,1410,1215,51,0
3179,31.790277591,222.197000000,100,1410,1215,51,0
3180,31.800275836,222.197000000,100,1410,1215,51,0
3181,31.810277106,222.197000000,100,1410,1215,51,0
3182,31.820276594,214.950000000,100,1410,1215,51,0
3183,31.830275740,214.950000000,100,1410,1215,50,0
3184,31.840275828,214.950000000,100,1410,1215,50,0
3185,31.850276147,214.950000000,100,1410,1215,50,0
3186,31.860280694,214.950000000,100,1410,1215,50,0
3187,31.870275662,214.950000000,100,1410,1215,50,0
3188,31.880274158,214.950000000,100,1410,1215,50,0
3189,31.890274547,214.950000000,100,1410,1215,50,0
3190,31.900275136,214.950000000,100,1410,1215,50,0
3191,31.910275084,214.950000000,100,1410,1215,50,0
3192,31.920275463,221.852000000,100,1410,1215,51,0
3193,31.930274880,221.852000000,100,1410,1215,51,0
3194,31.940275309,221.852000000,100,1410,1215,51,0
3195,31.950275017,221.852000000,100,1410,1215,51,0
3196,31.960274544,221.852000000,100,1410,1215,51,0
3197,31.970275474,221.852000000,100,1410,1215,51,0
3198,31.980275702,221.852000000,100,1410,1215,51,0
3199,31.990275199,221.852000000,100,1410,1215,51,0
3200,32.000275288,221.852000000,100,1410,1215,51,0
3201,32.010275366,221.852000000,100,1410,1215,51,0
3202,32.020275144,219.690000000,100,1410,1215,51,0
3203,32.030275954,219.690000000,100,1410,1215,51,0
3204,32.040275471,219.690000000,100,1410,1215,51,0
3205,32.050275379,219.690000000,100,1410,1215,51,0
3206,32.060274986,219.690000000,100,1410,1215,51,0
3207,32.070275575,219.690000000,100,1410,1215,51,0
3208,32.080275494,219.690000000,100,1410,1215,51,0
3209,32.090275632,219.690000000,100,1410,1215,51,0
3210,32.100280449,219.690000000,100,1410,1215,51,0
3211,32.110277361,219.690000000,100,1410,1215,51,0
3212,32.120276979,211.996000000,100,1410,1215,51,0
3213,32.130276175,211.996000000,100,1410,1215,51,0
3214,32.140276565,211.996000000,100,1410,1215,51,0
3215,32.150275711,211.996000000,100,1410,1215,51,0
3216,32.160276751,211.996000000,100,1410,1215,51,0
3217,32.170275928,211.996000000,100,1410,1215,51,0
3218,32.180274784,211.996000000,100,1410,1215,51,0
3219,32.190275293,211.996000000,100,1410,1215,51,0
3220,32.200281994,211.996000000,100,1410,1215,51,0
3221,32.210276501,211.996000000,100,1410,1215,51,0
3222,32.220276389,221.896000000,100,1410,1215,51,0
3223,32.230275876,221.896000000,100,1410,1215,51,0
3224,32.240274552,221.896000000,100,1410,1215,51,0
3225,32.250275472,221.896000000,100,1410,1215,51,0
3226,32.260275500,221.896000000,100,1410,1215,51,0
3227,32.270274577,221.896000000,100,1410,1215,51,0
3228,32.280275807,221.896000000,100,1410,1215,51,0
3229,32.290276276,221.896000000,100,1410,1215,51,0
3230,32.300276014,221.896000000,100,1410,1215,51,0
3231,32.310280721,221.896000000,100,1410,1215,51,0
3232,32.320276361,211.992000000,100,1410,1215,51,0
3233,32.330275317,211.992000000,100,1410,1215,51,0
3234,32.340275946,211.992000000,100,1410,1215,51,0
3235,32.350276335,211.992000000,100,1410,1215,51,0
3236,32.360276093,211.992000000,100,1410,1215,51,0
3237,32.370275340,211.992000000,100,1410,1215,51,0
3238,32.380279906,211.992000000,100,1410,1215,51,0
3239,32.390276288,211.992000000,100,1410,1215,51,0
3240,32.400275885,211.992000000,100,1410,1215,51,0
3241,32.410276064,211.992000000,100,1410,1215,51,0
3242,32.420276693,222.388000000,100,1410,1215,51,0
3243,32.430275960,222.388000000,100,1410,1215,51,0
3244,32.440280376,222.388000000,100,1410,1215,51,0
3245,32.450276908,222.388000000,100,1410,1215,51,0
3246,32.460276205,222.388000000,100,1410,1215,51,0
3247,32.470275642,222.388000000,100,1410,1215,51,0
3248,32.480276371,222.388000000,100,1410,1215,51,0
3249,32.490276139,222.388000000,100,1410,1215,51,0
3250,32.500276398,222.388000000,100,1410,1215,51,0
3251,32.510275424,222.388000000,100,1410,1215,51,0
3252,32.520276394,218.680000000,100,1410,1215,51,0
3253,32.530275160,218.680000000,100,1410,1215,51,0
3254,32.540278614,218.680000000,100,1410,1215,51,0
3255,32.550275647,218.680000000,100,1410,1215,51,0
3256,32.560275745,218.680000000,100,1410,1215,51,0
3257,32.570275193,218.680000000,100,1410,1215,51,0
3258,32.580279489,218.680000000,100,1410,1215,51,0
3259,32.590275950,218.680000000,100,1410,1215,51,0
3260,32.600275197,218.680000000,100,1410,1215,51,0
3261,32.610276658,218.680000000,100,1410,1215,51,0
3262,32.620276836,220.733000000,100,1410,1215,51,0
3263,32.630276805,220.733000000,100,1410,1215,51,0
3264,32.640278416,220.733000000,100,1410,1215,51,0
3265,32.650278404,220.733000000,100,1410,1215,51,0
3266,32.660272671,220.733000000,100,1410,1215,51,0
3267,32.670275204,220.733000000,100,1410,1215,51,0
3268,32.680275343,220.733000000,100,1410,1215,51,0
3269,32.690275992,220.733000000,100,1410,1215,51,0
3270,32.700274888,220.733000000,100,1410,1215,51,0
3271,32.710276499,220.733000000,100,1410,1215,51,0
3272,32.720277700,221.404000000,100,1410,1215,51,0
3273,32.730276776,221.404000000,100,1410,1215,51,0
3274,32.740276223,221.404000000,100,1410,1215,51,0
3275,32.750276772,221.404000000,100,1410,1215,51,0
3276,32.760275718,221.404000000,100,1410,1215,51,0
3277,32.770279664,221.404000000,100,1410,1215,51,0
3278,32.780280454,221.404000000,100,1410,1215,51,0
3279,32.790275743,221.404000000,100,1410,1215,51,0
3280,32.800275801,221.404000000,100,1410,1215,51,0
3281,32.810275909,221.404000000,100,1410,1215,51,0
3282,32.820276689,205.195000000,100,1410,1215,51,0
3283,32.830276467,205.195000000,100,1410,1215,51,0
3284,32.840275694,205.195000000,100,1410,1215,51,0
3285,32.850276223,205.195000000,100,1410,1215,51,0
3286,32.860276000,205.195000000,100,1410,1215,51,0
3287,32.870310663,205.195000000,100,1410,1215,51,0
3288,32.880278261,205.195000000,100,1410,1215,51,0
3289,32.890276626,205.195000000,100,1410,1215,51,0
3290,32.900276584,205.195000000,100,1410,1215,51,0
3291,32.910277404,205.195000000,100,1410,1215,51,0
3292,32.920277001,222.293000000,100,1410,1215,51,0
3293,32.930275607,222.293000000,100,1410,1215,51,0
3294,32.940275845,222.293000000,100,1410,1215,51,0
3295,32.950275493,222.293000000,100,1410,1215,51,0
3296,32.960275351,222.293000000,100,1410,1215,51,0
3297,32.970274898,222.293000000,100,1410,1215,51,0
3298,32.980275597,222.293000000,100,1410,1215,51,0
3299,32.990275445,222.293000000,100,1410,1215,51,0
3300,33.000275864,222.293000000,100,1410,1215,51,0
3301,33.010276333,222.293000000,100,1410,1215,51,0
3302,33.020281922,215.817000000,100,1410,1215,51,0
3303,33.030279746,215.817000000,100,1410,1215,51,0
3304,33.040274264,215.817000000,100,1410,1215,51,0
3305,33.050272959,215.817000000,100,1410,1215,51,0
3306,33.060275562,215.817000000,100,1410,1215,51,0
3307,33.070275701,215.817000000,100,1410,1215,51,0
3308,33.080274757,215.817000000,100,1410,1215,51,0
3309,33.090274806,215.817000000,100,1410,1215,51,0
3310,33.100276246,215.817000000,100,1410,1215,51,0
3311,33.110275854,215.817000000,100,1410,1215,51,0
3312,33.120277725,222.025000000,100,1410,1215,51,0
3313,33.130274788,222.025000000,100,1410,1215,51,0
3314,33.140275237,222.025000000,100,1410,1215,51,0
3315,33.150274013,222.025000000,100,1410,1215,51,0
3316,33.160276055,222.025000000,100,1410,1215,51,0
3317,33.170275732,222.025000000,100,1410,1215,51,0
3318,33.180276332,222.025000000,100,1410,1215,51,0
3319,33.190343436,222.025000000,100,1410,1215,51,0
3320,33.200277751,222.025000000,100,1410,1215,51,0
3321,33.210278099,222.025000000,100,1410,1215,51,0
3322,33.220276675,220.239000000,100,1410,1215,51,0
3323,33.230276252,220.239000000,100,1410,1215,51,0
3324,33.240274928,220.239000000,100,1410,1215,51,0
3325,33.250275727,220.239000000,100,1410,1215,51,0
3326,33.260275054,220.239000000,100,1410,1215,51,0
3327,33.270277688,220.239000000,100,1410,1215,51,0
3328,33.280277095,220.239000000,100,1410,1215,51,0
3329,33.290276071,220.239000000,100,1410,1215,51,0
3330,33.300273885,220.239000000,100,1410,1215,51,0
3331,33.310274264,220.239000000,100,1410,1215,51,0
3332,33.320274442,211.998000000,100,1410,1215,51,0
3333,33.330278448,211.998000000,100,1410,1215,51,0
3334,33.340275470,211.998000000,100,1410,1215,51,0
3335,33.350276190,211.998000000,100,1410,1215,51,0
3336,33.360278041,211.998000000,100,1410,1215,51,0
3337,33.370276196,211.998000000,100,1410,1215,51,0
3338,33.380312653,211.998000000,100,1410,1215,51,0
3339,33.390277825,211.998000000,100,1410,1215,51,0
3340,33.400275599,211.998000000,100,1410,1215,51,0
3341,33.410274245,211.998000000,100,1410,1215,51,0
3342,33.420276377,222.122000000,100,1410,1215,51,0
3343,33.430276997,222.122000000,100,1410,1215,51,0
3344,33.440275592,222.122000000,100,1410,1215,51,0
3345,33.450274388,222.122000000,100,1410,1215,51,0
3346,33.460275759,222.122000000,100,1410,1215,51,0
3347,33.470275266,222.122000000,100,1410,1215,51,0
3348,33.480275645,222.122000000,100,1410,1215,51,0
3349,33.490275152,222.122000000,100,1410,1215,51,0
3350,33.500275952,222.122000000,100,1410,1215,51,0
3351,33.510276190,222.122000000,100,1410,1215,51,0
3352,33.520277411,212.494000000,100,1410,1215,51,0
3353,33.530275585,212.494000000,100,1410,1215,51,0
3354,33.540275814,212.494000000,100,1410,1215,51,0
3355,33.550275822,212.494000000,100,1410,1215,51,0
3356,33.560275680,212.494000000,100,1410,1215,51,0
3357,33.570275658,212.494000000,100,1410,1215,51,0
3358,33.580274243,212.494000000,100,1410,1215,51,0
3359,33.590278319,212.494000000,100,1410,1215,51,0
3360,33.600274380,212.494000000,100,1410,1215,51,0
3361,33.610277143,212.494000000,100,1410,1215,51,0
3362,33.620277502,222.317000000,100,1410,1215,51,0
3363,33.630277430,222.317000000,100,1410,1215,51,0
3364,33.640276056,222.317000000,100,1410,1215,51,0
3365,33.650273629,222.317000000,100,1410,1215,51,0
3366,33.660275832,222.317000000,100,1410,1215,51,0
3367,33.670275860,222.317000000,100,1410,1215,51,0
3368,33.680275237,222.317000000,100,1410,1215,51,0
3369,33.690273462,222.317000000,100,1410,1215,51,0
3370,33.700276105,222.317000000,100,1410,1215,51,0
3371,33.710276153,222.317000000,100,1410,1215,51,0
3372,33.720276642,218.582000000,100,1410,1215,51,0
3373,33.730278664,218.582000000,100,1410,1215,51,0
3374,33.740279003,218.582000000,100,1410,1215,51,0
3375,33.750278009,218.582000000,100,1410,1215,51,0
3376,33.760281434,218.582000000,100,1410,1215,51,0
3377,33.770274148,218.582000000,100,1410,1215,51,0
3378,33.780274036,218.582000000,100,1410,1215,51,0
3379,33.790275897,218.582000000,100,1410,1215,51,0
3380,33.800276056,218.582000000,100,1410,1215,51,0
3381,33.810275884,218.582000000,100,1410,1215,51,0
3382,33.820276092,220.433000000,100,1410,1215,51,0
3383,33.830276161,220.433000000,100,1410,1215,51,0
3384,33.840274666,220.433000000,100,1410,1215,51,0
3385,33.850277359,220.433000000,100,1410,1215,51,0
3386,33.860276546,220.433000000,100,1410,1215,51,0
3387,33.870276383,220.433000000,100,1410,1215,51,0
3388,33.880275560,220.433000000,100,1410,1215,51,0
3389,33.890276380,220.433000000,100,1410,1215,51,0
3390,33.900275105,220.433000000,100,1410,1215,51,0
3391,33.910276075,220.433000000,100,1410,1215,51,0
3392,33.920276194,221.704000000,100,1410,1215,51,0
3393,33.930275400,221.704000000,100,1410,1215,51,0
3394,33.940274958,221.704000000,100,1410,1215,51,0
3395,33.950274585,221.704000000,100,1410,1215,51,0
3396,33.960275084,221.704000000,100,1410,1215,51,0
3397,33.970275643,221.704000000,100,1410,1215,51,0
3398,33.980276193,221.704000000,100,1410,1215,51,0
3399,33.990275800,221.704000000,100,1410,1215,51,0
3400,34.000276630,221.704000000,100,1410,1215,51,0
3401,34.010277169,221.704000000,100,1410,1215,51,0
3402,34.020277828,208.001000000,100,1410,1215,51,0
3403,34.030281132,208.001000000,100,1410,1215,51,0
3404,34.040272845,208.001000000,100,1410,1215,51,0
3405,34.050272973,208.001000000,100,1410,1215,51,0
3406,34.060275516,208.001000000,100,1410,1215,51,0
3407,34.070275765,208.001000000,100,1410,1215,51,0
3408,34.080275382,208.001000000,100,1410,1215,51,0
3409,34.090274769,208.001000000,100,1410,1215,51,0
3410,34.100274216,208.001000000,100,1410,1215,51,0
3411,34.110275557,208.001000000,100,1410,1215,51,0
3412,34.120274604,208.001000000,100,1410,1215,51,0
3413,34.130275143,222.580000000,100,1410,1215,51,0
3414,34.140274920,222.580000000,100,1410,1215,51,0
3415,34.150275660,222.580000000,100,1410,1215,51,0
3416,34.160275588,222.580000000,100,1410,1215,51,0
3417,34.170275325,222.580000000,100,1410,1215,51,0
3418,34.180275123,222.580000000,100,1410,1215,51,0
3419,34.190275231,222.580000000,100,1410,1215,51,0
3420,34.200275851,222.580000000,100,1410,1215,51,0
3421,34.210276911,222.580000000,100,1410,1215,51,0
3422,34.220275827,216.489000000,100,1410,1215,51,0
3423,34.230276627,216.489000000,100,1410,1215,51,0
3424,34.240275162,216.489000000,100,1410,1215,51,0
3425,34.250280029,216.489000000,100,1410,1215,51,0
3426,34.260276641,216.489000000,100,1410,1215,51,0
3427,34.270275968,216.489000000,100,1410,1215,51,0
3428,34.280275876,216.489000000,100,1410,1215,51,0
3429,34.290293577,216.489000000,100,1410,1215,51,0
3430,34.300282064,216.489000000,100,1410,1215,51,0
3431,34.310277764,216.489000000,100,1410,1215,51,0
3432,34.320277802,216.489000000,100,1410,1215,51,0
3433,34.330279744,216.489000000,100,1410,1215,51,0
3434,34.340279622,216.489000000,100,1410,1215,51,0
3435,34.350276935,216.489000000,100,1410,1215,51,0
3436,34.360276622,216.489000000,100,1410,1215,51,0
3437,34.370277612,216.489000000,100,1410,1215,51,0
3438,34.380277761,216.489000000,100,1410,1215,51,0
3439,34.390276767,216.489000000,100,1410,1215,51,0
3440,34.400276885,216.489000000,100,1410,1215,51,0
3441,34.410277314,216.489000000,100,1410,1215,51,0
3442,34.420275860,220.925000000,100,1410,1215,51,0
3443,34.430278092,220.925000000,100,1410,1215,51,0
3444,34.440279563,220.925000000,100,1410,1215,51,0
3445,34.450276055,220.925000000,100,1410,1215,51,0
3446,34.460275161,220.925000000,100,1410,1215,51,0
3447,34.470275169,220.925000000,100,1410,1215,51,0
3448,34.480276249,220.925000000,100,1410,1215,51,0
3449,34.490275195,220.925000000,100,1410,1215,51,0
3450,34.500275173,220.925000000,100,1410,1215,51,0
3451,34.510276043,220.925000000,100,1410,1215,51,0
3452,34.520277173,221.020000000,100,1410,1215,51,0
3453,34.530276971,221.020000000,100,1410,1215,51,0
3454,34.540275306,221.020000000,100,1410,1215,51,0
3455,34.550292727,221.020000000,100,1410,1215,51,0
3456,34.560277096,221.020000000,100,1410,1215,51,0
3457,34.570276022,221.020000000,100,1410,1215,51,0
3458,34.580275529,221.020000000,100,1410,1215,51,0
3459,34.590275598,221.020000000,100,1410,1215,51,0
3460,34.600275826,221.020000000,100,1410,1215,51,0
3461,34.610276315,221.020000000,100,1410,1215,51,0
3462,34.620276494,203.307000000,100,1410,1215,51,0
3463,34.630280088,203.307000000,100,1410,1215,51,0
3464,34.640348214,203.307000000,100,1410,1215,51,0
3465,34.650278261,203.307000000,100,1410,1215,51,0
3466,34.660274592,203.307000000,100,1410,1215,51,0
3467,34.670276494,203.307000000,100,1410,1215,51,0
3468,34.680275921,203.307000000,100,1410,1215,51,0
3469,34.690276230,203.307000000,100,1410,1215,51,0
3470,34.700275096,203.307000000,100,1410,1215,51,0
3471,34.710276216,203.307000000,100,1410,1215,51,0
3472,34.720276295,222.871000000,100,1410,1215,51,0
3473,34.730276774,222.871000000,100,1410,1215,51,0
3474,34.740275459,222.871000000,100,1410,1215,51,0
3475,34.750275978,222.871000000,100,1410,1215,51,0
3476,34.760276658,222.871000000,100,1410,1215,51,0
3477,34.770275233,222.871000000,100,1410,1215,51,0
3478,34.780275151,222.871000000,100,1410,1215,51,0
3479,34.790275009,222.871000000,100,1410,1215,51,0
3480,34.800276390,222.871000000,100,1410,1215,51,0
3481,34.810280165,222.871000000,100,1410,1215,51,0
3482,34.820276807,214.661000000,100,1410,1215,51,0
3483,34.830277306,214.661000000,100,1410,1215,51,0
3484,34.840277164,214.661000000,100,1410,1215,51,0
3485,34.850280668,214.661000000,100,1410,1215,51,0
3486,34.860276729,214.661000000,100,1410,1215,51,0
3487,34.870275324,214.661000000,100,1410,1215,51,0
3488,34.880275523,214.661000000,100,1410,1215,51,0
3489,34.890275251,214.661000000,100,1410,1215,51,0
3490,34.900274998,214.661000000,100,1410,1215,51,0
3491,34.910275367,214.661000000,100,1410,1215,51,0
3492,34.920275676,214.661000000,100,1410,1215,51,0
3493,34.930277026,222.324000000,100,1410,1215,51,0
3494,34.940274941,222.324000000,100,1410,1215,51,0
3495,34.950276011,222.324000000,100,1410,1215,51,0
3496,34.960276710,222.324000000,100,1410,1215,51,0
3497,34.970276307,222.324000000,100,1410,1215,51,0
3498,34.980314848,222.324000000,100,1410,1215,51,0
3499,34.990276454,222.324000000,100,1410,1215,51,0
3500,35.000275520,222.324000000,100,1410,1215,51,0
3501,35.010276009,222.324000000,100,1410,1215,51,0
3502,35.020347842,222.324000000,100,1410,1215,51,0
3503,35.030294250,219.651000000,100,1410,1215,51,0
3504,35.040274621,219.651000000,100,1410,1215,51,0
3505,35.050275421,219.651000000,100,1410,1215,51,0
3506,35.060275750,219.651000000,100,1410,1215,51,0
3507,35.070274395,219.651000000,100,1410,1215,51,0
3508,35.080275155,219.651000000,100,1410,1215,51,0
3509,35.090274481,219.651000000,100,1410,1215,51,0
3510,35.100275001,219.651000000,100,1410,1215,51,0
3511,35.110275971,219.651000000,100,1410,1215,51,0
3512,35.120275698,218.341000000,100,1410,1215,51,0
3513,35.130274604,218.341000000,100,1410,1215,51,0
3514,35.140274672,218.341000000,100,1410,1215,51,0
3515,35.150276424,218.341000000,100,1410,1215,51,0
3516,35.160276362,218.341000000,100,1410,1215,51,0
3517,35.170275779,218.341000000,100,1410,1215,51,0
3518,35.180277360,218.341000000,100,1410,1215,51,0
3519,35.190276376,218.341000000,100,1410,1215,51,0
3520,35.200276034,218.341000000,100,1410,1215,51,0
3521,35.210285169,218.341000000,100,1410,1215,51,0
3522,35.220277653,222.293000000,100,1410,1215,51,0
3523,35.230277180,222.293000000,100,1410,1215,51,0
3524,35.240275846,222.293000000,100,1410,1215,51,0
3525,35.250275483,222.293000000,100,1410,1215,51,0
3526,35.260275722,222.293000000,100,1410,1215,51,0
3527,35.270275349,222.293000000,100,1410,1215,51,0
3528,35.280276780,222.293000000,100,1410,1215,51,0
3529,35.290276017,222.293000000,100,1410,1215,51,0
3530,35.300276195,222.293000000,100,1410,1215,51,0
3531,35.310278127,222.293000000,100,1410,1215,51,0
3532,35.320277123,209.435000000,100,1410,1215,51,0
3533,35.330280438,209.435000000,100,1410,1215,51,0
3534,35.342076954,209.435000000,100,1410,1215,51,0
3535,35.350276466,209.435000000,100,1410,1215,51,0
3536,35.360276625,209.435000000,100,1410,1215,51,0
3537,35.370274900,209.435000000,100,1410,1215,51,0
3538,35.380274968,209.435000000,100,1410,1215,51,0
3539,35.390282791,209.435000000,100,1410,1215,51,0
3540,35.400275335,209.435000000,100,1410,1215,51,0
3541,35.410275543,209.435000000,100,1410,1215,51,0
3542,35.420276143,222.580000000,100,1410,1215,51,0
3543,35.430276141,222.580000000,100,1410,1215,51,0
3544,35.440276139,222.580000000,100,1410,1215,51,0
3545,35.450275175,222.580000000,100,1410,1215,51,0
3546,35.460274392,222.580000000,100,1410,1215,51,0
3547,35.470275692,222.580000000,100,1410,1215,51,0
3548,35.480274468,222.580000000,100,1410,1215,51,0
3549,35.490275638,222.580000000,100,1410,1215,51,0
3550,35.500274344,222.580000000,100,1410,1215,51,0
3551,35.510275695,222.580000000,100,1410,1215,51,0
3552,35.520275262,217.845000000,100,1410,1215,51,0
3553,35.530274389,217.845000000,100,1410,1215,51,0
3554,35.540274407,217.845000000,100,1410,1215,51,0
3555,35.550274725,217.845000000,100,1410,1215,51,0
3556,35.560465682,217.845000000,100,1410,1215,51,0
3557,35.570274301,217.845000000,100,1410,1215,51,0
3558,35.580274850,217.845000000,100,1410,1215,51,0
3559,35.590274147,217.845000000,100,1410,1215,51,0
3560,35.600275057,217.845000000,100,1410,1215,51,0
3561,35.610276067,217.845000000,100,1410,1215,51,0
3562,35.620275784,221.624000000,100,1410,1215,51,0
3563,35.630276504,221.624000000,100,1410,1215,51,0
3564,35.640274478,221.624000000,100,1410,1215,51,0
3565,35.650274536,221.624000000,100,1410,1215,51,0
3566,35.660275987,221.624000000,100,1410,1215,51,0
3567,35.670276316,221.624000000,100,1410,1215,51,0
3568,35.680276053,221.624000000,100,1410,1215,51,0
3569,35.690274659,221.624000000,100,1410,1215,51,0
3570,35.700275048,221.624000000,100,1410,1215,51,0
3571,35.710275306,221.624000000,100,1410,1215,51,0
3572,35.720275785,220.765000000,100,1410,1215,51,0
3573,35.730275373,220.765000000,100,1410,1215,51,0
3574,35.740275201,220.765000000,100,1410,1215,51,0
3575,35.750276120,220.765000000,100,1410,1215,51,0
3576,35.760276058,220.765000000,100,1410,1215,51,0
3577,35.770275606,220.765000000,100,1410,1215,51,0
3578,35.780275995,220.765000000,100,1410,1215,51,0
3579,35.790275462,220.765000000,100,1410,1215,51,0
3580,35.800275740,220.765000000,100,1410,1215,51,0
3581,35.810276480,220.765000000,100,1410,1215,51,0
3582,35.820276638,203.065000000,100,1410,1215,51,0
3583,35.830277057,203.065000000,100,1410,1215,51,0
3584,35.840275743,203.065000000,100,1410,1215,51,0
3585,35.850275911,203.065000000,100,1410,1215,51,0
3586,35.860276290,203.065000000,100,1410,1215,51,0
3587,35.870275907,203.065000000,100,1410,1215,51,0
3588,35.880275445,203.065000000,100,1410,1215,51,0
3589,35.890276405,203.065000000,100,1410,1215,51,0
3590,35.900275842,203.065000000,100,1410,1215,51,0
3591,35.910276932,203.065000000,100,1410,1215,51,0
3592,35.920276118,222.388000000,100,1410,1215,51,0
3593,35.930275275,222.388000000,100,1410,1215,51,0
3594,35.940273920,222.388000000,100,1410,1215,51,0
3595,35.950274420,222.388000000,100,1410,1215,51,0
3596,35.960276361,222.388000000,100,1410,1215,51,0
3597,35.970275117,222.388000000,100,1410,1215,51,0
3598,35.980278431,222.388000000,100,1410,1215,51,0
3599,35.990275003,222.388000000,100,1410,1215,51,0
3600,36.000275001,222.388000000,100,1410,1215,51,0
3601,36.010276252,222.388000000,100,1410,1215,51,0
3602,36.020275869,214.816000000,100,1410,1215,51,0
3603,36.030277200,214.816000000,100,1410,1215,51,0
3604,36.040275144,214.816000000,100,1410,1215,51,0
3605,36.050275963,214.816000000,100,1410,1215,51,0
3606,36.060275551,214.816000000,100,1410,1215,51,0
3607,36.070275369,214.816000000,100,1410,1215,51,0
3608,36.080273082,214.816000000,100,1410,1215,51,0
3609,36.090274764,214.816000000,100,1410,1215,51,0
3610,36.100274932,214.816000000,100,1410,1215,51,0
3611,36.110275040,214.816000000,100,1410,1215,51,0
3612,36.120275870,222.869000000,100,1410,1215,51,0
3613,36.130275357,222.869000000,100,1410,1215,51,0
3614,36.140272630,222.869000000,100,1410,1215,51,0
3615,36.150277397,222.869000000,100,1410,1215,51,0
3616,36.160275923,222.869000000,100,1410,1215,51,0
3617,36.170274187,222.869000000,100,1410,1215,51,0
3618,36.180276560,222.869000000,100,1410,1215,51,0
3619,36.190275276,222.869000000,100,1410,1215,51,0
3620,36.200275164,222.869000000,100,1410,1215,51,0
3621,36.210288667,222.869000000,100,1410,1215,51,0
3622,36.220277484,220.144000000,100,1410,1215,51,0
3623,36.230276591,220.144000000,100,1410,1215,51,0
3624,36.240275006,220.144000000,100,1410,1215,51,0
3625,36.250275465,220.144000000,100,1410,1215,51,0
3626,36.260275483,220.144000000,100,1410,1215,51,0
3627,36.270275010,220.144000000,100,1410,1215,51,0
3628,36.280275199,220.144000000,100,1410,1215,51,0
3629,36.290276229,220.144000000,100,1410,1215,51,0
3630,36.300273852,220.144000000,100,1410,1215,51,0
3631,36.310277016,220.144000000,100,1410,1215,51,0
3632,36.320276544,216.670000000,100,1410,1215,51,0
3633,36.330275580,216.670000000,100,1410,1215,51,0
3634,36.340276189,216.670000000,100,1410,1215,51,0
3635,36.350275566,216.670000000,100,1410,1215,51,0
3636,36.360276756,216.670000000,100,1410,1215,51,0
3637,36.370274600,216.670000000,100,1410,1215,51,0
3638,36.380274188,216.670000000,100,1410,1215,51,0
3639,36.390275398,216.670000000,100,1410,1215,51,0
3640,36.400277610,216.670000000,100,1410,1215,51,0
3641,36.410276035,216.670000000,100,1410,1215,51,0
3642,36.420276454,222.267000000,100,1410,1215,51,0
3643,36.430277264,222.267000000,100,1410,1215,51,0
3644,36.440275479,222.267000000,100,1410,1215,51,0
3645,36.450276449,222.267000000,100,1410,1215,51,0
3646,36.460277529,222.267000000,100,1410,1215,51,0
3647,36.470273990,222.267000000,100,1410,1215,51,0
3648,36.480274419,222.267000000,100,1410,1215,51,0
3649,36.490275429,222.267000000,100,1410,1215,51,0
3650,36.500275357,222.267000000,100,1410,1215,51,0
3651,36.510280385,222.267000000,100,1410,1215,51,0
3652,36.520275814,210.030000000,100,1410,1215,51,0
3653,36.530276033,210.030000000,100,1410,1215,51,0
3654,36.540275199,210.030000000,100,1410,1215,51,0
3655,36.550275548,210.030000000,100,1410,1215,51,0
3656,36.560275616,210.030000000,100,1410,1215,51,0
3657,36.570276015,210.030000000,100,1410,1215,51,0
3658,36.580299247,210.030000000,100,1410,1215,51,0
3659,36.590277414,210.030000000,100,1410,1215,51,0
3660,36.600275519,210.030000000,100,1410,1215,51,0
3661,36.610278082,210.030000000,100,1410,1215,51,0
3662,36.620278360,222.517000000,100,1410,1215,51,0
3663,36.630276896,222.517000000,100,1410,1215,51,0
3664,36.640275341,222.517000000,100,1410,1215,51,0
3665,36.650275549,222.517000000,100,1410,1215,51,0
3666,36.660276158,222.517000000,100,1410,1215,51,0
3667,36.670275615,222.517000000,100,1410,1215,51,0
3668,36.680457094,222.517000000,100,1410,1215,51,0
3669,36.690275381,222.517000000,100,1410,1215,51,0
3670,36.700275249,222.517000000,100,1410,1215,51,0
3671,36.710275678,222.517000000,100,1410,1215,51,0
3672,36.720276307,217.994000000,100,1410,1215,51,0
3673,36.730274903,217.994000000,100,1410,1215,51,0
3674,36.740276293,217.994000000,100,1410,1215,51,0
3675,36.750275891,217.994000000,100,1410,1215,51,0
3676,36.760274807,217.994000000,100,1410,1215,51,0
3677,36.770274384,217.994000000,100,1410,1215,51,0
3678,36.780274883,217.994000000,100,1410,1215,51,0
3679,36.790275112,217.994000000,100,1410,1215,51,0
3680,36.800274509,217.994000000,100,1410,1215,51,0
3681,36.810277412,217.994000000,100,1410,1215,51,0
3682,36.820275647,221.501000000,100,1410,1215,51,0
3683,36.830277799,221.501000000,100,1410,1215,51,0
3684,36.840274862,221.501000000,100,1410,1215,51,0
3685,36.850275962,221.501000000,100,1410,1215,51,0
3686,36.860275259,221.501000000,100,1410,1215,51,0
3687,36.870279364,221.501000000,100,1410,1215,51,0
3688,36.880275696,221.501000000,100,1410,1215,51,0
3689,36.890277577,221.501000000,100,1410,1215,51,0
3690,36.900275932,221.501000000,100,1410,1215,51,0
3691,36.910276111,221.501000000,100,1410,1215,51,0
3692,36.920275858,221.405000000,100,1410,1215,51,0
3693,36.930275706,221.405000000,100,1410,1215,51,0
3694,36.940275494,221.405000000,100,1410,1215,51,0
3695,36.950274891,221.405000000,100,1410,1215,51,0
3696,36.960275330,221.405000000,100,1410,1215,51,0
3697,36.970274837,221.405000000,100,1410,1215,51,0
3698,36.980275376,221.405000000,100,1410,1215,51,0
3699,36.990274743,221.405000000,100,1410,1215,51,0
3700,37.000275362,221.405000000,100,1410,1215,51,0
3701,37.010275300,221.405000000,100,1410,1215,51,0
3702,37.020274968,204.388000000,100,1410,1215,51,0
3703,37.030275567,204.388000000,100,1410,1215,51,0
3704,37.040275154,204.388000000,100,1410,1215,51,0
3705,37.050274722,204.388000000,100,1410,1215,51,0
3706,37.060274680,204.388000000,100,1410,1215,51,0
3707,37.070276200,204.388000000,100,1410,1215,51,0
3708,37.080275858,204.388000000,100,1410,1215,51,0
3709,37.090275235,204.388000000,100,1410,1215,51,0
3710,37.100279481,204.388000000,100,1410,1215,51,0
3711,37.110276032,204.388000000,100,1410,1215,51,0
3712,37.120275059,222.773000000,100,1410,1215,51,0
3713,37.130274616,222.773000000,100,1410,1215,51,0
3714,37.140274524,222.773000000,100,1410,1215,51,0
3715,37.150274763,222.773000000,100,1410,1215,51,0
3716,37.160275422,222.773000000,100,1410,1215,51,0
3717,37.170275921,222.773000000,100,1410,1215,51,0
3718,37.180278805,222.773000000,100,1410,1215,51,0
3719,37.190276278,222.773000000,100,1410,1215,51,0
3720,37.200276346,222.773000000,100,1410,1215,51,0
3721,37.210276464,222.773000000,100,1410,1215,51,0
3722,37.220278266,215.237000000,100,1410,1215,51,0
3723,37.230277522,215.237000000,100,1410,1215,51,0
3724,37.240276018,215.237000000,100,1410,1215,51,0
3725,37.250276056,215.237000000,100,1410,1215,51,0
3726,37.260276936,215.237000000,100,1410,1215,51,0
3727,37.270276563,215.237000000,100,1410,1215,51,0
3728,37.280275990,215.237000000,100,1410,1215,51,0
3729,37.290276249,215.237000000,100,1410,1215,51,0
3730,37.300315981,215.237000000,100,1410,1215,51,0
3731,37.310277708,215.237000000,100,1410,1215,51,0
3732,37.320276984,223.075000000,100,1410,1215,51,0
3733,37.330276802,223.075000000,100,1410,1215,51,0
3734,37.340276099,223.075000000,100,1410,1215,51,0
3735,37.350280165,223.075000000,100,1410,1215,51,0
3736,37.360276325,223.075000000,100,1410,1215,51,0
3737,37.370276093,223.075000000,100,1410,1215,51,0
3738,37.380275931,223.075000000,100,1410,1215,51,0
3739,37.390276550,223.075000000,100,1410,1215,51,0
3740,37.400276408,223.075000000,100,1410,1215,51,0
3741,37.410276727,223.075000000,100,1410,1215,51,0
3742,37.420277466,219.505000000,100,1410,1215,51,0
3743,37.430276883,219.505000000,100,1410,1215,51,0
3744,37.440276180,219.505000000,100,1410,1215,51,0
3745,37.450276328,219.505000000,100,1410,1215,51,0
3746,37.460276657,219.505000000,100,1410,1215,51,0
3747,37.470276295,219.505000000,100,1410,1215,51,0
3748,37.480276353,219.505000000,100,1410,1215,51,0
3749,37.490280258,219.505000000,100,1410,1215,51,0
3750,37.500276078,219.505000000,100,1410,1215,51,0
3751,37.510278020,219.505000000,100,1410,1215,51,0
3752,37.520277447,214.957000000,100,1410,1215,51,0
3753,37.530280291,214.957000000,100,1410,1215,51,0
3754,37.540276311,214.957000000,100,1410,1215,51,0
3755,37.550275728,214.957000000,100,1410,1215,51,0
3756,37.560276979,214.957000000,100,1410,1215,51,0
3757,37.570280894,214.957000000,100,1410,1215,51,0
3758,37.580275733,214.957000000,100,1410,1215,51,0
3759,37.590276001,214.957000000,100,1410,1215,51,0
3760,37.600275699,214.957000000,100,1410,1215,51,0
3761,37.610276107,214.957000000,100,1410,1215,51,0
3762,37.620276506,222.484000000,100,1410,1215,51,0
3763,37.630276364,222.484000000,100,1410,1215,51,0
3764,37.640275721,222.484000000,100,1410,1215,51,0
3765,37.650279306,222.484000000,100,1410,1215,51,0
3766,37.660275587,222.484000000,100,1410,1215,51,0
3767,37.670275475,222.484000000,100,1410,1215,51,0
3768,37.680275283,222.484000000,100,1410,1215,51,0
3769,37.690275130,222.484000000,100,1410,1215,51,0
3770,37.700276281,222.484000000,100,1410,1215,51,0
3771,37.710277631,222.484000000,100,1410,1215,51,0
3772,37.720277289,211.705000000,100,1410,1215,51,0
3773,37.730280443,211.705000000,100,1410,1215,51,0
3774,37.740277385,211.705000000,100,1410,1215,51,0
3775,37.750276031,211.705000000,100,1410,1215,51,0
3776,37.760276570,211.705000000,100,1410,1215,51,0
3777,37.770280515,211.705000000,100,1410,1215,51,0
3778,37.780302495,211.705000000,100,1410,1215,51,0
3779,37.790275983,211.705000000,100,1410,1215,51,0
3780,37.800275701,211.705000000,100,1410,1215,51,0
3781,37.810275919,211.705000000,100,1410,1215,51,0
3782,37.820276949,222.676000000,100,1410,1215,51,0
3783,37.830276817,222.676000000,100,1410,1215,51,0
3784,37.840274992,222.676000000,100,1410,1215,51,0
3785,37.850275160,222.676000000,100,1410,1215,51,0
3786,37.860275629,222.676000000,100,1410,1215,51,0
3787,37.870275857,222.676000000,100,1410,1215,51,0
3788,37.880276577,222.676000000,100,1410,1215,51,0
3789,37.890276164,222.676000000,100,1410,1215,51,0
3790,37.900275561,222.676000000,100,1410,1215,51,0
3791,37.910275900,222.676000000,100,1410,1215,51,0
3792,37.920276499,219.017000000,100,1410,1215,51,0
3793,37.930275726,219.017000000,100,1410,1215,51,0
3794,37.940276155,219.017000000,100,1410,1215,51,0
3795,37.950276153,219.017000000,100,1410,1215,51,0
3796,37.960275149,219.017000000,100,1410,1215,51,0
3797,37.970275738,219.017000000,100,1410,1215,51,0
3798,37.980275165,219.017000000,100,1410,1215,51,0
3799,37.990275233,219.017000000,100,1410,1215,51,0
3800,38.000276694,219.017000000,100,1410,1215,51,0
3801,38.010280860,219.017000000,100,1410,1215,51,0
3802,38.020275939,221.282000000,100,1410,1215,51,0
3803,38.030277309,221.282000000,100,1410,1215,51,0
3804,38.040276987,221.282000000,100,1410,1215,51,0
3805,38.050297483,221.282000000,100,1410,1215,51,0
3806,38.060274388,221.282000000,100,1410,1215,51,0
3807,38.070274697,221.282000000,100,1410,1215,51,0
3808,38.080276769,221.282000000,100,1410,1215,51,0
3809,38.090275464,221.282000000,100,1410,1215,51,0
3810,38.100275743,221.282000000,100,1410,1215,51,0
3811,38.110276272,221.282000000,100,1410,1215,51,0
3812,38.120278665,221.704000000,100,1410,1215,51,0
3813,38.130275958,221.704000000,100,1410,1215,51,0
3814,38.140275034,221.704000000,100,1410,1215,51,0
3815,38.150274301,221.704000000,100,1410,1215,51,0
3816,38.160274940,221.704000000,100,1410,1215,51,0
3817,38.170274978,221.704000000,100,1410,1215,51,0
3818,38.180274886,221.704000000,100,1410,1215,51,0
3819,38.190275115,221.704000000,100,1410,1215,51,0
3820,38.200274462,221.704000000,100,1410,1215,51,0
3821,38.210275452,221.704000000,100,1410,1215,51,0
3822,38.220277233,204.843000000,100,1410,1215,51,0
3823,38.230277301,204.843000000,100,1410,1215,51,0
3824,38.240275115,204.843000000,100,1410,1215,51,0
3825,38.250275484,204.843000000,100,1410,1215,51,0
3826,38.260275332,204.843000000,100,1410,1215,51,0
3827,38.270275280,204.843000000,100,1410,1215,51,0
3828,38.280275178,204.843000000,100,1410,1215,51,0
3829,38.290275146,204.843000000,100,1410,1215,51,0
3830,38.300274973,204.843000000,100,1410,1215,51,0
3831,38.310275893,204.843000000,100,1410,1215,51,0
3832,38.320276011,222.519000000,100,1410,1215,51,0
3833,38.330276160,222.519000000,100,1410,1215,51,0
3834,38.340275497,222.519000000,100,1410,1215,51,0
3835,38.350275284,222.519000000,100,1410,1215,51,0
3836,38.360275763,222.519000000,100,1410,1215,51,0
3837,38.370275451,222.519000000,100,1410,1215,51,0
3838,38.380275419,222.519000000,100,1410,1215,51,0
3839,38.390275678,222.519000000,100,1410,1215,51,0
3840,38.400276176,222.519000000,100,1410,1215,51,0
3841,38.410276295,222.519000000,100,1410,1215,51,0
3842,38.420276493,222.519000000,100,1410,1215,51,0
3843,38.430281290,215.659000000,100,1410,1215,51,0
3844,38.440275207,215.659000000,100,1410,1215,51,0
3845,38.450275576,215.659000000,100,1410,1215,51,0
3846,38.460276185,215.659000000,100,1410,1215,51,0
3847,38.470276163,215.659000000,100,1410,1215,51,0
3848,38.480276341,215.659000000,100,1410,1215,51,0
3849,38.490276620,215.659000000,100,1410,1215,51,0
3850,38.500279954,215.659000000,100,1410,1215,51,0
3851,38.510276967,215.659000000,100,1410,1215,51,0
3852,38.520280752,215.659000000,100,1410,1215,51,0
3853,38.530276252,222.772000000,100,1410,1215,51,0
3854,38.540275789,222.772000000,100,1410,1215,51,0
3855,38.550275927,222.772000000,100,1410,1215,51,0
3856,38.560280855,222.772000000,100,1410,1215,51,0
3857,38.570275513,222.772000000,100,1410,1215,51,0
3858,38.580278035,222.772000000,100,1410,1215,51,0
3859,38.590275409,222.772000000,100,1410,1215,51,0
3860,38.600275787,222.772000000,100,1410,1215,51,0
3861,38.610276627,222.772000000,100,1410,1215,51,0
3862,38.620277637,222.772000000,100,1410,1215,51,0
3863,38.630276283,221.076000000,100,1410,1215,51,0
3864,38.640275810,221.076000000,100,1410,1215,51,0
3865,38.650274395,221.076000000,100,1410,1215,51,0
3866,38.660274744,221.076000000,100,1410,1215,51,0
3867,38.670274993,221.076000000,100,1410,1215,51,0
3868,38.680274229,221.076000000,100,1410,1215,51,0
3869,38.690274468,221.076000000,100,1410,1215,51,0
3870,38.700274265,221.076000000,100,1410,1215,51,0
3871,38.710274945,221.076000000,100,1410,1215,51,0
3872,38.720275544,213.587000000,100,1410,1215,51,0
3873,38.730304136,213.587000000,100,1410,1215,51,0
3874,38.740277834,213.587000000,100,1410,1215,51,0
3875,38.750276580,213.587000000,100,1410,1215,51,0
3876,38.760280766,213.587000000,100,1410,1215,51,0
3877,38.770276306,213.587000000,100,1410,1215,51,0
3878,38.780274861,213.587000000,100,1410,1215,51,0
3879,38.790313201,213.587000000,100,1410,1215,51,0
3880,38.800276571,213.587000000,100,1410,1215,51,0
3881,38.810275988,213.587000000,100,1410,1215,51,0
3882,38.820276857,222.685000000,100,1410,1215,51,0
3883,38.830276014,222.685000000,100,1410,1215,51,0
3884,38.840276092,222.685000000,100,1410,1215,51,0
3885,38.850275880,222.685000000,100,1410,1215,51,0
3886,38.860275016,222.685000000,100,1410,1215,51,0
3887,38.870275816,222.685000000,100,1410,1215,51,0
3888,38.880276234,222.685000000,100,1410,1215,51,0
3889,38.890275221,222.685000000,100,1410,1215,51,0
3890,38.900275469,222.685000000,100,1410,1215,51,0
3891,38.910275878,222.685000000,100,1410,1215,51,0
3892,38.920276177,211.613000000,100,1410,1215,51,0
3893,38.930277127,211.613000000,100,1410,1215,51,0
3894,38.940275251,211.613000000,100,1410,1215,51,0
3895,38.950275930,211.613000000,100,1410,1215,51,0
3896,38.960275778,211.613000000,100,1410,1215,51,0
3897,38.970275356,211.613000000,100,1410,1215,51,0
3898,38.980275474,211.613000000,100,1410,1215,51,0
3899,38.990275301,211.613000000,100,1410,1215,51,0
3900,39.000275019,211.613000000,100,1410,1215,51,0
3901,39.010276911,211.613000000,100,1410,1215,51,0
3902,39.020276117,223.061000000,100,1410,1215,51,0
3903,39.030277648,223.061000000,100,1410,1215,51,0
3904,39.040275923,223.061000000,100,1410,1215,51,0
3905,39.050275941,223.061000000,100,1410,1215,51,0
3906,39.060276671,223.061000000,100,1410,1215,51,0
3907,39.070275617,223.061000000,100,1410,1215,51,0
3908,39.080279081,223.061000000,100,1410,1215,51,0
3909,39.090275994,223.061000000,100,1410,1215,51,0
3910,39.100283285,223.061000000,100,1410,1215,51,0
3911,39.110275819,223.061000000,100,1410,1215,51,0
3912,39.120275306,219.064000000,100,1410,1215,51,0
3913,39.130276978,219.064000000,100,1410,1215,51,0
3914,39.140277497,219.064000000,100,1410,1215,51,0
3915,39.150274429,219.064000000,100,1410,1215,51,0
3916,39.160275669,219.064000000,100,1410,1215,51,0
3917,39.170274636,219.064000000,100,1410,1215,51,0
3918,39.180275646,219.064000000,100,1410,1215,51,0
3919,39.190275654,219.064000000,100,1410,1215,51,0
3920,39.200274409,219.064000000,100,1410,1215,51,0
3921,39.210276151,219.064000000,100,1410,1215,51,0
3922,39.220294383,220.862000000,100,1410,1215,51,0
3923,39.230275496,220.862000000,100,1410,1215,51,0
3924,39.240274933,220.862000000,100,1410,1215,51,0
3925,39.250275171,220.862000000,100,1410,1215,51,0
3926,39.260275590,220.862000000,100,1410,1215,51,0
3927,39.270274486,220.862000000,100,1410,1215,51,0
3928,39.280274594,220.862000000,100,1410,1215,51,0
3929,39.290276005,220.862000000,100,1410,1215,51,0
3930,39.300275001,220.862000000,100,1410,1215,51,0
3931,39.310275791,220.862000000,100,1410,1215,51,0
3932,39.320275609,221.614000000,100,1410,1215,51,0
3933,39.330276077,221.614000000,100,1410,1215,51,0
3934,39.340274943,221.614000000,100,1410,1215,51,0
3935,39.350275813,221.614000000,100,1410,1215,51,0
3936,39.360275881,221.614000000,100,1410,1215,51,0
3937,39.370274687,221.614000000,100,1410,1215,51,0
3938,39.380275697,221.614000000,100,1410,1215,51,0
3939,39.390276276,221.614000000,100,1410,1215,51,0
3940,39.400275182,221.614000000,100,1410,1215,51,0
3941,39.410277234,221.614000000,100,1410,1215,51,0
3942,39.420276711,208.702000000,100,1410,1215,51,0
3943,39.430277571,208.702000000,100,1410,1215,51,0
3944,39.440276587,208.702000000,100,1410,1215,51,0
3945,39.450276225,208.702000000,100,1410,1215,51,0
3946,39.460276593,208.702000000,100,1410,1215,51,0
3947,39.470275259,208.702000000,100,1410,1215,51,0
3948,39.480275097,208.702000000,100,1410,1215,51,0
3949,39.490275415,208.702000000,100,1410,1215,51,0
3950,39.500278279,208.702000000,100,1410,1215,51,0
3951,39.510276383,208.702000000,100,1410,1215,51,0
3952,39.520279026,222.959000000,100,1410,1215,51,0
3953,39.530275879,222.959000000,100,1410,1215,51,0
3954,39.540275496,222.959000000,100,1410,1215,51,0
3955,39.550275724,222.959000000,100,1410,1215,51,0
3956,39.560277005,222.959000000,100,1410,1215,51,0
3957,39.570276682,222.959000000,100,1410,1215,51,0
3958,39.580275458,222.959000000,100,1410,1215,51,0
3959,39.590276098,222.959000000,100,1410,1215,51,0
3960,39.600276967,222.959000000,100,1410,1215,51,0
3961,39.610276274,222.959000000,100,1410,1215,51,0
3962,39.620277063,217.680000000,100,1410,1215,51,0
3963,39.630277052,217.680000000,100,1410,1215,51,0
3964,39.640284163,217.680000000,100,1410,1215,51,0
3965,39.650280164,217.680000000,100,1410,1215,51,0
3966,39.660278088,217.680000000,100,1410,1215,51,0
3967,39.670274890,217.680000000,100,1410,1215,51,0
3968,39.680278725,217.680000000,100,1410,1215,51,0
3969,39.690277070,217.680000000,100,1410,1215,51,0
3970,39.700276878,217.680000000,100,1410,1215,51,0
3971,39.710275533,217.680000000,100,1410,1215,51,0
3972,39.720279218,222.607000000,100,1410,1215,51,0
3973,39.730274588,222.607000000,100,1410,1215,51,0
3974,39.740273824,222.607000000,100,1410,1215,51,0
3975,39.750276407,222.607000000,100,1410,1215,51,0
3976,39.760276726,222.607000000,100,1410,1215,51,0
3977,39.770276113,222.607000000,100,1410,1215,51,0
3978,39.780274327,222.607000000,100,1410,1215,51,0
3979,39.790275007,222.607000000,100,1410,1215,51,0
3980,39.800275746,222.607000000,100,1410,1215,51,0
3981,39.810277107,222.607000000,100,1410,1215,51,0
3982,39.820275422,220.855000000,100,1410,1215,51,0
3983,39.830276452,220.855000000,100,1410,1215,51,0
3984,39.840284435,220.855000000,100,1410,1215,51,0
3985,39.850278802,220.855000000,100,1410,1215,51,0
3986,39.860278159,220.855000000,100,1410,1215,51,0
3987,39.870275693,220.855000000,100,1410,1215,51,0
3988,39.880277163,220.855000000,100,1410,1215,51,0
3989,39.890279817,220.855000000,100,1410,1215,51,0
3990,39.900273853,220.855000000,100,1410,1215,51,0
3991,39.910276627,220.855000000,100,1410,1215,51,0
3992,39.920277897,211.805000000,100,1410,1215,51,0
3993,39.930276513,211.805000000,100,1410,1215,51,0
3994,39.940276080,211.805000000,100,1410,1215,51,0
3995,39.950275186,211.805000000,100,1410,1215,51,0
3996,39.960275254,211.805000000,100,1410,1215,51,0
3997,39.970276725,211.805000000,100,1410,1215,51,0
3998,39.980281242,211.805000000,100,1410,1215,51,0
3999,39.990275228,211.805000000,100,1410,1215,51,0
4000,40.000276148,211.805000000,100,1410,1215,51,0
4001,40.010278952,211.805000000,100,1410,1215,51,0
4002,40.020276054,222.580000000,100,1410,1215,51,0
4003,40.030276403,222.580000000,100,1410,1215,51,0
4004,40.040275389,222.580000000,100,1410,1215,51,0
4005,40.050278513,222.580000000,100,1410,1215,51,0
4006,40.060275636,222.580000000,100,1410,1215,51,0
4007,40.070276866,222.580000000,100,1410,1215,51,0
4008,40.080278257,222.580000000,100,1410,1215,51,0
4009,40.090275930,222.580000000,100,1410,1215,51,0
4010,40.100274706,222.580000000,100,1410,1215,51,0
4011,40.110279133,222.580000000,100,1410,1215,51,0
4012,40.135322975,213.069000000,100,1410,1215,51,0
4013,40.135327333,213.069000000,100,1410,1215,51,0
4014,40.140277744,213.069000000,100,1410,1215,51,0
4015,40.150277612,213.069000000,100,1410,1215,51,0
4016,40.160275456,213.069000000,100,1410,1215,51,0
4017,40.170275885,213.069000000,100,1410,1215,51,0
4018,40.180277706,213.069000000,100,1410,1215,51,0
4019,40.190273697,213.069000000,100,1410,1215,51,0
4020,40.200277712,213.069000000,100,1410,1215,51,0
4021,40.210275266,213.069000000,100,1410,1215,51,0
4022,40.220275915,223.099000000,100,1410,1215,51,0
4023,40.230275352,223.099000000,100,1410,1215,51,0
4024,40.240275971,223.099000000,100,1410,1215,51,0
4025,40.250274477,223.099000000,100,1410,1215,51,0
4026,40.260277370,223.099000000,100,1410,1215,51,0
4027,40.270275976,223.099000000,100,1410,1215,51,0
4028,40.280275623,223.099000000,100,1410,1215,51,0
4029,40.290279007,223.099000000,100,1410,1215,51,0
4030,40.300274557,223.099000000,100,1410,1215,51,0
4031,40.310276639,223.099000000,100,1410,1215,51,0
4032,40.320278781,219.677000000,100,1410,1215,51,0
4033,40.330275884,219.677000000,100,1410,1215,51,0
4034,40.340274078,219.677000000,100,1410,1215,51,0
4035,40.350275980,219.677000000,100,1410,1215,51,0
4036,40.360275437,219.677000000,100,1410,1215,51,0
4037,40.370276497,219.677000000,100,1410,1215,51,0
4038,40.380276145,219.677000000,100,1410,1215,51,0
4039,40.390275942,219.677000000,100,1410,1215,51,0
4040,40.400278405,219.677000000,100,1410,1215,51,0
4041,40.410275718,219.677000000,100,1410,1215,51,0
4042,40.420277149,218.531000000,100,1410,1215,51,0
4043,40.430278890,218.531000000,100,1410,1215,51,0
4044,40.440275121,218.531000000,100,1410,1215,51,0
4045,40.450275470,218.531000000,100,1410,1215,51,0
4046,40.460275258,218.531000000,100,1410,1215,51,0
4047,40.470274905,218.531000000,100,1410,1215,51,0
4048,40.480276977,218.531000000,100,1410,1215,51,0
4049,40.490278438,218.531000000,100,1410,1215,51,0
4050,40.500275370,218.531000000,100,1410,1215,51,0
4051,40.510275959,218.531000000,100,1410,1215,51,0
4052,40.520279744,222.267000000,100,1410,1215,51,0
4053,40.530277698,222.267000000,100,1410,1215,51,0
4054,40.540275553,222.267000000,100,1410,1215,51,0
4055,40.550275240,222.267000000,100,1410,1215,51,0
4056,40.560275579,222.267000000,100,1410,1215,51,0
4057,40.570276148,222.267000000,100,1410,1215,51,0
4058,40.580275705,222.267000000,100,1410,1215,51,0
4059,40.590275523,222.267000000,100,1410,1215,51,0
4060,40.600275771,222.267000000,100,1410,1215,51,0
4061,40.610280448,222.267000000,100,1410,1215,51,0
4062,40.620278372,212.520000000,100,1410,1215,51,0
4063,40.630280424,212.520000000,100,1410,1215,51,0
4064,40.640274972,212.520000000,100,1410,1215,51,0
4065,40.650275391,212.520000000,100,1410,1215,51,0
4066,40.660280919,212.520000000,100,1410,1215,51,0
4067,40.670275808,212.520000000,100,1410,1215,51,0
4068,40.680274804,212.520000000,100,1410,1215,51,0
4069,40.690275834,212.520000000,100,1410,1215,51,0
4070,40.700274690,212.520000000,100,1410,1215,51,0
4071,40.710278415,212.520000000,100,1410,1215,51,0
4072,40.720277301,222.869000000,100,1410,1215,51,0
4073,40.730276006,222.869000000,100,1410,1215,51,0
4074,40.740272678,222.869000000,100,1410,1215,51,0
4075,40.750276113,222.869000000,100,1410,1215,51,0
4076,40.760276331,222.869000000,100,1410,1215,51,0
4077,40.770276339,222.869000000,100,1410,1215,51,0
4078,40.780275345,222.869000000,100,1410,1215,51,0
4079,40.790275384,222.869000000,100,1410,1215,51,0
4080,40.800276023,222.869000000,100,1410,1215,51,0
4081,40.810278055,222.869000000,100,1410,1215,51,0
4082,40.820275668,219.358000000,100,1410,1215,51,0
4083,40.830276548,219.358000000,100,1410,1215,51,0
4084,40.840278239,219.358000000,100,1410,1215,51,0
4085,40.850275011,219.358000000,100,1410,1215,51,0
4086,40.860274809,219.358000000,100,1410,1215,51,0
4087,40.870275528,219.358000000,100,1410,1215,51,0
4088,40.880275937,219.358000000,100,1410,1215,51,0
4089,40.890276877,219.358000000,100,1410,1215,51,0
4090,40.900275082,219.358000000,100,1410,1215,51,0
4091,40.910278877,219.358000000,100,1410,1215,51,0
4092,40.920279185,222.006000000,100,1410,1215,51,0
4093,40.930277861,222.006000000,100,1410,1215,51,0
4094,40.940274603,222.006000000,100,1410,1215,51,0
4095,40.950276254,222.006000000,100,1410,1215,51,0
4096,40.960275370,222.006000000,100,1410,1215,51,0
4097,40.970276290,222.006000000,100,1410,1215,51,0
4098,40.980275447,222.006000000,100,1410,1215,51,0
4099,40.990275455,222.006000000,100,1410,1215,51,0
4100,41.000274932,222.006000000,100,1410,1215,51,0
4101,41.010276272,222.006000000,100,1410,1215,51,0
4102,41.020277934,221.532000000,100,1410,1215,51,0
4103,41.030278513,221.532000000,100,1410,1215,51,0
4104,41.040275425,221.532000000,100,1410,1215,51,0
4105,41.050276405,221.532000000,100,1410,1215,51,0
4106,41.060276012,221.532000000,100,1410,1215,51,0
4107,41.070275159,221.532000000,100,1410,1215,51,0
4108,41.080276770,221.532000000,100,1410,1215,51,0
4109,41.090274744,221.532000000,100,1410,1215,51,0
4110,41.100275203,221.532000000,100,1410,1215,51,0
4111,41.110277255,221.532000000,100,1410,1215,51,0
4112,41.120276632,207.145000000,100,1410,1215,52,0
4113,41.130275948,207.145000000,100,1410,1215,52,0
4114,41.140276187,207.145000000,100,1410,1215,52,0
4115,41.150275594,207.145000000,100,1410,1215,52,0
4116,41.160275862,207.145000000,100,1410,1215,52,0
4117,41.170861388,207.145000000,100,1410,1215,52,0
4118,41.180276349,207.145000000,100,1410,1215,52,0
4119,41.190274995,207.145000000,100,1410,1215,52,0
4120,41.200275694,207.145000000,100,1410,1215,52,0
4121,41.210275642,207.145000000,100,1410,1215,52,0
4122,41.220274979,222.965000000,100,1410,1215,52,0
4123,41.230312327,222.965000000,100,1410,1215,51,0
4124,41.240274895,222.965000000,100,1410,1215,51,0
4125,41.250274372,222.965000000,100,1410,1215,51,0
4126,41.260274200,222.965000000,100,1410,1215,51,0
4127,41.270274638,222.965000000,100,1410,1215,51,0
4128,41.280275268,222.965000000,100,1410,1215,51,0
4129,41.290275456,222.965000000,100,1410,1215,51,0
4130,41.300275124,222.965000000,100,1410,1215,51,0
4131,41.310275252,222.965000000,100,1410,1215,51,0
4132,41.320275921,215.242000000,100,1410,1215,51,0
4133,41.330276049,215.242000000,100,1410,1215,51,0
4134,41.340275827,215.242000000,100,1410,1215,51,0
4135,41.350274893,215.242000000,100,1410,1215,51,0
4136,41.360275653,215.242000000,100,1410,1215,51,0
4137,41.370275020,215.242000000,100,1410,1215,51,0
4138,41.380275148,215.242000000,100,1410,1215,51,0
4139,41.390274925,215.242000000,100,1410,1215,51,0
4140,41.400275334,215.242000000,100,1410,1215,51,0
4141,41.410275423,215.242000000,100,1410,1215,51,0
4142,41.420275561,223.349000000,100,1410,1215,51,0
4143,41.430277563,223.349000000,100,1410,1215,52,0
4144,41.440275507,223.349000000,100,1410,1215,52,0
4145,41.450279943,223.349000000,100,1410,1215,52,0
4146,41.460276535,223.349000000,100,1410,1215,52,0
4147,41.470275822,223.349000000,100,1410,1215,52,0
4148,41.480276110,223.349000000,100,1410,1215,52,0
4149,41.490275788,223.349000000,100,1410,1215,52,0
4150,41.500275635,223.349000000,100,1410,1215,52,0
4151,41.510275684,223.349000000,100,1410,1215,52,0
4152,41.520276523,220.309000000,100,1410,1215,52,0
4153,41.530276722,220.309000000,100,1410,1215,51,0
4154,41.540275628,220.309000000,100,1410,1215,51,0
4155,41.550277078,220.309000000,100,1410,1215,51,0
4156,41.560275613,220.309000000,100,1410,1215,51,0
4157,41.570275732,220.309000000,100,1410,1215,51,0
4158,41.580276632,220.309000000,100,1410,1215,51,0
4159,41.590280517,220.309000000,100,1410,1215,51,0
4160,41.600276367,220.309000000,100,1410,1215,51,0
4161,41.610276545,220.309000000,100,1410,1215,51,0
4162,41.620276784,214.821000000,100,1410,1215,51,0
4163,41.630281220,214.821000000,100,1410,1215,52,0
4164,41.640276530,214.821000000,100,1410,1215,52,0
4165,41.650276818,214.821000000,100,1410,1215,52,0
4166,41.660274392,214.821000000,100,1410,1215,52,0
4167,41.670274530,214.821000000,100,1410,1215,52,0
4168,41.680285990,214.821000000,100,1410,1215,52,0
4169,41.690279776,214.821000000,100,1410,1215,52,0
4170,41.700274695,214.821000000,100,1410,1215,52,0
4171,41.710275835,214.821000000,100,1410,1215,52,0
4172,41.720275202,222.395000000,100,1410,1215,52,0
4173,41.730277434,222.395000000,100,1410,1215,51,0
4174,41.740276610,222.395000000,100,1410,1215,51,0
4175,41.750277229,222.395000000,100,1410,1215,51,0
4176,41.760276636,222.395000000,100,1410,1215,51,0
4177,41.770276594,222.395000000,100,1410,1215,51,0
4178,41.780299305,222.395000000,100,1410,1215,51,0
4179,41.790278073,222.395000000,100,1410,1215,51,0
4180,41.800275667,222.395000000,100,1410,1215,51,0
4181,41.810277558,222.395000000,100,1410,1215,51,0
4182,41.820276845,222.395000000,100,1410,1215,51,0
4183,41.830277484,211.567000000,100,1410,1215,52,0
4184,41.840277703,211.567000000,100,1410,1215,52,0
4185,41.850274865,211.567000000,100,1410,1215,52,0
4186,41.860276396,211.567000000,100,1410,1215,52,0
4187,41.870275142,211.567000000,100,1410,1215,52,0
4188,41.880290649,211.567000000,100,1410,1215,52,0
4189,41.890277302,211.567000000,100,1410,1215,52,0
4190,41.900276398,211.567000000,100,1410,1215,52,0
4191,41.910277188,211.567000000,100,1410,1215,52,0
4192,41.920275834,211.567000000,100,1410,1215,52,0
4193,41.930277084,223.278000000,100,1410,1215,52,0
4194,41.940277022,223.278000000,100,1410,1215,52,0
4195,41.950275577,223.278000000,100,1410,1215,52,0
4196,41.960277709,223.278000000,100,1410,1215,52,0
4197,41.970274000,223.278000000,100,1410,1215,52,0
4198,41.980280330,223.278000000,100,1410,1215,52,0
4199,41.990277242,223.278000000,100,1410,1215,52,0
4200,42.000277441,223.278000000,100,1410,1215,52,0
4201,42.010275826,223.278000000,100,1410,1215,52,0
4202,42.020276555,218.975000000,100,1410,1215,52,0
4203,42.030278507,218.975000000,100,1410,1215,51,0
4204,42.040275069,218.975000000,100,1410,1215,51,0
4205,42.050275547,218.975000000,100,1410,1215,51,0
4206,42.060275836,218.975000000,100,1410,1215,51,0
4207,42.070275173,218.975000000,100,1410,1215,51,0
4208,42.080276403,218.975000000,100,1410,1215,51,0
4209,42.090276301,218.975000000,100,1410,1215,51,0
4210,42.100275247,218.975000000,100,1410,1215,51,0
4211,42.110275646,218.975000000,100,1410,1215,51,0
4212,42.120276255,221.314000000,100,1410,1215,52,0
4213,42.130276133,221.314000000,100,1410,1215,52,0
4214,42.140276682,221.314000000,100,1410,1215,52,0
4215,42.150275307,221.314000000,100,1410,1215,52,0
4216,42.160273933,221.314000000,100,1410,1215,52,0
4217,42.170274592,221.314000000,100,1410,1215,52,0
4218,42.180276153,221.314000000,100,1410,1215,52,0
4219,42.190283385,221.314000000,100,1410,1215,52,0
4220,42.200275718,221.314000000,100,1410,1215,52,0
4221,42.210275586,221.314000000,100,1410,1215,52,0
4222,42.220275043,222.088000000,100,1410,1215,52,0
4223,42.230275362,222.088000000,100,1410,1215,52,0
4224,42.240274598,222.088000000,100,1410,1215,52,0
4225,42.250276941,222.088000000,100,1410,1215,52,0
4226,42.260274945,222.088000000,100,1410,1215,52,0
4227,42.270274853,222.088000000,100,1410,1215,52,0
4228,42.280274811,222.088000000,100,1410,1215,52,0
4229,42.290275901,222.088000000,100,1410,1215,52,0
4230,42.300276430,222.088000000,100,1410,1215,52,0
4231,42.310275326,222.088000000,100,1410,1215,52,0
4232,42.320277228,204.125000000,100,1410,1215,52,0
4233,42.330276494,204.125000000,100,1410,1215,52,0
4234,42.340279989,204.125000000,100,1410,1215,52,0
4235,42.350276280,204.125000000,100,1410,1215,52,0
4236,42.360275466,204.125000000,100,1410,1215,52,0
4237,42.370274763,204.125000000,100,1410,1215,52,0
4238,42.380276645,204.125000000,100,1410,1215,52,0
4239,42.390275571,204.125000000,100,1410,1215,52,0
4240,42.400274878,204.125000000,100,1410,1215,52,0
4241,42.410274996,204.125000000,100,1410,1215,52,0
4242,42.420281706,222.869000000,100,1410,1215,52,0
4243,42.430277497,222.869000000,100,1410,1215,51,0
4244,42.440277485,222.869000000,100,1410,1215,51,0
4245,42.450275449,222.869000000,100,1410,1215,51,0
4246,42.460275116,222.869000000,100,1410,1215,51,0
4247,42.470275405,222.869000000,100,1410,1215,51,0
4248,42.480276014,222.869000000,100,1410,1215,51,0
4249,42.490274509,222.869000000,100,1410,1215,51,0
4250,42.500274838,222.869000000,100,1410,1215,51,0
4251,42.510275487,222.869000000,100,1410,1215,51,0
4252,42.520277389,216.775000000,100,1410,1215,51,0
4253,42.530276455,216.775000000,100,1410,1215,51,0
4254,42.540275000,216.775000000,100,1410,1215,51,0
4255,42.550276832,216.775000000,100,1410,1215,51,0
4256,42.560276630,216.775000000,100,1410,1215,51,0
4257,42.570275936,216.775000000,100,1410,1215,51,0
4258,42.580276395,216.775000000,100,1410,1215,51,0
4259,42.590276253,216.775000000,100,1410,1215,51,0
4260,42.600276722,216.775000000,100,1410,1215,51,0
4261,42.610276950,216.775000000,100,1410,1215,51,0
4262,42.620277489,222.869000000,100,1410,1215,51,0
4263,42.630276946,222.869000000,100,1410,1215,52,0
4264,42.640276173,222.869000000,100,1410,1215,52,0
4265,42.650279407,222.869000000,100,1410,1215,52,0
4266,42.660276730,222.869000000,100,1410,1215,52,0
4267,42.670276608,222.869000000,100,1410,1215,52,0
4268,42.680276025,222.869000000,100,1410,1215,52,0
4269,42.690279479,222.869000000,100,1410,1215,52,0
4270,42.700281070,222.869000000,100,1410,1215,52,0
4271,42.710274937,222.869000000,100,1410,1215,52,0
4272,42.720275786,220.931000000,100,1410,1215,52,0
4273,42.730274893,220.931000000,100,1410,1215,52,0
4274,42.740274901,220.931000000,100,1410,1215,52,0
4275,42.750274588,220.931000000,100,1410,1215,52,0
4276,42.760274346,220.931000000,100,1410,1215,52,0
4277,42.770274965,220.931000000,100,1410,1215,52,0
4278,42.780275434,220.931000000,100,1410,1215,52,0
4279,42.790275182,220.931000000,100,1410,1215,52,0
4280,42.800275781,220.931000000,100,1410,1215,52,0
4281,42.810275338,220.931000000,100,1410,1215,52,0
4282,42.820275546,212.093000000,100,1410,1215,52,0
4283,42.830277057,212.093000000,100,1410,1215,52,0
4284,42.840275953,212.093000000,100,1410,1215,52,0
4285,42.850275681,212.093000000,100,1410,1215,52,0
4286,42.860279436,212.093000000,100,1410,1215,52,0
4287,42.870276258,212.093000000,100,1410,1215,52,0
4288,42.880275685,212.093000000,100,1410,1215,52,0
4289,42.890276354,212.093000000,100,1410,1215,52,0
4290,42.900276272,212.093000000,100,1410,1215,52,0
4291,42.910275939,212.093000000,100,1410,1215,52,0
4292,42.920275937,222.967000000,100,1410,1215,52,0
4293,42.930276687,222.967000000,100,1410,1215,52,0
4294,42.940275072,222.967000000,100,1410,1215,52,0
4295,42.950275140,222.967000000,100,1410,1215,52,0
4296,42.960276030,222.967000000,100,1410,1215,52,0
4297,42.970275046,222.967000000,100,1410,1215,52,0
4298,42.980280284,222.967000000,100,1410,1215,52,0
4299,42.990276054,222.967000000,100,1410,1215,52,0
4300,43.000276302,222.967000000,100,1410,1215,52,0
4301,43.010275138,222.967000000,100,1410,1215,52,0
4302,43.020276779,213.030000000,100,1410,1215,52,0
4303,43.030276346,213.030000000,100,1410,1215,52,0
4304,43.040275072,213.030000000,100,1410,1215,52,0
4305,43.050276723,213.030000000,100,1410,1215,52,0
4306,43.060276631,213.030000000,100,1410,1215,52,0
4307,43.070275787,213.030000000,100,1410,1215,52,0
4308,43.080276928,213.030000000,100,1410,1215,52,0
4309,43.090280583,213.030000000,100,1410,1215,52,0
4310,43.100276493,213.030000000,100,1410,1215,52,0
4311,43.110275870,213.030000000,100,1410,1215,52,0
4312,43.120276719,222.989000000,100,1410,1215,52,0
4313,43.130276276,222.989000000,100,1410,1215,52,0
4314,43.140275092,222.989000000,100,1410,1215,52,0
4315,43.150275361,222.989000000,100,1410,1215,52,0
4316,43.160275419,222.989000000,100,1410,1215,52,0
4317,43.170275367,222.989000000,100,1410,1215,52,0
4318,43.180286626,222.989000000,100,1410,1215,52,0
4319,43.190279521,222.989000000,100,1410,1215,52,0
4320,43.200275431,222.989000000,100,1410,1215,52,0
4321,43.210286460,222.989000000,100,1410,1215,52,0
4322,43.220278433,220.206000000,100,1410,1215,52,0
4323,43.230276297,220.206000000,100,1410,1215,52,0
4324,43.240275433,220.206000000,100,1410,1215,52,0
4325,43.250275511,220.206000000,100,1410,1215,52,0
4326,43.260277383,220.206000000,100,1410,1215,52,0
4327,43.270277942,220.206000000,100,1410,1215,52,0
4328,43.280274444,220.206000000,100,1410,1215,52,0
4329,43.290300771,220.206000000,100,1410,1215,52,0
4330,43.300275251,220.206000000,100,1410,1215,52,0
4331,43.310276572,220.206000000,100,1410,1215,52,0
4332,43.320280517,221.494000000,100,1410,1215,52,0
4333,43.330277169,221.494000000,100,1410,1215,52,0
4334,43.340277808,221.494000000,100,1410,1215,52,0
4335,43.350274720,221.494000000,100,1410,1215,52,0
4336,43.360275249,221.494000000,100,1410,1215,52,0
4337,43.370277321,221.494000000,100,1410,1215,52,0
4338,43.380275426,221.494000000,100,1410,1215,52,0
4339,43.390333302,221.494000000,100,1410,1215,52,0
4340,43.400276724,221.494000000,100,1410,1215,52,0
4341,43.410274598,221.494000000,100,1410,1215,52,0
4342,43.420277782,222.487000000,100,1410,1215,52,0
4343,43.430276868,222.487000000,100,1410,1215,52,0
4344,43.440276556,222.487000000,100,1410,1215,52,0
4345,43.450277766,222.487000000,100,1410,1215,52,0
4346,43.460275450,222.487000000,100,1410,1215,52,0
4347,43.470277131,222.487000000,100,1410,1215,52,0
4348,43.480338644,222.487000000,100,1410,1215,52,0
4349,43.490275514,222.487000000,100,1410,1215,52,0
4350,43.500284599,222.487000000,100,1410,1215,52,0
4351,43.510274819,222.487000000,100,1410,1215,52,0
4352,43.520278774,207.352000000,100,1410,1215,52,0
4353,43.530276147,207.352000000,100,1410,1215,52,0
4354,43.540275264,207.352000000,100,1410,1215,52,0
4355,43.550275302,207.352000000,100,1410,1215,52,0
4356,43.560275089,207.352000000,100,1410,1215,52,0
4357,43.570275358,207.352000000,100,1410,1215,52,0
4358,43.580275506,207.352000000,100,1410,1215,52,0
4359,43.590276416,207.352000000,100,1410,1215,52,0
4360,43.600275252,207.352000000,100,1410,1215,52,0
4361,43.610275911,207.352000000,100,1410,1215,52,0
4362,43.620276080,223.086000000,100,1410,1215,52,0
4363,43.630276588,223.086000000,100,1410,1215,51,0
4364,43.640275645,223.086000000,100,1410,1215,51,0
4365,43.650274491,223.086000000,100,1410,1215,51,0
4366,43.660275901,223.086000000,100,1410,1215,51,0
4367,43.670275829,223.086000000,100,1410,1215,51,0
4368,43.680279634,223.086000000,100,1410,1215,51,0
4369,43.690275545,223.086000000,100,1410,1215,51,0
4370,43.700275713,223.086000000,100,1410,1215,51,0
4371,43.710275471,223.086000000,100,1410,1215,51,0
4372,43.720280388,216.899000000,100,1410,1215,52,0
4373,43.730275266,216.899000000,100,1410,1215,52,0
4374,43.740274202,216.899000000,100,1410,1215,52,0
4375,43.750274481,216.899000000,100,1410,1215,52,0
4376,43.760274699,216.899000000,100,1410,1215,52,0
4377,43.770275970,216.899000000,100,1410,1215,52,0
4378,43.780275417,216.899000000,100,1410,1215,52,0
4379,43.790274463,216.899000000,100,1410,1215,52,0
4380,43.800274932,216.899000000,100,1410,1215,52,0
4381,43.810274409,216.899000000,100,1410,1215,52,0
4382,43.820276511,222.511000000,100,1410,1215,52,0
4383,43.830275868,222.511000000,100,1410,1215,52,0
4384,43.840277188,222.511000000,100,1410,1215,52,0
4385,43.850275303,222.511000000,100,1410,1215,52,0
4386,43.860277745,222.511000000,100,1410,1215,52,0
4387,43.870274758,222.511000000,100,1410,1215,52,0
4388,43.880275928,222.511000000,100,1410,1215,52,0
4389,43.890275425,222.511000000,100,1410,1215,52,0
4390,43.900276415,222.511000000,100,1410,1215,52,0
4391,43.910279869,222.511000000,100,1410,1215,52,0
4392,43.920276190,220.931000000,100,1410,1215,52,0
4393,43.930276469,220.931000000,100,1410,1215,52,0
4394,43.940275174,220.931000000,100,1410,1215,52,0
4395,43.950275743,220.931000000,100,1410,1215,52,0
4396,43.960274750,220.931000000,100,1410,1215,52,0
4397,43.970275379,220.931000000,100,1410,1215,52,0
4398,43.980274655,220.931000000,100,1410,1215,52,0
4399,43.990275475,220.931000000,100,1410,1215,52,0
4400,44.000274982,220.931000000,100,1410,1215,52,0
4401,44.010279799,220.931000000,100,1410,1215,52,0
4402,44.020277703,210.501000000,100,1410,1215,52,0
4403,44.030275898,210.501000000,100,1410,1215,52,0
4404,44.040275385,210.501000000,100,1410,1215,52,0
4405,44.050274632,210.501000000,100,1410,1215,52,0
4406,44.060276223,210.501000000,100,1410,1215,52,0
4407,44.070276201,210.501000000,100,1410,1215,52,0
4408,44.080276249,210.501000000,100,1410,1215,52,0
4409,44.090276086,210.501000000,100,1410,1215,52,0
4410,44.100280322,210.501000000,100,1410,1215,52,0
4411,44.110275912,210.501000000,100,1410,1215,52,0
4412,44.120277443,223.253000000,100,1410,1215,52,0
4413,44.130276579,223.253000000,100,1410,1215,52,0
4414,44.140274944,223.253000000,100,1410,1215,52,0
4415,44.150274892,223.253000000,100,1410,1215,52,0
4416,44.160275291,223.253000000,100,1410,1215,52,0
4417,44.170279316,223.253000000,100,1410,1215,52,0
4418,44.180279645,223.253000000,100,1410,1215,52,0
4419,44.190275275,223.253000000,100,1410,1215,52,0
4420,44.200274271,223.253000000,100,1410,1215,52,0
4421,44.210275461,223.253000000,100,1410,1215,52,0
4422,44.220276221,215.339000000,100,1410,1215,52,0
4423,44.230281649,215.339000000,100,1410,1215,52,0
4424,44.240275235,215.339000000,100,1410,1215,52,0
4425,44.250276165,215.339000000,100,1410,1215,52,0
4426,44.260274830,215.339000000,100,1410,1215,52,0
4427,44.270275019,215.339000000,100,1410,1215,52,0
4428,44.280274456,215.339000000,100,1410,1215,52,0
4429,44.290274303,215.339000000,100,1410,1215,52,0
4430,44.300274311,215.339000000,100,1410,1215,52,0
4431,44.310274540,215.339000000,100,1410,1215,52,0
4432,44.320276642,223.213000000,100,1410,1215,52,0
4433,44.330276860,223.213000000,100,1410,1215,52,0
4434,44.340275736,223.213000000,100,1410,1215,52,0
4435,44.350276335,223.213000000,100,1410,1215,52,0
4436,44.360275722,223.213000000,100,1410,1215,52,0
4437,44.370277594,223.213000000,100,1410,1215,52,0
4438,44.380275107,223.213000000,100,1410,1215,52,0
4439,44.390275636,223.213000000,100,1410,1215,52,0
4440,44.400277678,223.213000000,100,1410,1215,52,0
4441,44.410275472,223.213000000,100,1410,1215,52,0
4442,44.420275951,220.433000000,100,1410,1215,52,0
4443,44.430275778,220.433000000,100,1410,1215,52,0
4444,44.440275015,220.433000000,100,1410,1215,52,0
4445,44.450275784,220.433000000,100,1410,1215,52,0
4446,44.460279079,220.433000000,100,1410,1215,52,0
4447,44.470275760,220.433000000,100,1410,1215,52,0
4448,44.480274927,220.433000000,100,1410,1215,52,0
4449,44.490276418,220.433000000,100,1410,1215,52,0
4450,44.500275223,220.433000000,100,1410,1215,52,0
4451,44.510274871,220.433000000,100,1410,1215,52,0
4452,44.520276141,220.779000000,100,1410,1215,52,0
4453,44.530277271,220.779000000,100,1410,1215,52,0
4454,44.540274925,220.779000000,100,1410,1215,52,0
4455,44.550275013,220.779000000,100,1410,1215,52,0
4456,44.560274871,220.779000000,100,1410,1215,52,0
4457,44.570276402,220.779000000,100,1410,1215,52,0
4458,44.580276440,220.779000000,100,1410,1215,52,0
4459,44.590280566,220.779000000,100,1410,1215,52,0
4460,44.600277047,220.779000000,100,1410,1215,52,0
4461,44.610274741,220.779000000,100,1410,1215,52,0
4462,44.620276652,222.581000000,100,1410,1215,52,0
4463,44.630277362,222.581000000,100,1410,1215,52,0
4464,44.640275316,222.581000000,100,1410,1215,52,0
4465,44.650274963,222.581000000,100,1410,1215,52,0
4466,44.660274961,222.581000000,100,1410,1215,52,0
4467,44.670275580,222.581000000,100,1410,1215,52,0
4468,44.680274997,222.581000000,100,1410,1215,52,0
4469,44.690276187,222.581000000,100,1410,1215,52,0
4470,44.700275073,222.581000000,100,1410,1215,52,0
4471,44.710275622,222.581000000,100,1410,1215,52,0
4472,44.720276302,208.185000000,100,1410,1215,52,0
4473,44.730276179,208.185000000,100,1410,1215,52,0
4474,44.740287128,208.185000000,100,1410,1215,52,0
4475,44.750276677,208.185000000,100,1410,1215,52,0
4476,44.760274941,208.185000000,100,1410,1215,52,0
4477,44.770275380,208.185000000,100,1410,1215,52,0
4478,44.780274426,208.185000000,100,1410,1215,52,0
4479,44.790278552,208.185000000,100,1410,1215,52,0
4480,44.800278229,208.185000000,100,1410,1215,52,0
4481,44.810274701,208.185000000,100,1410,1215,52,0
4482,44.820275230,223.278000000,100,1410,1215,52,0
4483,44.830275879,223.278000000,100,1410,1215,52,0
4484,44.840274585,223.278000000,100,1410,1215,52,0
4485,44.850275865,223.278000000,100,1410,1215,52,0
4486,44.860280502,223.278000000,100,1410,1215,52,0
4487,44.870276452,223.278000000,100,1410,1215,52,0
4488,44.880276290,223.278000000,100,1410,1215,52,0
4489,44.890275076,223.278000000,100,1410,1215,52,0
4490,44.900274903,223.278000000,100,1410,1215,52,0
4491,44.910275633,223.278000000,100,1410,1215,52,0
4492,44.920275530,217.583000000,100,1410,1215,52,0
4493,44.930276821,217.583000000,100,1410,1215,52,0
4494,44.940274515,217.583000000,100,1410,1215,52,0
4495,44.950275164,217.583000000,100,1410,1215,52,0
4496,44.960276204,217.583000000,100,1410,1215,52,0
4497,44.970278987,217.583000000,100,1410,1215,52,0
4498,44.980280237,217.583000000,100,1410,1215,52,0
4499,44.990278823,217.583000000,100,1410,1215,52,0
4500,45.000274723,217.583000000,100,1410,1215,52,0
4501,45.010275102,217.583000000,100,1410,1215,52,0
4502,45.020274879,222.319000000,100,1410,1215,52,0
4503,45.030280828,222.319000000,100,1410,1215,52,0
4504,45.040276428,222.319000000,100,1410,1215,52,0
4505,45.050274983,222.319000000,100,1410,1215,52,0
4506,45.060276264,222.319000000,100,1410,1215,52,0
4507,45.070276322,222.319000000,100,1410,1215,52,0
4508,45.080276009,222.319000000,100,1410,1215,52,0
4509,45.090276158,222.319000000,100,1410,1215,52,0
4510,45.100280243,222.319000000,100,1410,1215,52,0
4511,45.110276675,222.319000000,100,1410,1215,52,0
4512,45.120277344,221.447000000,100,1410,1215,52,0
4513,45.130281339,221.447000000,100,1410,1215,52,0
4514,45.140276118,221.447000000,100,1410,1215,52,0
4515,45.150275745,221.447000000,100,1410,1215,52,0
4516,45.160276224,221.447000000,100,1410,1215,52,0
4517,45.170277344,221.447000000,100,1410,1215,52,0
4518,45.180276360,221.447000000,100,1410,1215,52,0
4519,45.190275707,221.447000000,100,1410,1215,52,0
4520,45.200276426,221.447000000,100,1410,1215,52,0
4521,45.210276144,221.447000000,100,1410,1215,52,0
4522,45.220276773,210.219000000,100,1410,1215,52,0
4523,45.230281430,210.219000000,100,1410,1215,52,0
4524,45.240276358,210.219000000,100,1410,1215,52,0
4525,45.250285623,210.219000000,100,1410,1215,52,0
4526,45.260275833,210.219000000,100,1410,1215,52,0
4527,45.270276232,210.219000000,100,1410,1215,52,0
4528,45.280275058,210.219000000,100,1410,1215,52,0
4529,45.290275396,210.219000000,100,1410,1215,52,0
4530,45.300274593,210.219000000,100,1410,1215,52,0
4531,45.310275172,210.219000000,100,1410,1215,52,0
4532,45.320276903,210.219000000,100,1410,1215,52,0
4533,45.330276019,223.342000000,100,1410,1215,52,0
4534,45.340274615,223.342000000,100,1410,1215,52,0
4535,45.350275034,223.342000000,100,1410,1215,52,0
4536,45.360275993,223.342000000,100,1410,1215,52,0
4537,45.370275210,223.342000000,100,1410,1215,52,0
4538,45.380275809,223.342000000,100,1410,1215,52,0
4539,45.390276218,223.342000000,100,1410,1215,52,0
4540,45.400276496,223.342000000,100,1410,1215,52,0
4541,45.410275913,223.342000000,100,1410,1215,52,0
4542,45.420276492,223.342000000,100,1410,1215,52,0
4543,45.430276641,214.435000000,100,1410,1215,52,0
4544,45.440275567,214.435000000,100,1410,1215,52,0
4545,45.450274873,214.435000000,100,1410,1215,52,0
4546,45.460275202,214.435000000,100,1410,1215,52,0
4547,45.470275020,214.435000000,100,1410,1215,52,0
4548,45.480275458,214.435000000,100,1410,1215,52,0
4549,45.490275627,214.435000000,100,1410,1215,52,0
4550,45.500275064,214.435000000,100,1410,1215,52,0
4551,45.510275132,214.435000000,100,1410,1215,52,0
4552,45.520275601,214.435000000,100,1410,1215,52,0
4553,45.530275949,223.451000000,100,1410,1215,52,0
4554,45.540276428,223.451000000,100,1410,1215,52,0
4555,45.550276186,223.451000000,100,1410,1215,52,0
4556,45.560276424,223.451000000,100,1410,1215,52,0
4557,45.570276212,223.451000000,100,1410,1215,52,0
4558,45.580276009,223.451000000,100,1410,1215,52,0
4559,45.590279805,223.451000000,100,1410,1215,52,0
4560,45.600276406,223.451000000,100,1410,1215,52,0
4561,45.610280352,223.451000000,100,1410,1215,52,0
4562,45.620277324,223.451000000,100,1410,1215,52,0
4563,45.630276571,220.144000000,100,1410,1215,52,0
4564,45.640276198,220.144000000,100,1410,1215,52,0
4565,45.650280434,220.144000000,100,1410,1215,52,0
4566,45.660274831,220.144000000,100,1410,1215,52,0
4567,45.670276342,220.144000000,100,1410,1215,52,0
4568,45.680276150,220.144000000,100,1410,1215,52,0
4569,45.690280145,220.144000000,100,1410,1215,52,0
4570,45.700275064,220.144000000,100,1410,1215,52,0
4571,45.710279831,220.144000000,100,1410,1215,52,0
4572,45.720277074,219.831000000,100,1410,1215,52,0
4573,45.730277031,219.831000000,100,1410,1215,52,0
4574,45.740275697,219.831000000,100,1410,1215,52,0
4575,45.750276396,219.831000000,100,1410,1215,52,0
4576,45.760281494,219.831000000,100,1410,1215,52,0
4577,45.770274429,219.831000000,100,1410,1215,52,0
4578,45.780273515,219.831000000,100,1410,1215,52,0
4579,45.790274595,219.831000000,100,1410,1215,52,0
4580,45.800274072,219.831000000,100,1410,1215,52,0
4581,45.810274831,219.831000000,100,1410,1215,52,0
4582,45.820274619,222.607000000,100,1410,1215,52,0
4583,45.830276561,222.607000000,100,1410,1215,52,0
4584,45.840274495,222.607000000,100,1410,1215,52,0
4585,45.850275494,222.607000000,100,1410,1215,52,0
4586,45.860275432,222.607000000,100,1410,1215,52,0
4587,45.870275130,222.607000000,100,1410,1215,52,0
4588,45.880275559,222.607000000,100,1410,1215,52,0
4589,45.890275136,222.607000000,100,1410,1215,52,0
4590,45.900275074,222.607000000,100,1410,1215,52,0
4591,45.910275152,222.607000000,100,1410,1215,52,0
4592,45.920276282,209.723000000,100,1410,1215,52,0
4593,45.930276570,209.723000000,100,1410,1215,52,0
4594,45.940275066,209.723000000,100,1410,1215,52,0
4595,45.950274883,209.723000000,100,1410,1215,52,0
4596,45.960276364,209.723000000,100,1410,1215,52,0
4597,45.970275380,209.723000000,100,1410,1215,52,0
4598,45.980276260,209.723000000,100,1410,1215,52,0
4599,45.990274815,209.723000000,100,1410,1215,52,0
4600,46.000274973,209.723000000,100,1410,1215,52,0
4601,46.010279099,209.723000000,100,1410,1215,52,0
4602,46.020277063,223.252000000,100,1410,1215,52,0
4603,46.030277793,223.252000000,100,1410,1215,52,0
4604,46.040276659,223.252000000,100,1410,1215,52,0
4605,46.050276045,223.252000000,100,1410,1215,52,0
4606,46.060277155,223.252000000,100,1410,1215,52,0
4607,46.070279398,223.252000000,100,1410,1215,52,0
4608,46.080275168,223.252000000,100,1410,1215,52,0
4609,46.090276077,223.252000000,100,1410,1215,52,0
4610,46.100275384,223.252000000,100,1410,1215,52,0
4611,46.110279881,223.252000000,100,1410,1215,52,0
4612,46.120278105,218.625000000,100,1410,1215,52,0
4613,46.130278033,218.625000000,100,1410,1215,52,0
4614,46.140274384,218.625000000,100,1410,1215,52,0
4615,46.150275564,218.625000000,100,1410,1215,52,0
4616,46.160274520,218.625000000,100,1410,1215,52,0
4617,46.170275050,218.625000000,100,1410,1215,52,0
4618,46.180275749,218.625000000,100,1410,1215,52,0
4619,46.190275186,218.625000000,100,1410,1215,52,0
4620,46.200275214,218.625000000,100,1410,1215,52,0
4621,46.210275072,218.625000000,100,1410,1215,52,0
4622,46.220276192,222.775000000,100,1410,1215,52,0
4623,46.230277432,222.775000000,100,1410,1215,52,0
4624,46.240275486,222.775000000,100,1410,1215,52,0
4625,46.250279321,222.775000000,100,1410,1215,52,0
4626,46.260276855,222.775000000,100,1410,1215,52,0
4627,46.270275099,222.775000000,100,1410,1215,52,0
4628,46.280275378,222.775000000,100,1410,1215,52,0
4629,46.290276248,222.775000000,100,1410,1215,52,0
4630,46.300274783,222.775000000,100,1410,1215,52,0
4631,46.310274881,222.775000000,100,1410,1215,52,0
4632,46.320275751,221.622000000,100,1410,1215,52,0
4633,46.330276520,221.622000000,100,1410,1215,52,0
4634,46.340274765,221.622000000,100,1410,1215,52,0
4635,46.350275083,221.622000000,100,1410,1215,52,0
4636,46.360274901,221.622000000,100,1410,1215,52,0
4637,46.370280690,221.622000000,100,1410,1215,52,0
4638,46.380275498,221.622000000,100,1410,1215,52,0
4639,46.390275977,221.622000000,100,1410,1215,52,0
4640,46.400275394,221.622000000,100,1410,1215,52,0
4641,46.410274881,221.622000000,100,1410,1215,52,0
4642,46.420275771,209.631000000,100,1410,1215,52,0
4643,46.430276129,209.631000000,100,1410,1215,52,0
4644,46.440274915,209.631000000,100,1410,1215,52,0
4645,46.450274642,209.631000000,100,1410,1215,52,0
4646,46.460274701,209.631000000,100,1410,1215,52,0
4647,46.470274789,209.631000000,100,1410,1215,52,0
4648,46.480275077,209.631000000,100,1410,1215,52,0
4649,46.490276177,209.631000000,100,1410,1215,52,0
4650,46.500275234,209.631000000,100,1410,1215,52,0
4651,46.510275111,209.631000000,100,1410,1215,52,0
4652,46.520277313,222.997000000,100,1410,1215,52,0
4653,46.530276290,222.997000000,100,1410,1215,52,0
4654,46.540276307,222.997000000,100,1410,1215,52,0
4655,46.550274111,222.997000000,100,1410,1215,52,0
4656,46.560281643,222.997000000,100,1410,1215,52,0
4657,46.570282233,222.997000000,100,1410,1215,52,0
4658,46.580278584,222.997000000,100,1410,1215,52,0
4659,46.590277640,222.997000000,100,1410,1215,52,0
4660,46.600277518,222.997000000,100,1410,1215,52,0
4661,46.610278608,222.997000000,100,1410,1215,52,0
4662,46.620245484,215.337000000,100,1410,1215,52,0
4663,46.630278934,215.337000000,100,1410,1215,52,0
4664,46.640279103,215.337000000,100,1410,1215,52,0
4665,46.650278379,215.337000000,100,1410,1215,52,0
4666,46.660278277,215.337000000,100,1410,1215,52,0
4667,46.670275350,215.337000000,100,1410,1215,52,0
4668,46.680279235,215.337000000,100,1410,1215,52,0
4669,46.690276297,215.337000000,100,1410,1215,52,0
4670,46.700323955,215.337000000,100,1410,1215,52,0
4671,46.710299828,215.337000000,100,1410,1215,52,0
4672,46.720278956,223.942000000,100,1410,1215,52,0
4673,46.730278944,223.942000000,100,1410,1215,52,0
4674,46.740296505,223.942000000,100,1410,1215,52,0
4675,46.750283409,223.942000000,100,1410,1215,52,0
4676,46.760281152,223.942000000,100,1410,1215,52,0
4677,46.770275309,223.942000000,100,1410,1215,52,0
4678,46.780275578,223.942000000,100,1410,1215,52,0
4679,46.790282248,223.942000000,100,1410,1215,52,0
4680,46.800277107,223.942000000,100,1410,1215,52,0
4681,46.810275311,223.942000000,100,1410,1215,52,0
4682,46.820279187,221.021000000,100,1410,1215,52,0
4683,46.830278914,221.021000000,100,1410,1215,52,0
4684,46.840274444,221.021000000,100,1410,1215,52,0
4685,46.850284651,221.021000000,100,1410,1215,52,0
4686,46.860281653,221.021000000,100,1410,1215,52,0
4687,46.870276532,221.021000000,100,1410,1215,52,0
4688,46.880306576,221.021000000,100,1410,1215,52,0
4689,46.890286216,221.021000000,100,1410,1215,52,0
4690,46.900277577,221.021000000,100,1410,1215,52,0
4691,46.910274249,221.021000000,100,1410,1215,52,0
4692,46.920283204,218.203000000,100,1410,1215,52,0
4693,46.930280427,218.203000000,100,1410,1215,52,0
4694,46.940280194,218.203000000,100,1410,1215,52,0
4695,46.950447746,218.203000000,100,1410,1215,52,0
4696,46.960282895,218.203000000,100,1410,1215,52,0
4697,46.970290217,218.203000000,100,1410,1215,52,0
4698,46.980299542,218.203000000,100,1410,1215,52,0
4699,46.990297988,218.203000000,100,1410,1215,52,0
4700,47.000307103,218.203000000,100,1410,1215,52,0
4701,47.010297102,218.203000000,100,1410,1215,52,0
4702,47.020287852,223.002000000,100,1410,1215,52,0
4703,47.030287139,223.002000000,100,1410,1215,52,0
4704,47.040274543,223.002000000,100,1410,1215,52,0
4705,47.050276555,223.002000000,100,1410,1215,52,0
4706,47.060297072,223.002000000,100,1410,1215,52,0
4707,47.070274788,223.002000000,100,1410,1215,52,0
4708,47.080274586,223.002000000,100,1410,1215,52,0
4709,47.090324387,223.002000000,100,1410,1215,52,0
4710,47.100283949,223.002000000,100,1410,1215,52,0
4711,47.110288996,223.002000000,100,1410,1215,52,0
4712,47.120276170,211.429000000,100,1410,1215,52,0
4713,47.130276289,211.429000000,100,1410,1215,52,0
4714,47.140275475,211.429000000,100,1410,1215,52,0
4715,47.150274491,211.429000000,100,1410,1215,52,0
4716,47.160287524,211.429000000,100,1410,1215,52,0
4717,47.170276110,211.429000000,100,1410,1215,52,0
4718,47.180275667,211.429000000,100,1410,1215,52,0
4719,47.190274824,211.429000000,100,1410,1215,52,0
4720,47.200274952,211.429000000,100,1410,1215,52,0
4721,47.210289748,211.429000000,100,1410,1215,52,0
4722,47.220401405,223.526000000,100,1410,1215,52,0
4723,47.230277030,223.526000000,100,1410,1215,52,0
4724,47.240277378,223.526000000,100,1410,1215,52,0
4725,47.250277356,223.526000000,100,1410,1215,52,0
4726,47.260289146,223.526000000,100,1410,1215,52,0
4727,47.270274737,223.526000000,100,1410,1215,52,0
4728,47.280275357,223.526000000,100,1410,1215,52,0
4729,47.290277278,223.526000000,100,1410,1215,52,0
4730,47.300275322,223.526000000,100,1410,1215,52,0
4731,47.310281973,223.526000000,100,1410,1215,52,0
4732,47.320276130,218.903000000,100,1410,1215,52,0
4733,47.330276078,218.903000000,100,1410,1215,52,0
4734,47.340278641,218.903000000,100,1410,1215,52,0
4735,47.350275202,218.903000000,100,1410,1215,52,0
4736,47.360276462,218.903000000,100,1410,1215,52,0
4737,47.370278955,218.903000000,100,1410,1215,52,0
4738,47.380275356,218.903000000,100,1410,1215,52,0
4739,47.390276567,218.903000000,100,1410,1215,52,0
4740,47.400274511,218.903000000,100,1410,1215,52,0
4741,47.410277304,218.903000000,100,1410,1215,52,0
4742,47.420278915,222.409000000,100,1410,1215,52,0
4743,47.430276248,222.409000000,100,1410,1215,52,0
4744,47.440274993,222.409000000,100,1410,1215,52,0
4745,47.450275182,222.409000000,100,1410,1215,52,0
4746,47.460275050,222.409000000,100,1410,1215,52,0
4747,47.470278775,222.409000000,100,1410,1215,52,0
4748,47.480275977,222.409000000,100,1410,1215,52,0
4749,47.490279171,222.409000000,100,1410,1215,52,0
4750,47.500276635,222.409000000,100,1410,1215,52,0
4751,47.510277344,222.409000000,100,1410,1215,52,0
4752,47.520279887,222.313000000,100,1410,1215,52,0
4753,47.530277560,222.313000000,100,1410,1215,52,0
4754,47.540276476,222.313000000,100,1410,1215,52,0
4755,47.550275953,222.313000000,100,1410,1215,52,0
4756,47.560274979,222.313000000,100,1410,1215,52,0
4757,47.570275689,222.313000000,100,1410,1215,52,0
4758,47.580275967,222.313000000,100,1410,1215,52,0
4759,47.590275214,222.313000000,100,1410,1215,52,0
4760,47.600276053,222.313000000,100,1410,1215,52,0
4761,47.610276682,222.313000000,100,1410,1215,52,0
4762,47.620280427,205.860000000,100,1410,1215,52,0
4763,47.630286086,205.860000000,100,1410,1215,52,0
4764,47.640279311,205.860000000,100,1410,1215,52,0
4765,47.650277947,205.860000000,100,1410,1215,52,0
4766,47.660306799,205.860000000,100,1410,1215,52,0
4767,47.670278163,205.860000000,100,1410,1215,52,0
4768,47.680283321,205.860000000,100,1410,1215,52,0
4769,47.690282357,205.860000000,100,1410,1215,52,0
4770,47.700277035,205.860000000,100,1410,1215,52,0
4771,47.710273296,205.860000000,100,1410,1215,52,0
4772,47.720295726,223.430000000,100,1410,1215,52,0
4773,47.730277770,223.430000000,100,1410,1215,52,0
4774,47.740276826,223.430000000,100,1410,1215,52,0
4775,47.750276524,223.430000000,100,1410,1215,52,0
4776,47.760274748,223.430000000,100,1410,1215,52,0
4777,47.770280768,223.430000000,100,1410,1215,52,0
4778,47.780274454,223.430000000,100,1410,1215,52,0
4779,47.790275394,223.430000000,100,1410,1215,52,0
4780,47.800275041,223.430000000,100,1410,1215,52,0
4781,47.810274678,223.430000000,100,1410,1215,52,0
4782,47.820279806,216.947000000,100,1410,1215,52,0
4783,47.830275095,216.947000000,100,1410,1215,52,0
4784,47.840277046,216.947000000,100,1410,1215,52,0
4785,47.850274810,216.947000000,100,1410,1215,52,0
4786,47.860273686,216.947000000,100,1410,1215,52,0
4787,47.870280056,216.947000000,100,1410,1215,52,0
4788,47.880275866,216.947000000,100,1410,1215,52,0
4789,47.890276065,216.947000000,100,1410,1215,52,0
4790,47.900275201,216.947000000,100,1410,1215,52,0
4791,47.910274247,216.947000000,100,1410,1215,52,0
4792,47.920284785,223.788000000,100,1410,1215,52,0
4793,47.930276417,223.788000000,100,1410,1215,52,0
4794,47.940275343,223.788000000,100,1410,1215,52,0
4795,47.950276122,223.788000000,100,1410,1215,52,0
4796,47.960274297,223.788000000,100,1410,1215,52,0
4797,47.970274335,223.788000000,100,1410,1215,52,0
4798,47.980284722,223.788000000,100,1410,1215,52,0
4799,47.990275633,223.788000000,100,1410,1215,52,0
4800,48.000274589,223.788000000,100,1410,1215,52,0
4801,48.010276140,223.788000000,100,1410,1215,52,0
4802,48.020275036,221.520000000,100,1410,1215,52,0
4803,48.030300332,221.520000000,100,1410,1215,52,0
4804,48.040277567,221.520000000,100,1410,1215,52,0
4805,48.050283376,221.520000000,100,1410,1215,52,0
4806,48.060276972,221.520000000,100,1410,1215,52,0
4807,48.070288231,221.520000000,100,1410,1215,52,0
4808,48.080279943,221.520000000,100,1410,1215,52,0
4809,48.090274321,221.520000000,100,1410,1215,52,0
4810,48.100287283,221.520000000,100,1410,1215,52,0
4811,48.110286029,221.520000000,100,1410,1215,52,0
4812,48.120279785,214.650000000,100,1410,1215,52,0
4813,48.130289411,214.650000000,100,1410,1215,52,0
4814,48.140279991,214.650000000,100,1410,1215,52,0
4815,48.150281432,214.650000000,100,1410,1215,52,0
4816,48.160280057,214.650000000,100,1410,1215,52,0
4817,48.170288501,214.650000000,100,1410,1215,52,0
4818,48.180289731,214.650000000,100,1410,1215,52,0
4819,48.190281574,214.650000000,100,1410,1215,52,0
4820,48.200300157,214.650000000,100,1410,1215,52,0
4821,48.210283734,214.650000000,100,1410,1215,52,0
4822,48.220274224,223.149000000,100,1410,1215,52,0
4823,48.230274342,223.149000000,100,1410,1215,52,0
4824,48.240273649,223.149000000,100,1410,1215,52,0
4825,48.250276252,223.149000000,100,1410,1215,52,0
4826,48.260328979,223.149000000,100,1410,1215,52,0
4827,48.270277150,223.149000000,100,1410,1215,52,0
4828,48.280275284,223.149000000,100,1410,1215,52,0
4829,48.290275352,223.149000000,100,1410,1215,52,0
4830,48.300275951,223.149000000,100,1410,1215,52,0
4831,48.310275348,223.149000000,100,1410,1215,52,0
4832,48.320275737,212.548000000,100,1410,1215,52,0
4833,48.330275945,212.548000000,100,1410,1215,52,0
4834,48.340451713,212.548000000,100,1410,1215,52,0
4835,48.350274518,212.548000000,100,1410,1215,52,0
4836,48.360275057,212.548000000,100,1410,1215,52,0
4837,48.370276278,212.548000000,100,1410,1215,52,0
4838,48.380275905,212.548000000,100,1410,1215,52,0
4839,48.390275572,212.548000000,100,1410,1215,52,0
4840,48.400275670,212.548000000,100,1410,1215,52,0
4841,48.410275408,212.548000000,100,1410,1215,52,0
4842,48.420275426,223.603000000,100,1410,1215,52,0
4843,48.430275454,223.603000000,100,1410,1215,52,0
4844,48.440275261,223.603000000,100,1410,1215,52,0
4845,48.450274428,223.603000000,100,1410,1215,52,0
4846,48.460274877,223.603000000,100,1410,1215,52,0
4847,48.470275406,223.603000000,100,1410,1215,52,0
4848,48.480275103,223.603000000,100,1410,1215,52,0
4849,48.490274590,223.603000000,100,1410,1215,52,0
4850,48.500274768,223.603000000,100,1410,1215,52,0
4851,48.510275257,223.603000000,100,1410,1215,52,0
4852,48.520276107,219.499000000,100,1410,1215,52,0
4853,48.530275393,219.499000000,100,1410,1215,52,0
4854,48.540274981,219.499000000,100,1410,1215,52,0
4855,48.550275469,219.499000000,100,1410,1215,52,0
4856,48.560280026,219.499000000,100,1410,1215,52,0
4857,48.570276016,219.499000000,100,1410,1215,52,0
4858,48.580274852,219.499000000,100,1410,1215,52,0
4859,48.590275361,219.499000000,100,1410,1215,52,0
4860,48.600279797,219.499000000,100,1410,1215,52,0
4861,48.610280096,219.499000000,100,1410,1215,52,0
4862,48.620276808,221.756000000,100,1410,1215,52,0
4863,48.630276776,221.756000000,100,1410,1215,52,0
4864,48.640280601,221.756000000,100,1410,1215,52,0
4865,48.650274818,221.756000000,100,1410,1215,52,0
4866,48.660275397,221.756000000,100,1410,1215,52,0
4867,48.670275846,221.756000000,100,1410,1215,52,0
4868,48.680276305,221.756000000,100,1410,1215,52,0
4869,48.690275511,221.756000000,100,1410,1215,52,0
4870,48.700275219,221.756000000,100,1410,1215,52,0
4871,48.710274766,221.756000000,100,1410,1215,52,0
4872,48.720276457,221.756000000,100,1410,1215,52,0
4873,48.730276585,222.438000000,100,1410,1215,52,0
4874,48.740276072,222.438000000,100,1410,1215,52,0
4875,48.750278525,222.438000000,100,1410,1215,52,0
4876,48.760276479,222.438000000,100,1410,1215,52,0
4877,48.770276577,222.438000000,100,1410,1215,52,0
4878,48.780292204,222.438000000,100,1410,1215,52,0
4879,48.790280861,222.438000000,100,1410,1215,52,0
4880,48.800274818,222.438000000,100,1410,1215,52,0
4881,48.810281257,222.438000000,100,1410,1215,52,0
4882,48.820281305,222.438000000,100,1410,1215,52,0
4883,48.830279350,208.645000000,100,1410,1215,52,0
4884,48.840274499,208.645000000,100,1410,1215,52,0
4885,48.850281079,208.645000000,100,1410,1215,52,0
4886,48.860278422,208.645000000,100,1410,1215,52,0
4887,48.870276496,208.645000000,100,1410,1215,52,0
4888,48.880277426,208.645000000,100,1410,1215,52,0
4889,48.890275611,208.645000000,100,1410,1215,52,0
4890,48.900275298,208.645000000,100,1410,1215,52,0
4891,48.910276468,208.645000000,100,1410,1215,52,0
4892,48.920275765,208.645000000,100,1410,1215,52,0
4893,48.930275472,223.692000000,100,1410,1215,52,0
4894,48.940275901,223.692000000,100,1410,1215,52,0
4895,48.950274947,223.692000000,100,1410,1215,52,0
4896,48.960274735,223.692000000,100,1410,1215,52,0
4897,48.970274372,223.692000000,100,1410,1215,52,0
4898,48.980275222,223.692000000,100,1410,1215,52,0
4899,48.990274628,223.692000000,100,1410,1215,52,0
4900,49.000277371,223.692000000,100,1410,1215,52,0
4901,49.010274935,223.692000000,100,1410,1215,52,0
4902,49.020277027,223.692000000,100,1410,1215,52,0
4903,49.030275361,217.346000000,100,1410,1215,52,0
4904,49.040274558,217.346000000,100,1410,1215,52,0
4905,49.050276520,217.346000000,100,1410,1215,52,0
4906,49.060274834,217.346000000,100,1410,1215,52,0
4907,49.070274842,217.346000000,100,1410,1215,52,0
4908,49.080274610,217.346000000,100,1410,1215,52,0
4909,49.090275429,217.346000000,100,1410,1215,52,0
4910,49.100275287,217.346000000,100,1410,1215,52,0
4911,49.110291956,217.346000000,100,1410,1215,52,0
4912,49.120277447,217.346000000,100,1410,1215,52,0
4913,49.130278387,222.920000000,100,1410,1215,52,0
4914,49.140277152,222.920000000,100,1410,1215,52,0
4915,49.150275016,222.920000000,100,1410,1215,52,0
4916,49.160275626,222.920000000,100,1410,1215,52,0
4917,49.170275393,222.920000000,100,1410,1215,52,0
4918,49.180274028,222.920000000,100,1410,1215,52,0
4919,49.190277663,222.920000000,100,1410,1215,52,0
4920,49.200283993,222.920000000,100,1410,1215,52,0
4921,49.210275715,222.920000000,100,1410,1215,52,0
4922,49.220276425,222.920000000,100,1410,1215,52,0
4923,49.230276172,221.633000000,100,1410,1215,52,0
4924,49.240293332,221.633000000,100,1410,1215,52,0
4925,49.250275777,221.633000000,100,1410,1215,52,0
4926,49.260275725,221.633000000,100,1410,1215,52,0
4927,49.270275052,221.633000000,100,1410,1215,52,0
4928,49.280275140,221.633000000,100,1410,1215,52,0
4929,49.290275068,221.633000000,100,1410,1215,52,0
4930,49.300275416,221.633000000,100,1410,1215,52,0
4931,49.310276016,221.633000000,100,1410,1215,52,0
4932,49.320283828,221.633000000,100,1410,1215,52,0
4933,49.330278186,212.549000000,100,1410,1215,52,0
4934,49.340275799,212.549000000,100,1410,1215,52,0
4935,49.350275246,212.549000000,100,1410,1215,52,0
4936,49.360275053,212.549000000,100,1410,1215,52,0
4937,49.370275422,212.549000000,100,1410,1215,52,0
4938,49.380274729,212.549000000,100,1410,1215,52,0
4939,49.390280237,212.549000000,100,1410,1215,52,0
4940,49.400274645,212.549000000,100,1410,1215,52,0
4941,49.410275163,212.549000000,100,1410,1215,52,0
4942,49.420275682,223.643000000,100,1410,1215,52,0
4943,49.430275450,223.643000000,100,1410,1215,52,0
4944,49.440274897,223.643000000,100,1410,1215,52,0
4945,49.450274284,223.643000000,100,1410,1215,52,0
4946,49.460274392,223.643000000,100,1410,1215,52,0
4947,49.470274600,223.643000000,100,1410,1215,52,0
4948,49.480316016,223.643000000,100,1410,1215,52,0
4949,49.490275788,223.643000000,100,1410,1215,52,0
4950,49.500275065,223.643000000,100,1410,1215,52,0
4951,49.510275013,223.643000000,100,1410,1215,52,0
4952,49.520276123,211.801000000,100,1410,1215,52,0
4953,49.530276451,211.801000000,100,1410,1215,52,0
4954,49.540276369,211.801000000,100,1410,1215,52,0
4955,49.550275235,211.801000000,100,1410,1215,52,0
4956,49.560274492,211.801000000,100,1410,1215,52,0
4957,49.570275321,211.801000000,100,1410,1215,52,0
4958,49.580275069,211.801000000,100,1410,1215,52,0
4959,49.590275958,211.801000000,100,1410,1215,52,0
4960,49.600276177,211.801000000,100,1410,1215,52,0
4961,49.610276415,211.801000000,100,1410,1215,52,0
4962,49.620275782,223.932000000,100,1410,1215,52,0
4963,49.630276862,223.932000000,100,1410,1215,52,0
4964,49.640280557,223.932000000,100,1410,1215,52,0
4965,49.650281807,223.932000000,100,1410,1215,52,0
4966,49.660273389,223.932000000,100,1410,1215,52,0
4967,49.670273908,223.932000000,100,1410,1215,52,0
4968,49.680276591,223.932000000,100,1410,1215,52,0
4969,49.690274675,223.932000000,100,1410,1215,52,0
4970,49.700274673,223.932000000,100,1410,1215,52,0
4971,49.710275803,223.932000000,100,1410,1215,52,0
4972,49.720277735,219.160000000,100,1410,1215,52,0
4973,49.730275549,219.160000000,100,1410,1215,52,0
4974,49.740276769,219.160000000,100,1410,1215,52,0
4975,49.750275164,219.160000000,100,1410,1215,52,0
4976,49.760275873,219.160000000,100,1410,1215,52,0
4977,49.770275280,219.160000000,100,1410,1215,52,0
4978,49.780338507,219.160000000,100,1410,1215,52,0
4979,49.790276288,219.160000000,100,1410,1215,52,0
4980,49.800275484,219.160000000,100,1410,1215,52,0
4981,49.810276464,219.160000000,100,1410,1215,52,0
4982,49.820275771,222.415000000,100,1410,1215,52,0
4983,49.830276440,222.415000000,100,1410,1215,52,0
4984,49.840278552,222.415000000,100,1410,1215,52,0
4985,49.850274843,222.415000000,100,1410,1215,52,0
4986,49.860285120,222.415000000,100,1410,1215,52,0
4987,49.870276793,222.415000000,100,1410,1215,52,0
4988,49.880276019,222.415000000,100,1410,1215,52,0
4989,49.890276157,222.415000000,100,1410,1215,52,0
4990,49.900287206,222.415000000,100,1410,1215,52,0
4991,49.910278437,222.415000000,100,1410,1215,52,0
4992,49.920286891,222.197000000,100,1410,1215,52,0
4993,49.930279846,222.197000000,100,1410,1215,52,0
4994,49.940289712,222.197000000,100,1410,1215,52,0
4995,49.950276516,222.197000000,100,1410,1215,52,0
4996,49.960275221,222.197000000,100,1410,1215,52,0
4997,49.970272915,222.197000000,100,1410,1215,52,0
4998,49.980275738,222.197000000,100,1410,1215,52,0
4999,49.990274674,222.197000000,100,1410,1215,52,0
5000,50.000274101,222.197000000,100,1410,1215,52,0
5001,50.010278236,222.197000000,100,1410,1215,52,0
5002,50.020273826,204.510000000,100,1410,1215,52,0
5003,50.030306165,204.510000000,100,1410,1215,52,0
5004,50.040277289,204.510000000,100,1410,1215,52,0
5005,50.050275673,204.510000000,100,1410,1215,52,0
5006,50.060276403,204.510000000,100,1410,1215,52,0
5007,50.070275168,204.510000000,100,1410,1215,52,0
5008,50.080276419,204.510000000,100,1410,1215,52,0
5009,50.090276527,204.510000000,100,1410,1215,52,0
5010,50.100279531,204.510000000,100,1410,1215,52,0
5011,50.110276473,204.510000000,100,1410,1215,52,0
5012,50.120275849,223.579000000,100,1410,1215,52,0
5013,50.130276619,223.579000000,100,1410,1215,52,0
5014,50.140275936,223.579000000,100,1410,1215,52,0
5015,50.150274591,223.579000000,100,1410,1215,52,0
5016,50.160274779,223.579000000,100,1410,1215,52,0
5017,50.170275018,223.579000000,100,1410,1215,52,0
5018,50.180275116,223.579000000,100,1410,1215,52,0
5019,50.190275645,223.579000000,100,1410,1215,52,0
5020,50.200274450,223.579000000,100,1410,1215,52,0
5021,50.210278616,223.579000000,100,1410,1215,52,0
5022,50.220275598,215.935000000,100,1410,1215,52,0
5023,50.230275346,215.935000000,100,1410,1215,52,0
5024,50.240275464,215.935000000,100,1410,1215,52,0
5025,50.250275703,215.935000000,100,1410,1215,52,0
5026,50.260274949,215.935000000,100,1410,1215,52,0
5027,50.270274907,215.935000000,100,1410,1215,52,0
5028,50.280275145,215.935000000,100,1410,1215,52,0
5029,50.290276305,215.935000000,100,1410,1215,52,0
5030,50.300275532,215.935000000,100,1410,1215,52,0
5031,50.310275039,215.935000000,100,1410,1215,52,0
5032,50.320276560,223.963000000,100,1410,1215,52,0
5033,50.330276067,223.963000000,100,1410,1215,52,0
5034,50.340274612,223.963000000,100,1410,1215,52,0
5035,50.350275151,223.963000000,100,1410,1215,52,0
5036,50.360276141,223.963000000,100,1410,1215,52,0
5037,50.370275197,223.963000000,100,1410,1215,52,0
5038,50.380275245,223.963000000,100,1410,1215,52,0
5039,50.390275543,223.963000000,100,1410,1215,52,0
5040,50.400275000,223.963000000,100,1410,1215,52,0
5041,50.410275649,223.963000000,100,1410,1215,52,0
5042,50.420275868,221.116000000,100,1410,1215,52,0
5043,50.430275716,221.116000000,100,1410,1215,52,0
5044,50.440274762,221.116000000,100,1410,1215,52,0
5045,50.450276984,221.116000000,100,1410,1215,52,0
5046,50.460275649,221.116000000,100,1410,1215,52,0
5047,50.470274966,221.116000000,100,1410,1215,52,0
5048,50.480274874,221.116000000,100,1410,1215,52,0
5049,50.490274932,221.116000000,100,1410,1215,52,0
5050,50.500274409,221.116000000,100,1410,1215,52,0
5051,50.510275258,221.116000000,100,1410,1215,52,0
5052,50.520275958,216.996000000,100,1410,1215,52,0
5053,50.530279823,216.996000000,100,1410,1215,52,0
5054,50.540282806,216.996000000,100,1410,1215,52,0
5055,50.550276843,216.996000000,100,1410,1215,52,0
5056,50.560279967,216.996000000,100,1410,1215,52,0
5057,50.570280406,216.996000000,100,1410,1215,52,0
5058,50.580276226,216.996000000,100,1410,1215,52,0
5059,50.590275212,216.996000000,100,1410,1215,52,0
5060,50.600275941,216.996000000,100,1410,1215,52,0
5061,50.610276570,216.996000000,100,1410,1215,52,0
5062,50.620276458,222.902000000,100,1410,1215,52,0
5063,50.630280023,222.902000000,100,1410,1215,52,0
5064,50.640276153,222.902000000,100,1410,1215,52,0
5065,50.650276101,222.902000000,100,1410,1215,52,0
5066,50.660275768,222.902000000,100,1410,1215,52,0
5067,50.670275506,222.902000000,100,1410,1215,52,0
5068,50.680275874,222.902000000,100,1410,1215,52,0
5069,50.690276464,222.902000000,100,1410,1215,52,0
5070,50.700275620,222.902000000,100,1410,1215,52,0
5071,50.710275347,222.902000000,100,1410,1215,52,0
5072,50.720276507,210.918000000,100,1410,1215,52,0
5073,50.730276465,210.918000000,100,1410,1215,52,0
5074,50.740275261,210.918000000,100,1410,1215,52,0
5075,50.750276221,210.918000000,100,1410,1215,52,0
5076,50.760275587,210.918000000,100,1410,1215,52,0
5077,50.770280445,210.918000000,100,1410,1215,52,0
5078,50.780276816,210.918000000,100,1410,1215,52,0
5079,50.790275501,210.918000000,100,1410,1215,52,0
5080,50.800280087,210.918000000,100,1410,1215,52,0
5081,50.810276729,210.918000000,100,1410,1215,52,0
5082,50.820276316,223.912000000,100,1410,1215,52,0
5083,50.830276525,223.912000000,100,1410,1215,52,0
5084,50.840276172,223.912000000,100,1410,1215,52,0
5085,50.850276440,223.912000000,100,1410,1215,52,0
5086,50.860280085,223.912000000,100,1410,1215,52,0
5087,50.870275895,223.912000000,100,1410,1215,52,0
5088,50.880279350,223.912000000,100,1410,1215,52,0
5089,50.890276001,223.912000000,100,1410,1215,52,0
5090,50.900279095,223.912000000,100,1410,1215,52,0
5091,50.910275747,223.912000000,100,1410,1215,52,0
5092,50.920276706,218.939000000,100,1410,1215,52,0
5093,50.930276714,218.939000000,100,1410,1215,52,0
5094,50.940275570,218.939000000,100,1410,1215,52,0
5095,50.950280237,218.939000000,100,1410,1215,52,0
5096,50.960275546,218.939000000,100,1410,1215,52,0
5097,50.970274482,218.939000000,100,1410,1215,52,0
5098,50.980274770,218.939000000,100,1410,1215,52,0
5099,50.990274528,218.939000000,100,1410,1215,52,0
5100,51.000274115,218.939000000,100,1410,1215,52,0
5101,51.010275556,218.939000000,100,1410,1215,52,0
5102,51.020275213,222.511000000,100,1410,1215,52,0
5103,51.030275822,222.511000000,100,1410,1215,52,0
5104,51.040274357,222.511000000,100,1410,1215,52,0
5105,51.050274856,222.511000000,100,1410,1215,52,0
5106,51.060275195,222.511000000,100,1410,1215,52,0
5107,51.070275764,222.511000000,100,1410,1215,52,0
5108,51.080276693,222.511000000,100,1410,1215,52,0
5109,51.090274537,222.511000000,100,1410,1215,52,0
5110,51.100275176,222.511000000,100,1410,1215,52,0
5111,51.110275044,222.511000000,100,1410,1215,52,0
5112,51.120280662,222.391000000,100,1410,1215,52,0
5113,51.130276242,222.391000000,100,1410,1215,52,0
5114,51.140275238,222.391000000,100,1410,1215,52,0
5115,51.150275807,222.391000000,100,1410,1215,52,0
5116,51.160277017,222.391000000,100,1410,1215,52,0
5117,51.170274460,222.391000000,100,1410,1215,52,0
5118,51.180274709,222.391000000,100,1410,1215,52,0
5119,51.190275148,222.391000000,100,1410,1215,52,0
5120,51.200275166,222.391000000,100,1410,1215,52,0
5121,51.210274031,222.391000000,100,1410,1215,52,0
5122,51.220274901,222.391000000,100,1410,1215,52,0
5123,51.230275580,205.466000000,100,1410,1215,52,0
5124,51.240275488,205.466000000,100,1410,1215,52,0
5125,51.250274875,205.466000000,100,1410,1215,52,0
5126,51.260274472,205.466000000,100,1410,1215,52,0
5127,51.270276323,205.466000000,100,1410,1215,52,0
5128,51.280275790,205.466000000,100,1410,1215,52,0
5129,51.290274967,205.466000000,100,1410,1215,52,0
5130,51.300274834,205.466000000,100,1410,1215,52,0
5131,51.310277027,205.466000000,100,1410,1215,52,0
5132,51.320276163,223.644000000,100,1410,1215,52,0
5133,51.330276872,223.644000000,100,1410,1215,52,0
5134,51.340277090,223.644000000,100,1410,1215,52,0
5135,51.350274954,223.644000000,100,1410,1215,52,0
5136,51.360276345,223.644000000,100,1410,1215,52,0
5137,51.370274750,223.644000000,100,1410,1215,52,0
5138,51.380276321,223.644000000,100,1410,1215,52,0
5139,51.390274896,223.644000000,100,1410,1215,52,0
5140,51.400275505,223.644000000,100,1410,1215,52,0
5141,51.410274802,223.644000000,100,1410,1215,52,0
5142,51.420276132,215.155000000,100,1410,1215,52,0
5143,51.430275799,215.155000000,100,1410,1215,52,0
5144,51.440276960,215.155000000,100,1410,1215,52,0
5145,51.450275655,215.155000000,100,1410,1215,52,0
5146,51.460274571,215.155000000,100,1410,1215,52,0
5147,51.470274428,215.155000000,100,1410,1215,52,0
5148,51.480274326,215.155000000,100,1410,1215,52,0
5149,51.490274374,215.155000000,100,1410,1215,52,0
5150,51.500274022,215.155000000,100,1410,1215,52,0
5151,51.510274771,215.155000000,100,1410,1215,52,0
5152,51.520275370,223.700000000,100,1410,1215,52,0
5153,51.530275889,223.700000000,100,1410,1215,52,0
5154,51.540274755,223.700000000,100,1410,1215,52,0
5155,51.550275394,223.700000000,100,1410,1215,52,0
5156,51.560276875,223.700000000,100,1410,1215,52,0
5157,51.570275710,223.700000000,100,1410,1215,52,0
5158,51.580275147,223.700000000,100,1410,1215,52,0
5159,51.590275386,223.700000000,100,1410,1215,52,0
5160,51.600275083,223.700000000,100,1410,1215,52,0
5161,51.610275371,223.700000000,100,1410,1215,52,0
5162,51.620275249,220.815000000,100,1410,1215,52,0
5163,51.630275477,220.815000000,100,1410,1215,52,0
5164,51.640276127,220.815000000,100,1410,1215,52,0
5165,51.650275824,220.815000000,100,1410,1215,52,0
5166,51.660289698,220.815000000,100,1410,1215,52,0
5167,51.670277453,220.815000000,100,1410,1215,52,0
5168,51.680276349,220.815000000,100,1410,1215,52,0
5169,51.690274944,220.815000000,100,1410,1215,52,0
5170,51.700276244,220.815000000,100,1410,1215,52,0
5171,51.710276643,220.815000000,100,1410,1215,52,0
5172,51.720276481,218.257000000,100,1410,1215,52,0
5173,51.730276469,218.257000000,100,1410,1215,52,0
5174,51.740275435,218.257000000,100,1410,1215,52,0
5175,51.750280091,218.257000000,100,1410,1215,52,0
5176,51.760280019,218.257000000,100,1410,1215,52,0
5177,51.770275569,218.257000000,100,1410,1215,52,0
5178,51.780275657,218.257000000,100,1410,1215,52,0
5179,51.790279662,218.257000000,100,1410,1215,52,0
5180,51.800275833,218.257000000,100,1410,1215,52,0
5181,51.810275791,218.257000000,100,1410,1215,52,0
5182,51.820276340,218.257000000,100,1410,1215,52,0
5183,51.830276939,223.201000000,100,1410,1215,52,0
5184,51.840275133,223.201000000,100,1410,1215,52,0
5185,51.850276975,223.201000000,100,1410,1215,52,0
5186,51.860275600,223.201000000,100,1410,1215,52,0
5187,51.870279796,223.201000000,100,1410,1215,52,0
5188,51.880276237,223.201000000,100,1410,1215,52,0
5189,51.890277377,223.201000000,100,1410,1215,52,0
5190,51.900275021,223.201000000,100,1410,1215,52,0
5191,51.910275079,223.201000000,100,1410,1215,52,0
5192,51.920275507,211.480000000,100,1410,1215,52,0
5193,51.930275796,211.480000000,100,1410,1215,52,0
5194,51.940275032,211.480000000,100,1410,1215,52,0
5195,51.950275251,211.480000000,100,1410,1215,52,0
5196,51.960276140,211.480000000,100,1410,1215,52,0
5197,51.970274736,211.480000000,100,1410,1215,52,0
5198,51.980276086,211.480000000,100,1410,1215,52,0
5199,51.990274842,211.480000000,100,1410,1215,52,0
5200,52.000275601,211.480000000,100,1410,1215,52,0
5201,52.010274727,211.480000000,100,1410,1215,52,0
5202,52.020275366,211.480000000,100,1410,1215,52,0
5203,52.030275845,223.967000000,100,1410,1215,52,0
5204,52.040275002,223.967000000,100,1410,1215,52,0
5205,52.050274859,223.967000000,100,1410,1215,52,0
5206,52.060274577,223.967000000,100,1410,1215,52,0
5207,52.070275737,223.967000000,100,1410,1215,52,0
5208,52.080276296,223.967000000,100,1410,1215,52,0
5209,52.090306560,223.967000000,100,1410,1215,52,0
5210,52.100278105,223.967000000,100,1410,1215,52,0
5211,52.110275969,223.967000000,100,1410,1215,52,0
5212,52.120278742,219.215000000,100,1410,1215,52,0
5213,52.130276405,219.215000000,100,1410,1215,52,0
5214,52.140278187,219.215000000,100,1410,1215,52,0
5215,52.150276051,219.215000000,100,1410,1215,52,0
5216,52.160275447,219.215000000,100,1410,1215,52,0
5217,52.170275225,219.215000000,100,1410,1215,52,0
5218,52.180277136,219.215000000,100,1410,1215,52,0
5219,52.190275031,219.215000000,100,1410,1215,52,0
5220,52.200277283,219.215000000,100,1410,1215,52,0
5221,52.210276128,219.215000000,100,1410,1215,52,0
5222,52.220276046,222.775000000,100,1410,1215,52,0
5223,52.230275233,222.775000000,100,1410,1215,52,0
5224,52.240275281,222.775000000,100,1410,1215,52,0
5225,52.250375657,222.775000000,100,1410,1215,52,0
5226,52.260279194,222.775000000,100,1410,1215,52,0
5227,52.270276456,222.775000000,100,1410,1215,52,0
5228,52.280276865,222.775000000,100,1410,1215,52,0
5229,52.290276362,222.775000000,100,1410,1215,52,0
5230,52.300274948,222.775000000,100,1410,1215,52,0
5231,52.310276468,222.775000000,100,1410,1215,52,0
5232,52.320278640,222.606000000,100,1410,1215,52,0
5233,52.330276073,222.606000000,100,1410,1215,52,0
5234,52.340276923,222.606000000,100,1410,1215,52,0
5235,52.350283834,222.606000000,100,1410,1215,52,0
5236,52.360274594,222.606000000,100,1410,1215,52,0
5237,52.370277257,222.606000000,100,1410,1215,52,0
5238,52.380275742,222.606000000,100,1410,1215,52,0
5239,52.390275149,222.606000000,100,1410,1215,52,0
5240,52.400275788,222.606000000,100,1410,1215,52,0
5241,52.410274875,222.606000000,100,1410,1215,52,0
5242,52.420276015,222.606000000,100,1410,1215,52,0
5243,52.430276303,206.166000000,100,1410,1215,52,0
5244,52.440276171,206.166000000,100,1410,1215,52,0
5245,52.450276499,206.166000000,100,1410,1215,52,0
5246,52.460275395,206.166000000,100,1410,1215,52,0
5247,52.470275072,206.166000000,100,1410,1215,52,0
5248,52.480276052,206.166000000,100,1410,1215,52,0
5249,52.490280579,206.166000000,100,1410,1215,52,0
5250,52.500276629,206.166000000,100,1410,1215,52,0
5251,52.510280194,206.166000000,100,1410,1215,52,0
5252,52.520278118,206.166000000,100,1410,1215,52,0
5253,52.530304215,223.968000000,100,1410,1215,52,0
5254,52.540277092,223.968000000,100,1410,1215,52,0
5255,52.550275657,223.968000000,100,1410,1215,52,0
5256,52.560274964,223.968000000,100,1410,1215,52,0
5257,52.570274601,223.968000000,100,1410,1215,52,0
5258,52.580278416,223.968000000,100,1410,1215,52,0
5259,52.590276941,223.968000000,100,1410,1215,52,0
5260,52.600276949,223.968000000,100,1410,1215,52,0
5261,52.610274973,223.968000000,100,1410,1215,52,0
5262,52.620307733,223.968000000,100,1410,1215,52,0
5263,52.630278265,216.121000000,100,1410,1215,52,0
5264,52.640275688,216.121000000,100,1410,1215,52,0
5265,52.650280906,216.121000000,100,1410,1215,52,0
5266,52.660274332,216.121000000,100,1410,1215,52,0
5267,52.670272837,216.121000000,100,1410,1215,52,0
5268,52.680274287,216.121000000,100,1410,1215,52,0
5269,52.690275888,216.121000000,100,1410,1215,52,0
5270,52.700275415,216.121000000,100,1410,1215,52,0
5271,52.710275994,216.121000000,100,1410,1215,52,0
5272,52.720275632,216.121000000,100,1410,1215,52,0
5273,52.730280579,223.898000000,100,1410,1215,52,0
5274,52.740276038,223.898000000,100,1410,1215,52,0
5275,52.750275846,223.898000000,100,1410,1215,52,0
5276,52.760276244,223.898000000,100,1410,1215,52,0
5277,52.770279218,223.898000000,100,1410,1215,52,0
5278,52.780277332,223.898000000,100,1410,1215,52,0
5279,52.790274274,223.898000000,100,1410,1215,52,0
5280,52.800276416,223.898000000,100,1410,1215,52,0
5281,52.810275372,223.898000000,100,1410,1215,52,0
5282,52.820275981,223.898000000,100,1410,1215,52,0
5283,52.830276721,220.835000000,100,1410,1215,52,0
5284,52.840276067,220.835000000,100,1410,1215,52,0
5285,52.850275755,220.835000000,100,1410,1215,52,0
5286,52.860275773,220.835000000,100,1410,1215,52,0
5287,52.870275049,220.835000000,100,1410,1215,52,0
5288,52.880275438,220.835000000,100,1410,1215,52,0
5289,52.890276017,220.835000000,100,1410,1215,52,0
5290,52.900274943,220.835000000,100,1410,1215,52,0
5291,52.910275963,220.835000000,100,1410,1215,52,0
5292,52.920275971,220.835000000,100,1410,1215,52,0
5293,52.930277391,217.270000000,100,1410,1215,52,0
5294,52.940275666,217.270000000,100,1410,1215,52,0
5295,52.950275153,217.270000000,100,1410,1215,52,0
5296,52.960275311,217.270000000,100,1410,1215,52,0
5297,52.970274938,217.270000000,100,1410,1215,52,0
5298,52.980275116,217.270000000,100,1410,1215,52,0
5299,52.990280344,217.270000000,100,1410,1215,52,0
5300,53.000275282,217.270000000,100,1410,1215,52,0
5301,53.010279769,217.270000000,100,1410,1215,52,0
5302,53.020276531,217.270000000,100,1410,1215,52,0
5303,53.030276168,223.476000000,100,1410,1215,52,0
5304,53.040275465,223.476000000,100,1410,1215,52,0
5305,53.050275272,223.476000000,100,1410,1215,52,0
5306,53.060275140,223.476000000,100,1410,1215,52,0
5307,53.070274917,223.476000000,100,1410,1215,52,0
5308,53.080274975,223.476000000,100,1410,1215,52,0
5309,53.090274803,223.476000000,100,1410,1215,52,0
5310,53.100274861,223.476000000,100,1410,1215,52,0
5311,53.110275771,223.476000000,100,1410,1215,52,0
5312,53.120276339,223.476000000,100,1410,1215,52,0
5313,53.130293510,212.028000000,100,1410,1215,52,0
5314,53.140274482,212.028000000,100,1410,1215,52,0
5315,53.150276544,212.028000000,100,1410,1215,52,0
5316,53.160275850,212.028000000,100,1410,1215,52,0
5317,53.170276479,212.028000000,100,1410,1215,52,0
5318,53.180276988,212.028000000,100,1410,1215,52,0
5319,53.190276134,212.028000000,100,1410,1215,52,0
5320,53.200275261,212.028000000,100,1410,1215,52,0
5321,53.210275679,212.028000000,100,1410,1215,52,0
5322,53.220276208,212.028000000,100,1410,1215,52,0
5323,53.230276647,223.866000000,100,1410,1215,52,0
5324,53.240275573,223.866000000,100,1410,1215,52,0
5325,53.250280891,223.866000000,100,1410,1215,52,0
5326,53.260275388,223.866000000,100,1410,1215,52,0
5327,53.270275226,223.866000000,100,1410,1215,52,0
5328,53.280277418,223.866000000,100,1410,1215,52,0
5329,53.290276775,223.866000000,100,1410,1215,52,0
5330,53.300276552,223.866000000,100,1410,1215,52,0
5331,53.310274526,223.866000000,100,1410,1215,52,0
5332,53.320292909,223.866000000,100,1410,1215,52,0
5333,53.330278820,220.214000000,100,1410,1215,52,0
5334,53.340276614,220.214000000,100,1410,1215,52,0
5335,53.350277974,220.214000000,100,1410,1215,52,0
5336,53.360276149,220.214000000,100,1410,1215,52,0
5337,53.370276127,220.214000000,100,1410,1215,52,0
5338,53.380276525,220.214000000,100,1410,1215,52,0
5339,53.390276093,220.214000000,100,1410,1215,52,0
5340,53.400275630,220.214000000,100,1410,1215,52,0
5341,53.410275638,220.214000000,100,1410,1215,52,0
5342,53.420277299,220.214000000,100,1410,1215,52,0
5343,53.430277136,222.584000000,100,1410,1215,52,0
5344,53.440276353,222.584000000,100,1410,1215,52,0
5345,53.450312719,222.584000000,100,1410,1215,52,0
5346,53.460277360,222.584000000,100,1410,1215,52,0
5347,53.470275595,222.584000000,100,1410,1215,52,0
5348,53.480275803,222.584000000,100,1410,1215,52,0
5349,53.490275340,222.584000000,100,1410,1215,52,0
5350,53.500274978,222.584000000,100,1410,1215,52,0
5351,53.510274995,222.584000000,100,1410,1215,52,0
5352,53.520336749,222.584000000,100,1410,1215,52,0
5353,53.530276675,222.606000000,100,1410,1215,52,0
5354,53.540274879,222.606000000,100,1410,1215,52,0
5355,53.550275518,222.606000000,100,1410,1215,52,0
5356,53.560275356,222.606000000,100,1410,1215,52,0
5357,53.570274622,222.606000000,100,1410,1215,52,0
5358,53.580276644,222.606000000,100,1410,1215,52,0
5359,53.590274929,222.606000000,100,1410,1215,52,0
5360,53.600275388,222.606000000,100,1410,1215,52,0
5361,53.610275015,222.606000000,100,1410,1215,52,0
5362,53.620440062,222.606000000,100,1410,1215,52,0
5363,53.630276964,222.606000000,100,1410,1215,52,0
5364,53.640276010,222.606000000,100,1410,1215,52,0
5365,53.650278152,222.606000000,100,1410,1215,52,0
5366,53.660275555,222.606000000,100,1410,1215,52,0
5367,53.670275884,222.606000000,100,1410,1215,52,0
5368,53.680275411,222.606000000,100,1410,1215,52,0
5369,53.690274958,222.606000000,100,1410,1215,52,0
5370,53.700274856,222.606000000,100,1410,1215,52,0
5371,53.710275595,222.606000000,100,1410,1215,52,0
5372,53.720295690,208.738000000,100,1410,1215,52,0
5373,53.730278045,208.738000000,100,1410,1215,52,0
5374,53.740275218,208.738000000,100,1410,1215,52,0
5375,53.750275817,208.738000000,100,1410,1215,52,0
5376,53.760276015,208.738000000,100,1410,1215,52,0
5377,53.770279840,208.738000000,100,1410,1215,52,0
5378,53.780276732,208.738000000,100,1410,1215,52,0
5379,53.790279756,208.738000000,100,1410,1215,52,0
5380,53.800275806,208.738000000,100,1410,1215,52,0
5381,53.810275273,208.738000000,100,1410,1215,52,0
5382,53.820276033,208.738000000,100,1410,1215,52,0
5383,53.830278155,223.962000000,100,1410,1215,53,0
5384,53.840276570,223.962000000,100,1410,1215,53,0
5385,53.850277028,223.962000000,100,1410,1215,53,0
5386,53.860276104,223.962000000,100,1410,1215,53,0
5387,53.870280410,223.962000000,100,1410,1215,53,0
5388,53.880276882,223.962000000,100,1410,1215,53,0
5389,53.890275807,223.962000000,100,1410,1215,53,0
5390,53.900276286,223.962000000,100,1410,1215,53,0
5391,53.910276314,223.962000000,100,1410,1215,53,0
5392,53.920276783,223.962000000,100,1410,1215,53,0
5393,53.930282341,218.447000000,100,1410,1215,53,0
5394,53.940279805,218.447000000,100,1410,1215,53,0
5395,53.950275885,218.447000000,100,1410,1215,53,0
5396,53.960274941,218.447000000,100,1410,1215,53,0
5397,53.970275550,218.447000000,100,1410,1215,53,0
5398,53.980275688,218.447000000,100,1410,1215,53,0
5399,53.990275756,218.447000000,100,1410,1215,53,0
5400,54.000277638,218.447000000,100,1410,1215,53,0
5401,54.010275893,218.447000000,100,1410,1215,53,0
5402,54.020276341,218.447000000,100,1410,1215,53,0
5403,54.030281258,223.877000000,100,1410,1215,52,0
5404,54.040278261,223.877000000,100,1410,1215,52,0
5405,54.050276054,223.877000000,100,1410,1215,52,0
5406,54.060275672,223.877000000,100,1410,1215,52,0
5407,54.070275730,223.877000000,100,1410,1215,52,0
5408,54.080275647,223.877000000,100,1410,1215,52,0
5409,54.090276106,223.877000000,100,1410,1215,52,0
5410,54.100275944,223.877000000,100,1410,1215,52,0
5411,54.110275651,223.877000000,100,1410,1215,52,0
5412,54.125771783,215.536000000,100,1410,1215,53,0
5413,54.130277110,221.896000000,100,1410,1215,53,0
5414,54.140276587,221.896000000,100,1410,1215,53,0
5415,54.150275663,221.896000000,100,1410,1215,53,0
5416,54.160275440,221.896000000,100,1410,1215,53,0
5417,54.170445407,221.896000000,100,1410,1215,53,0
5418,54.180274915,221.896000000,100,1410,1215,53,0
5419,54.190275404,221.896000000,100,1410,1215,53,0
5420,54.200275512,221.896000000,100,1410,1215,53,0
5421,54.210277333,221.896000000,100,1410,1215,53,0
5422,54.220275939,221.896000000,100,1410,1215,53,0
5423,54.230276818,215.536000000,100,1410,1215,52,0
5424,54.240274452,215.536000000,100,1410,1215,52,0
5425,54.250276313,215.536000000,100,1410,1215,52,0
5426,54.260275620,215.536000000,100,1410,1215,52,0
5427,54.270275788,215.536000000,100,1410,1215,52,0
5428,54.280276176,215.536000000,100,1410,1215,52,0
5429,54.290277056,215.536000000,100,1410,1215,52,0
5430,54.300275361,215.536000000,100,1410,1215,52,0
5431,54.310275038,215.536000000,100,1410,1215,52,0
5432,54.320275637,215.536000000,100,1410,1215,52,0
5433,54.330276166,224.035000000,100,1410,1215,53,0
5434,54.340275312,224.035000000,100,1410,1215,53,0
5435,54.350275110,224.035000000,100,1410,1215,53,0
5436,54.360275228,224.035000000,100,1410,1215,53,0
5437,54.370275426,224.035000000,100,1410,1215,53,0
5438,54.380275955,224.035000000,100,1410,1215,53,0
5439,54.390274941,224.035000000,100,1410,1215,53,0
5440,54.400275851,224.035000000,100,1410,1215,53,0
5441,54.410275027,224.035000000,100,1410,1215,53,0
5442,54.420276768,224.035000000,100,1410,1215,53,0
5443,54.430275904,212.584000000,100,1410,1215,52,0
5444,54.440276243,212.584000000,100,1410,1215,52,0
5445,54.450276461,212.584000000,100,1410,1215,52,0
5446,54.460276559,212.584000000,100,1410,1215,52,0
5447,54.470280585,212.584000000,100,1410,1215,52,0
5448,54.480276675,212.584000000,100,1410,1215,52,0
5449,54.490277214,212.584000000,100,1410,1215,52,0
5450,54.500276381,212.584000000,100,1410,1215,52,0
5451,54.510275867,212.584000000,100,1410,1215,52,0
5452,54.520275455,212.584000000,100,1410,1215,52,0
5453,54.530276695,224.141000000,100,1410,1215,52,0
5454,54.540282083,224.141000000,100,1410,1215,52,0
5455,54.550276310,224.141000000,100,1410,1215,52,0
5456,54.560274334,224.141000000,100,1410,1215,52,0
5457,54.570273661,224.141000000,100,1410,1215,52,0
5458,54.580275442,224.141000000,100,1410,1215,52,0
5459,54.590275430,224.141000000,100,1410,1215,52,0
5460,54.600274596,224.141000000,100,1410,1215,52,0
5461,54.610274284,224.141000000,100,1410,1215,52,0
5462,54.620274883,224.141000000,100,1410,1215,52,0
5463,54.630275011,219.862000000,100,1410,1215,53,0
5464,54.640276131,219.862000000,100,1410,1215,53,0
5465,54.650275317,219.862000000,100,1410,1215,53,0
5466,54.660275806,219.862000000,100,1410,1215,53,0
5467,54.670274481,219.862000000,100,1410,1215,53,0
5468,54.680276022,219.862000000,100,1410,1215,53,0
5469,54.690274647,219.862000000,100,1410,1215,53,0
5470,54.700275617,219.862000000,100,1410,1215,53,0
5471,54.710275805,219.862000000,100,1410,1215,53,0
5472,54.720277416,219.862000000,100,1410,1215,53,0
5473,54.730281031,222.222000000,100,1410,1215,52,0
5474,54.740276220,222.222000000,100,1410,1215,52,0
5475,54.750279123,222.222000000,100,1410,1215,52,0
5476,54.760273551,222.222000000,100,1410,1215,52,0
5477,54.770275823,222.222000000,100,1410,1215,52,0
5478,54.780276582,222.222000000,100,1410,1215,52,0
5479,54.790277372,222.222000000,100,1410,1215,52,0
5480,54.800275296,222.222000000,100,1410,1215,52,0
5481,54.810274953,222.222000000,100,1410,1215,52,0
5482,54.820275822,222.222000000,100,1410,1215,52,0
5483,54.830276501,223.156000000,100,1410,1215,53,0
5484,54.840274736,223.156000000,100,1410,1215,53,0
5485,54.850275736,223.156000000,100,1410,1215,53,0
5486,54.860275684,223.156000000,100,1410,1215,53,0
5487,54.870274619,223.156000000,100,1410,1215,53,0
5488,54.880275389,223.156000000,100,1410,1215,53,0
5489,54.890275888,223.156000000,100,1410,1215,53,0
5490,54.900275264,223.156000000,100,1410,1215,53,0
5491,54.910277486,223.156000000,100,1410,1215,53,0
5492,54.920275992,223.156000000,100,1410,1215,53,0
5493,54.930276250,207.779000000,100,1410,1215,53,0
5494,54.940275146,207.779000000,100,1410,1215,53,0
5495,54.950275294,207.779000000,100,1410,1215,53,0
5496,54.960275402,207.779000000,100,1410,1215,53,0
5497,54.970275410,207.779000000,100,1410,1215,53,0
5498,54.980274837,207.779000000,100,1410,1215,53,0
5499,54.990275115,207.779000000,100,1410,1215,53,0
5500,55.000274412,207.779000000,100,1410,1215,53,0
5501,55.010274891,207.779000000,100,1410,1215,53,0
5502,55.020276010,207.779000000,100,1410,1215,53,0
5503,55.030276078,223.938000000,100,1410,1215,53,0
5504,55.040275786,223.938000000,100,1410,1215,53,0
5505,55.050284380,223.938000000,100,1410,1215,53,0
5506,55.060274830,223.938000000,100,1410,1215,53,0
5507,55.070275469,223.938000000,100,1410,1215,53,0
5508,55.080278362,223.938000000,100,1410,1215,53,0
5509,55.090287497,223.938000000,100,1410,1215,53,0
5510,55.100274651,223.938000000,100,1410,1215,53,0
5511,55.110275771,223.938000000,100,1410,1215,53,0
5512,55.120274927,223.938000000,100,1410,1215,53,0
5513,55.130275126,217.578000000,100,1410,1215,53,0
5514,55.140276636,217.578000000,100,1410,1215,53,0
5515,55.150276073,217.578000000,100,1410,1215,53,0
5516,55.160275420,217.578000000,100,1410,1215,53,0
5517,55.170274296,217.578000000,100,1410,1215,53,0
5518,55.180275085,217.578000000,100,1410,1215,53,0
5519,55.190274632,217.578000000,100,1410,1215,53,0
5520,55.200275712,217.578000000,100,1410,1215,53,0
5521,55.210274838,217.578000000,100,1410,1215,53,0
5522,55.220276539,217.578000000,100,1410,1215,53,0
5523,55.230276307,223.861000000,100,1410,1215,52,0
5524,55.240275012,223.861000000,100,1410,1215,52,0
5525,55.250276833,223.861000000,100,1410,1215,52,0
5526,55.260275308,223.861000000,100,1410,1215,52,0
5527,55.270273984,223.861000000,100,1410,1215,52,0
5528,55.280275024,223.861000000,100,1410,1215,52,0
5529,55.290274581,223.861000000,100,1410,1215,52,0
5530,55.300274909,223.861000000,100,1410,1215,52,0
5531,55.310274637,223.861000000,100,1410,1215,52,0
5532,55.320275616,223.861000000,100,1410,1215,52,0
5533,55.330275624,221.699000000,100,1410,1215,53,0
5534,55.340274841,221.699000000,100,1410,1215,53,0
5535,55.350275871,221.699000000,100,1410,1215,53,0
5536,55.360274626,221.699000000,100,1410,1215,53,0
5537,55.370274794,221.699000000,100,1410,1215,53,0
5538,55.380275834,221.699000000,100,1410,1215,53,0
5539,55.390275822,221.699000000,100,1410,1215,53,0
5540,55.400274668,221.699000000,100,1410,1215,53,0
5541,55.410274726,221.699000000,100,1410,1215,53,0
5542,55.420275485,221.699000000,100,1410,1215,53,0
5543,55.430275613,213.688000000,100,1410,1215,53,0
5544,55.440275060,213.688000000,100,1410,1215,53,0
5545,55.450275439,213.688000000,100,1410,1215,53,0
5546,55.460274765,213.688000000,100,1410,1215,53,0
5547,55.470274593,213.688000000,100,1410,1215,53,0
5548,55.480276625,213.688000000,100,1410,1215,53,0
5549,55.490274859,213.688000000,100,1410,1215,53,0
5550,55.500276230,213.688000000,100,1410,1215,53,0
5551,55.510275326,213.688000000,100,1410,1215,53,0
5552,55.520276346,213.688000000,100,1410,1215,53,0
5553,55.530276484,223.948000000,100,1410,1215,53,0
5554,55.540275420,223.948000000,100,1410,1215,53,0
5555,55.552926177,223.948000000,100,1410,1215,53,0
5556,55.560277539,223.948000000,100,1410,1215,53,0
5557,55.570274532,223.948000000,100,1410,1215,53,0
5558,55.580276093,223.948000000,100,1410,1215,53,0
5559,55.590275419,223.948000000,100,1410,1215,53,0
5560,55.600274966,223.948000000,100,1410,1215,53,0
5561,55.610275305,223.948000000,100,1410,1215,53,0
5562,55.620274802,223.948000000,100,1410,1215,53,0
5563,55.630276673,214.803000000,100,1410,1215,53,0
5564,55.640275950,214.803000000,100,1410,1215,53,0
5565,55.650276569,214.803000000,100,1410,1215,53,0
5566,55.660276306,214.803000000,100,1410,1215,53,0
5567,55.670276154,214.803000000,100,1410,1215,53,0
5568,55.680276091,214.803000000,100,1410,1215,53,0
5569,55.690276320,214.803000000,100,1410,1215,53,0
5570,55.700275987,214.803000000,100,1410,1215,53,0
5571,55.710276035,214.803000000,100,1410,1215,53,0
5572,55.720275241,214.803000000,100,1410,1215,53,0
5573,55.730276151,223.979000000,100,1410,1215,52,0
5574,55.740276499,223.979000000,100,1410,1215,52,0
5575,55.750276307,223.979000000,100,1410,1215,52,0
5576,55.760276435,223.979000000,100,1410,1215,52,0
5577,55.770276443,223.979000000,100,1410,1215,52,0
5578,55.780276641,223.979000000,100,1410,1215,52,0
5579,55.790275757,223.979000000,100,1410,1215,52,0
5580,55.800275314,223.979000000,100,1410,1215,52,0
5581,55.810278328,223.979000000,100,1410,1215,52,0
5582,55.820274990,223.979000000,100,1410,1215,52,0
5583,55.830275639,220.214000000,100,1410,1215,53,0
5584,55.840275186,220.214000000,100,1410,1215,53,0
5585,55.850274683,220.214000000,100,1410,1215,53,0
5586,55.860277356,220.214000000,100,1410,1215,53,0
5587,55.870277033,220.214000000,100,1410,1215,53,0
5588,55.880274486,220.214000000,100,1410,1215,53,0
5589,55.890275335,220.214000000,100,1410,1215,53,0
5590,55.900275654,220.214000000,100,1410,1215,53,0
5591,55.910276083,220.214000000,100,1410,1215,53,0
5592,55.920275960,220.214000000,100,1410,1215,53,0
5593,55.930276128,222.477000000,100,1410,1215,53,0
5594,55.940275615,222.477000000,100,1410,1215,53,0
5595,55.950275373,222.477000000,100,1410,1215,53,0
5596,55.960275010,222.477000000,100,1410,1215,53,0
5597,55.970274858,222.477000000,100,1410,1215,53,0
5598,55.980275497,222.477000000,100,1410,1215,53,0
5599,55.990275024,222.477000000,100,1410,1215,53,0
5600,56.000275192,222.477000000,100,1410,1215,53,0
5601,56.010274639,222.477000000,100,1410,1215,53,0
5602,56.020276209,222.477000000,100,1410,1215,53,0
5603,56.030280896,223.266000000,100,1410,1215,53,0
5604,56.040276345,223.266000000,100,1410,1215,53,0
5605,56.050310457,223.266000000,100,1410,1215,53,0
5606,56.060278515,223.266000000,100,1410,1215,53,0
5607,56.070301196,223.266000000,100,1410,1215,53,0
5608,56.080274313,223.266000000,100,1410,1215,53,0
5609,56.090276736,223.266000000,100,1410,1215,53,0
5610,56.100274840,223.266000000,100,1410,1215,53,0
5611,56.110275429,223.266000000,100,1410,1215,53,0
5612,56.120275377,223.266000000,100,1410,1215,53,0
5613,56.130275565,207.812000000,100,1410,1215,53,0
5614,56.140275112,207.812000000,100,1410,1215,53,0
5615,56.150275611,207.812000000,100,1410,1215,53,0
5616,56.160278765,207.812000000,100,1410,1215,53,0
5617,56.170275436,207.812000000,100,1410,1215,53,0
5618,56.180279862,207.812000000,100,1410,1215,53,0
5619,56.190275793,207.812000000,100,1410,1215,53,0
5620,56.200275109,207.812000000,100,1410,1215,53,0
5621,56.210275939,207.812000000,100,1410,1215,53,0
5622,56.220275957,207.812000000,100,1410,1215,53,0
5623,56.230276325,223.699000000,100,1410,1215,53,0
5624,56.240275642,223.699000000,100,1410,1215,53,0
5625,56.250275369,223.699000000,100,1410,1215,53,0
5626,56.260275808,223.699000000,100,1410,1215,53,0
5627,56.270275024,223.699000000,100,1410,1215,53,0
5628,56.280274972,223.699000000,100,1410,1215,53,0
5629,56.290274830,223.699000000,100,1410,1215,53,0
5630,56.300275940,223.699000000,100,1410,1215,53,0
5631,56.310274645,223.699000000,100,1410,1215,53,0
5632,56.320275825,223.699000000,100,1410,1215,53,0
5633,56.330276084,218.256000000,100,1410,1215,53,0
5634,56.340275340,218.256000000,100,1410,1215,53,0
5635,56.350276310,218.256000000,100,1410,1215,53,0
5636,56.360275997,218.256000000,100,1410,1215,53,0
5637,56.370280523,218.256000000,100,1410,1215,53,0
5638,56.380276303,218.256000000,100,1410,1215,53,0
5639,56.390312078,218.256000000,100,1410,1215,53,0
5640,56.400278694,218.256000000,100,1410,1215,53,0
5641,56.410276598,218.256000000,100,1410,1215,53,0
5642,56.420276495,218.256000000,100,1410,1215,53,0
5643,56.430277746,223.866000000,100,1410,1215,53,0
5644,56.440279968,223.866000000,100,1410,1215,53,0
5645,56.450276769,223.866000000,100,1410,1215,53,0
5646,56.460276126,223.866000000,100,1410,1215,53,0
5647,56.470275563,223.866000000,100,1410,1215,53,0
5648,56.480280410,223.866000000,100,1410,1215,53,0
5649,56.490277182,223.866000000,100,1410,1215,53,0
5650,56.500276408,223.866000000,100,1410,1215,53,0
5651,56.510275775,223.866000000,100,1410,1215,53,0
5652,56.520277225,223.866000000,100,1410,1215,53,0
5653,56.530277324,221.903000000,100,1410,1215,53,0
5654,56.540276159,221.903000000,100,1410,1215,53,0
5655,56.550277239,221.903000000,100,1410,1215,53,0
5656,56.560277467,221.903000000,100,1410,1215,53,0
5657,56.570284418,221.903000000,100,1410,1215,53,0
5658,56.580276922,221.903000000,100,1410,1215,53,0
5659,56.590277842,221.903000000,100,1410,1215,53,0
5660,56.600276698,221.903000000,100,1410,1215,53,0
5661,56.610299508,221.903000000,100,1410,1215,53,0
5662,56.620278908,221.903000000,100,1410,1215,53,0
5663,56.630279827,212.563000000,100,1410,1215,53,0
5664,56.640284594,212.563000000,100,1410,1215,53,0
5665,56.650277088,212.563000000,100,1410,1215,53,0
5666,56.660275062,212.563000000,100,1410,1215,53,0
5667,56.670275881,212.563000000,100,1410,1215,53,0
5668,56.680278163,212.563000000,100,1410,1215,53,0
5669,56.690275116,212.563000000,100,1410,1215,53,0
5670,56.700280904,212.563000000,100,1410,1215,53,0
5671,56.710348439,212.563000000,100,1410,1215,53,0
5672,56.720277564,212.563000000,100,1410,1215,53,0
5673,56.730277962,223.949000000,100,1410,1215,53,0
5674,56.740275335,223.949000000,100,1410,1215,53,0
5675,56.750276135,223.949000000,100,1410,1215,53,0
5676,56.760286061,223.949000000,100,1410,1215,53,0
5677,56.770277082,223.949000000,100,1410,1215,53,0
5678,56.780275467,223.949000000,100,1410,1215,53,0
5679,56.790275134,223.949000000,100,1410,1215,53,0
5680,56.800274291,223.949000000,100,1410,1215,53,0
5681,56.810276462,223.949000000,100,1410,1215,53,0
5682,56.820275499,223.949000000,100,1410,1215,53,0
5683,56.830277019,214.817000000,100,1410,1215,53,0
5684,56.840275554,214.817000000,100,1410,1215,53,0
5685,56.850276464,214.817000000,100,1410,1215,53,0
5686,56.860276191,214.817000000,100,1410,1215,53,0
5687,56.870276870,214.817000000,100,1410,1215,53,0
5688,56.880276648,214.817000000,100,1410,1215,53,0
5689,56.890276726,214.817000000,100,1410,1215,53,0
5690,56.900276323,214.817000000,100,1410,1215,53,0
5691,56.910276772,214.817000000,100,1410,1215,53,0
5692,56.920275257,214.817000000,100,1410,1215,53,0
5693,56.930276247,224.526000000,100,1410,1215,53,0
5694,56.940276906,224.526000000,100,1410,1215,53,0
5695,56.950277485,224.526000000,100,1410,1215,53,0
5696,56.960275880,224.526000000,100,1410,1215,53,0
5697,56.970275597,224.526000000,100,1410,1215,53,0
5698,56.980277078,224.526000000,100,1410,1215,53,0
5699,56.990279019,224.526000000,100,1410,1215,53,0
5700,57.000277133,224.526000000,100,1410,1215,53,0
5701,57.010302238,224.526000000,100,1410,1215,53,0
5702,57.020274745,224.526000000,100,1410,1215,53,0
5703,57.030273640,221.091000000,100,1410,1215,53,0
5704,57.040276273,221.091000000,100,1410,1215,53,0
5705,57.050276832,221.091000000,100,1410,1215,53,0
5706,57.060275678,221.091000000,100,1410,1215,53,0
5707,57.070276026,221.091000000,100,1410,1215,53,0
5708,57.080275924,221.091000000,100,1410,1215,53,0
5709,57.090333420,221.091000000,100,1410,1215,53,0
5710,57.100274377,221.091000000,100,1410,1215,53,0
5711,57.110275867,221.091000000,100,1410,1215,53,0
5712,57.120278530,221.091000000,100,1410,1215,53,0
5713,57.130275192,221.483000000,100,1410,1215,53,0
5714,57.140293805,221.483000000,100,1410,1215,53,0
5715,57.150278754,221.483000000,100,1410,1215,53,0
5716,57.160274063,221.483000000,100,1410,1215,53,0
5717,57.170273671,221.483000000,100,1410,1215,53,0
5718,57.180316980,221.483000000,100,1410,1215,53,0
5719,57.190274849,221.483000000,100,1410,1215,53,0
5720,57.200276409,221.483000000,100,1410,1215,53,0
5721,57.210276277,221.483000000,100,1410,1215,53,0
5722,57.220309427,221.483000000,100,1410,1215,53,0
5723,57.230277695,223.207000000,100,1410,1215,53,0
5724,57.240275409,223.207000000,100,1410,1215,53,0
5725,57.250276819,223.207000000,100,1410,1215,53,0
5726,57.260275695,223.207000000,100,1410,1215,53,0
5727,57.270277576,223.207000000,100,1410,1215,53,0
5728,57.280275621,223.207000000,100,1410,1215,53,0
5729,57.290275208,223.207000000,100,1410,1215,53,0
5730,57.300275406,223.207000000,100,1410,1215,53,0
5731,57.310276686,223.207000000,100,1410,1215,53,0
5732,57.320281764,223.207000000,100,1410,1215,53,0
5733,57.330276111,209.625000000,100,1410,1215,53,0
5734,57.340274596,209.625000000,100,1410,1215,53,0
5735,57.350275445,209.625000000,100,1410,1215,53,0
5736,57.360274902,209.625000000,100,1410,1215,53,0
5737,57.370274930,209.625000000,100,1410,1215,53,0
5738,57.380277844,209.625000000,100,1410,1215,53,0
5739,57.390276790,209.625000000,100,1410,1215,53,0
5740,57.400289752,209.625000000,100,1410,1215,53,0
5741,57.410277477,209.625000000,100,1410,1215,53,0
5742,57.420276412,209.625000000,100,1410,1215,53,0
5743,57.430281320,223.969000000,100,1410,1215,53,0
5744,57.440274935,223.969000000,100,1410,1215,53,0
5745,57.450275975,223.969000000,100,1410,1215,53,0
5746,57.460277436,223.969000000,100,1410,1215,53,0
5747,57.470274759,223.969000000,100,1410,1215,53,0
5748,57.480275999,223.969000000,100,1410,1215,53,0
5749,57.490275636,223.969000000,100,1410,1215,53,0
5750,57.500275433,223.969000000,100,1410,1215,53,0
5751,57.510275762,223.969000000,100,1410,1215,53,0
5752,57.520276331,223.969000000,100,1410,1215,53,0
5753,57.530278252,218.289000000,100,1410,1215,53,0
5754,57.540276266,218.289000000,100,1410,1215,53,0
5755,57.550277887,218.289000000,100,1410,1215,53,0
5756,57.560277545,218.289000000,100,1410,1215,53,0
5757,57.570275118,218.289000000,100,1410,1215,53,0
5758,57.580276969,218.289000000,100,1410,1215,53,0
5759,57.590274462,218.289000000,100,1410,1215,53,0
5760,57.600279710,218.289000000,100,1410,1215,53,0
5761,57.610276352,218.289000000,100,1410,1215,53,0
5762,57.620273755,218.289000000,100,1410,1215,53,0
5763,57.630305142,223.419000000,100,1410,1215,53,0
5764,57.640275754,223.419000000,100,1410,1215,53,0
5765,57.650275371,223.419000000,100,1410,1215,53,0
5766,57.660274588,223.419000000,100,1410,1215,53,0
5767,57.670276138,223.419000000,100,1410,1215,53,0
5768,57.680275696,223.419000000,100,1410,1215,53,0
5769,57.690275603,223.419000000,100,1410,1215,53,0
5770,57.700275130,223.419000000,100,1410,1215,53,0
5771,57.710279957,223.419000000,100,1410,1215,53,0
5772,57.720276829,223.419000000,100,1410,1215,53,0
5773,57.730309558,222.764000000,100,1410,1215,53,0
5774,57.740275583,222.764000000,100,1410,1215,53,0
5775,57.750283245,222.764000000,100,1410,1215,53,0
5776,57.760287561,222.764000000,100,1410,1215,53,0
5777,57.770274153,222.764000000,100,1410,1215,53,0
5778,57.780277307,222.764000000,100,1410,1215,53,0
5779,57.790275993,222.764000000,100,1410,1215,53,0
5780,57.800275991,222.764000000,100,1410,1215,53,0
5781,57.810276048,222.764000000,100,1410,1215,53,0
5782,57.820277299,222.764000000,100,1410,1215,53,0
5783,57.830381953,208.217000000,100,1410,1215,53,0
5784,57.840275511,208.217000000,100,1410,1215,53,0
5785,57.850275869,208.217000000,100,1410,1215,53,0
5786,57.860276479,208.217000000,100,1410,1215,53,0
5787,57.870275084,208.217000000,100,1410,1215,53,0
5788,57.880275482,208.217000000,100,1410,1215,53,0
5789,57.890274799,208.217000000,100,1410,1215,53,0
5790,57.900275438,208.217000000,100,1410,1215,53,0
5791,57.910275246,208.217000000,100,1410,1215,53,0
5792,57.920275915,208.217000000,100,1410,1215,53,0
5793,57.930276494,223.968000000,100,1410,1215,53,0
5794,57.940275940,223.968000000,100,1410,1215,53,0
5795,57.950275537,223.968000000,100,1410,1215,53,0
5796,57.960275726,223.968000000,100,1410,1215,53,0
5797,57.970275353,223.968000000,100,1410,1215,53,0
5798,57.980276052,223.968000000,100,1410,1215,53,0
5799,57.990275990,223.968000000,100,1410,1215,53,0
5800,58.000275797,223.968000000,100,1410,1215,53,0
5801,58.010275575,223.968000000,100,1410,1215,53,0
5802,58.020299818,223.968000000,100,1410,1215,53,0
5803,58.030278215,216.189000000,100,1410,1215,53,0
5804,58.040274717,216.189000000,100,1410,1215,53,0
5805,58.050275837,216.189000000,100,1410,1215,53,0
5806,58.060276446,216.189000000,100,1410,1215,53,0
5807,58.070276614,216.189000000,100,1410,1215,53,0
5808,58.080276471,216.189000000,100,1410,1215,53,0
5809,58.090275798,216.189000000,100,1410,1215,53,0
5810,58.100277850,216.189000000,100,1410,1215,53,0
5811,58.110275774,216.189000000,100,1410,1215,53,0
5812,58.120275681,216.189000000,100,1410,1215,53,0
5813,58.130275218,224.359000000,100,1410,1215,53,0
5814,58.140275066,224.359000000,100,1410,1215,53,0
5815,58.150308967,224.359000000,100,1410,1215,53,0
5816,58.160275482,224.359000000,100,1410,1215,53,0
5817,58.170275360,224.359000000,100,1410,1215,53,0
5818,58.180274486,224.359000000,100,1410,1215,53,0
5819,58.190276808,224.359000000,100,1410,1215,53,0
5820,58.200276416,224.359000000,100,1410,1215,53,0
5821,58.210275402,224.359000000,100,1410,1215,53,0
5822,58.220277173,224.359000000,100,1410,1215,53,0
5823,58.230276189,221.046000000,100,1410,1215,53,0
5824,58.240275505,221.046000000,100,1410,1215,53,0
5825,58.250276034,221.046000000,100,1410,1215,53,0
5826,58.260276252,221.046000000,100,1410,1215,53,0
5827,58.270274898,221.046000000,100,1410,1215,53,0
5828,58.280276438,221.046000000,100,1410,1215,53,0
5829,58.290274994,221.046000000,100,1410,1215,53,0
5830,58.300275262,221.046000000,100,1410,1215,53,0
5831,58.310276151,221.046000000,100,1410,1215,53,0
5832,58.320276300,221.046000000,100,1410,1215,53,0
5833,58.330277560,218.749000000,100,1410,1215,53,0
5834,58.340275814,218.749000000,100,1410,1215,53,0
5835,58.350276764,218.749000000,100,1410,1215,53,0
5836,58.360275309,218.749000000,100,1410,1215,53,0
5837,58.370276619,218.749000000,100,1410,1215,53,0
5838,58.380276397,218.749000000,100,1410,1215,53,0
5839,58.390276164,218.749000000,100,1410,1215,53,0
5840,58.400275731,218.749000000,100,1410,1215,53,0
5841,58.410276190,218.749000000,100,1410,1215,53,0
5842,58.420275747,218.749000000,100,1410,1215,53,0
5843,58.430275725,223.842000000,100,1410,1215,53,0
5844,58.440275152,223.842000000,100,1410,1215,53,0
5845,58.450277083,223.842000000,100,1410,1215,53,0
5846,58.460276760,223.842000000,100,1410,1215,53,0
5847,58.470275877,223.842000000,100,1410,1215,53,0
5848,58.480275724,223.842000000,100,1410,1215,53,0
5849,58.490276053,223.842000000,100,1410,1215,53,0
5850,58.500275469,223.842000000,100,1410,1215,53,0
5851,58.510275618,223.842000000,100,1410,1215,53,0
5852,58.520276637,223.842000000,100,1410,1215,53,0
5853,58.530276836,211.865000000,100,1410,1215,52,0
5854,58.540276823,211.865000000,100,1410,1215,52,0
5855,58.550277222,211.865000000,100,1410,1215,52,0
5856,58.560275907,211.865000000,100,1410,1215,52,0
5857,58.570279762,211.865000000,100,1410,1215,52,0
5858,58.580276514,211.865000000,100,1410,1215,52,0
5859,58.590276993,211.865000000,100,1410,1215,52,0
5860,58.600277191,211.865000000,100,1410,1215,52,0
5861,58.610281527,211.865000000,100,1410,1215,52,0
5862,58.620276195,211.865000000,100,1410,1215,52,0
5863,58.630276163,224.526000000,100,1410,1215,53,0
5864,58.640274868,224.526000000,100,1410,1215,53,0
5865,58.650275968,224.526000000,100,1410,1215,53,0
5866,58.660274954,224.526000000,100,1410,1215,53,0
5867,58.670274772,224.526000000,100,1410,1215,53,0
5868,58.680274489,224.526000000,100,1410,1215,53,0
5869,58.690274717,224.526000000,100,1410,1215,53,0
5870,58.700274455,224.526000000,100,1410,1215,53,0
5871,58.710288980,224.526000000,100,1410,1215,53,0
5872,58.720277276,224.526000000,100,1410,1215,53,0
5873,58.730274598,219.569000000,100,1410,1215,53,0
5874,58.740276059,219.569000000,100,1410,1215,53,0
5875,58.750276107,219.569000000,100,1410,1215,53,0
5876,58.760276536,219.569000000,100,1410,1215,53,0
5877,58.770275011,219.569000000,100,1410,1215,53,0
5878,58.780275860,219.569000000,100,1410,1215,53,0
5879,58.790276088,219.569000000,100,1410,1215,53,0
5880,58.800276006,219.569000000,100,1410,1215,53,0
5881,58.810275794,219.569000000,100,1410,1215,53,0
5882,58.820277174,219.569000000,100,1410,1215,53,0
5883,58.830277432,222.683000000,100,1410,1215,53,0
5884,58.840278232,222.683000000,100,1410,1215,53,0
5885,58.850275424,222.683000000,100,1410,1215,53,0
5886,58.860275723,222.683000000,100,1410,1215,53,0
5887,58.870275740,222.683000000,100,1410,1215,53,0
5888,58.880277251,222.683000000,100,1410,1215,53,0
5889,58.890276217,222.683000000,100,1410,1215,53,0
5890,58.900274963,222.683000000,100,1410,1215,53,0
5891,58.910276113,222.683000000,100,1410,1215,53,0
5892,58.920277413,222.683000000,100,1410,1215,53,0
5893,58.930278453,222.798000000,100,1410,1215,53,0
5894,58.940275024,222.798000000,100,1410,1215,53,0
5895,58.950276795,222.798000000,100,1410,1215,53,0
5896,58.960275120,222.798000000,100,1410,1215,53,0
5897,58.970275208,222.798000000,100,1410,1215,53,0
5898,58.980275196,222.798000000,100,1410,1215,53,0
5899,58.990275554,222.798000000,100,1410,1215,53,0
5900,59.000277005,222.798000000,100,1410,1215,53,0
5901,59.010275199,222.798000000,100,1410,1215,53,0
5902,59.020276810,222.798000000,100,1410,1215,53,0
5903,59.030276527,206.626000000,100,1410,1215,53,0
5904,59.040275964,206.626000000,100,1410,1215,53,0
5905,59.050276002,206.626000000,100,1410,1215,53,0
5906,59.060275028,206.626000000,100,1410,1215,53,0
5907,59.070275467,206.626000000,100,1410,1215,53,0
5908,59.080277158,206.626000000,100,1410,1215,53,0
5909,59.090275272,206.626000000,100,1410,1215,53,0
5910,59.100275100,206.626000000,100,1410,1215,53,0
5911,59.110274867,206.626000000,100,1410,1215,53,0
5912,59.120276278,206.626000000,100,1410,1215,53,0
5913,59.130276756,224.155000000,100,1410,1215,53,0
5914,59.140276514,224.155000000,100,1410,1215,53,0
5915,59.150276461,224.155000000,100,1410,1215,53,0
5916,59.160275017,224.155000000,100,1410,1215,53,0
5917,59.170276617,224.155000000,100,1410,1215,53,0
5918,59.180274081,224.155000000,100,1410,1215,53,0
5919,59.190289557,224.155000000,100,1410,1215,53,0
5920,59.200276080,224.155000000,100,1410,1215,53,0
5921,59.210275457,224.155000000,100,1410,1215,53,0
5922,59.220275204,224.155000000,100,1410,1215,53,0
5923,59.230276404,217.104000000,100,1410,1215,53,0
5924,59.240277324,217.104000000,100,1410,1215,53,0
5925,59.250276661,217.104000000,100,1410,1215,53,0
5926,59.260316413,217.104000000,100,1410,1215,53,0
5927,59.270280804,217.104000000,100,1410,1215,53,0
5928,59.280300950,217.104000000,100,1410,1215,53,0
5929,59.290279467,217.104000000,100,1410,1215,53,0
5930,59.300274636,217.104000000,100,1410,1215,53,0
5931,59.310274704,217.104000000,100,1410,1215,53,0
5932,59.320273099,217.104000000,100,1410,1215,53,0
5933,59.330276743,224.622000000,100,1410,1215,53,0
5934,59.340275890,224.622000000,100,1410,1215,53,0
5935,59.350277541,224.622000000,100,1410,1215,53,0
5936,59.360275204,224.622000000,100,1410,1215,53,0
5937,59.370275182,224.622000000,100,1410,1215,53,0
5938,59.380319282,224.622000000,100,1410,1215,53,0
5939,59.390276440,224.622000000,100,1410,1215,53,0
5940,59.400276809,224.622000000,100,1410,1215,53,0
5941,59.410275564,224.622000000,100,1410,1215,53,0
5942,59.420275802,224.622000000,100,1410,1215,53,0
5943,59.430276792,221.969000000,100,1410,1215,53,0
5944,59.440275187,221.969000000,100,1410,1215,53,0
5945,59.450275485,221.969000000,100,1410,1215,53,0
5946,59.460275172,221.969000000,100,1410,1215,53,0
5947,59.470280080,221.969000000,100,1410,1215,53,0
5948,59.480275649,221.969000000,100,1410,1215,53,0
5949,59.490277120,221.969000000,100,1410,1215,53,0
5950,59.500276556,221.969000000,100,1410,1215,53,0
5951,59.510275813,221.969000000,100,1410,1215,53,0
5952,59.520277053,221.969000000,100,1410,1215,53,0
5953,59.530277612,216.099000000,100,1410,1215,53,0
5954,59.540274654,216.099000000,100,1410,1215,53,0
5955,59.550274873,216.099000000,100,1410,1215,53,0
5956,59.560276283,216.099000000,100,1410,1215,53,0
5957,59.570274548,216.099000000,100,1410,1215,53,0
5958,59.580276198,216.099000000,100,1410,1215,53,0
5959,59.590277008,216.099000000,100,1410,1215,53,0
5960,59.600276735,216.099000000,100,1410,1215,53,0
5961,59.610275942,216.099000000,100,1410,1215,53,0
5962,59.620276320,216.099000000,100,1410,1215,53,0
5963,59.630281979,223.848000000,100,1410,1215,53,0
5964,59.640275735,223.848000000,100,1410,1215,53,0
5965,59.650274801,223.848000000,100,1410,1215,53,0
5966,59.660274588,223.848000000,100,1410,1215,53,0
5967,59.670274396,223.848000000,100,1410,1215,53,0
5968,59.680274624,223.848000000,100,1410,1215,53,0
5969,59.690275494,223.848000000,100,1410,1215,53,0
5970,59.700276063,223.848000000,100,1410,1215,53,0
5971,59.710275449,223.848000000,100,1410,1215,53,0
5972,59.720275637,223.848000000,100,1410,1215,53,0
5973,59.730276407,212.412000000,100,1410,1215,53,0
5974,59.740275292,212.412000000,100,1410,1215,53,0
5975,59.750275320,212.412000000,100,1410,1215,53,0
5976,59.760274426,212.412000000,100,1410,1215,53,0
5977,59.770274464,212.412000000,100,1410,1215,53,0
5978,59.780275033,212.412000000,100,1410,1215,53,0
5979,59.790275372,212.412000000,100,1410,1215,53,0
5980,59.800275079,212.412000000,100,1410,1215,53,0
5981,59.810275688,212.412000000,100,1410,1215,53,0
5982,59.820275485,212.412000000,100,1410,1215,53,0
5983,59.830276856,224.518000000,100,1410,1215,53,0
5984,59.840277044,224.518000000,100,1410,1215,53,0
5985,59.850275479,224.518000000,100,1410,1215,53,0
5986,59.860275787,224.518000000,100,1410,1215,53,0
5987,59.870277538,224.518000000,100,1410,1215,53,0
5988,59.880275452,224.518000000,100,1410,1215,53,0
5989,59.890274609,224.518000000,100,1410,1215,53,0
5990,59.900275298,224.518000000,100,1410,1215,53,0
5991,59.910274484,224.518000000,100,1410,1215,53,0
5992,59.920275273,224.518000000,100,1410,1215,53,0
5993,59.930276443,220.502000000,100,1410,1215,53,0
5994,59.940288373,220.502000000,100,1410,1215,53,0
5995,59.950276920,220.502000000,100,1410,1215,53,0
5996,59.960275856,220.502000000,100,1410,1215,53,0
5997,59.970275773,220.502000000,100,1410,1215,53,0
5998,59.980275932,220.502000000,100,1410,1215,53,0
5999,59.990276310,220.502000000,100,1410,1215,53,0
6000,60.000275777,220.502000000,100,1410,1215,53,0
6001,60.010274903,220.502000000,100,1410,1215,53,0
6002,60.020275973,220.502000000,100,1410,1215,53,0
