sample_index,timestamp_s,power_w,util_pct,sm_clock_mhz,mem_clock_mhz,temp_c,throttle_reasons
0,0.001688103,220.931000000,100,1410,1215,49,0
1,0.010231484,220.931000000,100,1410,1215,49,0
2,0.020230100,220.931000000,100,1410,1215,49,0
3,0.030230219,220.931000000,100,1410,1215,49,0
4,0.040230388,221.410000000,100,1410,1215,49,0
5,0.050229556,221.410000000,100,1410,1215,49,0
6,0.060229414,221.410000000,100,1410,1215,49,0
7,0.070230205,221.410000000,100,1410,1215,49,0
8,0.080229502,221.410000000,100,1410,1215,49,0
9,0.090229291,221.410000000,100,1410,1215,49,0
10,0.100229320,221.410000000,100,1410,1215,49,0
11,0.110229098,221.410000000,100,1410,1215,49,0
12,0.120228756,221.410000000,100,1410,1215,49,0
13,0.130229657,221.410000000,100,1410,1215,49,0
14,0.140230057,219.236000000,96,1410,1215,49,0
15,0.150228312,219.236000000,96,1410,1215,49,0
16,0.160228652,219.236000000,96,1410,1215,49,0
17,0.170228661,219.236000000,96,1410,1215,49,0
18,0.180228549,219.236000000,96,1410,1215,49,0
19,0.190228568,219.236000000,96,1410,1215,49,0
20,0.200229208,219.236000000,96,1410,1215,49,0
21,0.210229578,219.236000000,96,1410,1215,49,0
22,0.220229096,219.236000000,96,1410,1215,49,0
23,0.230230046,219.236000000,96,1410,1215,49,0
24,0.240231167,221.597000000,96,1410,1215,49,0
25,0.250229794,221.597000000,96,1410,1215,49,0
26,0.260230704,221.597000000,96,1410,1215,49,0
27,0.270229361,221.597000000,96,1410,1215,49,0
28,0.280230983,221.597000000,96,1410,1215,49,0
29,0.290230791,221.597000000,96,1410,1215,49,0
30,0.300229397,221.597000000,96,1410,1215,49,0
31,0.310230528,221.597000000,96,1410,1215,49,0
32,0.320230367,221.597000000,96,1410,1215,49,0
33,0.330230356,221.597000000,96,1410,1215,49,0
34,0.340231547,221.755000000,100,1410,1215,49,0
35,0.350229562,221.755000000,100,1410,1215,49,0
36,0.360229190,221.755000000,100,1410,1215,49,0
37,0.370229249,221.755000000,100,1410,1215,49,0
38,0.380230510,221.755000000,100,1410,1215,49,0
39,0.390229347,221.755000000,100,1410,1215,49,0
40,0.400229406,221.755000000,100,1410,1215,49,0
41,0.410230347,221.755000000,100,1410,1215,49,0
42,0.420231127,221.755000000,100,1410,1215,49,0
43,0.430231517,221.755000000,100,1410,1215,49,0
44,0.440232096,221.641000000,100,1410,1215,49,0
45,0.450231134,221.641000000,100,1410,1215,49,0
46,0.460230531,221.641000000,100,1410,1215,49,0
47,0.470229929,221.641000000,100,1410,1215,49,0
48,0.480230479,221.641000000,100,1410,1215,49,0
49,0.490230348,221.641000000,100,1410,1215,49,0
50,0.500230166,221.641000000,100,1410,1215,49,0
51,0.510230295,221.641000000,100,1410,1215,49,0
52,0.520230384,221.641000000,100,1410,1215,49,0
53,0.530230944,221.641000000,100,1410,1215,49,0
54,0.540231234,220.968000000,100,1410,1215,50,0
55,0.550229549,220.968000000,100,1410,1215,50,0
56,0.560230420,220.968000000,100,1410,1215,50,0
57,0.570229827,220.968000000,100,1410,1215,50,0
58,0.580230548,220.968000000,100,1410,1215,50,0
59,0.590229124,220.968000000,100,1410,1215,50,0
60,0.600234032,220.968000000,100,1410,1215,50,0
61,0.610230615,220.968000000,100,1410,1215,50,0
62,0.620229421,220.968000000,100,1410,1215,50,0
63,0.630230522,220.968000000,100,1410,1215,50,0
64,0.640235931,217.536000000,100,1410,1215,49,0
65,0.650230780,217.536000000,100,1410,1215,49,0
66,0.660229286,217.536000000,100,1410,1215,49,0
67,0.670229896,217.536000000,100,1410,1215,49,0
68,0.680229535,217.536000000,100,1410,1215,49,0
69,0.690229644,217.536000000,100,1410,1215,49,0
70,0.700234652,217.536000000,100,1410,1215,49,0
71,0.710229631,217.536000000,100,1410,1215,49,0
72,0.720229089,217.536000000,100,1410,1215,49,0
73,0.730230260,217.536000000,100,1410,1215,49,0
74,0.740230820,210.801000000,100,1410,1215,50,0
75,0.750229536,210.801000000,100,1410,1215,50,0
76,0.760230257,210.801000000,100,1410,1215,50,0
77,0.770230205,210.801000000,100,1410,1215,50,0
78,0.780231587,210.801000000,100,1410,1215,50,0
79,0.790228890,210.801000000,100,1410,1215,50,0
80,0.800229801,210.801000000,100,1410,1215,50,0
81,0.810230320,210.801000000,100,1410,1215,50,0
82,0.820230490,210.801000000,100,1410,1215,50,0
83,0.830234486,210.801000000,100,1410,1215,50,0
84,0.840231479,216.520000000,100,1410,1215,49,0
85,0.850230326,216.520000000,100,1410,1215,49,0
86,0.860230234,216.520000000,100,1410,1215,49,0
87,0.870230213,216.520000000,100,1410,1215,49,0
88,0.880230101,216.520000000,100,1410,1215,49,0
89,0.890229499,216.520000000,100,1410,1215,49,0
90,0.900230209,216.520000000,100,1410,1215,49,0
91,0.910234376,216.520000000,100,1410,1215,49,0
92,0.920235817,216.520000000,100,1410,1215,49,0
93,0.930230566,216.520000000,100,1410,1215,49,0
94,0.940230855,219.617000000,100,1410,1215,49,0
95,0.950240502,219.617000000,100,1410,1215,49,0
96,0.960233468,219.617000000,100,1410,1215,49,0
97,0.970229790,219.617000000,100,1410,1215,49,0
98,0.980230630,219.617000000,100,1410,1215,49,0
99,0.990230859,219.617000000,100,1410,1215,49,0
100,1.000230277,219.617000000,100,1410,1215,49,0
101,1.010229374,219.617000000,100,1410,1215,49,0
102,1.020230645,219.617000000,100,1410,1215,49,0
103,1.030230934,219.617000000,100,1410,1215,49,0
104,1.040230873,220.873000000,100,1410,1215,49,0
105,1.050230892,220.873000000,100,1410,1215,49,0
106,1.060229859,220.873000000,100,1410,1215,49,0
107,1.070234245,220.873000000,100,1410,1215,49,0
108,1.080230237,220.873000000,100,1410,1215,49,0
109,1.090230827,220.873000000,100,1410,1215,49,0
110,1.100230314,220.873000000,100,1410,1215,49,0
111,1.110230033,220.873000000,100,1410,1215,49,0
112,1.120230001,220.873000000,100,1410,1215,49,0
113,1.130230150,220.873000000,100,1410,1215,49,0
114,1.140230139,221.551000000,100,1410,1215,50,0
115,1.150230178,221.551000000,100,1410,1215,50,0
116,1.160228453,221.551000000,100,1410,1215,50,0
117,1.170229264,221.551000000,100,1410,1215,50,0
118,1.180229383,221.551000000,100,1410,1215,50,0
119,1.190228770,221.551000000,100,1410,1215,50,0
120,1.200229010,221.551000000,100,1410,1215,50,0
121,1.210229770,221.551000000,100,1410,1215,50,0
122,1.220228907,221.551000000,100,1410,1215,50,0
123,1.230230749,221.551000000,100,1410,1215,50,0
124,1.240234996,221.902000000,100,1410,1215,50,0
125,1.250230446,221.902000000,100,1410,1215,50,0
126,1.260234382,221.902000000,100,1410,1215,50,0
127,1.270231095,221.902000000,100,1410,1215,50,0
128,1.280233448,221.902000000,100,1410,1215,50,0
129,1.290229309,221.902000000,100,1410,1215,50,0
130,1.300230079,221.902000000,100,1410,1215,50,0
131,1.310230479,221.902000000,100,1410,1215,50,0
132,1.320234154,221.902000000,100,1410,1215,50,0
133,1.330229995,221.902000000,100,1410,1215,50,0
134,1.340230104,221.783000000,100,1410,1215,50,0
135,1.350229863,221.783000000,100,1410,1215,50,0
136,1.360235782,221.783000000,100,1410,1215,50,0
137,1.370230531,221.783000000,100,1410,1215,50,0
138,1.380234989,221.783000000,100,1410,1215,50,0
139,1.390230659,221.783000000,100,1410,1215,50,0
140,1.400230047,221.783000000,100,1410,1215,50,0
141,1.410229665,221.783000000,100,1410,1215,50,0
142,1.420229964,221.783000000,100,1410,1215,50,0
143,1.430230684,221.783000000,100,1410,1215,50,0
144,1.440230493,221.809000000,100,1410,1215,50,0
145,1.450229570,221.809000000,100,1410,1215,50,0
146,1.460233666,221.809000000,100,1410,1215,50,0
147,1.470230820,221.809000000,100,1410,1215,50,0
148,1.480230888,221.809000000,100,1410,1215,50,0
149,1.490230657,221.809000000,100,1410,1215,50,0
150,1.500230525,221.809000000,100,1410,1215,50,0
151,1.510230364,221.809000000,100,1410,1215,50,0
152,1.520230603,221.809000000,100,1410,1215,50,0
153,1.530230491,221.809000000,100,1410,1215,50,0
154,1.540231692,221.800000000,100,1410,1215,50,0
155,1.550231200,221.800000000,100,1410,1215,50,0
156,1.560229396,221.800000000,100,1410,1215,50,0
157,1.570230667,221.800000000,100,1410,1215,50,0
158,1.580229714,221.800000000,100,1410,1215,50,0
159,1.590230384,221.800000000,100,1410,1215,50,0
160,1.600229481,221.800000000,100,1410,1215,50,0
161,1.610229730,221.800000000,100,1410,1215,50,0
162,1.620229849,221.800000000,100,1410,1215,50,0
163,1.630230810,221.800000000,100,1410,1215,50,0
164,1.640234405,221.283000000,100,1410,1215,50,0
165,1.650229725,221.283000000,100,1410,1215,50,0
166,1.660233681,221.283000000,100,1410,1215,50,0
167,1.670229883,221.283000000,100,1410,1215,50,0
168,1.680229020,221.283000000,100,1410,1215,50,0
169,1.690230592,221.283000000,100,1410,1215,50,0
170,1.700229278,221.283000000,100,1410,1215,50,0
171,1.710228866,221.283000000,100,1410,1215,50,0
172,1.720230748,221.283000000,100,1410,1215,50,0
173,1.730229996,221.283000000,100,1410,1215,50,0
174,1.740230776,218.167000000,100,1410,1215,50,0
175,1.750229843,218.167000000,100,1410,1215,50,0
176,1.760229110,218.167000000,100,1410,1215,50,0
177,1.770229640,218.167000000,100,1410,1215,50,0
178,1.780236311,218.167000000,100,1410,1215,50,0
179,1.790230228,218.167000000,100,1410,1215,50,0
180,1.800231800,218.167000000,100,1410,1215,50,0
181,1.810230345,218.167000000,100,1410,1215,50,0
182,1.820230144,218.167000000,100,1410,1215,50,0
183,1.830230353,218.167000000,100,1410,1215,50,0
184,1.840230792,211.577000000,100,1410,1215,50,0
185,1.850229959,211.577000000,100,1410,1215,50,0
186,1.860229377,211.577000000,100,1410,1215,50,0
187,1.870229786,211.577000000,100,1410,1215,50,0
188,1.880231157,211.577000000,100,1410,1215,50,0
189,1.890229814,211.577000000,100,1410,1215,50,0
190,1.900230013,211.577000000,100,1410,1215,50,0
191,1.910229631,211.577000000,100,1410,1215,50,0
192,1.920230321,211.577000000,100,1410,1215,50,0
193,1.930231000,211.577000000,100,1410,1215,50,0
194,1.940230168,216.099000000,100,1410,1215,50,0
195,1.950229675,216.099000000,100,1410,1215,50,0
196,1.960230836,216.099000000,100,1410,1215,50,0
197,1.970230053,216.099000000,100,1410,1215,50,0
198,1.980230363,216.099000000,100,1410,1215,50,0
199,1.990229259,216.099000000,100,1410,1215,50,0
200,2.000230129,216.099000000,100,1410,1215,50,0
201,2.010229387,216.099000000,100,1410,1215,50,0
202,2.020230277,216.099000000,100,1410,1215,50,0
203,2.030231257,216.099000000,100,1410,1215,50,0
204,2.040230635,219.246000000,100,1410,1215,50,0
205,2.050229922,219.246000000,100,1410,1215,50,0
206,2.060231143,219.246000000,100,1410,1215,50,0
207,2.070229919,219.246000000,100,1410,1215,50,0
208,2.080230169,219.246000000,100,1410,1215,50,0
209,2.090230227,219.246000000,100,1410,1215,50,0
210,2.100229785,219.246000000,100,1410,1215,50,0
211,2.110229704,219.246000000,100,1410,1215,50,0
212,2.120229612,219.246000000,100,1410,1215,50,0
213,2.130230803,219.246000000,100,1410,1215,50,0
214,2.140309219,221.187000000,100,1410,1215,50,0
215,2.150229438,221.187000000,100,1410,1215,50,0
216,2.160229647,221.187000000,100,1410,1215,50,0
217,2.170229285,221.187000000,100,1410,1215,50,0
218,2.180229814,221.187000000,100,1410,1215,50,0
219,2.190229132,221.187000000,100,1410,1215,50,0
220,2.200229541,221.187000000,100,1410,1215,50,0
221,2.210229660,221.187000000,100,1410,1215,50,0
222,2.220228997,221.187000000,100,1410,1215,50,0
223,2.230229557,221.187000000,100,1410,1215,50,0
224,2.240230578,221.597000000,100,1410,1215,50,0
225,2.250230136,221.597000000,100,1410,1215,50,0
226,2.260231156,221.597000000,100,1410,1215,50,0
227,2.270230113,221.597000000,100,1410,1215,50,0
228,2.280230562,221.597000000,100,1410,1215,50,0
229,2.290229840,221.597000000,100,1410,1215,50,0
230,2.300235298,221.597000000,100,1410,1215,50,0
231,2.310229486,221.597000000,100,1410,1215,50,0
232,2.320229475,221.597000000,100,1410,1215,50,0
233,2.330231778,221.597000000,100,1410,1215,50,0
234,2.340235173,222.063000000,100,1410,1215,50,0
235,2.350234360,222.063000000,100,1410,1215,50,0
236,2.360229459,222.063000000,100,1410,1215,50,0
237,2.370235129,222.063000000,100,1410,1215,50,0
238,2.380230258,222.063000000,100,1410,1215,50,0
239,2.390233673,222.063000000,100,1410,1215,50,0
240,2.400230526,222.063000000,100,1410,1215,50,0
241,2.410234081,222.063000000,100,1410,1215,50,0
242,2.420230082,222.063000000,100,1410,1215,50,0
243,2.430230292,222.063000000,100,1410,1215,50,0
244,2.440231112,222.063000000,100,1410,1215,50,0
245,2.450233295,222.063000000,100,1410,1215,50,0
246,2.460229837,222.063000000,100,1410,1215,50,0
247,2.470229795,222.063000000,100,1410,1215,50,0
248,2.480229403,222.063000000,100,1410,1215,50,0
249,2.490232267,222.063000000,100,1410,1215,50,0
250,2.500234099,222.063000000,100,1410,1215,50,0
251,2.510234449,222.063000000,100,1410,1215,50,0
252,2.520229979,222.063000000,100,1410,1215,50,0
253,2.530230398,222.063000000,100,1410,1215,50,0
254,2.540231329,221.770000000,100,1410,1215,50,0
255,2.550229624,221.770000000,100,1410,1215,50,0
256,2.560229232,221.770000000,100,1410,1215,50,0
257,2.570229762,221.770000000,100,1410,1215,50,0
258,2.580230432,221.770000000,100,1410,1215,50,0
259,2.590229779,221.770000000,100,1410,1215,50,0
260,2.600229257,221.770000000,100,1410,1215,50,0
261,2.610230498,221.770000000,100,1410,1215,50,0
262,2.620229524,221.770000000,100,1410,1215,50,0
263,2.630230214,221.770000000,100,1410,1215,50,0
264,2.640235122,221.770000000,100,1410,1215,50,0
265,2.650230232,221.770000000,100,1410,1215,50,0
266,2.660229279,221.770000000,100,1410,1215,50,0
267,2.670229327,221.770000000,100,1410,1215,50,0
268,2.680230618,221.770000000,100,1410,1215,50,0
269,2.690229435,221.770000000,100,1410,1215,50,0
270,2.700229694,221.770000000,100,1410,1215,50,0
271,2.710229182,221.770000000,100,1410,1215,50,0
272,2.720229281,221.770000000,100,1410,1215,50,0
273,2.730230291,221.770000000,100,1410,1215,50,0
274,2.740230119,221.678000000,100,1410,1215,50,0
275,2.750229256,221.678000000,100,1410,1215,50,0
276,2.760233192,221.678000000,100,1410,1215,50,0
277,2.770234283,221.678000000,100,1410,1215,50,0
278,2.780230715,221.678000000,100,1410,1215,50,0
279,2.790230372,221.678000000,100,1410,1215,50,0
280,2.800230171,221.678000000,100,1410,1215,50,0
281,2.810230019,221.678000000,100,1410,1215,50,0
282,2.820230508,221.678000000,100,1410,1215,50,0
283,2.830231248,221.678000000,100,1410,1215,50,0
284,2.840231026,218.914000000,100,1410,1215,50,0
285,2.850231937,218.914000000,100,1410,1215,50,0
286,2.860230282,218.914000000,100,1410,1215,50,0
287,2.870230321,218.914000000,100,1410,1215,50,0
288,2.880229929,218.914000000,100,1410,1215,50,0
289,2.890234716,218.914000000,100,1410,1215,50,0
290,2.900229976,218.914000000,100,1410,1215,50,0
291,2.910233671,218.914000000,100,1410,1215,50,0
292,2.920230434,218.914000000,100,1410,1215,50,0
293,2.930230532,218.914000000,100,1410,1215,50,0
294,2.940231463,210.108000000,100,1410,1215,50,0
295,2.950229868,210.108000000,100,1410,1215,50,0
296,2.960230939,210.108000000,100,1410,1215,50,0
297,2.970230546,210.108000000,100,1410,1215,50,0
298,2.980231677,210.108000000,100,1410,1215,50,0
299,2.990231155,210.108000000,100,1410,1215,50,0
300,3.000229690,210.108000000,100,1410,1215,50,0
301,3.010230230,210.108000000,100,1410,1215,50,0
302,3.020230439,210.108000000,100,1410,1215,50,0
303,3.030229696,210.108000000,100,1410,1215,50,0
304,3.040231748,216.589000000,100,1410,1215,50,0
305,3.050229743,216.589000000,100,1410,1215,50,0
306,3.060230002,216.589000000,100,1410,1215,50,0
307,3.070230121,216.589000000,100,1410,1215,50,0
308,3.080229218,216.589000000,100,1410,1215,50,0
309,3.090229557,216.589000000,100,1410,1215,50,0
310,3.100230107,216.589000000,100,1410,1215,50,0
311,3.110229945,216.589000000,100,1410,1215,50,0
312,3.120230925,216.589000000,100,1410,1215,50,0
313,3.130230854,216.589000000,100,1410,1215,50,0
314,3.140231433,219.153000000,100,1410,1215,50,0
315,3.150229919,219.153000000,100,1410,1215,50,0
316,3.160230849,219.153000000,100,1410,1215,50,0
317,3.170229996,219.153000000,100,1410,1215,50,0
318,3.180229694,219.153000000,100,1410,1215,50,0
319,3.190228991,219.153000000,100,1410,1215,50,0
320,3.200229631,219.153000000,100,1410,1215,50,0
321,3.210229109,219.153000000,100,1410,1215,50,0
322,3.220230570,219.153000000,100,1410,1215,50,0
323,3.230230408,219.153000000,100,1410,1215,50,0
324,3.240230116,220.995000000,100,1410,1215,50,0
325,3.250230105,220.995000000,100,1410,1215,50,0
326,3.260229763,220.995000000,100,1410,1215,50,0
327,3.270234460,220.995000000,100,1410,1215,50,0
328,3.280229459,220.995000000,100,1410,1215,50,0
329,3.290229688,220.995000000,100,1410,1215,50,0
330,3.300231019,220.995000000,100,1410,1215,50,0
331,3.310230156,220.995000000,100,1410,1215,50,0
332,3.320231176,220.995000000,100,1410,1215,50,0
333,3.330232287,220.995000000,100,1410,1215,50,0
334,3.340233007,221.799000000,100,1410,1215,50,0
335,3.350230381,221.799000000,100,1410,1215,50,0
336,3.360231491,221.799000000,100,1410,1215,50,0
337,3.370230598,221.799000000,100,1410,1215,50,0
338,3.380230266,221.799000000,100,1410,1215,50,0
339,3.390233971,221.799000000,100,1410,1215,50,0
340,3.400230433,221.799000000,100,1410,1215,50,0
341,3.410230272,221.799000000,100,1410,1215,50,0
342,3.420230471,221.799000000,100,1410,1215,50,0
343,3.430230439,221.799000000,100,1410,1215,50,0
344,3.440230498,221.903000000,100,1410,1215,50,0
345,3.450229194,221.903000000,100,1410,1215,50,0
346,3.460229773,221.903000000,100,1410,1215,50,0
347,3.470229782,221.903000000,100,1410,1215,50,0
348,3.480229360,221.903000000,100,1410,1215,50,0
349,3.490229589,221.903000000,100,1410,1215,50,0
350,3.500230759,221.903000000,100,1410,1215,50,0
351,3.510229145,221.903000000,100,1410,1215,50,0
352,3.520235135,221.903000000,100,1410,1215,50,0
353,3.530230775,221.903000000,100,1410,1215,50,0
354,3.540237196,222.113000000,100,1410,1215,50,0
355,3.550230331,222.113000000,100,1410,1215,50,0
356,3.560229608,222.113000000,100,1410,1215,50,0
357,3.570229547,222.113000000,100,1410,1215,50,0
358,3.580230407,222.113000000,100,1410,1215,50,0
359,3.590229494,222.113000000,100,1410,1215,50,0
360,3.600229001,222.113000000,100,1410,1215,50,0
361,3.610229020,222.113000000,100,1410,1215,50,0
362,3.620229319,222.113000000,100,1410,1215,50,0
363,3.630229839,222.113000000,100,1410,1215,50,0
364,3.640230228,222.071000000,100,1410,1215,50,0
365,3.650229044,222.071000000,100,1410,1215,50,0
366,3.660229764,222.071000000,100,1410,1215,50,0
367,3.670230344,222.071000000,100,1410,1215,50,0
368,3.680233358,222.071000000,100,1410,1215,50,0
369,3.690229820,222.071000000,100,1410,1215,50,0
370,3.700229458,222.071000000,100,1410,1215,50,0
371,3.710227723,222.071000000,100,1410,1215,50,0
372,3.720229064,222.071000000,100,1410,1215,50,0
373,3.730229563,222.071000000,100,1410,1215,50,0
374,3.740230995,221.973000000,100,1410,1215,50,0
375,3.750229751,221.973000000,100,1410,1215,50,0
376,3.760229328,221.973000000,100,1410,1215,50,0
377,3.770229317,221.973000000,100,1410,1215,50,0
378,3.780230948,221.973000000,100,1410,1215,50,0
379,3.790389785,221.973000000,100,1410,1215,50,0
380,3.800230073,221.973000000,100,1410,1215,50,0
381,3.810229962,221.973000000,100,1410,1215,50,0
382,3.820229369,221.973000000,100,1410,1215,50,0
383,3.830231792,221.973000000,100,1410,1215,50,0
384,3.840230508,221.871000000,100,1410,1215,50,0
385,3.850230526,221.871000000,100,1410,1215,50,0
386,3.860230775,221.871000000,100,1410,1215,50,0
387,3.870230513,221.871000000,100,1410,1215,50,0
388,3.880234950,221.871000000,100,1410,1215,50,0
389,3.890231001,221.871000000,100,1410,1215,50,0
390,3.900229637,221.871000000,100,1410,1215,50,0
391,3.910230988,221.871000000,100,1410,1215,50,0
392,3.920229614,221.871000000,100,1410,1215,50,0
393,3.930230905,221.871000000,100,1410,1215,50,0
394,3.940231544,219.631000000,100,1410,1215,50,0
395,3.950230000,219.631000000,100,1410,1215,50,0
396,3.960234547,219.631000000,100,1410,1215,50,0
397,3.970230067,219.631000000,100,1410,1215,50,0
398,3.980230085,219.631000000,100,1410,1215,50,0
399,3.990230274,219.631000000,100,1410,1215,50,0
400,4.000235131,219.631000000,100,1410,1215,50,0
401,4.010230852,219.631000000,100,1410,1215,50,0
402,4.020231351,219.631000000,100,1410,1215,50,0
403,4.030229817,219.631000000,100,1410,1215,50,0
404,4.040229795,219.631000000,100,1410,1215,50,0
405,4.050229253,219.631000000,100,1410,1215,50,0
406,4.060229431,219.631000000,100,1410,1215,50,0
407,4.070234048,219.631000000,100,1410,1215,50,0
408,4.080230130,219.631000000,100,1410,1215,50,0
409,4.090229176,219.631000000,100,1410,1215,50,0
410,4.100230297,216.385000000,100,1410,1215,50,0
411,4.110229834,216.385000000,100,1410,1215,50,0
412,4.120229532,216.385000000,100,1410,1215,50,0
413,4.130231053,216.385000000,100,1410,1215,50,0
414,4.140230922,216.385000000,100,1410,1215,50,0
415,4.150229648,216.385000000,100,1410,1215,50,0
416,4.160229886,216.385000000,100,1410,1215,50,0
417,4.170230666,216.385000000,100,1410,1215,50,0
418,4.180229392,216.385000000,100,1410,1215,50,0
419,4.190230433,216.385000000,100,1410,1215,50,0
420,4.200229980,216.385000000,100,1410,1215,50,0
421,4.210229658,216.385000000,100,1410,1215,50,0
422,4.220229616,216.385000000,100,1410,1215,50,0
423,4.230230687,216.385000000,100,1410,1215,50,0
424,4.240230946,219.310000000,100,1410,1215,50,0
425,4.250229692,219.310000000,100,1410,1215,50,0
426,4.260230963,219.310000000,100,1410,1215,50,0
427,4.270230320,219.310000000,100,1410,1215,50,0
428,4.280230629,219.310000000,100,1410,1215,50,0
429,4.290229445,219.310000000,100,1410,1215,50,0
430,4.300228722,219.310000000,100,1410,1215,50,0
431,4.310229632,219.310000000,100,1410,1215,50,0
432,4.320229430,219.310000000,100,1410,1215,50,0
433,4.330229910,219.310000000,100,1410,1215,50,0
434,4.340229928,221.264000000,100,1410,1215,50,0
435,4.350228594,221.264000000,100,1410,1215,50,0
436,4.360229805,221.264000000,100,1410,1215,50,0
437,4.370229533,221.264000000,100,1410,1215,50,0
438,4.380230493,221.264000000,100,1410,1215,50,0
439,4.390231513,221.264000000,100,1410,1215,50,0
440,4.400229598,221.264000000,100,1410,1215,50,0
441,4.410230037,221.264000000,100,1410,1215,50,0
442,4.420229655,221.264000000,100,1410,1215,50,0
443,4.430231597,221.264000000,100,1410,1215,50,0
444,4.440231606,222.089000000,100,1410,1215,50,0
445,4.450230562,222.089000000,100,1410,1215,50,0
446,4.460231182,222.089000000,100,1410,1215,50,0
447,4.470230709,222.089000000,100,1410,1215,50,0
448,4.480230387,222.089000000,100,1410,1215,50,0
449,4.490229774,222.089000000,100,1410,1215,50,0
450,4.500231085,222.089000000,100,1410,1215,50,0
451,4.510230052,222.089000000,100,1410,1215,50,0
452,4.520230972,222.089000000,100,1410,1215,50,0
453,4.530234647,222.089000000,100,1410,1215,50,0
454,4.540232031,222.363000000,100,1410,1215,50,0
455,4.550229925,222.363000000,100,1410,1215,50,0
456,4.560231156,222.363000000,100,1410,1215,50,0
457,4.570230794,222.363000000,100,1410,1215,50,0
458,4.580230492,222.363000000,100,1410,1215,50,0
459,4.590230821,222.363000000,100,1410,1215,50,0
460,4.600229446,222.363000000,100,1410,1215,50,0
461,4.610229365,222.363000000,100,1410,1215,50,0
462,4.620230375,222.363000000,100,1410,1215,50,0
463,4.630230724,222.363000000,100,1410,1215,50,0
464,4.640230562,222.530000000,100,1410,1215,50,0
465,4.650229859,222.530000000,100,1410,1215,50,0
466,4.660229908,222.530000000,100,1410,1215,50,0
467,4.670230137,222.530000000,100,1410,1215,50,0
468,4.680230406,222.530000000,100,1410,1215,50,0
469,4.690229953,222.530000000,100,1410,1215,50,0
470,4.700230573,222.530000000,100,1410,1215,50,0
471,4.710220803,222.530000000,100,1410,1215,50,0
472,4.720229728,222.530000000,100,1410,1215,50,0
473,4.730229636,222.530000000,100,1410,1215,50,0
474,4.740230807,222.203000000,100,1410,1215,50,0
475,4.750229803,222.203000000,100,1410,1215,50,0
476,4.760229130,222.203000000,100,1410,1215,50,0
477,4.770233787,222.203000000,100,1410,1215,50,0
478,4.780229037,222.203000000,100,1410,1215,50,0
479,4.790229316,222.203000000,100,1410,1215,50,0
480,4.800235295,222.203000000,100,1410,1215,50,0
481,4.810229653,222.203000000,100,1410,1215,50,0
482,4.820230473,222.203000000,100,1410,1215,50,0
483,4.830232595,222.203000000,100,1410,1215,50,0
484,4.840230349,222.037000000,100,1410,1215,50,0
485,4.850229776,222.037000000,100,1410,1215,50,0
486,4.860229234,222.037000000,100,1410,1215,50,0
487,4.870229913,222.037000000,100,1410,1215,50,0
488,4.880233398,222.037000000,100,1410,1215,50,0
489,4.890233447,222.037000000,100,1410,1215,50,0
490,4.900233966,222.037000000,100,1410,1215,50,0
491,4.910231399,222.037000000,100,1410,1215,50,0
492,4.920230706,222.037000000,100,1410,1215,50,0
493,4.930231807,222.037000000,100,1410,1215,50,0
494,4.940230923,221.803000000,100,1410,1215,50,0
495,4.950229720,221.803000000,100,1410,1215,50,0
496,4.960231812,221.803000000,100,1410,1215,50,0
497,4.970230858,221.803000000,100,1410,1215,50,0
498,4.980229925,221.803000000,100,1410,1215,50,0
499,4.990233680,221.803000000,100,1410,1215,50,0
500,5.000229471,221.803000000,100,1410,1215,50,0
501,5.010229569,221.803000000,100,1410,1215,50,0
502,5.020229848,221.803000000,100,1410,1215,50,0
503,5.030229185,221.803000000,100,1410,1215,50,0
504,5.040230015,220.119000000,100,1410,1215,50,0
505,5.050229202,220.119000000,100,1410,1215,50,0
506,5.060229441,220.119000000,100,1410,1215,50,0
507,5.070229900,220.119000000,100,1410,1215,50,0
508,5.080229738,220.119000000,100,1410,1215,50,0
509,5.090233834,220.119000000,100,1410,1215,50,0
510,5.100229694,220.119000000,100,1410,1215,50,0
511,5.110229933,220.119000000,100,1410,1215,50,0
512,5.120229741,220.119000000,100,1410,1215,50,0
513,5.130229649,220.119000000,100,1410,1215,50,0
514,5.140229838,214.215000000,100,1410,1215,50,0
515,5.150230277,214.215000000,100,1410,1215,50,0
516,5.160229424,214.215000000,100,1410,1215,50,0
517,5.170228851,214.215000000,100,1410,1215,50,0
518,5.180232546,214.215000000,100,1410,1215,50,0
519,5.190229879,214.215000000,100,1410,1215,50,0
520,5.200229026,214.215000000,100,1410,1215,50,0
521,5.210229095,214.215000000,100,1410,1215,50,0
522,5.220229193,214.215000000,100,1410,1215,50,0
523,5.230228961,214.215000000,100,1410,1215,50,0
524,5.240229991,216.029000000,100,1410,1215,50,0
525,5.250228386,216.029000000,100,1410,1215,50,0
526,5.260229567,216.029000000,100,1410,1215,50,0
527,5.270229235,216.029000000,100,1410,1215,50,0
528,5.280229283,216.029000000,100,1410,1215,50,0
529,5.290229231,216.029000000,100,1410,1215,50,0
530,5.300229500,216.029000000,100,1410,1215,50,0
531,5.310229498,216.029000000,100,1410,1215,50,0
532,5.320229607,216.029000000,100,1410,1215,50,0
533,5.330234054,216.029000000,100,1410,1215,50,0
534,5.340234002,218.783000000,100,1410,1215,50,0
535,5.350229341,218.783000000,100,1410,1215,50,0
536,5.360229670,218.783000000,100,1410,1215,50,0
537,5.370230180,218.783000000,100,1410,1215,50,0
538,5.380233474,218.783000000,100,1410,1215,50,0
539,5.390230357,218.783000000,100,1410,1215,50,0
540,5.400234042,218.783000000,100,1410,1215,50,0
541,5.410234180,218.783000000,100,1410,1215,50,0
542,5.420229199,218.783000000,100,1410,1215,50,0
543,5.430229949,218.783000000,100,1410,1215,50,0
544,5.440234346,220.995000000,100,1410,1215,50,0
545,5.450229705,220.995000000,100,1410,1215,50,0
546,5.460235034,220.995000000,100,1410,1215,50,0
547,5.470229952,220.995000000,100,1410,1215,50,0
548,5.480229860,220.995000000,100,1410,1215,50,0
549,5.490228757,220.995000000,100,1410,1215,50,0
550,5.500230569,220.995000000,100,1410,1215,50,0
551,5.510229545,220.995000000,100,1410,1215,50,0
552,5.520229704,220.995000000,100,1410,1215,50,0
553,5.530229942,220.995000000,100,1410,1215,50,0
554,5.540231814,222.183000000,100,1410,1215,50,0
555,5.550229809,222.183000000,100,1410,1215,50,0
556,5.560228845,222.183000000,100,1410,1215,50,0
557,5.570229886,222.183000000,100,1410,1215,50,0
558,5.580229894,222.183000000,100,1410,1215,50,0
559,5.590229371,222.183000000,100,1410,1215,50,0
560,5.600230682,222.183000000,100,1410,1215,50,0
561,5.610233205,222.183000000,100,1410,1215,50,0
562,5.620229637,222.183000000,100,1410,1215,50,0
563,5.630230537,222.183000000,100,1410,1215,50,0
564,5.640230084,222.293000000,100,1410,1215,50,0
565,5.650228640,222.293000000,100,1410,1215,50,0
566,5.660229770,222.293000000,100,1410,1215,50,0
567,5.670229388,222.293000000,100,1410,1215,50,0
568,5.680229526,222.293000000,100,1410,1215,50,0
569,5.690229054,222.293000000,100,1410,1215,50,0
570,5.700229423,222.293000000,100,1410,1215,50,0
571,5.710228910,222.293000000,100,1410,1215,50,0
572,5.720233086,222.293000000,100,1410,1215,50,0
573,5.730230420,222.293000000,100,1410,1215,50,0
574,5.740230267,222.191000000,100,1410,1215,50,0
575,5.750229073,222.191000000,100,1410,1215,50,0
576,5.760229252,222.191000000,100,1410,1215,50,0
577,5.770229641,222.191000000,100,1410,1215,50,0
578,5.780229088,222.191000000,100,1410,1215,50,0
579,5.790229557,222.191000000,100,1410,1215,50,0
580,5.800229355,222.191000000,100,1410,1215,50,0
581,5.810229323,222.191000000,100,1410,1215,50,0
582,5.820228911,222.191000000,100,1410,1215,50,0
583,5.830230171,222.191000000,100,1410,1215,50,0
584,5.840230360,222.396000000,100,1410,1215,50,0
585,5.850229346,222.396000000,100,1410,1215,50,0
586,5.860229485,222.396000000,100,1410,1215,50,0
587,5.870229493,222.396000000,100,1410,1215,50,0
588,5.880229571,222.396000000,100,1410,1215,50,0
589,5.890232505,222.396000000,100,1410,1215,50,0
590,5.900231281,222.396000000,100,1410,1215,50,0
591,5.910229996,222.396000000,100,1410,1215,50,0
592,5.920229474,222.396000000,100,1410,1215,50,0
593,5.930234802,222.396000000,100,1410,1215,50,0
594,5.940231534,222.293000000,100,1410,1215,50,0
595,5.950230340,222.293000000,100,1410,1215,50,0
596,5.960229467,222.293000000,100,1410,1215,50,0
597,5.970230387,222.293000000,100,1410,1215,50,0
598,5.980230415,222.293000000,100,1410,1215,50,0
599,5.990231274,222.293000000,100,1410,1215,50,0
600,6.000230261,222.293000000,100,1410,1215,50,0
601,6.010230109,222.293000000,100,1410,1215,50,0
602,6.020235738,222.293000000,100,1410,1215,50,0
603,6.030231718,222.293000000,100,1410,1215,50,0
604,6.040231446,221.992000000,100,1410,1215,50,0
605,6.050230983,221.992000000,100,1410,1215,50,0
606,6.060230000,221.992000000,100,1410,1215,50,0
607,6.070230148,221.992000000,100,1410,1215,50,0
608,6.080234474,221.992000000,100,1410,1215,50,0
609,6.090230084,221.992000000,100,1410,1215,50,0
610,6.100229782,221.992000000,100,1410,1215,50,0
611,6.110229610,221.992000000,100,1410,1215,50,0
612,6.120229879,221.992000000,100,1410,1215,50,0
613,6.130230388,221.992000000,100,1410,1215,50,0
614,6.140231598,220.790000000,100,1410,1215,50,0
615,6.150229793,220.790000000,100,1410,1215,50,0
616,6.160230392,220.790000000,100,1410,1215,50,0
617,6.170230761,220.790000000,100,1410,1215,50,0
618,6.180229617,220.790000000,100,1410,1215,50,0
619,6.190229255,220.790000000,100,1410,1215,50,0
620,6.200229223,220.790000000,100,1410,1215,50,0
621,6.210229091,220.790000000,100,1410,1215,50,0
622,6.220229560,220.790000000,100,1410,1215,50,0
623,6.230230129,220.790000000,100,1410,1215,50,0
624,6.240230629,214.740000000,100,1410,1215,50,0
625,6.250229645,214.740000000,100,1410,1215,50,0
626,6.260229633,214.740000000,100,1410,1215,50,0
627,6.270230162,214.740000000,100,1410,1215,50,0
628,6.280229710,214.740000000,100,1410,1215,50,0
629,6.290229798,214.740000000,100,1410,1215,50,0
630,6.300229155,214.740000000,100,1410,1215,50,0
631,6.310229935,214.740000000,100,1410,1215,50,0
632,6.320230654,214.740000000,100,1410,1215,50,0
633,6.330230372,214.740000000,100,1410,1215,50,0
634,6.340230390,215.302000000,100,1410,1215,50,0
635,6.350229376,215.302000000,100,1410,1215,50,0
636,6.360228954,215.302000000,100,1410,1215,50,0
637,6.370229162,215.302000000,100,1410,1215,50,0
638,6.380229511,215.302000000,100,1410,1215,50,0
639,6.390229019,215.302000000,100,1410,1215,50,0
640,6.400229177,215.302000000,100,1410,1215,50,0
641,6.410230187,215.302000000,100,1410,1215,50,0
642,6.420229614,215.302000000,100,1410,1215,50,0
643,6.430235063,215.302000000,100,1410,1215,50,0
644,6.440235532,219.638000000,100,1410,1215,50,0
645,6.450229940,219.638000000,100,1410,1215,50,0
646,6.460230208,219.638000000,100,1410,1215,50,0
647,6.470230146,219.638000000,100,1410,1215,50,0
648,6.480229874,219.638000000,100,1410,1215,50,0
649,6.490229902,219.638000000,100,1410,1215,50,0
650,6.500229520,219.638000000,100,1410,1215,50,0
651,6.510229849,219.638000000,100,1410,1215,50,0
652,6.520230799,219.638000000,100,1410,1215,50,0
653,6.530230626,219.638000000,100,1410,1215,50,0
654,6.540231466,221.092000000,100,1410,1215,50,0
655,6.550231214,221.092000000,100,1410,1215,50,0
656,6.560230801,221.092000000,100,1410,1215,50,0
657,6.570231170,221.092000000,100,1410,1215,50,0
658,6.580230207,221.092000000,100,1410,1215,50,0
659,6.590229985,221.092000000,100,1410,1215,50,0
660,6.600229953,221.092000000,100,1410,1215,50,0
661,6.610234670,221.092000000,100,1410,1215,50,0
662,6.620229899,221.092000000,100,1410,1215,50,0
663,6.630234856,221.092000000,100,1410,1215,50,0
664,6.640231538,221.902000000,100,1410,1215,50,0
665,6.650229763,221.902000000,100,1410,1215,50,0
666,6.660230062,221.902000000,100,1410,1215,50,0
667,6.670229700,221.902000000,100,1410,1215,50,0
668,6.680229638,221.902000000,100,1410,1215,50,0
669,6.690230407,221.902000000,100,1410,1215,50,0
670,6.700231277,221.902000000,100,1410,1215,50,0
671,6.710229472,221.902000000,100,1410,1215,50,0
672,6.720233047,221.902000000,100,1410,1215,50,0
673,6.730230751,221.902000000,100,1410,1215,50,0
674,6.740230629,222.627000000,100,1410,1215,50,0
675,6.750229946,222.627000000,100,1410,1215,50,0
676,6.760231326,222.627000000,100,1410,1215,50,0
677,6.770229771,222.627000000,100,1410,1215,50,0
678,6.780229870,222.627000000,100,1410,1215,50,0
679,6.790229617,222.627000000,100,1410,1215,50,0
680,6.800233332,222.627000000,100,1410,1215,50,0
681,6.810234262,222.627000000,100,1410,1215,50,0
682,6.820230303,222.627000000,100,1410,1215,50,0
683,6.830230571,222.627000000,100,1410,1215,50,0
684,6.840230760,222.677000000,100,1410,1215,50,0
685,6.850229866,222.677000000,100,1410,1215,50,0
686,6.860229744,222.677000000,100,1410,1215,50,0
687,6.870229853,222.677000000,100,1410,1215,50,0
688,6.880233297,222.677000000,100,1410,1215,50,0
689,6.890229398,222.677000000,100,1410,1215,50,0
690,6.900229045,222.677000000,100,1410,1215,50,0
691,6.910229424,222.677000000,100,1410,1215,50,0
692,6.920229943,222.677000000,100,1410,1215,50,0
693,6.930229681,222.677000000,100,1410,1215,50,0
694,6.940231142,222.484000000,100,1410,1215,50,0
695,6.950229737,222.484000000,100,1410,1215,50,0
696,6.960229996,222.484000000,100,1410,1215,50,0
697,6.970230044,222.484000000,100,1410,1215,50,0
698,6.980229671,222.484000000,100,1410,1215,50,0
699,6.990229689,222.484000000,100,1410,1215,50,0
700,7.000229357,222.484000000,100,1410,1215,50,0
701,7.010230267,222.484000000,100,1410,1215,50,0
702,7.020229463,222.484000000,100,1410,1215,50,0
703,7.030231996,222.484000000,100,1410,1215,50,0
704,7.040232115,222.293000000,100,1410,1215,50,0
705,7.050231121,222.293000000,100,1410,1215,50,0
706,7.060235527,222.293000000,100,1410,1215,50,0
707,7.070230967,222.293000000,100,1410,1215,50,0
708,7.080230704,222.293000000,100,1410,1215,50,0
709,7.090229480,222.293000000,100,1410,1215,50,0
710,7.100231692,222.293000000,100,1410,1215,50,0
711,7.110230057,222.293000000,100,1410,1215,50,0
712,7.120229404,222.293000000,100,1410,1215,50,0
713,7.130231416,222.293000000,100,1410,1215,50,0
714,7.140230593,222.274000000,100,1410,1215,51,0
715,7.150230821,222.274000000,100,1410,1215,51,0
716,7.160229487,222.274000000,100,1410,1215,51,0
717,7.170229395,222.274000000,100,1410,1215,51,0
718,7.180229443,222.274000000,100,1410,1215,51,0
719,7.190229902,222.274000000,100,1410,1215,51,0
720,7.200230781,222.274000000,100,1410,1215,51,0
721,7.210228215,222.274000000,100,1410,1215,51,0
722,7.220232912,222.274000000,100,1410,1215,51,0
723,7.230230405,222.274000000,100,1410,1215,51,0
724,7.240231325,221.774000000,100,1410,1215,51,0
725,7.250229931,221.774000000,100,1410,1215,51,0
726,7.260231231,221.774000000,100,1410,1215,51,0
727,7.270230047,221.774000000,100,1410,1215,51,0
728,7.280230305,221.774000000,100,1410,1215,51,0
729,7.290230394,221.774000000,100,1410,1215,51,0
730,7.300230011,221.774000000,100,1410,1215,51,0
731,7.310230179,221.774000000,100,1410,1215,51,0
732,7.320230438,221.774000000,100,1410,1215,51,0
733,7.330231047,221.774000000,100,1410,1215,51,0
734,7.340231306,215.859000000,100,1410,1215,51,0
735,7.350229801,215.859000000,100,1410,1215,51,0
736,7.360228547,215.859000000,100,1410,1215,51,0
737,7.370229447,215.859000000,100,1410,1215,51,0
738,7.380228884,215.859000000,100,1410,1215,51,0
739,7.390229784,215.859000000,100,1410,1215,51,0
740,7.400229351,215.859000000,100,1410,1215,51,0
741,7.410229509,215.859000000,100,1410,1215,51,0
742,7.420229527,215.859000000,100,1410,1215,51,0
743,7.430229676,215.859000000,100,1410,1215,51,0
744,7.440231137,215.709000000,100,1410,1215,51,0
745,7.450230664,215.709000000,100,1410,1215,51,0
746,7.460230832,215.709000000,100,1410,1215,51,0
747,7.470233966,215.709000000,100,1410,1215,51,0
748,7.480229806,215.709000000,100,1410,1215,51,0
749,7.490230165,215.709000000,100,1410,1215,51,0
750,7.500230093,215.709000000,100,1410,1215,51,0
751,7.510230162,215.709000000,100,1410,1215,51,0
752,7.520230651,215.709000000,100,1410,1215,51,0
753,7.530234476,215.709000000,100,1410,1215,51,0
754,7.540231138,218.728000000,100,1410,1215,51,0
755,7.550232528,218.728000000,100,1410,1215,51,0
756,7.560235111,218.728000000,100,1410,1215,51,0
757,7.570231553,218.728000000,100,1410,1215,51,0
758,7.580230639,218.728000000,100,1410,1215,51,0
759,7.590337548,218.728000000,100,1410,1215,51,0
760,7.600228832,218.728000000,100,1410,1215,51,0
761,7.610229922,218.728000000,100,1410,1215,51,0
762,7.620228808,218.728000000,100,1410,1215,51,0
763,7.630231120,218.728000000,100,1410,1215,51,0
764,7.640230447,221.289000000,100,1410,1215,51,0
765,7.650228933,221.289000000,100,1410,1215,51,0
766,7.660228580,221.289000000,100,1410,1215,51,0
767,7.670229630,221.289000000,100,1410,1215,51,0
768,7.680229438,221.289000000,100,1410,1215,51,0
769,7.690229486,221.289000000,100,1410,1215,51,0
770,7.700229594,221.289000000,100,1410,1215,51,0
771,7.710229282,221.289000000,100,1410,1215,51,0
772,7.720229560,221.289000000,100,1410,1215,51,0
773,7.730229338,221.289000000,100,1410,1215,51,0
774,7.740230478,222.459000000,100,1410,1215,51,0
775,7.750229054,222.459000000,100,1410,1215,51,0
776,7.760229192,222.459000000,100,1410,1215,51,0
777,7.770229601,222.459000000,100,1410,1215,51,0
778,7.780229999,222.459000000,100,1410,1215,51,0
779,7.790229476,222.459000000,100,1410,1215,51,0
780,7.800229584,222.459000000,100,1410,1215,51,0
781,7.810229572,222.459000000,100,1410,1215,51,0
782,7.820229851,222.459000000,100,1410,1215,51,0
783,7.830230470,222.459000000,100,1410,1215,51,0
784,7.840230608,222.676000000,100,1410,1215,51,0
785,7.850229815,222.676000000,100,1410,1215,51,0
786,7.860229162,222.676000000,100,1410,1215,51,0
787,7.870229440,222.676000000,100,1410,1215,51,0
788,7.880229428,222.676000000,100,1410,1215,51,0
789,7.890234596,222.676000000,100,1410,1215,51,0
790,7.900230226,222.676000000,100,1410,1215,51,0
791,7.910229963,222.676000000,100,1410,1215,51,0
792,7.920229320,222.676000000,100,1410,1215,51,0
793,7.930234347,222.676000000,100,1410,1215,51,0
794,7.940235107,223.060000000,100,1410,1215,51,0
795,7.950229785,223.060000000,100,1410,1215,51,0
796,7.960230243,223.060000000,100,1410,1215,51,0
797,7.970230121,223.060000000,100,1410,1215,51,0
798,7.980229969,223.060000000,100,1410,1215,51,0
799,7.990229205,223.060000000,100,1410,1215,51,0
800,8.000229354,223.060000000,100,1410,1215,51,0
801,8.010229211,223.060000000,100,1410,1215,51,0
802,8.020228909,223.060000000,100,1410,1215,51,0
803,8.030229769,223.060000000,100,1410,1215,51,0
804,8.040231179,222.677000000,100,1410,1215,51,0
805,8.050229815,222.677000000,100,1410,1215,51,0
806,8.060229462,222.677000000,100,1410,1215,51,0
807,8.070229039,222.677000000,100,1410,1215,51,0
808,8.080228356,222.677000000,100,1410,1215,51,0
809,8.090233584,222.677000000,100,1410,1215,51,0
810,8.100229153,222.677000000,100,1410,1215,51,0
811,8.110229231,222.677000000,100,1410,1215,51,0
812,8.120229490,222.677000000,100,1410,1215,51,0
813,8.130229157,222.677000000,100,1410,1215,51,0
814,8.140230708,222.580000000,100,1410,1215,51,0
815,8.150228933,222.580000000,100,1410,1215,51,0
816,8.160292921,222.580000000,100,1410,1215,51,0
817,8.170230712,222.580000000,100,1410,1215,51,0
818,8.180229748,222.580000000,100,1410,1215,51,0
819,8.190229796,222.580000000,100,1410,1215,51,0
820,8.200231818,222.580000000,100,1410,1215,51,0
821,8.210228680,222.580000000,100,1410,1215,51,0
822,8.220228949,222.580000000,100,1410,1215,51,0
823,8.230229798,222.580000000,100,1410,1215,51,0
824,8.240229937,222.486000000,100,1410,1215,51,0
825,8.250229674,222.486000000,100,1410,1215,51,0
826,8.260229812,222.486000000,100,1410,1215,51,0
827,8.270230001,222.486000000,100,1410,1215,51,0
828,8.280229327,222.486000000,100,1410,1215,51,0
829,8.290229987,222.486000000,100,1410,1215,51,0
830,8.300229213,222.486000000,100,1410,1215,51,0
831,8.310229592,222.486000000,100,1410,1215,51,0
832,8.320229880,222.486000000,100,1410,1215,51,0
833,8.330230309,222.486000000,100,1410,1215,51,0
834,8.340230367,221.897000000,100,1410,1215,51,0
835,8.350229794,221.897000000,100,1410,1215,51,0
836,8.360229552,221.897000000,100,1410,1215,51,0
837,8.370230121,221.897000000,100,1410,1215,51,0
838,8.380230059,221.897000000,100,1410,1215,51,0
839,8.390230778,221.897000000,100,1410,1215,51,0
840,8.400229363,221.897000000,100,1410,1215,51,0
841,8.410230193,221.897000000,100,1410,1215,51,0
842,8.420230051,221.897000000,100,1410,1215,51,0
843,8.430229938,221.897000000,100,1410,1215,51,0
844,8.440234265,216.092000000,100,1410,1215,51,0
845,8.450228882,216.092000000,100,1410,1215,51,0
846,8.460228750,216.092000000,100,1410,1215,51,0
847,8.470229019,216.092000000,100,1410,1215,51,0
848,8.480229978,216.092000000,100,1410,1215,51,0
849,8.490352807,216.092000000,100,1410,1215,51,0
850,8.500233311,216.092000000,100,1410,1215,51,0
851,8.510229692,216.092000000,100,1410,1215,51,0
852,8.520229510,216.092000000,100,1410,1215,51,0
853,8.530229568,216.092000000,100,1410,1215,51,0
854,8.540236789,215.296000000,100,1410,1215,51,0
855,8.550229714,215.296000000,100,1410,1215,51,0
856,8.560229221,215.296000000,100,1410,1215,51,0
857,8.570233717,215.296000000,100,1410,1215,51,0
858,8.580230419,215.296000000,100,1410,1215,51,0
859,8.590229345,215.296000000,100,1410,1215,51,0
860,8.600230626,215.296000000,100,1410,1215,51,0
861,8.610229612,215.296000000,100,1410,1215,51,0
862,8.620229379,215.296000000,100,1410,1215,51,0
863,8.630229517,215.296000000,100,1410,1215,51,0
864,8.640230377,219.230000000,100,1410,1215,51,0
865,8.650233731,219.230000000,100,1410,1215,51,0
866,8.660229892,219.230000000,100,1410,1215,51,0
867,8.670230171,219.230000000,100,1410,1215,51,0
868,8.680229417,219.230000000,100,1410,1215,51,0
869,8.690229736,219.230000000,100,1410,1215,51,0
870,8.700230635,219.230000000,100,1410,1215,51,0
871,8.710230663,219.230000000,100,1410,1215,51,0
872,8.720229780,219.230000000,100,1410,1215,51,0
873,8.730229347,219.230000000,100,1410,1215,51,0
874,8.740231158,220.931000000,100,1410,1215,51,0
875,8.750229593,220.931000000,100,1410,1215,51,0
876,8.760230473,220.931000000,100,1410,1215,51,0
877,8.770229188,220.931000000,100,1410,1215,51,0
878,8.780229196,220.931000000,100,1410,1215,51,0
879,8.790230326,220.931000000,100,1410,1215,51,0
880,8.800230033,220.931000000,100,1410,1215,51,0
881,8.810228388,220.931000000,100,1410,1215,51,0
882,8.820229478,220.931000000,100,1410,1215,51,0
883,8.830229977,220.931000000,100,1410,1215,51,0
884,8.840230566,222.204000000,100,1410,1215,51,0
885,8.850229131,222.204000000,100,1410,1215,51,0
886,8.860229840,222.204000000,100,1410,1215,51,0
887,8.870233826,222.204000000,100,1410,1215,51,0
888,8.880234274,222.204000000,100,1410,1215,51,0
889,8.890229914,222.204000000,100,1410,1215,51,0
890,8.900228910,222.204000000,100,1410,1215,51,0
891,8.910233857,222.204000000,100,1410,1215,51,0
892,8.920229487,222.204000000,100,1410,1215,51,0
893,8.930229765,222.204000000,100,1410,1215,51,0
894,8.940230645,222.843000000,100,1410,1215,51,0
895,8.950229100,222.843000000,100,1410,1215,51,0
896,8.960229398,222.843000000,100,1410,1215,51,0
897,8.970230127,222.843000000,100,1410,1215,51,0
898,8.980229474,222.843000000,100,1410,1215,51,0
899,8.990230684,222.843000000,100,1410,1215,51,0
900,9.000232886,222.843000000,100,1410,1215,51,0
901,9.010229177,222.843000000,100,1410,1215,51,0
902,9.020229245,222.843000000,100,1410,1215,51,0
903,9.030228812,222.843000000,100,1410,1215,51,0
904,9.040229942,223.062000000,100,1410,1215,51,0
905,9.050230161,223.062000000,100,1410,1215,51,0
906,9.060228986,223.062000000,100,1410,1215,51,0
907,9.070229545,223.062000000,100,1410,1215,51,0
908,9.080229643,223.062000000,100,1410,1215,51,0
909,9.090229972,223.062000000,100,1410,1215,51,0
910,9.100229078,223.062000000,100,1410,1215,51,0
911,9.110229046,223.062000000,100,1410,1215,51,0
912,9.120229685,223.062000000,100,1410,1215,51,0
913,9.130230494,223.062000000,100,1410,1215,51,0
914,9.140231093,222.875000000,100,1410,1215,51,0
915,9.150231271,222.875000000,100,1410,1215,51,0
916,9.160228815,222.875000000,100,1410,1215,51,0
917,9.170229584,222.875000000,100,1410,1215,51,0
918,9.180230243,222.875000000,100,1410,1215,51,0
919,9.190229089,222.875000000,100,1410,1215,51,0
920,9.200229938,222.875000000,100,1410,1215,51,0
921,9.210230107,222.875000000,100,1410,1215,51,0
922,9.220229002,222.875000000,100,1410,1215,51,0
923,9.230229061,222.875000000,100,1410,1215,51,0
924,9.240230120,222.613000000,100,1410,1215,51,0
925,9.250231160,222.613000000,100,1410,1215,51,0
926,9.260228633,222.613000000,100,1410,1215,51,0
927,9.270228461,222.613000000,100,1410,1215,51,0
928,9.280229951,222.613000000,100,1410,1215,51,0
929,9.290229489,222.613000000,100,1410,1215,51,0
930,9.300229196,222.613000000,100,1410,1215,51,0
931,9.310233532,222.613000000,100,1410,1215,51,0
932,9.320229322,222.613000000,100,1410,1215,51,0
933,9.330229891,222.613000000,100,1410,1215,51,0
934,9.340230189,222.421000000,100,1410,1215,51,0
935,9.350229676,222.421000000,100,1410,1215,51,0
936,9.360229083,222.421000000,100,1410,1215,51,0
937,9.370229341,222.421000000,100,1410,1215,51,0
938,9.380229469,222.421000000,100,1410,1215,51,0
939,9.390230459,222.421000000,100,1410,1215,51,0
940,9.400230066,222.421000000,100,1410,1215,51,0
941,9.410229633,222.421000000,100,1410,1215,51,0
942,9.420230453,222.421000000,100,1410,1215,51,0
943,9.430229178,222.421000000,100,1410,1215,51,0
944,9.440231641,222.005000000,100,1410,1215,51,0
945,9.450229685,222.005000000,100,1410,1215,51,0
946,9.460230003,222.005000000,100,1410,1215,51,0
947,9.470229520,222.005000000,100,1410,1215,51,0
948,9.480240679,222.005000000,100,1410,1215,51,0
949,9.490230137,222.005000000,100,1410,1215,51,0
950,9.500231007,222.005000000,100,1410,1215,51,0
951,9.510229191,222.005000000,100,1410,1215,51,0
952,9.520238036,222.005000000,100,1410,1215,51,0
953,9.530231101,222.005000000,100,1410,1215,51,0
954,9.540251006,216.729000000,100,1410,1215,51,0
955,9.551197864,216.729000000,100,1410,1215,51,0
956,9.560290857,216.729000000,100,1410,1215,51,0
957,9.570274103,216.729000000,100,1410,1215,51,0
958,9.580469057,216.729000000,100,1410,1215,51,0
959,9.590292814,216.729000000,100,1410,1215,51,0
960,9.600293683,216.729000000,100,1410,1215,51,0
961,9.610271209,216.729000000,100,1410,1215,51,0
962,9.620270095,216.729000000,100,1410,1215,51,0
963,9.630272107,216.729000000,100,1410,1215,51,0
964,9.640262376,213.746000000,100,1410,1215,51,0
965,9.650239681,213.746000000,100,1410,1215,51,0
966,9.660239319,213.746000000,100,1410,1215,51,0
967,9.670242342,213.746000000,100,1410,1215,51,0
968,9.680243572,213.746000000,100,1410,1215,51,0
969,9.690230776,213.746000000,100,1410,1215,51,0
970,9.700229101,213.746000000,100,1410,1215,51,0
971,9.710228608,213.746000000,100,1410,1215,51,0
972,9.720230159,213.746000000,100,1410,1215,51,0
973,9.730230186,213.746000000,100,1410,1215,51,0
974,9.740229783,218.328000000,100,1410,1215,51,0
975,9.750229140,218.328000000,100,1410,1215,51,0
976,9.760229088,218.328000000,100,1410,1215,51,0
977,9.770229707,218.328000000,100,1410,1215,51,0
978,9.780266403,218.328000000,100,1410,1215,51,0
979,9.790229171,218.328000000,100,1410,1215,51,0
980,9.800228928,218.328000000,100,1410,1215,51,0
981,9.810229157,218.328000000,100,1410,1215,51,0
982,9.820229866,218.328000000,100,1410,1215,51,0
983,9.830229002,218.328000000,100,1410,1215,51,0
984,9.840231484,221.026000000,100,1410,1215,51,0
985,9.850230751,221.026000000,100,1410,1215,51,0
986,9.860228675,221.026000000,100,1410,1215,51,0
987,9.870228703,221.026000000,100,1410,1215,51,0
988,9.880228550,221.026000000,100,1410,1215,51,0
989,9.890230301,221.026000000,100,1410,1215,51,0
990,9.900229217,221.026000000,100,1410,1215,51,0
991,9.910228904,221.026000000,100,1410,1215,51,0
992,9.920228671,221.026000000,100,1410,1215,51,0
993,9.930229350,221.026000000,100,1410,1215,51,0
994,9.940230089,222.274000000,100,1410,1215,51,0
995,9.950229396,222.274000000,100,1410,1215,51,0
996,9.960229023,222.274000000,100,1410,1215,51,0
997,9.970229181,222.274000000,100,1410,1215,51,0
998,9.980229139,222.274000000,100,1410,1215,51,0
999,9.990229287,222.274000000,100,1410,1215,51,0
1000,10.000228924,222.274000000,100,1410,1215,51,0
1001,10.010229984,222.274000000,100,1410,1215,51,0
1002,10.020228980,222.274000000,100,1410,1215,51,0
1003,10.030228466,222.274000000,100,1410,1215,51,0
1004,10.040230398,222.869000000,100,1410,1215,51,0
1005,10.050229484,222.869000000,100,1410,1215,51,0
1006,10.060228981,222.869000000,100,1410,1215,51,0
1007,10.070228978,222.869000000,100,1410,1215,51,0
1008,10.080230088,222.869000000,100,1410,1215,51,0
1009,10.090229385,222.869000000,100,1410,1215,51,0
1010,10.100228912,222.869000000,100,1410,1215,51,0
1011,10.110229621,222.869000000,100,1410,1215,51,0
1012,10.120230320,222.869000000,100,1410,1215,51,0
1013,10.130229015,222.869000000,100,1410,1215,51,0
1014,10.140230315,222.971000000,100,1410,1215,51,0
1015,10.150229702,222.971000000,100,1410,1215,51,0
1016,10.160230020,222.971000000,100,1410,1215,51,0
1017,10.170229527,222.971000000,100,1410,1215,51,0
1018,10.180229234,222.971000000,100,1410,1215,51,0
1019,10.190229362,222.971000000,100,1410,1215,51,0
1020,10.200229901,222.971000000,100,1410,1215,51,0
1021,10.210234728,222.971000000,100,1410,1215,51,0
1022,10.220230047,222.971000000,100,1410,1215,51,0
1023,10.230229965,222.971000000,100,1410,1215,51,0
1024,10.240235964,222.875000000,100,1410,1215,51,0
1025,10.250230992,222.875000000,100,1410,1215,51,0
1026,10.260229427,222.875000000,100,1410,1215,51,0
1027,10.270229535,222.875000000,100,1410,1215,51,0
1028,10.280229823,222.875000000,100,1410,1215,51,0
1029,10.290230532,222.875000000,100,1410,1215,51,0
1030,10.300229829,222.875000000,100,1410,1215,51,0
1031,10.310229486,222.875000000,100,1410,1215,51,0
1032,10.320229383,222.875000000,100,1410,1215,51,0
1033,10.330230133,222.875000000,100,1410,1215,51,0
1034,10.340230501,222.779000000,100,1410,1215,51,0
1035,10.350229988,222.779000000,100,1410,1215,51,0
1036,10.360230236,222.779000000,100,1410,1215,51,0
1037,10.370230003,222.779000000,100,1410,1215,51,0
1038,10.380229731,222.779000000,100,1410,1215,51,0
1039,10.390229718,222.779000000,100,1410,1215,51,0
1040,10.400230538,222.779000000,100,1410,1215,51,0
1041,10.410234243,222.779000000,100,1410,1215,51,0
1042,10.420230213,222.779000000,100,1410,1215,51,0
1043,10.430229820,222.779000000,100,1410,1215,51,0
1044,10.440230789,222.587000000,100,1410,1215,51,0
1045,10.450230226,222.587000000,100,1410,1215,51,0
1046,10.460229573,222.587000000,100,1410,1215,51,0
1047,10.470229791,222.587000000,100,1410,1215,51,0
1048,10.480230109,222.587000000,100,1410,1215,51,0
1049,10.490233593,222.587000000,100,1410,1215,51,0
1050,10.500232489,222.587000000,100,1410,1215,51,0
1051,10.510233930,222.587000000,100,1410,1215,51,0
1052,10.520229619,222.587000000,100,1410,1215,51,0
1053,10.530233474,222.587000000,100,1410,1215,51,0
1054,10.540231428,222.326000000,100,1410,1215,51,0
1055,10.550230725,222.326000000,100,1410,1215,51,0
1056,10.560229039,222.326000000,100,1410,1215,51,0
1057,10.570228456,222.326000000,100,1410,1215,51,0
1058,10.580229295,222.326000000,100,1410,1215,51,0
1059,10.590229183,222.326000000,100,1410,1215,51,0
1060,10.600229010,222.326000000,100,1410,1215,51,0
1061,10.610230441,222.326000000,100,1410,1215,51,0
1062,10.620229487,222.326000000,100,1410,1215,51,0
1063,10.630233272,222.326000000,100,1410,1215,51,0
1064,10.640230063,217.296000000,100,1410,1215,51,0
1065,10.650229861,217.296000000,100,1410,1215,51,0
1066,10.660229077,217.296000000,100,1410,1215,51,0
1067,10.670229145,217.296000000,100,1410,1215,51,0
1068,10.680229343,217.296000000,100,1410,1215,51,0
1069,10.690229611,217.296000000,100,1410,1215,51,0
1070,10.700229389,217.296000000,100,1410,1215,51,0
1071,10.710253903,217.296000000,100,1410,1215,51,0
1072,10.720232520,217.296000000,100,1410,1215,51,0
1073,10.730229562,217.296000000,100,1410,1215,51,0
1074,10.740230211,214.721000000,100,1410,1215,51,0
1075,10.750229568,214.721000000,100,1410,1215,51,0
1076,10.760229044,214.721000000,100,1410,1215,51,0
1077,10.770230064,214.721000000,100,1410,1215,51,0
1078,10.780229350,214.721000000,100,1410,1215,51,0
1079,10.790229929,214.721000000,100,1410,1215,51,0
1080,10.800229586,214.721000000,100,1410,1215,51,0
1081,10.810229033,214.721000000,100,1410,1215,51,0
1082,10.820229321,214.721000000,100,1410,1215,51,0
1083,10.830231603,214.721000000,100,1410,1215,51,0
1084,10.840230248,218.730000000,100,1410,1215,51,0
1085,10.850230185,218.730000000,100,1410,1215,51,0
1086,10.860229161,218.730000000,100,1410,1215,51,0
1087,10.870230221,218.730000000,100,1410,1215,51,0
1088,10.880232994,218.730000000,100,1410,1215,51,0
1089,10.890228934,218.730000000,100,1410,1215,51,0
1090,10.900229522,218.730000000,100,1410,1215,51,0
1091,10.910234139,218.730000000,100,1410,1215,51,0
1092,10.920229187,218.730000000,100,1410,1215,51,0
1093,10.930229606,218.730000000,100,1410,1215,51,0
1094,10.940230225,221.064000000,100,1410,1215,51,0
1095,10.950230322,221.064000000,100,1410,1215,51,0
1096,10.960228927,221.064000000,100,1410,1215,51,0
1097,10.970229446,221.064000000,100,1410,1215,51,0
1098,10.980229343,221.064000000,100,1410,1215,51,0
1099,10.990229692,221.064000000,100,1410,1215,51,0
1100,11.000229289,221.064000000,100,1410,1215,51,0
1101,11.010229397,221.064000000,100,1410,1215,51,0
1102,11.020230626,221.064000000,100,1410,1215,51,0
1103,11.030229993,221.064000000,100,1410,1215,51,0
1104,11.040230722,222.350000000,100,1410,1215,51,0
1105,11.050229908,222.350000000,100,1410,1215,51,0
1106,11.060229625,222.350000000,100,1410,1215,51,0
1107,11.070232839,222.350000000,100,1410,1215,51,0
1108,11.080229390,222.350000000,100,1410,1215,51,0
1109,11.090229188,222.350000000,100,1410,1215,51,0
1110,11.100229476,222.350000000,100,1410,1215,51,0
1111,11.110229513,222.350000000,100,1410,1215,51,0
1112,11.120229561,222.350000000,100,1410,1215,51,0
1113,11.130229990,222.350000000,100,1410,1215,51,0
1114,11.140233865,223.061000000,100,1410,1215,51,0
1115,11.150229845,223.061000000,100,1410,1215,51,0
1116,11.160229121,223.061000000,100,1410,1215,51,0
1117,11.170229389,223.061000000,100,1410,1215,51,0
1118,11.180229758,223.061000000,100,1410,1215,51,0
1119,11.190229144,223.061000000,100,1410,1215,51,0
1120,11.200228991,223.061000000,100,1410,1215,51,0
1121,11.210229791,223.061000000,100,1410,1215,51,0
1122,11.220232523,223.061000000,100,1410,1215,51,0
1123,11.232135899,223.061000000,100,1410,1215,51,0
1124,11.240284206,223.235000000,100,1410,1215,51,0
1125,11.250230402,223.235000000,100,1410,1215,51,0
1126,11.260277288,223.235000000,100,1410,1215,51,0
1127,11.270230077,223.235000000,100,1410,1215,51,0
1128,11.280228251,223.235000000,100,1410,1215,51,0
1129,11.290230493,223.235000000,100,1410,1215,51,0
1130,11.300230240,223.235000000,100,1410,1215,51,0
1131,11.310229667,223.235000000,100,1410,1215,51,0
1132,11.320228953,223.235000000,100,1410,1215,51,0
1133,11.330229542,223.235000000,100,1410,1215,51,0
1134,11.340230301,223.132000000,100,1410,1215,51,0
1135,11.350229437,223.132000000,100,1410,1215,51,0
1136,11.360230056,223.132000000,100,1410,1215,51,0
1137,11.370230144,223.132000000,100,1410,1215,51,0
1138,11.380229410,223.132000000,100,1410,1215,51,0
1139,11.390229568,223.132000000,100,1410,1215,51,0
1140,11.400229215,223.132000000,100,1410,1215,51,0
1141,11.410228852,223.132000000,100,1410,1215,51,0
1142,11.420229491,223.132000000,100,1410,1215,51,0
1143,11.430229869,223.132000000,100,1410,1215,51,0
1144,11.440230738,223.132000000,100,1410,1215,51,0
1145,11.450230135,223.132000000,100,1410,1215,51,0
1146,11.460231105,223.132000000,100,1410,1215,51,0
1147,11.470229920,223.132000000,100,1410,1215,51,0
1148,11.480229547,223.132000000,100,1410,1215,51,0
1149,11.490230156,223.132000000,100,1410,1215,51,0
1150,11.500228871,223.132000000,100,1410,1215,51,0
1151,11.510229390,223.132000000,100,1410,1215,51,0
1152,11.520229407,223.132000000,100,1410,1215,51,0
1153,11.530228984,223.132000000,100,1410,1215,51,0
1154,11.540231537,222.940000000,100,1410,1215,51,0
1155,11.550230693,222.940000000,100,1410,1215,51,0
1156,11.560228797,222.940000000,100,1410,1215,51,0
1157,11.570228845,222.940000000,100,1410,1215,51,0
1158,11.580228702,222.940000000,100,1410,1215,51,0
1159,11.590229942,222.940000000,100,1410,1215,51,0
1160,11.600235991,222.940000000,100,1410,1215,51,0
1161,11.610230428,222.940000000,100,1410,1215,51,0
1162,11.620228783,222.940000000,100,1410,1215,51,0
1163,11.630229822,222.940000000,100,1410,1215,51,0
1164,11.640259345,222.389000000,100,1410,1215,51,0
1165,11.650229728,222.389000000,100,1410,1215,51,0
1166,11.660229294,222.389000000,100,1410,1215,51,0
1167,11.670229162,222.389000000,100,1410,1215,51,0
1168,11.680230472,222.389000000,100,1410,1215,51,0
1169,11.690230149,222.389000000,100,1410,1215,51,0
1170,11.700230097,222.389000000,100,1410,1215,51,0
1171,11.710230475,222.389000000,100,1410,1215,51,0
1172,11.720230984,222.389000000,100,1410,1215,51,0
1173,11.730230791,222.389000000,100,1410,1215,51,0
1174,11.740231259,218.249000000,100,1410,1215,51,0
1175,11.750230335,218.249000000,100,1410,1215,51,0
1176,11.760233979,218.249000000,100,1410,1215,51,0
1177,11.770230951,218.249000000,100,1410,1215,51,0
1178,11.780231510,218.249000000,100,1410,1215,51,0
1179,11.790235335,218.249000000,100,1410,1215,51,0
1180,11.800230323,218.249000000,100,1410,1215,51,0
1181,11.810229399,218.249000000,100,1410,1215,51,0
1182,11.820229617,218.249000000,100,1410,1215,51,0
1183,11.830230335,218.249000000,100,1410,1215,51,0
1184,11.840231736,213.048000000,100,1410,1215,51,0
1185,11.851134450,213.048000000,100,1410,1215,51,0
1186,11.860269722,213.048000000,100,1410,1215,51,0
1187,11.870232450,213.048000000,100,1410,1215,51,0
1188,11.880273795,213.048000000,100,1410,1215,51,0
1189,11.890229760,213.048000000,100,1410,1215,51,0
1190,11.900227914,213.048000000,100,1410,1215,51,0
1191,11.910230867,213.048000000,100,1410,1215,51,0
1192,11.920233459,213.048000000,100,1410,1215,51,0
1193,11.930229419,213.048000000,100,1410,1215,51,0
1194,11.940230058,218.582000000,100,1410,1215,51,0
1195,11.950229475,218.582000000,100,1410,1215,51,0
1196,11.960229492,218.582000000,100,1410,1215,51,0
1197,11.970229460,218.582000000,100,1410,1215,51,0
1198,11.980230128,218.582000000,100,1410,1215,51,0
1199,11.990230176,218.582000000,100,1410,1215,51,0
1200,12.000229392,218.582000000,100,1410,1215,51,0
1201,12.010229750,218.582000000,100,1410,1215,51,0
1202,12.020229427,218.582000000,100,1410,1215,51,0
1203,12.030228924,218.582000000,100,1410,1215,51,0
1204,12.040230134,221.098000000,100,1410,1215,51,0
1205,12.050229340,221.098000000,100,1410,1215,51,0
1206,12.060229147,221.098000000,100,1410,1215,51,0
1207,12.070228834,221.098000000,100,1410,1215,51,0
1208,12.080229032,221.098000000,100,1410,1215,51,0
1209,12.090228539,221.098000000,100,1410,1215,51,0
1210,12.100228716,221.098000000,100,1410,1215,51,0
1211,12.110228574,221.098000000,100,1410,1215,51,0
1212,12.120232779,221.098000000,100,1410,1215,51,0
1213,12.130229190,221.098000000,100,1410,1215,51,0
1214,12.140230290,222.128000000,100,1410,1215,51,0
1215,12.150228484,222.128000000,100,1410,1215,51,0
1216,12.160229152,222.128000000,100,1410,1215,51,0
1217,12.170229501,222.128000000,100,1410,1215,51,0
1218,12.180228937,222.128000000,100,1410,1215,51,0
1219,12.190229255,222.128000000,100,1410,1215,51,0
1220,12.200229674,222.128000000,100,1410,1215,51,0
1221,12.210229872,222.128000000,100,1410,1215,51,0
1222,12.220230791,222.128000000,100,1410,1215,51,0
1223,12.230229286,222.128000000,100,1410,1215,51,0
1224,12.240230355,223.036000000,100,1410,1215,51,0
1225,12.250230593,223.036000000,100,1410,1215,51,0
1226,12.260229268,223.036000000,100,1410,1215,51,0
1227,12.270229927,223.036000000,100,1410,1215,51,0
1228,12.280229444,223.036000000,100,1410,1215,51,0
1229,12.290233930,223.036000000,100,1410,1215,51,0
1230,12.300229890,223.036000000,100,1410,1215,51,0
1231,12.310234155,223.036000000,100,1410,1215,51,0
1232,12.320230406,223.036000000,100,1410,1215,51,0
1233,12.330229632,223.036000000,100,1410,1215,51,0
1234,12.340230431,223.445000000,100,1410,1215,51,0
1235,12.350230288,223.445000000,100,1410,1215,51,0
1236,12.360230015,223.445000000,100,1410,1215,51,0
1237,12.370229742,223.445000000,100,1410,1215,51,0
1238,12.380230541,223.445000000,100,1410,1215,51,0
1239,12.390230419,223.445000000,100,1410,1215,51,0
1240,12.400231779,223.445000000,100,1410,1215,51,0
1241,12.411139613,223.445000000,100,1410,1215,51,0
1242,12.420247794,223.445000000,100,1410,1215,51,0
1243,12.430269773,223.445000000,100,1410,1215,51,0
1244,12.440235776,223.283000000,100,1410,1215,51,0
1245,12.450231857,223.283000000,100,1410,1215,51,0
1246,12.460628670,223.283000000,100,1410,1215,51,0
1247,12.470257290,223.283000000,100,1410,1215,51,0
1248,12.480230166,223.283000000,100,1410,1215,51,0
1249,12.490230094,223.283000000,100,1410,1215,51,0
1250,12.500230071,223.283000000,100,1410,1215,51,0
1251,12.510235078,223.283000000,100,1410,1215,51,0
1252,12.520229756,223.283000000,100,1410,1215,51,0
1253,12.530230835,223.283000000,100,1410,1215,51,0
1254,12.540231163,222.973000000,100,1410,1215,51,0
1255,12.550229738,222.973000000,100,1410,1215,51,0
1256,12.560230046,222.973000000,100,1410,1215,51,0
1257,12.570230224,222.973000000,100,1410,1215,51,0
1258,12.580229571,222.973000000,100,1410,1215,51,0
1259,12.590229748,222.973000000,100,1410,1215,51,0
1260,12.600229275,222.973000000,100,1410,1215,51,0
1261,12.610229163,222.973000000,100,1410,1215,51,0
1262,12.620230212,222.973000000,100,1410,1215,51,0
1263,12.630229568,222.973000000,100,1410,1215,51,0
1264,12.640230698,223.068000000,100,1410,1215,51,0
1265,12.650229443,223.068000000,100,1410,1215,51,0
1266,12.660230182,223.068000000,100,1410,1215,51,0
1267,12.670229388,223.068000000,100,1410,1215,51,0
1268,12.680229025,223.068000000,100,1410,1215,51,0
1269,12.690229464,223.068000000,100,1410,1215,51,0
1270,12.700233859,223.068000000,100,1410,1215,51,0
1271,12.710229539,223.068000000,100,1410,1215,51,0
1272,12.720229606,223.068000000,100,1410,1215,51,0
1273,12.730228933,223.068000000,100,1410,1215,51,0
1274,12.740230603,222.581000000,100,1410,1215,51,0
1275,12.750233606,222.581000000,100,1410,1215,51,0
1276,12.760229887,222.581000000,100,1410,1215,51,0
1277,12.770229884,222.581000000,100,1410,1215,51,0
1278,12.780229962,222.581000000,100,1410,1215,51,0
1279,12.790230170,222.581000000,100,1410,1215,51,0
1280,12.800230227,222.581000000,100,1410,1215,51,0
1281,12.810230465,222.581000000,100,1410,1215,51,0
1282,12.820229952,222.581000000,100,1410,1215,51,0
1283,12.830230550,222.581000000,100,1410,1215,51,0
1284,12.840231219,218.538000000,100,1410,1215,51,0
1285,12.850229393,218.538000000,100,1410,1215,51,0
1286,12.860230823,218.538000000,100,1410,1215,51,0
1287,12.870230530,218.538000000,100,1410,1215,51,0
1288,12.880230638,218.538000000,100,1410,1215,51,0
1289,12.890229733,218.538000000,100,1410,1215,51,0
1290,12.900229480,218.538000000,100,1410,1215,51,0
1291,12.910229067,218.538000000,100,1410,1215,51,0
1292,12.920230297,218.538000000,100,1410,1215,51,0
1293,12.930229783,218.538000000,100,1410,1215,51,0
1294,12.940230933,214.153000000,100,1410,1215,51,0
1295,12.950231221,214.153000000,100,1410,1215,51,0
1296,12.960230397,214.153000000,100,1410,1215,51,0
1297,12.970229793,214.153000000,100,1410,1215,51,0
1298,12.980230101,214.153000000,100,1410,1215,51,0
1299,12.990229948,214.153000000,100,1410,1215,51,0
1300,13.000229154,214.153000000,100,1410,1215,51,0
1301,13.010229151,214.153000000,100,1410,1215,51,0
1302,13.020444604,214.153000000,100,1410,1215,51,0
1303,13.030234186,214.153000000,100,1410,1215,51,0
1304,13.040540008,218.201000000,100,1410,1215,51,0
1305,13.050233970,218.201000000,100,1410,1215,51,0
1306,13.060231694,218.201000000,100,1410,1215,51,0
1307,13.070241640,218.201000000,100,1410,1215,51,0
1308,13.080231107,218.201000000,100,1410,1215,51,0
1309,13.090229782,218.201000000,100,1410,1215,51,0
1310,13.100230912,218.201000000,100,1410,1215,51,0
1311,13.110229386,218.201000000,100,1410,1215,51,0
1312,13.120229063,218.201000000,100,1410,1215,51,0
1313,13.130230954,218.201000000,100,1410,1215,51,0
1314,13.140230851,221.185000000,100,1410,1215,51,0
1315,13.150230809,221.185000000,100,1410,1215,51,0
1316,13.160229344,221.185000000,100,1410,1215,51,0
1317,13.170229952,221.185000000,100,1410,1215,51,0
1318,13.180229489,221.185000000,100,1410,1215,51,0
1319,13.190228935,221.185000000,100,1410,1215,51,0
1320,13.200229644,221.185000000,100,1410,1215,51,0
1321,13.210229481,221.185000000,100,1410,1215,51,0
1322,13.220229899,221.185000000,100,1410,1215,51,0
1323,13.230229606,221.185000000,100,1410,1215,51,0
1324,13.240229904,222.517000000,100,1410,1215,51,0
1325,13.250229000,222.517000000,100,1410,1215,51,0
1326,13.260228917,222.517000000,100,1410,1215,51,0
1327,13.270229516,222.517000000,100,1410,1215,51,0
1328,13.280229884,222.517000000,100,1410,1215,51,0
1329,13.290230102,222.517000000,100,1410,1215,51,0
1330,13.300229749,222.517000000,100,1410,1215,51,0
1331,13.310229546,222.517000000,100,1410,1215,51,0
1332,13.320229613,222.517000000,100,1410,1215,51,0
1333,13.330229510,222.517000000,100,1410,1215,51,0
1334,13.340229598,222.875000000,100,1410,1215,51,0
1335,13.350229385,222.875000000,100,1410,1215,51,0
1336,13.360229733,222.875000000,100,1410,1215,51,0
1337,13.370229991,222.875000000,100,1410,1215,51,0
1338,13.380228837,222.875000000,100,1410,1215,51,0
1339,13.390229004,222.875000000,100,1410,1215,51,0
1340,13.400229883,222.875000000,100,1410,1215,51,0
1341,13.410230051,222.875000000,100,1410,1215,51,0
1342,13.420228926,222.875000000,100,1410,1215,51,0
1343,13.430229305,222.875000000,100,1410,1215,51,0
1344,13.440229512,223.482000000,100,1410,1215,51,0
1345,13.450230722,223.482000000,100,1410,1215,51,0
1346,13.460231030,223.482000000,100,1410,1215,51,0
1347,13.470230537,223.482000000,100,1410,1215,51,0
1348,13.480230274,223.482000000,100,1410,1215,51,0
1349,13.490229840,223.482000000,100,1410,1215,51,0
1350,13.500230529,223.482000000,100,1410,1215,51,0
1351,13.510230587,223.482000000,100,1410,1215,51,0
1352,13.520234020,223.482000000,100,1410,1215,51,0
1353,13.530230131,223.482000000,100,1410,1215,51,0
1354,13.540230789,223.536000000,100,1410,1215,51,0
1355,13.550229624,223.536000000,100,1410,1215,51,0
1356,13.560230484,223.536000000,100,1410,1215,51,0
1357,13.570229780,223.536000000,100,1410,1215,51,0
1358,13.580229456,223.536000000,100,1410,1215,51,0
1359,13.590230205,223.536000000,100,1410,1215,51,0
1360,13.600229441,223.536000000,100,1410,1215,51,0
1361,13.610230190,223.536000000,100,1410,1215,51,0
1362,13.620228575,223.536000000,100,1410,1215,51,0
1363,13.630229624,223.536000000,100,1410,1215,51,0
1364,13.640230543,223.068000000,100,1410,1215,51,0
1365,13.650230000,223.068000000,100,1410,1215,51,0
1366,13.660231219,223.068000000,100,1410,1215,51,0
1367,13.670234232,223.068000000,100,1410,1215,51,0
1368,13.680229411,223.068000000,100,1410,1215,51,0
1369,13.690229048,223.068000000,100,1410,1215,51,0
1370,13.700234245,223.068000000,100,1410,1215,51,0
1371,13.710229113,223.068000000,100,1410,1215,51,0
1372,13.720230012,223.068000000,100,1410,1215,51,0
1373,13.730229638,223.068000000,100,1410,1215,51,0
1374,13.740231119,223.158000000,100,1410,1215,51,0
1375,13.750232438,223.158000000,100,1410,1215,51,0
1376,13.760229620,223.158000000,100,1410,1215,51,0
1377,13.770229748,223.158000000,100,1410,1215,51,0
1378,13.780229585,223.158000000,100,1410,1215,51,0
1379,13.790229733,223.158000000,100,1410,1215,51,0
1380,13.800230281,223.158000000,100,1410,1215,51,0
1381,13.810230148,223.158000000,100,1410,1215,51,0
1382,13.820229995,223.158000000,100,1410,1215,51,0
1383,13.830230003,223.158000000,100,1410,1215,51,0
1384,13.840236422,222.684000000,100,1410,1215,51,0
1385,13.850230388,222.684000000,100,1410,1215,51,0
1386,13.860229984,222.684000000,100,1410,1215,51,0
1387,13.870230693,222.684000000,100,1410,1215,51,0
1388,13.880230029,222.684000000,100,1410,1215,51,0
1389,13.890230187,222.684000000,100,1410,1215,51,0
1390,13.900234312,222.684000000,100,1410,1215,51,0
1391,13.910230362,222.684000000,100,1410,1215,51,0
1392,13.920230029,222.684000000,100,1410,1215,51,0
1393,13.930230216,222.684000000,100,1410,1215,51,0
1394,13.940231506,218.660000000,100,1410,1215,51,0
1395,13.950230541,218.660000000,100,1410,1215,51,0
1396,13.960230138,218.660000000,100,1410,1215,51,0
1397,13.970229595,218.660000000,100,1410,1215,51,0
1398,13.980230534,218.660000000,100,1410,1215,51,0
1399,13.990230381,218.660000000,100,1410,1215,51,0
1400,14.000229677,218.660000000,100,1410,1215,51,0
1401,14.010230486,218.660000000,100,1410,1215,51,0
1402,14.020230563,218.660000000,100,1410,1215,51,0
1403,14.030230861,218.660000000,100,1410,1215,51,0
1404,14.040232672,212.478000000,100,1410,1215,51,0
1405,14.050231597,212.478000000,100,1410,1215,51,0
1406,14.060230272,212.478000000,100,1410,1215,51,0
1407,14.070230369,212.478000000,100,1410,1215,51,0
1408,14.080230697,212.478000000,100,1410,1215,51,0
1409,14.090230294,212.478000000,100,1410,1215,51,0
1410,14.100229900,212.478000000,100,1410,1215,51,0
1411,14.110230719,212.478000000,100,1410,1215,51,0
1412,14.120230406,212.478000000,100,1410,1215,51,0
1413,14.130229852,212.478000000,100,1410,1215,51,0
1414,14.140237244,218.659000000,100,1410,1215,51,0
1415,14.150229787,218.659000000,100,1410,1215,51,0
1416,14.160230415,218.659000000,100,1410,1215,51,0
1417,14.170231024,218.659000000,100,1410,1215,51,0
1418,14.180230220,218.659000000,100,1410,1215,51,0
1419,14.190231419,218.659000000,100,1410,1215,51,0
1420,14.200228752,218.659000000,100,1410,1215,51,0
1421,14.210229841,218.659000000,100,1410,1215,51,0
1422,14.220229167,218.659000000,100,1410,1215,51,0
1423,14.230229235,218.659000000,100,1410,1215,51,0
1424,14.240230114,220.669000000,100,1410,1215,51,0
1425,14.250229810,220.669000000,100,1410,1215,51,0
1426,14.260229497,220.669000000,100,1410,1215,51,0
1427,14.270229464,220.669000000,100,1410,1215,51,0
1428,14.280229392,220.669000000,100,1410,1215,51,0
1429,14.290230070,220.669000000,100,1410,1215,51,0
1430,14.300229937,220.669000000,100,1410,1215,51,0
1431,14.310229714,220.669000000,100,1410,1215,51,0
1432,14.320233649,220.669000000,100,1410,1215,51,0
1433,14.330229458,220.669000000,100,1410,1215,51,0
1434,14.340230738,222.299000000,100,1410,1215,51,0
1435,14.350230345,222.299000000,100,1410,1215,51,0
1436,14.360234089,222.299000000,100,1410,1215,51,0
1437,14.370230239,222.299000000,100,1410,1215,51,0
1438,14.380229976,222.299000000,100,1410,1215,51,0
1439,14.390230083,222.299000000,100,1410,1215,51,0
1440,14.400230372,222.299000000,100,1410,1215,51,0
1441,14.410229667,222.299000000,100,1410,1215,51,0
1442,14.420230035,222.299000000,100,1410,1215,51,0
1443,14.430235323,222.299000000,100,1410,1215,51,0
1444,14.440231443,223.233000000,100,1410,1215,51,0
1445,14.450235317,223.233000000,100,1410,1215,51,0
1446,14.460231518,223.233000000,100,1410,1215,51,0
1447,14.470230794,223.233000000,100,1410,1215,51,0
1448,14.480235590,223.233000000,100,1410,1215,51,0
1449,14.490230658,223.233000000,100,1410,1215,51,0
1450,14.500231297,223.233000000,100,1410,1215,51,0
1451,14.510234690,223.233000000,100,1410,1215,51,0
1452,14.520230590,223.233000000,100,1410,1215,51,0
1453,14.530234615,223.233000000,100,1410,1215,51,0
1454,14.540231877,223.463000000,100,1410,1215,51,0
1455,14.550229740,223.463000000,100,1410,1215,51,0
1456,14.560229197,223.463000000,100,1410,1215,51,0
1457,14.570230026,223.463000000,100,1410,1215,51,0
1458,14.580229803,223.463000000,100,1410,1215,51,0
1459,14.590229780,223.463000000,100,1410,1215,51,0
1460,14.600229647,223.463000000,100,1410,1215,51,0
1461,14.610229895,223.463000000,100,1410,1215,51,0
1462,14.620230163,223.463000000,100,1410,1215,51,0
1463,14.630229499,223.463000000,100,1410,1215,51,0
1464,14.640231349,223.368000000,100,1410,1215,52,0
1465,14.650229764,223.368000000,100,1410,1215,52,0
1466,14.660230473,223.368000000,100,1410,1215,52,0
1467,14.670230109,223.368000000,100,1410,1215,52,0
1468,14.680229014,223.368000000,100,1410,1215,52,0
1469,14.690229883,223.368000000,100,1410,1215,52,0
1470,14.700230151,223.368000000,100,1410,1215,52,0
1471,14.710229547,223.368000000,100,1410,1215,52,0
1472,14.720228723,223.368000000,100,1410,1215,52,0
1473,14.730233820,223.368000000,100,1410,1215,52,0
1474,14.740231172,223.284000000,100,1410,1215,52,0
1475,14.750229346,223.284000000,100,1410,1215,52,0
1476,14.760228692,223.284000000,100,1410,1215,52,0
1477,14.770228919,223.284000000,100,1410,1215,52,0
1478,14.780229468,223.284000000,100,1410,1215,52,0
1479,14.790229726,223.284000000,100,1410,1215,52,0
1480,14.800229142,223.284000000,100,1410,1215,52,0
1481,14.810229570,223.284000000,100,1410,1215,52,0
1482,14.820229657,223.284000000,100,1410,1215,52,0
1483,14.830229404,223.284000000,100,1410,1215,52,0
1484,14.840230684,223.331000000,100,1410,1215,52,0
1485,14.850229849,223.331000000,100,1410,1215,52,0
1486,14.860230027,223.331000000,100,1410,1215,52,0
1487,14.870234212,223.331000000,100,1410,1215,52,0
1488,14.880230151,223.331000000,100,1410,1215,52,0
1489,14.890230229,223.331000000,100,1410,1215,52,0
1490,14.900233722,223.331000000,100,1410,1215,52,0
1491,14.910234261,223.331000000,100,1410,1215,52,0
1492,14.920229559,223.331000000,100,1410,1215,52,0
1493,14.930229837,223.331000000,100,1410,1215,52,0
1494,14.940230836,222.773000000,100,1410,1215,52,0
1495,14.950230022,222.773000000,100,1410,1215,52,0
1496,14.960229518,222.773000000,100,1410,1215,52,0
1497,14.970231459,222.773000000,100,1410,1215,52,0
1498,14.980230925,222.773000000,100,1410,1215,52,0
1499,14.990230612,222.773000000,100,1410,1215,52,0
1500,15.000229757,222.773000000,100,1410,1215,52,0
1501,15.010231668,222.773000000,100,1410,1215,52,0
1502,15.020230924,222.773000000,100,1410,1215,52,0
1503,15.030231352,222.773000000,100,1410,1215,52,0
1504,15.040230938,219.631000000,100,1410,1215,52,0
1505,15.050230435,219.631000000,100,1410,1215,52,0
1506,15.060230272,219.631000000,100,1410,1215,52,0
1507,15.070229708,219.631000000,100,1410,1215,52,0
1508,15.080229966,219.631000000,100,1410,1215,52,0
1509,15.090229302,219.631000000,100,1410,1215,52,0
1510,15.100229599,219.631000000,100,1410,1215,52,0
1511,15.110229176,219.631000000,100,1410,1215,52,0
1512,15.120230055,219.631000000,100,1410,1215,52,0
1513,15.130230242,219.631000000,100,1410,1215,52,0
1514,15.140230049,212.019000000,100,1410,1215,52,0
1515,15.150229686,212.019000000,100,1410,1215,52,0
1516,15.160229703,212.019000000,100,1410,1215,52,0
1517,15.170229901,212.019000000,100,1410,1215,52,0
1518,15.180229337,212.019000000,100,1410,1215,52,0
1519,15.190229504,212.019000000,100,1410,1215,52,0
1520,15.200229682,212.019000000,100,1410,1215,52,0
1521,15.210229980,212.019000000,100,1410,1215,52,0
1522,15.220229696,212.019000000,100,1410,1215,52,0
1523,15.230229303,212.019000000,100,1410,1215,52,0
1524,15.240230152,217.680000000,100,1410,1215,52,0
1525,15.250229447,217.680000000,100,1410,1215,52,0
1526,15.260229916,217.680000000,100,1410,1215,52,0
1527,15.270233349,217.680000000,100,1410,1215,52,0
1528,15.280229680,217.680000000,100,1410,1215,52,0
1529,15.290229526,217.680000000,100,1410,1215,52,0
1530,15.300229203,217.680000000,100,1410,1215,52,0
1531,15.310229140,217.680000000,100,1410,1215,52,0
1532,15.320229689,217.680000000,100,1410,1215,52,0
1533,15.330233854,217.680000000,100,1410,1215,52,0
1534,15.340230785,221.174000000,100,1410,1215,52,0
1535,15.350229911,221.174000000,100,1410,1215,52,0
1536,15.360230359,221.174000000,100,1410,1215,52,0
1537,15.370230015,221.174000000,100,1410,1215,52,0
1538,15.380233890,221.174000000,100,1410,1215,52,0
1539,15.390229910,221.174000000,100,1410,1215,52,0
1540,15.400230187,221.174000000,100,1410,1215,52,0
1541,15.410229293,221.174000000,100,1410,1215,52,0
1542,15.420229410,221.174000000,100,1410,1215,52,0
1543,15.430230009,221.174000000,100,1410,1215,52,0
1544,15.440231068,222.262000000,100,1410,1215,52,0
1545,15.450230023,222.262000000,100,1410,1215,52,0
1546,15.460230101,222.262000000,100,1410,1215,52,0
1547,15.470230729,222.262000000,100,1410,1215,52,0
1548,15.480229634,222.262000000,100,1410,1215,52,0
1549,15.490229912,222.262000000,100,1410,1215,52,0
1550,15.500233726,222.262000000,100,1410,1215,52,0
1551,15.510230527,222.262000000,100,1410,1215,52,0
1552,15.520231396,222.262000000,100,1410,1215,52,0
1553,15.530230302,222.262000000,100,1410,1215,52,0
1554,15.540231180,222.971000000,100,1410,1215,52,0
1555,15.550229935,222.971000000,100,1410,1215,52,0
1556,15.560234221,222.971000000,100,1410,1215,52,0
1557,15.570234448,222.971000000,100,1410,1215,52,0
1558,15.580230939,222.971000000,100,1410,1215,52,0
1559,15.590231237,222.971000000,100,1410,1215,52,0
1560,15.600229210,222.971000000,100,1410,1215,52,0
1561,15.610229388,222.971000000,100,1410,1215,52,0
1562,15.620229776,222.971000000,100,1410,1215,52,0
1563,15.630230124,222.971000000,100,1410,1215,52,0
1564,15.640230932,223.489000000,100,1410,1215,52,0
1565,15.650234576,223.489000000,100,1410,1215,52,0
1566,15.660230937,223.489000000,100,1410,1215,52,0
1567,15.670230233,223.489000000,100,1410,1215,52,0
1568,15.680229789,223.489000000,100,1410,1215,52,0
1569,15.690229846,223.489000000,100,1410,1215,52,0
1570,15.700229423,223.489000000,100,1410,1215,52,0
1571,15.710230091,223.489000000,100,1410,1215,52,0
1572,15.720229918,223.489000000,100,1410,1215,52,0
1573,15.730233622,223.489000000,100,1410,1215,52,0
1574,15.740230674,223.578000000,100,1410,1215,52,0
1575,15.750233847,223.578000000,100,1410,1215,52,0
1576,15.760229386,223.578000000,100,1410,1215,52,0
1577,15.770229443,223.578000000,100,1410,1215,52,0
1578,15.780230382,223.578000000,100,1410,1215,52,0
1579,15.790229287,223.578000000,100,1410,1215,52,0
1580,15.800229324,223.578000000,100,1410,1215,52,0
1581,15.810229572,223.578000000,100,1410,1215,52,0
1582,15.820233506,223.578000000,100,1410,1215,52,0
1583,15.830230057,223.578000000,100,1410,1215,52,0
1584,15.840230365,223.612000000,100,1410,1215,52,0
1585,15.850230271,223.612000000,100,1410,1215,52,0
1586,15.860230489,223.612000000,100,1410,1215,52,0
1587,15.870235576,223.612000000,100,1410,1215,52,0
1588,15.880229972,223.612000000,100,1410,1215,52,0
1589,15.890230270,223.612000000,100,1410,1215,52,0
1590,15.900230047,223.612000000,100,1410,1215,52,0
1591,15.910230485,223.612000000,100,1410,1215,52,0
1592,15.920229580,223.612000000,100,1410,1215,52,0
1593,15.930229748,223.612000000,100,1410,1215,52,0
1594,15.940230165,223.612000000,100,1410,1215,52,0
1595,15.950229922,223.612000000,100,1410,1215,52,0
1596,15.960229729,223.612000000,100,1410,1215,52,0
1597,15.970230037,223.612000000,100,1410,1215,52,0
1598,15.980233801,223.612000000,100,1410,1215,52,0
1599,15.990229550,223.612000000,100,1410,1215,52,0
1600,16.000230499,223.612000000,100,1410,1215,52,0
1601,16.010229314,223.612000000,100,1410,1215,52,0
1602,16.020231004,223.612000000,100,1410,1215,52,0
1603,16.030229398,223.612000000,100,1410,1215,52,0
1604,16.040231349,223.252000000,100,1410,1215,52,0
1605,16.050230725,223.252000000,100,1410,1215,52,0
1606,16.060230301,223.252000000,100,1410,1215,52,0
1607,16.070229717,223.252000000,100,1410,1215,52,0
1608,16.080235876,223.252000000,100,1410,1215,52,0
1609,16.090231044,223.252000000,100,1410,1215,52,0
1610,16.100233445,223.252000000,100,1410,1215,52,0
1611,16.110230457,223.252000000,100,1410,1215,52,0
1612,16.120230404,223.252000000,100,1410,1215,52,0
1613,16.130229650,223.252000000,100,1410,1215,52,0
1614,16.140230579,222.517000000,100,1410,1215,52,0
1615,16.150229073,222.517000000,100,1410,1215,52,0
1616,16.160234290,222.517000000,100,1410,1215,52,0
1617,16.170229638,222.517000000,100,1410,1215,52,0
1618,16.180229665,222.517000000,100,1410,1215,52,0
1619,16.190229492,222.517000000,100,1410,1215,52,0
1620,16.200229890,222.517000000,100,1410,1215,52,0
1621,16.210229897,222.517000000,100,1410,1215,52,0
1622,16.220229834,222.517000000,100,1410,1215,52,0
1623,16.230230232,222.517000000,100,1410,1215,52,0
1624,16.240233495,218.441000000,100,1410,1215,52,0
1625,16.250230266,218.441000000,100,1410,1215,52,0
1626,16.260229933,218.441000000,100,1410,1215,52,0
1627,16.270231834,218.441000000,100,1410,1215,52,0
1628,16.280230829,218.441000000,100,1410,1215,52,0
1629,16.290229303,218.441000000,100,1410,1215,52,0
1630,16.300230172,218.441000000,100,1410,1215,52,0
1631,16.310229017,218.441000000,100,1410,1215,52,0
1632,16.320229254,218.441000000,100,1410,1215,52,0
1633,16.330229482,218.441000000,100,1410,1215,52,0
1634,16.340234388,214.883000000,100,1410,1215,52,0
1635,16.350230949,214.883000000,100,1410,1215,52,0
1636,16.360230014,214.883000000,100,1410,1215,52,0
1637,16.370229791,214.883000000,100,1410,1215,52,0
1638,16.380230109,214.883000000,100,1410,1215,52,0
1639,16.390230517,214.883000000,100,1410,1215,52,0
1640,16.400229321,214.883000000,100,1410,1215,52,0
1641,16.410230741,214.883000000,100,1410,1215,52,0
1642,16.420233884,214.883000000,100,1410,1215,52,0
1643,16.430234513,214.883000000,100,1410,1215,52,0
1644,16.440230282,219.479000000,100,1410,1215,52,0
1645,16.450230669,219.479000000,100,1410,1215,52,0
1646,16.460235716,219.479000000,100,1410,1215,52,0
1647,16.470230363,219.479000000,100,1410,1215,52,0
1648,16.480229118,219.479000000,100,1410,1215,52,0
1649,16.490230257,219.479000000,100,1410,1215,52,0
1650,16.500235975,219.479000000,100,1410,1215,52,0
1651,16.510235010,219.479000000,100,1410,1215,52,0
1652,16.520231231,219.479000000,100,1410,1215,52,0
1653,16.530234945,219.479000000,100,1410,1215,52,0
1654,16.540231495,221.218000000,100,1410,1215,52,0
1655,16.550230551,221.218000000,100,1410,1215,52,0
1656,16.560230357,221.218000000,100,1410,1215,52,0
1657,16.570230575,221.218000000,100,1410,1215,52,0
1658,16.580231153,221.218000000,100,1410,1215,52,0
1659,16.590230018,221.218000000,100,1410,1215,52,0
1660,16.600234814,221.218000000,100,1410,1215,52,0
1661,16.610230453,221.218000000,100,1410,1215,52,0
1662,16.620235259,221.218000000,100,1410,1215,52,0
1663,16.630278708,221.218000000,100,1410,1215,52,0
1664,16.642190108,222.945000000,100,1410,1215,52,0
1665,16.650349836,222.945000000,100,1410,1215,52,0
1666,16.660281675,222.945000000,100,1410,1215,52,0
1667,16.670285930,222.945000000,100,1410,1215,52,0
1668,16.680260970,222.945000000,100,1410,1215,52,0
1669,16.690239467,222.945000000,100,1410,1215,52,0
1670,16.700234435,222.945000000,100,1410,1215,52,0
1671,16.710230314,222.945000000,100,1410,1215,52,0
1672,16.720230632,222.945000000,100,1410,1215,52,0
1673,16.730238814,222.945000000,100,1410,1215,52,0
1674,16.740230115,223.386000000,100,1410,1215,52,0
1675,16.750229431,223.386000000,100,1410,1215,52,0
1676,16.760229528,223.386000000,100,1410,1215,52,0
1677,16.770230918,223.386000000,100,1410,1215,52,0
1678,16.780230333,223.386000000,100,1410,1215,52,0
1679,16.790231112,223.386000000,100,1410,1215,52,0
1680,16.800229215,223.386000000,100,1410,1215,52,0
1681,16.810228992,223.386000000,100,1410,1215,52,0
1682,16.820229099,223.386000000,100,1410,1215,52,0
1683,16.830228966,223.386000000,100,1410,1215,52,0
1684,16.840229875,223.800000000,100,1410,1215,52,0
1685,16.850229531,223.800000000,100,1410,1215,52,0
1686,16.860229588,223.800000000,100,1410,1215,52,0
1687,16.870228904,223.800000000,100,1410,1215,52,0
1688,16.880229812,223.800000000,100,1410,1215,52,0
1689,16.890229128,223.800000000,100,1410,1215,52,0
1690,16.900229756,223.800000000,100,1410,1215,52,0
1691,16.910229373,223.800000000,100,1410,1215,52,0
1692,16.920229129,223.800000000,100,1410,1215,52,0
1693,16.930230038,223.800000000,100,1410,1215,52,0
1694,16.940230336,223.745000000,100,1410,1215,52,0
1695,16.950228860,223.745000000,100,1410,1215,52,0
1696,16.960228927,223.745000000,100,1410,1215,52,0
1697,16.970228764,223.745000000,100,1410,1215,52,0
1698,16.980229632,223.745000000,100,1410,1215,52,0
1699,16.990229890,223.745000000,100,1410,1215,52,0
1700,17.000230137,223.745000000,100,1410,1215,52,0
1701,17.010228942,223.745000000,100,1410,1215,52,0
1702,17.020235131,223.745000000,100,1410,1215,52,0
1703,17.031132595,223.745000000,100,1410,1215,52,0
1704,17.040232941,223.445000000,100,1410,1215,52,0
1705,17.050229120,223.445000000,100,1410,1215,52,0
1706,17.060229929,223.445000000,100,1410,1215,52,0
1707,17.070230788,223.445000000,100,1410,1215,52,0
1708,17.080231105,223.445000000,100,1410,1215,52,0
1709,17.090229038,223.445000000,100,1410,1215,52,0
1710,17.103137593,223.445000000,100,1410,1215,52,0
1711,17.110227960,223.445000000,100,1410,1215,52,0
1712,17.120228639,223.445000000,100,1410,1215,52,0
1713,17.130228075,223.445000000,100,1410,1215,52,0
1714,17.140229665,223.488000000,100,1410,1215,52,0
1715,17.150228720,223.488000000,100,1410,1215,52,0
1716,17.160244747,223.488000000,100,1410,1215,52,0
1717,17.170232401,223.488000000,100,1410,1215,52,0
1718,17.180239822,223.488000000,100,1410,1215,52,0
1719,17.192136835,223.488000000,100,1410,1215,52,0
1720,17.200235107,223.488000000,100,1410,1215,52,0
1721,17.210230555,223.488000000,100,1410,1215,52,0
1722,17.220232326,223.488000000,100,1410,1215,52,0
1723,17.230231612,223.488000000,100,1410,1215,52,0
1724,17.240232260,223.087000000,100,1410,1215,52,0
1725,17.250230593,223.087000000,100,1410,1215,52,0
1726,17.263147544,223.087000000,100,1410,1215,52,0
1727,17.270236018,223.087000000,100,1410,1215,52,0
1728,17.280229503,223.087000000,100,1410,1215,52,0
1729,17.290229389,223.087000000,100,1410,1215,52,0
1730,17.300230529,223.087000000,100,1410,1215,52,0
1731,17.310228842,223.087000000,100,1410,1215,52,0
1732,17.320228288,223.087000000,100,1410,1215,52,0
1733,17.330229708,223.087000000,100,1410,1215,52,0
1734,17.343139725,221.309000000,100,1410,1215,52,0
1735,17.350228530,221.309000000,100,1410,1215,52,0
1736,17.360228757,221.309000000,100,1410,1215,52,0
1737,17.370228424,221.309000000,100,1410,1215,52,0
1738,17.380228491,221.309000000,100,1410,1215,52,0
1739,17.390228598,221.309000000,100,1410,1215,52,0
1740,17.400228024,221.309000000,100,1410,1215,52,0
1741,17.410234463,221.309000000,100,1410,1215,52,0
1742,17.420230102,221.309000000,100,1410,1215,52,0
1743,17.430230159,221.309000000,100,1410,1215,52,0
1744,17.440230817,215.723000000,100,1410,1215,52,0
1745,17.450230975,215.723000000,100,1410,1215,52,0
1746,17.460231332,215.723000000,100,1410,1215,52,0
1747,17.470228234,215.723000000,100,1410,1215,52,0
1748,17.480229423,215.723000000,100,1410,1215,52,0
1749,17.490230031,215.723000000,100,1410,1215,52,0
1750,17.500232452,215.723000000,100,1410,1215,52,0
1751,17.510231107,215.723000000,100,1410,1215,52,0
1752,17.520229311,215.723000000,100,1410,1215,52,0
1753,17.532140580,215.723000000,100,1410,1215,52,0
1754,17.540236388,217.609000000,100,1410,1215,52,0
1755,17.550228490,217.609000000,100,1410,1215,52,0
1756,17.560228206,217.609000000,100,1410,1215,52,0
1757,17.570229055,217.609000000,100,1410,1215,52,0
1758,17.580229032,217.609000000,100,1410,1215,52,0
1759,17.590228919,217.609000000,100,1410,1215,52,0
1760,17.600230349,217.609000000,100,1410,1215,52,0
1761,17.610228542,217.609000000,100,1410,1215,52,0
1762,17.620227818,217.609000000,100,1410,1215,52,0
1763,17.630231442,217.609000000,100,1410,1215,52,0
1764,17.640231228,220.925000000,100,1410,1215,52,0
1765,17.651133181,220.925000000,100,1410,1215,52,0
1766,17.660229018,220.925000000,100,1410,1215,52,0
1767,17.670230478,220.925000000,100,1410,1215,52,0
1768,17.682134244,220.925000000,100,1410,1215,52,0
1769,17.690230913,220.925000000,100,1410,1215,52,0
1770,17.700230189,220.925000000,100,1410,1215,52,0
1771,17.710229855,220.925000000,100,1410,1215,52,0
1772,17.720230032,220.925000000,100,1410,1215,52,0
1773,17.730229759,220.925000000,100,1410,1215,52,0
1774,17.740230898,222.505000000,100,1410,1215,52,0
1775,17.750229392,222.505000000,100,1410,1215,52,0
1776,17.760229509,222.505000000,100,1410,1215,52,0
1777,17.770230588,222.505000000,100,1410,1215,52,0
1778,17.780230014,222.505000000,100,1410,1215,52,0
1779,17.790228778,222.505000000,100,1410,1215,52,0
1780,17.800229396,222.505000000,100,1410,1215,52,0
1781,17.810229884,222.505000000,100,1410,1215,52,0
1782,17.820228749,222.505000000,100,1410,1215,52,0
1783,17.830229537,222.505000000,100,1410,1215,52,0
1784,17.840229975,223.252000000,100,1410,1215,52,0
1785,17.853169417,223.252000000,100,1410,1215,52,0
1786,17.860234076,223.252000000,100,1410,1215,52,0
1787,17.870229565,223.252000000,100,1410,1215,52,0
1788,17.880237106,223.252000000,100,1410,1215,52,0
1789,17.890230170,223.252000000,100,1410,1215,52,0
1790,17.900228353,223.252000000,100,1410,1215,52,0
1791,17.910232388,223.252000000,100,1410,1215,52,0
1792,17.920228758,223.252000000,100,1410,1215,52,0
1793,17.930227953,223.252000000,100,1410,1215,52,0
1794,17.940229794,223.674000000,100,1410,1215,52,0
1795,17.950227627,223.674000000,100,1410,1215,52,0
1796,17.960227724,223.674000000,100,1410,1215,52,0
1797,17.970228272,223.674000000,100,1410,1215,52,0
1798,17.980229180,223.674000000,100,1410,1215,52,0
1799,17.990229348,223.674000000,100,1410,1215,52,0
1800,18.000228723,223.674000000,100,1410,1215,52,0
1801,18.010248648,223.674000000,100,1410,1215,52,0
1802,18.020230190,223.674000000,100,1410,1215,52,0
1803,18.030238292,223.674000000,100,1410,1215,52,0
1804,18.040229883,223.992000000,100,1410,1215,52,0
1805,18.050232214,223.992000000,100,1410,1215,52,0
1806,18.060245586,223.992000000,100,1410,1215,52,0
1807,18.071133723,223.992000000,100,1410,1215,52,0
1808,18.080231654,223.992000000,100,1410,1215,52,0
1809,18.090233524,223.992000000,100,1410,1215,52,0
1810,18.101135837,223.992000000,100,1410,1215,52,0
1811,18.110231585,223.992000000,100,1410,1215,52,0
1812,18.120230990,223.992000000,100,1410,1215,52,0
1813,18.130232470,223.992000000,100,1410,1215,52,0
1814,18.140232006,223.770000000,100,1410,1215,52,0
1815,18.150230871,223.770000000,100,1410,1215,52,0
1816,18.160230206,223.770000000,100,1410,1215,52,0
1817,18.172140474,223.770000000,100,1410,1215,52,0
1818,18.180227796,223.770000000,100,1410,1215,52,0
1819,18.190231560,223.770000000,100,1410,1215,52,0
1820,18.200230074,223.770000000,100,1410,1215,52,0
1821,18.210229339,223.770000000,100,1410,1215,52,0
1822,18.220229877,223.770000000,100,1410,1215,52,0
1823,18.230231036,223.770000000,100,1410,1215,52,0
1824,18.240230703,223.541000000,100,1410,1215,52,0
1825,18.250229848,223.541000000,100,1410,1215,52,0
1826,18.260253660,223.541000000,100,1410,1215,52,0
1827,18.271134352,223.541000000,100,1410,1215,52,0
1828,18.280228717,223.541000000,100,1410,1215,52,0
1829,18.290227972,223.541000000,100,1410,1215,52,0
1830,18.300228881,223.541000000,100,1410,1215,52,0
1831,18.310235520,223.541000000,100,1410,1215,52,0
1832,18.320229586,223.541000000,100,1410,1215,52,0
1833,18.330228591,223.541000000,100,1410,1215,52,0
1834,18.340229810,223.234000000,100,1410,1215,52,0
1835,18.350228304,223.234000000,100,1410,1215,52,0
1836,18.360227920,223.234000000,100,1410,1215,52,0
1837,18.370228398,223.234000000,100,1410,1215,52,0
1838,18.380231010,223.234000000,100,1410,1215,52,0
1839,18.390237279,223.234000000,100,1410,1215,52,0
1840,18.400230583,223.234000000,100,1410,1215,52,0
1841,18.410231592,223.234000000,100,1410,1215,52,0
1842,18.420230827,223.234000000,100,1410,1215,52,0
1843,18.430378412,223.234000000,100,1410,1215,52,0
1844,18.440240539,222.085000000,100,1410,1215,52,0
1845,18.452140047,222.085000000,100,1410,1215,52,0
1846,18.460231266,222.085000000,100,1410,1215,52,0
1847,18.470230952,222.085000000,100,1410,1215,52,0
1848,18.480230949,222.085000000,100,1410,1215,52,0
1849,18.490230295,222.085000000,100,1410,1215,52,0
1850,18.500926240,222.085000000,100,1410,1215,52,0
1851,18.510230188,222.085000000,100,1410,1215,52,0
1852,18.520232730,222.085000000,100,1410,1215,52,0
1853,18.530230482,222.085000000,100,1410,1215,52,0
1854,18.540246470,216.285000000,100,1410,1215,52,0
1855,18.553138262,216.285000000,100,1410,1215,52,0
1856,18.560228860,216.285000000,100,1410,1215,52,0
1857,18.570228406,216.285000000,100,1410,1215,52,0
1858,18.580232281,216.285000000,100,1410,1215,52,0
1859,18.590228901,216.285000000,100,1410,1215,52,0
1860,18.603134940,216.285000000,100,1410,1215,52,0
1861,18.610228524,216.285000000,100,1410,1215,52,0
1862,18.620228972,216.285000000,100,1410,1215,52,0
1863,18.630228047,216.285000000,100,1410,1215,52,0
1864,18.640229817,216.695000000,100,1410,1215,52,0
1865,18.650227900,216.695000000,100,1410,1215,52,0
1866,18.660227938,216.695000000,100,1410,1215,52,0
1867,18.670228025,216.695000000,100,1410,1215,52,0
1868,18.680228332,216.695000000,100,1410,1215,52,0
1869,18.690229040,216.695000000,100,1410,1215,52,0
1870,18.700230540,216.695000000,100,1410,1215,52,0
1871,18.710230206,216.695000000,100,1410,1215,52,0
1872,18.720228971,216.695000000,100,1410,1215,52,0
1873,18.730230611,216.695000000,100,1410,1215,52,0
1874,18.743133705,220.354000000,100,1410,1215,52,0
1875,18.750228751,220.354000000,100,1410,1215,52,0
1876,18.760228718,220.354000000,100,1410,1215,52,0
1877,18.770227793,220.354000000,100,1410,1215,52,0
1878,18.780227820,220.354000000,100,1410,1215,52,0
1879,18.790229409,220.354000000,100,1410,1215,52,0
1880,18.800228244,220.354000000,100,1410,1215,52,0
1881,18.810227990,220.354000000,100,1410,1215,52,0
1882,18.820263674,220.354000000,100,1410,1215,52,0
1883,18.830229767,220.354000000,100,1410,1215,52,0
1884,18.840230536,222.863000000,100,1410,1215,52,0
1885,18.850233157,222.863000000,100,1410,1215,52,0
1886,18.860229778,222.863000000,100,1410,1215,52,0
1887,18.870230716,222.863000000,100,1410,1215,52,0
1888,18.880228789,222.863000000,100,1410,1215,52,0
1889,18.890230299,222.863000000,100,1410,1215,52,0
1890,18.900229915,222.863000000,100,1410,1215,52,0
1891,18.910229511,222.863000000,100,1410,1215,52,0
1892,18.920230470,222.863000000,100,1410,1215,52,0
1893,18.930230176,222.863000000,100,1410,1215,52,0
1894,18.940230033,223.297000000,100,1410,1215,52,0
1895,18.950231472,223.297000000,100,1410,1215,52,0
1896,18.963152209,223.297000000,100,1410,1215,52,0
1897,18.970228751,223.297000000,100,1410,1215,52,0
1898,18.980229940,223.297000000,100,1410,1215,52,0
1899,18.990227853,223.297000000,100,1410,1215,52,0
1900,19.000228330,223.297000000,100,1410,1215,52,0
1901,19.010228608,223.297000000,100,1410,1215,52,0
1902,19.020227913,223.297000000,100,1410,1215,52,0
1903,19.030227950,223.297000000,100,1410,1215,52,0
1904,19.040231393,223.469000000,100,1410,1215,52,0
1905,19.050230649,223.469000000,100,1410,1215,52,0
1906,19.060234002,223.469000000,100,1410,1215,52,0
1907,19.070229620,223.469000000,100,1410,1215,52,0
1908,19.080230559,223.469000000,100,1410,1215,52,0
1909,19.090229774,223.469000000,100,1410,1215,52,0
1910,19.100230482,223.469000000,100,1410,1215,52,0
1911,19.110231771,223.469000000,100,1410,1215,52,0
1912,19.120228352,223.469000000,100,1410,1215,52,0
1913,19.130231454,223.469000000,100,1410,1215,52,0
1914,19.140230459,224.087000000,100,1410,1215,52,0
1915,19.150229244,224.087000000,100,1410,1215,52,0
1916,19.160230423,224.087000000,100,1410,1215,52,0
1917,19.170229979,224.087000000,100,1410,1215,52,0
1918,19.180230677,224.087000000,100,1410,1215,52,0
1919,19.190229542,224.087000000,100,1410,1215,52,0
1920,19.200228717,224.087000000,100,1410,1215,52,0
1921,19.210230507,224.087000000,100,1410,1215,52,0
1922,19.220229722,224.087000000,100,1410,1215,52,0
1923,19.230229880,224.087000000,100,1410,1215,52,0
1924,19.240231920,224.106000000,100,1410,1215,52,0
1925,19.250237818,224.106000000,100,1410,1215,52,0
1926,19.262143878,224.106000000,100,1410,1215,52,0
1927,19.270228154,224.106000000,100,1410,1215,52,0
1928,19.280240263,224.106000000,100,1410,1215,52,0
1929,19.290229650,224.106000000,100,1410,1215,52,0
1930,19.300228635,224.106000000,100,1410,1215,52,0
1931,19.310232188,224.106000000,100,1410,1215,52,0
1932,19.320227867,224.106000000,100,1410,1215,52,0
1933,19.330295451,224.106000000,100,1410,1215,52,0
1934,19.340240344,223.674000000,100,1410,1215,52,0
1935,19.350228839,223.674000000,100,1410,1215,52,0
1936,19.360228475,223.674000000,100,1410,1215,52,0
1937,19.370237850,223.674000000,100,1410,1215,52,0
1938,19.380230142,223.674000000,100,1410,1215,52,0
1939,19.390250798,223.674000000,100,1410,1215,52,0
1940,19.400229575,223.674000000,100,1410,1215,52,0
1941,19.410232377,223.674000000,100,1410,1215,52,0
1942,19.420233526,223.674000000,100,1410,1215,52,0
1943,19.430232070,223.674000000,100,1410,1215,52,0
1944,19.440230974,223.469000000,100,1410,1215,52,0
1945,19.450231733,223.469000000,100,1410,1215,52,0
1946,19.460231549,223.469000000,100,1410,1215,52,0
1947,19.473135705,223.469000000,100,1410,1215,52,0
1948,19.480228808,223.469000000,100,1410,1215,52,0
1949,19.490233573,223.469000000,100,1410,1215,52,0
1950,19.500230164,223.469000000,100,1410,1215,52,0
1951,19.513144989,223.469000000,100,1410,1215,52,0
1952,19.520231770,223.469000000,100,1410,1215,52,0
1953,19.530231477,223.469000000,100,1410,1215,52,0
1954,19.540233096,222.890000000,100,1410,1215,52,0
1955,19.550230188,222.890000000,100,1410,1215,52,0
1956,19.560229854,222.890000000,100,1410,1215,52,0
1957,19.570229751,222.890000000,100,1410,1215,52,0
1958,19.580230078,222.890000000,100,1410,1215,52,0
1959,19.590229955,222.890000000,100,1410,1215,52,0
1960,19.600229671,222.890000000,100,1410,1215,52,0
1961,19.610298227,222.890000000,100,1410,1215,52,0
1962,19.623139213,222.890000000,100,1410,1215,52,0
1963,19.630235302,222.890000000,100,1410,1215,52,0
1964,19.640230369,216.770000000,100,1410,1215,52,0
1965,19.650232220,216.770000000,100,1410,1215,52,0
1966,19.660228119,216.770000000,100,1410,1215,52,0
1967,19.670229198,216.770000000,100,1410,1215,52,0
1968,19.680227591,216.770000000,100,1410,1215,52,0
1969,19.690228059,216.770000000,100,1410,1215,52,0
1970,19.700228156,216.770000000,100,1410,1215,52,0
1971,19.710230427,216.770000000,100,1410,1215,52,0
1972,19.720231365,216.770000000,100,1410,1215,52,0
1973,19.730231242,216.770000000,100,1410,1215,52,0
1974,19.740230467,217.387000000,100,1410,1215,52,0
1975,19.750239230,217.387000000,100,1410,1215,52,0
1976,19.760232004,217.387000000,100,1410,1215,52,0
1977,19.771312892,217.387000000,100,1410,1215,52,0
1978,19.780239972,217.387000000,100,1410,1215,52,0
1979,19.790431499,217.387000000,100,1410,1215,52,0
1980,19.800231670,217.387000000,100,1410,1215,52,0
1981,19.812141446,217.387000000,100,1410,1215,52,0
1982,19.820229409,217.387000000,100,1410,1215,52,0
1983,19.830251146,217.387000000,100,1410,1215,52,0
1984,19.840230605,220.241000000,100,1410,1215,52,0
1985,19.850231904,220.241000000,100,1410,1215,52,0
1986,19.860230127,220.241000000,100,1410,1215,52,0
1987,19.870229743,220.241000000,100,1410,1215,52,0
1988,19.881139540,220.241000000,100,1410,1215,52,0
1989,19.890229446,220.241000000,100,1410,1215,52,0
1990,19.900229493,220.241000000,100,1410,1215,52,0
1991,19.910229479,220.241000000,100,1410,1215,52,0
1992,19.920228504,220.241000000,100,1410,1215,52,0
1993,19.930228801,220.241000000,100,1410,1215,52,0
1994,19.940229860,222.555000000,100,1410,1215,52,0
1995,19.950229156,222.555000000,100,1410,1215,52,0
1996,19.960228301,222.555000000,100,1410,1215,52,0
1997,19.970228207,222.555000000,100,1410,1215,52,0
1998,19.980228384,222.555000000,100,1410,1215,52,0
1999,19.990227970,222.555000000,100,1410,1215,52,0
2000,20.000228458,222.555000000,100,1410,1215,52,0
2001,20.010228615,222.555000000,100,1410,1215,52,0
2002,20.020231777,222.555000000,100,1410,1215,52,0
2003,20.030229910,222.555000000,100,1410,1215,52,0
2004,20.042138314,223.572000000,100,1410,1215,52,0
2005,20.050232409,223.572000000,100,1410,1215,52,0
2006,20.060230231,223.572000000,100,1410,1215,52,0
2007,20.070228845,223.572000000,100,1410,1215,52,0
2008,20.080228631,223.572000000,100,1410,1215,52,0
2009,20.090228378,223.572000000,100,1410,1215,52,0
2010,20.100228294,223.572000000,100,1410,1215,52,0
2011,20.110229062,223.572000000,100,1410,1215,52,0
2012,20.120230151,223.572000000,100,1410,1215,52,0
2013,20.130232001,223.572000000,100,1410,1215,52,0
2014,20.140235274,223.877000000,100,1410,1215,52,0
2015,20.150257743,223.877000000,100,1410,1215,52,0
2016,20.160229446,223.877000000,100,1410,1215,52,0
2017,20.170229604,223.877000000,100,1410,1215,52,0
2018,20.180236253,223.877000000,100,1410,1215,52,0
2019,20.190401991,223.877000000,100,1410,1215,52,0
2020,20.200239542,223.877000000,100,1410,1215,52,0
2021,20.210243266,223.877000000,100,1410,1215,52,0
2022,20.220233825,223.877000000,100,1410,1215,52,0
2023,20.230241536,223.877000000,100,1410,1215,52,0
2024,20.240230933,224.070000000,100,1410,1215,52,0
2025,20.250229317,224.070000000,100,1410,1215,52,0
2026,20.260228362,224.070000000,100,1410,1215,52,0
2027,20.270228538,224.070000000,100,1410,1215,52,0
2028,20.280229517,224.070000000,100,1410,1215,52,0
2029,20.290341434,224.070000000,100,1410,1215,52,0
2030,20.300229220,224.070000000,100,1410,1215,52,0
2031,20.310230629,224.070000000,100,1410,1215,52,0
2032,20.320229654,224.070000000,100,1410,1215,52,0
2033,20.330229460,224.070000000,100,1410,1215,52,0
2034,20.340229477,224.070000000,100,1410,1215,52,0
2035,20.350228462,224.070000000,100,1410,1215,52,0
2036,20.360231064,224.070000000,100,1410,1215,52,0
2037,20.370228986,224.070000000,100,1410,1215,52,0
2038,20.380230466,224.070000000,100,1410,1215,52,0
2039,20.390229280,224.070000000,100,1410,1215,52,0
2040,20.400229407,224.070000000,100,1410,1215,52,0
2041,20.410229594,224.070000000,100,1410,1215,52,0
2042,20.420230272,224.070000000,100,1410,1215,52,0
2043,20.430229006,224.070000000,100,1410,1215,52,0
2044,20.440229905,223.943000000,100,1410,1215,52,0
2045,20.450230152,223.943000000,100,1410,1215,52,0
2046,20.460371414,223.943000000,100,1410,1215,52,0
2047,20.470233502,223.943000000,100,1410,1215,52,0
2048,20.480344938,223.943000000,100,1410,1215,52,0
2049,20.490332291,223.943000000,100,1410,1215,52,0
2050,20.500229755,223.943000000,100,1410,1215,52,0
2051,20.510228529,223.943000000,100,1410,1215,52,0
2052,20.520227454,223.943000000,100,1410,1215,52,0
2053,20.530226429,223.943000000,100,1410,1215,52,0
2054,20.540229190,223.612000000,100,1410,1215,52,0
2055,20.550226763,223.612000000,100,1410,1215,52,0
2056,20.560226809,223.612000000,100,1410,1215,52,0
2057,20.570227908,223.612000000,100,1410,1215,52,0
2058,20.580228145,223.612000000,100,1410,1215,52,0
2059,20.590227962,223.612000000,100,1410,1215,52,0
2060,20.600227958,223.612000000,100,1410,1215,52,0
2061,20.610228095,223.612000000,100,1410,1215,52,0
2062,20.620227671,223.612000000,100,1410,1215,52,0
2063,20.630227478,223.612000000,100,1410,1215,52,0
2064,20.640229538,223.009000000,100,1410,1215,52,0
2065,20.650226950,223.009000000,100,1410,1215,52,0
2066,20.660255360,223.009000000,100,1410,1215,52,0
2067,20.670231863,223.009000000,100,1410,1215,52,0
2068,20.681361182,223.009000000,100,1410,1215,52,0
2069,20.690229321,223.009000000,100,1410,1215,52,0
2070,20.700230490,223.009000000,100,1410,1215,52,0
2071,20.711343920,223.009000000,100,1410,1215,52,0
2072,20.720233569,223.009000000,100,1410,1215,52,0
2073,20.730228957,223.009000000,100,1410,1215,52,0
2074,20.740231699,216.901000000,100,1410,1215,52,0
2075,20.750229121,216.901000000,100,1410,1215,52,0
2076,20.760229197,216.901000000,100,1410,1215,52,0
2077,20.770229294,216.901000000,100,1410,1215,52,0
2078,20.780229892,216.901000000,100,1410,1215,52,0
2079,20.790229958,216.901000000,100,1410,1215,52,0
2080,20.800230125,216.901000000,100,1410,1215,52,0
2081,20.810229992,216.901000000,100,1410,1215,52,0
2082,20.820229327,216.901000000,100,1410,1215,52,0
2083,20.830235395,216.901000000,100,1410,1215,52,0
2084,20.843136274,216.569000000,100,1410,1215,52,0
2085,20.850232212,216.569000000,100,1410,1215,52,0
2086,20.860228813,216.569000000,100,1410,1215,52,0
2087,20.870229911,216.569000000,100,1410,1215,52,0
2088,20.880228164,216.569000000,100,1410,1215,52,0
2089,20.890227871,216.569000000,100,1410,1215,52,0
2090,20.900228108,216.569000000,100,1410,1215,52,0
2091,20.910227834,216.569000000,100,1410,1215,52,0
2092,20.920227900,216.569000000,100,1410,1215,52,0
2093,20.930230712,216.569000000,100,1410,1215,52,0
2094,20.940236269,220.835000000,100,1410,1215,52,0
2095,20.950229814,220.835000000,100,1410,1215,52,0
2096,20.960237775,220.835000000,100,1410,1215,52,0
2097,20.970230278,220.835000000,100,1410,1215,52,0
2098,20.980232268,220.835000000,100,1410,1215,52,0
2099,20.990230832,220.835000000,100,1410,1215,52,0
2100,21.000231560,220.835000000,100,1410,1215,52,0
2101,21.010231256,220.835000000,100,1410,1215,52,0
2102,21.020232365,220.835000000,100,1410,1215,52,0
2103,21.030229165,220.835000000,100,1410,1215,52,0
2104,21.042136136,222.415000000,100,1410,1215,52,0
2105,21.050230491,222.415000000,100,1410,1215,52,0
2106,21.060229686,222.415000000,100,1410,1215,52,0
2107,21.070229642,222.415000000,100,1410,1215,52,0
2108,21.083135331,222.415000000,100,1410,1215,52,0
2109,21.090227812,222.415000000,100,1410,1215,52,0
2110,21.100228390,222.415000000,100,1410,1215,52,0
2111,21.110228066,222.415000000,100,1410,1215,52,0
2112,21.120228093,222.415000000,100,1410,1215,52,0
2113,21.130229021,222.415000000,100,1410,1215,52,0
2114,21.140229368,223.612000000,100,1410,1215,52,0
2115,21.150228864,223.612000000,100,1410,1215,52,0
2116,21.160228590,223.612000000,100,1410,1215,52,0
2117,21.170228707,223.612000000,100,1410,1215,52,0
2118,21.180228533,223.612000000,100,1410,1215,52,0
2119,21.190228038,223.612000000,100,1410,1215,52,0
2120,21.200228085,223.612000000,100,1410,1215,52,0
2121,21.210227941,223.612000000,100,1410,1215,52,0
2122,21.220228028,223.612000000,100,1410,1215,52,0
2123,21.230231361,223.612000000,100,1410,1215,52,0
2124,21.240231197,224.230000000,100,1410,1215,52,0
2125,21.250230152,224.230000000,100,1410,1215,52,0
2126,21.260230449,224.230000000,100,1410,1215,52,0
2127,21.271137631,224.230000000,100,1410,1215,52,0
2128,21.280231735,224.230000000,100,1410,1215,52,0
2129,21.290227704,224.230000000,100,1410,1215,52,0
2130,21.300228983,224.230000000,100,1410,1215,52,0
2131,21.310228198,224.230000000,100,1410,1215,52,0
2132,21.320228144,224.230000000,100,1410,1215,52,0
2133,21.330228071,224.230000000,100,1410,1215,52,0
2134,21.340229079,224.333000000,100,1410,1215,52,0
2135,21.350227883,224.333000000,100,1410,1215,52,0
2136,21.360233711,224.333000000,100,1410,1215,52,0
2137,21.370259967,224.333000000,100,1410,1215,52,0
2138,21.381131762,224.333000000,100,1410,1215,52,0
2139,21.390230996,224.333000000,100,1410,1215,52,0
2140,21.400244638,224.333000000,100,1410,1215,52,0
2141,21.410229997,224.333000000,100,1410,1215,52,0
2142,21.420228361,224.333000000,100,1410,1215,52,0
2143,21.430229038,224.333000000,100,1410,1215,52,0
2144,21.440237691,223.902000000,100,1410,1215,52,0
2145,21.450229883,223.902000000,100,1410,1215,52,0
2146,21.460230461,223.902000000,100,1410,1215,52,0
2147,21.470235657,223.902000000,100,1410,1215,52,0
2148,21.482133421,223.902000000,100,1410,1215,52,0
2149,21.490229238,223.902000000,100,1410,1215,52,0
2150,21.500228704,223.902000000,100,1410,1215,52,0
2151,21.510228730,223.902000000,100,1410,1215,52,0
2152,21.520228236,223.902000000,100,1410,1215,52,0
2153,21.530228694,223.902000000,100,1410,1215,52,0
2154,21.540204875,224.070000000,100,1410,1215,52,0
2155,21.550228025,224.070000000,100,1410,1215,52,0
2156,21.560228603,224.070000000,100,1410,1215,52,0
2157,21.570240552,224.070000000,100,1410,1215,52,0
2158,21.580229548,224.070000000,100,1410,1215,52,0
2159,21.590230937,224.070000000,100,1410,1215,52,0
2160,21.600230483,224.070000000,100,1410,1215,52,0
2161,21.611136613,224.070000000,100,1410,1215,52,0
2162,21.620230606,224.070000000,100,1410,1215,52,0
2163,21.630229982,224.070000000,100,1410,1215,52,0
2164,21.640229277,223.667000000,100,1410,1215,52,0
2165,21.650228342,223.667000000,100,1410,1215,52,0
2166,21.660229320,223.667000000,100,1410,1215,52,0
2167,21.670231361,223.667000000,100,1410,1215,52,0
2168,21.680230516,223.667000000,100,1410,1215,52,0
2169,21.690230192,223.667000000,100,1410,1215,52,0
2170,21.700230369,223.667000000,100,1410,1215,52,0
2171,21.710231427,223.667000000,100,1410,1215,52,0
2172,21.720229891,223.667000000,100,1410,1215,52,0
2173,21.730230038,223.667000000,100,1410,1215,52,0
2174,21.740231888,222.990000000,100,1410,1215,52,0
2175,21.750230532,222.990000000,100,1410,1215,52,0
2176,21.760231099,222.990000000,100,1410,1215,52,0
2177,21.770230925,222.990000000,100,1410,1215,52,0
2178,21.781142125,222.990000000,100,1410,1215,52,0
2179,21.790228724,222.990000000,100,1410,1215,52,0
2180,21.800234271,222.990000000,100,1410,1215,52,0
2181,21.810228437,222.990000000,100,1410,1215,52,0
2182,21.820229385,222.990000000,100,1410,1215,52,0
2183,21.830228620,222.990000000,100,1410,1215,52,0
2184,21.840231482,217.661000000,100,1410,1215,52,0
2185,21.850228182,217.661000000,100,1410,1215,52,0
2186,21.860227728,217.661000000,100,1410,1215,52,0
2187,21.870236901,217.661000000,100,1410,1215,52,0
2188,21.880230606,217.661000000,100,1410,1215,52,0
2189,21.890228589,217.661000000,100,1410,1215,52,0
2190,21.900259313,217.661000000,100,1410,1215,52,0
2191,21.910231487,217.661000000,100,1410,1215,52,0
2192,21.920232055,217.661000000,100,1410,1215,52,0
2193,21.930231971,217.661000000,100,1410,1215,52,0
2194,21.940233060,215.923000000,100,1410,1215,52,0
2195,21.950228728,215.923000000,100,1410,1215,52,0
2196,21.960232592,215.923000000,100,1410,1215,52,0
2197,21.970239581,215.923000000,100,1410,1215,52,0
2198,21.980231603,215.923000000,100,1410,1215,52,0
2199,21.990230377,215.923000000,100,1410,1215,52,0
2200,22.000231455,215.923000000,100,1410,1215,52,0
2201,22.010231773,215.923000000,100,1410,1215,52,0
2202,22.020231639,215.923000000,100,1410,1215,52,0
2203,22.030231084,215.923000000,100,1410,1215,52,0
2204,22.041137054,220.200000000,100,1410,1215,52,0
2205,22.050229153,220.200000000,100,1410,1215,52,0
2206,22.060229451,220.200000000,100,1410,1215,52,0
2207,22.070231461,220.200000000,100,1410,1215,52,0
2208,22.080230846,220.200000000,100,1410,1215,52,0
2209,22.090231554,220.200000000,100,1410,1215,52,0
2210,22.100230048,220.200000000,100,1410,1215,52,0
2211,22.110231296,220.200000000,100,1410,1215,52,0
2212,22.120230431,220.200000000,100,1410,1215,52,0
2213,22.130230187,220.200000000,100,1410,1215,52,0
2214,22.140230625,222.677000000,100,1410,1215,52,0
2215,22.150229289,222.677000000,100,1410,1215,52,0
2216,22.160230437,222.677000000,100,1410,1215,52,0
2217,22.170244069,222.677000000,100,1410,1215,52,0
2218,22.180232845,222.677000000,100,1410,1215,52,0
2219,22.192143092,222.677000000,100,1410,1215,52,0
2220,22.200229181,222.677000000,100,1410,1215,52,0
2221,22.210228065,222.677000000,100,1410,1215,52,0
2222,22.220228042,222.677000000,100,1410,1215,52,0
2223,22.230227677,222.677000000,100,1410,1215,52,0
2224,22.240230549,223.560000000,100,1410,1215,52,0
2225,22.250230335,223.560000000,100,1410,1215,52,0
2226,22.260228037,223.560000000,100,1410,1215,52,0
2227,22.270247250,223.560000000,100,1410,1215,52,0
2228,22.280235154,223.560000000,100,1410,1215,52,0
2229,22.290237044,223.560000000,100,1410,1215,52,0
2230,22.300230688,223.560000000,100,1410,1215,52,0
2231,22.310232088,223.560000000,100,1410,1215,52,0
2232,22.320228637,223.560000000,100,1410,1215,52,0
2233,22.330283146,223.560000000,100,1410,1215,52,0
2234,22.340230784,224.063000000,100,1410,1215,52,0
2235,22.350335428,224.063000000,100,1410,1215,52,0
2236,22.360231068,224.063000000,100,1410,1215,52,0
2237,22.370229832,224.063000000,100,1410,1215,52,0
2238,22.380385251,224.063000000,100,1410,1215,52,0
2239,22.390229434,224.063000000,100,1410,1215,52,0
2240,22.400231064,224.063000000,100,1410,1215,52,0
2241,22.410229548,224.063000000,100,1410,1215,52,0
2242,22.420230866,224.063000000,100,1410,1215,52,0
2243,22.434137476,224.063000000,100,1410,1215,52,0
2244,22.440229737,224.620000000,100,1410,1215,52,0
2245,22.450245002,224.620000000,100,1410,1215,52,0
2246,22.460229670,224.620000000,100,1410,1215,52,0
2247,22.470227723,224.620000000,100,1410,1215,52,0
2248,22.480228461,224.620000000,100,1410,1215,52,0
2249,22.490229539,224.620000000,100,1410,1215,52,0
2250,22.500229476,224.620000000,100,1410,1215,52,0
2251,22.510228821,224.620000000,100,1410,1215,52,0
2252,22.520228627,224.620000000,100,1410,1215,52,0
2253,22.530228804,224.620000000,100,1410,1215,52,0
2254,22.540232688,224.166000000,100,1410,1215,52,0
2255,22.550228807,224.166000000,100,1410,1215,52,0
2256,22.560228162,224.166000000,100,1410,1215,52,0
2257,22.570228129,224.166000000,100,1410,1215,52,0
2258,22.580234467,224.166000000,100,1410,1215,52,0
2259,22.590230115,224.166000000,100,1410,1215,52,0
2260,22.600230112,224.166000000,100,1410,1215,52,0
2261,22.610231691,224.166000000,100,1410,1215,52,0
2262,22.620229574,224.166000000,100,1410,1215,52,0
2263,22.630229901,224.166000000,100,1410,1215,52,0
2264,22.640230729,223.998000000,100,1410,1215,52,0
2265,22.650229603,223.998000000,100,1410,1215,52,0
2266,22.660228868,223.998000000,100,1410,1215,52,0
2267,22.670229616,223.998000000,100,1410,1215,52,0
2268,22.680229773,223.998000000,100,1410,1215,52,0
2269,22.690229529,223.998000000,100,1410,1215,52,0
2270,22.700230157,223.998000000,100,1410,1215,52,0
2271,22.710229301,223.998000000,100,1410,1215,52,0
2272,22.720229248,223.998000000,100,1410,1215,52,0
2273,22.730230397,223.998000000,100,1410,1215,52,0
2274,22.740231505,224.141000000,100,1410,1215,52,0
2275,22.750229488,224.141000000,100,1410,1215,52,0
2276,22.760229424,224.141000000,100,1410,1215,52,0
2277,22.770230131,224.141000000,100,1410,1215,52,0
2278,22.780229597,224.141000000,100,1410,1215,52,0
2279,22.790228682,224.141000000,100,1410,1215,52,0
2280,22.800229349,224.141000000,100,1410,1215,52,0
2281,22.810229406,224.141000000,100,1410,1215,52,0
2282,22.820229733,224.141000000,100,1410,1215,52,0
2283,22.830229088,224.141000000,100,1410,1215,52,0
2284,22.840231038,223.522000000,100,1410,1215,52,0
2285,22.850229531,223.522000000,100,1410,1215,52,0
2286,22.860229157,223.522000000,100,1410,1215,52,0
2287,22.870229735,223.522000000,100,1410,1215,52,0
2288,22.880229801,223.522000000,100,1410,1215,52,0
2289,22.890228946,223.522000000,100,1410,1215,52,0
2290,22.900230205,223.522000000,100,1410,1215,52,0
2291,22.910229359,223.522000000,100,1410,1215,52,0
2292,22.920229115,223.522000000,100,1410,1215,52,0
2293,22.930229021,223.522000000,100,1410,1215,52,0
2294,22.940230741,218.441000000,100,1410,1215,52,0
2295,22.950229906,218.441000000,100,1410,1215,52,0
2296,22.960229311,218.441000000,100,1410,1215,52,0
2297,22.970229969,218.441000000,100,1410,1215,52,0
2298,22.980229885,218.441000000,100,1410,1215,52,0
2299,22.990229531,218.441000000,100,1410,1215,52,0
2300,23.000232713,218.441000000,100,1410,1215,52,0
2301,23.010230685,218.441000000,100,1410,1215,52,0
2302,23.020228578,218.441000000,100,1410,1215,52,0
2303,23.030229015,218.441000000,100,1410,1215,52,0
2304,23.040230985,216.568000000,100,1410,1215,52,0
2305,23.050229058,216.568000000,100,1410,1215,52,0
2306,23.060228664,216.568000000,100,1410,1215,52,0
2307,23.070229421,216.568000000,100,1410,1215,52,0
2308,23.080229508,216.568000000,100,1410,1215,52,0
2309,23.090229174,216.568000000,100,1410,1215,52,0
2310,23.100229400,216.568000000,100,1410,1215,52,0
2311,23.110229146,216.568000000,100,1410,1215,52,0
2312,23.120229243,216.568000000,100,1410,1215,52,0
2313,23.130229009,216.568000000,100,1410,1215,52,0
2314,23.140230698,220.022000000,100,1410,1215,52,0
2315,23.150229543,220.022000000,100,1410,1215,52,0
2316,23.160229900,220.022000000,100,1410,1215,52,0
2317,23.170229385,220.022000000,100,1410,1215,52,0
2318,23.180229041,220.022000000,100,1410,1215,52,0
2319,23.190228747,220.022000000,100,1410,1215,52,0
2320,23.200230486,220.022000000,100,1410,1215,52,0
2321,23.210230032,220.022000000,100,1410,1215,52,0
2322,23.220228866,220.022000000,100,1410,1215,52,0
2323,23.230229033,220.022000000,100,1410,1215,52,0
2324,23.240231213,222.012000000,100,1410,1215,52,0
2325,23.250229967,222.012000000,100,1410,1215,52,0
2326,23.260229493,222.012000000,100,1410,1215,52,0
2327,23.270229669,222.012000000,100,1410,1215,52,0
2328,23.280230447,222.012000000,100,1410,1215,52,0
2329,23.290229792,222.012000000,100,1410,1215,52,0
2330,23.300230400,222.012000000,100,1410,1215,52,0
2331,23.310230276,222.012000000,100,1410,1215,52,0
2332,23.320230573,222.012000000,100,1410,1215,52,0
2333,23.330230870,222.012000000,100,1410,1215,52,0
2334,23.340231547,223.612000000,100,1410,1215,52,0
2335,23.350231734,223.612000000,100,1410,1215,52,0
2336,23.360229537,223.612000000,100,1410,1215,52,0
2337,23.370229793,223.612000000,100,1410,1215,52,0
2338,23.380230220,223.612000000,100,1410,1215,52,0
2339,23.390230497,223.612000000,100,1410,1215,52,0
2340,23.400230013,223.612000000,100,1410,1215,52,0
2341,23.410229368,223.612000000,100,1410,1215,52,0
2342,23.420234564,223.612000000,100,1410,1215,52,0
2343,23.430230773,223.612000000,100,1410,1215,52,0
2344,23.440415066,224.035000000,100,1410,1215,52,0
2345,23.450230205,224.035000000,100,1410,1215,52,0
2346,23.460234249,224.035000000,100,1410,1215,52,0
2347,23.470230468,224.035000000,100,1410,1215,52,0
2348,23.480230365,224.035000000,100,1410,1215,52,0
2349,23.490230301,224.035000000,100,1410,1215,52,0
2350,23.500230407,224.035000000,100,1410,1215,52,0
2351,23.510234421,224.035000000,100,1410,1215,52,0
2352,23.520231352,224.035000000,100,1410,1215,52,0
2353,23.530229194,224.035000000,100,1410,1215,52,0
2354,23.540229912,224.147000000,100,1410,1215,52,0
2355,23.550230720,224.147000000,100,1410,1215,52,0
2356,23.560229344,224.147000000,100,1410,1215,52,0
2357,23.570228789,224.147000000,100,1410,1215,52,0
2358,23.580228795,224.147000000,100,1410,1215,52,0
2359,23.590228942,224.147000000,100,1410,1215,52,0
2360,23.600229139,224.147000000,100,1410,1215,52,0
2361,23.610229917,224.147000000,100,1410,1215,52,0
2362,23.620229151,224.147000000,100,1410,1215,52,0
2363,23.630229338,224.147000000,100,1410,1215,52,0
2364,23.640230096,224.333000000,100,1410,1215,52,0
2365,23.650230112,224.333000000,100,1410,1215,52,0
2366,23.660229848,224.333000000,100,1410,1215,52,0
2367,23.670231307,224.333000000,100,1410,1215,52,0
2368,23.680229300,224.333000000,100,1410,1215,52,0
2369,23.690229627,224.333000000,100,1410,1215,52,0
2370,23.700230044,224.333000000,100,1410,1215,52,0
2371,23.710230211,224.333000000,100,1410,1215,52,0
2372,23.720229696,224.333000000,100,1410,1215,52,0
2373,23.730229142,224.333000000,100,1410,1215,52,0
2374,23.740230340,224.051000000,100,1410,1215,52,0
2375,23.750229745,224.051000000,100,1410,1215,52,0
2376,23.760230222,224.051000000,100,1410,1215,52,0
2377,23.770229648,224.051000000,100,1410,1215,52,0
2378,23.780229834,224.051000000,100,1410,1215,52,0
2379,23.790229890,224.051000000,100,1410,1215,52,0
2380,23.800229626,224.051000000,100,1410,1215,52,0
2381,23.810229893,224.051000000,100,1410,1215,52,0
2382,23.820233857,224.051000000,100,1410,1215,52,0
2383,23.830230166,224.051000000,100,1410,1215,52,0
2384,23.840231014,223.944000000,100,1410,1215,52,0
2385,23.850229978,223.944000000,100,1410,1215,52,0
2386,23.860230075,223.944000000,100,1410,1215,52,0
2387,23.870230412,223.944000000,100,1410,1215,52,0
2388,23.880343290,223.944000000,100,1410,1215,52,0
2389,23.890231416,223.944000000,100,1410,1215,52,0
2390,23.900229879,223.944000000,100,1410,1215,52,0
2391,23.910229886,223.944000000,100,1410,1215,52,0
2392,23.920228980,223.944000000,100,1410,1215,52,0
2393,23.930229688,223.944000000,100,1410,1215,52,0
2394,23.940231287,223.822000000,100,1410,1215,52,0
2395,23.950229761,223.822000000,100,1410,1215,52,0
2396,23.960230058,223.822000000,100,1410,1215,52,0
2397,23.970231627,223.822000000,100,1410,1215,52,0
2398,23.980231262,223.822000000,100,1410,1215,52,0
2399,23.990230657,223.822000000,100,1410,1215,52,0
2400,24.000230243,223.822000000,100,1410,1215,52,0
2401,24.010236080,223.822000000,100,1410,1215,52,0
2402,24.020230626,223.822000000,100,1410,1215,52,0
2403,24.030231103,223.822000000,100,1410,1215,52,0
2404,24.040231450,221.187000000,100,1410,1215,52,0
2405,24.050231076,221.187000000,100,1410,1215,52,0
2406,24.060228918,221.187000000,100,1410,1215,52,0
2407,24.070229205,221.187000000,100,1410,1215,52,0
2408,24.080229762,221.187000000,100,1410,1215,52,0
2409,24.090230640,221.187000000,100,1410,1215,52,0
2410,24.100230075,221.187000000,100,1410,1215,52,0
2411,24.112536938,221.187000000,100,1410,1215,52,0
2412,24.120230789,221.187000000,100,1410,1215,52,0
2413,24.130229273,221.187000000,100,1410,1215,52,0
2414,24.140230892,216.353000000,100,1410,1215,52,0
2415,24.150229636,216.353000000,100,1410,1215,52,0
2416,24.160229422,216.353000000,100,1410,1215,52,0
2417,24.170229318,216.353000000,100,1410,1215,52,0
2418,24.180229094,216.353000000,100,1410,1215,52,0
2419,24.190229050,216.353000000,100,1410,1215,52,0
2420,24.200228765,216.353000000,100,1410,1215,52,0
2421,24.210229453,216.353000000,100,1410,1215,52,0
2422,24.220229579,216.353000000,100,1410,1215,52,0
2423,24.230229556,216.353000000,100,1410,1215,52,0
2424,24.240230344,217.884000000,100,1410,1215,53,0
2425,24.250229639,217.884000000,100,1410,1215,53,0
2426,24.260229585,217.884000000,100,1410,1215,53,0
2427,24.270229160,217.884000000,100,1410,1215,53,0
2428,24.280229607,217.884000000,100,1410,1215,53,0
2429,24.290229403,217.884000000,100,1410,1215,53,0
2430,24.300229620,217.884000000,100,1410,1215,53,0
2431,24.310229476,217.884000000,100,1410,1215,53,0
2432,24.320229171,217.884000000,100,1410,1215,53,0
2433,24.330229328,217.884000000,100,1410,1215,53,0
2434,24.340230036,221.481000000,100,1410,1215,53,0
2435,24.350252735,221.481000000,100,1410,1215,53,0
2436,24.360233685,221.481000000,100,1410,1215,53,0
2437,24.370232429,221.481000000,100,1410,1215,53,0
2438,24.380232616,221.481000000,100,1410,1215,53,0
2439,24.390232341,221.481000000,100,1410,1215,53,0
2440,24.400229623,221.481000000,100,1410,1215,53,0
2441,24.410232815,221.481000000,100,1410,1215,53,0
2442,24.420232791,221.481000000,100,1410,1215,53,0
2443,24.430230884,221.481000000,100,1410,1215,53,0
2444,24.440230880,223.132000000,100,1410,1215,53,0
2445,24.450230455,223.132000000,100,1410,1215,53,0
2446,24.460230602,223.132000000,100,1410,1215,53,0
2447,24.470230167,223.132000000,100,1410,1215,53,0
2448,24.480230254,223.132000000,100,1410,1215,53,0
2449,24.490230490,223.132000000,100,1410,1215,53,0
2450,24.500230266,223.132000000,100,1410,1215,53,0
2451,24.510229922,223.132000000,100,1410,1215,53,0
2452,24.520230499,223.132000000,100,1410,1215,53,0
2453,24.530239302,223.132000000,100,1410,1215,53,0
2454,24.540231384,223.746000000,100,1410,1215,52,0
2455,24.550230077,223.746000000,100,1410,1215,52,0
2456,24.560229873,223.746000000,100,1410,1215,52,0
2457,24.570230471,223.746000000,100,1410,1215,52,0
2458,24.580229665,223.746000000,100,1410,1215,52,0
2459,24.590230172,223.746000000,100,1410,1215,52,0
2460,24.600229778,223.746000000,100,1410,1215,52,0
2461,24.610230917,223.746000000,100,1410,1215,52,0
2462,24.620229530,223.746000000,100,1410,1215,52,0
2463,24.631209669,223.746000000,100,1410,1215,52,0
2464,24.640230655,224.262000000,100,1410,1215,52,0
2465,24.650231873,224.262000000,100,1410,1215,52,0
2466,24.660230397,224.262000000,100,1410,1215,52,0
2467,24.670231144,224.262000000,100,1410,1215,52,0
2468,24.680229939,224.262000000,100,1410,1215,52,0
2469,24.690230276,224.262000000,100,1410,1215,52,0
2470,24.700230051,224.262000000,100,1410,1215,52,0
2471,24.710230909,224.262000000,100,1410,1215,52,0
2472,24.720230545,224.262000000,100,1410,1215,52,0
2473,24.730230371,224.262000000,100,1410,1215,52,0
2474,24.740231890,224.436000000,100,1410,1215,53,0
2475,24.750230133,224.436000000,100,1410,1215,53,0
2476,24.760230479,224.436000000,100,1410,1215,53,0
2477,24.770230295,224.436000000,100,1410,1215,53,0
2478,24.780229740,224.436000000,100,1410,1215,53,0
2479,24.790230047,224.436000000,100,1410,1215,53,0
2480,24.800229973,224.436000000,100,1410,1215,53,0
2481,24.810230330,224.436000000,100,1410,1215,53,0
2482,24.820230446,224.436000000,100,1410,1215,53,0
2483,24.830230573,224.436000000,100,1410,1215,53,0
2484,24.840231541,224.243000000,100,1410,1215,53,0
2485,24.850230054,224.243000000,100,1410,1215,53,0
2486,24.860230631,224.243000000,100,1410,1215,53,0
2487,24.870230227,224.243000000,100,1410,1215,53,0
2488,24.880230694,224.243000000,100,1410,1215,53,0
2489,24.890233165,224.243000000,100,1410,1215,53,0
2490,24.900230115,224.243000000,100,1410,1215,53,0
2491,24.910230522,224.243000000,100,1410,1215,53,0
2492,24.920229987,224.243000000,100,1410,1215,53,0
2493,24.930231436,224.243000000,100,1410,1215,53,0
2494,24.940232083,223.944000000,100,1410,1215,52,0
2495,24.950230316,223.944000000,100,1410,1215,52,0
2496,24.960230713,223.944000000,100,1410,1215,52,0
2497,24.970230318,223.944000000,100,1410,1215,52,0
2498,24.980230395,223.944000000,100,1410,1215,52,0
2499,24.990230581,223.944000000,100,1410,1215,52,0
2500,25.000229846,223.944000000,100,1410,1215,52,0
2501,25.010230423,223.944000000,100,1410,1215,52,0
2502,25.020229959,223.944000000,100,1410,1215,52,0
2503,25.030231357,223.944000000,100,1410,1215,52,0
2504,25.040231714,223.858000000,100,1410,1215,53,0
2505,25.050230548,223.858000000,100,1410,1215,53,0
2506,25.060230284,223.858000000,100,1410,1215,53,0
2507,25.070229909,223.858000000,100,1410,1215,53,0
2508,25.080230366,223.858000000,100,1410,1215,53,0
2509,25.090230473,223.858000000,100,1410,1215,53,0
2510,25.100229497,223.858000000,100,1410,1215,53,0
2511,25.110229744,223.858000000,100,1410,1215,53,0
2512,25.120230211,223.858000000,100,1410,1215,53,0
2513,25.130230447,223.858000000,100,1410,1215,53,0
2514,25.140230994,222.965000000,100,1410,1215,53,0
2515,25.150230309,222.965000000,100,1410,1215,53,0
2516,25.160230386,222.965000000,100,1410,1215,53,0
2517,25.170229751,222.965000000,100,1410,1215,53,0
2518,25.180230198,222.965000000,100,1410,1215,53,0
2519,25.190231106,222.965000000,100,1410,1215,53,0
2520,25.200230420,222.965000000,100,1410,1215,53,0
2521,25.210230928,222.965000000,100,1410,1215,53,0
2522,25.220230322,222.965000000,100,1410,1215,53,0
2523,25.230230369,222.965000000,100,1410,1215,53,0
2524,25.240232218,216.878000000,100,1410,1215,53,0
2525,25.250231143,216.878000000,100,1410,1215,53,0
2526,25.260230828,216.878000000,100,1410,1215,53,0
2527,25.270230373,216.878000000,100,1410,1215,53,0
2528,25.280230861,216.878000000,100,1410,1215,53,0
2529,25.290230596,216.878000000,100,1410,1215,53,0
2530,25.300230081,216.878000000,100,1410,1215,53,0
2531,25.310230328,216.878000000,100,1410,1215,53,0
2532,25.320230154,216.878000000,100,1410,1215,53,0
2533,25.330230741,216.878000000,100,1410,1215,53,0
2534,25.340231479,217.361000000,100,1410,1215,53,0
2535,25.350230924,217.361000000,100,1410,1215,53,0
2536,25.360230780,217.361000000,100,1410,1215,53,0
2537,25.370231477,217.361000000,100,1410,1215,53,0
2538,25.380230381,217.361000000,100,1410,1215,53,0
2539,25.390230888,217.361000000,100,1410,1215,53,0
2540,25.400229903,217.361000000,100,1410,1215,53,0
2541,25.410231382,217.361000000,100,1410,1215,53,0
2542,25.420230797,217.361000000,100,1410,1215,53,0
2543,25.430230302,217.361000000,100,1410,1215,53,0
2544,25.440231831,220.674000000,100,1410,1215,53,0
2545,25.450230505,220.674000000,100,1410,1215,53,0
2546,25.460230320,220.674000000,100,1410,1215,53,0
2547,25.470230086,220.674000000,100,1410,1215,53,0
2548,25.480230193,220.674000000,100,1410,1215,53,0
2549,25.490230549,220.674000000,100,1410,1215,53,0
2550,25.500230856,220.674000000,100,1410,1215,53,0
2551,25.510231193,220.674000000,100,1410,1215,53,0
2552,25.520230828,220.674000000,100,1410,1215,53,0
2553,25.530230544,220.674000000,100,1410,1215,53,0
2554,25.540231322,222.963000000,100,1410,1215,53,0
2555,25.550230426,222.963000000,100,1410,1215,53,0
2556,25.560230112,222.963000000,100,1410,1215,53,0
2557,25.570229807,222.963000000,100,1410,1215,53,0
2558,25.580230294,222.963000000,100,1410,1215,53,0
2559,25.590231002,222.963000000,100,1410,1215,53,0
2560,25.600229495,222.963000000,100,1410,1215,53,0
2561,25.610231154,222.963000000,100,1410,1215,53,0
2562,25.620230129,222.963000000,100,1410,1215,53,0
2563,25.630230806,222.963000000,100,1410,1215,53,0
2564,25.640231043,224.141000000,100,1410,1215,53,0
2565,25.650230758,224.141000000,100,1410,1215,53,0
2566,25.660229893,224.141000000,100,1410,1215,53,0
2567,25.670228436,224.141000000,100,1410,1215,53,0
2568,25.680230045,224.141000000,100,1410,1215,53,0
2569,25.690229871,224.141000000,100,1410,1215,53,0
2570,25.700229677,224.141000000,100,1410,1215,53,0
2571,25.710229874,224.141000000,100,1410,1215,53,0
2572,25.720229259,224.141000000,100,1410,1215,53,0
2573,25.730229616,224.141000000,100,1410,1215,53,0
2574,25.740230423,224.429000000,100,1410,1215,53,0
2575,25.750230539,224.429000000,100,1410,1215,53,0
2576,25.760230315,224.429000000,100,1410,1215,53,0
2577,25.770230151,224.429000000,100,1410,1215,53,0
2578,25.780230738,224.429000000,100,1410,1215,53,0
2579,25.790230153,224.429000000,100,1410,1215,53,0
2580,25.800229718,224.429000000,100,1410,1215,53,0
2581,25.810230425,224.429000000,100,1410,1215,53,0
2582,25.820230301,224.429000000,100,1410,1215,53,0
2583,25.830229917,224.429000000,100,1410,1215,53,0
2584,25.840231365,224.716000000,100,1410,1215,53,0
2585,25.850230169,224.716000000,100,1410,1215,53,0
2586,25.860230145,224.716000000,100,1410,1215,53,0
2587,25.870229871,224.716000000,100,1410,1215,53,0
2588,25.880230869,224.716000000,100,1410,1215,53,0
2589,25.890230274,224.716000000,100,1410,1215,53,0
2590,25.900230059,224.716000000,100,1410,1215,53,0
2591,25.910230637,224.716000000,100,1410,1215,53,0
2592,25.920229951,224.716000000,100,1410,1215,53,0
2593,25.930230118,224.716000000,100,1410,1215,53,0
2594,25.940230945,224.622000000,100,1410,1215,53,0
2595,25.950229348,224.622000000,100,1410,1215,53,0
2596,25.960230517,224.622000000,100,1410,1215,53,0
2597,25.970229681,224.622000000,100,1410,1215,53,0
2598,25.980230368,224.622000000,100,1410,1215,53,0
2599,25.990235494,224.622000000,100,1410,1215,53,0
2600,26.000230651,224.622000000,100,1410,1215,53,0
2601,26.010231378,224.622000000,100,1410,1215,53,0
2602,26.020229812,224.622000000,100,1410,1215,53,0
2603,26.030230810,224.622000000,100,1410,1215,53,0
2604,26.040230625,224.309000000,100,1410,1215,53,0
2605,26.050230301,224.309000000,100,1410,1215,53,0
2606,26.060230557,224.309000000,100,1410,1215,53,0
2607,26.070231044,224.309000000,100,1410,1215,53,0
2608,26.080231080,224.309000000,100,1410,1215,53,0
2609,26.090230485,224.309000000,100,1410,1215,53,0
2610,26.100230020,224.309000000,100,1410,1215,53,0
2611,26.110230397,224.309000000,100,1410,1215,53,0
2612,26.120230273,224.309000000,100,1410,1215,53,0
2613,26.130230119,224.309000000,100,1410,1215,53,0
2614,26.140230335,223.943000000,100,1410,1215,53,0
2615,26.150230361,223.943000000,100,1410,1215,53,0
2616,26.160230678,223.943000000,100,1410,1215,53,0
2617,26.170230203,223.943000000,100,1410,1215,53,0
2618,26.180229668,223.943000000,100,1410,1215,53,0
2619,26.190229975,223.943000000,100,1410,1215,53,0
2620,26.200230011,223.943000000,100,1410,1215,53,0
2621,26.210231700,223.943000000,100,1410,1215,53,0
2622,26.220230304,223.943000000,100,1410,1215,53,0
2623,26.230230109,223.943000000,100,1410,1215,53,0
2624,26.240231127,223.650000000,100,1410,1215,53,0
2625,26.250229470,223.650000000,100,1410,1215,53,0
2626,26.260230659,223.650000000,100,1410,1215,53,0
2627,26.270231516,223.650000000,100,1410,1215,53,0
2628,26.280230130,223.650000000,100,1410,1215,53,0
2629,26.290231178,223.650000000,100,1410,1215,53,0
2630,26.300230272,223.650000000,100,1410,1215,53,0
2631,26.310230008,223.650000000,100,1410,1215,53,0
2632,26.320230264,223.650000000,100,1410,1215,53,0
2633,26.330230400,223.650000000,100,1410,1215,53,0
2634,26.340231048,217.962000000,100,1410,1215,53,0
2635,26.350230072,217.962000000,100,1410,1215,53,0
2636,26.360230529,217.962000000,100,1410,1215,53,0
2637,26.370230084,217.962000000,100,1410,1215,53,0
2638,26.380229759,217.962000000,100,1410,1215,53,0
2639,26.390230046,217.962000000,100,1410,1215,53,0
2640,26.400229932,217.962000000,100,1410,1215,53,0
2641,26.410230419,217.962000000,100,1410,1215,53,0
2642,26.420230495,217.962000000,100,1410,1215,53,0
2643,26.430229660,217.962000000,100,1410,1215,53,0
2644,26.440231138,216.384000000,100,1410,1215,53,0
2645,26.450230373,216.384000000,100,1410,1215,53,0
2646,26.460230900,216.384000000,100,1410,1215,53,0
2647,26.470229974,216.384000000,100,1410,1215,53,0
2648,26.480230131,216.384000000,100,1410,1215,53,0
2649,26.490233643,216.384000000,100,1410,1215,53,0
2650,26.500230594,216.384000000,100,1410,1215,53,0
2651,26.510230740,216.384000000,100,1410,1215,53,0
2652,26.520230706,216.384000000,100,1410,1215,53,0
2653,26.530230552,216.384000000,100,1410,1215,53,0
2654,26.540231249,220.630000000,100,1410,1215,53,0
2655,26.550230143,220.630000000,100,1410,1215,53,0
2656,26.560230660,220.630000000,100,1410,1215,53,0
2657,26.570230716,220.630000000,100,1410,1215,53,0
2658,26.580230753,220.630000000,100,1410,1215,53,0
2659,26.590230188,220.630000000,100,1410,1215,53,0
2660,26.600229903,220.630000000,100,1410,1215,53,0
2661,26.610230330,220.630000000,100,1410,1215,53,0
2662,26.620230336,220.630000000,100,1410,1215,53,0
2663,26.630230452,220.630000000,100,1410,1215,53,0
2664,26.640231320,222.684000000,100,1410,1215,53,0
2665,26.650230084,222.684000000,100,1410,1215,53,0
2666,26.660230751,222.684000000,100,1410,1215,53,0
2667,26.670230557,222.684000000,100,1410,1215,53,0
2668,26.680230743,222.684000000,100,1410,1215,53,0
2669,26.690230098,222.684000000,100,1410,1215,53,0
2670,26.700230104,222.684000000,100,1410,1215,53,0
2671,26.710231954,222.684000000,100,1410,1215,53,0
2672,26.720229796,222.684000000,100,1410,1215,53,0
2673,26.730229731,222.684000000,100,1410,1215,53,0
2674,26.740230278,223.744000000,100,1410,1215,53,0
2675,26.750229823,223.744000000,100,1410,1215,53,0
2676,26.760229709,223.744000000,100,1410,1215,53,0
2677,26.770230326,223.744000000,100,1410,1215,53,0
2678,26.780229931,223.744000000,100,1410,1215,53,0
2679,26.790229697,223.744000000,100,1410,1215,53,0
2680,26.800230304,223.744000000,100,1410,1215,53,0
2681,26.810230601,223.744000000,100,1410,1215,53,0
2682,26.820230537,223.744000000,100,1410,1215,53,0
2683,26.830230582,223.744000000,100,1410,1215,53,0
2684,26.840232202,224.428000000,100,1410,1215,53,0
2685,26.850230574,224.428000000,100,1410,1215,53,0
2686,26.860229999,224.428000000,100,1410,1215,53,0
2687,26.870230426,224.428000000,100,1410,1215,53,0
2688,26.880230652,224.428000000,100,1410,1215,53,0
2689,26.890230228,224.428000000,100,1410,1215,53,0
2690,26.900230314,224.428000000,100,1410,1215,53,0
2691,26.910230560,224.428000000,100,1410,1215,53,0
2692,26.920230225,224.428000000,100,1410,1215,53,0
2693,26.930230983,224.428000000,100,1410,1215,53,0
2694,26.940231400,224.460000000,100,1410,1215,53,0
2695,26.950230844,224.460000000,100,1410,1215,53,0
2696,26.960230179,224.460000000,100,1410,1215,53,0
2697,26.970230846,224.460000000,100,1410,1215,53,0
2698,26.980230552,224.460000000,100,1410,1215,53,0
2699,26.990230087,224.460000000,100,1410,1215,53,0
2700,27.000230874,224.460000000,100,1410,1215,53,0
2701,27.010230259,224.460000000,100,1410,1215,53,0
2702,27.020230175,224.460000000,100,1410,1215,53,0
2703,27.030230151,224.460000000,100,1410,1215,53,0
2704,27.040231319,224.435000000,100,1410,1215,53,0
2705,27.050229992,224.435000000,100,1410,1215,53,0
2706,27.060230349,224.435000000,100,1410,1215,53,0
2707,27.070230625,224.435000000,100,1410,1215,53,0
2708,27.080231703,224.435000000,100,1410,1215,53,0
2709,27.090231229,224.435000000,100,1410,1215,53,0
2710,27.100230213,224.435000000,100,1410,1215,53,0
2711,27.110230439,224.435000000,100,1410,1215,53,0
2712,27.120231978,224.435000000,100,1410,1215,53,0
2713,27.130231413,224.435000000,100,1410,1215,53,0
2714,27.140231188,224.597000000,100,1410,1215,53,0
2715,27.150232036,224.597000000,100,1410,1215,53,0
2716,27.160232292,224.597000000,100,1410,1215,53,0
2717,27.170231517,224.597000000,100,1410,1215,53,0
2718,27.180230190,224.597000000,100,1410,1215,53,0
2719,27.190231789,224.597000000,100,1410,1215,53,0
2720,27.200230733,224.597000000,100,1410,1215,53,0
2721,27.210230739,224.597000000,100,1410,1215,53,0
2722,27.220228611,224.597000000,100,1410,1215,53,0
2723,27.230230100,224.597000000,100,1410,1215,53,0
2724,27.240229996,224.333000000,100,1410,1215,53,0
2725,27.250232526,224.333000000,100,1410,1215,53,0
2726,27.260230057,224.333000000,100,1410,1215,53,0
2727,27.270229012,224.333000000,100,1410,1215,53,0
2728,27.280229528,224.333000000,100,1410,1215,53,0
2729,27.290234894,224.333000000,100,1410,1215,53,0
2730,27.300230462,224.333000000,100,1410,1215,53,0
2731,27.310230508,224.333000000,100,1410,1215,53,0
2732,27.320229733,224.333000000,100,1410,1215,53,0
2733,27.330229859,224.333000000,100,1410,1215,53,0
2734,27.340231798,223.744000000,100,1410,1215,53,0
2735,27.350230382,223.744000000,100,1410,1215,53,0
2736,27.360230327,223.744000000,100,1410,1215,53,0
2737,27.370229672,223.744000000,100,1410,1215,53,0
2738,27.380230159,223.744000000,100,1410,1215,53,0
2739,27.390230596,223.744000000,100,1410,1215,53,0
2740,27.400230181,223.744000000,100,1410,1215,53,0
2741,27.410230498,223.744000000,100,1410,1215,53,0
2742,27.420230263,223.744000000,100,1410,1215,53,0
2743,27.430229708,223.744000000,100,1410,1215,53,0
2744,27.440231497,219.209000000,100,1410,1215,53,0
2745,27.450229730,219.209000000,100,1410,1215,53,0
2746,27.460231710,219.209000000,100,1410,1215,53,0
2747,27.470230233,219.209000000,100,1410,1215,53,0
2748,27.480229618,219.209000000,100,1410,1215,53,0
2749,27.490230515,219.209000000,100,1410,1215,53,0
2750,27.500230471,219.209000000,100,1410,1215,53,0
2751,27.510229064,219.209000000,100,1410,1215,53,0
2752,27.520230513,219.209000000,100,1410,1215,53,0
2753,27.530230539,219.209000000,100,1410,1215,53,0
2754,27.540232218,215.700000000,100,1410,1215,53,0
2755,27.550230952,215.700000000,100,1410,1215,53,0
2756,27.560230517,215.700000000,100,1410,1215,53,0
2757,27.570230052,215.700000000,100,1410,1215,53,0
2758,27.580230038,215.700000000,100,1410,1215,53,0
2759,27.590230715,215.700000000,100,1410,1215,53,0
2760,27.600229950,215.700000000,100,1410,1215,53,0
2761,27.610229314,215.700000000,100,1410,1215,53,0
2762,27.620230362,215.700000000,100,1410,1215,53,0
2763,27.630230348,215.700000000,100,1410,1215,53,0
2764,27.640231376,219.797000000,100,1410,1215,53,0
2765,27.650230070,219.797000000,100,1410,1215,53,0
2766,27.660232670,219.797000000,100,1410,1215,53,0
2767,27.670230342,219.797000000,100,1410,1215,53,0
2768,27.680228905,219.797000000,100,1410,1215,53,0
2769,27.690231155,219.797000000,100,1410,1215,53,0
2770,27.700230941,219.797000000,100,1410,1215,53,0
2771,27.710229584,219.797000000,100,1410,1215,53,0
2772,27.720229570,219.797000000,100,1410,1215,53,0
2773,27.730230658,219.797000000,100,1410,1215,53,0
2774,27.740230574,222.651000000,100,1410,1215,53,0
2775,27.750229227,222.651000000,100,1410,1215,53,0
2776,27.760229834,222.651000000,100,1410,1215,53,0
2777,27.770229249,222.651000000,100,1410,1215,53,0
2778,27.780227452,222.651000000,100,1410,1215,53,0
2779,27.790229621,222.651000000,100,1410,1215,53,0
2780,27.800229657,222.651000000,100,1410,1215,53,0
2781,27.810230435,222.651000000,100,1410,1215,53,0
2782,27.820230250,222.651000000,100,1410,1215,53,0
2783,27.830230236,222.651000000,100,1410,1215,53,0
2784,27.840231023,223.746000000,100,1410,1215,53,0
2785,27.850229807,223.746000000,100,1410,1215,53,0
2786,27.860230594,223.746000000,100,1410,1215,53,0
2787,27.870229538,223.746000000,100,1410,1215,53,0
2788,27.880230536,223.746000000,100,1410,1215,53,0
2789,27.890230792,223.746000000,100,1410,1215,53,0
2790,27.900229876,223.746000000,100,1410,1215,53,0
2791,27.910229922,223.746000000,100,1410,1215,53,0
2792,27.920230329,223.746000000,100,1410,1215,53,0
2793,27.930230575,223.746000000,100,1410,1215,53,0
2794,27.940230942,224.070000000,100,1410,1215,53,0
2795,27.950230276,224.070000000,100,1410,1215,53,0
2796,27.960230953,224.070000000,100,1410,1215,53,0
2797,27.970229757,224.070000000,100,1410,1215,53,0
2798,27.980230815,224.070000000,100,1410,1215,53,0
2799,27.990230520,224.070000000,100,1410,1215,53,0
2800,28.000230466,224.070000000,100,1410,1215,53,0
2801,28.010230121,224.070000000,100,1410,1215,53,0
2802,28.020230147,224.070000000,100,1410,1215,53,0
2803,28.030229812,224.070000000,100,1410,1215,53,0
2804,28.040230750,224.568000000,100,1410,1215,53,0
2805,28.050229774,224.568000000,100,1410,1215,53,0
2806,28.060231112,224.568000000,100,1410,1215,53,0
2807,28.070230166,224.568000000,100,1410,1215,53,0
2808,28.080230563,224.568000000,100,1410,1215,53,0
2809,28.090231020,224.568000000,100,1410,1215,53,0
2810,28.100230194,224.568000000,100,1410,1215,53,0
2811,28.110230450,224.568000000,100,1410,1215,53,0
2812,28.120230937,224.568000000,100,1410,1215,53,0
2813,28.130230783,224.568000000,100,1410,1215,53,0
2814,28.140230808,224.730000000,100,1410,1215,53,0
2815,28.150230584,224.730000000,100,1410,1215,53,0
2816,28.160230570,224.730000000,100,1410,1215,53,0
2817,28.170230415,224.730000000,100,1410,1215,53,0
2818,28.180230491,224.730000000,100,1410,1215,53,0
2819,28.190230527,224.730000000,100,1410,1215,53,0
2820,28.200230062,224.730000000,100,1410,1215,53,0
2821,28.210231210,224.730000000,100,1410,1215,53,0
2822,28.220229713,224.730000000,100,1410,1215,53,0
2823,28.230232965,224.730000000,100,1410,1215,53,0
2824,28.240230667,224.436000000,100,1410,1215,53,0
2825,28.250229580,224.436000000,100,1410,1215,53,0
2826,28.260230538,224.436000000,100,1410,1215,53,0
2827,28.270229472,224.436000000,100,1410,1215,53,0
2828,28.280230399,224.436000000,100,1410,1215,53,0
2829,28.290230145,224.436000000,100,1410,1215,53,0
2830,28.300229820,224.436000000,100,1410,1215,53,0
2831,28.310230327,224.436000000,100,1410,1215,53,0
2832,28.320230994,224.436000000,100,1410,1215,53,0
2833,28.330230689,224.436000000,100,1410,1215,53,0
2834,28.340231917,224.358000000,100,1410,1215,53,0
2835,28.350230220,224.358000000,100,1410,1215,53,0
2836,28.360229815,224.358000000,100,1410,1215,53,0
2837,28.370230182,224.358000000,100,1410,1215,53,0
2838,28.380230588,224.358000000,100,1410,1215,53,0
2839,28.390230093,224.358000000,100,1410,1215,53,0
2840,28.400229879,224.358000000,100,1410,1215,53,0
2841,28.410230506,224.358000000,100,1410,1215,53,0
2842,28.420230000,224.358000000,100,1410,1215,53,0
2843,28.430229806,224.358000000,100,1410,1215,53,0
2844,28.440231756,223.848000000,100,1410,1215,53,0
2845,28.450229497,223.848000000,100,1410,1215,53,0
2846,28.460231046,223.848000000,100,1410,1215,53,0
2847,28.470232705,223.848000000,100,1410,1215,53,0
2848,28.480230226,223.848000000,100,1410,1215,53,0
2849,28.490230773,223.848000000,100,1410,1215,53,0
2850,28.500237111,223.848000000,100,1410,1215,53,0
2851,28.510231877,223.848000000,100,1410,1215,53,0
2852,28.522136743,223.848000000,100,1410,1215,53,0
2853,28.530228382,223.848000000,100,1410,1215,53,0
2854,28.540229440,219.741000000,100,1410,1215,53,0
2855,28.550228584,219.741000000,100,1410,1215,53,0
2856,28.560227848,219.741000000,100,1410,1215,53,0
2857,28.570228796,219.741000000,100,1410,1215,53,0
2858,28.580228421,219.741000000,100,1410,1215,53,0
2859,28.590228688,219.741000000,100,1410,1215,53,0
2860,28.600228253,219.741000000,100,1410,1215,53,0
2861,28.610228579,219.741000000,100,1410,1215,53,0
2862,28.620228785,219.741000000,100,1410,1215,53,0
2863,28.630228701,219.741000000,100,1410,1215,53,0
2864,28.640232153,215.290000000,100,1410,1215,53,0
2865,28.650230025,215.290000000,100,1410,1215,53,0
2866,28.660231834,215.290000000,100,1410,1215,53,0
2867,28.670230067,215.290000000,100,1410,1215,53,0
2868,28.680230243,215.290000000,100,1410,1215,53,0
2869,28.690230089,215.290000000,100,1410,1215,53,0
2870,28.700231046,215.290000000,100,1410,1215,53,0
2871,28.710230090,215.290000000,100,1410,1215,53,0
2872,28.720230457,215.290000000,100,1410,1215,53,0
2873,28.730231845,215.290000000,100,1410,1215,53,0
2874,28.740230639,219.805000000,100,1410,1215,53,0
2875,28.750229793,219.805000000,100,1410,1215,53,0
2876,28.760230360,219.805000000,100,1410,1215,53,0
2877,28.770229865,219.805000000,100,1410,1215,53,0
2878,28.780228538,219.805000000,100,1410,1215,53,0
2879,28.790229906,219.805000000,100,1410,1215,53,0
2880,28.800229371,219.805000000,100,1410,1215,53,0
2881,28.810229938,219.805000000,100,1410,1215,53,0
2882,28.820229623,219.805000000,100,1410,1215,53,0
2883,28.830230600,219.805000000,100,1410,1215,53,0
2884,28.840234123,221.999000000,100,1410,1215,53,0
2885,28.850230492,221.999000000,100,1410,1215,53,0
2886,28.860233443,221.999000000,100,1410,1215,53,0
2887,28.870230223,221.999000000,100,1410,1215,53,0
2888,28.880230830,221.999000000,100,1410,1215,53,0
2889,28.890229352,221.999000000,100,1410,1215,53,0
2890,28.900230070,221.999000000,100,1410,1215,53,0
2891,28.910235055,221.999000000,100,1410,1215,53,0
2892,28.920229660,221.999000000,100,1410,1215,53,0
2893,28.930230848,221.999000000,100,1410,1215,53,0
2894,28.940230804,223.559000000,100,1410,1215,53,0
2895,28.950229778,223.559000000,100,1410,1215,53,0
2896,28.960229563,223.559000000,100,1410,1215,53,0
2897,28.970229889,223.559000000,100,1410,1215,53,0
2898,28.980229785,223.559000000,100,1410,1215,53,0
2899,28.990230552,223.559000000,100,1410,1215,53,0
2900,29.000230318,223.559000000,100,1410,1215,53,0
2901,29.010230794,223.559000000,100,1410,1215,53,0
2902,29.020229397,223.559000000,100,1410,1215,53,0
2903,29.030229994,223.559000000,100,1410,1215,53,0
2904,29.040231372,224.333000000,100,1410,1215,53,0
2905,29.050229935,224.333000000,100,1410,1215,53,0
2906,29.060230021,224.333000000,100,1410,1215,53,0
2907,29.070230227,224.333000000,100,1410,1215,53,0
2908,29.080230614,224.333000000,100,1410,1215,53,0
2909,29.090230339,224.333000000,100,1410,1215,53,0
2910,29.100229684,224.333000000,100,1410,1215,53,0
2911,29.110230631,224.333000000,100,1410,1215,53,0
2912,29.120229535,224.333000000,100,1410,1215,53,0
2913,29.130229561,224.333000000,100,1410,1215,53,0
2914,29.140230438,224.722000000,100,1410,1215,53,0
2915,29.150229993,224.722000000,100,1410,1215,53,0
2916,29.160230069,224.722000000,100,1410,1215,53,0
2917,29.170229674,224.722000000,100,1410,1215,53,0
2918,29.180229409,224.722000000,100,1410,1215,53,0
2919,29.190229655,224.722000000,100,1410,1215,53,0
2920,29.200229881,224.722000000,100,1410,1215,53,0
2921,29.210230869,224.722000000,100,1410,1215,53,0
2922,29.220229733,224.722000000,100,1410,1215,53,0
2923,29.230229959,224.722000000,100,1410,1215,53,0
2924,29.240230405,224.556000000,100,1410,1215,53,0
2925,29.250229089,224.556000000,100,1410,1215,53,0
2926,29.260229475,224.556000000,100,1410,1215,53,0
2927,29.270229741,224.556000000,100,1410,1215,53,0
2928,29.280231060,224.556000000,100,1410,1215,53,0
2929,29.290230134,224.556000000,100,1410,1215,53,0
2930,29.300228827,224.556000000,100,1410,1215,53,0
2931,29.310229333,224.556000000,100,1410,1215,53,0
2932,29.320228428,224.556000000,100,1410,1215,53,0
2933,29.330230157,224.556000000,100,1410,1215,53,0
2934,29.340233469,224.454000000,100,1410,1215,53,0
2935,29.350230108,224.454000000,100,1410,1215,53,0
2936,29.360233921,224.454000000,100,1410,1215,53,0
2937,29.370230130,224.454000000,100,1410,1215,53,0
2938,29.380229664,224.454000000,100,1410,1215,53,0
2939,29.390230602,224.454000000,100,1410,1215,53,0
2940,29.400229876,224.454000000,100,1410,1215,53,0
2941,29.410230062,224.454000000,100,1410,1215,53,0
2942,29.420230669,224.454000000,100,1410,1215,53,0
2943,29.430230094,224.454000000,100,1410,1215,53,0
2944,29.440230841,224.788000000,100,1410,1215,53,0
2945,29.450230206,224.788000000,100,1410,1215,53,0
2946,29.460230672,224.788000000,100,1410,1215,53,0
2947,29.470230187,224.788000000,100,1410,1215,53,0
2948,29.480229752,224.788000000,100,1410,1215,53,0
2949,29.490231050,224.788000000,100,1410,1215,53,0
2950,29.500229743,224.788000000,100,1410,1215,53,0
2951,29.510230561,224.788000000,100,1410,1215,53,0
2952,29.520229915,224.788000000,100,1410,1215,53,0
2953,29.530229991,224.788000000,100,1410,1215,53,0
2954,29.540230177,224.213000000,100,1410,1215,53,0
2955,29.550229943,224.213000000,100,1410,1215,53,0
2956,29.560229678,224.213000000,100,1410,1215,53,0
2957,29.570230205,224.213000000,100,1410,1215,53,0
2958,29.580230180,224.213000000,100,1410,1215,53,0
2959,29.590229525,224.213000000,100,1410,1215,53,0
2960,29.600229460,224.213000000,100,1410,1215,53,0
2961,29.610230298,224.213000000,100,1410,1215,53,0
2962,29.620230313,224.213000000,100,1410,1215,53,0
2963,29.630229738,224.213000000,100,1410,1215,53,0
2964,29.640236086,220.957000000,100,1410,1215,53,0
2965,29.650231092,220.957000000,100,1410,1215,53,0
2966,29.660230106,220.957000000,100,1410,1215,53,0
2967,29.670230392,220.957000000,100,1410,1215,53,0
2968,29.680230037,220.957000000,100,1410,1215,53,0
2969,29.690230534,220.957000000,100,1410,1215,53,0
2970,29.700230049,220.957000000,100,1410,1215,53,0
2971,29.710234683,220.957000000,100,1410,1215,53,0
2972,29.720231082,220.957000000,100,1410,1215,53,0
2973,29.730230156,220.957000000,100,1410,1215,53,0
2974,29.740401534,213.057000000,100,1410,1215,53,0
2975,29.750229346,213.057000000,100,1410,1215,53,0
2976,29.760229813,213.057000000,100,1410,1215,53,0
2977,29.770235719,213.057000000,100,1410,1215,53,0
2978,29.780229974,213.057000000,100,1410,1215,53,0
2979,29.790230100,213.057000000,100,1410,1215,53,0
2980,29.800229575,213.057000000,100,1410,1215,53,0
2981,29.810229771,213.057000000,100,1410,1215,53,0
2982,29.820234555,213.057000000,100,1410,1215,53,0
2983,29.830230423,213.057000000,100,1410,1215,53,0
2984,29.840235619,219.336000000,100,1410,1215,53,0
2985,29.850231807,219.336000000,100,1410,1215,53,0
2986,29.860234378,219.336000000,100,1410,1215,53,0
2987,29.870233992,219.336000000,100,1410,1215,53,0
2988,29.880230091,219.336000000,100,1410,1215,53,0
2989,29.890234625,219.336000000,100,1410,1215,53,0
2990,29.900230363,219.336000000,100,1410,1215,53,0
2991,29.910230308,219.336000000,100,1410,1215,53,0
2992,29.920230985,219.336000000,100,1410,1215,53,0
2993,29.930229979,219.336000000,100,1410,1215,53,0
2994,29.940231026,222.253000000,100,1410,1215,53,0
2995,29.950230060,222.253000000,100,1410,1215,53,0
2996,29.960230046,222.253000000,100,1410,1215,53,0
2997,29.970231173,222.253000000,100,1410,1215,53,0
2998,29.980229386,222.253000000,100,1410,1215,53,0
2999,29.990230233,222.253000000,100,1410,1215,53,0
3000,30.000230299,222.253000000,100,1410,1215,53,0
3001,30.010230715,222.253000000,100,1410,1215,53,0
3002,30.020229639,222.253000000,100,1410,1215,53,0
3003,30.030230015,222.253000000,100,1410,1215,53,0
3004,30.040235441,223.656000000,100,1410,1215,53,0
3005,30.050230407,223.656000000,100,1410,1215,53,0
3006,30.060229942,223.656000000,100,1410,1215,53,0
3007,30.070229617,223.656000000,100,1410,1215,53,0
3008,30.080230023,223.656000000,100,1410,1215,53,0
3009,30.090230690,223.656000000,100,1410,1215,53,0
3010,30.100228953,223.656000000,100,1410,1215,53,0
3011,30.110230621,223.656000000,100,1410,1215,53,0
3012,30.120230066,223.656000000,100,1410,1215,53,0
3013,30.130229791,223.656000000,100,1410,1215,53,0
3014,30.140231310,224.243000000,100,1410,1215,53,0
3015,30.150230343,224.243000000,100,1410,1215,53,0
3016,30.160230640,224.243000000,100,1410,1215,53,0
3017,30.170229513,224.243000000,100,1410,1215,53,0
3018,30.180229659,224.243000000,100,1410,1215,53,0
3019,30.190229725,224.243000000,100,1410,1215,53,0
3020,30.200229430,224.243000000,100,1410,1215,53,0
3021,30.210229736,224.243000000,100,1410,1215,53,0
3022,30.220230473,224.243000000,100,1410,1215,53,0
3023,30.230229286,224.243000000,100,1410,1215,53,0
3024,30.240230334,224.825000000,100,1410,1215,53,0
3025,30.250229879,224.825000000,100,1410,1215,53,0
3026,30.260229844,224.825000000,100,1410,1215,53,0
3027,30.270230321,224.825000000,100,1410,1215,53,0
3028,30.280229996,224.825000000,100,1410,1215,53,0
3029,30.290229511,224.825000000,100,1410,1215,53,0
3030,30.300229537,224.825000000,100,1410,1215,53,0
3031,30.310229843,224.825000000,100,1410,1215,53,0
3032,30.320229107,224.825000000,100,1410,1215,53,0
3033,30.330228952,224.825000000,100,1410,1215,53,0
3034,30.340229639,224.760000000,100,1410,1215,53,0
3035,30.350229324,224.760000000,100,1410,1215,53,0
3036,30.360230512,224.760000000,100,1410,1215,53,0
3037,30.370229295,224.760000000,100,1410,1215,53,0
3038,30.380230073,224.760000000,100,1410,1215,53,0
3039,30.390230349,224.760000000,100,1410,1215,53,0
3040,30.400230174,224.760000000,100,1410,1215,53,0
3041,30.410229779,224.760000000,100,1410,1215,53,0
3042,30.420230175,224.760000000,100,1410,1215,53,0
3043,30.430228869,224.760000000,100,1410,1215,53,0
3044,30.440234996,224.530000000,100,1410,1215,53,0
3045,30.450230894,224.530000000,100,1410,1215,53,0
3046,30.460229687,224.530000000,100,1410,1215,53,0
3047,30.470229903,224.530000000,100,1410,1215,53,0
3048,30.480230299,224.530000000,100,1410,1215,53,0
3049,30.490230135,224.530000000,100,1410,1215,53,0
3050,30.500235350,224.530000000,100,1410,1215,53,0
3051,30.510229645,224.530000000,100,1410,1215,53,0
3052,30.520229821,224.530000000,100,1410,1215,53,0
3053,30.530230037,224.530000000,100,1410,1215,53,0
3054,30.540231075,224.525000000,100,1410,1215,53,0
3055,30.550229918,224.525000000,100,1410,1215,53,0
3056,30.560230355,224.525000000,100,1410,1215,53,0
3057,30.570229659,224.525000000,100,1410,1215,53,0
3058,30.580231428,224.525000000,100,1410,1215,53,0
3059,30.590229470,224.525000000,100,1410,1215,53,0
3060,30.600230537,224.525000000,100,1410,1215,53,0
3061,30.610229992,224.525000000,100,1410,1215,53,0
3062,30.620230258,224.525000000,100,1410,1215,53,0
3063,30.630230184,224.525000000,100,1410,1215,53,0
3064,30.640231422,224.141000000,100,1410,1215,53,0
3065,30.650230936,224.141000000,100,1410,1215,53,0
3066,30.660229900,224.141000000,100,1410,1215,53,0
3067,30.670229765,224.141000000,100,1410,1215,53,0
3068,30.680230623,224.141000000,100,1410,1215,53,0
3069,30.690234075,224.141000000,100,1410,1215,53,0
3070,30.700230123,224.141000000,100,1410,1215,53,0
3071,30.710234467,224.141000000,100,1410,1215,53,0
3072,30.720230415,224.141000000,100,1410,1215,53,0
3073,30.730230731,224.141000000,100,1410,1215,53,0
3074,30.740230827,221.967000000,100,1410,1215,53,0
3075,30.750230141,221.967000000,100,1410,1215,53,0
3076,30.760230567,221.967000000,100,1410,1215,53,0
3077,30.770230723,221.967000000,100,1410,1215,53,0
3078,30.780234376,221.967000000,100,1410,1215,53,0
3079,30.790230554,221.967000000,100,1410,1215,53,0
3080,30.800230209,221.967000000,100,1410,1215,53,0
3081,30.810230635,221.967000000,100,1410,1215,53,0
3082,30.820230070,221.967000000,100,1410,1215,53,0
3083,30.830234864,221.967000000,100,1410,1215,53,0
3084,30.840230972,215.191000000,100,1410,1215,53,0
3085,30.850231739,215.191000000,100,1410,1215,53,0
3086,30.860230082,215.191000000,100,1410,1215,53,0
3087,30.870231089,215.191000000,100,1410,1215,53,0
3088,30.880230684,215.191000000,100,1410,1215,53,0
3089,30.890230569,215.191000000,100,1410,1215,53,0
3090,30.900230645,215.191000000,100,1410,1215,53,0
3091,30.910229929,215.191000000,100,1410,1215,53,0
3092,30.920230436,215.191000000,100,1410,1215,53,0
3093,30.930230732,215.191000000,100,1410,1215,53,0
3094,30.940236077,218.463000000,100,1410,1215,53,0
3095,30.950230242,218.463000000,100,1410,1215,53,0
3096,30.960232271,218.463000000,100,1410,1215,53,0
3097,30.970230574,218.463000000,100,1410,1215,53,0
3098,30.980235168,218.463000000,100,1410,1215,53,0
3099,30.990230384,218.463000000,100,1410,1215,53,0
3100,31.000230340,218.463000000,100,1410,1215,53,0
3101,31.010235946,218.463000000,100,1410,1215,53,0
3102,31.020229269,218.463000000,100,1410,1215,53,0
3103,31.033135707,218.463000000,100,1410,1215,53,0
3104,31.040229871,221.895000000,100,1410,1215,53,0
3105,31.050228394,221.895000000,100,1410,1215,53,0
3106,31.060228930,221.895000000,100,1410,1215,53,0
3107,31.070228816,221.895000000,100,1410,1215,53,0
3108,31.080228260,221.895000000,100,1410,1215,53,0
3109,31.090227384,221.895000000,100,1410,1215,53,0
3110,31.100228171,221.895000000,100,1410,1215,53,0
3111,31.110227756,221.895000000,100,1410,1215,53,0
3112,31.120227491,221.895000000,100,1410,1215,53,0
3113,31.130228498,221.895000000,100,1410,1215,53,0
3114,31.140230898,223.914000000,100,1410,1215,53,0
3115,31.150231856,223.914000000,100,1410,1215,53,0
3116,31.160229637,223.914000000,100,1410,1215,53,0
3117,31.170229763,223.914000000,100,1410,1215,53,0
3118,31.180229778,223.914000000,100,1410,1215,53,0
3119,31.190229874,223.914000000,100,1410,1215,53,0
3120,31.200230350,223.914000000,100,1410,1215,53,0
3121,31.210230126,223.914000000,100,1410,1215,53,0
3122,31.220229500,223.914000000,100,1410,1215,53,0
3123,31.230229676,223.914000000,100,1410,1215,53,0
3124,31.240231385,224.436000000,100,1410,1215,53,0
3125,31.250229076,224.436000000,100,1410,1215,53,0
3126,31.260229632,224.436000000,100,1410,1215,53,0
3127,31.270228957,224.436000000,100,1410,1215,53,0
3128,31.280228972,224.436000000,100,1410,1215,53,0
3129,31.290229178,224.436000000,100,1410,1215,53,0
3130,31.300228692,224.436000000,100,1410,1215,53,0
3131,31.310229249,224.436000000,100,1410,1215,53,0
3132,31.320228724,224.436000000,100,1410,1215,53,0
3133,31.330229110,224.436000000,100,1410,1215,53,0
3134,31.340230458,224.850000000,100,1410,1215,53,0
3135,31.350228700,224.850000000,100,1410,1215,53,0
3136,31.360228796,224.850000000,100,1410,1215,53,0
3137,31.370230395,224.850000000,100,1410,1215,53,0
3138,31.380229408,224.850000000,100,1410,1215,53,0
3139,31.390229454,224.850000000,100,1410,1215,53,0
3140,31.400229069,224.850000000,100,1410,1215,53,0
3141,31.410229485,224.850000000,100,1410,1215,53,0
3142,31.420229040,224.850000000,100,1410,1215,53,0
3143,31.430228955,224.850000000,100,1410,1215,53,0
3144,31.440230323,225.281000000,100,1410,1215,53,0
3145,31.450229126,225.281000000,100,1410,1215,53,0
3146,31.460229072,225.281000000,100,1410,1215,53,0
3147,31.470229949,225.281000000,100,1410,1215,53,0
3148,31.480228913,225.281000000,100,1410,1215,53,0
3149,31.490229429,225.281000000,100,1410,1215,53,0
3150,31.500229495,225.281000000,100,1410,1215,53,0
3151,31.510229440,225.281000000,100,1410,1215,53,0
3152,31.520233624,225.281000000,100,1410,1215,53,0
3153,31.530230333,225.281000000,100,1410,1215,53,0
3154,31.540232623,224.945000000,100,1410,1215,53,0
3155,31.550242888,224.945000000,100,1410,1215,53,0
3156,31.560229308,224.945000000,100,1410,1215,53,0
3157,31.572135967,224.945000000,100,1410,1215,53,0
3158,31.580228617,224.945000000,100,1410,1215,53,0
3159,31.590228813,224.945000000,100,1410,1215,53,0
3160,31.600229761,224.945000000,100,1410,1215,53,0
3161,31.610228514,224.945000000,100,1410,1215,53,0
3162,31.620228970,224.945000000,100,1410,1215,53,0
3163,31.630228625,224.945000000,100,1410,1215,53,0
3164,31.640228831,224.562000000,100,1410,1215,53,0
3165,31.650231542,224.562000000,100,1410,1215,53,0
3166,31.660230525,224.562000000,100,1410,1215,53,0
3167,31.670229639,224.562000000,100,1410,1215,53,0
3168,31.680229655,224.562000000,100,1410,1215,53,0
3169,31.690229610,224.562000000,100,1410,1215,53,0
3170,31.700230888,224.562000000,100,1410,1215,53,0
3171,31.710230272,224.562000000,100,1410,1215,53,0
3172,31.720230108,224.562000000,100,1410,1215,53,0
3173,31.730229652,224.562000000,100,1410,1215,53,0
3174,31.740230690,224.244000000,100,1410,1215,53,0
3175,31.750231166,224.244000000,100,1410,1215,53,0
3176,31.760229208,224.244000000,100,1410,1215,53,0
3177,31.770230165,224.244000000,100,1410,1215,53,0
3178,31.780229870,224.244000000,100,1410,1215,53,0
3179,31.790229685,224.244000000,100,1410,1215,53,0
3180,31.800229580,224.244000000,100,1410,1215,53,0
3181,31.810229596,224.244000000,100,1410,1215,53,0
3182,31.820234160,224.244000000,100,1410,1215,53,0
3183,31.830230548,224.244000000,100,1410,1215,53,0
3184,31.840230945,222.954000000,100,1410,1215,53,0
3185,31.850229457,222.954000000,100,1410,1215,53,0
3186,31.860230895,222.954000000,100,1410,1215,53,0
3187,31.870230009,222.954000000,100,1410,1215,53,0
3188,31.880230315,222.954000000,100,1410,1215,53,0
3189,31.890230681,222.954000000,100,1410,1215,53,0
3190,31.900229575,222.954000000,100,1410,1215,53,0
3191,31.910229640,222.954000000,100,1410,1215,53,0
3192,31.920231629,222.954000000,100,1410,1215,53,0
3193,31.930234370,222.954000000,100,1410,1215,53,0
3194,31.940231179,216.785000000,100,1410,1215,53,0
3195,31.950229742,216.785000000,100,1410,1215,53,0
3196,31.960230048,216.785000000,100,1410,1215,53,0
3197,31.970229653,216.785000000,100,1410,1215,53,0
3198,31.980230690,216.785000000,100,1410,1215,53,0
3199,31.990230094,216.785000000,100,1410,1215,53,0
3200,32.000234037,216.785000000,100,1410,1215,53,0
3201,32.010230716,216.785000000,100,1410,1215,53,0
3202,32.020229700,216.785000000,100,1410,1215,53,0
3203,32.030234895,216.785000000,100,1410,1215,53,0
3204,32.040230161,218.957000000,100,1410,1215,53,0
3205,32.050229436,218.957000000,100,1410,1215,53,0
3206,32.060229902,218.957000000,100,1410,1215,53,0
3207,32.070229877,218.957000000,100,1410,1215,53,0
3208,32.080230514,218.957000000,100,1410,1215,53,0
3209,32.090234346,218.957000000,100,1410,1215,53,0
3210,32.100230605,218.957000000,100,1410,1215,53,0
3211,32.110231692,218.957000000,100,1410,1215,53,0
3212,32.120230355,218.957000000,100,1410,1215,53,0
3213,32.130230130,218.957000000,100,1410,1215,53,0
3214,32.140231719,221.617000000,100,1410,1215,53,0
3215,32.150230562,221.617000000,100,1410,1215,53,0
3216,32.160229335,221.617000000,100,1410,1215,53,0
3217,32.170230312,221.617000000,100,1410,1215,53,0
3218,32.180229446,221.617000000,100,1410,1215,53,0
3219,32.190230173,221.617000000,100,1410,1215,53,0
3220,32.200229377,221.617000000,100,1410,1215,53,0
3221,32.210229923,221.617000000,100,1410,1215,53,0
3222,32.220230139,221.617000000,100,1410,1215,53,0
3223,32.230230065,221.617000000,100,1410,1215,53,0
3224,32.240229970,223.355000000,100,1410,1215,53,0
3225,32.250230747,223.355000000,100,1410,1215,53,0
3226,32.260232165,223.355000000,100,1410,1215,53,0
3227,32.270229766,223.355000000,100,1410,1215,53,0
3228,32.280229390,223.355000000,100,1410,1215,53,0
3229,32.290230267,223.355000000,100,1410,1215,53,0
3230,32.300229862,223.355000000,100,1410,1215,53,0
3231,32.310229377,223.355000000,100,1410,1215,53,0
3232,32.320230975,223.355000000,100,1410,1215,53,0
3233,32.330230429,223.355000000,100,1410,1215,53,0
3234,32.340230695,224.620000000,100,1410,1215,53,0
3235,32.350229629,224.620000000,100,1410,1215,53,0
3236,32.360229684,224.620000000,100,1410,1215,53,0
3237,32.370230842,224.620000000,100,1410,1215,53,0
3238,32.380229595,224.620000000,100,1410,1215,53,0
3239,32.390230612,224.620000000,100,1410,1215,53,0
3240,32.400228764,224.620000000,100,1410,1215,53,0
3241,32.410230503,224.620000000,100,1410,1215,53,0
3242,32.420230869,224.620000000,100,1410,1215,53,0
3243,32.430230213,224.620000000,100,1410,1215,53,0
3244,32.440230840,225.017000000,100,1410,1215,53,0
3245,32.450229884,225.017000000,100,1410,1215,53,0
3246,32.460230470,225.017000000,100,1410,1215,53,0
3247,32.470230185,225.017000000,100,1410,1215,53,0
3248,32.480231593,225.017000000,100,1410,1215,53,0
3249,32.490229965,225.017000000,100,1410,1215,53,0
3250,32.500230712,225.017000000,100,1410,1215,53,0
3251,32.510230668,225.017000000,100,1410,1215,53,0
3252,32.520230653,225.017000000,100,1410,1215,53,0
3253,32.530233694,225.017000000,100,1410,1215,53,0
3254,32.540230934,224.754000000,100,1410,1215,53,0
3255,32.550230319,224.754000000,100,1410,1215,53,0
3256,32.560230054,224.754000000,100,1410,1215,53,0
3257,32.570230390,224.754000000,100,1410,1215,53,0
3258,32.580230105,224.754000000,100,1410,1215,53,0
3259,32.590233927,224.754000000,100,1410,1215,53,0
3260,32.600229855,224.754000000,100,1410,1215,53,0
3261,32.610230572,224.754000000,100,1410,1215,53,0
3262,32.620230246,224.754000000,100,1410,1215,53,0
3263,32.630234179,224.754000000,100,1410,1215,53,0
3264,32.640230738,224.819000000,100,1410,1215,53,0
3265,32.650234611,224.819000000,100,1410,1215,53,0
3266,32.660231010,224.819000000,100,1410,1215,53,0
3267,32.670230234,224.819000000,100,1410,1215,53,0
3268,32.680230650,224.819000000,100,1410,1215,53,0
3269,32.690230295,224.819000000,100,1410,1215,53,0
3270,32.700231041,224.819000000,100,1410,1215,53,0
3271,32.710229825,224.819000000,100,1410,1215,53,0
3272,32.720229630,224.819000000,100,1410,1215,53,0
3273,32.730230517,224.819000000,100,1410,1215,53,0
3274,32.740231404,225.019000000,100,1410,1215,53,0
3275,32.750229816,225.019000000,100,1410,1215,53,0
3276,32.760229932,225.019000000,100,1410,1215,53,0
3277,32.770230378,225.019000000,100,1410,1215,53,0
3278,32.780230613,225.019000000,100,1410,1215,53,0
3279,32.790231010,225.019000000,100,1410,1215,53,0
3280,32.800229602,225.019000000,100,1410,1215,53,0
3281,32.810229608,225.019000000,100,1410,1215,53,0
3282,32.820228942,225.019000000,100,1410,1215,53,0
3283,32.830229618,225.019000000,100,1410,1215,53,0
3284,32.840234583,224.357000000,100,1410,1215,53,0
3285,32.850229589,224.357000000,100,1410,1215,53,0
3286,32.860233532,224.357000000,100,1410,1215,53,0
3287,32.870229860,224.357000000,100,1410,1215,53,0
3288,32.880229455,224.357000000,100,1410,1215,53,0
3289,32.890229500,224.357000000,100,1410,1215,53,0
3290,32.900234344,224.357000000,100,1410,1215,53,0
3291,32.910230673,224.357000000,100,1410,1215,53,0
3292,32.920230568,224.357000000,100,1410,1215,53,0
3293,32.930230072,224.357000000,100,1410,1215,53,0
3294,32.940231741,224.211000000,100,1410,1215,53,0
3295,32.950232668,224.211000000,100,1410,1215,53,0
3296,32.960231942,224.211000000,100,1410,1215,53,0
3297,32.970228310,224.211000000,100,1410,1215,53,0
3298,32.980228266,224.211000000,100,1410,1215,53,0
3299,32.990230946,224.211000000,100,1410,1215,53,0
3300,33.000229619,224.211000000,100,1410,1215,53,0
3301,33.010230115,224.211000000,100,1410,1215,53,0
3302,33.020229329,224.211000000,100,1410,1215,53,0
3303,33.030229294,224.211000000,100,1410,1215,53,0
3304,33.040230211,217.942000000,100,1410,1215,53,0
3305,33.050230016,217.942000000,100,1410,1215,53,0
3306,33.060230152,217.942000000,100,1410,1215,53,0
3307,33.070230037,217.942000000,100,1410,1215,53,0
3308,33.080229932,217.942000000,100,1410,1215,53,0
3309,33.090229196,217.942000000,100,1410,1215,53,0
3310,33.100229672,217.942000000,100,1410,1215,53,0
3311,33.110229617,217.942000000,100,1410,1215,53,0
3312,33.120230033,217.942000000,100,1410,1215,53,0
3313,33.130229758,217.942000000,100,1410,1215,53,0
3314,33.140231076,216.999000000,100,1410,1215,53,0
3315,33.150230310,216.999000000,100,1410,1215,53,0
3316,33.160229694,216.999000000,100,1410,1215,53,0
3317,33.170229840,216.999000000,100,1410,1215,53,0
3318,33.180230496,216.999000000,100,1410,1215,53,0
3319,33.190229710,216.999000000,100,1410,1215,53,0
3320,33.200229645,216.999000000,100,1410,1215,53,0
3321,33.210229901,216.999000000,100,1410,1215,53,0
3322,33.220229806,216.999000000,100,1410,1215,53,0
3323,33.230229832,216.999000000,100,1410,1215,53,0
3324,33.240231891,221.844000000,100,1410,1215,53,0
3325,33.250233960,221.844000000,100,1410,1215,53,0
3326,33.260230549,221.844000000,100,1410,1215,53,0
3327,33.270229793,221.844000000,100,1410,1215,53,0
3328,33.280230570,221.844000000,100,1410,1215,53,0
3329,33.290230655,221.844000000,100,1410,1215,53,0
3330,33.300229538,221.844000000,100,1410,1215,53,0
3331,33.310233792,221.844000000,100,1410,1215,53,0
3332,33.320229990,221.844000000,100,1410,1215,53,0
3333,33.330230145,221.844000000,100,1410,1215,53,0
3334,33.340230762,223.459000000,100,1410,1215,53,0
3335,33.350229595,223.459000000,100,1410,1215,53,0
3336,33.360233307,223.459000000,100,1410,1215,53,0
3337,33.370230167,223.459000000,100,1410,1215,53,0
3338,33.380229952,223.459000000,100,1410,1215,53,0
3339,33.390230117,223.459000000,100,1410,1215,53,0
3340,33.400229772,223.459000000,100,1410,1215,53,0
3341,33.410230649,223.459000000,100,1410,1215,53,0
3342,33.420231135,223.459000000,100,1410,1215,53,0
3343,33.430230008,223.459000000,100,1410,1215,53,0
3344,33.440231607,224.172000000,100,1410,1215,53,0
3345,33.450230310,224.172000000,100,1410,1215,53,0
3346,33.460230285,224.172000000,100,1410,1215,53,0
3347,33.470230451,224.172000000,100,1410,1215,53,0
3348,33.480230756,224.172000000,100,1410,1215,53,0
3349,33.490230291,224.172000000,100,1410,1215,53,0
3350,33.500234564,224.172000000,100,1410,1215,53,0
3351,33.510230612,224.172000000,100,1410,1215,53,0
3352,33.520229856,224.172000000,100,1410,1215,53,0
3353,33.530230433,224.172000000,100,1410,1215,53,0
3354,33.540231840,225.280000000,100,1410,1215,53,0
3355,33.550230593,225.280000000,100,1410,1215,53,0
3356,33.560229727,225.280000000,100,1410,1215,53,0
3357,33.570230574,225.280000000,100,1410,1215,53,0
3358,33.580230339,225.280000000,100,1410,1215,53,0
3359,33.590229583,225.280000000,100,1410,1215,53,0
3360,33.600229538,225.280000000,100,1410,1215,53,0
3361,33.610229363,225.280000000,100,1410,1215,53,0
3362,33.620229288,225.280000000,100,1410,1215,53,0
3363,33.630230656,225.280000000,100,1410,1215,53,0
3364,33.640234769,225.472000000,100,1410,1215,53,0
3365,33.650230216,225.472000000,100,1410,1215,53,0
3366,33.660229901,225.472000000,100,1410,1215,53,0
3367,33.670229796,225.472000000,100,1410,1215,53,0
3368,33.680229701,225.472000000,100,1410,1215,53,0
3369,33.690230388,225.472000000,100,1410,1215,53,0
3370,33.700230453,225.472000000,100,1410,1215,53,0
3371,33.710234596,225.472000000,100,1410,1215,53,0
3372,33.720230233,225.472000000,100,1410,1215,53,0
3373,33.730230539,225.472000000,100,1410,1215,53,0
3374,33.740231035,224.747000000,100,1410,1215,53,0
3375,33.750230600,224.747000000,100,1410,1215,53,0
3376,33.760230034,224.747000000,100,1410,1215,53,0
3377,33.770229678,224.747000000,100,1410,1215,53,0
3378,33.780230054,224.747000000,100,1410,1215,53,0
3379,33.790234408,224.747000000,100,1410,1215,53,0
3380,33.800234393,224.747000000,100,1410,1215,53,0
3381,33.810230751,224.747000000,100,1410,1215,53,0
3382,33.820229183,224.747000000,100,1410,1215,53,0
3383,33.830229259,224.747000000,100,1410,1215,53,0
3384,33.840229344,224.921000000,100,1410,1215,53,0
3385,33.850229910,224.921000000,100,1410,1215,53,0
3386,33.860234595,224.921000000,100,1410,1215,53,0
3387,33.870229701,224.921000000,100,1410,1215,53,0
3388,33.880234194,224.921000000,100,1410,1215,53,0
3389,33.890230402,224.921000000,100,1410,1215,53,0
3390,33.900229716,224.921000000,100,1410,1215,53,0
3391,33.910230122,224.921000000,100,1410,1215,53,0
3392,33.920230328,224.921000000,100,1410,1215,53,0
3393,33.930230654,224.921000000,100,1410,1215,53,0
3394,33.940231000,224.923000000,100,1410,1215,53,0
3395,33.950230454,224.923000000,100,1410,1215,53,0
3396,33.960230098,224.923000000,100,1410,1215,53,0
3397,33.970229603,224.923000000,100,1410,1215,53,0
3398,33.980234447,224.923000000,100,1410,1215,53,0
3399,33.990230555,224.923000000,100,1410,1215,53,0
3400,34.000234417,224.923000000,100,1410,1215,53,0
3401,34.010231257,224.923000000,100,1410,1215,53,0
3402,34.020230400,224.923000000,100,1410,1215,53,0
3403,34.030230626,224.923000000,100,1410,1215,53,0
3404,34.040231212,224.136000000,100,1410,1215,53,0
3405,34.050230306,224.136000000,100,1410,1215,53,0
3406,34.060233828,224.136000000,100,1410,1215,53,0
3407,34.070230857,224.136000000,100,1410,1215,53,0
3408,34.080231173,224.136000000,100,1410,1215,53,0
3409,34.090230166,224.136000000,100,1410,1215,53,0
3410,34.100230422,224.136000000,100,1410,1215,53,0
3411,34.110230838,224.136000000,100,1410,1215,53,0
3412,34.120230843,224.136000000,100,1410,1215,53,0
3413,34.130229927,224.136000000,100,1410,1215,53,0
3414,34.140229912,218.134000000,100,1410,1215,53,0
3415,34.150229256,218.134000000,100,1410,1215,53,0
3416,34.160229351,218.134000000,100,1410,1215,53,0
3417,34.170228906,218.134000000,100,1410,1215,53,0
3418,34.180230033,218.134000000,100,1410,1215,53,0
3419,34.190229076,218.134000000,100,1410,1215,53,0
3420,34.200229753,218.134000000,100,1410,1215,53,0
3421,34.210229748,218.134000000,100,1410,1215,53,0
3422,34.220229794,218.134000000,100,1410,1215,53,0
3423,34.230229428,218.134000000,100,1410,1215,53,0
3424,34.240233150,217.357000000,100,1410,1215,53,0
3425,34.250233857,217.357000000,100,1410,1215,53,0
3426,34.260229844,217.357000000,100,1410,1215,53,0
3427,34.270229709,217.357000000,100,1410,1215,53,0
3428,34.280230616,217.357000000,100,1410,1215,53,0
3429,34.290230662,217.357000000,100,1410,1215,53,0
3430,34.300230166,217.357000000,100,1410,1215,53,0
3431,34.310229229,217.357000000,100,1410,1215,53,0
3432,34.320230277,217.357000000,100,1410,1215,53,0
3433,34.330230192,217.357000000,100,1410,1215,53,0
3434,34.340229746,221.052000000,100,1410,1215,53,0
3435,34.350230372,221.052000000,100,1410,1215,53,0
3436,34.360229917,221.052000000,100,1410,1215,53,0
3437,34.370230573,221.052000000,100,1410,1215,53,0
3438,34.380228885,221.052000000,100,1410,1215,53,0
3439,34.390229171,221.052000000,100,1410,1215,53,0
3440,34.400230419,221.052000000,100,1410,1215,53,0
3441,34.410233930,221.052000000,100,1410,1215,53,0
3442,34.420230199,221.052000000,100,1410,1215,53,0
3443,34.430230314,221.052000000,100,1410,1215,53,0
3444,34.440235058,223.584000000,100,1410,1215,53,0
3445,34.450230014,223.584000000,100,1410,1215,53,0
3446,34.460230370,223.584000000,100,1410,1215,53,0
3447,34.470229774,223.584000000,100,1410,1215,53,0
3448,34.480229378,223.584000000,100,1410,1215,53,0
3449,34.490230055,223.584000000,100,1410,1215,53,0
3450,34.500229980,223.584000000,100,1410,1215,53,0
3451,34.510233943,223.584000000,100,1410,1215,53,0
3452,34.520229519,223.584000000,100,1410,1215,53,0
3453,34.530234093,223.584000000,100,1410,1215,53,0
3454,34.540234720,224.730000000,100,1410,1215,53,0
3455,34.550230196,224.730000000,100,1410,1215,53,0
3456,34.560233318,224.730000000,100,1410,1215,53,0
3457,34.570230187,224.730000000,100,1410,1215,53,0
3458,34.580228789,224.730000000,100,1410,1215,53,0
3459,34.590229676,224.730000000,100,1410,1215,53,0
3460,34.600230814,224.730000000,100,1410,1215,53,0
3461,34.610229787,224.730000000,100,1410,1215,53,0
3462,34.620229421,224.730000000,100,1410,1215,53,0
3463,34.630229898,224.730000000,100,1410,1215,53,0
3464,34.640230654,224.760000000,100,1410,1215,53,0
3465,34.650230179,224.760000000,100,1410,1215,53,0
3466,34.660233871,224.760000000,100,1410,1215,53,0
3467,34.670230109,224.760000000,100,1410,1215,53,0
3468,34.680234082,224.760000000,100,1410,1215,53,0
3469,34.690234117,224.760000000,100,1410,1215,53,0
3470,34.700229864,224.760000000,100,1410,1215,53,0
3471,34.710229779,224.760000000,100,1410,1215,53,0
3472,34.720234103,224.760000000,100,1410,1215,53,0
3473,34.730230371,224.760000000,100,1410,1215,53,0
3474,34.740234814,225.310000000,100,1410,1215,53,0
3475,34.750229630,225.310000000,100,1410,1215,53,0
3476,34.760229965,225.310000000,100,1410,1215,53,0
3477,34.770230632,225.310000000,100,1410,1215,53,0
3478,34.780229535,225.310000000,100,1410,1215,53,0
3479,34.790230091,225.310000000,100,1410,1215,53,0
3480,34.800229826,225.310000000,100,1410,1215,53,0
3481,34.810230252,225.310000000,100,1410,1215,53,0
3482,34.820229615,225.310000000,100,1410,1215,53,0
3483,34.830229811,225.310000000,100,1410,1215,53,0
3484,34.840230708,225.017000000,100,1410,1215,53,0
3485,34.850229791,225.017000000,100,1410,1215,53,0
3486,34.860229285,225.017000000,100,1410,1215,53,0
3487,34.870230713,225.017000000,100,1410,1215,53,0
3488,34.880233664,225.017000000,100,1410,1215,53,0
3489,34.890229711,225.017000000,100,1410,1215,53,0
3490,34.900230067,225.017000000,100,1410,1215,53,0
3491,34.910229431,225.017000000,100,1410,1215,53,0
3492,34.920229546,225.017000000,100,1410,1215,53,0
3493,34.930230143,225.017000000,100,1410,1215,53,0
3494,34.940231110,224.652000000,100,1410,1215,53,0
3495,34.950230283,224.652000000,100,1410,1215,53,0
3496,34.960234616,224.652000000,100,1410,1215,53,0
3497,34.970231235,224.652000000,100,1410,1215,53,0
3498,34.980230629,224.652000000,100,1410,1215,53,0
3499,34.990229853,224.652000000,100,1410,1215,53,0
3500,35.000229958,224.652000000,100,1410,1215,53,0
3501,35.010229873,224.652000000,100,1410,1215,53,0
3502,35.020234637,224.652000000,100,1410,1215,53,0
3503,35.030230745,224.652000000,100,1410,1215,53,0
3504,35.040230179,224.626000000,100,1410,1215,53,0
3505,35.050229473,224.626000000,100,1410,1215,53,0
3506,35.060228997,224.626000000,100,1410,1215,53,0
3507,35.070233821,224.626000000,100,1410,1215,53,0
3508,35.080230229,224.626000000,100,1410,1215,53,0
3509,35.090233761,224.626000000,100,1410,1215,53,0
3510,35.100229709,224.626000000,100,1410,1215,53,0
3511,35.110229874,224.626000000,100,1410,1215,53,0
3512,35.120229499,224.626000000,100,1410,1215,53,0
3513,35.130230345,224.626000000,100,1410,1215,53,0
3514,35.140230290,224.262000000,100,1410,1215,53,0
3515,35.150230666,224.262000000,100,1410,1215,53,0
3516,35.160230451,224.262000000,100,1410,1215,53,0
3517,35.170230356,224.262000000,100,1410,1215,53,0
3518,35.180229539,224.262000000,100,1410,1215,53,0
3519,35.190229955,224.262000000,100,1410,1215,53,0
3520,35.200229650,224.262000000,100,1410,1215,53,0
3521,35.210229535,224.262000000,100,1410,1215,53,0
3522,35.220229861,224.262000000,100,1410,1215,53,0
3523,35.230230146,224.262000000,100,1410,1215,53,0
3524,35.240230853,218.538000000,100,1410,1215,53,0
3525,35.250230086,218.538000000,100,1410,1215,53,0
3526,35.260229851,218.538000000,100,1410,1215,53,0
3527,35.270230347,218.538000000,100,1410,1215,53,0
3528,35.280230603,218.538000000,100,1410,1215,53,0
3529,35.290234786,218.538000000,100,1410,1215,53,0
3530,35.300229671,218.538000000,100,1410,1215,53,0
3531,35.310229917,218.538000000,100,1410,1215,53,0
3532,35.320233599,218.538000000,100,1410,1215,53,0
3533,35.330229967,218.538000000,100,1410,1215,53,0
3534,35.340230864,217.612000000,100,1410,1215,53,0
3535,35.350234556,217.612000000,100,1410,1215,53,0
3536,35.360229421,217.612000000,100,1410,1215,53,0
3537,35.370229346,217.612000000,100,1410,1215,53,0
3538,35.380231926,217.612000000,100,1410,1215,53,0
3539,35.390230449,217.612000000,100,1410,1215,53,0
3540,35.400233940,217.612000000,100,1410,1215,53,0
3541,35.410229256,217.612000000,100,1410,1215,53,0
3542,35.420234151,217.612000000,100,1410,1215,53,0
3543,35.430229467,217.612000000,100,1410,1215,53,0
3544,35.440230274,221.471000000,100,1410,1215,53,0
3545,35.450230920,221.471000000,100,1410,1215,53,0
3546,35.460229523,221.471000000,100,1410,1215,53,0
3547,35.470230209,221.471000000,100,1410,1215,53,0
3548,35.480233861,221.471000000,100,1410,1215,53,0
3549,35.490230540,221.471000000,100,1410,1215,53,0
3550,35.500230455,221.471000000,100,1410,1215,53,0
3551,35.510230460,221.471000000,100,1410,1215,53,0
3552,35.520233681,221.471000000,100,1410,1215,53,0
3553,35.530230150,221.471000000,100,1410,1215,53,0
3554,35.540231157,223.162000000,100,1410,1215,53,0
3555,35.550229940,223.162000000,100,1410,1215,53,0
3556,35.560229304,223.162000000,100,1410,1215,53,0
3557,35.570229699,223.162000000,100,1410,1215,53,0
3558,35.580229384,223.162000000,100,1410,1215,53,0
3559,35.590229148,223.162000000,100,1410,1215,53,0
3560,35.600230586,223.162000000,100,1410,1215,53,0
3561,35.610230501,223.162000000,100,1410,1215,53,0
3562,35.620230056,223.162000000,100,1410,1215,53,0
3563,35.630229540,223.162000000,100,1410,1215,53,0
3564,35.640230807,224.524000000,100,1410,1215,53,0
3565,35.650230201,224.524000000,100,1410,1215,53,0
3566,35.660229805,224.524000000,100,1410,1215,53,0
3567,35.670229209,224.524000000,100,1410,1215,53,0
3568,35.680230337,224.524000000,100,1410,1215,53,0
3569,35.690234369,224.524000000,100,1410,1215,53,0
3570,35.700230858,224.524000000,100,1410,1215,53,0
3571,35.710230122,224.524000000,100,1410,1215,53,0
3572,35.720230287,224.524000000,100,1410,1215,53,0
3573,35.730233889,224.524000000,100,1410,1215,53,0
3574,35.740230708,225.216000000,100,1410,1215,53,0
3575,35.750229881,225.216000000,100,1410,1215,53,0
3576,35.760229576,225.216000000,100,1410,1215,53,0
3577,35.770233578,225.216000000,100,1410,1215,53,0
3578,35.780229436,225.216000000,100,1410,1215,53,0
3579,35.790233739,225.216000000,100,1410,1215,53,0
3580,35.800230257,225.216000000,100,1410,1215,53,0
3581,35.810234380,225.216000000,100,1410,1215,53,0
3582,35.820230387,225.216000000,100,1410,1215,53,0
3583,35.830233619,225.216000000,100,1410,1215,53,0
3584,35.840230548,225.312000000,100,1410,1215,53,0
3585,35.850234570,225.312000000,100,1410,1215,53,0
3586,35.860229466,225.312000000,100,1410,1215,53,0
3587,35.870228659,225.312000000,100,1410,1215,53,0
3588,35.880229726,225.312000000,100,1410,1215,53,0
3589,35.890233599,225.312000000,100,1410,1215,53,0
3590,35.900230538,225.312000000,100,1410,1215,53,0
3591,35.910229441,225.312000000,100,1410,1215,53,0
3592,35.920229566,225.312000000,100,1410,1215,53,0
3593,35.930229190,225.312000000,100,1410,1215,53,0
3594,35.940229967,225.400000000,100,1410,1215,53,0
3595,35.950234370,225.400000000,100,1410,1215,53,0
3596,35.960230668,225.400000000,100,1410,1215,53,0
3597,35.970230413,225.400000000,100,1410,1215,53,0
3598,35.980230408,225.400000000,100,1410,1215,53,0
3599,35.990234440,225.400000000,100,1410,1215,53,0
3600,36.000231159,225.400000000,100,1410,1215,53,0
3601,36.010230984,225.400000000,100,1410,1215,53,0
3602,36.020231139,225.400000000,100,1410,1215,53,0
3603,36.030233749,225.400000000,100,1410,1215,53,0
3604,36.040230418,225.113000000,100,1410,1215,53,0
3605,36.050230243,225.113000000,100,1410,1215,53,0
3606,36.060234095,225.113000000,100,1410,1215,53,0
3607,36.070229852,225.113000000,100,1410,1215,53,0
3608,36.080230127,225.113000000,100,1410,1215,53,0
3609,36.090230052,225.113000000,100,1410,1215,53,0
3610,36.100234375,225.113000000,100,1410,1215,53,0
3611,36.110230213,225.113000000,100,1410,1215,53,0
3612,36.120230168,225.113000000,100,1410,1215,53,0
3613,36.130230273,225.113000000,100,1410,1215,53,0
3614,36.140234376,224.659000000,100,1410,1215,53,0
3615,36.150231555,224.659000000,100,1410,1215,53,0
3616,36.160230829,224.659000000,100,1410,1215,53,0
3617,36.170233699,224.659000000,100,1410,1215,53,0
3618,36.180230618,224.659000000,100,1410,1215,53,0
3619,36.190230113,224.659000000,100,1410,1215,53,0
3620,36.200229997,224.659000000,100,1410,1215,53,0
3621,36.210229401,224.659000000,100,1410,1215,53,0
3622,36.220229777,224.659000000,100,1410,1215,53,0
3623,36.230229802,224.659000000,100,1410,1215,53,0
3624,36.240230669,224.659000000,100,1410,1215,53,0
3625,36.250229772,224.659000000,100,1410,1215,53,0
3626,36.260229947,224.659000000,100,1410,1215,53,0
3627,36.270229411,224.659000000,100,1410,1215,53,0
3628,36.280229426,224.659000000,100,1410,1215,53,0
3629,36.290230463,224.659000000,100,1410,1215,53,0
3630,36.300231260,224.659000000,100,1410,1215,53,0
3631,36.310229562,224.659000000,100,1410,1215,53,0
3632,36.320231200,224.659000000,100,1410,1215,53,0
3633,36.330229552,224.659000000,100,1410,1215,53,0
3634,36.340231170,224.243000000,100,1410,1215,53,0
3635,36.350230634,224.243000000,100,1410,1215,53,0
3636,36.360230298,224.243000000,100,1410,1215,53,0
3637,36.370229562,224.243000000,100,1410,1215,53,0
3638,36.380230128,224.243000000,100,1410,1215,53,0
3639,36.390230273,224.243000000,100,1410,1215,53,0
3640,36.400230919,224.243000000,100,1410,1215,53,0
3641,36.410229502,224.243000000,100,1410,1215,53,0
3642,36.420230308,224.243000000,100,1410,1215,53,0
3643,36.430230063,224.243000000,100,1410,1215,53,0
3644,36.440229757,224.243000000,100,1410,1215,53,0
3645,36.450230023,224.243000000,100,1410,1215,53,0
3646,36.460230278,224.243000000,100,1410,1215,53,0
3647,36.470229973,224.243000000,100,1410,1215,53,0
3648,36.480230208,216.686000000,100,1410,1215,53,0
3649,36.490229311,216.686000000,100,1410,1215,53,0
3650,36.500229667,216.686000000,100,1410,1215,53,0
3651,36.510229372,216.686000000,100,1410,1215,53,0
3652,36.520228635,216.686000000,100,1410,1215,53,0
3653,36.530229131,216.686000000,100,1410,1215,53,0
3654,36.540229657,216.686000000,100,1410,1215,53,0
3655,36.550229181,216.686000000,100,1410,1215,53,0
3656,36.560229136,216.686000000,100,1410,1215,53,0
3657,36.570229853,216.686000000,100,1410,1215,53,0
3658,36.580230419,216.686000000,100,1410,1215,53,0
3659,36.590234000,216.686000000,100,1410,1215,53,0
3660,36.600230278,216.686000000,100,1410,1215,53,0
3661,36.610229321,216.686000000,100,1410,1215,53,0
3662,36.620230359,216.686000000,100,1410,1215,53,0
3663,36.630228851,216.686000000,100,1410,1215,53,0
3664,36.640230799,221.499000000,100,1410,1215,53,0
3665,36.650230203,221.499000000,100,1410,1215,53,0
3666,36.660231260,221.499000000,100,1410,1215,53,0
3667,36.670231155,221.499000000,100,1410,1215,53,0
3668,36.680230819,221.499000000,100,1410,1215,53,0
3669,36.690230634,221.499000000,100,1410,1215,53,0
3670,36.700231020,221.499000000,100,1410,1215,53,0
3671,36.710229793,221.499000000,100,1410,1215,53,0
3672,36.720230148,221.499000000,100,1410,1215,53,0
3673,36.730235063,221.499000000,100,1410,1215,53,0
3674,36.740230920,223.650000000,100,1410,1215,53,0
3675,36.750229983,223.650000000,100,1410,1215,53,0
3676,36.760229006,223.650000000,100,1410,1215,53,0
3677,36.770233539,223.650000000,100,1410,1215,53,0
3678,36.780229657,223.650000000,100,1410,1215,53,0
3679,36.790229351,223.650000000,100,1410,1215,53,0
3680,36.800229897,223.650000000,100,1410,1215,53,0
3681,36.810230744,223.650000000,100,1410,1215,53,0
3682,36.820230168,223.650000000,100,1410,1215,53,0
3683,36.830233789,223.650000000,100,1410,1215,53,0
3684,36.840232081,224.437000000,100,1410,1215,53,0
3685,36.850231284,224.437000000,100,1410,1215,53,0
3686,36.860234044,224.437000000,100,1410,1215,53,0
3687,36.870231184,224.437000000,100,1410,1215,53,0
3688,36.880230157,224.437000000,100,1410,1215,53,0
3689,36.890235642,224.437000000,100,1410,1215,53,0
3690,36.900231289,224.437000000,100,1410,1215,53,0
3691,36.910229921,224.437000000,100,1410,1215,53,0
3692,36.920229736,224.437000000,100,1410,1215,53,0
3693,36.930234139,224.437000000,100,1410,1215,53,0
3694,36.940232200,225.234000000,100,1410,1215,53,0
3695,36.950231033,225.234000000,100,1410,1215,53,0
3696,36.960231749,225.234000000,100,1410,1215,53,0
3697,36.970234109,225.234000000,100,1410,1215,53,0
3698,36.980229775,225.234000000,100,1410,1215,53,0
3699,36.990229169,225.234000000,100,1410,1215,53,0
3700,37.000230246,225.234000000,100,1410,1215,53,0
3701,37.010229269,225.234000000,100,1410,1215,53,0
3702,37.020235426,225.234000000,100,1410,1215,53,0
3703,37.030228938,225.234000000,100,1410,1215,53,0
3704,37.040230246,225.665000000,100,1410,1215,53,0
3705,37.050229329,225.665000000,100,1410,1215,53,0
3706,37.060228913,225.665000000,100,1410,1215,53,0
3707,37.070228728,225.665000000,100,1410,1215,53,0
3708,37.080230125,225.665000000,100,1410,1215,53,0
3709,37.090230040,225.665000000,100,1410,1215,53,0
3710,37.100230025,225.665000000,100,1410,1215,53,0
3711,37.110229098,225.665000000,100,1410,1215,53,0
3712,37.120229574,225.665000000,100,1410,1215,53,0
3713,37.130232654,225.665000000,100,1410,1215,53,0
3714,37.140231337,225.138000000,100,1410,1215,53,0
3715,37.150229318,225.138000000,100,1410,1215,53,0
3716,37.160229473,225.138000000,100,1410,1215,53,0
3717,37.170229147,225.138000000,100,1410,1215,53,0
3718,37.180229473,225.138000000,100,1410,1215,53,0
3719,37.190228877,225.138000000,100,1410,1215,53,0
3720,37.200229894,225.138000000,100,1410,1215,53,0
3721,37.210230720,225.138000000,100,1410,1215,53,0
3722,37.220229142,225.138000000,100,1410,1215,53,0
3723,37.230229217,225.138000000,100,1410,1215,53,0
3724,37.240230394,225.023000000,100,1410,1215,54,0
3725,37.250233184,225.023000000,100,1410,1215,54,0
3726,37.260234952,225.023000000,100,1410,1215,54,0
3727,37.270231521,225.023000000,100,1410,1215,54,0
3728,37.280231396,225.023000000,100,1410,1215,54,0
3729,37.290229246,225.023000000,100,1410,1215,54,0
3730,37.300229452,225.023000000,100,1410,1215,54,0
3731,37.310229296,225.023000000,100,1410,1215,54,0
3732,37.320229762,225.023000000,100,1410,1215,54,0
3733,37.330229857,225.023000000,100,1410,1215,54,0
3734,37.340231115,224.951000000,100,1410,1215,54,0
3735,37.350229206,224.951000000,100,1410,1215,54,0
3736,37.360229071,224.951000000,100,1410,1215,54,0
3737,37.370229787,224.951000000,100,1410,1215,54,0
3738,37.380231234,224.951000000,100,1410,1215,54,0
3739,37.390230127,224.951000000,100,1410,1215,54,0
3740,37.400229982,224.951000000,100,1410,1215,54,0
3741,37.410229907,224.951000000,100,1410,1215,54,0
3742,37.420229902,224.951000000,100,1410,1215,54,0
3743,37.430229997,224.951000000,100,1410,1215,54,0
3744,37.440231134,224.357000000,100,1410,1215,54,0
3745,37.450230417,224.357000000,100,1410,1215,54,0
3746,37.460230142,224.357000000,100,1410,1215,54,0
3747,37.470229265,224.357000000,100,1410,1215,54,0
3748,37.480229540,224.357000000,100,1410,1215,54,0
3749,37.490229956,224.357000000,100,1410,1215,54,0
3750,37.500229821,224.357000000,100,1410,1215,54,0
3751,37.510228713,224.357000000,100,1410,1215,54,0
3752,37.520230081,224.357000000,100,1410,1215,54,0
3753,37.530229124,224.357000000,100,1410,1215,54,0
3754,37.540230091,218.941000000,100,1410,1215,54,0
3755,37.550228603,218.941000000,100,1410,1215,54,0
3756,37.560229089,218.941000000,100,1410,1215,54,0
3757,37.570232951,218.941000000,100,1410,1215,54,0
3758,37.580229149,218.941000000,100,1410,1215,54,0
3759,37.590285780,218.941000000,100,1410,1215,54,0
3760,37.600230721,218.941000000,100,1410,1215,54,0
3761,37.610229775,218.941000000,100,1410,1215,54,0
3762,37.620229900,218.941000000,100,1410,1215,54,0
3763,37.630233401,218.941000000,100,1410,1215,54,0
3764,37.640231092,217.847000000,100,1410,1215,54,0
3765,37.650233451,217.847000000,100,1410,1215,54,0
3766,37.660230510,217.847000000,100,1410,1215,54,0
3767,37.670229333,217.847000000,100,1410,1215,54,0
3768,37.680230120,217.847000000,100,1410,1215,54,0
3769,37.690233942,217.847000000,100,1410,1215,54,0
3770,37.700230350,217.847000000,100,1410,1215,54,0
3771,37.710230034,217.847000000,100,1410,1215,54,0
3772,37.720229989,217.847000000,100,1410,1215,54,0
3773,37.730230054,217.847000000,100,1410,1215,54,0
3774,37.740230650,220.906000000,100,1410,1215,53,0
3775,37.750235303,220.906000000,100,1410,1215,53,0
3776,37.760229878,220.906000000,100,1410,1215,53,0
3777,37.770230564,220.906000000,100,1410,1215,53,0
3778,37.780229597,220.906000000,100,1410,1215,53,0
3779,37.790229882,220.906000000,100,1410,1215,53,0
3780,37.800229556,220.906000000,100,1410,1215,53,0
3781,37.810229070,220.906000000,100,1410,1215,53,0
3782,37.820234375,220.906000000,100,1410,1215,53,0
3783,37.830230903,220.906000000,100,1410,1215,53,0
3784,37.840231028,223.623000000,100,1410,1215,53,0
3785,37.850229611,223.623000000,100,1410,1215,53,0
3786,37.860231790,223.623000000,100,1410,1215,53,0
3787,37.870229680,223.623000000,100,1410,1215,53,0
3788,37.880230086,223.623000000,100,1410,1215,53,0
3789,37.890230201,223.623000000,100,1410,1215,53,0
3790,37.900230276,223.623000000,100,1410,1215,53,0
3791,37.910229579,223.623000000,100,1410,1215,53,0
3792,37.920230095,223.623000000,100,1410,1215,53,0
3793,37.930229699,223.623000000,100,1410,1215,53,0
3794,37.940231467,224.884000000,100,1410,1215,53,0
3795,37.950228847,224.884000000,100,1410,1215,53,0
3796,37.960229704,224.884000000,100,1410,1215,53,0
3797,37.970230350,224.884000000,100,1410,1215,53,0
3798,37.980230325,224.884000000,100,1410,1215,53,0
3799,37.990229648,224.884000000,100,1410,1215,53,0
3800,38.000229442,224.884000000,100,1410,1215,53,0
3801,38.010229167,224.884000000,100,1410,1215,53,0
3802,38.020229462,224.884000000,100,1410,1215,53,0
3803,38.030232903,224.884000000,100,1410,1215,53,0
3804,38.040229933,225.119000000,100,1410,1215,54,0
3805,38.050234015,225.119000000,100,1410,1215,54,0
3806,38.060228650,225.119000000,100,1410,1215,54,0
3807,38.070228484,225.119000000,100,1410,1215,54,0
3808,38.080228689,225.119000000,100,1410,1215,54,0
3809,38.090233223,225.119000000,100,1410,1215,54,0
3810,38.100230412,225.119000000,100,1410,1215,54,0
3811,38.110230046,225.119000000,100,1410,1215,54,0
3812,38.120230081,225.119000000,100,1410,1215,54,0
3813,38.130230397,225.119000000,100,1410,1215,54,0
3814,38.140230812,225.521000000,100,1410,1215,54,0
3815,38.150230466,225.521000000,100,1410,1215,54,0
3816,38.160229620,225.521000000,100,1410,1215,54,0
3817,38.170229835,225.521000000,100,1410,1215,54,0
3818,38.180230391,225.521000000,100,1410,1215,54,0
3819,38.190229694,225.521000000,100,1410,1215,54,0
3820,38.200229398,225.521000000,100,1410,1215,54,0
3821,38.210229233,225.521000000,100,1410,1215,54,0
3822,38.220229158,225.521000000,100,1410,1215,54,0
3823,38.230228571,225.521000000,100,1410,1215,54,0
3824,38.240230620,225.403000000,100,1410,1215,54,0
3825,38.250230545,225.403000000,100,1410,1215,54,0
3826,38.260230910,225.403000000,100,1410,1215,54,0
3827,38.270229212,225.403000000,100,1410,1215,54,0
3828,38.280230709,225.403000000,100,1410,1215,54,0
3829,38.290231165,225.403000000,100,1410,1215,54,0
3830,38.300235147,225.403000000,100,1410,1215,54,0
3831,38.310229602,225.403000000,100,1410,1215,54,0
3832,38.320229897,225.403000000,100,1410,1215,54,0
3833,38.330231255,225.403000000,100,1410,1215,54,0
3834,38.340235337,225.144000000,100,1410,1215,54,0
3835,38.350234791,225.144000000,100,1410,1215,54,0
3836,38.360230257,225.144000000,100,1410,1215,54,0
3837,38.370230622,225.144000000,100,1410,1215,54,0
3838,38.380230076,225.144000000,100,1410,1215,54,0
3839,38.390233888,225.144000000,100,1410,1215,54,0
3840,38.400229505,225.144000000,100,1410,1215,54,0
3841,38.410229359,225.144000000,100,1410,1215,54,0
3842,38.420233973,225.144000000,100,1410,1215,54,0
3843,38.430234188,225.144000000,100,1410,1215,54,0
3844,38.440230225,225.304000000,100,1410,1215,54,0
3845,38.450230471,225.304000000,100,1410,1215,54,0
3846,38.460229534,225.304000000,100,1410,1215,54,0
3847,38.470229869,225.304000000,100,1410,1215,54,0
3848,38.480229042,225.304000000,100,1410,1215,54,0
3849,38.490230069,225.304000000,100,1410,1215,54,0
3850,38.500231917,225.304000000,100,1410,1215,54,0
3851,38.510229898,225.304000000,100,1410,1215,54,0
3852,38.520230124,225.304000000,100,1410,1215,54,0
3853,38.530230189,225.304000000,100,1410,1215,54,0
3854,38.540230514,224.454000000,100,1410,1215,54,0
3855,38.550230669,224.454000000,100,1410,1215,54,0
3856,38.560229331,224.454000000,100,1410,1215,54,0
3857,38.570229306,224.454000000,100,1410,1215,54,0
3858,38.580230012,224.454000000,100,1410,1215,54,0
3859,38.590229707,224.454000000,100,1410,1215,54,0
3860,38.600229581,224.454000000,100,1410,1215,54,0
3861,38.610231449,224.454000000,100,1410,1215,54,0
3862,38.620231534,224.454000000,100,1410,1215,54,0
3863,38.630234084,224.454000000,100,1410,1215,54,0
3864,38.640231223,219.078000000,100,1410,1215,54,0
3865,38.650230086,219.078000000,100,1410,1215,54,0
3866,38.660230422,219.078000000,100,1410,1215,54,0
3867,38.670230777,219.078000000,100,1410,1215,54,0
3868,38.680230802,219.078000000,100,1410,1215,54,0
3869,38.690234343,219.078000000,100,1410,1215,54,0
3870,38.700230060,219.078000000,100,1410,1215,54,0
3871,38.710229864,219.078000000,100,1410,1215,54,0
3872,38.720230160,219.078000000,100,1410,1215,54,0
3873,38.730230786,219.078000000,100,1410,1215,54,0
3874,38.740230861,217.164000000,100,1410,1215,54,0
3875,38.750229633,217.164000000,100,1410,1215,54,0
3876,38.760229868,217.164000000,100,1410,1215,54,0
3877,38.770234722,217.164000000,100,1410,1215,54,0
3878,38.780229827,217.164000000,100,1410,1215,54,0
3879,38.790229522,217.164000000,100,1410,1215,54,0
3880,38.800230909,217.164000000,100,1410,1215,54,0
3881,38.810230022,217.164000000,100,1410,1215,54,0
3882,38.820230077,217.164000000,100,1410,1215,54,0
3883,38.830230212,217.164000000,100,1410,1215,54,0
3884,38.840232310,221.578000000,100,1410,1215,54,0
3885,38.850234910,221.578000000,100,1410,1215,54,0
3886,38.860231618,221.578000000,100,1410,1215,54,0
3887,38.870233917,221.578000000,100,1410,1215,54,0
3888,38.880234754,221.578000000,100,1410,1215,54,0
3889,38.890229348,221.578000000,100,1410,1215,54,0
3890,38.900230856,221.578000000,100,1410,1215,54,0
3891,38.910234487,221.578000000,100,1410,1215,54,0
3892,38.920230585,221.578000000,100,1410,1215,54,0
3893,38.930229177,221.578000000,100,1410,1215,54,0
3894,38.940230584,223.445000000,100,1410,1215,54,0
3895,38.950228896,223.445000000,100,1410,1215,54,0
3896,38.960234060,223.445000000,100,1410,1215,54,0
3897,38.970230588,223.445000000,100,1410,1215,54,0
3898,38.980230142,223.445000000,100,1410,1215,54,0
3899,38.990234044,223.445000000,100,1410,1215,54,0
3900,39.000229721,223.445000000,100,1410,1215,54,0
3901,39.010230096,223.445000000,100,1410,1215,54,0
3902,39.020229810,223.445000000,100,1410,1215,54,0
3903,39.030229685,223.445000000,100,1410,1215,54,0
3904,39.040229539,224.787000000,100,1410,1215,54,0
3905,39.050229013,224.787000000,100,1410,1215,54,0
3906,39.060229869,224.787000000,100,1410,1215,54,0
3907,39.070229784,224.787000000,100,1410,1215,54,0
3908,39.080229217,224.787000000,100,1410,1215,54,0
3909,39.090228721,224.787000000,100,1410,1215,54,0
3910,39.100229467,224.787000000,100,1410,1215,54,0
3911,39.110229472,224.787000000,100,1410,1215,54,0
3912,39.120234446,224.787000000,100,1410,1215,54,0
3913,39.130229892,224.787000000,100,1410,1215,54,0
3914,39.140230488,225.144000000,100,1410,1215,54,0
3915,39.150229270,225.144000000,100,1410,1215,54,0
3916,39.160229425,225.144000000,100,1410,1215,54,0
3917,39.170229520,225.144000000,100,1410,1215,54,0
3918,39.180229886,225.144000000,100,1410,1215,54,0
3919,39.190233688,225.144000000,100,1410,1215,54,0
3920,39.200230015,225.144000000,100,1410,1215,54,0
3921,39.210230331,225.144000000,100,1410,1215,54,0
3922,39.220229694,225.144000000,100,1410,1215,54,0
3923,39.230229669,225.144000000,100,1410,1215,54,0
3924,39.240230285,225.529000000,100,1410,1215,54,0
3925,39.250233526,225.529000000,100,1410,1215,54,0
3926,39.260230535,225.529000000,100,1410,1215,54,0
3927,39.270229277,225.529000000,100,1410,1215,54,0
3928,39.280229522,225.529000000,100,1410,1215,54,0
3929,39.290229807,225.529000000,100,1410,1215,54,0
3930,39.300233860,225.529000000,100,1410,1215,54,0
3931,39.310229296,225.529000000,100,1410,1215,54,0
3932,39.320229912,225.529000000,100,1410,1215,54,0
3933,39.330229836,225.529000000,100,1410,1215,54,0
3934,39.340230803,225.498000000,100,1410,1215,54,0
3935,39.350230136,225.498000000,100,1410,1215,54,0
3936,39.360230151,225.498000000,100,1410,1215,54,0
3937,39.370229294,225.498000000,100,1410,1215,54,0
3938,39.380229469,225.498000000,100,1410,1215,54,0
3939,39.390233331,225.498000000,100,1410,1215,54,0
3940,39.400230170,225.498000000,100,1410,1215,54,0
3941,39.410229493,225.498000000,100,1410,1215,54,0
3942,39.420230390,225.498000000,100,1410,1215,54,0
3943,39.430234492,225.498000000,100,1410,1215,54,0
3944,39.440230529,225.306000000,100,1410,1215,54,0
3945,39.450229833,225.306000000,100,1410,1215,54,0
3946,39.460229667,225.306000000,100,1410,1215,54,0
3947,39.470229892,225.306000000,100,1410,1215,54,0
3948,39.480229847,225.306000000,100,1410,1215,54,0
3949,39.490230503,225.306000000,100,1410,1215,54,0
3950,39.500230227,225.306000000,100,1410,1215,54,0
3951,39.510230422,225.306000000,100,1410,1215,54,0
3952,39.520229685,225.306000000,100,1410,1215,54,0
3953,39.530229269,225.306000000,100,1410,1215,54,0
3954,39.540230236,225.023000000,100,1410,1215,54,0
3955,39.550229469,225.023000000,100,1410,1215,54,0
3956,39.560229343,225.023000000,100,1410,1215,54,0
3957,39.570233446,225.023000000,100,1410,1215,54,0
3958,39.580229834,225.023000000,100,1410,1215,54,0
3959,39.590228907,225.023000000,100,1410,1215,54,0
3960,39.600229693,225.023000000,100,1410,1215,54,0
3961,39.610230189,225.023000000,100,1410,1215,54,0
3962,39.620233760,225.023000000,100,1410,1215,54,0
3963,39.630234346,225.023000000,100,1410,1215,54,0
3964,39.640231255,224.658000000,100,1410,1215,54,0
3965,39.650230368,224.658000000,100,1410,1215,54,0
3966,39.660231715,224.658000000,100,1410,1215,54,0
3967,39.670231049,224.658000000,100,1410,1215,54,0
3968,39.680230262,224.658000000,100,1410,1215,54,0
3969,39.690230206,224.658000000,100,1410,1215,54,0
3970,39.700230982,224.658000000,100,1410,1215,54,0
3971,39.710230707,224.658000000,100,1410,1215,54,0
3972,39.720234448,224.658000000,100,1410,1215,54,0
3973,39.730230335,224.658000000,100,1410,1215,54,0
3974,39.740230821,219.051000000,100,1410,1215,54,0
3975,39.750234062,219.051000000,100,1410,1215,54,0
3976,39.760231571,219.051000000,100,1410,1215,54,0
3977,39.770233650,219.051000000,100,1410,1215,54,0
3978,39.780230018,219.051000000,100,1410,1215,54,0
3979,39.790230313,219.051000000,100,1410,1215,54,0
3980,39.800229997,219.051000000,100,1410,1215,54,0
3981,39.810230663,219.051000000,100,1410,1215,54,0
3982,39.820229966,219.051000000,100,1410,1215,54,0
3983,39.830230642,219.051000000,100,1410,1215,54,0
3984,39.840229865,216.195000000,100,1410,1215,54,0
3985,39.850230100,216.195000000,100,1410,1215,54,0
3986,39.860230295,216.195000000,100,1410,1215,54,0
3987,39.870234167,216.195000000,100,1410,1215,54,0
3988,39.880230114,216.195000000,100,1410,1215,54,0
3989,39.890229948,216.195000000,100,1410,1215,54,0
3990,39.900230744,216.195000000,100,1410,1215,54,0
3991,39.910229336,216.195000000,100,1410,1215,54,0
3992,39.920233419,216.195000000,100,1410,1215,54,0
3993,39.930230507,216.195000000,100,1410,1215,54,0
3994,39.940230612,221.077000000,100,1410,1215,54,0
3995,39.950229896,221.077000000,100,1410,1215,54,0
3996,39.960233808,221.077000000,100,1410,1215,54,0
3997,39.970230105,221.077000000,100,1410,1215,54,0
3998,39.980234157,221.077000000,100,1410,1215,54,0
3999,39.990234803,221.077000000,100,1410,1215,54,0
4000,40.000230610,221.077000000,100,1410,1215,54,0
4001,40.010229853,221.077000000,100,1410,1215,54,0
4002,40.020229908,221.077000000,100,1410,1215,54,0
4003,40.030230424,221.077000000,100,1410,1215,54,0
4004,40.040230819,223.392000000,100,1410,1215,54,0
4005,40.050229170,223.392000000,100,1410,1215,54,0
4006,40.060229876,223.392000000,100,1410,1215,54,0
4007,40.070232987,223.392000000,100,1410,1215,54,0
4008,40.080229745,223.392000000,100,1410,1215,54,0
4009,40.090228908,223.392000000,100,1410,1215,54,0
4010,40.100233752,223.392000000,100,1410,1215,54,0
4011,40.110230110,223.392000000,100,1410,1215,54,0
4012,40.120229112,223.392000000,100,1410,1215,54,0
4013,40.130229558,223.392000000,100,1410,1215,54,0
4014,40.140231236,224.813000000,100,1410,1215,54,0
4015,40.150230098,224.813000000,100,1410,1215,54,0
4016,40.160230353,224.813000000,100,1410,1215,54,0
4017,40.170229596,224.813000000,100,1410,1215,54,0
4018,40.180229671,224.813000000,100,1410,1215,54,0
4019,40.190229776,224.813000000,100,1410,1215,54,0
4020,40.200229730,224.813000000,100,1410,1215,54,0
4021,40.210230506,224.813000000,100,1410,1215,54,0
4022,40.220234579,224.813000000,100,1410,1215,54,0
4023,40.230229945,224.813000000,100,1410,1215,54,0
4024,40.240231111,225.568000000,100,1410,1215,54,0
4025,40.250229824,225.568000000,100,1410,1215,54,0
4026,40.260234297,225.568000000,100,1410,1215,54,0
4027,40.270229753,225.568000000,100,1410,1215,54,0
4028,40.280230008,225.568000000,100,1410,1215,54,0
4029,40.290229121,225.568000000,100,1410,1215,54,0
4030,40.300230137,225.568000000,100,1410,1215,54,0
4031,40.310233288,225.568000000,100,1410,1215,54,0
4032,40.320229836,225.568000000,100,1410,1215,54,0
4033,40.330229640,225.568000000,100,1410,1215,54,0
4034,40.340231248,225.593000000,100,1410,1215,54,0
4035,40.350229439,225.593000000,100,1410,1215,54,0
4036,40.360230556,225.593000000,100,1410,1215,54,0
4037,40.370231402,225.593000000,100,1410,1215,54,0
4038,40.380233811,225.593000000,100,1410,1215,54,0
4039,40.390229718,225.593000000,100,1410,1215,54,0
4040,40.400231416,225.593000000,100,1410,1215,54,0
4041,40.410229997,225.593000000,100,1410,1215,54,0
4042,40.420233819,225.593000000,100,1410,1215,54,0
4043,40.430235697,225.593000000,100,1410,1215,54,0
4044,40.440232897,225.425000000,100,1410,1215,54,0
4045,40.450230908,225.425000000,100,1410,1215,54,0
4046,40.460230471,225.425000000,100,1410,1215,54,0
4047,40.470230636,225.425000000,100,1410,1215,54,0
4048,40.480230070,225.425000000,100,1410,1215,54,0
4049,40.490230054,225.425000000,100,1410,1215,54,0
4050,40.500233636,225.425000000,100,1410,1215,54,0
4051,40.510230414,225.425000000,100,1410,1215,54,0
4052,40.520229718,225.425000000,100,1410,1215,54,0
4053,40.530229742,225.425000000,100,1410,1215,54,0
4054,40.540231160,225.427000000,100,1410,1215,54,0
4055,40.550231134,225.427000000,100,1410,1215,54,0
4056,40.560229736,225.427000000,100,1410,1215,54,0
4057,40.570230232,225.427000000,100,1410,1215,54,0
4058,40.580230397,225.427000000,100,1410,1215,54,0
4059,40.590230191,225.427000000,100,1410,1215,54,0
4060,40.600229734,225.427000000,100,1410,1215,54,0
4061,40.610230711,225.427000000,100,1410,1215,54,0
4062,40.620230134,225.427000000,100,1410,1215,54,0
4063,40.630229317,225.427000000,100,1410,1215,54,0
4064,40.640230725,225.306000000,100,1410,1215,54,0
4065,40.650229246,225.306000000,100,1410,1215,54,0
4066,40.660229692,225.306000000,100,1410,1215,54,0
4067,40.670233884,225.306000000,100,1410,1215,54,0
4068,40.680229431,225.306000000,100,1410,1215,54,0
4069,40.690228924,225.306000000,100,1410,1215,54,0
4070,40.700233818,225.306000000,100,1410,1215,54,0
4071,40.710230096,225.306000000,100,1410,1215,54,0
4072,40.720230060,225.306000000,100,1410,1215,54,0
4073,40.730229313,225.306000000,100,1410,1215,54,0
4074,40.740230220,224.741000000,100,1410,1215,54,0
4075,40.750230946,224.741000000,100,1410,1215,54,0
4076,40.760230018,224.741000000,100,1410,1215,54,0
4077,40.770230343,224.741000000,100,1410,1215,54,0
4078,40.780230989,224.741000000,100,1410,1215,54,0
4079,40.790230302,224.741000000,100,1410,1215,54,0
4080,40.800230407,224.741000000,100,1410,1215,54,0
4081,40.810229931,224.741000000,100,1410,1215,54,0
4082,40.820230185,224.741000000,100,1410,1215,54,0
4083,40.830230751,224.741000000,100,1410,1215,54,0
4084,40.840230866,220.002000000,100,1410,1215,54,0
4085,40.850229488,220.002000000,100,1410,1215,54,0
4086,40.860230134,220.002000000,100,1410,1215,54,0
4087,40.870230058,220.002000000,100,1410,1215,54,0
4088,40.880233990,220.002000000,100,1410,1215,54,0
4089,40.890229816,220.002000000,100,1410,1215,54,0
4090,40.900229961,220.002000000,100,1410,1215,54,0
4091,40.910230416,220.002000000,100,1410,1215,54,0
4092,40.920234088,220.002000000,100,1410,1215,54,0
4093,40.930230536,220.002000000,100,1410,1215,54,0
4094,40.940231963,216.878000000,100,1410,1215,54,0
4095,40.950230284,216.878000000,100,1410,1215,54,0
4096,40.960235278,216.878000000,100,1410,1215,54,0
4097,40.970230634,216.878000000,100,1410,1215,54,0
4098,40.980229556,216.878000000,100,1410,1215,54,0
4099,40.990229871,216.878000000,100,1410,1215,54,0
4100,41.000230607,216.878000000,100,1410,1215,54,0
4101,41.010229520,216.878000000,100,1410,1215,54,0
4102,41.020229695,216.878000000,100,1410,1215,54,0
4103,41.030228988,216.878000000,100,1410,1215,54,0
4104,41.040229804,220.811000000,100,1410,1215,54,0
4105,41.050229247,220.811000000,100,1410,1215,54,0
4106,41.060228731,220.811000000,100,1410,1215,54,0
4107,41.070229447,220.811000000,100,1410,1215,54,0
4108,41.080234230,220.811000000,100,1410,1215,54,0
4109,41.090229816,220.811000000,100,1410,1215,54,0
4110,41.100230472,220.811000000,100,1410,1215,54,0
4111,41.110230196,220.811000000,100,1410,1215,54,0
4112,41.120230030,220.811000000,100,1410,1215,54,0
4113,41.130229894,220.811000000,100,1410,1215,54,0
4114,41.140230480,223.258000000,100,1410,1215,54,0
4115,41.150229252,223.258000000,100,1410,1215,54,0
4116,41.160234657,223.258000000,100,1410,1215,54,0
4117,41.170230063,223.258000000,100,1410,1215,54,0
4118,41.180233904,223.258000000,100,1410,1215,54,0
4119,41.190229170,223.258000000,100,1410,1215,54,0
4120,41.200228714,223.258000000,100,1410,1215,54,0
4121,41.210229239,223.258000000,100,1410,1215,54,0
4122,41.220228973,223.258000000,100,1410,1215,54,0
4123,41.230228767,223.258000000,100,1410,1215,54,0
4124,41.240229864,224.568000000,100,1410,1215,54,0
4125,41.250230079,224.568000000,100,1410,1215,54,0
4126,41.260228921,224.568000000,100,1410,1215,54,0
4127,41.270230629,224.568000000,100,1410,1215,54,0
4128,41.280233709,224.568000000,100,1410,1215,54,0
4129,41.290229345,224.568000000,100,1410,1215,54,0
4130,41.300356870,224.568000000,100,1410,1215,54,0
4131,41.310229996,224.568000000,100,1410,1215,54,0
4132,41.320230040,224.568000000,100,1410,1215,54,0
4133,41.330230315,224.568000000,100,1410,1215,54,0
4134,41.340231272,225.240000000,100,1410,1215,54,0
4135,41.350230444,225.240000000,100,1410,1215,54,0
4136,41.360229968,225.240000000,100,1410,1215,54,0
4137,41.370229882,225.240000000,100,1410,1215,54,0
4138,41.380229937,225.240000000,100,1410,1215,54,0
4139,41.390230262,225.240000000,100,1410,1215,54,0
4140,41.400229545,225.240000000,100,1410,1215,54,0
4141,41.410230993,225.240000000,100,1410,1215,54,0
4142,41.420229715,225.240000000,100,1410,1215,54,0
4143,41.430229859,225.240000000,100,1410,1215,54,0
4144,41.440230685,225.617000000,100,1410,1215,54,0
4145,41.450230109,225.617000000,100,1410,1215,54,0
4146,41.460230414,225.617000000,100,1410,1215,54,0
4147,41.470230589,225.617000000,100,1410,1215,54,0
4148,41.480230854,225.617000000,100,1410,1215,54,0
4149,41.490231059,225.617000000,100,1410,1215,54,0
4150,41.500234489,225.617000000,100,1410,1215,54,0
4151,41.510230777,225.617000000,100,1410,1215,54,0
4152,41.520229800,225.617000000,100,1410,1215,54,0
4153,41.530230546,225.617000000,100,1410,1215,54,0
4154,41.540234848,225.497000000,100,1410,1215,54,0
4155,41.550231136,225.497000000,100,1410,1215,54,0
4156,41.560233986,225.497000000,100,1410,1215,54,0
4157,41.570231786,225.497000000,100,1410,1215,54,0
4158,41.580229647,225.497000000,100,1410,1215,54,0
4159,41.590230242,225.497000000,100,1410,1215,54,0
4160,41.600229696,225.497000000,100,1410,1215,54,0
4161,41.610230271,225.497000000,100,1410,1215,54,0
4162,41.620234774,225.497000000,100,1410,1215,54,0
4163,41.630230761,225.497000000,100,1410,1215,54,0
4164,41.640230094,225.407000000,100,1410,1215,54,0
4165,41.650230800,225.407000000,100,1410,1215,54,0
4166,41.660229983,225.407000000,100,1410,1215,54,0
4167,41.670234025,225.407000000,100,1410,1215,54,0
4168,41.680233619,225.407000000,100,1410,1215,54,0
4169,41.690229696,225.407000000,100,1410,1215,54,0
4170,41.700230011,225.407000000,100,1410,1215,54,0
4171,41.710229645,225.407000000,100,1410,1215,54,0
4172,41.720233206,225.407000000,100,1410,1215,54,0
4173,41.730229754,225.407000000,100,1410,1215,54,0
4174,41.740229678,225.240000000,100,1410,1215,54,0
4175,41.750230164,225.240000000,100,1410,1215,54,0
4176,41.760230198,225.240000000,100,1410,1215,54,0
4177,41.770229631,225.240000000,100,1410,1215,54,0
4178,41.780230317,225.240000000,100,1410,1215,54,0
4179,41.790230051,225.240000000,100,1410,1215,54,0
4180,41.800229745,225.240000000,100,1410,1215,54,0
4181,41.810229909,225.240000000,100,1410,1215,54,0
4182,41.820230214,225.240000000,100,1410,1215,54,0
4183,41.830230530,225.240000000,100,1410,1215,54,0
4184,41.840234982,224.754000000,100,1410,1215,54,0
4185,41.850230789,224.754000000,100,1410,1215,54,0
4186,41.860230152,224.754000000,100,1410,1215,54,0
4187,41.870229886,224.754000000,100,1410,1215,54,0
4188,41.880230281,224.754000000,100,1410,1215,54,0
4189,41.890228763,224.754000000,100,1410,1215,54,0
4190,41.900229418,224.754000000,100,1410,1215,54,0
4191,41.910229773,224.754000000,100,1410,1215,54,0
4192,41.920230128,224.754000000,100,1410,1215,54,0
4193,41.930233569,224.754000000,100,1410,1215,54,0
4194,41.940230818,221.353000000,100,1410,1215,54,0
4195,41.950231073,221.353000000,100,1410,1215,54,0
4196,41.960230627,221.353000000,100,1410,1215,54,0
4197,41.970234659,221.353000000,100,1410,1215,54,0
4198,41.980230245,221.353000000,100,1410,1215,54,0
4199,41.990233926,221.353000000,100,1410,1215,54,0
4200,42.000230634,221.353000000,100,1410,1215,54,0
4201,42.010230468,221.353000000,100,1410,1215,54,0
4202,42.020230042,221.353000000,100,1410,1215,54,0
4203,42.030230387,221.353000000,100,1410,1215,54,0
4204,42.040231704,214.911000000,100,1410,1215,54,0
4205,42.050231789,214.911000000,100,1410,1215,54,0
4206,42.060230230,214.911000000,100,1410,1215,54,0
4207,42.070229994,214.911000000,100,1410,1215,54,0
4208,42.080235058,214.911000000,100,1410,1215,54,0
4209,42.090229732,214.911000000,100,1410,1215,54,0
4210,42.100230308,214.911000000,100,1410,1215,54,0
4211,42.110229891,214.911000000,100,1410,1215,54,0
4212,42.120230347,214.911000000,100,1410,1215,54,0
4213,42.130230030,214.911000000,100,1410,1215,54,0
4214,42.140230926,220.699000000,100,1410,1215,54,0
4215,42.150229388,220.699000000,100,1410,1215,54,0
4216,42.160229723,220.699000000,100,1410,1215,54,0
4217,42.170229367,220.699000000,100,1410,1215,54,0
4218,42.180230954,220.699000000,100,1410,1215,54,0
4219,42.190229035,220.699000000,100,1410,1215,54,0
4220,42.200234179,220.699000000,100,1410,1215,54,0
4221,42.210229865,220.699000000,100,1410,1215,54,0
4222,42.220229118,220.699000000,100,1410,1215,54,0
4223,42.230229744,220.699000000,100,1410,1215,54,0
4224,42.240231031,223.459000000,100,1410,1215,54,0
4225,42.250229853,223.459000000,100,1410,1215,54,0
4226,42.260233885,223.459000000,100,1410,1215,54,0
4227,42.270229581,223.459000000,100,1410,1215,54,0
4228,42.280230688,223.459000000,100,1410,1215,54,0
4229,42.290230923,223.459000000,100,1410,1215,54,0
4230,42.300230196,223.459000000,100,1410,1215,54,0
4231,42.310229128,223.459000000,100,1410,1215,54,0
4232,42.320229974,223.459000000,100,1410,1215,54,0
4233,42.330229547,223.459000000,100,1410,1215,54,0
4234,42.340229652,224.826000000,100,1410,1215,54,0
4235,42.350228725,224.826000000,100,1410,1215,54,0
4236,42.360228970,224.826000000,100,1410,1215,54,0
4237,42.370230537,224.826000000,100,1410,1215,54,0
4238,42.380230331,224.826000000,100,1410,1215,54,0
4239,42.390229424,224.826000000,100,1410,1215,54,0
4240,42.400229498,224.826000000,100,1410,1215,54,0
4241,42.410230545,224.826000000,100,1410,1215,54,0
4242,42.420234126,224.826000000,100,1410,1215,54,0
4243,42.430234411,224.826000000,100,1410,1215,54,0
4244,42.440230738,225.330000000,100,1410,1215,54,0
4245,42.450230442,225.330000000,100,1410,1215,54,0
4246,42.460230627,225.330000000,100,1410,1215,54,0
4247,42.470233777,225.330000000,100,1410,1215,54,0
4248,42.480230345,225.330000000,100,1410,1215,54,0
4249,42.490229858,225.330000000,100,1410,1215,54,0
4250,42.500230404,225.330000000,100,1410,1215,54,0
4251,42.510230569,225.330000000,100,1410,1215,54,0
4252,42.520234120,225.330000000,100,1410,1215,54,0
4253,42.530230307,225.330000000,100,1410,1215,54,0
4254,42.540230201,225.881000000,100,1410,1215,54,0
4255,42.550231047,225.881000000,100,1410,1215,54,0
4256,42.560230140,225.881000000,100,1410,1215,54,0
4257,42.570229673,225.881000000,100,1410,1215,54,0
4258,42.580230068,225.881000000,100,1410,1215,54,0
4259,42.590230664,225.881000000,100,1410,1215,54,0
4260,42.600230117,225.881000000,100,1410,1215,54,0
4261,42.610229941,225.881000000,100,1410,1215,54,0
4262,42.620230266,225.881000000,100,1410,1215,54,0
4263,42.630230712,225.881000000,100,1410,1215,54,0
4264,42.640230836,225.529000000,100,1410,1215,54,0
4265,42.650234728,225.529000000,100,1410,1215,54,0
4266,42.660230564,225.529000000,100,1410,1215,54,0
4267,42.670230018,225.529000000,100,1410,1215,54,0
4268,42.680229672,225.529000000,100,1410,1215,54,0
4269,42.690229285,225.529000000,100,1410,1215,54,0
4270,42.700229500,225.529000000,100,1410,1215,54,0
4271,42.710230045,225.529000000,100,1410,1215,54,0
4272,42.720233627,225.529000000,100,1410,1215,54,0
4273,42.730230014,225.529000000,100,1410,1215,54,0
4274,42.740230700,225.408000000,100,1410,1215,54,0
4275,42.750229392,225.408000000,100,1410,1215,54,0
4276,42.760230017,225.408000000,100,1410,1215,54,0
4277,42.770229390,225.408000000,100,1410,1215,54,0
4278,42.780229976,225.408000000,100,1410,1215,54,0
4279,42.790229529,225.408000000,100,1410,1215,54,0
4280,42.800230475,225.408000000,100,1410,1215,54,0
4281,42.810229818,225.408000000,100,1410,1215,54,0
4282,42.820229372,225.408000000,100,1410,1215,54,0
4283,42.830230989,225.408000000,100,1410,1215,54,0
4284,42.840231484,225.425000000,100,1410,1215,54,0
4285,42.850230126,225.425000000,100,1410,1215,54,0
4286,42.860234138,225.425000000,100,1410,1215,54,0
4287,42.870230565,225.425000000,100,1410,1215,54,0
4288,42.880230109,225.425000000,100,1410,1215,54,0
4289,42.890229512,225.425000000,100,1410,1215,54,0
4290,42.900230037,225.425000000,100,1410,1215,54,0
4291,42.910230072,225.425000000,100,1410,1215,54,0
4292,42.920233943,225.425000000,100,1410,1215,54,0
4293,42.930235360,225.425000000,100,1410,1215,54,0
4294,42.940231016,224.760000000,100,1410,1215,54,0
4295,42.950230680,224.760000000,100,1410,1215,54,0
4296,42.960230173,224.760000000,100,1410,1215,54,0
4297,42.970229747,224.760000000,100,1410,1215,54,0
4298,42.980230152,224.760000000,100,1410,1215,54,0
4299,42.990229886,224.760000000,100,1410,1215,54,0
4300,43.000231152,224.760000000,100,1410,1215,54,0
4301,43.010229714,224.760000000,100,1410,1215,54,0
4302,43.020229508,224.760000000,100,1410,1215,54,0
4303,43.030229382,224.760000000,100,1410,1215,54,0
4304,43.040231420,220.988000000,100,1410,1215,54,0
4305,43.050229430,220.988000000,100,1410,1215,54,0
4306,43.060230106,220.988000000,100,1410,1215,54,0
4307,43.070233817,220.988000000,100,1410,1215,54,0
4308,43.080230075,220.988000000,100,1410,1215,54,0
4309,43.090229899,220.988000000,100,1410,1215,54,0
4310,43.100230213,220.988000000,100,1410,1215,54,0
4311,43.110229817,220.988000000,100,1410,1215,54,0
4312,43.120229901,220.988000000,100,1410,1215,54,0
4313,43.130230617,220.988000000,100,1410,1215,54,0
4314,43.140230241,215.644000000,100,1410,1215,54,0
4315,43.150230145,215.644000000,100,1410,1215,54,0
4316,43.160234567,215.644000000,100,1410,1215,54,0
4317,43.170231145,215.644000000,100,1410,1215,54,0
4318,43.180229697,215.644000000,100,1410,1215,54,0
4319,43.190229811,215.644000000,100,1410,1215,54,0
4320,43.200230136,215.644000000,100,1410,1215,54,0
4321,43.210228678,215.644000000,100,1410,1215,54,0
4322,43.220229654,215.644000000,100,1410,1215,54,0
4323,43.230233536,215.644000000,100,1410,1215,54,0
4324,43.240230234,220.022000000,100,1410,1215,54,0
4325,43.250230308,220.022000000,100,1410,1215,54,0
4326,43.260229551,220.022000000,100,1410,1215,54,0
4327,43.270229295,220.022000000,100,1410,1215,54,0
4328,43.280229960,220.022000000,100,1410,1215,54,0
4329,43.290229794,220.022000000,100,1410,1215,54,0
4330,43.300229308,220.022000000,100,1410,1215,54,0
4331,43.310231326,220.022000000,100,1410,1215,54,0
4332,43.320230669,220.022000000,100,1410,1215,54,0
4333,43.330230924,220.022000000,100,1410,1215,54,0
4334,43.340231509,223.359000000,100,1410,1215,54,0
4335,43.350230211,223.359000000,100,1410,1215,54,0
4336,43.360230435,223.359000000,100,1410,1215,54,0
4337,43.370230119,223.359000000,100,1410,1215,54,0
4338,43.380230113,223.359000000,100,1410,1215,54,0
4339,43.390229687,223.359000000,100,1410,1215,54,0
4340,43.400230152,223.359000000,100,1410,1215,54,0
4341,43.410229926,223.359000000,100,1410,1215,54,0
4342,43.420230551,223.359000000,100,1410,1215,54,0
4343,43.430230135,223.359000000,100,1410,1215,54,0
4344,43.440230831,224.921000000,100,1410,1215,54,0
4345,43.450229993,224.921000000,100,1410,1215,54,0
4346,43.460230538,224.921000000,100,1410,1215,54,0
4347,43.470230252,224.921000000,100,1410,1215,54,0
4348,43.480229886,224.921000000,100,1410,1215,54,0
4349,43.490230161,224.921000000,100,1410,1215,54,0
4350,43.500233942,224.921000000,100,1410,1215,54,0
4351,43.510230129,224.921000000,100,1410,1215,54,0
4352,43.520304674,224.921000000,100,1410,1215,54,0
4353,43.530230278,224.921000000,100,1410,1215,54,0
4354,43.540232296,225.042000000,100,1410,1215,54,0
4355,43.550234384,225.042000000,100,1410,1215,54,0
4356,43.560230131,225.042000000,100,1410,1215,54,0
4357,43.570229965,225.042000000,100,1410,1215,54,0
4358,43.580229498,225.042000000,100,1410,1215,54,0
4359,43.590231256,225.042000000,100,1410,1215,54,0
4360,43.600229627,225.042000000,100,1410,1215,54,0
4361,43.610229691,225.042000000,100,1410,1215,54,0
4362,43.620230096,225.042000000,100,1410,1215,54,0
4363,43.630230000,225.042000000,100,1410,1215,54,0
4364,43.640231177,225.720000000,100,1410,1215,54,0
4365,43.650234958,225.720000000,100,1410,1215,54,0
4366,43.660233891,225.720000000,100,1410,1215,54,0
4367,43.670233675,225.720000000,100,1410,1215,54,0
4368,43.680230122,225.720000000,100,1410,1215,54,0
4369,43.690229686,225.720000000,100,1410,1215,54,0
4370,43.700230071,225.720000000,100,1410,1215,54,0
4371,43.710229604,225.720000000,100,1410,1215,54,0
4372,43.720229478,225.720000000,100,1410,1215,54,0
4373,43.730229743,225.720000000,100,1410,1215,54,0
4374,43.740230689,225.786000000,100,1410,1215,54,0
4375,43.750229721,225.786000000,100,1410,1215,54,0
4376,43.760229435,225.786000000,100,1410,1215,54,0
4377,43.770229459,225.786000000,100,1410,1215,54,0
4378,43.780229734,225.786000000,100,1410,1215,54,0
4379,43.790229708,225.786000000,100,1410,1215,54,0
4380,43.800229452,225.786000000,100,1410,1215,54,0
4381,43.810229506,225.786000000,100,1410,1215,54,0
4382,43.820230282,225.786000000,100,1410,1215,54,0
4383,43.830230025,225.786000000,100,1410,1215,54,0
4384,43.840231182,225.521000000,100,1410,1215,54,0
4385,43.850228811,225.521000000,100,1410,1215,54,0
4386,43.860230288,225.521000000,100,1410,1215,54,0
4387,43.870229892,225.521000000,100,1410,1215,54,0
4388,43.880230197,225.521000000,100,1410,1215,54,0
4389,43.890229349,225.521000000,100,1410,1215,54,0
4390,43.900230405,225.521000000,100,1410,1215,54,0
4391,43.910230109,225.521000000,100,1410,1215,54,0
4392,43.920230714,225.521000000,100,1410,1215,54,0
4393,43.930234786,225.521000000,100,1410,1215,54,0
4394,43.940231083,225.503000000,100,1410,1215,54,0
4395,43.950230847,225.503000000,100,1410,1215,54,0
4396,43.960230451,225.503000000,100,1410,1215,54,0
4397,43.970229774,225.503000000,100,1410,1215,54,0
4398,43.980231040,225.503000000,100,1410,1215,54,0
4399,43.990234200,225.503000000,100,1410,1215,54,0
4400,44.000230738,225.503000000,100,1410,1215,54,0
4401,44.010234289,225.503000000,100,1410,1215,54,0
4402,44.020229965,225.503000000,100,1410,1215,54,0
4403,44.030230210,225.503000000,100,1410,1215,54,0
4404,44.040231266,224.927000000,100,1410,1215,54,0
4405,44.050230579,224.927000000,100,1410,1215,54,0
4406,44.060230513,224.927000000,100,1410,1215,54,0
4407,44.070230156,224.927000000,100,1410,1215,54,0
4408,44.080230481,224.927000000,100,1410,1215,54,0
4409,44.090230796,224.927000000,100,1410,1215,54,0
4410,44.100230009,224.927000000,100,1410,1215,54,0
4411,44.110230854,224.927000000,100,1410,1215,54,0
4412,44.120230097,224.927000000,100,1410,1215,54,0
4413,44.130234480,224.927000000,100,1410,1215,54,0
4414,44.140230817,222.082000000,100,1410,1215,54,0
4415,44.150229298,222.082000000,100,1410,1215,54,0
4416,44.160230284,222.082000000,100,1410,1215,54,0
4417,44.170230058,222.082000000,100,1410,1215,54,0
4418,44.180229110,222.082000000,100,1410,1215,54,0
4419,44.190233844,222.082000000,100,1410,1215,54,0
4420,44.200229640,222.082000000,100,1410,1215,54,0
4421,44.210229754,222.082000000,100,1410,1215,54,0
4422,44.220229298,222.082000000,100,1410,1215,54,0
4423,44.230229152,222.082000000,100,1410,1215,54,0
4424,44.240229667,214.436000000,100,1410,1215,54,0
4425,44.250228940,214.436000000,100,1410,1215,54,0
4426,44.260229465,214.436000000,100,1410,1215,54,0
4427,44.270229599,214.436000000,100,1410,1215,54,0
4428,44.280229664,214.436000000,100,1410,1215,54,0
4429,44.290232894,214.436000000,100,1410,1215,54,0
4430,44.300229772,214.436000000,100,1410,1215,54,0
4431,44.310231289,214.436000000,100,1410,1215,54,0
4432,44.320230141,214.436000000,100,1410,1215,54,0
4433,44.330227741,214.436000000,100,1410,1215,54,0
4434,44.340229899,220.247000000,100,1410,1215,54,0
4435,44.350229212,220.247000000,100,1410,1215,54,0
4436,44.360230238,220.247000000,100,1410,1215,54,0
4437,44.370234039,220.247000000,100,1410,1215,54,0
4438,44.380230437,220.247000000,100,1410,1215,54,0
4439,44.390229840,220.247000000,100,1410,1215,54,0
4440,44.400233391,220.247000000,100,1410,1215,54,0
4441,44.410230179,220.247000000,100,1410,1215,54,0
4442,44.420230744,220.247000000,100,1410,1215,54,0
4443,44.430234465,220.247000000,100,1410,1215,54,0
4444,44.440229781,222.677000000,100,1410,1215,54,0
4445,44.450229815,222.677000000,100,1410,1215,54,0
4446,44.460229409,222.677000000,100,1410,1215,54,0
4447,44.470230194,222.677000000,100,1410,1215,54,0
4448,44.480229788,222.677000000,100,1410,1215,54,0
4449,44.490229902,222.677000000,100,1410,1215,54,0
4450,44.500230067,222.677000000,100,1410,1215,54,0
4451,44.510233848,222.677000000,100,1410,1215,54,0
4452,44.520234413,222.677000000,100,1410,1215,54,0
4453,44.530230420,222.677000000,100,1410,1215,54,0
4454,44.540231285,224.363000000,100,1410,1215,54,0
4455,44.550230769,224.363000000,100,1410,1215,54,0
4456,44.560230382,224.363000000,100,1410,1215,54,0
4457,44.570230196,224.363000000,100,1410,1215,54,0
4458,44.580230060,224.363000000,100,1410,1215,54,0
4459,44.590229363,224.363000000,100,1410,1215,54,0
4460,44.600229708,224.363000000,100,1410,1215,54,0
4461,44.610234330,224.363000000,100,1410,1215,54,0
4462,44.620229496,224.363000000,100,1410,1215,54,0
4463,44.630229911,224.363000000,100,1410,1215,54,0
4464,44.640231568,225.144000000,100,1410,1215,54,0
4465,44.650230119,225.144000000,100,1410,1215,54,0
4466,44.660230154,225.144000000,100,1410,1215,54,0
4467,44.670230849,225.144000000,100,1410,1215,54,0
4468,44.680230433,225.144000000,100,1410,1215,54,0
4469,44.690230286,225.144000000,100,1410,1215,54,0
4470,44.700231323,225.144000000,100,1410,1215,54,0
4471,44.710234433,225.144000000,100,1410,1215,54,0
4472,44.720230229,225.144000000,100,1410,1215,54,0
4473,44.730230474,225.144000000,100,1410,1215,54,0
4474,44.740230678,225.858000000,100,1410,1215,54,0
4475,44.750228528,225.858000000,100,1410,1215,54,0
4476,44.760229654,225.858000000,100,1410,1215,54,0
4477,44.770228296,225.858000000,100,1410,1215,54,0
4478,44.780229803,225.858000000,100,1410,1215,54,0
4479,44.790229436,225.858000000,100,1410,1215,54,0
4480,44.800229280,225.858000000,100,1410,1215,54,0
4481,44.810229705,225.858000000,100,1410,1215,54,0
4482,44.820229819,225.858000000,100,1410,1215,54,0
4483,44.830234212,225.858000000,100,1410,1215,54,0
4484,44.840231390,225.905000000,100,1410,1215,54,0
4485,44.850230483,225.905000000,100,1410,1215,54,0
4486,44.860234554,225.905000000,100,1410,1215,54,0
4487,44.870229750,225.905000000,100,1410,1215,54,0
4488,44.880229733,225.905000000,100,1410,1215,54,0
4489,44.890230128,225.905000000,100,1410,1215,54,0
4490,44.900229772,225.905000000,100,1410,1215,54,0
4491,44.910234004,225.905000000,100,1410,1215,54,0
4492,44.920229550,225.905000000,100,1410,1215,54,0
4493,44.930230115,225.905000000,100,1410,1215,54,0
4494,44.940231151,225.868000000,100,1410,1215,54,0
4495,44.950229682,225.868000000,100,1410,1215,54,0
4496,44.960230648,225.868000000,100,1410,1215,54,0
4497,44.970230051,225.868000000,100,1410,1215,54,0
4498,44.980229975,225.868000000,100,1410,1215,54,0
4499,44.990233997,225.868000000,100,1410,1215,54,0
4500,45.000233931,225.868000000,100,1410,1215,54,0
4501,45.010230588,225.868000000,100,1410,1215,54,0
4502,45.020230482,225.868000000,100,1410,1215,54,0
4503,45.030229444,225.868000000,100,1410,1215,54,0
4504,45.040230440,225.497000000,100,1410,1215,54,0
4505,45.050229332,225.497000000,100,1410,1215,54,0
4506,45.060229467,225.497000000,100,1410,1215,54,0
4507,45.070234009,225.497000000,100,1410,1215,54,0
4508,45.080230136,225.497000000,100,1410,1215,54,0
4509,45.090229980,225.497000000,100,1410,1215,54,0
4510,45.100229894,225.497000000,100,1410,1215,54,0
4511,45.110230289,225.497000000,100,1410,1215,54,0
4512,45.120230082,225.497000000,100,1410,1215,54,0
4513,45.130231309,225.497000000,100,1410,1215,54,0
4514,45.140232114,225.048000000,100,1410,1215,54,0
4515,45.150234223,225.048000000,100,1410,1215,54,0
4516,45.160229878,225.048000000,100,1410,1215,54,0
4517,45.170229221,225.048000000,100,1410,1215,54,0
4518,45.180229466,225.048000000,100,1410,1215,54,0
4519,45.190229710,225.048000000,100,1410,1215,54,0
4520,45.200229284,225.048000000,100,1410,1215,54,0
4521,45.210231001,225.048000000,100,1410,1215,54,0
4522,45.220229933,225.048000000,100,1410,1215,54,0
4523,45.230230278,225.048000000,100,1410,1215,54,0
4524,45.240230432,223.260000000,100,1410,1215,54,0
4525,45.250229915,223.260000000,100,1410,1215,54,0
4526,45.260229028,223.260000000,100,1410,1215,54,0
4527,45.270231176,223.260000000,100,1410,1215,54,0
4528,45.280229717,223.260000000,100,1410,1215,54,0
4529,45.290234009,223.260000000,100,1410,1215,54,0
4530,45.300229765,223.260000000,100,1410,1215,54,0
4531,45.310229419,223.260000000,100,1410,1215,54,0
4532,45.320229022,223.260000000,100,1410,1215,54,0
4533,45.330229257,223.260000000,100,1410,1215,54,0
4534,45.340230463,217.873000000,100,1410,1215,54,0
4535,45.350231199,217.873000000,100,1410,1215,54,0
4536,45.360230592,217.873000000,100,1410,1215,54,0
4537,45.370229413,217.873000000,100,1410,1215,54,0
4538,45.380229878,217.873000000,100,1410,1215,54,0
4539,45.390230003,217.873000000,100,1410,1215,54,0
4540,45.400230227,217.873000000,100,1410,1215,54,0
4541,45.410230191,217.873000000,100,1410,1215,54,0
4542,45.420230446,217.873000000,100,1410,1215,54,0
4543,45.430230660,217.873000000,100,1410,1215,54,0
4544,45.440231847,219.123000000,100,1410,1215,54,0
4545,45.450229596,219.123000000,100,1410,1215,54,0
4546,45.460230082,219.123000000,100,1410,1215,54,0
4547,45.470234554,219.123000000,100,1410,1215,54,0
4548,45.480230571,219.123000000,100,1410,1215,54,0
4549,45.490229272,219.123000000,100,1410,1215,54,0
4550,45.500229627,219.123000000,100,1410,1215,54,0
4551,45.510233418,219.123000000,100,1410,1215,54,0
4552,45.520229685,219.123000000,100,1410,1215,54,0
4553,45.530231292,219.123000000,100,1410,1215,54,0
4554,45.540230816,222.778000000,100,1410,1215,54,0
4555,45.550234777,222.778000000,100,1410,1215,54,0
4556,45.560230253,222.778000000,100,1410,1215,54,0
4557,45.570229756,222.778000000,100,1410,1215,54,0
4558,45.580230241,222.778000000,100,1410,1215,54,0
4559,45.590234513,222.778000000,100,1410,1215,54,0
4560,45.600230470,222.778000000,100,1410,1215,54,0
4561,45.610229842,222.778000000,100,1410,1215,54,0
4562,45.620229967,222.778000000,100,1410,1215,54,0
4563,45.630230171,222.778000000,100,1410,1215,54,0
4564,45.640230035,224.233000000,100,1410,1215,54,0
4565,45.650230771,224.233000000,100,1410,1215,54,0
4566,45.660230284,224.233000000,100,1410,1215,54,0
4567,45.670234446,224.233000000,100,1410,1215,54,0
4568,45.680230091,224.233000000,100,1410,1215,54,0
4569,45.690230396,224.233000000,100,1410,1215,54,0
4570,45.700230390,224.233000000,100,1410,1215,54,0
4571,45.710233951,224.233000000,100,1410,1215,54,0
4572,45.720233985,224.233000000,100,1410,1215,54,0
4573,45.730230623,224.233000000,100,1410,1215,54,0
4574,45.740229865,225.048000000,100,1410,1215,54,0
4575,45.750231563,225.048000000,100,1410,1215,54,0
4576,45.760233530,225.048000000,100,1410,1215,54,0
4577,45.770229847,225.048000000,100,1410,1215,54,0
4578,45.780233098,225.048000000,100,1410,1215,54,0
4579,45.790230216,225.048000000,100,1410,1215,54,0
4580,45.800229389,225.048000000,100,1410,1215,54,0
4581,45.810229132,225.048000000,100,1410,1215,54,0
4582,45.820229517,225.048000000,100,1410,1215,54,0
4583,45.830229481,225.048000000,100,1410,1215,54,0
4584,45.840234073,225.714000000,100,1410,1215,54,0
4585,45.850229969,225.714000000,100,1410,1215,54,0
4586,45.860230364,225.714000000,100,1410,1215,54,0
4587,45.870230689,225.714000000,100,1410,1215,54,0
4588,45.880234210,225.714000000,100,1410,1215,54,0
4589,45.890230897,225.714000000,100,1410,1215,54,0
4590,45.900229749,225.714000000,100,1410,1215,54,0
4591,45.910230234,225.714000000,100,1410,1215,54,0
4592,45.920234145,225.714000000,100,1410,1215,54,0
4593,45.930230402,225.714000000,100,1410,1215,54,0
4594,45.940230436,225.882000000,100,1410,1215,54,0
4595,45.950231021,225.882000000,100,1410,1215,54,0
4596,45.960230895,225.882000000,100,1410,1215,54,0
4597,45.970230007,225.882000000,100,1410,1215,54,0
4598,45.980234259,225.882000000,100,1410,1215,54,0
4599,45.990230757,225.882000000,100,1410,1215,54,0
4600,46.000230971,225.882000000,100,1410,1215,54,0
4601,46.010229723,225.882000000,100,1410,1215,54,0
4602,46.020234025,225.882000000,100,1410,1215,54,0
4603,46.030229921,225.882000000,100,1410,1215,54,0
4604,46.040231238,225.593000000,100,1410,1215,54,0
4605,46.050230009,225.593000000,100,1410,1215,54,0
4606,46.060231055,225.593000000,100,1410,1215,54,0
4607,46.070230037,225.593000000,100,1410,1215,54,0
4608,46.080229801,225.593000000,100,1410,1215,54,0
4609,46.090229725,225.593000000,100,1410,1215,54,0
4610,46.100234107,225.593000000,100,1410,1215,54,0
4611,46.110230514,225.593000000,100,1410,1215,54,0
4612,46.120230178,225.593000000,100,1410,1215,54,0
4613,46.130230031,225.593000000,100,1410,1215,54,0
4614,46.140234674,225.528000000,100,1410,1215,54,0
4615,46.150229879,225.528000000,100,1410,1215,54,0
4616,46.160233530,225.528000000,100,1410,1215,54,0
4617,46.170230198,225.528000000,100,1410,1215,54,0
4618,46.180229440,225.528000000,100,1410,1215,54,0
4619,46.190229284,225.528000000,100,1410,1215,54,0
4620,46.200229548,225.528000000,100,1410,1215,54,0
4621,46.210229382,225.528000000,100,1410,1215,54,0
4622,46.220230438,225.528000000,100,1410,1215,54,0
4623,46.230228959,225.528000000,100,1410,1215,54,0
4624,46.240231328,225.049000000,100,1410,1215,54,0
4625,46.250230390,225.049000000,100,1410,1215,54,0
4626,46.260234411,225.049000000,100,1410,1215,54,0
4627,46.270233123,225.049000000,100,1410,1215,54,0
4628,46.280229751,225.049000000,100,1410,1215,54,0
4629,46.290229504,225.049000000,100,1410,1215,54,0
4630,46.300228957,225.049000000,100,1410,1215,54,0
4631,46.310229693,225.049000000,100,1410,1215,54,0
4632,46.320229065,225.049000000,100,1410,1215,54,0
4633,46.330229129,225.049000000,100,1410,1215,54,0
4634,46.340230236,224.359000000,100,1410,1215,54,0
4635,46.350229588,224.359000000,100,1410,1215,54,0
4636,46.360229622,224.359000000,100,1410,1215,54,0
4637,46.370230197,224.359000000,100,1410,1215,54,0
4638,46.380230412,224.359000000,100,1410,1215,54,0
4639,46.390230596,224.359000000,100,1410,1215,54,0
4640,46.400229668,224.359000000,100,1410,1215,54,0
4641,46.410230865,224.359000000,100,1410,1215,54,0
4642,46.420230758,224.359000000,100,1410,1215,54,0
4643,46.430230833,224.359000000,100,1410,1215,54,0
4644,46.440230416,218.530000000,100,1410,1215,54,0
4645,46.450230189,218.530000000,100,1410,1215,54,0
4646,46.460230153,218.530000000,100,1410,1215,54,0
4647,46.470233524,218.530000000,100,1410,1215,54,0
4648,46.480234730,218.530000000,100,1410,1215,54,0
4649,46.490229815,218.530000000,100,1410,1215,54,0
4650,46.500229538,218.530000000,100,1410,1215,54,0
4651,46.510229452,218.530000000,100,1410,1215,54,0
4652,46.520229897,218.530000000,100,1410,1215,54,0
4653,46.530229971,218.530000000,100,1410,1215,54,0
4654,46.540230346,218.436000000,100,1410,1215,54,0
4655,46.550235068,218.436000000,100,1410,1215,54,0
4656,46.560230875,218.436000000,100,1410,1215,54,0
4657,46.570229696,218.436000000,100,1410,1215,54,0
4658,46.580229830,218.436000000,100,1410,1215,54,0
4659,46.590233702,218.436000000,100,1410,1215,54,0
4660,46.600230730,218.436000000,100,1410,1215,54,0
4661,46.610229862,218.436000000,100,1410,1215,54,0
4662,46.620229376,218.436000000,100,1410,1215,54,0
4663,46.630230011,218.436000000,100,1410,1215,54,0
4664,46.640230726,222.254000000,100,1410,1215,54,0
4665,46.650230239,222.254000000,100,1410,1215,54,0
4666,46.660230403,222.254000000,100,1410,1215,54,0
4667,46.670230488,222.254000000,100,1410,1215,54,0
4668,46.680230421,222.254000000,100,1410,1215,54,0
4669,46.690229664,222.254000000,100,1410,1215,54,0
4670,46.700230099,222.254000000,100,1410,1215,54,0
4671,46.710230464,222.254000000,100,1410,1215,54,0
4672,46.720234736,222.254000000,100,1410,1215,54,0
4673,46.730230702,222.254000000,100,1410,1215,54,0
4674,46.740231006,224.435000000,100,1410,1215,54,0
4675,46.750231291,224.435000000,100,1410,1215,54,0
4676,46.760230092,224.435000000,100,1410,1215,54,0
4677,46.770232922,224.435000000,100,1410,1215,54,0
4678,46.780230842,224.435000000,100,1410,1215,54,0
4679,46.790230595,224.435000000,100,1410,1215,54,0
4680,46.800231160,224.435000000,100,1410,1215,54,0
4681,46.810237446,224.435000000,100,1410,1215,54,0
4682,46.820230627,224.435000000,100,1410,1215,54,0
4683,46.830231913,224.435000000,100,1410,1215,54,0
4684,46.840230975,225.330000000,100,1410,1215,54,0
4685,46.850230879,225.330000000,100,1410,1215,54,0
4686,46.860231243,225.330000000,100,1410,1215,54,0
4687,46.870227931,225.330000000,100,1410,1215,54,0
4688,46.880231662,225.330000000,100,1410,1215,54,0
4689,46.890231145,225.330000000,100,1410,1215,54,0
4690,46.900230558,225.330000000,100,1410,1215,54,0
4691,46.910231383,225.330000000,100,1410,1215,54,0
4692,46.920230105,225.330000000,100,1410,1215,54,0
4693,46.930230630,225.330000000,100,1410,1215,54,0
4694,46.940231275,225.954000000,100,1410,1215,54,0
4695,46.950230507,225.954000000,100,1410,1215,54,0
4696,46.960231222,225.954000000,100,1410,1215,54,0
4697,46.970230635,225.954000000,100,1410,1215,54,0
4698,46.980229798,225.954000000,100,1410,1215,54,0
4699,46.990230202,225.954000000,100,1410,1215,54,0
4700,47.000229895,225.954000000,100,1410,1215,54,0
4701,47.010230851,225.954000000,100,1410,1215,54,0
4702,47.020229913,225.954000000,100,1410,1215,54,0
4703,47.030230638,225.954000000,100,1410,1215,54,0
4704,47.040231374,226.001000000,100,1410,1215,54,0
4705,47.050230145,226.001000000,100,1410,1215,54,0
4706,47.060230430,226.001000000,100,1410,1215,54,0
4707,47.070230143,226.001000000,100,1410,1215,54,0
4708,47.080230448,226.001000000,100,1410,1215,54,0
4709,47.090229910,226.001000000,100,1410,1215,54,0
4710,47.100230105,226.001000000,100,1410,1215,54,0
4711,47.110231571,226.001000000,100,1410,1215,54,0
4712,47.120230854,226.001000000,100,1410,1215,54,0
4713,47.130231078,226.001000000,100,1410,1215,54,0
4714,47.140231844,226.014000000,100,1410,1215,54,0
4715,47.150230906,226.014000000,100,1410,1215,54,0
4716,47.160359140,226.014000000,100,1410,1215,54,0
4717,47.170231124,226.014000000,100,1410,1215,54,0
4718,47.180230777,226.014000000,100,1410,1215,54,0
4719,47.190230520,226.014000000,100,1410,1215,54,0
4720,47.200230965,226.014000000,100,1410,1215,54,0
4721,47.210230819,226.014000000,100,1410,1215,54,0
4722,47.220230382,226.014000000,100,1410,1215,54,0
4723,47.230230696,226.014000000,100,1410,1215,54,0
4724,47.240231382,225.786000000,100,1410,1215,54,0
4725,47.250232357,225.786000000,100,1410,1215,54,0
4726,47.260231249,225.786000000,100,1410,1215,54,0
4727,47.270231073,225.786000000,100,1410,1215,54,0
4728,47.280231157,225.786000000,100,1410,1215,54,0
4729,47.290232543,225.786000000,100,1410,1215,54,0
4730,47.300232186,225.786000000,100,1410,1215,54,0
4731,47.310232040,225.786000000,100,1410,1215,54,0
4732,47.320230160,225.786000000,100,1410,1215,54,0
4733,47.330230024,225.786000000,100,1410,1215,54,0
4734,47.340230559,225.425000000,100,1410,1215,54,0
4735,47.350230222,225.425000000,100,1410,1215,54,0
4736,47.360231328,225.425000000,100,1410,1215,54,0
4737,47.370230140,225.425000000,100,1410,1215,54,0
4738,47.380230785,225.425000000,100,1410,1215,54,0
4739,47.390231180,225.425000000,100,1410,1215,54,0
4740,47.400230582,225.425000000,100,1410,1215,54,0
4741,47.410230736,225.425000000,100,1410,1215,54,0
4742,47.420231101,225.425000000,100,1410,1215,54,0
4743,47.430230904,225.425000000,100,1410,1215,54,0
4744,47.440231379,224.754000000,100,1410,1215,54,0
4745,47.450231013,224.754000000,100,1410,1215,54,0
4746,47.460230395,224.754000000,100,1410,1215,54,0
4747,47.470230539,224.754000000,100,1410,1215,54,0
4748,47.480230483,224.754000000,100,1410,1215,54,0
4749,47.490230157,224.754000000,100,1410,1215,54,0
4750,47.500229970,224.754000000,100,1410,1215,54,0
4751,47.510230074,224.754000000,100,1410,1215,54,0
4752,47.520229978,224.754000000,100,1410,1215,54,0
4753,47.530229901,224.754000000,100,1410,1215,54,0
4754,47.540230637,218.757000000,100,1410,1215,54,0
4755,47.550231122,218.757000000,100,1410,1215,54,0
4756,47.560229923,218.757000000,100,1410,1215,54,0
4757,47.570230408,218.757000000,100,1410,1215,54,0
4758,47.580230723,218.757000000,100,1410,1215,54,0
4759,47.590229665,218.757000000,100,1410,1215,54,0
4760,47.600230199,218.757000000,100,1410,1215,54,0
4761,47.610230063,218.757000000,100,1410,1215,54,0
4762,47.620230107,218.757000000,100,1410,1215,54,0
4763,47.630230932,218.757000000,100,1410,1215,54,0
4764,47.640231367,218.949000000,100,1410,1215,54,0
4765,47.650229848,218.949000000,100,1410,1215,54,0
4766,47.660230754,218.949000000,100,1410,1215,54,0
4767,47.670230617,218.949000000,100,1410,1215,54,0
4768,47.680230090,218.949000000,100,1410,1215,54,0
4769,47.690230134,218.949000000,100,1410,1215,54,0
4770,47.700230629,218.949000000,100,1410,1215,54,0
4771,47.710230863,218.949000000,100,1410,1215,54,0
4772,47.720230677,218.949000000,100,1410,1215,54,0
4773,47.730230310,218.949000000,100,1410,1215,54,0
4774,47.740230154,221.994000000,100,1410,1215,54,0
4775,47.750230438,221.994000000,100,1410,1215,54,0
4776,47.760230311,221.994000000,100,1410,1215,54,0
4777,47.770229804,221.994000000,100,1410,1215,54,0
4778,47.780229457,221.994000000,100,1410,1215,54,0
4779,47.790229662,221.994000000,100,1410,1215,54,0
4780,47.800229956,221.994000000,100,1410,1215,54,0
4781,47.810229649,221.994000000,100,1410,1215,54,0
4782,47.820231266,221.994000000,100,1410,1215,54,0
4783,47.830229847,221.994000000,100,1410,1215,54,0
4784,47.840232055,224.237000000,100,1410,1215,54,0
4785,47.850229394,224.237000000,100,1410,1215,54,0
4786,47.860231782,224.237000000,100,1410,1215,54,0
4787,47.870230293,224.237000000,100,1410,1215,54,0
4788,47.880229536,224.237000000,100,1410,1215,54,0
4789,47.890230060,224.237000000,100,1410,1215,54,0
4790,47.900229854,224.237000000,100,1410,1215,54,0
4791,47.910230769,224.237000000,100,1410,1215,54,0
4792,47.920230492,224.237000000,100,1410,1215,54,0
4793,47.930230546,224.237000000,100,1410,1215,54,0
4794,47.940227544,225.163000000,100,1410,1215,54,0
4795,47.950227538,225.163000000,100,1410,1215,54,0
4796,47.960230558,225.163000000,100,1410,1215,54,0
4797,47.970230962,225.163000000,100,1410,1215,54,0
4798,47.980228381,225.163000000,100,1410,1215,54,0
4799,47.990228936,225.163000000,100,1410,1215,54,0
4800,48.000230012,225.163000000,100,1410,1215,54,0
4801,48.010229785,225.163000000,100,1410,1215,54,0
4802,48.020229508,225.163000000,100,1410,1215,54,0
4803,48.030230444,225.163000000,100,1410,1215,54,0
4804,48.040231069,225.553000000,100,1410,1215,54,0
4805,48.050229850,225.553000000,100,1410,1215,54,0
4806,48.060230075,225.553000000,100,1410,1215,54,0
4807,48.070230048,225.553000000,100,1410,1215,54,0
4808,48.080230152,225.553000000,100,1410,1215,54,0
4809,48.090231078,225.553000000,100,1410,1215,54,0
4810,48.100229930,225.553000000,100,1410,1215,54,0
4811,48.110229833,225.553000000,100,1410,1215,54,0
4812,48.120230127,225.553000000,100,1410,1215,54,0
4813,48.130230111,225.553000000,100,1410,1215,54,0
4814,48.140230536,225.924000000,100,1410,1215,54,0
4815,48.150230329,225.924000000,100,1410,1215,54,0
4816,48.160230082,225.924000000,100,1410,1215,54,0
4817,48.170229926,225.924000000,100,1410,1215,54,0
4818,48.180230100,225.924000000,100,1410,1215,54,0
4819,48.190229974,225.924000000,100,1410,1215,54,0
4820,48.200230128,225.924000000,100,1410,1215,54,0
4821,48.210231484,225.924000000,100,1410,1215,54,0
4822,48.220230236,225.924000000,100,1410,1215,54,0
4823,48.230231602,225.924000000,100,1410,1215,54,0
4824,48.240231035,225.714000000,100,1410,1215,54,0
4825,48.250230247,225.714000000,100,1410,1215,54,0
4826,48.260230471,225.714000000,100,1410,1215,54,0
4827,48.270230345,225.714000000,100,1410,1215,54,0
4828,48.280230880,225.714000000,100,1410,1215,54,0
4829,48.290230262,225.714000000,100,1410,1215,54,0
4830,48.300230236,225.714000000,100,1410,1215,54,0
4831,48.310230600,225.714000000,100,1410,1215,54,0
4832,48.320231005,225.714000000,100,1410,1215,54,0
4833,48.330230718,225.714000000,100,1410,1215,54,0
4834,48.340232505,225.785000000,100,1410,1215,54,0
4835,48.350230585,225.785000000,100,1410,1215,54,0
4836,48.360230038,225.785000000,100,1410,1215,54,0
4837,48.370230853,225.785000000,100,1410,1215,54,0
4838,48.380231348,225.785000000,100,1410,1215,54,0
4839,48.390229198,225.785000000,100,1410,1215,54,0
4840,48.400231105,225.785000000,100,1410,1215,54,0
4841,48.410230588,225.785000000,100,1410,1215,54,0
4842,48.420230422,225.785000000,100,1410,1215,54,0
4843,48.430229534,225.785000000,100,1410,1215,54,0
4844,48.440230750,225.353000000,100,1410,1215,54,0
4845,48.450229962,225.353000000,100,1410,1215,54,0
4846,48.460230176,225.353000000,100,1410,1215,54,0
4847,48.470230050,225.353000000,100,1410,1215,54,0
4848,48.480229843,225.353000000,100,1410,1215,54,0
4849,48.490231089,225.353000000,100,1410,1215,54,0
4850,48.500231324,225.353000000,100,1410,1215,54,0
4851,48.510230195,225.353000000,100,1410,1215,54,0
4852,48.520230449,225.353000000,100,1410,1215,54,0
4853,48.530230694,225.353000000,100,1410,1215,54,0
4854,48.540231579,224.754000000,100,1410,1215,54,0
4855,48.550231212,224.754000000,100,1410,1215,54,0
4856,48.560230645,224.754000000,100,1410,1215,54,0
4857,48.570230549,224.754000000,100,1410,1215,54,0
4858,48.580230883,224.754000000,100,1410,1215,54,0
4859,48.590230476,224.754000000,100,1410,1215,54,0
4860,48.600230059,224.754000000,100,1410,1215,54,0
4861,48.610230814,224.754000000,100,1410,1215,54,0
4862,48.620230217,224.754000000,100,1410,1215,54,0
4863,48.630230281,224.754000000,100,1410,1215,54,0
4864,48.640231106,219.505000000,100,1410,1215,54,0
4865,48.650230379,219.505000000,100,1410,1215,54,0
4866,48.660230032,219.505000000,100,1410,1215,54,0
4867,48.670230256,219.505000000,100,1410,1215,54,0
4868,48.680230340,219.505000000,100,1410,1215,54,0
4869,48.690230614,219.505000000,100,1410,1215,54,0
4870,48.700231289,219.505000000,100,1410,1215,54,0
4871,48.710230862,219.505000000,100,1410,1215,54,0
4872,48.720230495,219.505000000,100,1410,1215,54,0
4873,48.730231160,219.505000000,100,1410,1215,54,0
4874,48.753698665,217.268000000,100,1410,1215,54,0
4875,48.753702512,217.268000000,100,1410,1215,54,0
4876,48.760230410,217.268000000,100,1410,1215,54,0
4877,48.770229552,217.268000000,100,1410,1215,54,0
4878,48.780231209,217.268000000,100,1410,1215,54,0
4879,48.790229149,217.268000000,100,1410,1215,54,0
4880,48.800229233,217.268000000,100,1410,1215,54,0
4881,48.810229066,217.268000000,100,1410,1215,54,0
4882,48.820230583,217.268000000,100,1410,1215,54,0
4883,48.830229735,217.268000000,100,1410,1215,54,0
4884,48.840230009,222.280000000,100,1410,1215,54,0
4885,48.850230073,222.280000000,100,1410,1215,54,0
4886,48.860229976,222.280000000,100,1410,1215,54,0
4887,48.870230300,222.280000000,100,1410,1215,54,0
4888,48.880228932,222.280000000,100,1410,1215,54,0
4889,48.890229827,222.280000000,100,1410,1215,54,0
4890,48.900230001,222.280000000,100,1410,1215,54,0
4891,48.910229474,222.280000000,100,1410,1215,54,0
4892,48.920228596,222.280000000,100,1410,1215,54,0
4893,48.930228740,222.280000000,100,1410,1215,54,0
4894,48.940228914,224.237000000,100,1410,1215,54,0
4895,48.950228717,224.237000000,100,1410,1215,54,0
4896,48.960228450,224.237000000,100,1410,1215,54,0
4897,48.970228304,224.237000000,100,1410,1215,54,0
4898,48.980228337,224.237000000,100,1410,1215,54,0
4899,48.990228571,224.237000000,100,1410,1215,54,0
4900,49.000228866,224.237000000,100,1410,1215,54,0
4901,49.010228809,224.237000000,100,1410,1215,54,0
4902,49.020228723,224.237000000,100,1410,1215,54,0
4903,49.030227424,224.237000000,100,1410,1215,54,0
4904,49.040230854,225.233000000,100,1410,1215,54,0
4905,49.050229606,225.233000000,100,1410,1215,54,0
4906,49.060229890,225.233000000,100,1410,1215,54,0
4907,49.070229152,225.233000000,100,1410,1215,54,0
4908,49.080230138,225.233000000,100,1410,1215,54,0
4909,49.090231003,225.233000000,100,1410,1215,54,0
4910,49.100230626,225.233000000,100,1410,1215,54,0
4911,49.110230109,225.233000000,100,1410,1215,54,0
4912,49.120229621,225.233000000,100,1410,1215,54,0
4913,49.130229996,225.233000000,100,1410,1215,54,0
4914,49.140230059,225.882000000,100,1410,1215,54,0
4915,49.150234111,225.882000000,100,1410,1215,54,0
4916,49.160229646,225.882000000,100,1410,1215,54,0
4917,49.170229800,225.882000000,100,1410,1215,54,0
4918,49.180234292,225.882000000,100,1410,1215,54,0
4919,49.190229858,225.882000000,100,1410,1215,54,0
4920,49.200228799,225.882000000,100,1410,1215,54,0
4921,49.210229394,225.882000000,100,1410,1215,54,0
4922,49.220228737,225.882000000,100,1410,1215,54,0
4923,49.230229482,225.882000000,100,1410,1215,54,0
4924,49.240229816,226.117000000,100,1410,1215,54,0
4925,49.250229810,226.117000000,100,1410,1215,54,0
4926,49.260229333,226.117000000,100,1410,1215,54,0
4927,49.270229657,226.117000000,100,1410,1215,54,0
4928,49.280229119,226.117000000,100,1410,1215,54,0
4929,49.290228802,226.117000000,100,1410,1215,54,0
4930,49.300229528,226.117000000,100,1410,1215,54,0
4931,49.310229952,226.117000000,100,1410,1215,54,0
4932,49.320229004,226.117000000,100,1410,1215,54,0
4933,49.330229078,226.117000000,100,1410,1215,54,0
4934,49.340231115,226.087000000,100,1410,1215,54,0
4935,49.350230337,226.087000000,100,1410,1215,54,0
4936,49.360229419,226.087000000,100,1410,1215,54,0
4937,49.370229624,226.087000000,100,1410,1215,54,0
4938,49.380228846,226.087000000,100,1410,1215,54,0
4939,49.390234340,226.087000000,100,1410,1215,54,0
4940,49.400229494,226.087000000,100,1410,1215,54,0
4941,49.410231702,226.087000000,100,1410,1215,54,0
4942,49.420231606,226.087000000,100,1410,1215,54,0
4943,49.430229946,226.087000000,100,1410,1215,54,0
4944,49.440230321,226.087000000,100,1410,1215,54,0
4945,49.450230705,225.978000000,100,1410,1215,54,0
4946,49.460229837,225.978000000,100,1410,1215,54,0
4947,49.470229641,225.978000000,100,1410,1215,54,0
4948,49.480229554,225.978000000,100,1410,1215,54,0
4949,49.490230079,225.978000000,100,1410,1215,54,0
4950,49.500229712,225.978000000,100,1410,1215,54,0
4951,49.510229996,225.978000000,100,1410,1215,54,0
4952,49.520230060,225.978000000,100,1410,1215,54,0
4953,49.530229953,225.978000000,100,1410,1215,54,0
4954,49.540230798,225.617000000,100,1410,1215,54,0
4955,49.550230111,225.617000000,100,1410,1215,54,0
4956,49.560229593,225.617000000,100,1410,1215,54,0
4957,49.570230359,225.617000000,100,1410,1215,54,0
4958,49.580229571,225.617000000,100,1410,1215,54,0
4959,49.590230246,225.617000000,100,1410,1215,54,0
4960,49.600230650,225.617000000,100,1410,1215,54,0
4961,49.610230163,225.617000000,100,1410,1215,54,0
4962,49.620229686,225.617000000,100,1410,1215,54,0
4963,49.630229539,225.617000000,100,1410,1215,54,0
4964,49.640233601,225.049000000,100,1410,1215,54,0
4965,49.650229707,225.049000000,100,1410,1215,54,0
4966,49.660229280,225.049000000,100,1410,1215,54,0
4967,49.670230275,225.049000000,100,1410,1215,54,0
4968,49.680229878,225.049000000,100,1410,1215,54,0
4969,49.690229521,225.049000000,100,1410,1215,54,0
4970,49.700229916,225.049000000,100,1410,1215,54,0
4971,49.710229669,225.049000000,100,1410,1215,54,0
4972,49.720230274,225.049000000,100,1410,1215,54,0
4973,49.730229646,225.049000000,100,1410,1215,54,0
4974,49.740229920,219.767000000,100,1410,1215,54,0
4975,49.750230535,219.767000000,100,1410,1215,54,0
4976,49.760229707,219.767000000,100,1410,1215,54,0
4977,49.770229921,219.767000000,100,1410,1215,54,0
4978,49.780229835,219.767000000,100,1410,1215,54,0
4979,49.790230529,219.767000000,100,1410,1215,54,0
4980,49.800229792,219.767000000,100,1410,1215,54,0
4981,49.810229956,219.767000000,100,1410,1215,54,0
4982,49.820230300,219.767000000,100,1410,1215,54,0
4983,49.830229953,219.767000000,100,1410,1215,54,0
4984,49.840231068,217.397000000,100,1410,1215,54,0
4985,49.850230040,217.397000000,100,1410,1215,54,0
4986,49.860230054,217.397000000,100,1410,1215,54,0
4987,49.870229296,217.397000000,100,1410,1215,54,0
4988,49.880230251,217.397000000,100,1410,1215,54,0
4989,49.890230315,217.397000000,100,1410,1215,54,0
4990,49.900229988,217.397000000,100,1410,1215,54,0
4991,49.910229841,217.397000000,100,1410,1215,54,0
4992,49.920230045,217.397000000,100,1410,1215,54,0
4993,49.930229959,217.397000000,100,1410,1215,54,0
4994,49.940229602,221.315000000,100,1410,1215,54,0
4995,49.950230196,221.315000000,100,1410,1215,54,0
4996,49.960228807,221.315000000,100,1410,1215,54,0
4997,49.970229582,221.315000000,100,1410,1215,54,0
4998,49.980229235,221.315000000,100,1410,1215,54,0
4999,49.990229559,221.315000000,100,1410,1215,54,0
5000,50.000229132,221.315000000,100,1410,1215,54,0
5001,50.010229707,221.315000000,100,1410,1215,54,0
5002,50.020231864,221.315000000,100,1410,1215,54,0
5003,50.030230576,221.315000000,100,1410,1215,54,0
5004,50.040231010,224.064000000,100,1410,1215,54,0
5005,50.050230292,224.064000000,100,1410,1215,54,0
5006,50.060229564,224.064000000,100,1410,1215,54,0
5007,50.070230630,224.064000000,100,1410,1215,54,0
5008,50.080230804,224.064000000,100,1410,1215,54,0
5009,50.090230527,224.064000000,100,1410,1215,54,0
5010,50.100230621,224.064000000,100,1410,1215,54,0
5011,50.110227979,224.064000000,100,1410,1215,54,0
5012,50.120231029,224.064000000,100,1410,1215,54,0
5013,50.130231052,224.064000000,100,1410,1215,54,0
5014,50.140228952,225.498000000,100,1410,1215,54,0
5015,50.150230959,225.498000000,100,1410,1215,54,0
5016,50.160230943,225.498000000,100,1410,1215,54,0
5017,50.170230586,225.498000000,100,1410,1215,54,0
5018,50.180231421,225.498000000,100,1410,1215,54,0
5019,50.190230803,225.498000000,100,1410,1215,54,0
5020,50.200230546,225.498000000,100,1410,1215,54,0
5021,50.210231061,225.498000000,100,1410,1215,54,0
5022,50.220231145,225.498000000,100,1410,1215,54,0
5023,50.230231489,225.498000000,100,1410,1215,54,0
5024,50.240240890,225.714000000,100,1410,1215,54,0
5025,50.250231276,225.714000000,100,1410,1215,54,0
5026,50.260231129,225.714000000,100,1410,1215,54,0
5027,50.270231333,225.714000000,100,1410,1215,54,0
5028,50.280230956,225.714000000,100,1410,1215,54,0
5029,50.290231010,225.714000000,100,1410,1215,54,0
5030,50.300230983,225.714000000,100,1410,1215,54,0
5031,50.310231077,225.714000000,100,1410,1215,54,0
5032,50.320231171,225.714000000,100,1410,1215,54,0
5033,50.330231054,225.714000000,100,1410,1215,54,0
5034,50.340386239,225.841000000,100,1410,1215,54,0
5035,50.350231382,225.841000000,100,1410,1215,54,0
5036,50.360230995,225.841000000,100,1410,1215,54,0
5037,50.370231108,225.841000000,100,1410,1215,54,0
5038,50.380231032,225.841000000,100,1410,1215,54,0
5039,50.390231126,225.841000000,100,1410,1215,54,0
5040,50.400231470,225.841000000,100,1410,1215,54,0
5041,50.410231213,225.841000000,100,1410,1215,54,0
5042,50.420232369,225.841000000,100,1410,1215,54,0
5043,50.430231140,225.841000000,100,1410,1215,54,0
5044,50.440232236,225.984000000,100,1410,1215,54,0
5045,50.450231057,225.984000000,100,1410,1215,54,0
5046,50.460230880,225.984000000,100,1410,1215,54,0
5047,50.470231445,225.984000000,100,1410,1215,54,0
5048,50.480231238,225.984000000,100,1410,1215,54,0
5049,50.490230580,225.984000000,100,1410,1215,54,0
5050,50.500231125,225.984000000,100,1410,1215,54,0
5051,50.510231018,225.984000000,100,1410,1215,54,0
5052,50.520230942,225.984000000,100,1410,1215,54,0
5053,50.530250953,225.984000000,100,1410,1215,54,0
5054,50.540244525,225.920000000,100,1410,1215,54,0
5055,50.550252593,225.920000000,100,1410,1215,54,0
5056,50.560251675,225.920000000,100,1410,1215,54,0
5057,50.570253212,225.920000000,100,1410,1215,54,0
5058,50.580243367,225.920000000,100,1410,1215,54,0
5059,50.590262456,225.920000000,100,1410,1215,54,0
5060,50.600246380,225.920000000,100,1410,1215,54,0
5061,50.610256472,225.920000000,100,1410,1215,54,0
5062,50.620267527,225.920000000,100,1410,1215,54,0
5063,50.630252702,225.920000000,100,1410,1215,54,0
5064,50.640249991,225.624000000,100,1410,1215,54,0
5065,50.650260193,225.624000000,100,1410,1215,54,0
5066,50.660285875,225.624000000,100,1410,1215,54,0
5067,50.670243429,225.624000000,100,1410,1215,54,0
5068,50.680251939,225.624000000,100,1410,1215,54,0
5069,50.690268033,225.624000000,100,1410,1215,54,0
5070,50.700252557,225.624000000,100,1410,1215,54,0
5071,50.710244886,225.624000000,100,1410,1215,54,0
5072,50.720271099,225.624000000,100,1410,1215,54,0
5073,50.730232731,225.624000000,100,1410,1215,54,0
5074,50.740232514,225.179000000,100,1410,1215,54,0
5075,50.750230253,225.179000000,100,1410,1215,54,0
5076,50.760232982,225.179000000,100,1410,1215,54,0
5077,50.770229018,225.179000000,100,1410,1215,54,0
5078,50.780229141,225.179000000,100,1410,1215,54,0
5079,50.790229365,225.179000000,100,1410,1215,54,0
5080,50.800229369,225.179000000,100,1410,1215,54,0
5081,50.810232769,225.179000000,100,1410,1215,54,0
5082,50.820230127,225.179000000,100,1410,1215,54,0
5083,50.830229459,225.179000000,100,1410,1215,54,0
5084,50.840230725,220.899000000,100,1410,1215,54,0
5085,50.850231059,220.899000000,100,1410,1215,54,0
5086,50.860228548,220.899000000,100,1410,1215,54,0
5087,50.870228802,220.899000000,100,1410,1215,54,0
5088,50.880230188,220.899000000,100,1410,1215,54,0
5089,50.890229500,220.899000000,100,1410,1215,54,0
5090,50.900230285,220.899000000,100,1410,1215,54,0
5091,50.910229557,220.899000000,100,1410,1215,54,0
5092,50.920229220,220.899000000,100,1410,1215,54,0
5093,50.930228723,220.899000000,100,1410,1215,54,0
5094,50.940231211,216.506000000,100,1410,1215,54,0
5095,50.950235943,216.506000000,100,1410,1215,54,0
5096,50.960230637,216.506000000,100,1410,1215,54,0
5097,50.970230550,216.506000000,100,1410,1215,54,0
5098,50.980229662,216.506000000,100,1410,1215,54,0
5099,50.990230547,216.506000000,100,1410,1215,54,0
5100,51.000230370,216.506000000,100,1410,1215,54,0
5101,51.010229913,216.506000000,100,1410,1215,54,0
5102,51.020229445,216.506000000,100,1410,1215,54,0
5103,51.030231753,216.506000000,100,1410,1215,54,0
5104,51.040230925,221.316000000,100,1410,1215,54,0
5105,51.050229726,221.316000000,100,1410,1215,54,0
5106,51.060230982,221.316000000,100,1410,1215,54,0
5107,51.070230846,221.316000000,100,1410,1215,54,0
5108,51.080228465,221.316000000,100,1410,1215,54,0
5109,51.090230812,221.316000000,100,1410,1215,54,0
5110,51.100230806,221.316000000,100,1410,1215,54,0
5111,51.110227834,221.316000000,100,1410,1215,54,0
5112,51.120230903,221.316000000,100,1410,1215,54,0
5113,51.130230656,221.316000000,100,1410,1215,54,0
5114,51.140231160,223.823000000,100,1410,1215,54,0
5115,51.150231835,223.823000000,100,1410,1215,54,0
5116,51.160230656,223.823000000,100,1410,1215,54,0
5117,51.170231001,223.823000000,100,1410,1215,54,0
5118,51.180231986,223.823000000,100,1410,1215,54,0
5119,51.190232080,223.823000000,100,1410,1215,54,0
5120,51.200230440,223.823000000,100,1410,1215,54,0
5121,51.210231566,223.823000000,100,1410,1215,54,0
5122,51.220231138,223.823000000,100,1410,1215,54,0
5123,51.230231032,223.823000000,100,1410,1215,54,0
5124,51.240231967,225.240000000,100,1410,1215,54,0
5125,51.250230958,225.240000000,100,1410,1215,54,0
5126,51.260231333,225.240000000,100,1410,1215,54,0
5127,51.270231416,225.240000000,100,1410,1215,54,0
5128,51.280230799,225.240000000,100,1410,1215,54,0
5129,51.290230712,225.240000000,100,1410,1215,54,0
5130,51.300231096,225.240000000,100,1410,1215,54,0
5131,51.310230899,225.240000000,100,1410,1215,54,0
5132,51.320231814,225.240000000,100,1410,1215,54,0
5133,51.330231567,225.240000000,100,1410,1215,54,0
5134,51.340232152,225.714000000,100,1410,1215,54,0
5135,51.350230783,225.714000000,100,1410,1215,54,0
5136,51.360230716,225.714000000,100,1410,1215,54,0
5137,51.370231722,225.714000000,100,1410,1215,54,0
5138,51.380230864,225.714000000,100,1410,1215,54,0
5139,51.390230306,225.714000000,100,1410,1215,54,0
5140,51.400230089,225.714000000,100,1410,1215,54,0
5141,51.410230764,225.714000000,100,1410,1215,54,0
5142,51.420230256,225.714000000,100,1410,1215,54,0
5143,51.430231111,225.714000000,100,1410,1215,54,0
5144,51.440231616,225.833000000,100,1410,1215,54,0
5145,51.450230818,225.833000000,100,1410,1215,54,0
5146,51.460230360,225.833000000,100,1410,1215,54,0
5147,51.470231356,225.833000000,100,1410,1215,54,0
5148,51.480230979,225.833000000,100,1410,1215,54,0
5149,51.490232234,225.833000000,100,1410,1215,54,0
5150,51.500231316,225.833000000,100,1410,1215,54,0
5151,51.510230598,225.833000000,100,1410,1215,54,0
5152,51.520233036,225.833000000,100,1410,1215,54,0
5153,51.530230355,225.833000000,100,1410,1215,54,0
5154,51.540231110,225.840000000,100,1410,1215,54,0
5155,51.550231794,225.840000000,100,1410,1215,54,0
5156,51.560231177,225.840000000,100,1410,1215,54,0
5157,51.570230830,225.840000000,100,1410,1215,54,0
5158,51.580230783,225.840000000,100,1410,1215,54,0
5159,51.590230396,225.840000000,100,1410,1215,54,0
5160,51.600230429,225.840000000,100,1410,1215,54,0
5161,51.610231405,225.840000000,100,1410,1215,54,0
5162,51.620232280,225.840000000,100,1410,1215,54,0
5163,51.630230400,225.840000000,100,1410,1215,54,0
5164,51.640230934,225.750000000,100,1410,1215,54,0
5165,51.650229485,225.750000000,100,1410,1215,54,0
5166,51.660230140,225.750000000,100,1410,1215,54,0
5167,51.670229552,225.750000000,100,1410,1215,54,0
5168,51.680230658,225.750000000,100,1410,1215,54,0
5169,51.690230411,225.750000000,100,1410,1215,54,0
5170,51.700230805,225.750000000,100,1410,1215,54,0
5171,51.710231149,225.750000000,100,1410,1215,54,0
5172,51.720235340,225.750000000,100,1410,1215,54,0
5173,51.730230865,225.750000000,100,1410,1215,54,0
5174,51.740231400,225.816000000,100,1410,1215,54,0
5175,51.750229950,225.816000000,100,1410,1215,54,0
5176,51.760231046,225.816000000,100,1410,1215,54,0
5177,51.770230589,225.816000000,100,1410,1215,54,0
5178,51.780230341,225.816000000,100,1410,1215,54,0
5179,51.790229153,225.816000000,100,1410,1215,54,0
5180,51.800230829,225.816000000,100,1410,1215,54,0
5181,51.810229189,225.816000000,100,1410,1215,54,0
5182,51.820228141,225.816000000,100,1410,1215,54,0
5183,51.830230559,225.816000000,100,1410,1215,54,0
5184,51.840230452,225.306000000,100,1410,1215,54,0
5185,51.850229934,225.306000000,100,1410,1215,54,0
5186,51.860229226,225.306000000,100,1410,1215,54,0
5187,51.870230472,225.306000000,100,1410,1215,54,0
5188,51.880228532,225.306000000,100,1410,1215,54,0
5189,51.890230559,225.306000000,100,1410,1215,54,0
5190,51.900230001,225.306000000,100,1410,1215,54,0
5191,51.910230706,225.306000000,100,1410,1215,54,0
5192,51.920230108,225.306000000,100,1410,1215,54,0
5193,51.930229941,225.306000000,100,1410,1215,54,0
5194,51.940230676,220.982000000,100,1410,1215,54,0
5195,51.950229948,220.982000000,100,1410,1215,54,0
5196,51.960230142,220.982000000,100,1410,1215,54,0
5197,51.970229664,220.982000000,100,1410,1215,54,0
5198,51.980229768,220.982000000,100,1410,1215,54,0
5199,51.990229541,220.982000000,100,1410,1215,54,0
5200,52.000229975,220.982000000,100,1410,1215,54,0
5201,52.010229568,220.982000000,100,1410,1215,54,0
5202,52.020229170,220.982000000,100,1410,1215,54,0
5203,52.030228913,220.982000000,100,1410,1215,54,0
5204,52.040228796,215.723000000,100,1410,1215,54,0
5205,52.050229251,215.723000000,100,1410,1215,54,0
5206,52.060228904,215.723000000,100,1410,1215,54,0
5207,52.070229127,215.723000000,100,1410,1215,54,0
5208,52.080229371,215.723000000,100,1410,1215,54,0
5209,52.090228914,215.723000000,100,1410,1215,54,0
5210,52.100230380,215.723000000,100,1410,1215,54,0
5211,52.110231485,215.723000000,100,1410,1215,54,0
5212,52.123255913,215.723000000,100,1410,1215,54,0
5213,52.130230310,215.723000000,100,1410,1215,54,0
5214,52.140228530,221.306000000,100,1410,1215,54,0
5215,52.150232491,221.306000000,100,1410,1215,54,0
5216,52.160230480,221.306000000,100,1410,1215,54,0
5217,52.172139421,221.306000000,100,1410,1215,54,0
5218,52.180228654,221.306000000,100,1410,1215,54,0
5219,52.190230120,221.306000000,100,1410,1215,54,0
5220,52.200230334,221.306000000,100,1410,1215,54,0
5221,52.210230417,221.306000000,100,1410,1215,54,0
5222,52.220230400,221.306000000,100,1410,1215,54,0
5223,52.230235704,221.306000000,100,1410,1215,54,0
5224,52.253551712,224.237000000,100,1410,1215,54,0
5225,52.253555349,224.237000000,100,1410,1215,54,0
5226,52.260229332,224.237000000,100,1410,1215,54,0
5227,52.270231059,224.237000000,100,1410,1215,54,0
5228,52.280229659,224.237000000,100,1410,1215,54,0
5229,52.290229913,224.237000000,100,1410,1215,54,0
5230,52.300231620,224.237000000,100,1410,1215,54,0
5231,52.310230120,224.237000000,100,1410,1215,54,0
5232,52.320230264,224.237000000,100,1410,1215,54,0
5233,52.330228233,224.237000000,100,1410,1215,54,0
5234,52.340229820,224.947000000,100,1410,1215,54,0
5235,52.350229513,224.947000000,100,1410,1215,54,0
5236,52.360230117,224.947000000,100,1410,1215,54,0
5237,52.370228748,224.947000000,100,1410,1215,54,0
5238,52.380230394,224.947000000,100,1410,1215,54,0
5239,52.390229546,224.947000000,100,1410,1215,54,0
5240,52.400230482,224.947000000,100,1410,1215,54,0
5241,52.410229543,224.947000000,100,1410,1215,54,0
5242,52.420229386,224.947000000,100,1410,1215,54,0
5243,52.430229039,224.947000000,100,1410,1215,54,0
5244,52.440229924,226.014000000,100,1410,1215,54,0
5245,52.450229967,226.014000000,100,1410,1215,54,0
5246,52.460229530,226.014000000,100,1410,1215,54,0
5247,52.470230465,226.014000000,100,1410,1215,54,0
5248,52.480229717,226.014000000,100,1410,1215,54,0
5249,52.490230322,226.014000000,100,1410,1215,54,0
5250,52.500230365,226.014000000,100,1410,1215,54,0
5251,52.510229467,226.014000000,100,1410,1215,54,0
5252,52.520228759,226.014000000,100,1410,1215,54,0
5253,52.530229173,226.014000000,100,1410,1215,54,0
5254,52.540229307,226.307000000,100,1410,1215,54,0
5255,52.550230983,226.307000000,100,1410,1215,54,0
5256,52.560228913,226.307000000,100,1410,1215,54,0
5257,52.570228766,226.307000000,100,1410,1215,54,0
5258,52.580229370,226.307000000,100,1410,1215,54,0
5259,52.590230336,226.307000000,100,1410,1215,54,0
5260,52.600230609,226.307000000,100,1410,1215,54,0
5261,52.610230883,226.307000000,100,1410,1215,54,0
5262,52.620229734,226.307000000,100,1410,1215,54,0
5263,52.630230379,226.307000000,100,1410,1215,54,0
5264,52.640230813,226.181000000,100,1410,1215,54,0
5265,52.650229675,226.181000000,100,1410,1215,54,0
5266,52.660229468,226.181000000,100,1410,1215,54,0
5267,52.670229451,226.181000000,100,1410,1215,54,0
5268,52.680229775,226.181000000,100,1410,1215,54,0
5269,52.690229418,226.181000000,100,1410,1215,54,0
5270,52.700229651,226.181000000,100,1410,1215,54,0
5271,52.710229424,226.181000000,100,1410,1215,54,0
5272,52.720230159,226.181000000,100,1410,1215,54,0
5273,52.730230613,226.181000000,100,1410,1215,54,0
5274,52.740230517,225.816000000,100,1410,1215,54,0
5275,52.750230780,225.816000000,100,1410,1215,54,0
5276,52.760231415,225.816000000,100,1410,1215,54,0
5277,52.773135446,225.816000000,100,1410,1215,54,0
5278,52.780239316,225.816000000,100,1410,1215,54,0
5279,52.790229902,225.816000000,100,1410,1215,54,0
5280,52.800230877,225.816000000,100,1410,1215,54,0
5281,52.813135930,225.816000000,100,1410,1215,54,0
5282,52.820230433,225.816000000,100,1410,1215,54,0
5283,52.830228673,225.816000000,100,1410,1215,54,0
5284,52.840229317,225.816000000,100,1410,1215,54,0
5285,52.850231104,225.846000000,100,1410,1215,54,0
5286,52.860229003,225.846000000,100,1410,1215,54,0
5287,52.870229497,225.846000000,100,1410,1215,54,0
5288,52.880229430,225.846000000,100,1410,1215,54,0
5289,52.890229514,225.846000000,100,1410,1215,54,0
5290,52.900228866,225.846000000,100,1410,1215,54,0
5291,52.910228509,225.846000000,100,1410,1215,54,0
5292,52.920229394,225.846000000,100,1410,1215,54,0
5293,52.930229767,225.846000000,100,1410,1215,54,0
5294,52.940229180,225.846000000,100,1410,1215,54,0
5295,52.950229333,225.593000000,100,1410,1215,54,0
5296,52.960228445,225.593000000,100,1410,1215,54,0
5297,52.970229590,225.593000000,100,1410,1215,54,0
5298,52.980228972,225.593000000,100,1410,1215,54,0
5299,52.990228815,225.593000000,100,1410,1215,54,0
5300,53.000231894,225.593000000,100,1410,1215,54,0
5301,53.010230445,225.593000000,100,1410,1215,54,0
5302,53.020230268,225.593000000,100,1410,1215,54,0
5303,53.030230301,225.593000000,100,1410,1215,54,0
5304,53.040228191,225.593000000,100,1410,1215,54,0
5305,53.050229346,221.967000000,100,1410,1215,54,0
5306,53.060230852,221.967000000,100,1410,1215,54,0
5307,53.070230234,221.967000000,100,1410,1215,54,0
5308,53.080227923,221.967000000,100,1410,1215,54,0
5309,53.090229470,221.967000000,100,1410,1215,54,0
5310,53.100235184,221.967000000,100,1410,1215,54,0
5311,53.110231330,221.967000000,100,1410,1215,54,0
5312,53.120230481,221.967000000,100,1410,1215,54,0
5313,53.130230244,221.967000000,100,1410,1215,54,0
5314,53.140231800,215.910000000,100,1410,1215,54,0
5315,53.150231303,215.910000000,100,1410,1215,54,0
5316,53.160230434,215.910000000,100,1410,1215,54,0
5317,53.170230738,215.910000000,100,1410,1215,54,0
5318,53.180230591,215.910000000,100,1410,1215,54,0
5319,53.190230464,215.910000000,100,1410,1215,54,0
5320,53.200231329,215.910000000,100,1410,1215,54,0
5321,53.210230301,215.910000000,100,1410,1215,54,0
5322,53.220230825,215.910000000,100,1410,1215,54,0
5323,53.230230778,215.910000000,100,1410,1215,54,0
5324,53.240231843,220.247000000,100,1410,1215,54,0
5325,53.250230885,220.247000000,100,1410,1215,54,0
5326,53.260230688,220.247000000,100,1410,1215,54,0
5327,53.270231192,220.247000000,100,1410,1215,54,0
5328,53.280230354,220.247000000,100,1410,1215,54,0
5329,53.290231098,220.247000000,100,1410,1215,54,0
5330,53.300230571,220.247000000,100,1410,1215,54,0
5331,53.310231115,220.247000000,100,1410,1215,54,0
5332,53.320231589,220.247000000,100,1410,1215,54,0
5333,53.330238035,220.247000000,100,1410,1215,54,0
5334,53.343133790,223.848000000,100,1410,1215,54,0
5335,53.350242900,223.848000000,100,1410,1215,54,0
5336,53.360230099,223.848000000,100,1410,1215,54,0
5337,53.370230994,223.848000000,100,1410,1215,54,0
5338,53.380230847,223.848000000,100,1410,1215,54,0
5339,53.393137774,223.848000000,100,1410,1215,54,0
5340,53.400228159,223.848000000,100,1410,1215,54,0
5341,53.410229966,223.848000000,100,1410,1215,54,0
5342,53.420229889,223.848000000,100,1410,1215,54,0
5343,53.430229291,223.848000000,100,1410,1215,54,0
5344,53.440229915,225.331000000,100,1410,1215,54,0
5345,53.450229498,225.331000000,100,1410,1215,54,0
5346,53.460229381,225.331000000,100,1410,1215,54,0
5347,53.470229685,225.331000000,100,1410,1215,54,0
5348,53.480229217,225.331000000,100,1410,1215,54,0
5349,53.490229521,225.331000000,100,1410,1215,54,0
5350,53.500230376,225.331000000,100,1410,1215,54,0
5351,53.510229347,225.331000000,100,1410,1215,54,0
5352,53.520229321,225.331000000,100,1410,1215,54,0
5353,53.530229504,225.331000000,100,1410,1215,54,0
5354,53.540230289,225.786000000,100,1410,1215,54,0
5355,53.550230052,225.786000000,100,1410,1215,54,0
5356,53.560229925,225.786000000,100,1410,1215,54,0
5357,53.570229097,225.786000000,100,1410,1215,54,0
5358,53.580229721,225.786000000,100,1410,1215,54,0
5359,53.590229333,225.786000000,100,1410,1215,54,0
5360,53.600228956,225.786000000,100,1410,1215,54,0
5361,53.610227406,225.786000000,100,1410,1215,54,0
5362,53.620229433,225.786000000,100,1410,1215,54,0
5363,53.630230299,225.786000000,100,1410,1215,54,0
5364,53.640230823,226.109000000,100,1410,1215,54,0
5365,53.650229293,226.109000000,100,1410,1215,54,0
5366,53.660229326,226.109000000,100,1410,1215,54,0
5367,53.670229179,226.109000000,100,1410,1215,54,0
5368,53.680229133,226.109000000,100,1410,1215,54,0
5369,53.690229507,226.109000000,100,1410,1215,54,0
5370,53.700229951,226.109000000,100,1410,1215,54,0
5371,53.710229533,226.109000000,100,1410,1215,54,0
5372,53.720230138,226.109000000,100,1410,1215,54,0
5373,53.730230401,226.109000000,100,1410,1215,54,0
5374,53.740230615,226.021000000,100,1410,1215,54,0
5375,53.750229827,226.021000000,100,1410,1215,54,0
5376,53.760229690,226.021000000,100,1410,1215,54,0
5377,53.770230424,226.021000000,100,1410,1215,54,0
5378,53.780229586,226.021000000,100,1410,1215,54,0
5379,53.790230100,226.021000000,100,1410,1215,54,0
5380,53.800229792,226.021000000,100,1410,1215,54,0
5381,53.810230206,226.021000000,100,1410,1215,54,0
5382,53.820229538,226.021000000,100,1410,1215,54,0
5383,53.830229912,226.021000000,100,1410,1215,54,0
5384,53.840231118,225.924000000,100,1410,1215,54,0
5385,53.850229348,225.924000000,100,1410,1215,54,0
5386,53.860229982,225.924000000,100,1410,1215,54,0
5387,53.870230446,225.924000000,100,1410,1215,54,0
5388,53.880229988,225.924000000,100,1410,1215,54,0
5389,53.890229972,225.924000000,100,1410,1215,54,0
5390,53.900229784,225.924000000,100,1410,1215,54,0
5391,53.910229727,225.924000000,100,1410,1215,54,0
5392,53.920229420,225.924000000,100,1410,1215,54,0
5393,53.930229834,225.924000000,100,1410,1215,54,0
5394,53.940230519,225.924000000,100,1410,1215,54,0
5395,53.950231103,225.924000000,100,1410,1215,54,0
5396,53.962168818,225.924000000,100,1410,1215,54,0
5397,53.970232201,225.924000000,100,1410,1215,54,0
5398,53.980232345,225.924000000,100,1410,1215,54,0
5399,53.990231777,225.924000000,100,1410,1215,54,0
5400,54.001134727,225.924000000,100,1410,1215,54,0
5401,54.010229258,225.924000000,100,1410,1215,54,0
5402,54.020232217,225.924000000,100,1410,1215,54,0
5403,54.030229836,225.924000000,100,1410,1215,54,0
5404,54.040230180,225.330000000,100,1410,1215,54,0
5405,54.050229902,225.330000000,100,1410,1215,54,0
5406,54.060229856,225.330000000,100,1410,1215,54,0
5407,54.070229558,225.330000000,100,1410,1215,54,0
5408,54.080235282,225.330000000,100,1410,1215,54,0
5409,54.090231007,225.330000000,100,1410,1215,54,0
5410,54.100229548,225.330000000,100,1410,1215,54,0
5411,54.110230513,225.330000000,100,1410,1215,54,0
5412,54.120231448,225.330000000,100,1410,1215,54,0
5413,54.130229748,225.330000000,100,1410,1215,54,0
5414,54.140229771,222.985000000,100,1410,1215,54,0
5415,54.150229984,222.985000000,100,1410,1215,54,0
5416,54.160229487,222.985000000,100,1410,1215,54,0
5417,54.170229931,222.985000000,100,1410,1215,54,0
5418,54.180229373,222.985000000,100,1410,1215,54,0
5419,54.190230458,222.985000000,100,1410,1215,54,0
5420,54.200229970,222.985000000,100,1410,1215,54,0
5421,54.210229913,222.985000000,100,1410,1215,54,0
5422,54.220230447,222.985000000,100,1410,1215,54,0
5423,54.230229509,222.985000000,100,1410,1215,54,0
5424,54.240230374,217.730000000,100,1410,1215,54,0
5425,54.250230157,217.730000000,100,1410,1215,54,0
5426,54.260229488,217.730000000,100,1410,1215,54,0
5427,54.270229191,217.730000000,100,1410,1215,54,0
5428,54.280229595,217.730000000,100,1410,1215,54,0
5429,54.290230059,217.730000000,100,1410,1215,54,0
5430,54.300229631,217.730000000,100,1410,1215,54,0
5431,54.310230767,217.730000000,100,1410,1215,54,0
5432,54.320229838,217.730000000,100,1410,1215,54,0
5433,54.330229932,217.730000000,100,1410,1215,54,0
5434,54.340230315,220.317000000,100,1410,1215,54,0
5435,54.350229738,220.317000000,100,1410,1215,54,0
5436,54.360230983,220.317000000,100,1410,1215,54,0
5437,54.370229774,220.317000000,100,1410,1215,54,0
5438,54.380229527,220.317000000,100,1410,1215,54,0
5439,54.390229931,220.317000000,100,1410,1215,54,0
5440,54.400229603,220.317000000,100,1410,1215,54,0
5441,54.410229957,220.317000000,100,1410,1215,54,0
5442,54.420229229,220.317000000,100,1410,1215,54,0
5443,54.430229923,220.317000000,100,1410,1215,54,0
5444,54.440230287,222.780000000,100,1410,1215,54,0
5445,54.450230140,222.780000000,100,1410,1215,54,0
5446,54.460229522,222.780000000,100,1410,1215,54,0
5447,54.470229475,222.780000000,100,1410,1215,54,0
5448,54.480229649,222.780000000,100,1410,1215,54,0
5449,54.490232628,222.780000000,100,1410,1215,54,0
5450,54.500231879,222.780000000,100,1410,1215,54,0
5451,54.510232343,222.780000000,100,1410,1215,54,0
5452,54.520231575,222.780000000,100,1410,1215,54,0
5453,54.530277675,222.780000000,100,1410,1215,54,0
5454,54.540229878,224.837000000,100,1410,1215,54,0
5455,54.550231745,224.837000000,100,1410,1215,54,0
5456,54.560229073,224.837000000,100,1410,1215,54,0
5457,54.570229347,224.837000000,100,1410,1215,54,0
5458,54.580230693,224.837000000,100,1410,1215,54,0
5459,54.590229914,224.837000000,100,1410,1215,54,0
5460,54.600230398,224.837000000,100,1410,1215,54,0
5461,54.610229991,224.837000000,100,1410,1215,54,0
5462,54.620230775,224.837000000,100,1410,1215,54,0
5463,54.630230709,224.837000000,100,1410,1215,54,0
5464,54.640230902,225.810000000,100,1410,1215,54,0
5465,54.650230555,225.810000000,100,1410,1215,54,0
5466,54.660230538,225.810000000,100,1410,1215,54,0
5467,54.670230421,225.810000000,100,1410,1215,54,0
5468,54.680230364,225.810000000,100,1410,1215,54,0
5469,54.690230147,225.810000000,100,1410,1215,54,0
5470,54.700229539,225.810000000,100,1410,1215,54,0
5471,54.710227518,225.810000000,100,1410,1215,54,0
5472,54.720230858,225.810000000,100,1410,1215,54,0
5473,54.730230720,225.810000000,100,1410,1215,54,0
5474,54.740231505,225.810000000,100,1410,1215,54,0
5475,54.750231919,226.181000000,100,1410,1215,54,0
5476,54.760231962,226.181000000,100,1410,1215,54,0
5477,54.770231244,226.181000000,100,1410,1215,54,0
5478,54.780231046,226.181000000,100,1410,1215,54,0
5479,54.790231110,226.181000000,100,1410,1215,54,0
5480,54.800230712,226.181000000,100,1410,1215,54,0
5481,54.810231066,226.181000000,100,1410,1215,54,0
5482,54.820231409,226.181000000,100,1410,1215,54,0
5483,54.830230871,226.181000000,100,1410,1215,54,0
5484,54.840231065,226.181000000,100,1410,1215,54,0
5485,54.850230968,226.373000000,100,1410,1215,54,0
5486,54.860231342,226.373000000,100,1410,1215,54,0
5487,54.870230353,226.373000000,100,1410,1215,54,0
5488,54.880230476,226.373000000,100,1410,1215,54,0
5489,54.890230780,226.373000000,100,1410,1215,54,0
5490,54.900232126,226.373000000,100,1410,1215,54,0
5491,54.910231137,226.373000000,100,1410,1215,54,0
5492,54.920230839,226.373000000,100,1410,1215,54,0
5493,54.930231063,226.373000000,100,1410,1215,54,0
5494,54.940231707,226.373000000,100,1410,1215,54,0
5495,54.950231680,226.373000000,100,1410,1215,54,0
5496,54.960230631,226.373000000,100,1410,1215,54,0
5497,54.970230915,226.373000000,100,1410,1215,54,0
5498,54.980230968,226.373000000,100,1410,1215,54,0
5499,54.990231392,226.373000000,100,1410,1215,54,0
5500,55.000231024,226.373000000,100,1410,1215,54,0
5501,55.010230967,226.373000000,100,1410,1215,54,0
5502,55.020230690,226.373000000,100,1410,1215,54,0
5503,55.030231384,226.373000000,100,1410,1215,54,0
5504,55.040232159,226.080000000,100,1410,1215,54,0
5505,55.050230248,226.080000000,100,1410,1215,54,0
5506,55.060230872,226.080000000,100,1410,1215,54,0
5507,55.070231086,226.080000000,100,1410,1215,54,0
5508,55.080230488,226.080000000,100,1410,1215,54,0
5509,55.090230261,226.080000000,100,1410,1215,54,0
5510,55.100229662,226.080000000,100,1410,1215,54,0
5511,55.110229916,226.080000000,100,1410,1215,54,0
5512,55.120230510,226.080000000,100,1410,1215,54,0
5513,55.130230143,226.080000000,100,1410,1215,54,0
5514,55.140231208,226.020000000,100,1410,1215,54,0
5515,55.150231542,226.020000000,100,1410,1215,54,0
5516,55.160230843,226.020000000,100,1410,1215,54,0
5517,55.170230346,226.020000000,100,1410,1215,54,0
5518,55.180230729,226.020000000,100,1410,1215,54,0
5519,55.190231624,226.020000000,100,1410,1215,54,0
5520,55.200230595,226.020000000,100,1410,1215,54,0
5521,55.210230979,226.020000000,100,1410,1215,54,0
5522,55.220231232,226.020000000,100,1410,1215,54,0
5523,55.230230845,226.020000000,100,1410,1215,54,0
5524,55.240231690,225.882000000,100,1410,1215,54,0
5525,55.250230450,225.882000000,100,1410,1215,54,0
5526,55.260231095,225.882000000,100,1410,1215,54,0
5527,55.270230957,225.882000000,100,1410,1215,54,0
5528,55.280230590,225.882000000,100,1410,1215,54,0
5529,55.290230683,225.882000000,100,1410,1215,54,0
5530,55.300230606,225.882000000,100,1410,1215,54,0
5531,55.310231391,225.882000000,100,1410,1215,54,0
5532,55.320231283,225.882000000,100,1410,1215,54,0
5533,55.330230615,225.882000000,100,1410,1215,54,0
5534,55.340230919,224.020000000,100,1410,1215,54,0
5535,55.350231653,224.020000000,100,1410,1215,54,0
5536,55.360230615,224.020000000,100,1410,1215,54,0
5537,55.370230407,224.020000000,100,1410,1215,54,0
5538,55.380231643,224.020000000,100,1410,1215,54,0
5539,55.390231305,224.020000000,100,1410,1215,54,0
5540,55.400230577,224.020000000,100,1410,1215,54,0
5541,55.410231031,224.020000000,100,1410,1215,54,0
5542,55.420231184,224.020000000,100,1410,1215,54,0
5543,55.430230957,224.020000000,100,1410,1215,54,0
5544,55.440231351,216.781000000,100,1410,1215,54,0
5545,55.450231053,216.781000000,100,1410,1215,54,0
5546,55.460230906,216.781000000,100,1410,1215,54,0
5547,55.470230518,216.781000000,100,1410,1215,54,0
5548,55.480231052,216.781000000,100,1410,1215,54,0
5549,55.490230234,216.781000000,100,1410,1215,54,0
5550,55.500230427,216.781000000,100,1410,1215,54,0
5551,55.510230541,216.781000000,100,1410,1215,54,0
5552,55.520231255,216.781000000,100,1410,1215,54,0
5553,55.530230978,216.781000000,100,1410,1215,54,0
5554,55.540231331,220.246000000,100,1410,1215,54,0
5555,55.550231655,220.246000000,100,1410,1215,54,0
5556,55.560230235,220.246000000,100,1410,1215,54,0
5557,55.570229998,220.246000000,100,1410,1215,54,0
5558,55.580230532,220.246000000,100,1410,1215,54,0
5559,55.590230515,220.246000000,100,1410,1215,54,0
5560,55.600230639,220.246000000,100,1410,1215,54,0
5561,55.610231032,220.246000000,100,1410,1215,54,0
5562,55.620230304,220.246000000,100,1410,1215,54,0
5563,55.630230237,220.246000000,100,1410,1215,54,0
5564,55.640231002,223.248000000,100,1410,1215,54,0
5565,55.650230864,223.248000000,100,1410,1215,54,0
5566,55.660230377,223.248000000,100,1410,1215,54,0
5567,55.670230139,223.248000000,100,1410,1215,54,0
5568,55.680231104,223.248000000,100,1410,1215,54,0
5569,55.690230306,223.248000000,100,1410,1215,54,0
5570,55.700230880,223.248000000,100,1410,1215,54,0
5571,55.710230542,223.248000000,100,1410,1215,54,0
5572,55.720232219,223.248000000,100,1410,1215,54,0
5573,55.730230789,223.248000000,100,1410,1215,54,0
5574,55.740231623,225.043000000,100,1410,1215,54,0
5575,55.750230945,225.043000000,100,1410,1215,54,0
5576,55.760230598,225.043000000,100,1410,1215,54,0
5577,55.770230821,225.043000000,100,1410,1215,54,0
5578,55.780231656,225.043000000,100,1410,1215,54,0
5579,55.790229895,225.043000000,100,1410,1215,54,0
5580,55.800229768,225.043000000,100,1410,1215,54,0
5581,55.810229541,225.043000000,100,1410,1215,54,0
5582,55.820230265,225.043000000,100,1410,1215,54,0
5583,55.830229647,225.043000000,100,1410,1215,54,0
5584,55.840230181,225.791000000,100,1410,1215,54,0
5585,55.850229643,225.791000000,100,1410,1215,54,0
5586,55.860231229,225.791000000,100,1410,1215,54,0
5587,55.870230751,225.791000000,100,1410,1215,54,0
5588,55.880227598,225.791000000,100,1410,1215,54,0
5589,55.890230446,225.791000000,100,1410,1215,54,0
5590,55.900231170,225.791000000,100,1410,1215,54,0
5591,55.910230252,225.791000000,100,1410,1215,54,0
5592,55.920230656,225.791000000,100,1410,1215,54,0
5593,55.930230258,225.791000000,100,1410,1215,54,0
5594,55.940230982,226.277000000,100,1410,1215,54,0
5595,55.950231536,226.277000000,100,1410,1215,54,0
5596,55.960230738,226.277000000,100,1410,1215,54,0
5597,55.970231442,226.277000000,100,1410,1215,54,0
5598,55.980230172,226.277000000,100,1410,1215,54,0
5599,55.990231798,226.277000000,100,1410,1215,54,0
5600,56.000231531,226.277000000,100,1410,1215,54,0
5601,56.010231113,226.277000000,100,1410,1215,54,0
5602,56.020230645,226.277000000,100,1410,1215,54,0
5603,56.030231169,226.277000000,100,1410,1215,54,0
5604,56.040231253,226.308000000,100,1410,1215,54,0
5605,56.050230173,226.308000000,100,1410,1215,54,0
5606,56.060230878,226.308000000,100,1410,1215,54,0
5607,56.070230139,226.308000000,100,1410,1215,54,0
5608,56.080230102,226.308000000,100,1410,1215,54,0
5609,56.090231097,226.308000000,100,1410,1215,54,0
5610,56.100230238,226.308000000,100,1410,1215,54,0
5611,56.110230261,226.308000000,100,1410,1215,54,0
5612,56.120229744,226.308000000,100,1410,1215,54,0
5613,56.130231460,226.308000000,100,1410,1215,54,0
5614,56.140231733,226.116000000,100,1410,1215,54,0
5615,56.150230784,226.116000000,100,1410,1215,55,0
5616,56.160231469,226.116000000,100,1410,1215,55,0
5617,56.170230901,226.116000000,100,1410,1215,55,0
5618,56.180232396,226.116000000,100,1410,1215,55,0
5619,56.190230626,226.116000000,100,1410,1215,55,0
5620,56.200230869,226.116000000,100,1410,1215,55,0
5621,56.210231714,226.116000000,100,1410,1215,55,0
5622,56.220231427,226.116000000,100,1410,1215,55,0
5623,56.230230388,226.116000000,100,1410,1215,55,0
5624,56.240232515,226.475000000,100,1410,1215,55,0
5625,56.250231185,226.475000000,100,1410,1215,55,0
5626,56.260230517,226.475000000,100,1410,1215,55,0
5627,56.270231341,226.475000000,100,1410,1215,55,0
5628,56.280238137,226.475000000,100,1410,1215,55,0
5629,56.290230886,226.475000000,100,1410,1215,55,0
5630,56.300230919,226.475000000,100,1410,1215,55,0
5631,56.310232405,226.475000000,100,1410,1215,55,0
5632,56.320231547,226.475000000,100,1410,1215,55,0
5633,56.330231710,226.475000000,100,1410,1215,55,0
5634,56.340231082,225.806000000,100,1410,1215,55,0
5635,56.350231606,225.806000000,100,1410,1215,55,0
5636,56.360231298,225.806000000,100,1410,1215,55,0
5637,56.370231281,225.806000000,100,1410,1215,55,0
5638,56.380229180,225.806000000,100,1410,1215,55,0
5639,56.390230325,225.806000000,100,1410,1215,55,0
5640,56.400230929,225.806000000,100,1410,1215,55,0
5641,56.410230802,225.806000000,100,1410,1215,55,0
5642,56.420231516,225.806000000,100,1410,1215,55,0
5643,56.430230237,225.806000000,100,1410,1215,55,0
5644,56.440231452,224.723000000,100,1410,1215,55,0
5645,56.450231586,224.723000000,100,1410,1215,55,0
5646,56.460230416,224.723000000,100,1410,1215,55,0
5647,56.470231010,224.723000000,100,1410,1215,55,0
5648,56.480231815,224.723000000,100,1410,1215,55,0
5649,56.490230906,224.723000000,100,1410,1215,55,0
5650,56.500231580,224.723000000,100,1410,1215,55,0
5651,56.510230201,224.723000000,100,1410,1215,55,0
5652,56.520234622,224.723000000,100,1410,1215,55,0
5653,56.530231028,224.723000000,100,1410,1215,55,0
5654,56.540231021,224.723000000,100,1410,1215,55,0
5655,56.550231215,219.369000000,100,1410,1215,54,0
5656,56.560231488,219.369000000,100,1410,1215,54,0
5657,56.570231100,219.369000000,100,1410,1215,54,0
5658,56.580230342,219.369000000,100,1410,1215,54,0
5659,56.590231357,219.369000000,100,1410,1215,54,0
5660,56.600230037,219.369000000,100,1410,1215,54,0
5661,56.610230010,219.369000000,100,1410,1215,54,0
5662,56.620231256,219.369000000,100,1410,1215,54,0
5663,56.630230317,219.369000000,100,1410,1215,54,0
5664,56.640230280,219.369000000,100,1410,1215,54,0
5665,56.650230273,219.245000000,100,1410,1215,54,0
5666,56.660230316,219.245000000,100,1410,1215,54,0
5667,56.670229998,219.245000000,100,1410,1215,54,0
5668,56.680306304,219.245000000,100,1410,1215,54,0
5669,56.690230926,219.245000000,100,1410,1215,54,0
5670,56.700229897,219.245000000,100,1410,1215,54,0
5671,56.710230240,219.245000000,100,1410,1215,54,0
5672,56.720231526,219.245000000,100,1410,1215,54,0
5673,56.730229074,219.245000000,100,1410,1215,54,0
5674,56.740232343,219.245000000,100,1410,1215,54,0
5675,56.750230593,223.182000000,100,1410,1215,54,0
5676,56.760230846,223.182000000,100,1410,1215,54,0
5677,56.770229707,223.182000000,100,1410,1215,54,0
5678,56.780230231,223.182000000,100,1410,1215,54,0
5679,56.790232157,223.182000000,100,1410,1215,54,0
5680,56.800230898,223.182000000,100,1410,1215,54,0
5681,56.810232273,223.182000000,100,1410,1215,54,0
5682,56.820231404,223.182000000,100,1410,1215,54,0
5683,56.830228993,223.182000000,100,1410,1215,54,0
5684,56.840231240,224.761000000,100,1410,1215,54,0
5685,56.850229850,224.761000000,100,1410,1215,54,0
5686,56.860229893,224.761000000,100,1410,1215,54,0
5687,56.870231499,224.761000000,100,1410,1215,54,0
5688,56.880229869,224.761000000,100,1410,1215,54,0
5689,56.890230002,224.761000000,100,1410,1215,54,0
5690,56.900229865,224.761000000,100,1410,1215,54,0
5691,56.910229818,224.761000000,100,1410,1215,54,0
5692,56.920230492,224.761000000,100,1410,1215,54,0
5693,56.930228150,224.761000000,100,1410,1215,54,0
5694,56.940231139,225.433000000,100,1410,1215,54,0
5695,56.950231182,225.433000000,100,1410,1215,55,0
5696,56.960229862,225.433000000,100,1410,1215,55,0
5697,56.970228192,225.433000000,100,1410,1215,55,0
5698,56.980230609,225.433000000,100,1410,1215,55,0
5699,56.990231023,225.433000000,100,1410,1215,55,0
5700,57.000230725,225.433000000,100,1410,1215,55,0
5701,57.010231159,225.433000000,100,1410,1215,55,0
5702,57.020230671,225.433000000,100,1410,1215,55,0
5703,57.030230563,225.433000000,100,1410,1215,55,0
5704,57.040231418,226.211000000,100,1410,1215,54,0
5705,57.050231140,226.211000000,100,1410,1215,54,0
5706,57.060230592,226.211000000,100,1410,1215,54,0
5707,57.070231166,226.211000000,100,1410,1215,54,0
5708,57.080230839,226.211000000,100,1410,1215,54,0
5709,57.090230200,226.211000000,100,1410,1215,54,0
5710,57.100230273,226.211000000,100,1410,1215,54,0
5711,57.110230306,226.211000000,100,1410,1215,54,0
5712,57.120229868,226.211000000,100,1410,1215,54,0
5713,57.130230592,226.211000000,100,1410,1215,54,0
5714,57.140230706,226.578000000,100,1410,1215,54,0
5715,57.150230638,226.578000000,100,1410,1215,55,0
5716,57.160229810,226.578000000,100,1410,1215,55,0
5717,57.170231275,226.578000000,100,1410,1215,55,0
5718,57.180230316,226.578000000,100,1410,1215,55,0
5719,57.190231381,226.578000000,100,1410,1215,55,0
5720,57.200231104,226.578000000,100,1410,1215,55,0
5721,57.210230686,226.578000000,100,1410,1215,55,0
5722,57.220230819,226.578000000,100,1410,1215,55,0
5723,57.230230431,226.578000000,100,1410,1215,55,0
5724,57.240231476,226.277000000,100,1410,1215,55,0
5725,57.250231108,226.277000000,100,1410,1215,55,0
5726,57.260231131,226.277000000,100,1410,1215,55,0
5727,57.270230763,226.277000000,100,1410,1215,55,0
5728,57.280231167,226.277000000,100,1410,1215,55,0
5729,57.290231460,226.277000000,100,1410,1215,55,0
5730,57.300231253,226.277000000,100,1410,1215,55,0
5731,57.310230374,226.277000000,100,1410,1215,55,0
5732,57.320234525,226.277000000,100,1410,1215,55,0
5733,57.330232263,226.277000000,100,1410,1215,55,0
5734,57.340233408,226.188000000,100,1410,1215,55,0
5735,57.350231067,226.188000000,100,1410,1215,55,0
5736,57.360232302,226.188000000,100,1410,1215,55,0
5737,57.370231774,226.188000000,100,1410,1215,55,0
5738,57.380232218,226.188000000,100,1410,1215,55,0
5739,57.390232381,226.188000000,100,1410,1215,55,0
5740,57.400232855,226.188000000,100,1410,1215,55,0
5741,57.410230804,226.188000000,100,1410,1215,55,0
5742,57.420230847,226.188000000,100,1410,1215,55,0
5743,57.430230529,226.188000000,100,1410,1215,55,0
5744,57.440231103,225.792000000,100,1410,1215,55,0
5745,57.450230475,225.792000000,100,1410,1215,55,0
5746,57.460230878,225.792000000,100,1410,1215,55,0
5747,57.470286916,225.792000000,100,1410,1215,55,0
5748,57.482161102,225.792000000,100,1410,1215,55,0
5749,57.490301419,225.792000000,100,1410,1215,55,0
5750,57.500313645,225.792000000,100,1410,1215,55,0
5751,57.510281227,225.792000000,100,1410,1215,55,0
5752,57.520323449,225.792000000,100,1410,1215,55,0
5753,57.530311881,225.792000000,100,1410,1215,55,0
5754,57.540297076,225.595000000,100,1410,1215,55,0
5755,57.550274987,225.595000000,100,1410,1215,55,0
5756,57.560261274,225.595000000,100,1410,1215,55,0
5757,57.570231131,225.595000000,100,1410,1215,55,0
5758,57.580231093,225.595000000,100,1410,1215,55,0
5759,57.590230195,225.595000000,100,1410,1215,55,0
5760,57.600230247,225.595000000,100,1410,1215,55,0
5761,57.610230331,225.595000000,100,1410,1215,55,0
5762,57.620230424,225.595000000,100,1410,1215,55,0
5763,57.630230587,225.595000000,100,1410,1215,55,0
5764,57.640229978,219.575000000,100,1410,1215,55,0
5765,57.650229901,219.575000000,100,1410,1215,55,0
5766,57.660229804,219.575000000,100,1410,1215,55,0
5767,57.670229797,219.575000000,100,1410,1215,55,0
5768,57.680230751,219.575000000,100,1410,1215,55,0
5769,57.690229572,219.575000000,100,1410,1215,55,0
5770,57.700230296,219.575000000,100,1410,1215,55,0
5771,57.710229879,219.575000000,100,1410,1215,55,0
5772,57.720230162,219.575000000,100,1410,1215,55,0
5773,57.730230065,219.575000000,100,1410,1215,55,0
5774,57.740230899,218.340000000,100,1410,1215,55,0
5775,57.750230030,218.340000000,100,1410,1215,55,0
5776,57.760229913,218.340000000,100,1410,1215,55,0
5777,57.770229625,218.340000000,100,1410,1215,55,0
5778,57.780229357,218.340000000,100,1410,1215,55,0
5779,57.790228779,218.340000000,100,1410,1215,55,0
5780,57.800231076,218.340000000,100,1410,1215,55,0
5781,57.812141910,218.340000000,100,1410,1215,55,0
5782,57.820229579,218.340000000,100,1410,1215,55,0
5783,57.830230563,218.340000000,100,1410,1215,55,0
5784,57.840228552,222.478000000,100,1410,1215,54,0
5785,57.850234717,222.478000000,100,1410,1215,54,0
5786,57.860228538,222.478000000,100,1410,1215,54,0
5787,57.870228751,222.478000000,100,1410,1215,54,0
5788,57.880228954,222.478000000,100,1410,1215,54,0
5789,57.890228176,222.478000000,100,1410,1215,54,0
5790,57.900228158,222.478000000,100,1410,1215,54,0
5791,57.910234944,222.478000000,100,1410,1215,54,0
5792,57.920230378,222.478000000,100,1410,1215,54,0
5793,57.930234158,222.478000000,100,1410,1215,54,0
5794,57.940231195,224.803000000,100,1410,1215,54,0
5795,57.950231479,224.803000000,100,1410,1215,54,0
5796,57.960231732,224.803000000,100,1410,1215,54,0
5797,57.970231384,224.803000000,100,1410,1215,54,0
5798,57.980230766,224.803000000,100,1410,1215,54,0
5799,57.990229917,224.803000000,100,1410,1215,54,0
5800,58.000230921,224.803000000,100,1410,1215,54,0
5801,58.010231966,224.803000000,100,1410,1215,54,0
5802,58.021134295,224.803000000,100,1410,1215,54,0
5803,58.030230769,224.803000000,100,1410,1215,54,0
5804,58.040231163,225.678000000,100,1410,1215,54,0
5805,58.050232148,225.678000000,100,1410,1215,54,0
5806,58.060231079,225.678000000,100,1410,1215,54,0
5807,58.070229108,225.678000000,100,1410,1215,54,0
5808,58.080230473,225.678000000,100,1410,1215,54,0
5809,58.091208213,225.678000000,100,1410,1215,54,0
5810,58.100231450,225.678000000,100,1410,1215,54,0
5811,58.110231884,225.678000000,100,1410,1215,54,0
5812,58.120301918,225.678000000,100,1410,1215,54,0
5813,58.130229415,225.678000000,100,1410,1215,54,0
5814,58.142136762,226.314000000,100,1410,1215,55,0
5815,58.150227787,226.314000000,100,1410,1215,55,0
5816,58.160228461,226.314000000,100,1410,1215,55,0
5817,58.170228735,226.314000000,100,1410,1215,55,0
5818,58.180227796,226.314000000,100,1410,1215,55,0
5819,58.190228440,226.314000000,100,1410,1215,55,0
5820,58.200228613,226.314000000,100,1410,1215,55,0
5821,58.210227714,226.314000000,100,1410,1215,55,0
5822,58.220228238,226.314000000,100,1410,1215,55,0
5823,58.230235895,226.314000000,100,1410,1215,55,0
5824,58.240237010,226.458000000,100,1410,1215,55,0
5825,58.250230671,226.458000000,100,1410,1215,55,0
5826,58.260237446,226.458000000,100,1410,1215,55,0
5827,58.270229935,226.458000000,100,1410,1215,55,0
5828,58.280229136,226.458000000,100,1410,1215,55,0
5829,58.290231163,226.458000000,100,1410,1215,55,0
5830,58.300230705,226.458000000,100,1410,1215,55,0
5831,58.310234695,226.458000000,100,1410,1215,55,0
5832,58.322139698,226.458000000,100,1410,1215,55,0
5833,58.330231635,226.458000000,100,1410,1215,55,0
5834,58.340231327,226.039000000,100,1410,1215,55,0
5835,58.350230248,226.039000000,100,1410,1215,55,0
5836,58.360228617,226.039000000,100,1410,1215,55,0
5837,58.370382519,226.039000000,100,1410,1215,55,0
5838,58.380228763,226.039000000,100,1410,1215,55,0
5839,58.390228085,226.039000000,100,1410,1215,55,0
5840,58.400228438,226.039000000,100,1410,1215,55,0
5841,58.410230174,226.039000000,100,1410,1215,55,0
5842,58.420229786,226.039000000,100,1410,1215,55,0
5843,58.430229629,226.039000000,100,1410,1215,55,0
5844,58.440230463,226.133000000,100,1410,1215,55,0
5845,58.450229935,226.133000000,100,1410,1215,55,0
5846,58.460229206,226.133000000,100,1410,1215,55,0
5847,58.470231734,226.133000000,100,1410,1215,55,0
5848,58.480229322,226.133000000,100,1410,1215,55,0
5849,58.490229656,226.133000000,100,1410,1215,55,0
5850,58.500232804,226.133000000,100,1410,1215,55,0
5851,58.510230393,226.133000000,100,1410,1215,55,0
5852,58.520230656,226.133000000,100,1410,1215,55,0
5853,58.530232312,226.133000000,100,1410,1215,55,0
5854,58.540232625,225.834000000,100,1410,1215,55,0
5855,58.550231626,225.834000000,100,1410,1215,55,0
5856,58.560231048,225.834000000,100,1410,1215,55,0
5857,58.570239476,225.834000000,100,1410,1215,55,0
5858,58.580229791,225.834000000,100,1410,1215,55,0
5859,58.590228631,225.834000000,100,1410,1215,55,0
5860,58.600237130,225.834000000,100,1410,1215,55,0
5861,58.610229158,225.834000000,100,1410,1215,55,0
5862,58.620232107,225.834000000,100,1410,1215,55,0
5863,58.630229274,225.834000000,100,1410,1215,55,0
5864,58.640228676,225.337000000,100,1410,1215,55,0
5865,58.650228458,225.337000000,100,1410,1215,55,0
5866,58.660228801,225.337000000,100,1410,1215,55,0
5867,58.670229105,225.337000000,100,1410,1215,55,0
5868,58.680233376,225.337000000,100,1410,1215,55,0
5869,58.690237196,225.337000000,100,1410,1215,55,0
5870,58.700231197,225.337000000,100,1410,1215,55,0
5871,58.710234336,225.337000000,100,1410,1215,55,0
5872,58.720237404,225.337000000,100,1410,1215,55,0
5873,58.730232177,225.337000000,100,1410,1215,55,0
5874,58.740233312,219.882000000,100,1410,1215,55,0
5875,58.750231301,219.882000000,100,1410,1215,55,0
5876,58.760232666,219.882000000,100,1410,1215,55,0
5877,58.770232168,219.882000000,100,1410,1215,55,0
5878,58.780231549,219.882000000,100,1410,1215,55,0
5879,58.790230069,219.882000000,100,1410,1215,55,0
5880,58.800230813,219.882000000,100,1410,1215,55,0
5881,58.810232048,219.882000000,100,1410,1215,55,0
5882,58.820228905,219.882000000,100,1410,1215,55,0
5883,58.830228968,219.882000000,100,1410,1215,55,0
5884,58.840230524,218.679000000,100,1410,1215,55,0
5885,58.850291140,218.679000000,100,1410,1215,55,0
5886,58.860230018,218.679000000,100,1410,1215,55,0
5887,58.870228658,218.679000000,100,1410,1215,55,0
5888,58.880230785,218.679000000,100,1410,1215,55,0
5889,58.890230036,218.679000000,100,1410,1215,55,0
5890,58.900229668,218.679000000,100,1410,1215,55,0
5891,58.910230062,218.679000000,100,1410,1215,55,0
5892,58.920237528,218.679000000,100,1410,1215,55,0
5893,58.930228223,218.679000000,100,1410,1215,55,0
5894,58.940230440,221.905000000,100,1410,1215,55,0
5895,58.950230473,221.905000000,100,1410,1215,55,0
5896,58.960229384,221.905000000,100,1410,1215,55,0
5897,58.970229326,221.905000000,100,1410,1215,55,0
5898,58.980230511,221.905000000,100,1410,1215,55,0
5899,58.990228370,221.905000000,100,1410,1215,55,0
5900,59.000228573,221.905000000,100,1410,1215,55,0
5901,59.010229798,221.905000000,100,1410,1215,55,0
5902,59.020231544,221.905000000,100,1410,1215,55,0
5903,59.030228771,221.905000000,100,1410,1215,55,0
5904,59.040232772,224.502000000,100,1410,1215,54,0
5905,59.050232183,224.502000000,100,1410,1215,54,0
5906,59.061799942,224.502000000,100,1410,1215,54,0
5907,59.070232158,224.502000000,100,1410,1215,54,0
5908,59.080231400,224.502000000,100,1410,1215,54,0
5909,59.090230240,224.502000000,100,1410,1215,54,0
5910,59.100231125,224.502000000,100,1410,1215,54,0
5911,59.110233131,224.502000000,100,1410,1215,54,0
5912,59.122136060,224.502000000,100,1410,1215,54,0
5913,59.130229820,224.502000000,100,1410,1215,54,0
5914,59.140232358,225.810000000,100,1410,1215,54,0
5915,59.150232651,225.810000000,100,1410,1215,55,0
5916,59.160231511,225.810000000,100,1410,1215,55,0
5917,59.170230082,225.810000000,100,1410,1215,55,0
5918,59.180229062,225.810000000,100,1410,1215,55,0
5919,59.190227762,225.810000000,100,1410,1215,55,0
5920,59.200229248,225.810000000,100,1410,1215,55,0
5921,59.210229982,225.810000000,100,1410,1215,55,0
5922,59.220228472,225.810000000,100,1410,1215,55,0
5923,59.230228595,225.810000000,100,1410,1215,55,0
5924,59.240228978,226.091000000,100,1410,1215,55,0
5925,59.250229462,226.091000000,100,1410,1215,55,0
5926,59.260228553,226.091000000,100,1410,1215,55,0
5927,59.270230589,226.091000000,100,1410,1215,55,0
5928,59.280229580,226.091000000,100,1410,1215,55,0
5929,59.290230434,226.091000000,100,1410,1215,55,0
5930,59.300229525,226.091000000,100,1410,1215,55,0
5931,59.310230951,226.091000000,100,1410,1215,55,0
5932,59.320228769,226.091000000,100,1410,1215,55,0
5933,59.330229503,226.091000000,100,1410,1215,55,0
5934,59.340229987,226.435000000,100,1410,1215,55,0
5935,59.350230130,226.435000000,100,1410,1215,55,0
5936,59.360229672,226.435000000,100,1410,1215,55,0
5937,59.370229414,226.435000000,100,1410,1215,55,0
5938,59.380229477,226.435000000,100,1410,1215,55,0
5939,59.390230040,226.435000000,100,1410,1215,55,0
5940,59.400229222,226.435000000,100,1410,1215,55,0
5941,59.410231499,226.435000000,100,1410,1215,55,0
5942,59.420231231,226.435000000,100,1410,1215,55,0
5943,59.430230943,226.435000000,100,1410,1215,55,0
5944,59.440230876,226.362000000,100,1410,1215,55,0
5945,59.450231289,226.362000000,100,1410,1215,55,0
5946,59.460230771,226.362000000,100,1410,1215,55,0
5947,59.470229772,226.362000000,100,1410,1215,55,0
5948,59.480229894,226.362000000,100,1410,1215,55,0
5949,59.490231981,226.362000000,100,1410,1215,55,0
5950,59.500229108,226.362000000,100,1410,1215,55,0
5951,59.510228891,226.362000000,100,1410,1215,55,0
5952,59.520229955,226.362000000,100,1410,1215,55,0
5953,59.530229287,226.362000000,100,1410,1215,55,0
5954,59.540239168,226.314000000,100,1410,1215,55,0
5955,59.550232027,226.314000000,100,1410,1215,55,0
5956,59.560230467,226.314000000,100,1410,1215,55,0
5957,59.570229738,226.314000000,100,1410,1215,55,0
5958,59.580230112,226.314000000,100,1410,1215,55,0
5959,59.590230265,226.314000000,100,1410,1215,55,0
5960,59.600230728,226.314000000,100,1410,1215,55,0
5961,59.610230471,226.314000000,100,1410,1215,55,0
5962,59.620229531,226.314000000,100,1410,1215,55,0
5963,59.630229895,226.314000000,100,1410,1215,55,0
5964,59.640230459,226.037000000,100,1410,1215,55,0
5965,59.650230311,226.037000000,100,1410,1215,55,0
5966,59.660244851,226.037000000,100,1410,1215,55,0
5967,59.670231789,226.037000000,100,1410,1215,55,0
5968,59.680233495,226.037000000,100,1410,1215,55,0
5969,59.690230322,226.037000000,100,1410,1215,55,0
5970,59.700230505,226.037000000,100,1410,1215,55,0
5971,59.710229596,226.037000000,100,1410,1215,55,0
5972,59.720233055,226.037000000,100,1410,1215,55,0
5973,59.730232486,226.037000000,100,1410,1215,55,0
5974,59.740235034,225.355000000,100,1410,1215,55,0
5975,59.750232662,225.355000000,100,1410,1215,55,0
5976,59.760232705,225.355000000,100,1410,1215,55,0
5977,59.770240261,225.355000000,100,1410,1215,55,0
5978,59.780231167,225.355000000,100,1410,1215,55,0
5979,59.790230899,225.355000000,100,1410,1215,55,0
5980,59.800231172,225.355000000,100,1410,1215,55,0
5981,59.810231145,225.355000000,100,1410,1215,55,0
5982,59.820229564,225.355000000,100,1410,1215,55,0
5983,59.830229377,225.355000000,100,1410,1215,55,0
5984,59.840229890,220.318000000,100,1410,1215,55,0
5985,59.850231395,220.318000000,100,1410,1215,55,0
5986,59.860230717,220.318000000,100,1410,1215,55,0
5987,59.870236040,220.318000000,100,1410,1215,55,0
5988,59.880230221,220.318000000,100,1410,1215,55,0
5989,59.891108634,220.318000000,100,1410,1215,55,0
5990,59.900335514,220.318000000,100,1410,1215,55,0
5991,59.911425305,220.318000000,100,1410,1215,55,0
5992,59.920356198,220.318000000,100,1410,1215,55,0
5993,59.930258167,220.318000000,100,1410,1215,55,0
5994,59.940235677,217.801000000,100,1410,1215,55,0
5995,59.950232634,217.801000000,100,1410,1215,55,0
5996,59.960234530,217.801000000,100,1410,1215,55,0
5997,59.970249190,217.801000000,100,1410,1215,55,0
5998,59.980231800,217.801000000,100,1410,1215,55,0
5999,59.990231071,217.801000000,100,1410,1215,55,0
6000,60.000235963,217.801000000,100,1410,1215,55,0
6001,60.010298944,217.801000000,100,1410,1215,55,0
6002,60.020232091,217.801000000,100,1410,1215,55,0
6003,60.030230390,217.801000000,100,1410,1215,55,0
6004,60.040232517,222.274000000,100,1410,1215,55,0
6005,60.050235826,222.274000000,100,1410,1215,55,0
6006,60.060230829,222.274000000,100,1410,1215,55,0
6007,60.070235550,222.274000000,100,1410,1215,55,0
6008,60.080488558,222.274000000,100,1410,1215,55,0
6009,60.090264159,222.274000000,100,1410,1215,55,0
6010,60.102475117,222.274000000,100,1410,1215,55,0
6011,60.110247984,222.274000000,100,1410,1215,55,0
6012,60.120234802,222.274000000,100,1410,1215,55,0
6013,60.130227902,222.274000000,100,1410,1215,55,0
6014,60.140255165,222.274000000,100,1410,1215,55,0
6015,60.150259326,224.359000000,100,1410,1215,55,0
6016,60.160238058,224.359000000,100,1410,1215,55,0
6017,60.170232891,224.359000000,100,1410,1215,55,0
6018,60.182547183,224.359000000,100,1410,1215,55,0
6019,60.190237786,224.359000000,100,1410,1215,55,0
6020,60.200249149,224.359000000,100,1410,1215,55,0
6021,60.210269931,224.359000000,100,1410,1215,55,0
6022,60.220270385,224.359000000,100,1410,1215,55,0
6023,60.233175457,224.359000000,100,1410,1215,55,0
6024,60.241867291,225.640000000,100,1410,1215,55,0
6025,60.250626922,225.640000000,100,1410,1215,55,0
6026,60.260236612,225.640000000,100,1410,1215,55,0
6027,60.270241954,225.640000000,100,1410,1215,55,0
6028,60.280230786,225.640000000,100,1410,1215,55,0
6029,60.290234776,225.640000000,100,1410,1215,55,0
6030,60.300295392,225.640000000,100,1410,1215,55,0
6031,60.310255269,225.640000000,100,1410,1215,55,0
6032,60.320233832,225.640000000,100,1410,1215,55,0
6033,60.333374136,225.640000000,100,1410,1215,55,0
6034,60.343154526,226.073000000,100,1410,1215,55,0
6035,60.350232297,226.073000000,100,1410,1215,55,0
6036,60.360231538,226.073000000,100,1410,1215,55,0
6037,60.371135700,226.073000000,100,1410,1215,55,0
6038,60.380317134,226.073000000,100,1410,1215,55,0
6039,60.390234541,226.073000000,100,1410,1215,55,0
6040,60.400228703,226.073000000,100,1410,1215,55,0
6041,60.410230789,226.073000000,100,1410,1215,55,0
6042,60.420229800,226.073000000,100,1410,1215,55,0
6043,60.430234532,226.073000000,100,1410,1215,55,0
6044,60.440230346,226.603000000,100,1410,1215,55,0
6045,60.450230098,226.603000000,100,1410,1215,55,0
6046,60.460229660,226.603000000,100,1410,1215,55,0
6047,60.470233490,226.603000000,100,1410,1215,55,0
6048,60.481139605,226.603000000,100,1410,1215,55,0
6049,60.490234697,226.603000000,100,1410,1215,55,0
6050,60.500229611,226.603000000,100,1410,1215,55,0
6051,60.510241886,226.603000000,100,1410,1215,55,0
6052,60.520229746,226.603000000,100,1410,1215,55,0
6053,60.530228757,226.603000000,100,1410,1215,55,0
6054,60.540229050,226.601000000,100,1410,1215,55,0
6055,60.550229583,226.601000000,100,1410,1215,55,0
6056,60.560227712,226.601000000,100,1410,1215,55,0
6057,60.570228316,226.601000000,100,1410,1215,55,0
6058,60.580228389,226.601000000,100,1410,1215,55,0
6059,60.590228602,226.601000000,100,1410,1215,55,0
6060,60.600228194,226.601000000,100,1410,1215,55,0
6061,60.610228427,226.601000000,100,1410,1215,55,0
6062,60.620240522,226.601000000,100,1410,1215,55,0
6063,60.630229624,226.601000000,100,1410,1215,55,0
6064,60.640229416,226.236000000,100,1410,1215,55,0
6065,60.650231122,226.236000000,100,1410,1215,55,0
6066,60.660231796,226.236000000,100,1410,1215,55,0
6067,60.670230626,226.236000000,100,1410,1215,55,0
6068,60.680231390,226.236000000,100,1410,1215,55,0
6069,60.690240660,226.236000000,100,1410,1215,55,0
6070,60.700231606,226.236000000,100,1410,1215,55,0
6071,60.710231709,226.236000000,100,1410,1215,55,0
6072,60.720230629,226.236000000,100,1410,1215,55,0
6073,60.732141753,226.236000000,100,1410,1215,55,0
6074,60.740232207,225.967000000,100,1410,1215,55,0
6075,60.750230306,225.967000000,100,1410,1215,55,0
6076,60.762137703,225.967000000,100,1410,1215,55,0
6077,60.770231533,225.967000000,100,1410,1215,55,0
6078,60.780235483,225.967000000,100,1410,1215,55,0
6079,60.790230687,225.967000000,100,1410,1215,55,0
6080,60.803134747,225.967000000,100,1410,1215,55,0
6081,60.810228908,225.967000000,100,1410,1215,55,0
6082,60.820228841,225.967000000,100,1410,1215,55,0
6083,60.830228462,225.967000000,100,1410,1215,55,0
6084,60.840229547,225.655000000,100,1410,1215,55,0
6085,60.850230812,225.655000000,100,1410,1215,55,0
6086,60.860229021,225.655000000,100,1410,1215,55,0
6087,60.870229424,225.655000000,100,1410,1215,55,0
6088,60.880228775,225.655000000,100,1410,1215,55,0
6089,60.890228788,225.655000000,100,1410,1215,55,0
6090,60.900228470,225.655000000,100,1410,1215,55,0
6091,60.910229344,225.655000000,100,1410,1215,55,0
6092,60.920228726,225.655000000,100,1410,1215,55,0
6093,60.930227846,225.655000000,100,1410,1215,55,0
6094,60.940232057,221.085000000,100,1410,1215,55,0
6095,60.950230847,221.085000000,100,1410,1215,55,0
6096,60.960230679,221.085000000,100,1410,1215,55,0
6097,60.971188441,221.085000000,100,1410,1215,55,0
6098,60.980233459,221.085000000,100,1410,1215,55,0
6099,60.990229604,221.085000000,100,1410,1215,55,0
6100,61.000240127,221.085000000,100,1410,1215,55,0
6101,61.010259556,221.085000000,100,1410,1215,55,0
6102,61.020236275,221.085000000,100,1410,1215,55,0
6103,61.030424250,221.085000000,100,1410,1215,55,0
6104,61.040235007,217.047000000,100,1410,1215,55,0
6105,61.050229920,217.047000000,100,1410,1215,55,0
6106,61.060229692,217.047000000,100,1410,1215,55,0
6107,61.070231258,217.047000000,100,1410,1215,55,0
6108,61.081135700,217.047000000,100,1410,1215,55,0
6109,61.090282769,217.047000000,100,1410,1215,55,0
6110,61.100231596,217.047000000,100,1410,1215,55,0
6111,61.110230937,217.047000000,100,1410,1215,55,0
6112,61.120229747,217.047000000,100,1410,1215,55,0
6113,61.130229810,217.047000000,100,1410,1215,55,0
6114,61.140232087,222.031000000,100,1410,1215,55,0
6115,61.150483511,222.031000000,100,1410,1215,55,0
6116,61.163136359,222.031000000,100,1410,1215,55,0
6117,61.170230581,222.031000000,100,1410,1215,55,0
6118,61.180254659,222.031000000,100,1410,1215,55,0
6119,61.190229073,222.031000000,100,1410,1215,55,0
6120,61.200233023,222.031000000,100,1410,1215,55,0
6121,61.210230190,222.031000000,100,1410,1215,55,0
6122,61.220230233,222.031000000,100,1410,1215,55,0
6123,61.230228642,222.031000000,100,1410,1215,55,0
6124,61.240229647,224.371000000,100,1410,1215,55,0
6125,61.250376145,224.371000000,100,1410,1215,55,0
6126,61.260232978,224.371000000,100,1410,1215,55,0
6127,61.270229865,224.371000000,100,1410,1215,55,0
6128,61.280230298,224.371000000,100,1410,1215,55,0
6129,61.290230140,224.371000000,100,1410,1215,55,0
6130,61.300228289,224.371000000,100,1410,1215,55,0
6131,61.310229364,224.371000000,100,1410,1215,55,0
6132,61.320229226,224.371000000,100,1410,1215,55,0
6133,61.330229459,224.371000000,100,1410,1215,55,0
6134,61.340231615,225.779000000,100,1410,1215,55,0
6135,61.350230105,225.779000000,100,1410,1215,55,0
6136,61.360230388,225.779000000,100,1410,1215,55,0
6137,61.370229579,225.779000000,100,1410,1215,55,0
6138,61.380229892,225.779000000,100,1410,1215,55,0
6139,61.390228452,225.779000000,100,1410,1215,55,0
6140,61.400229126,225.779000000,100,1410,1215,55,0
6141,61.410240169,225.779000000,100,1410,1215,55,0
6142,61.420252114,225.779000000,100,1410,1215,55,0
6143,61.430233541,225.779000000,100,1410,1215,55,0
6144,61.440246558,226.313000000,100,1410,1215,55,0
6145,61.450259625,226.313000000,100,1410,1215,55,0
6146,61.461140543,226.313000000,100,1410,1215,55,0
6147,61.470259470,226.313000000,100,1410,1215,55,0
6148,61.480229066,226.313000000,100,1410,1215,55,0
6149,61.490232885,226.313000000,100,1410,1215,55,0
6150,61.500234330,226.313000000,100,1410,1215,55,0
6151,61.510231838,226.313000000,100,1410,1215,55,0
6152,61.520230558,226.313000000,100,1410,1215,55,0
6153,61.530231152,226.313000000,100,1410,1215,55,0
6154,61.540228930,226.350000000,100,1410,1215,55,0
6155,61.550230075,226.350000000,100,1410,1215,55,0
6156,61.560249514,226.350000000,100,1410,1215,55,0
6157,61.570231963,226.350000000,100,1410,1215,55,0
6158,61.580236134,226.350000000,100,1410,1215,55,0
6159,61.590237459,226.350000000,100,1410,1215,55,0
6160,61.600232201,226.350000000,100,1410,1215,55,0
6161,61.610230050,226.350000000,100,1410,1215,55,0
6162,61.620237105,226.350000000,100,1410,1215,55,0
6163,61.633135555,226.350000000,100,1410,1215,55,0
6164,61.640231570,226.523000000,100,1410,1215,55,0
6165,61.650236813,226.523000000,100,1410,1215,55,0
6166,61.661381877,226.523000000,100,1410,1215,55,0
6167,61.670229534,226.523000000,100,1410,1215,55,0
6168,61.680232452,226.523000000,100,1410,1215,55,0
6169,61.690238255,226.523000000,100,1410,1215,55,0
6170,61.700230683,226.523000000,100,1410,1215,55,0
6171,61.711136748,226.523000000,100,1410,1215,55,0
6172,61.720230808,226.523000000,100,1410,1215,55,0
6173,61.730232244,226.523000000,100,1410,1215,55,0
6174,61.740234681,226.558000000,100,1410,1215,55,0
6175,61.750231106,226.558000000,100,1410,1215,55,0
6176,61.760228985,226.558000000,100,1410,1215,55,0
6177,61.770230290,226.558000000,100,1410,1215,55,0
6178,61.780229340,226.558000000,100,1410,1215,55,0
6179,61.790234382,226.558000000,100,1410,1215,55,0
6180,61.800230477,226.558000000,100,1410,1215,55,0
6181,61.811137995,226.558000000,100,1410,1215,55,0
6182,61.820233337,226.558000000,100,1410,1215,55,0
6183,61.830235644,226.558000000,100,1410,1215,55,0
6184,61.840229865,226.206000000,100,1410,1215,55,0
6185,61.850231050,226.206000000,100,1410,1215,55,0
6186,61.860233948,226.206000000,100,1410,1215,55,0
6187,61.870233620,226.206000000,100,1410,1215,55,0
6188,61.880229264,226.206000000,100,1410,1215,55,0
6189,61.890232673,226.206000000,100,1410,1215,55,0
6190,61.900234759,226.206000000,100,1410,1215,55,0
6191,61.910233740,226.206000000,100,1410,1215,55,0
6192,61.920231899,226.206000000,100,1410,1215,55,0
6193,61.930233384,226.206000000,100,1410,1215,55,0
6194,61.940261128,225.571000000,100,1410,1215,55,0
6195,61.950233419,225.571000000,100,1410,1215,55,0
6196,61.960235385,225.571000000,100,1410,1215,55,0
6197,61.970233233,225.571000000,100,1410,1215,55,0
6198,61.980230360,225.571000000,100,1410,1215,55,0
6199,61.990234280,225.571000000,100,1410,1215,55,0
6200,62.000230745,225.571000000,100,1410,1215,55,0
6201,62.010912489,225.571000000,100,1410,1215,55,0
6202,62.020231672,225.571000000,100,1410,1215,55,0
6203,62.030238868,225.571000000,100,1410,1215,55,0
6204,62.040402137,221.335000000,100,1410,1215,55,0
6205,62.050231839,221.335000000,100,1410,1215,55,0
6206,62.060599072,221.335000000,100,1410,1215,55,0
6207,62.070233167,221.335000000,100,1410,1215,55,0
6208,62.080233680,221.335000000,100,1410,1215,55,0
6209,62.090232901,221.335000000,100,1410,1215,55,0
6210,62.100230449,221.335000000,100,1410,1215,55,0
6211,62.110233728,221.335000000,100,1410,1215,55,0
6212,62.120233610,221.335000000,100,1410,1215,55,0
6213,62.130232159,221.335000000,100,1410,1215,55,0
6214,62.141185814,216.806000000,100,1410,1215,55,0
6215,62.150236292,216.806000000,100,1410,1215,55,0
6216,62.160231886,216.806000000,100,1410,1215,55,0
6217,62.170230646,216.806000000,100,1410,1215,55,0
6218,62.180241889,216.806000000,100,1410,1215,55,0
6219,62.190230060,216.806000000,100,1410,1215,55,0
6220,62.200230092,216.806000000,100,1410,1215,55,0
6221,62.210231547,216.806000000,100,1410,1215,55,0
6222,62.220231279,216.806000000,100,1410,1215,55,0
6223,62.230231842,216.806000000,100,1410,1215,55,0
6224,62.240230462,221.404000000,100,1410,1215,55,0
6225,62.250237718,221.404000000,100,1410,1215,55,0
6226,62.260234715,221.404000000,100,1410,1215,55,0
6227,62.270252411,221.404000000,100,1410,1215,55,0
6228,62.280232916,221.404000000,100,1410,1215,55,0
6229,62.290230965,221.404000000,100,1410,1215,55,0
6230,62.300232400,221.404000000,100,1410,1215,55,0
6231,62.310232002,221.404000000,100,1410,1215,55,0
6232,62.320229971,221.404000000,100,1410,1215,55,0
6233,62.330231175,221.404000000,100,1410,1215,55,0
6234,62.340231027,224.198000000,100,1410,1215,55,0
6235,62.350261527,224.198000000,100,1410,1215,55,0
6236,62.360232796,224.198000000,100,1410,1215,55,0
6237,62.370229502,224.198000000,100,1410,1215,55,0
6238,62.380230276,224.198000000,100,1410,1215,55,0
6239,62.390231320,224.198000000,100,1410,1215,55,0
6240,62.400284131,224.198000000,100,1410,1215,55,0
6241,62.410233308,224.198000000,100,1410,1215,55,0
6242,62.420246586,224.198000000,100,1410,1215,55,0
6243,62.430233754,224.198000000,100,1410,1215,55,0
6244,62.440230821,225.458000000,100,1410,1215,55,0
6245,62.450260910,225.458000000,100,1410,1215,55,0
6246,62.460231407,225.458000000,100,1410,1215,55,0
6247,62.470249062,225.458000000,100,1410,1215,55,0
6248,62.480313095,225.458000000,100,1410,1215,55,0
6249,62.490231063,225.458000000,100,1410,1215,55,0
6250,62.500231727,225.458000000,100,1410,1215,55,0
6251,62.510229385,225.458000000,100,1410,1215,55,0
6252,62.520230720,225.458000000,100,1410,1215,55,0
6253,62.530228919,225.458000000,100,1410,1215,55,0
6254,62.540229813,226.302000000,100,1410,1215,55,0
6255,62.550235125,226.302000000,100,1410,1215,55,0
6256,62.560232132,226.302000000,100,1410,1215,55,0
6257,62.570227756,226.302000000,100,1410,1215,55,0
6258,62.580229432,226.302000000,100,1410,1215,55,0
6259,62.590272595,226.302000000,100,1410,1215,55,0
6260,62.601171266,226.302000000,100,1410,1215,55,0
6261,62.610235961,226.302000000,100,1410,1215,55,0
6262,62.620934887,226.302000000,100,1410,1215,55,0
6263,62.630232790,226.302000000,100,1410,1215,55,0
6264,62.640229636,226.812000000,100,1410,1215,55,0
6265,62.650230471,226.812000000,100,1410,1215,55,0
6266,62.660440618,226.812000000,100,1410,1215,55,0
6267,62.670254330,226.812000000,100,1410,1215,55,0
6268,62.680233904,226.812000000,100,1410,1215,55,0
6269,62.690229308,226.812000000,100,1410,1215,55,0
6270,62.700232015,226.812000000,100,1410,1215,55,0
6271,62.710231256,226.812000000,100,1410,1215,55,0
6272,62.720229916,226.812000000,100,1410,1215,55,0
6273,62.730270475,226.812000000,100,1410,1215,55,0
6274,62.740231273,226.313000000,100,1410,1215,55,0
6275,62.750337776,226.313000000,100,1410,1215,55,0
6276,62.760232400,226.313000000,100,1410,1215,55,0
6277,62.770232022,226.313000000,100,1410,1215,55,0
6278,62.780230822,226.313000000,100,1410,1215,55,0
6279,62.790230253,226.313000000,100,1410,1215,55,0
6280,62.800230907,226.313000000,100,1410,1215,55,0
6281,62.810239705,226.313000000,100,1410,1215,55,0
6282,62.820240890,226.313000000,100,1410,1215,55,0
6283,62.833937759,226.313000000,100,1410,1215,55,0
6284,62.843161162,226.362000000,100,1410,1215,55,0
6285,62.850390788,226.362000000,100,1410,1215,55,0
6286,62.860253162,226.362000000,100,1410,1215,55,0
6287,62.870621607,226.362000000,100,1410,1215,55,0
6288,62.881069330,226.362000000,100,1410,1215,55,0
6289,62.890238742,226.362000000,100,1410,1215,55,0
6290,62.900255496,226.362000000,100,1410,1215,55,0
6291,62.910416511,226.362000000,100,1410,1215,55,0
6292,62.920252124,226.362000000,100,1410,1215,55,0
6293,62.930322478,226.362000000,100,1410,1215,55,0
6294,62.940241068,226.230000000,100,1410,1215,55,0
6295,62.950351357,226.230000000,100,1410,1215,55,0
6296,62.960231214,226.230000000,100,1410,1215,55,0
6297,62.970251454,226.230000000,100,1410,1215,55,0
6298,62.980234294,226.230000000,100,1410,1215,55,0
6299,62.990230600,226.230000000,100,1410,1215,55,0
6300,63.000231393,226.230000000,100,1410,1215,55,0
6301,63.010238249,226.230000000,100,1410,1215,55,0
6302,63.020231137,226.230000000,100,1410,1215,55,0
6303,63.032148974,226.230000000,100,1410,1215,55,0
6304,63.040234929,226.007000000,100,1410,1215,55,0
6305,63.050231004,226.007000000,100,1410,1215,55,0
6306,63.060229814,226.007000000,100,1410,1215,55,0
6307,63.070236940,226.007000000,100,1410,1215,55,0
6308,63.080229428,226.007000000,100,1410,1215,55,0
6309,63.090229320,226.007000000,100,1410,1215,55,0
6310,63.100230675,226.007000000,100,1410,1215,55,0
6311,63.110230517,226.007000000,100,1410,1215,55,0
6312,63.120242471,226.007000000,100,1410,1215,55,0
6313,63.130229610,226.007000000,100,1410,1215,55,0
6314,63.140234331,222.364000000,100,1410,1215,55,0
6315,63.150229254,222.364000000,100,1410,1215,55,0
6316,63.160231410,222.364000000,100,1410,1215,55,0
6317,63.170230190,222.364000000,100,1410,1215,55,0
6318,63.180228719,222.364000000,100,1410,1215,55,0
6319,63.190228361,222.364000000,100,1410,1215,55,0
6320,63.200230567,222.364000000,100,1410,1215,55,0
6321,63.210228135,222.364000000,100,1410,1215,55,0
6322,63.220253054,222.364000000,100,1410,1215,55,0
6323,63.230232538,222.364000000,100,1410,1215,55,0
6324,63.240231779,216.610000000,100,1410,1215,55,0
6325,63.250243724,216.610000000,100,1410,1215,55,0
6326,63.260288590,216.610000000,100,1410,1215,55,0
6327,63.270242155,216.610000000,100,1410,1215,55,0
6328,63.280230706,216.610000000,100,1410,1215,55,0
6329,63.290247720,216.610000000,100,1410,1215,55,0
6330,63.300233276,216.610000000,100,1410,1215,55,0
6331,63.310230122,216.610000000,100,1410,1215,55,0
6332,63.320228832,216.610000000,100,1410,1215,55,0
6333,63.330228954,216.610000000,100,1410,1215,55,0
6334,63.340233435,221.138000000,100,1410,1215,55,0
6335,63.350235762,221.138000000,100,1410,1215,55,0
6336,63.360230504,221.138000000,100,1410,1215,55,0
6337,63.374150613,221.138000000,100,1410,1215,55,0
6338,63.380231370,221.138000000,100,1410,1215,55,0
6339,63.390233747,221.138000000,100,1410,1215,55,0
6340,63.400229301,221.138000000,100,1410,1215,55,0
6341,63.410229844,221.138000000,100,1410,1215,55,0
6342,63.420229055,221.138000000,100,1410,1215,55,0
6343,63.430230640,221.138000000,100,1410,1215,55,0
6344,63.440228889,223.846000000,100,1410,1215,55,0
6345,63.450230865,223.846000000,100,1410,1215,55,0
6346,63.460228674,223.846000000,100,1410,1215,55,0
6347,63.470229237,223.846000000,100,1410,1215,55,0
6348,63.480229289,223.846000000,100,1410,1215,55,0
6349,63.490228139,223.846000000,100,1410,1215,55,0
6350,63.500229013,223.846000000,100,1410,1215,55,0
6351,63.510228845,223.846000000,100,1410,1215,55,0
6352,63.520228637,223.846000000,100,1410,1215,55,0
6353,63.530228119,223.846000000,100,1410,1215,55,0
6354,63.540232199,223.846000000,100,1410,1215,55,0
6355,63.550232391,225.450000000,100,1410,1215,55,0
6356,63.560231442,225.450000000,100,1410,1215,55,0
6357,63.570423926,225.450000000,100,1410,1215,55,0
6358,63.580234312,225.450000000,100,1410,1215,55,0
6359,63.590248010,225.450000000,100,1410,1215,55,0
6360,63.600231691,225.450000000,100,1410,1215,55,0
6361,63.610231594,225.450000000,100,1410,1215,55,0
6362,63.620234441,225.450000000,100,1410,1215,55,0
6363,63.630229524,225.450000000,100,1410,1215,55,0
6364,63.640262158,225.450000000,100,1410,1215,55,0
6365,63.650231763,226.021000000,100,1410,1215,55,0
6366,63.660231845,226.021000000,100,1410,1215,55,0
6367,63.670230946,226.021000000,100,1410,1215,55,0
6368,63.680283086,226.021000000,100,1410,1215,55,0
6369,63.690232984,226.021000000,100,1410,1215,55,0
6370,63.700229550,226.021000000,100,1410,1215,55,0
6371,63.710230815,226.021000000,100,1410,1215,55,0
6372,63.720230016,226.021000000,100,1410,1215,55,0
6373,63.730230509,226.021000000,100,1410,1215,55,0
6374,63.740232305,226.021000000,100,1410,1215,55,0
6375,63.750230744,226.608000000,100,1410,1215,55,0
6376,63.760230796,226.608000000,100,1410,1215,55,0
6377,63.770229806,226.608000000,100,1410,1215,55,0
6378,63.780230029,226.608000000,100,1410,1215,55,0
6379,63.790229060,226.608000000,100,1410,1215,55,0
6380,63.800229693,226.608000000,100,1410,1215,55,0
6381,63.810229144,226.608000000,100,1410,1215,55,0
6382,63.820229096,226.608000000,100,1410,1215,55,0
6383,63.830229359,226.608000000,100,1410,1215,55,0
6384,63.840230112,226.608000000,100,1410,1215,55,0
6385,63.850229834,226.697000000,100,1410,1215,55,0
6386,63.860229265,226.697000000,100,1410,1215,55,0
6387,63.870229177,226.697000000,100,1410,1215,55,0
6388,63.880230041,226.697000000,100,1410,1215,55,0
6389,63.890229402,226.697000000,100,1410,1215,55,0
6390,63.900228994,226.697000000,100,1410,1215,55,0
6391,63.910229607,226.697000000,100,1410,1215,55,0
6392,63.920242203,226.697000000,100,1410,1215,55,0
6393,63.930231084,226.697000000,100,1410,1215,55,0
6394,63.940231256,226.697000000,100,1410,1215,55,0
6395,63.950235757,226.405000000,100,1410,1215,55,0
6396,63.960231361,226.405000000,100,1410,1215,55,0
6397,63.970229490,226.405000000,100,1410,1215,55,0
6398,63.980230093,226.405000000,100,1410,1215,55,0
6399,63.990229745,226.405000000,100,1410,1215,55,0
6400,64.000230458,226.405000000,100,1410,1215,55,0
6401,64.010230390,226.405000000,100,1410,1215,55,0
6402,64.020229671,226.405000000,100,1410,1215,55,0
6403,64.030230164,226.405000000,100,1410,1215,55,0
6404,64.040231359,226.308000000,100,1410,1215,55,0
6405,64.050244526,226.308000000,100,1410,1215,55,0
6406,64.060230692,226.308000000,100,1410,1215,55,0
6407,64.070229622,226.308000000,100,1410,1215,55,0
6408,64.080233301,226.308000000,100,1410,1215,55,0
6409,64.090229196,226.308000000,100,1410,1215,55,0
6410,64.100230651,226.308000000,100,1410,1215,55,0
6411,64.110230372,226.308000000,100,1410,1215,55,0
6412,64.120229573,226.308000000,100,1410,1215,55,0
6413,64.130234655,226.308000000,100,1410,1215,55,0
6414,64.140230750,226.015000000,100,1410,1215,55,0
6415,64.150229599,226.015000000,100,1410,1215,55,0
6416,64.160230784,226.015000000,100,1410,1215,55,0
6417,64.170230526,226.015000000,100,1410,1215,55,0
6418,64.180229245,226.015000000,100,1410,1215,55,0
6419,64.190230600,226.015000000,100,1410,1215,55,0
6420,64.200229120,226.015000000,100,1410,1215,55,0
6421,64.210233640,226.015000000,100,1410,1215,55,0
6422,64.220231008,226.015000000,100,1410,1215,55,0
6423,64.230231220,226.015000000,100,1410,1215,55,0
6424,64.240230601,223.043000000,100,1410,1215,55,0
6425,64.250229892,223.043000000,100,1410,1215,55,0
6426,64.260229193,223.043000000,100,1410,1215,55,0
6427,64.270229496,223.043000000,100,1410,1215,55,0
6428,64.280229849,223.043000000,100,1410,1215,55,0
6429,64.290229610,223.043000000,100,1410,1215,55,0
6430,64.300230544,223.043000000,100,1410,1215,55,0
6431,64.310229715,223.043000000,100,1410,1215,55,0
6432,64.320231060,223.043000000,100,1410,1215,55,0
6433,64.330229479,223.043000000,100,1410,1215,55,0
6434,64.340230934,215.041000000,100,1410,1215,55,0
6435,64.350230816,215.041000000,100,1410,1215,55,0
6436,64.360231048,215.041000000,100,1410,1215,55,0
6437,64.370234908,215.041000000,100,1410,1215,55,0
6438,64.380230351,215.041000000,100,1410,1215,55,0
6439,64.390230524,215.041000000,100,1410,1215,55,0
6440,64.400229665,215.041000000,100,1410,1215,55,0
6441,64.410229196,215.041000000,100,1410,1215,55,0
6442,64.420229809,215.041000000,100,1410,1215,55,0
6443,64.430230373,215.041000000,100,1410,1215,55,0
6444,64.440230164,221.352000000,100,1410,1215,55,0
6445,64.450230116,221.352000000,100,1410,1215,55,0
6446,64.460234948,221.352000000,100,1410,1215,55,0
6447,64.470230011,221.352000000,100,1410,1215,55,0
6448,64.480232337,221.352000000,100,1410,1215,55,0
6449,64.490230165,221.352000000,100,1410,1215,55,0
6450,64.500229576,221.352000000,100,1410,1215,55,0
6451,64.510230300,221.352000000,100,1410,1215,55,0
6452,64.520230913,221.352000000,100,1410,1215,55,0
6453,64.530230094,221.352000000,100,1410,1215,55,0
6454,64.540232090,223.938000000,100,1410,1215,55,0
6455,64.550235769,223.938000000,100,1410,1215,55,0
6456,64.560230110,223.938000000,100,1410,1215,55,0
6457,64.570229101,223.938000000,100,1410,1215,55,0
6458,64.580230375,223.938000000,100,1410,1215,55,0
6459,64.590229095,223.938000000,100,1410,1215,55,0
6460,64.600230680,223.938000000,100,1410,1215,55,0
6461,64.610234450,223.938000000,100,1410,1215,55,0
6462,64.620230164,223.938000000,100,1410,1215,55,0
6463,64.630233532,223.938000000,100,1410,1215,55,0
6464,64.640231070,225.402000000,100,1410,1215,55,0
6465,64.650230241,225.402000000,100,1410,1215,55,0
6466,64.660229822,225.402000000,100,1410,1215,55,0
6467,64.670230265,225.402000000,100,1410,1215,55,0
6468,64.680229957,225.402000000,100,1410,1215,55,0
6469,64.690229859,225.402000000,100,1410,1215,55,0
6470,64.700230292,225.402000000,100,1410,1215,55,0
6471,64.710235233,225.402000000,100,1410,1215,55,0
6472,64.720229945,225.402000000,100,1410,1215,55,0
6473,64.730234346,225.402000000,100,1410,1215,55,0
6474,64.740239658,226.205000000,100,1410,1215,55,0
6475,64.750231995,226.205000000,100,1410,1215,55,0
6476,64.760230976,226.205000000,100,1410,1215,55,0
6477,64.770230397,226.205000000,100,1410,1215,55,0
6478,64.780230078,226.205000000,100,1410,1215,55,0
6479,64.790230421,226.205000000,100,1410,1215,55,0
6480,64.800229311,226.205000000,100,1410,1215,55,0
6481,64.810230054,226.205000000,100,1410,1215,55,0
6482,64.820229886,226.205000000,100,1410,1215,55,0
6483,64.830229458,226.205000000,100,1410,1215,55,0
6484,64.840229760,226.793000000,100,1410,1215,55,0
6485,64.850231045,226.793000000,100,1410,1215,55,0
6486,64.860230456,226.793000000,100,1410,1215,55,0
6487,64.870229746,226.793000000,100,1410,1215,55,0
6488,64.880230610,226.793000000,100,1410,1215,55,0
6489,64.890230873,226.793000000,100,1410,1215,55,0
6490,64.900229773,226.793000000,100,1410,1215,55,0
6491,64.910230136,226.793000000,100,1410,1215,55,0
6492,64.920229296,226.793000000,100,1410,1215,55,0
6493,64.930229889,226.793000000,100,1410,1215,55,0
6494,64.940231234,226.769000000,100,1410,1215,55,0
6495,64.950231867,226.769000000,100,1410,1215,55,0
6496,64.960229916,226.769000000,100,1410,1215,55,0
6497,64.970230449,226.769000000,100,1410,1215,55,0
6498,64.980230661,226.769000000,100,1410,1215,55,0
6499,64.990230173,226.769000000,100,1410,1215,55,0
6500,65.000230956,226.769000000,100,1410,1215,55,0
6501,65.010246517,226.769000000,100,1410,1215,55,0
6502,65.020235689,226.769000000,100,1410,1215,55,0
6503,65.030230742,226.769000000,100,1410,1215,55,0
6504,65.040263956,226.481000000,100,1410,1215,55,0
6505,65.050265131,226.481000000,100,1410,1215,55,0
6506,65.060247179,226.481000000,100,1410,1215,55,0
6507,65.070261558,226.481000000,100,1410,1215,55,0
6508,65.080276889,226.481000000,100,1410,1215,55,0
6509,65.090275529,226.481000000,100,1410,1215,55,0
6510,65.100304074,226.481000000,100,1410,1215,55,0
6511,65.110253131,226.481000000,100,1410,1215,55,0
6512,65.120237343,226.481000000,100,1410,1215,55,0
6513,65.130245300,226.481000000,100,1410,1215,55,0
6514,65.140236776,226.380000000,100,1410,1215,55,0
6515,65.150243040,226.380000000,100,1410,1215,55,0
6516,65.160241990,226.380000000,100,1410,1215,55,0
6517,65.170229299,226.380000000,100,1410,1215,55,0
6518,65.180236314,226.380000000,100,1410,1215,55,0
6519,65.190364667,226.380000000,100,1410,1215,55,0
6520,65.200319675,226.380000000,100,1410,1215,55,0
6521,65.211514402,226.380000000,100,1410,1215,55,0
6522,65.220287799,226.380000000,100,1410,1215,55,0
6523,65.230237036,226.380000000,100,1410,1215,55,0
6524,65.240230045,226.056000000,100,1410,1215,55,0
6525,65.250207605,226.056000000,100,1410,1215,55,0
6526,65.260242092,226.056000000,100,1410,1215,55,0
6527,65.270234099,226.056000000,100,1410,1215,55,0
6528,65.280681952,226.056000000,100,1410,1215,55,0
6529,65.290244673,226.056000000,100,1410,1215,55,0
6530,65.302182987,226.056000000,100,1410,1215,55,0
6531,65.310233265,226.056000000,100,1410,1215,55,0
6532,65.321784523,226.056000000,100,1410,1215,55,0
6533,65.330291429,226.056000000,100,1410,1215,55,0
6534,65.340839922,223.631000000,100,1410,1215,55,0
6535,65.350282136,223.631000000,100,1410,1215,55,0
6536,65.360269644,223.631000000,100,1410,1215,55,0
6537,65.370362471,223.631000000,100,1410,1215,55,0
6538,65.380268817,223.631000000,100,1410,1215,55,0
6539,65.390278327,223.631000000,100,1410,1215,55,0
6540,65.400277668,223.631000000,100,1410,1215,55,0
6541,65.410278562,223.631000000,100,1410,1215,55,0
6542,65.420259338,223.631000000,100,1410,1215,55,0
6543,65.430233792,223.631000000,100,1410,1215,55,0
6544,65.440230508,214.617000000,100,1410,1215,55,0
6545,65.450229468,214.617000000,100,1410,1215,55,0
6546,65.460260318,214.617000000,100,1410,1215,55,0
6547,65.470268686,214.617000000,100,1410,1215,55,0
6548,65.480275000,214.617000000,100,1410,1215,55,0
6549,65.490269161,214.617000000,100,1410,1215,55,0
6550,65.500271587,214.617000000,100,1410,1215,55,0
6551,65.510261991,214.617000000,100,1410,1215,55,0
6552,65.520266983,214.617000000,100,1410,1215,55,0
6553,65.530266274,214.617000000,100,1410,1215,55,0
6554,65.540239956,220.284000000,100,1410,1215,55,0
6555,65.550231773,220.284000000,100,1410,1215,55,0
6556,65.560230082,220.284000000,100,1410,1215,55,0
6557,65.570231396,220.284000000,100,1410,1215,55,0
6558,65.580231379,220.284000000,100,1410,1215,55,0
6559,65.590231070,220.284000000,100,1410,1215,55,0
6560,65.600229700,220.284000000,100,1410,1215,55,0
6561,65.610230694,220.284000000,100,1410,1215,55,0
6562,65.620230916,220.284000000,100,1410,1215,55,0
6563,65.630230798,220.284000000,100,1410,1215,55,0
6564,65.640231021,223.949000000,100,1410,1215,55,0
6565,65.650231213,223.949000000,100,1410,1215,55,0
6566,65.660231225,223.949000000,100,1410,1215,55,0
6567,65.670230736,223.949000000,100,1410,1215,55,0
6568,65.680250235,223.949000000,100,1410,1215,55,0
6569,65.690231852,223.949000000,100,1410,1215,55,0
6570,65.700376246,223.949000000,100,1410,1215,55,0
6571,65.710234732,223.949000000,100,1410,1215,55,0
6572,65.720242940,223.949000000,100,1410,1215,55,0
6573,65.730246959,223.949000000,100,1410,1215,55,0
6574,65.740258794,225.408000000,100,1410,1215,55,0
6575,65.750265388,225.408000000,100,1410,1215,55,0
6576,65.760254179,225.408000000,100,1410,1215,55,0
6577,65.770257888,225.408000000,100,1410,1215,55,0
6578,65.780258721,225.408000000,100,1410,1215,55,0
6579,65.790265256,225.408000000,100,1410,1215,55,0
6580,65.800270227,225.408000000,100,1410,1215,55,0
6581,65.810234752,225.408000000,100,1410,1215,55,0
6582,65.820232580,225.408000000,100,1410,1215,55,0
6583,65.830232232,225.408000000,100,1410,1215,55,0
6584,65.840230871,225.876000000,100,1410,1215,55,0
6585,65.850230592,225.876000000,100,1410,1215,55,0
6586,65.860230695,225.876000000,100,1410,1215,55,0
6587,65.870230266,225.876000000,100,1410,1215,55,0
6588,65.880231761,225.876000000,100,1410,1215,55,0
6589,65.890231202,225.876000000,100,1410,1215,55,0
6590,65.900235121,225.876000000,100,1410,1215,55,0
6591,65.910229603,225.876000000,100,1410,1215,55,0
6592,65.920230546,225.876000000,100,1410,1215,55,0
6593,65.930229997,225.876000000,100,1410,1215,55,0
6594,65.940231021,226.474000000,100,1410,1215,55,0
6595,65.950231514,226.474000000,100,1410,1215,55,0
6596,65.960230103,226.474000000,100,1410,1215,55,0
6597,65.970230606,226.474000000,100,1410,1215,55,0
6598,65.980240848,226.474000000,100,1410,1215,55,0
6599,65.991154106,226.474000000,100,1410,1215,55,0
6600,66.000257443,226.474000000,100,1410,1215,55,0
6601,66.010274397,226.474000000,100,1410,1215,55,0
6602,66.020258519,226.474000000,100,1410,1215,55,0
6603,66.030257339,226.474000000,100,1410,1215,55,0
6604,66.040255628,226.547000000,100,1410,1215,55,0
6605,66.050272952,226.547000000,100,1410,1215,55,0
6606,66.060265069,226.547000000,100,1410,1215,55,0
6607,66.070233302,226.547000000,100,1410,1215,55,0
6608,66.080235558,226.547000000,100,1410,1215,55,0
6609,66.090231703,226.547000000,100,1410,1215,55,0
6610,66.100229811,226.547000000,100,1410,1215,55,0
6611,66.110229883,226.547000000,100,1410,1215,55,0
6612,66.120229755,226.547000000,100,1410,1215,55,0
6613,66.130235047,226.547000000,100,1410,1215,55,0
6614,66.140237023,226.441000000,100,1410,1215,55,0
6615,66.150231935,226.441000000,100,1410,1215,55,0
6616,66.160230575,226.441000000,100,1410,1215,55,0
6617,66.170230647,226.441000000,100,1410,1215,55,0
6618,66.180233003,226.441000000,100,1410,1215,55,0
6619,66.190229889,226.441000000,100,1410,1215,55,0
6620,66.200229731,226.441000000,100,1410,1215,55,0
6621,66.210230675,226.441000000,100,1410,1215,55,0
6622,66.220229775,226.441000000,100,1410,1215,55,0
6623,66.230229787,226.441000000,100,1410,1215,55,0
6624,66.240231542,226.488000000,100,1410,1215,55,0
6625,66.250244338,226.488000000,100,1410,1215,55,0
6626,66.260266802,226.488000000,100,1410,1215,55,0
6627,66.270279849,226.488000000,100,1410,1215,55,0
6628,66.280236199,226.488000000,100,1410,1215,55,0
6629,66.290230100,226.488000000,100,1410,1215,55,0
6630,66.300231374,226.488000000,100,1410,1215,55,0
6631,66.310230735,226.488000000,100,1410,1215,55,0
6632,66.320230977,226.488000000,100,1410,1215,55,0
6633,66.330230859,226.488000000,100,1410,1215,55,0
6634,66.340229679,226.031000000,100,1410,1215,55,0
6635,66.350230442,226.031000000,100,1410,1215,55,0
6636,66.360229803,226.031000000,100,1410,1215,55,0
6637,66.370241527,226.031000000,100,1410,1215,55,0
6638,66.380231680,226.031000000,100,1410,1215,55,0
6639,66.390230641,226.031000000,100,1410,1215,55,0
6640,66.400235452,226.031000000,100,1410,1215,55,0
6641,66.410228601,226.031000000,100,1410,1215,55,0
6642,66.420228212,226.031000000,100,1410,1215,55,0
6643,66.430231049,226.031000000,100,1410,1215,55,0
6644,66.440230761,224.258000000,100,1410,1215,55,0
6645,66.450231364,224.258000000,100,1410,1215,55,0
6646,66.460260471,224.258000000,100,1410,1215,55,0
6647,66.471155174,224.258000000,100,1410,1215,55,0
6648,66.480260936,224.258000000,100,1410,1215,55,0
6649,66.490231422,224.258000000,100,1410,1215,55,0
6650,66.500232216,224.258000000,100,1410,1215,55,0
6651,66.510229783,224.258000000,100,1410,1215,55,0
6652,66.520233482,224.258000000,100,1410,1215,55,0
6653,66.532145256,224.258000000,100,1410,1215,55,0
6654,66.540233466,218.777000000,100,1410,1215,55,0
6655,66.550232937,218.777000000,100,1410,1215,55,0
6656,66.560232047,218.777000000,100,1410,1215,55,0
6657,66.570231809,218.777000000,100,1410,1215,55,0
6658,66.580234095,218.777000000,100,1410,1215,55,0
6659,66.591829505,218.777000000,100,1410,1215,55,0
6660,66.600236995,218.777000000,100,1410,1215,55,0
6661,66.610232568,218.777000000,100,1410,1215,55,0
6662,66.620230927,218.777000000,100,1410,1215,55,0
6663,66.630235017,218.777000000,100,1410,1215,55,0
6664,66.640231272,220.094000000,100,1410,1215,55,0
6665,66.650231494,220.094000000,100,1410,1215,55,0
6666,66.660230124,220.094000000,100,1410,1215,55,0
6667,66.670231278,220.094000000,100,1410,1215,55,0
6668,66.680230599,220.094000000,100,1410,1215,55,0
6669,66.690234829,220.094000000,100,1410,1215,55,0
6670,66.700231094,220.094000000,100,1410,1215,55,0
6671,66.710231105,220.094000000,100,1410,1215,55,0
6672,66.720231979,220.094000000,100,1410,1215,55,0
6673,66.730232141,220.094000000,100,1410,1215,55,0
6674,66.740231873,223.322000000,100,1410,1215,55,0
6675,66.750230252,223.322000000,100,1410,1215,55,0
6676,66.760230905,223.322000000,100,1410,1215,55,0
6677,66.770231458,223.322000000,100,1410,1215,55,0
6678,66.780236058,223.322000000,100,1410,1215,55,0
6679,66.790230810,223.322000000,100,1410,1215,55,0
6680,66.800266730,223.322000000,100,1410,1215,55,0
6681,66.810229291,223.322000000,100,1410,1215,55,0
6682,66.820230475,223.322000000,100,1410,1215,55,0
6683,66.830367966,223.322000000,100,1410,1215,55,0
6684,66.840229407,225.337000000,100,1410,1215,55,0
6685,66.850230241,225.337000000,100,1410,1215,55,0
6686,66.860229802,225.337000000,100,1410,1215,55,0
6687,66.870230806,225.337000000,100,1410,1215,55,0
6688,66.880237169,225.337000000,100,1410,1215,55,0
6689,66.890233013,225.337000000,100,1410,1215,55,0
6690,66.900230220,225.337000000,100,1410,1215,55,0
6691,66.910231384,225.337000000,100,1410,1215,55,0
6692,66.920231947,225.337000000,100,1410,1215,55,0
6693,66.930231047,225.337000000,100,1410,1215,55,0
6694,66.940231841,226.212000000,100,1410,1215,55,0
6695,66.950233266,226.212000000,100,1410,1215,55,0
6696,66.960229961,226.212000000,100,1410,1215,55,0
6697,66.970231566,226.212000000,100,1410,1215,55,0
6698,66.980228542,226.212000000,100,1410,1215,55,0
6699,66.990232261,226.212000000,100,1410,1215,55,0
6700,67.000231281,226.212000000,100,1410,1215,55,0
6701,67.010229770,226.212000000,100,1410,1215,55,0
6702,67.020230033,226.212000000,100,1410,1215,55,0
6703,67.030231497,226.212000000,100,1410,1215,55,0
6704,67.040232311,226.794000000,100,1410,1215,55,0
6705,67.050243664,226.794000000,100,1410,1215,55,0
6706,67.062149347,226.794000000,100,1410,1215,55,0
6707,67.070241364,226.794000000,100,1410,1215,55,0
6708,67.080255101,226.794000000,100,1410,1215,55,0
6709,67.090245755,226.794000000,100,1410,1215,55,0
6710,67.100253973,226.794000000,100,1410,1215,55,0
6711,67.110251650,226.794000000,100,1410,1215,55,0
6712,67.120251803,226.794000000,100,1410,1215,55,0
6713,67.130263156,226.794000000,100,1410,1215,55,0
6714,67.140247659,226.793000000,100,1410,1215,55,0
6715,67.150253862,226.793000000,100,1410,1215,55,0
6716,67.160247021,226.793000000,100,1410,1215,55,0
6717,67.170254106,226.793000000,100,1410,1215,55,0
6718,67.180249019,226.793000000,100,1410,1215,55,0
6719,67.190246857,226.793000000,100,1410,1215,55,0
6720,67.200259552,226.793000000,100,1410,1215,55,0
6721,67.210255627,226.793000000,100,1410,1215,55,0
6722,67.220246943,226.793000000,100,1410,1215,55,0
6723,67.230262303,226.793000000,100,1410,1215,55,0
6724,67.240244832,226.793000000,100,1410,1215,55,0
6725,67.250247890,226.697000000,100,1410,1215,55,0
6726,67.260250647,226.697000000,100,1410,1215,55,0
6727,67.270243516,226.697000000,100,1410,1215,55,0
6728,67.280250691,226.697000000,100,1410,1215,55,0
6729,67.290247537,226.697000000,100,1410,1215,55,0
6730,67.300240886,226.697000000,100,1410,1215,55,0
6731,67.310233514,226.697000000,100,1410,1215,55,0
6732,67.320231563,226.697000000,100,1410,1215,55,0
6733,67.330232787,226.697000000,100,1410,1215,55,0
6734,67.340231697,226.697000000,100,1410,1215,55,0
6735,67.350232821,226.595000000,100,1410,1215,55,0
6736,67.360232161,226.595000000,100,1410,1215,55,0
6737,67.370230821,226.595000000,100,1410,1215,55,0
6738,67.380228969,226.595000000,100,1410,1215,55,0
6739,67.390229091,226.595000000,100,1410,1215,55,0
6740,67.400231949,226.595000000,100,1410,1215,55,0
6741,67.410234145,226.595000000,100,1410,1215,55,0
6742,67.420229668,226.595000000,100,1410,1215,55,0
6743,67.430229420,226.595000000,100,1410,1215,55,0
6744,67.440229141,226.595000000,100,1410,1215,55,0
6745,67.450229904,226.139000000,100,1410,1215,55,0
6746,67.460229245,226.139000000,100,1410,1215,55,0
6747,67.470230760,226.139000000,100,1410,1215,55,0
6748,67.480232415,226.139000000,100,1410,1215,55,0
6749,67.490229982,226.139000000,100,1410,1215,55,0
6750,67.500229102,226.139000000,100,1410,1215,55,0
6751,67.510229695,226.139000000,100,1410,1215,55,0
6752,67.520228645,226.139000000,100,1410,1215,55,0
6753,67.530229188,226.139000000,100,1410,1215,55,0
6754,67.540228900,226.139000000,100,1410,1215,55,0
6755,67.550230665,225.714000000,100,1410,1215,55,0
6756,67.560228893,225.714000000,100,1410,1215,55,0
6757,67.570229737,225.714000000,100,1410,1215,55,0
6758,67.580229478,225.714000000,100,1410,1215,55,0
6759,67.590233558,225.714000000,100,1410,1215,55,0
6760,67.600229773,225.714000000,100,1410,1215,55,0
6761,67.610229654,225.714000000,100,1410,1215,55,0
6762,67.620228945,225.714000000,100,1410,1215,55,0
6763,67.630230029,225.714000000,100,1410,1215,55,0
6764,67.640230552,225.714000000,100,1410,1215,55,0
6765,67.650230253,219.300000000,100,1410,1215,55,0
6766,67.660229644,219.300000000,100,1410,1215,55,0
6767,67.672143612,219.300000000,100,1410,1215,55,0
6768,67.680234176,219.300000000,100,1410,1215,55,0
6769,67.690229469,219.300000000,100,1410,1215,55,0
6770,67.700230182,219.300000000,100,1410,1215,55,0
6771,67.710229954,219.300000000,100,1410,1215,55,0
6772,67.720228814,219.300000000,100,1410,1215,55,0
6773,67.730230379,219.300000000,100,1410,1215,55,0
6774,67.740230711,219.613000000,100,1410,1215,55,0
6775,67.750230382,219.613000000,100,1410,1215,55,0
6776,67.760229332,219.613000000,100,1410,1215,55,0
6777,67.770229925,219.613000000,100,1410,1215,55,0
6778,67.780229646,219.613000000,100,1410,1215,55,0
6779,67.790230910,219.613000000,100,1410,1215,55,0
6780,67.800229700,219.613000000,100,1410,1215,55,0
6781,67.810230002,219.613000000,100,1410,1215,55,0
6782,67.820229874,219.613000000,100,1410,1215,55,0
6783,67.830230316,219.613000000,100,1410,1215,55,0
6784,67.840232051,222.940000000,100,1410,1215,55,0
6785,67.850230721,222.940000000,100,1410,1215,55,0
6786,67.860229961,222.940000000,100,1410,1215,55,0
6787,67.870230604,222.940000000,100,1410,1215,55,0
6788,67.880230967,222.940000000,100,1410,1215,55,0
6789,67.890231409,222.940000000,100,1410,1215,55,0
6790,67.900229888,222.940000000,100,1410,1215,55,0
6791,67.910230832,222.940000000,100,1410,1215,55,0
6792,67.920232347,222.940000000,100,1410,1215,55,0
6793,67.930229884,222.940000000,100,1410,1215,55,0
6794,67.940231458,225.005000000,100,1410,1215,55,0
6795,67.950231851,225.005000000,100,1410,1215,55,0
6796,67.960230410,225.005000000,100,1410,1215,55,0
6797,67.970231414,225.005000000,100,1410,1215,55,0
6798,67.980230784,225.005000000,100,1410,1215,55,0
6799,67.990238651,225.005000000,100,1410,1215,55,0
6800,68.001140958,225.005000000,100,1410,1215,55,0
6801,68.010228946,225.005000000,100,1410,1215,55,0
6802,68.020232345,225.005000000,100,1410,1215,55,0
6803,68.030231064,225.005000000,100,1410,1215,55,0
6804,68.040229673,225.942000000,100,1410,1215,55,0
6805,68.050230136,225.942000000,100,1410,1215,55,0
6806,68.060229446,225.942000000,100,1410,1215,55,0
6807,68.070229949,225.942000000,100,1410,1215,55,0
6808,68.080233057,225.942000000,100,1410,1215,55,0
6809,68.093137977,225.942000000,100,1410,1215,55,0
6810,68.100229754,225.942000000,100,1410,1215,55,0
6811,68.110230427,225.942000000,100,1410,1215,55,0
6812,68.120240648,225.942000000,100,1410,1215,55,0
6813,68.130231703,225.942000000,100,1410,1215,55,0
6814,68.140229912,226.625000000,100,1410,1215,55,0
6815,68.150231196,226.625000000,100,1410,1215,55,0
6816,68.160229084,226.625000000,100,1410,1215,55,0
6817,68.170229647,226.625000000,100,1410,1215,55,0
6818,68.182813494,226.625000000,100,1410,1215,55,0
6819,68.190232846,226.625000000,100,1410,1215,55,0
6820,68.200229071,226.625000000,100,1410,1215,55,0
6821,68.210230175,226.625000000,100,1410,1215,55,0
6822,68.220228544,226.625000000,100,1410,1215,55,0
6823,68.230229086,226.625000000,100,1410,1215,55,0
6824,68.240231683,227.076000000,100,1410,1215,55,0
6825,68.250230543,227.076000000,100,1410,1215,55,0
6826,68.260229372,227.076000000,100,1410,1215,55,0
6827,68.270228783,227.076000000,100,1410,1215,55,0
6828,68.280229747,227.076000000,100,1410,1215,55,0
6829,68.290229017,227.076000000,100,1410,1215,55,0
6830,68.300229199,227.076000000,100,1410,1215,55,0
6831,68.310256001,227.076000000,100,1410,1215,55,0
6832,68.320229243,227.076000000,100,1410,1215,55,0
6833,68.330228864,227.076000000,100,1410,1215,55,0
6834,68.340244726,226.793000000,100,1410,1215,55,0
6835,68.350231272,226.793000000,100,1410,1215,55,0
6836,68.360228649,226.793000000,100,1410,1215,55,0
6837,68.370229432,226.793000000,100,1410,1215,55,0
6838,68.380229033,226.793000000,100,1410,1215,55,0
6839,68.390229907,226.793000000,100,1410,1215,55,0
6840,68.400228947,226.793000000,100,1410,1215,55,0
6841,68.410230702,226.793000000,100,1410,1215,55,0
6842,68.420231605,226.793000000,100,1410,1215,55,0
6843,68.430229974,226.793000000,100,1410,1215,55,0
6844,68.440230507,226.524000000,100,1410,1215,55,0
6845,68.450230148,226.524000000,100,1410,1215,55,0
6846,68.460230080,226.524000000,100,1410,1215,55,0
6847,68.470230843,226.524000000,100,1410,1215,55,0
6848,68.480236886,226.524000000,100,1410,1215,55,0
6849,68.490230125,226.524000000,100,1410,1215,55,0
6850,68.500230818,226.524000000,100,1410,1215,55,0
6851,68.510231682,226.524000000,100,1410,1215,55,0
6852,68.520230101,226.524000000,100,1410,1215,55,0
6853,68.530230303,226.524000000,100,1410,1215,55,0
6854,68.540231036,226.506000000,100,1410,1215,55,0
6855,68.550230687,226.506000000,100,1410,1215,55,0
6856,68.560230639,226.506000000,100,1410,1215,55,0
6857,68.570229979,226.506000000,100,1410,1215,55,0
6858,68.580229581,226.506000000,100,1410,1215,55,0
6859,68.590229342,226.506000000,100,1410,1215,55,0
6860,68.600229674,226.506000000,100,1410,1215,55,0
6861,68.610231389,226.506000000,100,1410,1215,55,0
6862,68.620229467,226.506000000,100,1410,1215,55,0
6863,68.630229199,226.506000000,100,1410,1215,55,0
6864,68.640229601,225.732000000,100,1410,1215,55,0
6865,68.650229834,225.732000000,100,1410,1215,55,0
6866,68.660229455,225.732000000,100,1410,1215,55,0
6867,68.670230468,225.732000000,100,1410,1215,55,0
6868,68.680229318,225.732000000,100,1410,1215,55,0
6869,68.690229500,225.732000000,100,1410,1215,55,0
6870,68.700237006,225.732000000,100,1410,1215,55,0
6871,68.710229784,225.732000000,100,1410,1215,55,0
6872,68.720230317,225.732000000,100,1410,1215,55,0
6873,68.730230610,225.732000000,100,1410,1215,55,0
6874,68.740232194,220.528000000,100,1410,1215,55,0
6875,68.750231475,220.528000000,100,1410,1215,55,0
6876,68.760229893,220.528000000,100,1410,1215,55,0
6877,68.770230727,220.528000000,100,1410,1215,55,0
6878,68.780230929,220.528000000,100,1410,1215,55,0
6879,68.790229838,220.528000000,100,1410,1215,55,0
6880,68.800230100,220.528000000,100,1410,1215,55,0
6881,68.810230012,220.528000000,100,1410,1215,55,0
6882,68.820230314,220.528000000,100,1410,1215,55,0
6883,68.830234584,220.528000000,100,1410,1215,55,0
6884,68.840230478,219.061000000,100,1410,1215,55,0
6885,68.850230941,219.061000000,100,1410,1215,55,0
6886,68.860229369,219.061000000,100,1410,1215,55,0
6887,68.870229902,219.061000000,100,1410,1215,55,0
6888,68.880229744,219.061000000,100,1410,1215,55,0
6889,68.890231268,219.061000000,100,1410,1215,55,0
6890,68.900229386,219.061000000,100,1410,1215,55,0
6891,68.910231161,219.061000000,100,1410,1215,55,0
6892,68.920229881,219.061000000,100,1410,1215,55,0
6893,68.930229982,219.061000000,100,1410,1215,55,0
6894,68.940230756,222.678000000,100,1410,1215,55,0
6895,68.950234975,222.678000000,100,1410,1215,55,0
6896,68.960230509,222.678000000,100,1410,1215,55,0
6897,68.970229939,222.678000000,100,1410,1215,55,0
6898,68.980231424,222.678000000,100,1410,1215,55,0
6899,68.990230373,222.678000000,100,1410,1215,55,0
6900,69.000231046,222.678000000,100,1410,1215,55,0
6901,69.010230637,222.678000000,100,1410,1215,55,0
6902,69.023143142,222.678000000,100,1410,1215,55,0
6903,69.030229950,222.678000000,100,1410,1215,55,0
6904,69.040231544,224.754000000,100,1410,1215,55,0
6905,69.050231416,224.754000000,100,1410,1215,55,0
6906,69.060231047,224.754000000,100,1410,1215,55,0
6907,69.070231910,224.754000000,100,1410,1215,55,0
6908,69.080230048,224.754000000,100,1410,1215,55,0
6909,69.092138276,224.754000000,100,1410,1215,55,0
6910,69.100229671,224.754000000,100,1410,1215,55,0
6911,69.110229963,224.754000000,100,1410,1215,55,0
6912,69.120229033,224.754000000,100,1410,1215,55,0
6913,69.130230478,224.754000000,100,1410,1215,55,0
6914,69.140229547,224.754000000,100,1410,1215,55,0
6915,69.150229730,226.001000000,100,1410,1215,55,0
6916,69.160230964,226.001000000,100,1410,1215,55,0
6917,69.170230214,226.001000000,100,1410,1215,55,0
6918,69.180229674,226.001000000,100,1410,1215,55,0
6919,69.190229817,226.001000000,100,1410,1215,55,0
6920,69.200240038,226.001000000,100,1410,1215,55,0
6921,69.210233737,226.001000000,100,1410,1215,55,0
6922,69.220229762,226.001000000,100,1410,1215,55,0
6923,69.230229984,226.001000000,100,1410,1215,55,0
6924,69.240230657,226.601000000,100,1410,1215,55,0
6925,69.250234295,226.601000000,100,1410,1215,55,0
6926,69.260229728,226.601000000,100,1410,1215,55,0
6927,69.270232806,226.601000000,100,1410,1215,55,0
6928,69.280230213,226.601000000,100,1410,1215,55,0
6929,69.290231587,226.601000000,100,1410,1215,55,0
6930,69.300232520,226.601000000,100,1410,1215,55,0
6931,69.310229577,226.601000000,100,1410,1215,55,0
6932,69.320231392,226.601000000,100,1410,1215,55,0
6933,69.330230672,226.601000000,100,1410,1215,55,0
6934,69.340230664,226.961000000,100,1410,1215,55,0
6935,69.350231247,226.961000000,100,1410,1215,55,0
6936,69.360228864,226.961000000,100,1410,1215,55,0
6937,69.370230899,226.961000000,100,1410,1215,55,0
6938,69.380234287,226.961000000,100,1410,1215,55,0
6939,69.390229490,226.961000000,100,1410,1215,55,0
6940,69.400234080,226.961000000,100,1410,1215,55,0
6941,69.410235335,226.961000000,100,1410,1215,55,0
6942,69.420229926,226.961000000,100,1410,1215,55,0
6943,69.430232142,226.961000000,100,1410,1215,55,0
6944,69.440230020,226.769000000,100,1410,1215,55,0
6945,69.450230813,226.769000000,100,1410,1215,55,0
6946,69.460230183,226.769000000,100,1410,1215,55,0
6947,69.470229895,226.769000000,100,1410,1215,55,0
6948,69.480229976,226.769000000,100,1410,1215,55,0
6949,69.490230700,226.769000000,100,1410,1215,55,0
6950,69.500230200,226.769000000,100,1410,1215,55,0
6951,69.510229962,226.769000000,100,1410,1215,55,0
6952,69.520229502,226.769000000,100,1410,1215,55,0
6953,69.530231187,226.769000000,100,1410,1215,55,0
6954,69.540231620,226.673000000,100,1410,1215,55,0
6955,69.550230600,226.673000000,100,1410,1215,55,0
6956,69.560229890,226.673000000,100,1410,1215,55,0
6957,69.570231164,226.673000000,100,1410,1215,55,0
6958,69.580230895,226.673000000,100,1410,1215,55,0
6959,69.590230676,226.673000000,100,1410,1215,55,0
6960,69.600230458,226.673000000,100,1410,1215,55,0
6961,69.610230560,226.673000000,100,1410,1215,55,0
6962,69.620230752,226.673000000,100,1410,1215,55,0
6963,69.630230323,226.673000000,100,1410,1215,55,0
6964,69.640236115,226.482000000,100,1410,1215,55,0
6965,69.650233252,226.482000000,100,1410,1215,55,0
6966,69.660230668,226.482000000,100,1410,1215,55,0
6967,69.670272960,226.482000000,100,1410,1215,55,0
6968,69.680229580,226.482000000,100,1410,1215,55,0
6969,69.690229391,226.482000000,100,1410,1215,55,0
6970,69.700230826,226.482000000,100,1410,1215,55,0
6971,69.710234404,226.482000000,100,1410,1215,55,0
6972,69.720231691,226.482000000,100,1410,1215,55,0
6973,69.730230350,226.482000000,100,1410,1215,55,0
6974,69.740231023,225.882000000,100,1410,1215,55,0
6975,69.750230213,225.882000000,100,1410,1215,55,0
6976,69.760229393,225.882000000,100,1410,1215,55,0
6977,69.770230677,225.882000000,100,1410,1215,55,0
6978,69.780229306,225.882000000,100,1410,1215,55,0
6979,69.790230339,225.882000000,100,1410,1215,55,0
6980,69.800229409,225.882000000,100,1410,1215,55,0
6981,69.810229461,225.882000000,100,1410,1215,55,0
6982,69.820229182,225.882000000,100,1410,1215,55,0
6983,69.830230366,225.882000000,100,1410,1215,55,0
6984,69.840230187,220.707000000,100,1410,1215,55,0
6985,69.850235759,220.707000000,100,1410,1215,55,0
6986,69.860234078,220.707000000,100,1410,1215,55,0
6987,69.870229942,220.707000000,100,1410,1215,55,0
6988,69.880230654,220.707000000,100,1410,1215,55,0
6989,69.890237349,220.707000000,100,1410,1215,55,0
6990,69.900230017,220.707000000,100,1410,1215,55,0
6991,69.910229838,220.707000000,100,1410,1215,55,0
6992,69.920230491,220.707000000,100,1410,1215,55,0
6993,69.930231334,220.707000000,100,1410,1215,55,0
6994,69.940231416,217.762000000,100,1410,1215,55,0
6995,69.950231718,217.762000000,100,1410,1215,55,0
6996,69.960236168,217.762000000,100,1410,1215,55,0
6997,69.970230759,217.762000000,100,1410,1215,55,0
6998,69.980230050,217.762000000,100,1410,1215,55,0
6999,69.990229761,217.762000000,100,1410,1215,55,0
7000,70.000230073,217.762000000,100,1410,1215,55,0
7001,70.010231517,217.762000000,100,1410,1215,55,0
7002,70.020233983,217.762000000,100,1410,1215,55,0
7003,70.030230068,217.762000000,100,1410,1215,55,0
7004,70.040232354,222.829000000,100,1410,1215,55,0
7005,70.050265407,222.829000000,100,1410,1215,55,0
7006,70.060230594,222.829000000,100,1410,1215,55,0
7007,70.070231337,222.829000000,100,1410,1215,55,0
7008,70.080229755,222.829000000,100,1410,1215,55,0
7009,70.090230298,222.829000000,100,1410,1215,55,0
7010,70.100229859,222.829000000,100,1410,1215,55,0
7011,70.110268032,222.829000000,100,1410,1215,55,0
7012,70.120231755,222.829000000,100,1410,1215,55,0
7013,70.130229633,222.829000000,100,1410,1215,55,0
7014,70.140231669,224.923000000,100,1410,1215,55,0
7015,70.150232121,224.923000000,100,1410,1215,55,0
7016,70.160229968,224.923000000,100,1410,1215,55,0
7017,70.170231152,224.923000000,100,1410,1215,55,0
7018,70.180230573,224.923000000,100,1410,1215,55,0
7019,70.190229933,224.923000000,100,1410,1215,55,0
7020,70.200230275,224.923000000,100,1410,1215,55,0
7021,70.210229466,224.923000000,100,1410,1215,55,0
7022,70.220230018,224.923000000,100,1410,1215,55,0
7023,70.230233597,224.923000000,100,1410,1215,55,0
7024,70.240230883,225.625000000,100,1410,1215,55,0
7025,70.250230274,225.625000000,100,1410,1215,55,0
7026,70.260229063,225.625000000,100,1410,1215,55,0
7027,70.270230267,225.625000000,100,1410,1215,55,0
7028,70.280230669,225.625000000,100,1410,1215,55,0
7029,70.290229709,225.625000000,100,1410,1215,55,0
7030,70.300230121,225.625000000,100,1410,1215,55,0
7031,70.310229231,225.625000000,100,1410,1215,55,0
7032,70.320229313,225.625000000,100,1410,1215,55,0
7033,70.330230757,225.625000000,100,1410,1215,55,0
7034,70.340231520,226.506000000,100,1410,1215,55,0
7035,70.350231151,226.506000000,100,1410,1215,55,0
7036,70.360230942,226.506000000,100,1410,1215,55,0
7037,70.370234962,226.506000000,100,1410,1215,55,0
7038,70.380234703,226.506000000,100,1410,1215,55,0
7039,70.390230867,226.506000000,100,1410,1215,55,0
7040,70.400234636,226.506000000,100,1410,1215,55,0
7041,70.410231231,226.506000000,100,1410,1215,55,0
7042,70.420229019,226.506000000,100,1410,1215,55,0
7043,70.430230784,226.506000000,100,1410,1215,55,0
7044,70.440230855,227.226000000,100,1410,1215,55,0
7045,70.450230356,227.226000000,100,1410,1215,55,0
7046,70.460229055,227.226000000,100,1410,1215,55,0
7047,70.470228486,227.226000000,100,1410,1215,55,0
7048,70.480229670,227.226000000,100,1410,1215,55,0
7049,70.490229641,227.226000000,100,1410,1215,55,0
7050,70.500234722,227.226000000,100,1410,1215,55,0
7051,70.510231357,227.226000000,100,1410,1215,55,0
7052,70.520231309,227.226000000,100,1410,1215,55,0
7053,70.530230940,227.226000000,100,1410,1215,55,0
7054,70.540232625,226.794000000,100,1410,1215,55,0
7055,70.550232045,226.794000000,100,1410,1215,55,0
7056,70.560230444,226.794000000,100,1410,1215,55,0
7057,70.570230235,226.794000000,100,1410,1215,55,0
7058,70.580229776,226.794000000,100,1410,1215,55,0
7059,70.590230328,226.794000000,100,1410,1215,55,0
7060,70.600229869,226.794000000,100,1410,1215,55,0
7061,70.610231173,226.794000000,100,1410,1215,55,0
7062,70.620230093,226.794000000,100,1410,1215,55,0
7063,70.630231567,226.794000000,100,1410,1215,55,0
7064,70.640231930,226.417000000,100,1410,1215,55,0
7065,70.650245497,226.417000000,100,1410,1215,55,0
7066,70.660231011,226.417000000,100,1410,1215,55,0
7067,70.670231043,226.417000000,100,1410,1215,55,0
7068,70.680231295,226.417000000,100,1410,1215,55,0
7069,70.690230896,226.417000000,100,1410,1215,55,0
7070,70.700231098,226.417000000,100,1410,1215,55,0
7071,70.710231390,226.417000000,100,1410,1215,55,0
7072,70.720230780,226.417000000,100,1410,1215,55,0
7073,70.730703109,226.417000000,100,1410,1215,55,0
7074,70.740231425,226.573000000,100,1410,1215,55,0
7075,70.750231005,226.573000000,100,1410,1215,55,0
7076,70.760229855,226.573000000,100,1410,1215,55,0
7077,70.770232752,226.573000000,100,1410,1215,55,0
7078,70.780230028,226.573000000,100,1410,1215,55,0
7079,70.790229028,226.573000000,100,1410,1215,55,0
7080,70.800247334,226.573000000,100,1410,1215,55,0
7081,70.810230554,226.573000000,100,1410,1215,55,0
7082,70.820229503,226.573000000,100,1410,1215,55,0
7083,70.830230376,226.573000000,100,1410,1215,55,0
7084,70.840231320,226.573000000,100,1410,1215,55,0
7085,70.850233255,226.111000000,100,1410,1215,55,0
7086,70.860230421,226.111000000,100,1410,1215,55,0
7087,70.870231154,226.111000000,100,1410,1215,55,0
7088,70.880229743,226.111000000,100,1410,1215,55,0
7089,70.890231097,226.111000000,100,1410,1215,55,0
7090,70.900229886,226.111000000,100,1410,1215,55,0
7091,70.910230699,226.111000000,100,1410,1215,55,0
7092,70.920235329,226.111000000,100,1410,1215,55,0
7093,70.930235301,226.111000000,100,1410,1215,55,0
7094,70.940230523,226.111000000,100,1410,1215,55,0
7095,70.950229894,221.781000000,100,1410,1215,55,0
7096,70.960231147,221.781000000,100,1410,1215,55,0
7097,70.970230398,221.781000000,100,1410,1215,55,0
7098,70.980229417,221.781000000,100,1410,1215,55,0
7099,70.990232064,221.781000000,100,1410,1215,55,0
7100,71.000242635,221.781000000,100,1410,1215,55,0
7101,71.010232367,221.781000000,100,1410,1215,55,0
7102,71.020229854,221.781000000,100,1410,1215,55,0
7103,71.030233803,221.781000000,100,1410,1215,55,0
7104,71.040230889,221.781000000,100,1410,1215,55,0
7105,71.050230931,216.525000000,100,1410,1215,55,0
7106,71.060231844,216.525000000,100,1410,1215,55,0
7107,71.070231405,216.525000000,100,1410,1215,55,0
7108,71.080230244,216.525000000,100,1410,1215,55,0
7109,71.090230316,216.525000000,100,1410,1215,55,0
7110,71.100229866,216.525000000,100,1410,1215,55,0
7111,71.110229617,216.525000000,100,1410,1215,55,0
7112,71.120230521,216.525000000,100,1410,1215,55,0
7113,71.130229310,216.525000000,100,1410,1215,55,0
7114,71.140230493,216.525000000,100,1410,1215,55,0
7115,71.150230866,221.513000000,100,1410,1215,55,0
7116,71.160229605,221.513000000,100,1410,1215,55,0
7117,71.170230147,221.513000000,100,1410,1215,55,0
7118,71.180230910,221.513000000,100,1410,1215,55,0
7119,71.190229459,221.513000000,100,1410,1215,55,0
7120,71.200229300,221.513000000,100,1410,1215,55,0
7121,71.210229572,221.513000000,100,1410,1215,55,0
7122,71.220229233,221.513000000,100,1410,1215,55,0
7123,71.230229716,221.513000000,100,1410,1215,55,0
7124,71.240243563,221.513000000,100,1410,1215,55,0
7125,71.250231612,224.736000000,100,1410,1215,55,0
7126,71.260229600,224.736000000,100,1410,1215,55,0
7127,71.270229401,224.736000000,100,1410,1215,55,0
7128,71.280229132,224.736000000,100,1410,1215,55,0
7129,71.290229234,224.736000000,100,1410,1215,55,0
7130,71.300229977,224.736000000,100,1410,1215,55,0
7131,71.310230790,224.736000000,100,1410,1215,55,0
7132,71.320229238,224.736000000,100,1410,1215,55,0
7133,71.330229791,224.736000000,100,1410,1215,55,0
7134,71.340231606,224.736000000,100,1410,1215,55,0
7135,71.350231337,225.918000000,100,1410,1215,55,0
7136,71.360231168,225.918000000,100,1410,1215,55,0
7137,71.370230959,225.918000000,100,1410,1215,55,0
7138,71.380231161,225.918000000,100,1410,1215,55,0
7139,71.390231393,225.918000000,100,1410,1215,55,0
7140,71.400231094,225.918000000,100,1410,1215,55,0
7141,71.410235003,225.918000000,100,1410,1215,55,0
7142,71.420231468,225.918000000,100,1410,1215,55,0
7143,71.430230387,225.918000000,100,1410,1215,55,0
7144,71.440235579,225.918000000,100,1410,1215,55,0
7145,71.450231543,226.283000000,100,1410,1215,55,0
7146,71.460229801,226.283000000,100,1410,1215,55,0
7147,71.470230684,226.283000000,100,1410,1215,55,0
7148,71.480236286,226.283000000,100,1410,1215,55,0
7149,71.490229845,226.283000000,100,1410,1215,55,0
7150,71.500230849,226.283000000,100,1410,1215,55,0
7151,71.510229357,226.283000000,100,1410,1215,55,0
7152,71.520229850,226.283000000,100,1410,1215,55,0
7153,71.530229972,226.283000000,100,1410,1215,55,0
7154,71.540231646,226.283000000,100,1410,1215,55,0
7155,71.550231908,226.584000000,100,1410,1215,55,0
7156,71.560229976,226.584000000,100,1410,1215,55,0
7157,71.570229707,226.584000000,100,1410,1215,55,0
7158,71.580231352,226.584000000,100,1410,1215,55,0
7159,71.590235431,226.584000000,100,1410,1215,55,0
7160,71.600230072,226.584000000,100,1410,1215,55,0
7161,71.610230805,226.584000000,100,1410,1215,55,0
7162,71.620229745,226.584000000,100,1410,1215,55,0
7163,71.630231990,226.584000000,100,1410,1215,55,0
7164,71.640230760,226.584000000,100,1410,1215,55,0
7165,71.650231252,226.712000000,100,1410,1215,55,0
7166,71.660231174,226.712000000,100,1410,1215,55,0
7167,71.670229211,226.712000000,100,1410,1215,55,0
7168,71.680229824,226.712000000,100,1410,1215,55,0
7169,71.690230186,226.712000000,100,1410,1215,55,0
7170,71.700230398,226.712000000,100,1410,1215,55,0
7171,71.710229167,226.712000000,100,1410,1215,55,0
7172,71.720230361,226.712000000,100,1410,1215,55,0
7173,71.730230673,226.712000000,100,1410,1215,55,0
7174,71.740231897,226.712000000,100,1410,1215,55,0
7175,71.750231207,226.673000000,100,1410,1215,55,0
7176,71.760228864,226.673000000,100,1410,1215,55,0
7177,71.770229126,226.673000000,100,1410,1215,55,0
7178,71.780228827,226.673000000,100,1410,1215,55,0
7179,71.790229880,226.673000000,100,1410,1215,55,0
7180,71.800230172,226.673000000,100,1410,1215,55,0
7181,71.810233490,226.673000000,100,1410,1215,55,0
7182,71.820229424,226.673000000,100,1410,1215,55,0
7183,71.830229165,226.673000000,100,1410,1215,55,0
7184,71.840231270,226.673000000,100,1410,1215,55,0
7185,71.850232183,226.601000000,100,1410,1215,55,0
7186,71.860228868,226.601000000,100,1410,1215,55,0
7187,71.870230092,226.601000000,100,1410,1215,55,0
7188,71.880229362,226.601000000,100,1410,1215,55,0
7189,71.890231267,226.601000000,100,1410,1215,55,0
7190,71.900230437,226.601000000,100,1410,1215,55,0
7191,71.910229456,226.601000000,100,1410,1215,55,0
7192,71.920229859,226.601000000,100,1410,1215,55,0
7193,71.930229870,226.601000000,100,1410,1215,55,0
7194,71.940230733,226.601000000,100,1410,1215,55,0
7195,71.950230644,225.888000000,100,1410,1215,55,0
7196,71.960229113,225.888000000,100,1410,1215,55,0
7197,71.970228603,225.888000000,100,1410,1215,55,0
7198,71.980229947,225.888000000,100,1410,1215,55,0
7199,71.990229137,225.888000000,100,1410,1215,55,0
7200,72.000230491,225.888000000,100,1410,1215,55,0
7201,72.010229561,225.888000000,100,1410,1215,55,0
7202,72.020229623,225.888000000,100,1410,1215,55,0
7203,72.030229664,225.888000000,100,1410,1215,55,0
7204,72.040230146,225.888000000,100,1410,1215,55,0
7205,72.050230538,222.383000000,100,1410,1215,55,0
7206,72.060234678,222.383000000,100,1410,1215,55,0
7207,72.070230441,222.383000000,100,1410,1215,55,0
7208,72.080229671,222.383000000,100,1410,1215,55,0
7209,72.090231336,222.383000000,100,1410,1215,55,0
7210,72.100230045,222.383000000,100,1410,1215,55,0
7211,72.110229074,222.383000000,100,1410,1215,55,0
7212,72.120230939,222.383000000,100,1410,1215,55,0
7213,72.130229838,222.383000000,100,1410,1215,55,0
7214,72.140231713,222.383000000,100,1410,1215,55,0
7215,72.150231995,217.071000000,100,1410,1215,55,0
7216,72.160229753,217.071000000,100,1410,1215,55,0
7217,72.170230966,217.071000000,100,1410,1215,55,0
7218,72.180234674,217.071000000,100,1410,1215,55,0
7219,72.190230478,217.071000000,100,1410,1215,55,0
7220,72.200230670,217.071000000,100,1410,1215,55,0
7221,72.210231663,217.071000000,100,1410,1215,55,0
7222,72.220231314,217.071000000,100,1410,1215,55,0
7223,72.230230704,217.071000000,100,1410,1215,55,0
7224,72.240230585,217.071000000,100,1410,1215,55,0
7225,72.250230918,221.195000000,100,1410,1215,55,0
7226,72.260234255,221.195000000,100,1410,1215,55,0
7227,72.270234838,221.195000000,100,1410,1215,55,0
7228,72.280232405,221.195000000,100,1410,1215,55,0
7229,72.290229360,221.195000000,100,1410,1215,55,0
7230,72.300229362,221.195000000,100,1410,1215,55,0
7231,72.310229163,221.195000000,100,1410,1215,55,0
7232,72.320229004,221.195000000,100,1410,1215,55,0
7233,72.330230989,221.195000000,100,1410,1215,55,0
7234,72.340236561,221.195000000,100,1410,1215,55,0
7235,72.350231503,224.056000000,100,1410,1215,55,0
7236,72.360229450,224.056000000,100,1410,1215,55,0
7237,72.370233700,224.056000000,100,1410,1215,55,0
7238,72.380234252,224.056000000,100,1410,1215,55,0
7239,72.390229304,224.056000000,100,1410,1215,55,0
7240,72.400229716,224.056000000,100,1410,1215,55,0
7241,72.410230930,224.056000000,100,1410,1215,55,0
7242,72.420229679,224.056000000,100,1410,1215,55,0
7243,72.430229981,224.056000000,100,1410,1215,55,0
7244,72.440230734,224.056000000,100,1410,1215,55,0
7245,72.450231236,225.882000000,100,1410,1215,55,0
7246,72.460229805,225.882000000,100,1410,1215,55,0
7247,72.470230728,225.882000000,100,1410,1215,55,0
7248,72.480230620,225.882000000,100,1410,1215,55,0
7249,72.490230070,225.882000000,100,1410,1215,55,0
7250,72.500229891,225.882000000,100,1410,1215,55,0
7251,72.510232567,225.882000000,100,1410,1215,55,0
7252,72.520230084,225.882000000,100,1410,1215,55,0
7253,72.530229715,225.882000000,100,1410,1215,55,0
7254,72.540231430,225.882000000,100,1410,1215,55,0
7255,72.550229988,226.410000000,100,1410,1215,55,0
7256,72.560229839,226.410000000,100,1410,1215,55,0
7257,72.570229891,226.410000000,100,1410,1215,55,0
7258,72.580230103,226.410000000,100,1410,1215,55,0
7259,72.590229293,226.410000000,100,1410,1215,55,0
7260,72.600230366,226.410000000,100,1410,1215,55,0
7261,72.610234726,226.410000000,100,1410,1215,55,0
7262,72.620230299,226.410000000,100,1410,1215,55,0
7263,72.630234658,226.410000000,100,1410,1215,55,0
7264,72.640231093,226.410000000,100,1410,1215,55,0
7265,72.650230744,226.890000000,100,1410,1215,55,0
7266,72.660230575,226.890000000,100,1410,1215,55,0
7267,72.670231208,226.890000000,100,1410,1215,55,0
7268,72.680231920,226.890000000,100,1410,1215,55,0
7269,72.690230529,226.890000000,100,1410,1215,55,0
7270,72.700230871,226.890000000,100,1410,1215,55,0
7271,72.710230843,226.890000000,100,1410,1215,55,0
7272,72.720235763,226.890000000,100,1410,1215,55,0
7273,72.730232408,226.890000000,100,1410,1215,55,0
7274,72.740234283,226.890000000,100,1410,1215,55,0
7275,72.750231910,226.865000000,100,1410,1215,55,0
7276,72.760230499,226.865000000,100,1410,1215,55,0
7277,72.770245218,226.865000000,100,1410,1215,55,0
7278,72.780235110,226.865000000,100,1410,1215,55,0
7279,72.790229992,226.865000000,100,1410,1215,55,0
7280,72.800230133,226.865000000,100,1410,1215,55,0
7281,72.810230535,226.865000000,100,1410,1215,55,0
7282,72.820230356,226.865000000,100,1410,1215,55,0
7283,72.830229486,226.865000000,100,1410,1215,55,0
7284,72.840230219,226.865000000,100,1410,1215,55,0
7285,72.850230861,226.961000000,100,1410,1215,55,0
7286,72.860234459,226.961000000,100,1410,1215,55,0
7287,72.870234601,226.961000000,100,1410,1215,55,0
7288,72.880235233,226.961000000,100,1410,1215,55,0
7289,72.890232550,226.961000000,100,1410,1215,55,0
7290,72.900230587,226.961000000,100,1410,1215,55,0
7291,72.910229877,226.961000000,100,1410,1215,55,0
7292,72.920229598,226.961000000,100,1410,1215,55,0
7293,72.930229620,226.961000000,100,1410,1215,55,0
7294,72.940231214,226.961000000,100,1410,1215,55,0
7295,72.950230434,226.697000000,100,1410,1215,55,0
7296,72.960229123,226.697000000,100,1410,1215,55,0
7297,72.970230687,226.697000000,100,1410,1215,55,0
7298,72.980230808,226.697000000,100,1410,1215,55,0
7299,72.990230329,226.697000000,100,1410,1215,55,0
7300,73.000230761,226.697000000,100,1410,1215,55,0
7301,73.010231534,226.697000000,100,1410,1215,55,0
7302,73.020230002,226.697000000,100,1410,1215,55,0
7303,73.030230034,226.697000000,100,1410,1215,55,0
7304,73.040231528,226.697000000,100,1410,1215,55,0
7305,73.050232350,226.080000000,100,1410,1215,55,0
7306,73.060230869,226.080000000,100,1410,1215,55,0
7307,73.070230169,226.080000000,100,1410,1215,55,0
7308,73.080229569,226.080000000,100,1410,1215,55,0
7309,73.090244328,226.080000000,100,1410,1215,55,0
7310,73.100232097,226.080000000,100,1410,1215,55,0
7311,73.110231427,226.080000000,100,1410,1215,55,0
7312,73.120230266,226.080000000,100,1410,1215,55,0
7313,73.130230177,226.080000000,100,1410,1215,55,0
7314,73.140230429,226.080000000,100,1410,1215,55,0
7315,73.150232294,223.842000000,100,1410,1215,55,0
7316,73.160229009,223.842000000,100,1410,1215,55,0
7317,73.170229741,223.842000000,100,1410,1215,55,0
7318,73.180230304,223.842000000,100,1410,1215,55,0
7319,73.190230536,223.842000000,100,1410,1215,55,0
7320,73.200230106,223.842000000,100,1410,1215,55,0
7321,73.210230308,223.842000000,100,1410,1215,55,0
7322,73.220229668,223.842000000,100,1410,1215,55,0
7323,73.230230060,223.842000000,100,1410,1215,55,0
7324,73.240232396,223.842000000,100,1410,1215,55,0
7325,73.250231696,217.665000000,100,1410,1215,55,0
7326,73.260234963,217.665000000,100,1410,1215,55,0
7327,73.270230336,217.665000000,100,1410,1215,55,0
7328,73.280229405,217.665000000,100,1410,1215,55,0
7329,73.290234366,217.665000000,100,1410,1215,55,0
7330,73.300229528,217.665000000,100,1410,1215,55,0
7331,73.310229470,217.665000000,100,1410,1215,55,0
7332,73.320229671,217.665000000,100,1410,1215,55,0
7333,73.330229352,217.665000000,100,1410,1215,55,0
7334,73.340229554,217.665000000,100,1410,1215,55,0
7335,73.350229896,221.186000000,100,1410,1215,55,0
7336,73.360228565,221.186000000,100,1410,1215,55,0
7337,73.370228906,221.186000000,100,1410,1215,55,0
7338,73.380229288,221.186000000,100,1410,1215,55,0
7339,73.390230642,221.186000000,100,1410,1215,55,0
7340,73.400230173,221.186000000,100,1410,1215,55,0
7341,73.410229383,221.186000000,100,1410,1215,55,0
7342,73.420229895,221.186000000,100,1410,1215,55,0
7343,73.430229716,221.186000000,100,1410,1215,55,0
7344,73.440230879,221.186000000,100,1410,1215,55,0
7345,73.450230650,223.817000000,100,1410,1215,55,0
7346,73.460229399,223.817000000,100,1410,1215,55,0
7347,73.470229410,223.817000000,100,1410,1215,55,0
7348,73.480229983,223.817000000,100,1410,1215,55,0
7349,73.490233140,223.817000000,100,1410,1215,55,0
7350,73.500229755,223.817000000,100,1410,1215,55,0
7351,73.510229757,223.817000000,100,1410,1215,55,0
7352,73.520228896,223.817000000,100,1410,1215,55,0
7353,73.530228647,223.817000000,100,1410,1215,55,0
7354,73.540230081,223.817000000,100,1410,1215,55,0
7355,73.550230413,225.330000000,100,1410,1215,55,0
7356,73.560229172,225.330000000,100,1410,1215,55,0
7357,73.570229995,225.330000000,100,1410,1215,55,0
7358,73.580229345,225.330000000,100,1410,1215,55,0
7359,73.590229326,225.330000000,100,1410,1215,55,0
7360,73.600229628,225.330000000,100,1410,1215,55,0
7361,73.610234809,225.330000000,100,1410,1215,55,0
7362,73.620229871,225.330000000,100,1410,1215,55,0
7363,73.630229792,225.330000000,100,1410,1215,55,0
7364,73.640231176,225.330000000,100,1410,1215,55,0
7365,73.650231749,226.405000000,100,1410,1215,55,0
7366,73.660230478,226.405000000,100,1410,1215,55,0
7367,73.670230058,226.405000000,100,1410,1215,55,0
7368,73.680235450,226.405000000,100,1410,1215,55,0
7369,73.690233317,226.405000000,100,1410,1215,55,0
7370,73.700229641,226.405000000,100,1410,1215,55,0
7371,73.710229663,226.405000000,100,1410,1215,55,0
7372,73.720230125,226.405000000,100,1410,1215,55,0
7373,73.730230176,226.405000000,100,1410,1215,55,0
7374,73.740230368,226.405000000,100,1410,1215,55,0
7375,73.750230489,226.800000000,100,1410,1215,55,0
7376,73.760229368,226.800000000,100,1410,1215,55,0
7377,73.770230762,226.800000000,100,1410,1215,55,0
7378,73.780229962,226.800000000,100,1410,1215,55,0
7379,73.790240203,226.800000000,100,1410,1215,55,0
7380,73.800230566,226.800000000,100,1410,1215,55,0
7381,73.810228904,226.800000000,100,1410,1215,55,0
7382,73.820228955,226.800000000,100,1410,1215,55,0
7383,73.830228856,226.800000000,100,1410,1215,55,0
7384,73.840230370,226.800000000,100,1410,1215,55,0
7385,73.850229660,227.082000000,100,1410,1215,55,0
7386,73.860230232,227.082000000,100,1410,1215,55,0
7387,73.870228791,227.082000000,100,1410,1215,55,0
7388,73.880228862,227.082000000,100,1410,1215,55,0
7389,73.890229916,227.082000000,100,1410,1215,55,0
7390,73.900230538,227.082000000,100,1410,1215,55,0
7391,73.910229657,227.082000000,100,1410,1215,55,0
7392,73.920229689,227.082000000,100,1410,1215,55,0
7393,73.930229570,227.082000000,100,1410,1215,55,0
7394,73.940230443,227.082000000,100,1410,1215,55,0
7395,73.950230274,226.679000000,100,1410,1215,55,0
7396,73.960229824,226.679000000,100,1410,1215,55,0
7397,73.970231078,226.679000000,100,1410,1215,55,0
7398,73.980230568,226.679000000,100,1410,1215,55,0
7399,73.990229717,226.679000000,100,1410,1215,55,0
7400,74.000230260,226.679000000,100,1410,1215,55,0
7401,74.010229930,226.679000000,100,1410,1215,55,0
7402,74.020229641,226.679000000,100,1410,1215,55,0
7403,74.030230093,226.679000000,100,1410,1215,55,0
7404,74.040230475,226.679000000,100,1410,1215,55,0
7405,74.050230807,226.608000000,100,1410,1215,55,0
7406,74.060229205,226.608000000,100,1410,1215,55,0
7407,74.070229687,226.608000000,100,1410,1215,55,0
7408,74.080230590,226.608000000,100,1410,1215,55,0
7409,74.090230191,226.608000000,100,1410,1215,55,0
7410,74.100229160,226.608000000,100,1410,1215,55,0
7411,74.110229912,226.608000000,100,1410,1215,55,0
7412,74.120230885,226.608000000,100,1410,1215,55,0
7413,74.130230716,226.608000000,100,1410,1215,55,0
7414,74.140231108,226.608000000,100,1410,1215,55,0
7415,74.150230178,226.189000000,100,1410,1215,55,0
7416,74.160230510,226.189000000,100,1410,1215,55,0
7417,74.170230862,226.189000000,100,1410,1215,55,0
7418,74.180233848,226.189000000,100,1410,1215,55,0
7419,74.190229882,226.189000000,100,1410,1215,55,0
7420,74.200229473,226.189000000,100,1410,1215,55,0
7421,74.210230326,226.189000000,100,1410,1215,55,0
7422,74.220229285,226.189000000,100,1410,1215,55,0
7423,74.230230178,226.189000000,100,1410,1215,55,0
7424,74.240230890,226.189000000,100,1410,1215,55,0
7425,74.250231723,224.405000000,100,1410,1215,55,0
7426,74.260229600,224.405000000,100,1410,1215,55,0
7427,74.270230533,224.405000000,100,1410,1215,55,0
7428,74.280229933,224.405000000,100,1410,1215,55,0
7429,74.290230365,224.405000000,100,1410,1215,55,0
7430,74.300233462,224.405000000,100,1410,1215,55,0
7431,74.310232392,224.405000000,100,1410,1215,55,0
7432,74.320230018,224.405000000,100,1410,1215,55,0
7433,74.330229048,224.405000000,100,1410,1215,55,0
7434,74.340229309,224.405000000,100,1410,1215,55,0
7435,74.350229762,219.406000000,100,1410,1215,55,0
7436,74.360229212,219.406000000,100,1410,1215,55,0
7437,74.370228542,219.406000000,100,1410,1215,55,0
7438,74.380229565,219.406000000,100,1410,1215,55,0
7439,74.390229205,219.406000000,100,1410,1215,55,0
7440,74.400230108,219.406000000,100,1410,1215,55,0
7441,74.410230009,219.406000000,100,1410,1215,55,0
7442,74.420229570,219.406000000,100,1410,1215,55,0
7443,74.430230783,219.406000000,100,1410,1215,55,0
7444,74.440230354,219.406000000,100,1410,1215,55,0
7445,74.450231066,220.103000000,100,1410,1215,55,0
7446,74.460230036,220.103000000,100,1410,1215,55,0
7447,74.470229045,220.103000000,100,1410,1215,55,0
7448,74.480232413,220.103000000,100,1410,1215,55,0
7449,74.490229659,220.103000000,100,1410,1215,55,0
7450,74.500230862,220.103000000,100,1410,1215,55,0
7451,74.510230743,220.103000000,100,1410,1215,55,0
7452,74.520229081,220.103000000,100,1410,1215,55,0
7453,74.530229153,220.103000000,100,1410,1215,55,0
7454,74.540230336,220.103000000,100,1410,1215,55,0
7455,74.550230808,220.103000000,100,1410,1215,55,0
7456,74.560229357,220.103000000,100,1410,1215,55,0
7457,74.570228977,220.103000000,100,1410,1215,55,0
7458,74.580229820,220.103000000,100,1410,1215,55,0
7459,74.590229901,220.103000000,100,1410,1215,55,0
7460,74.600230614,220.103000000,100,1410,1215,55,0
7461,74.610229884,220.103000000,100,1410,1215,55,0
7462,74.620230106,220.103000000,100,1410,1215,55,0
7463,74.630230227,220.103000000,100,1410,1215,55,0
7464,74.640230849,220.103000000,100,1410,1215,55,0
7465,74.650230800,220.103000000,100,1410,1215,55,0
7466,74.660230732,220.103000000,100,1410,1215,55,0
7467,74.670231284,220.103000000,100,1410,1215,55,0
7468,74.680231445,226.506000000,100,1410,1215,55,0
7469,74.690230805,226.506000000,100,1410,1215,55,0
7470,74.700231298,226.506000000,100,1410,1215,55,0
7471,74.710234585,226.506000000,100,1410,1215,55,0
7472,74.720230779,226.506000000,100,1410,1215,55,0
7473,74.730230620,226.506000000,100,1410,1215,55,0
7474,74.740231282,226.506000000,100,1410,1215,55,0
7475,74.750230662,226.506000000,100,1410,1215,55,0
7476,74.760230854,226.506000000,100,1410,1215,55,0
7477,74.770229202,226.506000000,100,1410,1215,55,0
7478,74.780229563,226.506000000,100,1410,1215,55,0
7479,74.790229995,226.506000000,100,1410,1215,55,0
7480,74.800234525,226.506000000,100,1410,1215,55,0
7481,74.810322802,226.506000000,100,1410,1215,55,0
7482,74.820231341,226.506000000,100,1410,1215,55,0
7483,74.830229008,226.506000000,100,1410,1215,55,0
7484,74.840229280,226.506000000,100,1410,1215,55,0
7485,74.850229762,226.769000000,100,1410,1215,55,0
7486,74.860229082,226.769000000,100,1410,1215,55,0
7487,74.870230405,226.769000000,100,1410,1215,55,0
7488,74.880228733,226.769000000,100,1410,1215,55,0
7489,74.890230417,226.769000000,100,1410,1215,55,0
7490,74.900228846,226.769000000,100,1410,1215,55,0
7491,74.910228817,226.769000000,100,1410,1215,55,0
7492,74.920230090,226.769000000,100,1410,1215,55,0
7493,74.930230422,226.769000000,100,1410,1215,55,0
7494,74.940230133,226.769000000,100,1410,1215,55,0
7495,74.950229693,227.154000000,100,1410,1215,55,0
7496,74.960229484,227.154000000,100,1410,1215,55,0
7497,74.970229835,227.154000000,100,1410,1215,55,0
7498,74.980230638,227.154000000,100,1410,1215,55,0
7499,74.990229487,227.154000000,100,1410,1215,55,0
7500,75.000230460,227.154000000,100,1410,1215,55,0
7501,75.010229339,227.154000000,100,1410,1215,55,0
7502,75.020229761,227.154000000,100,1410,1215,55,0
7503,75.030230203,227.154000000,100,1410,1215,55,0
7504,75.040231507,227.154000000,100,1410,1215,55,0
7505,75.050229955,226.992000000,100,1410,1215,55,0
7506,75.060229846,226.992000000,100,1410,1215,55,0
7507,75.070230869,226.992000000,100,1410,1215,55,0
7508,75.080232713,226.992000000,100,1410,1215,55,0
7509,75.090233155,226.992000000,100,1410,1215,55,0
7510,75.100231724,226.992000000,100,1410,1215,55,0
7511,75.110229841,226.992000000,100,1410,1215,55,0
7512,75.120229572,226.992000000,100,1410,1215,55,0
7513,75.130229613,226.992000000,100,1410,1215,55,0
7514,75.140230726,226.992000000,100,1410,1215,55,0
7515,75.150230888,226.705000000,100,1410,1215,55,0
7516,75.160229857,226.705000000,100,1410,1215,55,0
7517,75.170229628,226.705000000,100,1410,1215,55,0
7518,75.180229128,226.705000000,100,1410,1215,55,0
7519,75.190229900,226.705000000,100,1410,1215,55,0
7520,75.200230403,226.705000000,100,1410,1215,55,0
7521,75.210234101,226.705000000,100,1410,1215,55,0
7522,75.220229784,226.705000000,100,1410,1215,55,0
7523,75.230231578,226.705000000,100,1410,1215,55,0
7524,75.240231038,226.705000000,100,1410,1215,55,0
7525,75.250230749,226.866000000,100,1410,1215,55,0
7526,75.260229989,226.866000000,100,1410,1215,55,0
7527,75.270230851,226.866000000,100,1410,1215,55,0
7528,75.280234249,226.866000000,100,1410,1215,55,0
7529,75.290231334,226.866000000,100,1410,1215,55,0
7530,75.300230354,226.866000000,100,1410,1215,55,0
7531,75.310230065,226.866000000,100,1410,1215,55,0
7532,75.320239173,226.866000000,100,1410,1215,55,0
7533,75.330233443,226.866000000,100,1410,1215,55,0
7534,75.340230469,226.866000000,100,1410,1215,55,0
7535,75.350229658,226.410000000,100,1410,1215,55,0
7536,75.360230591,226.410000000,100,1410,1215,55,0
7537,75.370228959,226.410000000,100,1410,1215,55,0
7538,75.380228890,226.410000000,100,1410,1215,55,0
7539,75.390230945,226.410000000,100,1410,1215,55,0
7540,75.400228922,226.410000000,100,1410,1215,55,0
7541,75.410228914,226.410000000,100,1410,1215,55,0
7542,75.420229255,226.410000000,100,1410,1215,55,0
7543,75.430229407,226.410000000,100,1410,1215,55,0
7544,75.440229819,226.410000000,100,1410,1215,55,0
7545,75.450230291,223.843000000,100,1410,1215,55,0
7546,75.460229500,223.843000000,100,1410,1215,55,0
7547,75.470229792,223.843000000,100,1410,1215,55,0
7548,75.480230875,223.843000000,100,1410,1215,55,0
7549,75.490229965,223.843000000,100,1410,1215,55,0
7550,75.500229735,223.843000000,100,1410,1215,55,0
7551,75.510229406,223.843000000,100,1410,1215,55,0
7552,75.520229056,223.843000000,100,1410,1215,55,0
7553,75.530229017,223.843000000,100,1410,1215,55,0
7554,75.540230411,223.843000000,100,1410,1215,55,0
7555,75.550230763,216.841000000,100,1410,1215,55,0
7556,75.560229822,216.841000000,100,1410,1215,55,0
7557,75.570229773,216.841000000,100,1410,1215,55,0
7558,75.580229865,216.841000000,100,1410,1215,55,0
7559,75.590230226,216.841000000,100,1410,1215,55,0
7560,75.600230398,216.841000000,100,1410,1215,55,0
7561,75.610231020,216.841000000,100,1410,1215,55,0
7562,75.620229579,216.841000000,100,1410,1215,55,0
7563,75.630229860,216.841000000,100,1410,1215,55,0
7564,75.640231685,216.841000000,100,1410,1215,55,0
7565,75.650231616,220.330000000,100,1410,1215,55,0
7566,75.660230014,220.330000000,100,1410,1215,55,0
7567,75.670229775,220.330000000,100,1410,1215,55,0
7568,75.680229966,220.330000000,100,1410,1215,55,0
7569,75.690230528,220.330000000,100,1410,1215,55,0
7570,75.700229628,220.330000000,100,1410,1215,55,0
7571,75.710234217,220.330000000,100,1410,1215,55,0
7572,75.720230702,220.330000000,100,1410,1215,55,0
7573,75.730231094,220.330000000,100,1410,1215,55,0
7574,75.740232117,220.330000000,100,1410,1215,55,0
7575,75.750230365,223.750000000,100,1410,1215,55,0
7576,75.760229684,223.750000000,100,1410,1215,55,0
7577,75.770229305,223.750000000,100,1410,1215,55,0
7578,75.780230277,223.750000000,100,1410,1215,55,0
7579,75.790231150,223.750000000,100,1410,1215,55,0
7580,75.800230760,223.750000000,100,1410,1215,55,0
7581,75.810231122,223.750000000,100,1410,1215,55,0
7582,75.820231584,223.750000000,100,1410,1215,55,0
7583,75.830763114,223.750000000,100,1410,1215,55,0
7584,75.840235473,223.750000000,100,1410,1215,55,0
7585,75.850231597,225.888000000,100,1410,1215,55,0
7586,75.860230406,225.888000000,100,1410,1215,55,0
7587,75.870230347,225.888000000,100,1410,1215,55,0
7588,75.880228635,225.888000000,100,1410,1215,55,0
7589,75.890231111,225.888000000,100,1410,1215,55,0
7590,75.900231352,225.888000000,100,1410,1215,55,0
7591,75.910230521,225.888000000,100,1410,1215,55,0
7592,75.920228679,225.888000000,100,1410,1215,55,0
7593,75.930229852,225.888000000,100,1410,1215,55,0
7594,75.940229993,225.888000000,100,1410,1215,55,0
7595,75.950229944,226.506000000,100,1410,1215,55,0
7596,75.960229435,226.506000000,100,1410,1215,55,0
7597,75.970228965,226.506000000,100,1410,1215,55,0
7598,75.980229607,226.506000000,100,1410,1215,55,0
7599,75.990230099,226.506000000,100,1410,1215,55,0
7600,76.000229859,226.506000000,100,1410,1215,55,0
7601,76.010231964,226.506000000,100,1410,1215,55,0
7602,76.020230002,226.506000000,100,1410,1215,55,0
7603,76.030236936,226.506000000,100,1410,1215,55,0
7604,76.040233140,226.506000000,100,1410,1215,55,0
7605,76.050231999,226.961000000,100,1410,1215,55,0
7606,76.060232611,226.961000000,100,1410,1215,55,0
7607,76.070231630,226.961000000,100,1410,1215,55,0
7608,76.080231751,226.961000000,100,1410,1215,55,0
7609,76.090231893,226.961000000,100,1410,1215,55,0
7610,76.100231703,226.961000000,100,1410,1215,55,0
7611,76.110233217,226.961000000,100,1410,1215,55,0
7612,76.120233449,226.961000000,100,1410,1215,55,0
7613,76.130233840,226.961000000,100,1410,1215,55,0
7614,76.140232970,226.961000000,100,1410,1215,55,0
7615,76.150232941,226.896000000,100,1410,1215,55,0
7616,76.160232401,226.896000000,100,1410,1215,55,0
7617,76.170231320,226.896000000,100,1410,1215,55,0
7618,76.180230670,226.896000000,100,1410,1215,55,0
7619,76.190232604,226.896000000,100,1410,1215,55,0
7620,76.200231834,226.896000000,100,1410,1215,55,0
7621,76.210230983,226.896000000,100,1410,1215,55,0
7622,76.220231045,226.896000000,100,1410,1215,55,0
7623,76.230233029,226.896000000,100,1410,1215,55,0
7624,76.240237849,226.896000000,100,1410,1215,55,0
7625,76.250233853,226.769000000,100,1410,1215,55,0
7626,76.260232501,226.769000000,100,1410,1215,55,0
7627,76.270232052,226.769000000,100,1410,1215,55,0
7628,76.280232483,226.769000000,100,1410,1215,55,0
7629,76.290233376,226.769000000,100,1410,1215,55,0
7630,76.300233297,226.769000000,100,1410,1215,55,0
7631,76.310231915,226.769000000,100,1410,1215,55,0
7632,76.320233690,226.769000000,100,1410,1215,55,0
7633,76.330234863,226.769000000,100,1410,1215,55,0
7634,76.340232860,226.769000000,100,1410,1215,55,0
7635,76.350232791,226.867000000,100,1410,1215,55,0
7636,76.360231750,226.867000000,100,1410,1215,55,0
7637,76.370232152,226.867000000,100,1410,1215,55,0
7638,76.380232554,226.867000000,100,1410,1215,55,0
7639,76.390234318,226.867000000,100,1410,1215,55,0
7640,76.400231744,226.867000000,100,1410,1215,55,0
7641,76.410233539,226.867000000,100,1410,1215,55,0
7642,76.420231937,226.867000000,100,1410,1215,55,0
7643,76.430234262,226.867000000,100,1410,1215,55,0
7644,76.440232189,226.867000000,100,1410,1215,55,0
7645,76.450231700,226.505000000,100,1410,1215,55,0
7646,76.460233724,226.505000000,100,1410,1215,55,0
7647,76.470233114,226.505000000,100,1410,1215,55,0
7648,76.480231643,226.505000000,100,1410,1215,55,0
7649,76.490231243,226.505000000,100,1410,1215,55,0
7650,76.500231474,226.505000000,100,1410,1215,55,0
7651,76.510231335,226.505000000,100,1410,1215,55,0
7652,76.520230645,226.505000000,100,1410,1215,55,0
7653,76.530230285,226.505000000,100,1410,1215,55,0
7654,76.540231749,226.505000000,100,1410,1215,55,0
7655,76.550230878,224.597000000,100,1410,1215,55,0
7656,76.560232142,224.597000000,100,1410,1215,55,0
7657,76.570231111,224.597000000,100,1410,1215,55,0
7658,76.580231222,224.597000000,100,1410,1215,55,0
7659,76.590230902,224.597000000,100,1410,1215,55,0
7660,76.600231254,224.597000000,100,1410,1215,55,0
7661,76.610230905,224.597000000,100,1410,1215,55,0
7662,76.620231246,224.597000000,100,1410,1215,55,0
7663,76.630230436,224.597000000,100,1410,1215,55,0
7664,76.640232010,224.597000000,100,1410,1215,55,0
7665,76.650231129,219.043000000,100,1410,1215,55,0
7666,76.660233134,219.043000000,100,1410,1215,55,0
7667,76.670231101,219.043000000,100,1410,1215,55,0
7668,76.680230742,219.043000000,100,1410,1215,55,0
7669,76.690231133,219.043000000,100,1410,1215,55,0
7670,76.700230283,219.043000000,100,1410,1215,55,0
7671,76.710230755,219.043000000,100,1410,1215,55,0
7672,76.720231066,219.043000000,100,1410,1215,55,0
7673,76.730230376,219.043000000,100,1410,1215,55,0
7674,76.740233152,219.043000000,100,1410,1215,55,0
7675,76.750230889,220.524000000,100,1410,1215,55,0
7676,76.760231281,220.524000000,100,1410,1215,55,0
7677,76.770230780,220.524000000,100,1410,1215,55,0
7678,76.780231082,220.524000000,100,1410,1215,55,0
7679,76.790230282,220.524000000,100,1410,1215,55,0
7680,76.800230673,220.524000000,100,1410,1215,55,0
7681,76.810231095,220.524000000,100,1410,1215,55,0
7682,76.820230785,220.524000000,100,1410,1215,55,0
7683,76.830230145,220.524000000,100,1410,1215,55,0
7684,76.840231258,220.524000000,100,1410,1215,55,0
7685,76.850234385,223.816000000,100,1410,1215,55,0
7686,76.860231570,223.816000000,100,1410,1215,55,0
7687,76.870231621,223.816000000,100,1410,1215,55,0
7688,76.880233326,223.816000000,100,1410,1215,55,0
7689,76.890230321,223.816000000,100,1410,1215,55,0
7690,76.900232316,223.816000000,100,1410,1215,55,0
7691,76.910232777,223.816000000,100,1410,1215,55,0
7692,76.920230514,223.816000000,100,1410,1215,55,0
7693,76.930232018,223.816000000,100,1410,1215,55,0
7694,76.940231438,223.816000000,100,1410,1215,55,0
7695,76.950231919,225.808000000,100,1410,1215,55,0
7696,76.960231470,225.808000000,100,1410,1215,55,0
7697,76.970232793,225.808000000,100,1410,1215,55,0
7698,76.980231431,225.808000000,100,1410,1215,55,0
7699,76.990230460,225.808000000,100,1410,1215,55,0
7700,77.000231173,225.808000000,100,1410,1215,55,0
7701,77.010230613,225.808000000,100,1410,1215,55,0
7702,77.020230844,225.808000000,100,1410,1215,55,0
7703,77.030230114,225.808000000,100,1410,1215,55,0
7704,77.040231066,225.808000000,100,1410,1215,55,0
7705,77.050231668,226.501000000,100,1410,1215,55,0
7706,77.060230377,226.501000000,100,1410,1215,55,0
7707,77.070230388,226.501000000,100,1410,1215,55,0
7708,77.080230890,226.501000000,100,1410,1215,55,0
7709,77.090230841,226.501000000,100,1410,1215,55,0
7710,77.100230261,226.501000000,100,1410,1215,55,0
7711,77.110230362,226.501000000,100,1410,1215,55,0
7712,77.120230733,226.501000000,100,1410,1215,55,0
7713,77.130230995,226.501000000,100,1410,1215,55,0
7714,77.140230936,226.501000000,100,1410,1215,55,0
7715,77.150231958,226.703000000,100,1410,1215,55,0
7716,77.160230196,226.703000000,100,1410,1215,55,0
7717,77.170231379,226.703000000,100,1410,1215,55,0
7718,77.180231029,226.703000000,100,1410,1215,55,0
7719,77.190230359,226.703000000,100,1410,1215,55,0
7720,77.200230520,226.703000000,100,1410,1215,55,0
7721,77.210231032,226.703000000,100,1410,1215,55,0
7722,77.220230813,226.703000000,100,1410,1215,55,0
7723,77.230230373,226.703000000,100,1410,1215,55,0
7724,77.240235053,226.703000000,100,1410,1215,55,0
7725,77.250239021,227.269000000,100,1410,1215,55,0
7726,77.260233251,227.269000000,100,1410,1215,55,0
7727,77.270231819,227.269000000,100,1410,1215,55,0
7728,77.280230788,227.269000000,100,1410,1215,55,0
7729,77.290230369,227.269000000,100,1410,1215,55,0
7730,77.300232854,227.269000000,100,1410,1215,55,0
7731,77.310230310,227.269000000,100,1410,1215,55,0
7732,77.320230291,227.269000000,100,1410,1215,55,0
7733,77.330230923,227.269000000,100,1410,1215,55,0
7734,77.340231786,227.269000000,100,1410,1215,55,0
7735,77.350231106,226.992000000,100,1410,1215,55,0
7736,77.360230646,226.992000000,100,1410,1215,55,0
7737,77.370231739,226.992000000,100,1410,1215,55,0
7738,77.380231249,226.992000000,100,1410,1215,55,0
7739,77.390231460,226.992000000,100,1410,1215,55,0
7740,77.400230509,226.992000000,100,1410,1215,55,0
7741,77.410230791,226.992000000,100,1410,1215,55,0
7742,77.420230220,226.992000000,100,1410,1215,55,0
7743,77.430230231,226.992000000,100,1410,1215,55,0
7744,77.440231335,226.992000000,100,1410,1215,55,0
7745,77.450232698,226.871000000,100,1410,1215,55,0
7746,77.460230615,226.871000000,100,1410,1215,55,0
7747,77.470229674,226.871000000,100,1410,1215,55,0
7748,77.480231859,226.871000000,100,1410,1215,55,0
7749,77.490230758,226.871000000,100,1410,1215,55,0
7750,77.500230438,226.871000000,100,1410,1215,55,0
7751,77.510231151,226.871000000,100,1410,1215,55,0
7752,77.520229769,226.871000000,100,1410,1215,55,0
7753,77.530230131,226.871000000,100,1410,1215,55,0
7754,77.540231083,226.871000000,100,1410,1215,55,0
7755,77.550230123,226.212000000,100,1410,1215,55,0
7756,77.560230123,226.212000000,100,1410,1215,55,0
7757,77.570229934,226.212000000,100,1410,1215,55,0
7758,77.580230546,226.212000000,100,1410,1215,55,0
7759,77.590230056,226.212000000,100,1410,1215,55,0
7760,77.600230147,226.212000000,100,1410,1215,55,0
7761,77.610232543,226.212000000,100,1410,1215,55,0
7762,77.620230159,226.212000000,100,1410,1215,55,0
7763,77.630229799,226.212000000,100,1410,1215,55,0
7764,77.640228598,226.212000000,100,1410,1215,55,0
7765,77.650229611,225.243000000,100,1410,1215,55,0
7766,77.660230143,225.243000000,100,1410,1215,55,0
7767,77.670229863,225.243000000,100,1410,1215,55,0
7768,77.680228702,225.243000000,100,1410,1215,55,0
7769,77.690229745,225.243000000,100,1410,1215,55,0
7770,77.700230718,225.243000000,100,1410,1215,55,0
7771,77.710230298,225.243000000,100,1410,1215,55,0
7772,77.720232142,225.243000000,100,1410,1215,55,0
7773,77.730230650,225.243000000,100,1410,1215,55,0
7774,77.740231012,225.243000000,100,1410,1215,55,0
7775,77.750233047,219.221000000,100,1410,1215,55,0
7776,77.760231284,219.221000000,100,1410,1215,55,0
7777,77.770231716,219.221000000,100,1410,1215,55,0
7778,77.780230875,219.221000000,100,1410,1215,55,0
7779,77.790231577,219.221000000,100,1410,1215,55,0
7780,77.800230857,219.221000000,100,1410,1215,55,0
7781,77.810230777,219.221000000,100,1410,1215,55,0
7782,77.820230918,219.221000000,100,1410,1215,55,0
7783,77.830231450,219.221000000,100,1410,1215,55,0
7784,77.840231000,219.221000000,100,1410,1215,55,0
7785,77.850231452,220.867000000,100,1410,1215,55,0
7786,77.860230301,220.867000000,100,1410,1215,55,0
7787,77.870283531,220.867000000,100,1410,1215,55,0
7788,77.880230713,220.867000000,100,1410,1215,55,0
7789,77.890230423,220.867000000,100,1410,1215,55,0
7790,77.900231616,220.867000000,100,1410,1215,55,0
7791,77.910230495,220.867000000,100,1410,1215,55,0
7792,77.920231027,220.867000000,100,1410,1215,55,0
7793,77.930230016,220.867000000,100,1410,1215,55,0
7794,77.940232702,220.867000000,100,1410,1215,55,0
7795,77.950232603,223.562000000,100,1410,1215,55,0
7796,77.960230810,223.562000000,100,1410,1215,55,0
7797,77.970232344,223.562000000,100,1410,1215,55,0
7798,77.980231553,223.562000000,100,1410,1215,55,0
7799,77.990231013,223.562000000,100,1410,1215,55,0
7800,78.000230793,223.562000000,100,1410,1215,55,0
7801,78.010231576,223.562000000,100,1410,1215,55,0
7802,78.020230044,223.562000000,100,1410,1215,55,0
7803,78.030230546,223.562000000,100,1410,1215,55,0
7804,78.040230867,223.562000000,100,1410,1215,55,0
7805,78.050231910,225.400000000,100,1410,1215,55,0
7806,78.060231159,225.400000000,100,1410,1215,55,0
7807,78.070230378,225.400000000,100,1410,1215,55,0
7808,78.080232233,225.400000000,100,1410,1215,55,0
7809,78.090231011,225.400000000,100,1410,1215,55,0
7810,78.100230551,225.400000000,100,1410,1215,55,0
7811,78.110231103,225.400000000,100,1410,1215,55,0
7812,78.120231465,225.400000000,100,1410,1215,55,0
7813,78.130231876,225.400000000,100,1410,1215,55,0
7814,78.140232178,225.400000000,100,1410,1215,55,0
7815,78.150231688,226.506000000,100,1410,1215,55,0
7816,78.160232270,226.506000000,100,1410,1215,55,0
7817,78.170231329,226.506000000,100,1410,1215,55,0
7818,78.180232001,226.506000000,100,1410,1215,55,0
7819,78.190231150,226.506000000,100,1410,1215,55,0
7820,78.200231041,226.506000000,100,1410,1215,55,0
7821,78.210230250,226.506000000,100,1410,1215,55,0
7822,78.220230942,226.506000000,100,1410,1215,55,0
7823,78.230230332,226.506000000,100,1410,1215,55,0
7824,78.240231104,226.506000000,100,1410,1215,55,0
7825,78.250231195,226.705000000,100,1410,1215,55,0
7826,78.260232969,226.705000000,100,1410,1215,55,0
7827,78.270231057,226.705000000,100,1410,1215,55,0
7828,78.280233532,226.705000000,100,1410,1215,55,0
7829,78.290232601,226.705000000,100,1410,1215,55,0
7830,78.300231400,226.705000000,100,1410,1215,55,0
7831,78.310230189,226.705000000,100,1410,1215,55,0
7832,78.320230520,226.705000000,100,1410,1215,55,0
7833,78.330231272,226.705000000,100,1410,1215,55,0
7834,78.340231383,226.705000000,100,1410,1215,55,0
7835,78.350231234,227.250000000,100,1410,1215,55,0
7836,78.360229972,227.250000000,100,1410,1215,55,0
7837,78.370230314,227.250000000,100,1410,1215,55,0
7838,78.380230886,227.250000000,100,1410,1215,55,0
7839,78.390230596,227.250000000,100,1410,1215,55,0
7840,78.400230186,227.250000000,100,1410,1215,55,0
7841,78.410230407,227.250000000,100,1410,1215,55,0
7842,78.420232211,227.250000000,100,1410,1215,55,0
7843,78.430230840,227.250000000,100,1410,1215,55,0
7844,78.440232193,227.250000000,100,1410,1215,55,0
7845,78.450230761,226.986000000,100,1410,1215,55,0
7846,78.460230391,226.986000000,100,1410,1215,55,0
7847,78.470231795,226.986000000,100,1410,1215,55,0
7848,78.480232718,226.986000000,100,1410,1215,55,0
7849,78.490230053,226.986000000,100,1410,1215,55,0
7850,78.500230345,226.986000000,100,1410,1215,55,0
7851,78.510230195,226.986000000,100,1410,1215,55,0
7852,78.520231859,226.986000000,100,1410,1215,55,0
7853,78.530229786,226.986000000,100,1410,1215,55,0
7854,78.540232552,226.986000000,100,1410,1215,55,0
7855,78.550229928,226.865000000,100,1410,1215,55,0
7856,78.560231161,226.865000000,100,1410,1215,55,0
7857,78.570230491,226.865000000,100,1410,1215,55,0
7858,78.580231734,226.865000000,100,1410,1215,55,0
7859,78.590230974,226.865000000,100,1410,1215,55,0
7860,78.600229802,226.865000000,100,1410,1215,55,0
7861,78.610231326,226.865000000,100,1410,1215,55,0
7862,78.620230435,226.865000000,100,1410,1215,55,0
7863,78.630230115,226.865000000,100,1410,1215,55,0
7864,78.640231809,226.865000000,100,1410,1215,55,0
7865,78.650235477,226.673000000,100,1410,1215,55,0
7866,78.660230549,226.673000000,100,1410,1215,55,0
7867,78.670231030,226.673000000,100,1410,1215,55,0
7868,78.680231172,226.673000000,100,1410,1215,55,0
7869,78.690231082,226.673000000,100,1410,1215,55,0
7870,78.700230422,226.673000000,100,1410,1215,55,0
7871,78.710230693,226.673000000,100,1410,1215,55,0
7872,78.720228089,226.673000000,100,1410,1215,55,0
7873,78.730229984,226.673000000,100,1410,1215,55,0
7874,78.740230916,226.673000000,100,1410,1215,55,0
7875,78.750231167,226.188000000,100,1410,1215,55,0
7876,78.760229845,226.188000000,100,1410,1215,55,0
7877,78.770230487,226.188000000,100,1410,1215,55,0
7878,78.780231179,226.188000000,100,1410,1215,55,0
7879,78.790235448,226.188000000,100,1410,1215,55,0
7880,78.800232724,226.188000000,100,1410,1215,55,0
7881,78.810231192,226.188000000,100,1410,1215,55,0
7882,78.820231283,226.188000000,100,1410,1215,55,0
7883,78.830230953,226.188000000,100,1410,1215,55,0
7884,78.840231575,226.188000000,100,1410,1215,55,0
7885,78.850231616,219.811000000,100,1410,1215,55,0
7886,78.860231446,219.811000000,100,1410,1215,55,0
7887,78.870230786,219.811000000,100,1410,1215,55,0
7888,78.880231137,219.811000000,100,1410,1215,55,0
7889,78.890231959,219.811000000,100,1410,1215,55,0
7890,78.900231429,219.811000000,100,1410,1215,55,0
7891,78.910231019,219.811000000,100,1410,1215,55,0
7892,78.920230639,219.811000000,100,1410,1215,55,0
7893,78.930231141,219.811000000,100,1410,1215,55,0
7894,78.940232193,219.811000000,100,1410,1215,55,0
7895,78.950231363,220.173000000,100,1410,1215,55,0
7896,78.960231934,220.173000000,100,1410,1215,55,0
7897,78.970231494,220.173000000,100,1410,1215,55,0
7898,78.980232467,220.173000000,100,1410,1215,55,0
7899,78.990231255,220.173000000,100,1410,1215,55,0
7900,79.000230645,220.173000000,100,1410,1215,55,0
7901,79.010231197,220.173000000,100,1410,1215,55,0
7902,79.020232540,220.173000000,100,1410,1215,55,0
7903,79.030231809,220.173000000,100,1410,1215,55,0
7904,79.040231239,220.173000000,100,1410,1215,55,0
7905,79.050231250,223.919000000,100,1410,1215,55,0
7906,79.060231721,223.919000000,100,1410,1215,55,0
7907,79.070231933,223.919000000,100,1410,1215,55,0
7908,79.080230661,223.919000000,100,1410,1215,55,0
7909,79.090230952,223.919000000,100,1410,1215,55,0
7910,79.100232706,223.919000000,100,1410,1215,55,0
7911,79.110230984,223.919000000,100,1410,1215,55,0
7912,79.120230814,223.919000000,100,1410,1215,55,0
7913,79.130230364,223.919000000,100,1410,1215,55,0
7914,79.140231778,223.919000000,100,1410,1215,55,0
7915,79.150232199,225.427000000,100,1410,1215,55,0
7916,79.160231068,225.427000000,100,1410,1215,55,0
7917,79.170231299,225.427000000,100,1410,1215,55,0
7918,79.180230739,225.427000000,100,1410,1215,55,0
7919,79.190232723,225.427000000,100,1410,1215,55,0
7920,79.200234086,225.427000000,100,1410,1215,55,0
7921,79.210230701,225.427000000,100,1410,1215,55,0
7922,79.220231082,225.427000000,100,1410,1215,55,0
7923,79.230230843,225.427000000,100,1410,1215,55,0
7924,79.240231134,225.427000000,100,1410,1215,55,0
7925,79.250230874,226.410000000,100,1410,1215,55,0
7926,79.260233961,226.410000000,100,1410,1215,55,0
7927,79.270232378,226.410000000,100,1410,1215,55,0
7928,79.280232199,226.410000000,100,1410,1215,55,0
7929,79.290232871,226.410000000,100,1410,1215,55,0
7930,79.300232160,226.410000000,100,1410,1215,55,0
7931,79.310231159,226.410000000,100,1410,1215,55,0
7932,79.320232523,226.410000000,100,1410,1215,55,0
7933,79.330231050,226.410000000,100,1410,1215,55,0
7934,79.340231171,226.410000000,100,1410,1215,55,0
7935,79.350231583,226.897000000,100,1410,1215,55,0
7936,79.360230422,226.897000000,100,1410,1215,55,0
7937,79.370231164,226.897000000,100,1410,1215,55,0
7938,79.380230894,226.897000000,100,1410,1215,55,0
7939,79.390230845,226.897000000,100,1410,1215,55,0
7940,79.400230154,226.897000000,100,1410,1215,55,0
7941,79.410231648,226.897000000,100,1410,1215,55,0
7942,79.420230947,226.897000000,100,1410,1215,55,0
7943,79.430231549,226.897000000,100,1410,1215,55,0
7944,79.440231299,226.897000000,100,1410,1215,55,0
7945,79.450232552,226.992000000,100,1410,1215,55,0
7946,79.460231100,226.992000000,100,1410,1215,55,0
7947,79.470231201,226.992000000,100,1410,1215,55,0
7948,79.480232094,226.992000000,100,1410,1215,55,0
7949,79.490231103,226.992000000,100,1410,1215,55,0
7950,79.500230813,226.992000000,100,1410,1215,55,0
7951,79.510231916,226.992000000,100,1410,1215,55,0
7952,79.520231726,226.992000000,100,1410,1215,55,0
7953,79.530232408,226.992000000,100,1410,1215,55,0
7954,79.540231808,226.992000000,100,1410,1215,55,0
7955,79.550233311,226.794000000,100,1410,1215,55,0
7956,79.560231759,226.794000000,100,1410,1215,55,0
7957,79.570230848,226.794000000,100,1410,1215,55,0
7958,79.580232242,226.794000000,100,1410,1215,55,0
7959,79.590232122,226.794000000,100,1410,1215,55,0
7960,79.600230921,226.794000000,100,1410,1215,55,0
7961,79.610230641,226.794000000,100,1410,1215,55,0
7962,79.620229960,226.794000000,100,1410,1215,55,0
7963,79.630230953,226.794000000,100,1410,1215,55,0
7964,79.640231945,226.794000000,100,1410,1215,55,0
7965,79.650230704,226.794000000,100,1410,1215,55,0
7966,79.660229342,226.794000000,100,1410,1215,55,0
7967,79.670230795,226.794000000,100,1410,1215,55,0
7968,79.680230927,226.794000000,100,1410,1215,55,0
7969,79.690231168,226.794000000,100,1410,1215,55,0
7970,79.700230567,226.794000000,100,1410,1215,55,0
7971,79.710231059,226.794000000,100,1410,1215,55,0
7972,79.720231080,226.794000000,100,1410,1215,55,0
7973,79.730230249,226.794000000,100,1410,1215,55,0
7974,79.740228677,226.794000000,100,1410,1215,55,0
7975,79.750230561,226.488000000,100,1410,1215,55,0
7976,79.760229489,226.488000000,100,1410,1215,55,0
7977,79.770230923,226.488000000,100,1410,1215,55,0
7978,79.780229200,226.488000000,100,1410,1215,55,0
7979,79.790230423,226.488000000,100,1410,1215,55,0
7980,79.800230624,226.488000000,100,1410,1215,55,0
7981,79.810230445,226.488000000,100,1410,1215,55,0
7982,79.820230595,226.488000000,100,1410,1215,55,0
7983,79.830232079,226.488000000,100,1410,1215,55,0
7984,79.840231659,226.488000000,100,1410,1215,55,0
7985,79.850231850,226.080000000,100,1410,1215,55,0
7986,79.860231410,226.080000000,100,1410,1215,55,0
7987,79.870230629,226.080000000,100,1410,1215,55,0
7988,79.880231431,226.080000000,100,1410,1215,55,0
7989,79.890231391,226.080000000,100,1410,1215,55,0
7990,79.900231572,226.080000000,100,1410,1215,55,0
7991,79.910230752,226.080000000,100,1410,1215,55,0
7992,79.920230933,226.080000000,100,1410,1215,55,0
7993,79.930230883,226.080000000,100,1410,1215,55,0
7994,79.940231004,226.080000000,100,1410,1215,55,0
7995,79.950232117,219.894000000,100,1410,1215,55,0
7996,79.960231226,219.894000000,100,1410,1215,55,0
7997,79.970231707,219.894000000,100,1410,1215,55,0
7998,79.980232750,219.894000000,100,1410,1215,55,0
7999,79.990231398,219.894000000,100,1410,1215,55,0
8000,80.000230517,219.894000000,100,1410,1215,55,0
8001,80.010231620,219.894000000,100,1410,1215,55,0
8002,80.020231390,219.894000000,100,1410,1215,55,0
8003,80.030233044,219.894000000,100,1410,1215,55,0
8004,80.040232073,219.894000000,100,1410,1215,55,0
8005,80.050231132,219.247000000,100,1410,1215,55,0
8006,80.060230731,219.247000000,100,1410,1215,55,0
8007,80.070231594,219.247000000,100,1410,1215,55,0
8008,80.080231935,219.247000000,100,1410,1215,55,0
8009,80.090232126,219.247000000,100,1410,1215,55,0
8010,80.100230664,219.247000000,100,1410,1215,55,0
8011,80.110230965,219.247000000,100,1410,1215,55,0
8012,80.120231106,219.247000000,100,1410,1215,55,0
8013,80.130231007,219.247000000,100,1410,1215,55,0
8014,80.140231338,219.247000000,100,1410,1215,55,0
8015,80.150231960,223.551000000,100,1410,1215,55,0
8016,80.160232291,223.551000000,100,1410,1215,55,0
8017,80.170230719,223.551000000,100,1410,1215,55,0
8018,80.180231020,223.551000000,100,1410,1215,55,0
8019,80.190230700,223.551000000,100,1410,1215,55,0
8020,80.200231131,223.551000000,100,1410,1215,55,0
8021,80.210231172,223.551000000,100,1410,1215,55,0
8022,80.220230451,223.551000000,100,1410,1215,55,0
8023,80.230230642,223.551000000,100,1410,1215,55,0
8024,80.240232126,223.551000000,100,1410,1215,55,0
8025,80.250231666,225.595000000,100,1410,1215,55,0
8026,80.260230434,225.595000000,100,1410,1215,55,0
8027,80.270230755,225.595000000,100,1410,1215,55,0
8028,80.280231928,225.595000000,100,1410,1215,55,0
8029,80.290231388,225.595000000,100,1410,1215,55,0
8030,80.300231148,225.595000000,100,1410,1215,55,0
8031,80.310230858,225.595000000,100,1410,1215,55,0
8032,80.320230688,225.595000000,100,1410,1215,55,0
8033,80.330231290,225.595000000,100,1410,1215,55,0
8034,80.340232643,225.595000000,100,1410,1215,55,0
8035,80.350231111,226.482000000,100,1410,1215,55,0
8036,80.360230811,226.482000000,100,1410,1215,55,0
8037,80.370230521,226.482000000,100,1410,1215,55,0
8038,80.380230783,226.482000000,100,1410,1215,55,0
8039,80.390231975,226.482000000,100,1410,1215,55,0
8040,80.400230363,226.482000000,100,1410,1215,55,0
8041,80.410231035,226.482000000,100,1410,1215,55,0
8042,80.420230845,226.482000000,100,1410,1215,55,0
8043,80.430230756,226.482000000,100,1410,1215,55,0
8044,80.440231067,226.482000000,100,1410,1215,55,0
8045,80.450231118,226.945000000,100,1410,1215,55,0
8046,80.460230718,226.945000000,100,1410,1215,55,0
8047,80.470230668,226.945000000,100,1410,1215,55,0
8048,80.480231490,226.945000000,100,1410,1215,55,0
8049,80.490230920,226.945000000,100,1410,1215,55,0
8050,80.500230219,226.945000000,100,1410,1215,55,0
8051,80.510231342,226.945000000,100,1410,1215,55,0
8052,80.520230501,226.945000000,100,1410,1215,55,0
8053,80.530230792,226.945000000,100,1410,1215,55,0
8054,80.540231574,226.945000000,100,1410,1215,55,0
8055,80.550230253,227.184000000,100,1410,1215,55,0
8056,80.560230183,227.184000000,100,1410,1215,55,0
8057,80.570230404,227.184000000,100,1410,1215,55,0
8058,80.580230796,227.184000000,100,1410,1215,55,0
8059,80.590230345,227.184000000,100,1410,1215,55,0
8060,80.600231418,227.184000000,100,1410,1215,55,0
8061,80.610230768,227.184000000,100,1410,1215,55,0
8062,80.620232021,227.184000000,100,1410,1215,55,0
8063,80.630232943,227.184000000,100,1410,1215,55,0
8064,80.640231210,227.184000000,100,1410,1215,55,0
8065,80.650232133,226.890000000,100,1410,1215,55,0
8066,80.660230009,226.890000000,100,1410,1215,55,0
8067,80.670231222,226.890000000,100,1410,1215,55,0
8068,80.680230792,226.890000000,100,1410,1215,55,0
8069,80.690230613,226.890000000,100,1410,1215,55,0
8070,80.700230022,226.890000000,100,1410,1215,55,0
8071,80.710230474,226.890000000,100,1410,1215,55,0
8072,80.720231356,226.890000000,100,1410,1215,55,0
8073,80.730230425,226.890000000,100,1410,1215,55,0
8074,80.740230506,226.890000000,100,1410,1215,55,0
8075,80.750230746,226.608000000,100,1410,1215,55,0
8076,80.760230316,226.608000000,100,1410,1215,55,0
8077,80.770230688,226.608000000,100,1410,1215,55,0
8078,80.780232131,226.608000000,100,1410,1215,55,0
8079,80.790231450,226.608000000,100,1410,1215,55,0
8080,80.800229076,226.608000000,100,1410,1215,55,0
8081,80.810228806,226.608000000,100,1410,1215,55,0
8082,80.820231622,226.608000000,100,1410,1215,55,0
8083,80.830232975,226.608000000,100,1410,1215,55,0
8084,80.840231773,226.608000000,100,1410,1215,55,0
8085,80.850232175,226.705000000,100,1410,1215,55,0
8086,80.860231344,226.705000000,100,1410,1215,55,0
8087,80.870230463,226.705000000,100,1410,1215,55,0
8088,80.880231335,226.705000000,100,1410,1215,55,0
8089,80.890230414,226.705000000,100,1410,1215,55,0
8090,80.900231657,226.705000000,100,1410,1215,55,0
8091,80.910231567,226.705000000,100,1410,1215,55,0
8092,80.920230846,226.705000000,100,1410,1215,55,0
8093,80.930230216,226.705000000,100,1410,1215,55,0
8094,80.940231438,226.705000000,100,1410,1215,55,0
8095,80.950231810,226.111000000,100,1410,1215,55,0
8096,80.960231069,226.111000000,100,1410,1215,55,0
8097,80.970230809,226.111000000,100,1410,1215,55,0
8098,80.980231000,226.111000000,100,1410,1215,55,0
8099,80.990230880,226.111000000,100,1410,1215,55,0
8100,81.000230781,226.111000000,100,1410,1215,55,0
8101,81.010230531,226.111000000,100,1410,1215,55,0
8102,81.020231032,226.111000000,100,1410,1215,55,0
8103,81.030232285,226.111000000,100,1410,1215,55,0
8104,81.040231223,226.111000000,100,1410,1215,55,0
8105,81.050231174,220.195000000,100,1410,1215,55,0
8106,81.060230674,220.195000000,100,1410,1215,55,0
8107,81.070231035,220.195000000,100,1410,1215,55,0
8108,81.080231065,220.195000000,100,1410,1215,55,0
8109,81.090229834,220.195000000,100,1410,1215,55,0
8110,81.100230325,220.195000000,100,1410,1215,55,0
8111,81.110229985,220.195000000,100,1410,1215,55,0
8112,81.120236959,220.195000000,100,1410,1215,55,0
8113,81.130231088,220.195000000,100,1410,1215,55,0
8114,81.140231069,220.195000000,100,1410,1215,55,0
8115,81.150231630,219.660000000,100,1410,1215,55,0
8116,81.160233164,219.660000000,100,1410,1215,55,0
8117,81.170230930,219.660000000,100,1410,1215,55,0
8118,81.180230841,219.660000000,100,1410,1215,55,0
8119,81.190230370,219.660000000,100,1410,1215,55,0
8120,81.200231453,219.660000000,100,1410,1215,55,0
8121,81.210230943,219.660000000,100,1410,1215,55,0
8122,81.220230512,219.660000000,100,1410,1215,55,0
8123,81.230231114,219.660000000,100,1410,1215,55,0
8124,81.240230964,219.660000000,100,1410,1215,55,0
8125,81.250231436,222.589000000,100,1410,1215,55,0
8126,81.260231136,222.589000000,100,1410,1215,55,0
8127,81.270230555,222.589000000,100,1410,1215,55,0
8128,81.280232109,222.589000000,100,1410,1215,55,0
8129,81.290231438,222.589000000,100,1410,1215,55,0
8130,81.300230537,222.589000000,100,1410,1215,55,0
8131,81.310230658,222.589000000,100,1410,1215,55,0
8132,81.320232542,222.589000000,100,1410,1215,55,0
8133,81.330232873,222.589000000,100,1410,1215,55,0
8134,81.340231561,222.589000000,100,1410,1215,55,0
8135,81.350230419,225.304000000,100,1410,1215,55,0
8136,81.360230981,225.304000000,100,1410,1215,55,0
8137,81.370231102,225.304000000,100,1410,1215,55,0
8138,81.380231333,225.304000000,100,1410,1215,55,0
8139,81.390230602,225.304000000,100,1410,1215,55,0
8140,81.400231474,225.304000000,100,1410,1215,55,0
8141,81.410230813,225.304000000,100,1410,1215,55,0
8142,81.420231686,225.304000000,100,1410,1215,55,0
8143,81.430230965,225.304000000,100,1410,1215,55,0
8144,81.440230074,225.304000000,100,1410,1215,55,0
8145,81.450230966,226.416000000,100,1410,1215,55,0
8146,81.460230616,226.416000000,100,1410,1215,55,0
8147,81.470230657,226.416000000,100,1410,1215,55,0
8148,81.480231138,226.416000000,100,1410,1215,55,0
8149,81.490231058,226.416000000,100,1410,1215,55,0
8150,81.500230849,226.416000000,100,1410,1215,55,0
8151,81.510231180,226.416000000,100,1410,1215,55,0
8152,81.520230629,226.416000000,100,1410,1215,55,0
8153,81.530230600,226.416000000,100,1410,1215,55,0
8154,81.540231011,226.416000000,100,1410,1215,55,0
8155,81.550230962,226.871000000,100,1410,1215,55,0
8156,81.560230181,226.871000000,100,1410,1215,55,0
8157,81.570230472,226.871000000,100,1410,1215,55,0
8158,81.580230863,226.871000000,100,1410,1215,55,0
8159,81.590229962,226.871000000,100,1410,1215,55,0
8160,81.600230964,226.871000000,100,1410,1215,55,0
8161,81.610230374,226.871000000,100,1410,1215,55,0
8162,81.620230314,226.871000000,100,1410,1215,55,0
8163,81.630230836,226.871000000,100,1410,1215,55,0
8164,81.640230556,226.871000000,100,1410,1215,55,0
8165,81.650231809,227.250000000,100,1410,1215,55,0
8166,81.660231138,227.250000000,100,1410,1215,55,0
8167,81.670230347,227.250000000,100,1410,1215,55,0
8168,81.680230438,227.250000000,100,1410,1215,55,0
8169,81.690230889,227.250000000,100,1410,1215,55,0
8170,81.700230629,227.250000000,100,1410,1215,55,0
8171,81.710231031,227.250000000,100,1410,1215,55,0
8172,81.720231412,227.250000000,100,1410,1215,55,0
8173,81.730230651,227.250000000,100,1410,1215,55,0
8174,81.740232114,227.250000000,100,1410,1215,55,0
8175,81.750231874,226.968000000,100,1410,1215,55,0
8176,81.760230933,226.968000000,100,1410,1215,55,0
8177,81.770230693,226.968000000,100,1410,1215,55,0
8178,81.780230643,226.968000000,100,1410,1215,55,0
8179,81.790232507,226.968000000,100,1410,1215,55,0
8180,81.800231776,226.968000000,100,1410,1215,55,0
8181,81.810231907,226.968000000,100,1410,1215,55,0
8182,81.820230545,226.968000000,100,1410,1215,55,0
8183,81.830230055,226.968000000,100,1410,1215,55,0
8184,81.840229754,226.968000000,100,1410,1215,55,0
8185,81.850230316,226.793000000,100,1410,1215,55,0
8186,81.860230427,226.793000000,100,1410,1215,55,0
8187,81.870230397,226.793000000,100,1410,1215,55,0
8188,81.880229185,226.793000000,100,1410,1215,55,0
8189,81.890229256,226.793000000,100,1410,1215,55,0
8190,81.900230629,226.793000000,100,1410,1215,55,0
8191,81.910231220,226.793000000,100,1410,1215,55,0
8192,81.920230329,226.793000000,100,1410,1215,55,0
8193,81.930229689,226.793000000,100,1410,1215,55,0
8194,81.940230601,226.793000000,100,1410,1215,55,0
8195,81.950228227,226.770000000,100,1410,1215,55,0
8196,81.960232165,226.770000000,100,1410,1215,55,0
8197,81.970230181,226.770000000,100,1410,1215,55,0
8198,81.980229761,226.770000000,100,1410,1215,55,0
8199,81.990229561,226.770000000,100,1410,1215,55,0
8200,82.000229141,226.770000000,100,1410,1215,55,0
8201,82.010230133,226.770000000,100,1410,1215,55,0
8202,82.020230194,226.770000000,100,1410,1215,55,0
8203,82.030229763,226.770000000,100,1410,1215,55,0
8204,82.040230114,226.770000000,100,1410,1215,55,0
8205,82.050268838,226.386000000,100,1410,1215,55,0
8206,82.060232029,226.386000000,100,1410,1215,55,0
8207,82.070229134,226.386000000,100,1410,1215,55,0
8208,82.080228894,226.386000000,100,1410,1215,55,0
8209,82.090228964,226.386000000,100,1410,1215,55,0
8210,82.100228414,226.386000000,100,1410,1215,55,0
8211,82.110228765,226.386000000,100,1410,1215,55,0
8212,82.120230198,226.386000000,100,1410,1215,55,0
8213,82.130227904,226.386000000,100,1410,1215,55,0
8214,82.140229318,226.386000000,100,1410,1215,55,0
8215,82.150230099,220.637000000,100,1410,1215,55,0
8216,82.160230220,220.637000000,100,1410,1215,55,0
8217,82.170229389,220.637000000,100,1410,1215,55,0
8218,82.180228528,220.637000000,100,1410,1215,55,0
8219,82.190229600,220.637000000,100,1410,1215,55,0
8220,82.200229210,220.637000000,100,1410,1215,55,0
8221,82.210229331,220.637000000,100,1410,1215,55,0
8222,82.220231676,220.637000000,100,1410,1215,55,0
8223,82.230229452,220.637000000,100,1410,1215,55,0
8224,82.240229653,220.637000000,100,1410,1215,55,0
8225,82.250229683,219.219000000,100,1410,1215,55,0
8226,82.260233811,219.219000000,100,1410,1215,55,0
8227,82.270230235,219.219000000,100,1410,1215,55,0
8228,82.280229264,219.219000000,100,1410,1215,55,0
8229,82.290232030,219.219000000,100,1410,1215,55,0
8230,82.300232321,219.219000000,100,1410,1215,55,0
8231,82.310233804,219.219000000,100,1410,1215,55,0
8232,82.320229957,219.219000000,100,1410,1215,55,0
8233,82.330230499,219.219000000,100,1410,1215,55,0
8234,82.340229788,219.219000000,100,1410,1215,55,0
8235,82.350230449,223.229000000,100,1410,1215,55,0
8236,82.360229859,223.229000000,100,1410,1215,55,0
8237,82.370229629,223.229000000,100,1410,1215,55,0
8238,82.380229719,223.229000000,100,1410,1215,55,0
8239,82.390235571,223.229000000,100,1410,1215,55,0
8240,82.400229741,223.229000000,100,1410,1215,55,0
8241,82.410229480,223.229000000,100,1410,1215,55,0
8242,82.420229351,223.229000000,100,1410,1215,55,0
8243,82.430230032,223.229000000,100,1410,1215,55,0
8244,82.440230694,223.229000000,100,1410,1215,55,0
8245,82.450230023,225.312000000,100,1410,1215,55,0
8246,82.460229142,225.312000000,100,1410,1215,55,0
8247,82.470229624,225.312000000,100,1410,1215,55,0
8248,82.480229784,225.312000000,100,1410,1215,55,0
8249,82.490230025,225.312000000,100,1410,1215,55,0
8250,82.500230086,225.312000000,100,1410,1215,55,0
8251,82.510231709,225.312000000,100,1410,1215,55,0
8252,82.520229716,225.312000000,100,1410,1215,55,0
8253,82.530229877,225.312000000,100,1410,1215,55,0
8254,82.540231290,225.312000000,100,1410,1215,55,0
8255,82.550229757,226.554000000,100,1410,1215,55,0
8256,82.560230860,226.554000000,100,1410,1215,55,0
8257,82.570232644,226.554000000,100,1410,1215,55,0
8258,82.580229037,226.554000000,100,1410,1215,55,0
8259,82.590230100,226.554000000,100,1410,1215,55,0
8260,82.600228277,226.554000000,100,1410,1215,55,0
8261,82.610229370,226.554000000,100,1410,1215,55,0
8262,82.620228909,226.554000000,100,1410,1215,55,0
8263,82.630229230,226.554000000,100,1410,1215,55,0
8264,82.640231204,226.554000000,100,1410,1215,55,0
8265,82.650230073,226.890000000,100,1410,1215,55,0
8266,82.660229933,226.890000000,100,1410,1215,55,0
8267,82.670229432,226.890000000,100,1410,1215,55,0
8268,82.680230625,226.890000000,100,1410,1215,55,0
8269,82.690230615,226.890000000,100,1410,1215,55,0
8270,82.700230155,226.890000000,100,1410,1215,55,0
8271,82.710230516,226.890000000,100,1410,1215,55,0
8272,82.720232510,226.890000000,100,1410,1215,55,0
8273,82.730232070,226.890000000,100,1410,1215,55,0
8274,82.740231379,226.890000000,100,1410,1215,55,0
8275,82.750229867,227.088000000,100,1410,1215,55,0
8276,82.760230208,227.088000000,100,1410,1215,55,0
8277,82.770230669,227.088000000,100,1410,1215,55,0
8278,82.780229798,227.088000000,100,1410,1215,55,0
8279,82.790229778,227.088000000,100,1410,1215,55,0
8280,82.800232433,227.088000000,100,1410,1215,55,0
8281,82.810230159,227.088000000,100,1410,1215,55,0
8282,82.820229499,227.088000000,100,1410,1215,55,0
8283,82.830230932,227.088000000,100,1410,1215,55,0
8284,82.840231062,227.088000000,100,1410,1215,55,0
8285,82.850229921,226.896000000,100,1410,1215,55,0
8286,82.860229921,226.896000000,100,1410,1215,55,0
8287,82.870228789,226.896000000,100,1410,1215,55,0
8288,82.880229220,226.896000000,100,1410,1215,55,0
8289,82.890234220,226.896000000,100,1410,1215,55,0
8290,82.900233860,226.896000000,100,1410,1215,55,0
8291,82.910230544,226.896000000,100,1410,1215,55,0
8292,82.920229983,226.896000000,100,1410,1215,55,0
8293,82.930229322,226.896000000,100,1410,1215,55,0
8294,82.940229253,226.896000000,100,1410,1215,55,0
8295,82.950229383,226.986000000,100,1410,1215,55,0
8296,82.960228362,226.986000000,100,1410,1215,55,0
8297,82.970229494,226.986000000,100,1410,1215,55,0
8298,82.980229725,226.986000000,100,1410,1215,55,0
8299,82.990229635,226.986000000,100,1410,1215,55,0
8300,83.000229104,226.986000000,100,1410,1215,55,0
8301,83.010229065,226.986000000,100,1410,1215,55,0
8302,83.020229646,226.986000000,100,1410,1215,55,0
8303,83.030230077,226.986000000,100,1410,1215,55,0
8304,83.040228856,226.986000000,100,1410,1215,55,0
8305,83.050229657,226.873000000,100,1410,1215,55,0
8306,83.060229868,226.873000000,100,1410,1215,55,0
8307,83.070229548,226.873000000,100,1410,1215,55,0
8308,83.080231893,226.873000000,100,1410,1215,55,0
8309,83.090227635,226.873000000,100,1410,1215,55,0
8310,83.100229920,226.873000000,100,1410,1215,55,0
8311,83.110229890,226.873000000,100,1410,1215,55,0
8312,83.120229860,226.873000000,100,1410,1215,55,0
8313,83.130230883,226.873000000,100,1410,1215,55,0
8314,83.140229581,226.873000000,100,1410,1215,55,0
8315,83.150230102,226.206000000,100,1410,1215,55,0
8316,83.160229692,226.206000000,100,1410,1215,55,0
8317,83.170231325,226.206000000,100,1410,1215,55,0
8318,83.180230584,226.206000000,100,1410,1215,55,0
8319,83.190229713,226.206000000,100,1410,1215,55,0
8320,83.200229563,226.206000000,100,1410,1215,55,0
8321,83.210229483,226.206000000,100,1410,1215,55,0
8322,83.220229824,226.206000000,100,1410,1215,55,0
8323,83.230233792,226.206000000,100,1410,1215,55,0
8324,83.240230456,226.206000000,100,1410,1215,55,0
8325,83.250231909,221.385000000,100,1410,1215,55,0
8326,83.260230557,221.385000000,100,1410,1215,55,0
8327,83.270230307,221.385000000,100,1410,1215,55,0
8328,83.280229225,221.385000000,100,1410,1215,55,0
8329,83.290229556,221.385000000,100,1410,1215,55,0
8330,83.300232372,221.385000000,100,1410,1215,55,0
8331,83.310237111,221.385000000,100,1410,1215,55,0
8332,83.320233214,221.385000000,100,1410,1215,55,0
8333,83.330231962,221.385000000,100,1410,1215,55,0
8334,83.340229768,221.385000000,100,1410,1215,55,0
8335,83.350230069,217.424000000,100,1410,1215,55,0
8336,83.360229288,217.424000000,100,1410,1215,55,0
8337,83.370233647,217.424000000,100,1410,1215,55,0
8338,83.380230531,217.424000000,100,1410,1215,55,0
8339,83.390229550,217.424000000,100,1410,1215,55,0
8340,83.400229971,217.424000000,100,1410,1215,55,0
8341,83.410229340,217.424000000,100,1410,1215,55,0
8342,83.420229851,217.424000000,100,1410,1215,55,0
8343,83.430229962,217.424000000,100,1410,1215,55,0
8344,83.440230023,217.424000000,100,1410,1215,55,0
8345,83.450230283,222.875000000,100,1410,1215,55,0
8346,83.460229763,222.875000000,100,1410,1215,55,0
8347,83.470228911,222.875000000,100,1410,1215,55,0
8348,83.480229533,222.875000000,100,1410,1215,55,0
8349,83.490229694,222.875000000,100,1410,1215,55,0
8350,83.500229965,222.875000000,100,1410,1215,55,0
8351,83.510231839,222.875000000,100,1410,1215,55,0
8352,83.520229755,222.875000000,100,1410,1215,55,0
8353,83.530229745,222.875000000,100,1410,1215,55,0
8354,83.540230347,222.875000000,100,1410,1215,55,0
8355,83.550231039,225.218000000,100,1410,1215,55,0
8356,83.560230508,225.218000000,100,1410,1215,55,0
8357,83.570229767,225.218000000,100,1410,1215,55,0
8358,83.580229316,225.218000000,100,1410,1215,55,0
8359,83.590232763,225.218000000,100,1410,1215,55,0
8360,83.600229187,225.218000000,100,1410,1215,55,0
8361,83.610229307,225.218000000,100,1410,1215,55,0
8362,83.620228536,225.218000000,100,1410,1215,55,0
8363,83.630229939,225.218000000,100,1410,1215,55,0
8364,83.640229219,225.218000000,100,1410,1215,55,0
8365,83.650230832,226.104000000,100,1410,1215,55,0
8366,83.660229229,226.104000000,100,1410,1215,55,0
8367,83.670229360,226.104000000,100,1410,1215,55,0
8368,83.680228949,226.104000000,100,1410,1215,55,0
8369,83.690229521,226.104000000,100,1410,1215,55,0
8370,83.700230283,226.104000000,100,1410,1215,55,0
8371,83.710229181,226.104000000,100,1410,1215,55,0
8372,83.720228801,226.104000000,100,1410,1215,55,0
8373,83.730231857,226.104000000,100,1410,1215,55,0
8374,83.740229883,226.104000000,100,1410,1215,55,0
8375,83.750230014,227.057000000,100,1410,1215,55,0
8376,83.760229022,227.057000000,100,1410,1215,55,0
8377,83.770229443,227.057000000,100,1410,1215,55,0
8378,83.780229103,227.057000000,100,1410,1215,55,0
8379,83.790229524,227.057000000,100,1410,1215,55,0
8380,83.800228602,227.057000000,100,1410,1215,55,0
8381,83.810233001,227.057000000,100,1410,1215,55,0
8382,83.820231288,227.057000000,100,1410,1215,55,0
8383,83.830229174,227.057000000,100,1410,1215,55,0
8384,83.840229956,227.057000000,100,1410,1215,55,0
8385,83.850231008,227.088000000,100,1410,1215,55,0
8386,83.860229736,227.088000000,100,1410,1215,55,0
8387,83.870229276,227.088000000,100,1410,1215,55,0
8388,83.880228675,227.088000000,100,1410,1215,55,0
8389,83.890229697,227.088000000,100,1410,1215,55,0
8390,83.900231821,227.088000000,100,1410,1215,55,0
8391,83.910232924,227.088000000,100,1410,1215,55,0
8392,83.920231712,227.088000000,100,1410,1215,55,0
8393,83.930232363,227.088000000,100,1410,1215,55,0
8394,83.940231943,227.088000000,100,1410,1215,55,0
8395,83.950231272,226.824000000,100,1410,1215,55,0
8396,83.960231462,226.824000000,100,1410,1215,55,0
8397,83.970231202,226.824000000,100,1410,1215,55,0
8398,83.980230691,226.824000000,100,1410,1215,55,0
8399,83.990230291,226.824000000,100,1410,1215,55,0
8400,84.000231624,226.824000000,100,1410,1215,55,0
8401,84.010230402,226.824000000,100,1410,1215,55,0
8402,84.020230382,226.824000000,100,1410,1215,55,0
8403,84.030231144,226.824000000,100,1410,1215,55,0
8404,84.040230773,226.824000000,100,1410,1215,55,0
8405,84.050228589,227.058000000,100,1410,1215,55,0
8406,84.060229862,227.058000000,100,1410,1215,55,0
8407,84.070230443,227.058000000,100,1410,1215,55,0
8408,84.080230363,227.058000000,100,1410,1215,55,0
8409,84.090230725,227.058000000,100,1410,1215,55,0
8410,84.100230655,227.058000000,100,1410,1215,55,0
8411,84.110229242,227.058000000,100,1410,1215,55,0
8412,84.120229683,227.058000000,100,1410,1215,55,0
8413,84.130230385,227.058000000,100,1410,1215,55,0
8414,84.140228652,227.058000000,100,1410,1215,55,0
8415,84.150229925,226.962000000,100,1410,1215,55,0
8416,84.160230396,226.962000000,100,1410,1215,55,0
8417,84.170230446,226.962000000,100,1410,1215,55,0
8418,84.180228262,226.962000000,100,1410,1215,55,0
8419,84.190229836,226.962000000,100,1410,1215,55,0
8420,84.200231739,226.962000000,100,1410,1215,55,0
8421,84.210231419,226.962000000,100,1410,1215,55,0
8422,84.220230928,226.962000000,100,1410,1215,55,0
8423,84.230231340,226.962000000,100,1410,1215,55,0
8424,84.240232091,226.962000000,100,1410,1215,55,0
8425,84.250231360,226.140000000,100,1410,1215,55,0
8426,84.260231120,226.140000000,100,1410,1215,55,0
8427,84.270231451,226.140000000,100,1410,1215,55,0
8428,84.280231150,226.140000000,100,1410,1215,55,0
8429,84.290230420,226.140000000,100,1410,1215,55,0
8430,84.300233365,226.140000000,100,1410,1215,55,0
8431,84.310232544,226.140000000,100,1410,1215,55,0
8432,84.320236051,226.140000000,100,1410,1215,55,0
8433,84.330232164,226.140000000,100,1410,1215,55,0
8434,84.340233326,226.140000000,100,1410,1215,55,0
8435,84.350230541,220.892000000,100,1410,1215,55,0
8436,84.360231123,220.892000000,100,1410,1215,55,0
8437,84.370230682,220.892000000,100,1410,1215,55,0
8438,84.380232556,220.892000000,100,1410,1215,55,0
8439,84.390230282,220.892000000,100,1410,1215,55,0
8440,84.400230483,220.892000000,100,1410,1215,55,0
8441,84.410230433,220.892000000,100,1410,1215,55,0
8442,84.420230934,220.892000000,100,1410,1215,55,0
8443,84.430230534,220.892000000,100,1410,1215,55,0
8444,84.440231105,220.892000000,100,1410,1215,55,0
8445,84.450230845,218.636000000,100,1410,1215,55,0
8446,84.460230955,218.636000000,100,1410,1215,55,0
8447,84.470230154,218.636000000,100,1410,1215,55,0
8448,84.480230765,218.636000000,100,1410,1215,55,0
8449,84.490230605,218.636000000,100,1410,1215,55,0
8450,84.500231016,218.636000000,100,1410,1215,55,0
8451,84.510231077,218.636000000,100,1410,1215,55,0
8452,84.520230235,218.636000000,100,1410,1215,55,0
8453,84.530231699,218.636000000,100,1410,1215,55,0
8454,84.540231378,218.636000000,100,1410,1215,55,0
8455,84.550232390,222.023000000,100,1410,1215,55,0
8456,84.560231258,222.023000000,100,1410,1215,55,0
8457,84.570230738,222.023000000,100,1410,1215,55,0
8458,84.580230498,222.023000000,100,1410,1215,55,0
8459,84.590231430,222.023000000,100,1410,1215,55,0
8460,84.600230508,222.023000000,100,1410,1215,55,0
8461,84.610233364,222.023000000,100,1410,1215,55,0
8462,84.620231310,222.023000000,100,1410,1215,55,0
8463,84.630230920,222.023000000,100,1410,1215,55,0
8464,84.640231952,222.023000000,100,1410,1215,55,0
8465,84.650231141,225.376000000,100,1410,1215,55,0
8466,84.660230079,225.376000000,100,1410,1215,55,0
8467,84.670230380,225.376000000,100,1410,1215,55,0
8468,84.680230681,225.376000000,100,1410,1215,55,0
8469,84.690230781,225.376000000,100,1410,1215,55,0
8470,84.700231823,225.376000000,100,1410,1215,55,0
8471,84.710230982,225.376000000,100,1410,1215,55,0
8472,84.720231293,225.376000000,100,1410,1215,55,0
8473,84.730232345,225.376000000,100,1410,1215,55,0
8474,84.740232225,225.376000000,100,1410,1215,55,0
8475,84.750230913,226.404000000,100,1410,1215,55,0
8476,84.760229991,226.404000000,100,1410,1215,55,0
8477,84.770230913,226.404000000,100,1410,1215,55,0
8478,84.780235081,226.404000000,100,1410,1215,55,0
8479,84.790229421,226.404000000,100,1410,1215,55,0
8480,84.800230693,226.404000000,100,1410,1215,55,0
8481,84.810234561,226.404000000,100,1410,1215,55,0
8482,84.820232557,226.404000000,100,1410,1215,55,0
8483,84.830230814,226.404000000,100,1410,1215,55,0
8484,84.840234081,226.404000000,100,1410,1215,55,0
8485,84.850230965,226.680000000,100,1410,1215,55,0
8486,84.860230955,226.680000000,100,1410,1215,55,0
8487,84.870231055,226.680000000,100,1410,1215,55,0
8488,84.880232218,226.680000000,100,1410,1215,55,0
8489,84.890230765,226.680000000,100,1410,1215,55,0
8490,84.900232118,226.680000000,100,1410,1215,55,0
8491,84.910233751,226.680000000,100,1410,1215,55,0
8492,84.920231006,226.680000000,100,1410,1215,55,0
8493,84.930229323,226.680000000,100,1410,1215,55,0
8494,84.940231117,226.680000000,100,1410,1215,55,0
8495,84.950231297,227.178000000,100,1410,1215,55,0
8496,84.960231488,227.178000000,100,1410,1215,55,0
8497,84.970231057,227.178000000,100,1410,1215,55,0
8498,84.980229885,227.178000000,100,1410,1215,55,0
8499,84.990230857,227.178000000,100,1410,1215,55,0
8500,85.000231749,227.178000000,100,1410,1215,55,0
8501,85.010229795,227.178000000,100,1410,1215,55,0
8502,85.020229575,227.178000000,100,1410,1215,55,0
8503,85.030230257,227.178000000,100,1410,1215,55,0
8504,85.040228474,227.178000000,100,1410,1215,55,0
8505,85.050230658,227.322000000,100,1410,1215,55,0
8506,85.060231550,227.322000000,100,1410,1215,55,0
8507,85.070229957,227.322000000,100,1410,1215,55,0
8508,85.080230147,227.322000000,100,1410,1215,55,0
8509,85.090230067,227.322000000,100,1410,1215,55,0
8510,85.100229537,227.322000000,100,1410,1215,55,0
8511,85.110238814,227.322000000,100,1410,1215,55,0
8512,85.120233254,227.322000000,100,1410,1215,55,0
8513,85.130230780,227.322000000,100,1410,1215,55,0
8514,85.140231551,227.322000000,100,1410,1215,55,0
8515,85.150229708,227.058000000,100,1410,1215,55,0
8516,85.160230550,227.058000000,100,1410,1215,55,0
8517,85.170230870,227.058000000,100,1410,1215,55,0
8518,85.180229768,227.058000000,100,1410,1215,55,0
8519,85.190229699,227.058000000,100,1410,1215,55,0
8520,85.200230180,227.058000000,100,1410,1215,55,0
8521,85.210229138,227.058000000,100,1410,1215,55,0
8522,85.220231162,227.058000000,100,1410,1215,55,0
8523,85.230229429,227.058000000,100,1410,1215,55,0
8524,85.240231834,227.058000000,100,1410,1215,55,0
8525,85.250229690,226.961000000,100,1410,1215,55,0
8526,85.260231243,226.961000000,100,1410,1215,55,0
8527,85.270229630,226.961000000,100,1410,1215,55,0
8528,85.280231363,226.961000000,100,1410,1215,55,0
8529,85.290229951,226.961000000,100,1410,1215,55,0
8530,85.300229670,226.961000000,100,1410,1215,55,0
8531,85.310286598,226.961000000,100,1410,1215,55,0
8532,85.320233458,226.961000000,100,1410,1215,55,0
8533,85.330230833,226.961000000,100,1410,1215,55,0
8534,85.340229902,226.961000000,100,1410,1215,55,0
8535,85.350233799,226.481000000,100,1410,1215,55,0
8536,85.360230463,226.481000000,100,1410,1215,55,0
8537,85.370230954,226.481000000,100,1410,1215,55,0
8538,85.380231045,226.481000000,100,1410,1215,55,0
8539,85.390235212,226.481000000,100,1410,1215,55,0
8540,85.400229722,226.481000000,100,1410,1215,55,0
8541,85.410229282,226.481000000,100,1410,1215,55,0
8542,85.420230064,226.481000000,100,1410,1215,55,0
8543,85.430230975,226.481000000,100,1410,1215,55,0
8544,85.440230044,226.481000000,100,1410,1215,55,0
8545,85.450231787,221.597000000,100,1410,1215,55,0
8546,85.460229403,221.597000000,100,1410,1215,55,0
8547,85.470230455,221.597000000,100,1410,1215,55,0
8548,85.480229694,221.597000000,100,1410,1215,55,0
8549,85.490229814,221.597000000,100,1410,1215,55,0
8550,85.500229564,221.597000000,100,1410,1215,55,0
8551,85.510229624,221.597000000,100,1410,1215,55,0
8552,85.520229344,221.597000000,100,1410,1215,55,0
8553,85.530229474,221.597000000,100,1410,1215,55,0
8554,85.540229965,221.597000000,100,1410,1215,55,0
8555,85.550230877,218.532000000,100,1410,1215,55,0
8556,85.560229816,218.532000000,100,1410,1215,55,0
8557,85.570229655,218.532000000,100,1410,1215,55,0
8558,85.580229916,218.532000000,100,1410,1215,55,0
8559,85.590229576,218.532000000,100,1410,1215,55,0
8560,85.600231008,218.532000000,100,1410,1215,55,0
8561,85.610230899,218.532000000,100,1410,1215,55,0
8562,85.620230738,218.532000000,100,1410,1215,55,0
8563,85.630231821,218.532000000,100,1410,1215,55,0
8564,85.640230779,218.532000000,100,1410,1215,55,0
8565,85.650231300,222.268000000,100,1410,1215,55,0
8566,85.660230749,222.268000000,100,1410,1215,55,0
8567,85.670230318,222.268000000,100,1410,1215,55,0
8568,85.680231411,222.268000000,100,1410,1215,55,0
8569,85.690230679,222.268000000,100,1410,1215,55,0
8570,85.700229648,222.268000000,100,1410,1215,55,0
8571,85.710231722,222.268000000,100,1410,1215,55,0
8572,85.720231021,222.268000000,100,1410,1215,55,0
8573,85.730231031,222.268000000,100,1410,1215,55,0
8574,85.740230920,222.268000000,100,1410,1215,55,0
8575,85.750233105,225.100000000,100,1410,1215,55,0
8576,85.760230169,225.100000000,100,1410,1215,55,0
8577,85.770230780,225.100000000,100,1410,1215,55,0
8578,85.780230039,225.100000000,100,1410,1215,55,0
8579,85.790230971,225.100000000,100,1410,1215,55,0
8580,85.800230821,225.100000000,100,1410,1215,55,0
8581,85.810230711,225.100000000,100,1410,1215,55,0
8582,85.820230160,225.100000000,100,1410,1215,55,0
8583,85.830232154,225.100000000,100,1410,1215,55,0
8584,85.840232073,225.100000000,100,1410,1215,55,0
8585,85.850232685,226.578000000,100,1410,1215,55,0
8586,85.860231503,226.578000000,100,1410,1215,55,0
8587,85.870231182,226.578000000,100,1410,1215,55,0
8588,85.880231212,226.578000000,100,1410,1215,55,0
8589,85.890230631,226.578000000,100,1410,1215,55,0
8590,85.900231814,226.578000000,100,1410,1215,55,0
8591,85.910230982,226.578000000,100,1410,1215,55,0
8592,85.920230932,226.578000000,100,1410,1215,55,0
8593,85.930230732,226.578000000,100,1410,1215,55,0
8594,85.940229249,226.578000000,100,1410,1215,55,0
8595,85.950230852,226.890000000,100,1410,1215,55,0
8596,85.960230652,226.890000000,100,1410,1215,55,0
8597,85.970231153,226.890000000,100,1410,1215,55,0
8598,85.980230361,226.890000000,100,1410,1215,55,0
8599,85.990230642,226.890000000,100,1410,1215,55,0
8600,86.000230783,226.890000000,100,1410,1215,55,0
8601,86.010230171,226.890000000,100,1410,1215,55,0
8602,86.020230602,226.890000000,100,1410,1215,55,0
8603,86.030230041,226.890000000,100,1410,1215,55,0
8604,86.040231534,226.890000000,100,1410,1215,55,0
8605,86.050232356,227.183000000,100,1410,1215,55,0
8606,86.060230012,227.183000000,100,1410,1215,55,0
8607,86.070231655,227.183000000,100,1410,1215,55,0
8608,86.080230613,227.183000000,100,1410,1215,55,0
8609,86.090231204,227.183000000,100,1410,1215,55,0
8610,86.100230092,227.183000000,100,1410,1215,55,0
8611,86.110231164,227.183000000,100,1410,1215,55,0
8612,86.120231194,227.183000000,100,1410,1215,55,0
8613,86.130234781,227.183000000,100,1410,1215,55,0
8614,86.140234100,227.183000000,100,1410,1215,55,0
8615,86.150230774,227.610000000,100,1410,1215,55,0
8616,86.160230604,227.610000000,100,1410,1215,55,0
8617,86.170230874,227.610000000,100,1410,1215,55,0
8618,86.180233980,227.610000000,100,1410,1215,55,0
8619,86.190231235,227.610000000,100,1410,1215,55,0
8620,86.200230654,227.610000000,100,1410,1215,55,0
8621,86.210230564,227.610000000,100,1410,1215,55,0
8622,86.220230875,227.610000000,100,1410,1215,55,0
8623,86.230230785,227.610000000,100,1410,1215,55,0
8624,86.240231456,227.610000000,100,1410,1215,55,0
8625,86.250233570,227.082000000,100,1410,1215,55,0
8626,86.260230624,227.082000000,100,1410,1215,55,0
8627,86.270229803,227.082000000,100,1410,1215,55,0
8628,86.280230284,227.082000000,100,1410,1215,55,0
8629,86.290229202,227.082000000,100,1410,1215,55,0
8630,86.300230625,227.082000000,100,1410,1215,55,0
8631,86.310230645,227.082000000,100,1410,1215,55,0
8632,86.320230425,227.082000000,100,1410,1215,55,0
8633,86.330234953,227.082000000,100,1410,1215,55,0
8634,86.340229804,227.082000000,100,1410,1215,55,0
8635,86.350230415,226.871000000,100,1410,1215,55,0
8636,86.360228942,226.871000000,100,1410,1215,55,0
8637,86.370231437,226.871000000,100,1410,1215,55,0
8638,86.380233271,226.871000000,100,1410,1215,55,0
8639,86.390229594,226.871000000,100,1410,1215,55,0
8640,86.400229253,226.871000000,100,1410,1215,55,0
8641,86.410229654,226.871000000,100,1410,1215,55,0
8642,86.420228903,226.871000000,100,1410,1215,55,0
8643,86.430229213,226.871000000,100,1410,1215,55,0
8644,86.440230817,226.871000000,100,1410,1215,55,0
8645,86.450232219,226.482000000,100,1410,1215,55,0
8646,86.460231308,226.482000000,100,1410,1215,55,0
8647,86.470230256,226.482000000,100,1410,1215,55,0
8648,86.480229805,226.482000000,100,1410,1215,55,0
8649,86.490230877,226.482000000,100,1410,1215,55,0
8650,86.500232600,226.482000000,100,1410,1215,55,0
8651,86.510231619,226.482000000,100,1410,1215,55,0
8652,86.520230106,226.482000000,100,1410,1215,55,0
8653,86.530230487,226.482000000,100,1410,1215,55,0
8654,86.540230597,226.482000000,100,1410,1215,55,0
8655,86.550230457,221.841000000,100,1410,1215,55,0
8656,86.560231449,221.841000000,100,1410,1215,55,0
8657,86.570230146,221.841000000,100,1410,1215,55,0
8658,86.580230397,221.841000000,100,1410,1215,55,0
8659,86.590230577,221.841000000,100,1410,1215,55,0
8660,86.600229596,221.841000000,100,1410,1215,55,0
8661,86.610229866,221.841000000,100,1410,1215,55,0
8662,86.620229736,221.841000000,100,1410,1215,55,0
8663,86.630229916,221.841000000,100,1410,1215,55,0
8664,86.640230147,221.841000000,100,1410,1215,55,0
8665,86.650230748,218.029000000,100,1410,1215,55,0
8666,86.660229706,218.029000000,100,1410,1215,55,0
8667,86.670230518,218.029000000,100,1410,1215,55,0
8668,86.680229626,218.029000000,100,1410,1215,55,0
8669,86.690229797,218.029000000,100,1410,1215,55,0
8670,86.700229717,218.029000000,100,1410,1215,55,0
8671,86.710229386,218.029000000,100,1410,1215,55,0
8672,86.720229677,218.029000000,100,1410,1215,55,0
8673,86.730229727,218.029000000,100,1410,1215,55,0
8674,86.740233454,218.029000000,100,1410,1215,55,0
8675,86.750230769,222.749000000,100,1410,1215,55,0
8676,86.760232572,222.749000000,100,1410,1215,55,0
8677,86.770233424,222.749000000,100,1410,1215,55,0
8678,86.780229817,222.749000000,100,1410,1215,55,0
8679,86.790229757,222.749000000,100,1410,1215,55,0
8680,86.800229617,222.749000000,100,1410,1215,55,0
8681,86.810229246,222.749000000,100,1410,1215,55,0
8682,86.820229767,222.749000000,100,1410,1215,55,0
8683,86.830231049,222.749000000,100,1410,1215,55,0
8684,86.840231891,222.749000000,100,1410,1215,55,0
8685,86.850427178,224.658000000,100,1410,1215,55,0
8686,86.860231420,224.658000000,100,1410,1215,55,0
8687,86.870230028,224.658000000,100,1410,1215,55,0
8688,86.880234536,224.658000000,100,1410,1215,55,0
8689,86.890232502,224.658000000,100,1410,1215,55,0
8690,86.900232703,224.658000000,100,1410,1215,55,0
8691,86.910231310,224.658000000,100,1410,1215,55,0
8692,86.920230859,224.658000000,100,1410,1215,55,0
8693,86.930231250,224.658000000,100,1410,1215,55,0
8694,86.940232582,224.658000000,100,1410,1215,55,0
8695,86.950232282,226.295000000,100,1410,1215,55,0
8696,86.960230699,226.295000000,100,1410,1215,55,0
8697,86.970231350,226.295000000,100,1410,1215,55,0
8698,86.980231901,226.295000000,100,1410,1215,55,0
8699,86.990230829,226.295000000,100,1410,1215,55,0
8700,87.000231160,226.295000000,100,1410,1215,55,0
8701,87.010231340,226.295000000,100,1410,1215,55,0
8702,87.020232282,226.295000000,100,1410,1215,55,0
8703,87.030231019,226.295000000,100,1410,1215,55,0
8704,87.040231660,226.295000000,100,1410,1215,55,0
8705,87.050232171,226.986000000,100,1410,1215,55,0
8706,87.060230899,226.986000000,100,1410,1215,55,0
8707,87.070231941,226.986000000,100,1410,1215,55,0
8708,87.080231029,226.986000000,100,1410,1215,55,0
8709,87.090231099,226.986000000,100,1410,1215,55,0
8710,87.100231009,226.986000000,100,1410,1215,55,0
8711,87.110231400,226.986000000,100,1410,1215,55,0
8712,87.120230729,226.986000000,100,1410,1215,55,0
8713,87.130231741,226.986000000,100,1410,1215,55,0
8714,87.140232041,226.986000000,100,1410,1215,55,0
8715,87.150231460,227.251000000,100,1410,1215,55,0
8716,87.160231290,227.251000000,100,1410,1215,55,0
8717,87.170231670,227.251000000,100,1410,1215,55,0
8718,87.180231590,227.251000000,100,1410,1215,55,0
8719,87.190231440,227.251000000,100,1410,1215,55,0
8720,87.200231831,227.251000000,100,1410,1215,55,0
8721,87.210230769,227.251000000,100,1410,1215,55,0
8722,87.220230378,227.251000000,100,1410,1215,55,0
8723,87.230230889,227.251000000,100,1410,1215,55,0
8724,87.240232802,227.251000000,100,1410,1215,55,0
8725,87.250231099,227.177000000,100,1410,1215,55,0
8726,87.260230428,227.177000000,100,1410,1215,55,0
8727,87.270232061,227.177000000,100,1410,1215,55,0
8728,87.280231250,227.177000000,100,1410,1215,55,0
8729,87.290230729,227.177000000,100,1410,1215,55,0
8730,87.300228164,227.177000000,100,1410,1215,55,0
8731,87.310230328,227.177000000,100,1410,1215,55,0
8732,87.320230027,227.177000000,100,1410,1215,55,0
8733,87.330229306,227.177000000,100,1410,1215,55,0
8734,87.340233043,227.177000000,100,1410,1215,55,0
8735,87.350232732,227.177000000,100,1410,1215,55,0
8736,87.360230358,227.177000000,100,1410,1215,55,0
8737,87.370230588,227.177000000,100,1410,1215,55,0
8738,87.380230608,227.177000000,100,1410,1215,55,0
8739,87.390230338,227.177000000,100,1410,1215,55,0
8740,87.400229917,227.177000000,100,1410,1215,55,0
8741,87.410229967,227.177000000,100,1410,1215,55,0
8742,87.420229987,227.177000000,100,1410,1215,55,0
8743,87.430230668,227.177000000,100,1410,1215,55,0
8744,87.440230849,227.177000000,100,1410,1215,55,0
8745,87.450230488,226.705000000,100,1410,1215,55,0
8746,87.460229676,226.705000000,100,1410,1215,55,0
8747,87.470230869,226.705000000,100,1410,1215,55,0
8748,87.480230458,226.705000000,100,1410,1215,55,0
8749,87.490230468,226.705000000,100,1410,1215,55,0
8750,87.500232171,226.705000000,100,1410,1215,55,0
8751,87.510231690,226.705000000,100,1410,1215,55,0
8752,87.520230558,226.705000000,100,1410,1215,55,0
8753,87.530230488,226.705000000,100,1410,1215,55,0
8754,87.540231009,226.705000000,100,1410,1215,55,0
8755,87.550230788,226.223000000,100,1410,1215,55,0
8756,87.560231239,226.223000000,100,1410,1215,55,0
8757,87.570229456,226.223000000,100,1410,1215,55,0
8758,87.580231400,226.223000000,100,1410,1215,55,0
8759,87.590230247,226.223000000,100,1410,1215,55,0
8760,87.600229476,226.223000000,100,1410,1215,55,0
8761,87.610230668,226.223000000,100,1410,1215,55,0
8762,87.620229817,226.223000000,100,1410,1215,55,0
8763,87.630229406,226.223000000,100,1410,1215,55,0
8764,87.640230207,226.223000000,100,1410,1215,55,0
8765,87.650229907,223.242000000,100,1410,1215,55,0
8766,87.660230678,223.242000000,100,1410,1215,55,0
8767,87.670230057,223.242000000,100,1410,1215,55,0
8768,87.680229726,223.242000000,100,1410,1215,55,0
8769,87.690229947,223.242000000,100,1410,1215,55,0
8770,87.700230117,223.242000000,100,1410,1215,55,0
8771,87.710229426,223.242000000,100,1410,1215,55,0
8772,87.720229927,223.242000000,100,1410,1215,55,0
8773,87.730230037,223.242000000,100,1410,1215,55,0
8774,87.740230107,223.242000000,100,1410,1215,55,0
8775,87.750230918,216.807000000,100,1410,1215,55,0
8776,87.760228914,216.807000000,100,1410,1215,55,0
8777,87.770233703,216.807000000,100,1410,1215,55,0
8778,87.780231539,216.807000000,100,1410,1215,55,0
8779,87.790230137,216.807000000,100,1410,1215,55,0
8780,87.800230928,216.807000000,100,1410,1215,55,0
8781,87.810230457,216.807000000,100,1410,1215,55,0
8782,87.820230026,216.807000000,100,1410,1215,55,0
8783,87.830230948,216.807000000,100,1410,1215,55,0
8784,87.840233102,216.807000000,100,1410,1215,55,0
8785,87.850231198,222.023000000,100,1410,1215,55,0
8786,87.860231879,222.023000000,100,1410,1215,55,0
8787,87.870231318,222.023000000,100,1410,1215,55,0
8788,87.880230897,222.023000000,100,1410,1215,55,0
8789,87.890232039,222.023000000,100,1410,1215,55,0
8790,87.900230526,222.023000000,100,1410,1215,55,0
8791,87.910232099,222.023000000,100,1410,1215,55,0
8792,87.920230957,222.023000000,100,1410,1215,55,0
8793,87.930230546,222.023000000,100,1410,1215,55,0
8794,87.940230876,222.023000000,100,1410,1215,55,0
8795,87.950232359,224.905000000,100,1410,1215,55,0
8796,87.960232018,224.905000000,100,1410,1215,55,0
8797,87.970230155,224.905000000,100,1410,1215,55,0
8798,87.980231297,224.905000000,100,1410,1215,55,0
8799,87.990230586,224.905000000,100,1410,1215,55,0
8800,88.000231106,224.905000000,100,1410,1215,55,0
8801,88.010231186,224.905000000,100,1410,1215,55,0
8802,88.020232769,224.905000000,100,1410,1215,55,0
8803,88.030230996,224.905000000,100,1410,1215,55,0
8804,88.040231276,224.905000000,100,1410,1215,55,0
8805,88.050231196,225.830000000,100,1410,1215,55,0
8806,88.060232178,225.830000000,100,1410,1215,55,0
8807,88.070231286,225.830000000,100,1410,1215,55,0
8808,88.080232669,225.830000000,100,1410,1215,55,0
8809,88.090233430,225.830000000,100,1410,1215,55,0
8810,88.100230935,225.830000000,100,1410,1215,55,0
8811,88.110230755,225.830000000,100,1410,1215,55,0
8812,88.120230875,225.830000000,100,1410,1215,55,0
8813,88.130230895,225.830000000,100,1410,1215,55,0
8814,88.140230554,225.830000000,100,1410,1215,55,0
8815,88.150232307,226.728000000,100,1410,1215,55,0
8816,88.160230954,226.728000000,100,1410,1215,55,0
8817,88.170229021,226.728000000,100,1410,1215,55,0
8818,88.180230413,226.728000000,100,1410,1215,55,0
8819,88.190232207,226.728000000,100,1410,1215,55,0
8820,88.200231205,226.728000000,100,1410,1215,55,0
8821,88.210232848,226.728000000,100,1410,1215,55,0
8822,88.220230723,226.728000000,100,1410,1215,55,0
8823,88.230231274,226.728000000,100,1410,1215,55,0
8824,88.240231455,226.728000000,100,1410,1215,55,0
8825,88.250231394,227.442000000,100,1410,1215,55,0
8826,88.260230152,227.442000000,100,1410,1215,55,0
8827,88.270233238,227.442000000,100,1410,1215,55,0
8828,88.280231404,227.442000000,100,1410,1215,55,0
8829,88.290229961,227.442000000,100,1410,1215,55,0
8830,88.300231324,227.442000000,100,1410,1215,55,0
8831,88.310230021,227.442000000,100,1410,1215,55,0
8832,88.320229560,227.442000000,100,1410,1215,55,0
8833,88.330228578,227.442000000,100,1410,1215,55,0
8834,88.340231143,227.442000000,100,1410,1215,55,0
8835,88.350232265,227.016000000,100,1410,1215,55,0
8836,88.360231664,227.016000000,100,1410,1215,55,0
8837,88.370229129,227.016000000,100,1410,1215,55,0
8838,88.380228998,227.016000000,100,1410,1215,55,0
8839,88.390231042,227.016000000,100,1410,1215,55,0
8840,88.400229740,227.016000000,100,1410,1215,55,0
8841,88.410231653,227.016000000,100,1410,1215,55,0
8842,88.420228607,227.016000000,100,1410,1215,55,0
8843,88.430231994,227.016000000,100,1410,1215,55,0
8844,88.440231423,227.016000000,100,1410,1215,55,0
8845,88.450231813,226.920000000,100,1410,1215,55,0
8846,88.460230501,226.920000000,100,1410,1215,55,0
8847,88.470230511,226.920000000,100,1410,1215,55,0
8848,88.480230050,226.920000000,100,1410,1215,55,0
8849,88.490231172,226.920000000,100,1410,1215,55,0
8850,88.500230771,226.920000000,100,1410,1215,55,0
8851,88.510230250,226.920000000,100,1410,1215,55,0
8852,88.520231883,226.920000000,100,1410,1215,55,0
8853,88.530232524,226.920000000,100,1410,1215,55,0
8854,88.540233285,226.920000000,100,1410,1215,55,0
8855,88.550231612,227.159000000,100,1410,1215,55,0
8856,88.560232664,227.159000000,100,1410,1215,55,0
8857,88.570232353,227.159000000,100,1410,1215,55,0
8858,88.580230650,227.159000000,100,1410,1215,55,0
8859,88.590230820,227.159000000,100,1410,1215,55,0
8860,88.600231060,227.159000000,100,1410,1215,55,0
8861,88.610232964,227.159000000,100,1410,1215,55,0
8862,88.620230599,227.159000000,100,1410,1215,55,0
8863,88.630232533,227.159000000,100,1410,1215,55,0
8864,88.640230619,227.159000000,100,1410,1215,55,0
8865,88.650231831,226.404000000,100,1410,1215,55,0
8866,88.660230939,226.404000000,100,1410,1215,55,0
8867,88.670231430,226.404000000,100,1410,1215,55,0
8868,88.680235728,226.404000000,100,1410,1215,55,0
8869,88.690232061,226.404000000,100,1410,1215,55,0
8870,88.700231330,226.404000000,100,1410,1215,55,0
8871,88.710230969,226.404000000,100,1410,1215,55,0
8872,88.720230278,226.404000000,100,1410,1215,55,0
8873,88.730231239,226.404000000,100,1410,1215,55,0
8874,88.740231009,226.404000000,100,1410,1215,55,0
8875,88.750231299,223.164000000,100,1410,1215,55,0
8876,88.760230567,223.164000000,100,1410,1215,55,0
8877,88.770234715,223.164000000,100,1410,1215,55,0
8878,88.780232821,223.164000000,100,1410,1215,55,0
8879,88.790237039,223.164000000,100,1410,1215,55,0
8880,88.800232250,223.164000000,100,1410,1215,55,0
8881,88.810230657,223.164000000,100,1410,1215,55,0
8882,88.820231718,223.164000000,100,1410,1215,55,0
8883,88.830230486,223.164000000,100,1410,1215,55,0
8884,88.840230235,223.164000000,100,1410,1215,55,0
8885,88.850232830,215.602000000,100,1410,1215,55,0
8886,88.860229894,215.602000000,100,1410,1215,55,0
8887,88.870231828,215.602000000,100,1410,1215,55,0
8888,88.880231126,215.602000000,100,1410,1215,55,0
8889,88.890231216,215.602000000,100,1410,1215,55,0
8890,88.900231026,215.602000000,100,1410,1215,55,0
8891,88.910231917,215.602000000,100,1410,1215,55,0
8892,88.920230625,215.602000000,100,1410,1215,55,0
8893,88.930231406,215.602000000,100,1410,1215,55,0
8894,88.940231456,215.602000000,100,1410,1215,55,0
8895,88.950232167,221.287000000,100,1410,1215,55,0
8896,88.960231305,221.287000000,100,1410,1215,55,0
8897,88.970230253,221.287000000,100,1410,1215,55,0
8898,88.980231014,221.287000000,100,1410,1215,55,0
8899,88.990231074,221.287000000,100,1410,1215,55,0
8900,89.000232086,221.287000000,100,1410,1215,55,0
8901,89.010232376,221.287000000,100,1410,1215,55,0
8902,89.020231074,221.287000000,100,1410,1215,55,0
8903,89.030231374,221.287000000,100,1410,1215,55,0
8904,89.040231003,221.287000000,100,1410,1215,55,0
8905,89.050231403,224.723000000,100,1410,1215,55,0
8906,89.060230662,224.723000000,100,1410,1215,55,0
8907,89.070231493,224.723000000,100,1410,1215,55,0
8908,89.080231223,224.723000000,100,1410,1215,55,0
8909,89.090231884,224.723000000,100,1410,1215,55,0
8910,89.100231072,224.723000000,100,1410,1215,55,0
8911,89.110231272,224.723000000,100,1410,1215,55,0
8912,89.120230961,224.723000000,100,1410,1215,55,0
8913,89.130232093,224.723000000,100,1410,1215,55,0
8914,89.140230660,224.723000000,100,1410,1215,55,0
8915,89.150232253,225.978000000,100,1410,1215,55,0
8916,89.160231311,225.978000000,100,1410,1215,55,0
8917,89.170230800,225.978000000,100,1410,1215,55,0
8918,89.180231080,225.978000000,100,1410,1215,55,0
8919,89.190231180,225.978000000,100,1410,1215,55,0
8920,89.200231100,225.978000000,100,1410,1215,55,0
8921,89.210230699,225.978000000,100,1410,1215,55,0
8922,89.220231440,225.978000000,100,1410,1215,55,0
8923,89.230231200,225.978000000,100,1410,1215,55,0
8924,89.240230468,225.978000000,100,1410,1215,55,0
8925,89.250231370,226.697000000,100,1410,1215,55,0
8926,89.260230237,226.697000000,100,1410,1215,55,0
8927,89.270233363,226.697000000,100,1410,1215,55,0
8928,89.280233193,226.697000000,100,1410,1215,55,0
8929,89.290231790,226.697000000,100,1410,1215,55,0
8930,89.300231148,226.697000000,100,1410,1215,55,0
8931,89.310232621,226.697000000,100,1410,1215,55,0
8932,89.320232230,226.697000000,100,1410,1215,55,0
8933,89.330230657,226.697000000,100,1410,1215,55,0
8934,89.340230005,226.697000000,100,1410,1215,55,0
8935,89.350230797,227.111000000,100,1410,1215,55,0
8936,89.360233542,227.111000000,100,1410,1215,55,0
8937,89.370232339,227.111000000,100,1410,1215,55,0
8938,89.380231217,227.111000000,100,1410,1215,55,0
8939,89.390230916,227.111000000,100,1410,1215,55,0
8940,89.400231186,227.111000000,100,1410,1215,55,0
8941,89.410231787,227.111000000,100,1410,1215,55,0
8942,89.420231597,227.111000000,100,1410,1215,55,0
8943,89.430231386,227.111000000,100,1410,1215,55,0
8944,89.440230474,227.111000000,100,1410,1215,55,0
8945,89.450231195,227.160000000,100,1410,1215,55,0
8946,89.460231015,227.160000000,100,1410,1215,55,0
8947,89.470230053,227.160000000,100,1410,1215,55,0
8948,89.480231205,227.160000000,100,1410,1215,55,0
8949,89.490228379,227.160000000,100,1410,1215,55,0
8950,89.500215485,227.160000000,100,1410,1215,55,0
8951,89.510231485,227.160000000,100,1410,1215,55,0
8952,89.520231104,227.160000000,100,1410,1215,55,0
8953,89.530230533,227.160000000,100,1410,1215,55,0
8954,89.540230562,227.160000000,100,1410,1215,55,0
8955,89.550231544,226.889000000,100,1410,1215,55,0
8956,89.560231324,226.889000000,100,1410,1215,55,0
8957,89.570232806,226.889000000,100,1410,1215,55,0
8958,89.580231263,226.889000000,100,1410,1215,55,0
8959,89.590231814,226.889000000,100,1410,1215,55,0
8960,89.600231283,226.889000000,100,1410,1215,55,0
8961,89.610230491,226.889000000,100,1410,1215,55,0
8962,89.620231322,226.889000000,100,1410,1215,55,0
8963,89.630233116,226.889000000,100,1410,1215,55,0
8964,89.640236512,226.889000000,100,1410,1215,55,0
8965,89.650231953,226.992000000,100,1410,1215,55,0
8966,89.660231071,226.992000000,100,1410,1215,55,0
8967,89.670230470,226.992000000,100,1410,1215,55,0
8968,89.680231862,226.992000000,100,1410,1215,55,0
8969,89.690230479,226.992000000,100,1410,1215,55,0
8970,89.700231121,226.992000000,100,1410,1215,55,0
8971,89.710230259,226.992000000,100,1410,1215,55,0
8972,89.720230970,226.992000000,100,1410,1215,55,0
8973,89.730231791,226.992000000,100,1410,1215,55,0
8974,89.740230979,226.992000000,100,1410,1215,55,0
8975,89.750231129,226.482000000,100,1410,1215,55,0
8976,89.760231460,226.482000000,100,1410,1215,55,0
8977,89.770230898,226.482000000,100,1410,1215,55,0
8978,89.780231359,226.482000000,100,1410,1215,55,0
8979,89.790231068,226.482000000,100,1410,1215,55,0
8980,89.800231298,226.482000000,100,1410,1215,55,0
8981,89.810230797,226.482000000,100,1410,1215,55,0
8982,89.820233241,226.482000000,100,1410,1215,55,0
8983,89.830229654,226.482000000,100,1410,1215,55,0
8984,89.840229784,226.482000000,100,1410,1215,55,0
8985,89.850229824,222.773000000,100,1410,1215,55,0
8986,89.860232779,222.773000000,100,1410,1215,55,0
8987,89.870228581,222.773000000,100,1410,1215,55,0
8988,89.880230044,222.773000000,100,1410,1215,55,0
8989,89.890229302,222.773000000,100,1410,1215,55,0
8990,89.900228580,222.773000000,100,1410,1215,55,0
8991,89.910229883,222.773000000,100,1410,1215,55,0
8992,89.920231315,222.773000000,100,1410,1215,55,0
8993,89.930231515,222.773000000,100,1410,1215,55,0
8994,89.940230252,222.773000000,100,1410,1215,55,0
8995,89.950233147,216.972000000,100,1410,1215,55,0
8996,89.960233818,216.972000000,100,1410,1215,55,0
8997,89.970232736,216.972000000,100,1410,1215,55,0
8998,89.980231844,216.972000000,100,1410,1215,55,0
8999,89.990230722,216.972000000,100,1410,1215,55,0
9000,90.000232104,216.972000000,100,1410,1215,55,0
9001,90.010231633,216.972000000,100,1410,1215,55,0
9002,90.020231132,216.972000000,100,1410,1215,55,0
9003,90.030230049,216.972000000,100,1410,1215,55,0
9004,90.040229638,216.972000000,100,1410,1215,55,0
9005,90.050232203,221.282000000,100,1410,1215,55,0
9006,90.060231010,221.282000000,100,1410,1215,55,0
9007,90.070230419,221.282000000,100,1410,1215,55,0
9008,90.080230739,221.282000000,100,1410,1215,55,0
9009,90.090230659,221.282000000,100,1410,1215,55,0
9010,90.100230969,221.282000000,100,1410,1215,55,0
9011,90.110234455,221.282000000,100,1410,1215,55,0
9012,90.120231870,221.282000000,100,1410,1215,55,0
9013,90.130230928,221.282000000,100,1410,1215,55,0
9014,90.140230708,221.282000000,100,1410,1215,55,0
9015,90.150231589,224.626000000,100,1410,1215,55,0
9016,90.160229935,224.626000000,100,1410,1215,55,0
9017,90.170230366,224.626000000,100,1410,1215,55,0
9018,90.180231408,224.626000000,100,1410,1215,55,0
9019,90.190231227,224.626000000,100,1410,1215,55,0
9020,90.200232519,224.626000000,100,1410,1215,55,0
9021,90.210231497,224.626000000,100,1410,1215,55,0
9022,90.220232719,224.626000000,100,1410,1215,55,0
9023,90.230231526,224.626000000,100,1410,1215,55,0
9024,90.240231556,224.626000000,100,1410,1215,55,0
9025,90.250230023,226.385000000,100,1410,1215,55,0
9026,90.260230514,226.385000000,100,1410,1215,55,0
9027,90.270231736,226.385000000,100,1410,1215,55,0
9028,90.280231164,226.385000000,100,1410,1215,55,0
9029,90.290232957,226.385000000,100,1410,1215,55,0
9030,90.300231034,226.385000000,100,1410,1215,55,0
9031,90.310228959,226.385000000,100,1410,1215,55,0
9032,90.322187509,226.385000000,100,1410,1215,55,0
9033,90.330232776,226.385000000,100,1410,1215,55,0
9034,90.340230642,226.385000000,100,1410,1215,55,0
9035,90.350230712,226.890000000,100,1410,1215,55,0
9036,90.360229820,226.890000000,100,1410,1215,55,0
9037,90.370232665,226.890000000,100,1410,1215,55,0
9038,90.380230961,226.890000000,100,1410,1215,55,0
9039,90.390230780,226.890000000,100,1410,1215,55,0
9040,90.400229167,226.890000000,100,1410,1215,55,0
9041,90.410230770,226.890000000,100,1410,1215,55,0
9042,90.420229076,226.890000000,100,1410,1215,55,0
9043,90.430230499,226.890000000,100,1410,1215,55,0
9044,90.440230468,226.890000000,100,1410,1215,55,0
9045,90.450236900,226.990000000,100,1410,1215,55,0
9046,90.460230197,226.990000000,100,1410,1215,55,0
9047,90.470231069,226.990000000,100,1410,1215,55,0
9048,90.480231189,226.990000000,100,1410,1215,55,0
9049,90.490230477,226.990000000,100,1410,1215,55,0
9050,90.500230858,226.990000000,100,1410,1215,55,0
9051,90.510228493,226.990000000,100,1410,1215,55,0
9052,90.520230176,226.990000000,100,1410,1215,55,0
9053,90.530229925,226.990000000,100,1410,1215,55,0
9054,90.540229554,226.990000000,100,1410,1215,55,0
9055,90.550230826,227.633000000,100,1410,1215,55,0
9056,90.560229934,227.633000000,100,1410,1215,55,0
9057,90.570229824,227.633000000,100,1410,1215,55,0
9058,90.580230394,227.633000000,100,1410,1215,55,0
9059,90.590230204,227.633000000,100,1410,1215,55,0
9060,90.600230063,227.633000000,100,1410,1215,55,0
9061,90.610230634,227.633000000,100,1410,1215,55,0
9062,90.620229271,227.633000000,100,1410,1215,55,0
9063,90.630229341,227.633000000,100,1410,1215,55,0
9064,90.640229801,227.633000000,100,1410,1215,55,0
9065,90.650230813,227.173000000,100,1410,1215,55,0
9066,90.660229681,227.173000000,100,1410,1215,55,0
9067,90.670230953,227.173000000,100,1410,1215,55,0
9068,90.680229460,227.173000000,100,1410,1215,55,0
9069,90.690229069,227.173000000,100,1410,1215,55,0
9070,90.700230701,227.173000000,100,1410,1215,55,0
9071,90.710230851,227.173000000,100,1410,1215,55,0
9072,90.720230681,227.173000000,100,1410,1215,55,0
9073,90.730232494,227.173000000,100,1410,1215,55,0
9074,90.740229538,227.173000000,100,1410,1215,55,0
9075,90.750230049,226.800000000,100,1410,1215,55,0
9076,90.760230920,226.800000000,100,1410,1215,55,0
9077,90.770233935,226.800000000,100,1410,1215,55,0
9078,90.780231009,226.800000000,100,1410,1215,55,0
9079,90.790229716,226.800000000,100,1410,1215,55,0
9080,90.800232421,226.800000000,100,1410,1215,55,0
9081,90.810231359,226.800000000,100,1410,1215,55,0
9082,90.820229314,226.800000000,100,1410,1215,55,0
9083,90.830230116,226.800000000,100,1410,1215,55,0
9084,90.840232189,226.800000000,100,1410,1215,55,0
9085,90.850230646,226.961000000,100,1410,1215,55,0
9086,90.860228702,226.961000000,100,1410,1215,55,0
9087,90.870234272,226.961000000,100,1410,1215,55,0
9088,90.880236486,226.961000000,100,1410,1215,55,0
9089,90.890231306,226.961000000,100,1410,1215,55,0
9090,90.900231115,226.961000000,100,1410,1215,55,0
9091,90.910233870,226.961000000,100,1410,1215,55,0
9092,90.920232487,226.961000000,100,1410,1215,55,0
9093,90.930230703,226.961000000,100,1410,1215,55,0
9094,90.940231163,226.961000000,100,1410,1215,55,0
9095,90.950231634,226.482000000,100,1410,1215,55,0
9096,90.960230401,226.482000000,100,1410,1215,55,0
9097,90.970230802,226.482000000,100,1410,1215,55,0
9098,90.980230761,226.482000000,100,1410,1215,55,0
9099,90.990230791,226.482000000,100,1410,1215,55,0
9100,91.000231782,226.482000000,100,1410,1215,55,0
9101,91.010231421,226.482000000,100,1410,1215,55,0
9102,91.020230740,226.482000000,100,1410,1215,55,0
9103,91.030230288,226.482000000,100,1410,1215,55,0
9104,91.040230919,226.482000000,100,1410,1215,55,0
9105,91.050230819,220.740000000,100,1410,1215,55,0
9106,91.060231439,220.740000000,100,1410,1215,55,0
9107,91.070231850,220.740000000,100,1410,1215,55,0
9108,91.080231429,220.740000000,100,1410,1215,55,0
9109,91.090231649,220.740000000,100,1410,1215,55,0
9110,91.100231949,220.740000000,100,1410,1215,55,0
9111,91.110231027,220.740000000,100,1410,1215,55,0
9112,91.120230916,220.740000000,100,1410,1215,55,0
9113,91.130231096,220.740000000,100,1410,1215,55,0
9114,91.140231176,220.740000000,100,1410,1215,55,0
9115,91.150231416,218.565000000,100,1410,1215,55,0
9116,91.160231616,218.565000000,100,1410,1215,55,0
9117,91.170231515,218.565000000,100,1410,1215,55,0
9118,91.180231525,218.565000000,100,1410,1215,55,0
9119,91.190231344,218.565000000,100,1410,1215,55,0
9120,91.200231164,218.565000000,100,1410,1215,55,0
9121,91.210230512,218.565000000,100,1410,1215,55,0
9122,91.220230341,218.565000000,100,1410,1215,55,0
9123,91.230230191,218.565000000,100,1410,1215,55,0
9124,91.240231222,218.565000000,100,1410,1215,55,0
9125,91.250232394,222.657000000,100,1410,1215,55,0
9126,91.260230190,222.657000000,100,1410,1215,55,0
9127,91.270230570,222.657000000,100,1410,1215,55,0
9128,91.280231822,222.657000000,100,1410,1215,55,0
9129,91.290232423,222.657000000,100,1410,1215,55,0
9130,91.300231641,222.657000000,100,1410,1215,55,0
9131,91.310231029,222.657000000,100,1410,1215,55,0
9132,91.320232752,222.657000000,100,1410,1215,55,0
9133,91.330229576,222.657000000,100,1410,1215,55,0
9134,91.340231769,222.657000000,100,1410,1215,55,0
9135,91.350232661,225.480000000,100,1410,1215,55,0
9136,91.360230456,225.480000000,100,1410,1215,55,0
9137,91.370231548,225.480000000,100,1410,1215,55,0
9138,91.380231578,225.480000000,100,1410,1215,55,0
9139,91.390232299,225.480000000,100,1410,1215,55,0
9140,91.400230685,225.480000000,100,1410,1215,55,0
9141,91.410230935,225.480000000,100,1410,1215,55,0
9142,91.420230845,225.480000000,100,1410,1215,55,0
9143,91.430230394,225.480000000,100,1410,1215,55,0
9144,91.440230634,225.480000000,100,1410,1215,55,0
9145,91.450229471,226.410000000,100,1410,1215,55,0
9146,91.460230473,226.410000000,100,1410,1215,55,0
9147,91.470230733,226.410000000,100,1410,1215,55,0
9148,91.480231644,226.410000000,100,1410,1215,55,0
9149,91.490231283,226.410000000,100,1410,1215,55,0
9150,91.500231152,226.410000000,100,1410,1215,55,0
9151,91.510229659,226.410000000,100,1410,1215,55,0
9152,91.520230600,226.410000000,100,1410,1215,55,0
9153,91.530229057,226.410000000,100,1410,1215,55,0
9154,91.540230239,226.410000000,100,1410,1215,55,0
9155,91.550229718,226.871000000,100,1410,1215,55,0
9156,91.560230228,226.871000000,100,1410,1215,55,0
9157,91.570230629,226.871000000,100,1410,1215,55,0
9158,91.580231169,226.871000000,100,1410,1215,55,0
9159,91.590227913,226.871000000,100,1410,1215,55,0
9160,91.600230127,226.871000000,100,1410,1215,55,0
9161,91.610231318,226.871000000,100,1410,1215,55,0
9162,91.620235506,226.871000000,100,1410,1215,55,0
9163,91.630230757,226.871000000,100,1410,1215,55,0
9164,91.640231107,226.871000000,100,1410,1215,55,0
9165,91.650231317,227.256000000,100,1410,1215,55,0
9166,91.660230936,227.256000000,100,1410,1215,55,0
9167,91.670231066,227.256000000,100,1410,1215,55,0
9168,91.680232247,227.256000000,100,1410,1215,55,0
9169,91.690231716,227.256000000,100,1410,1215,55,0
9170,91.700231425,227.256000000,100,1410,1215,55,0
9171,91.710232346,227.256000000,100,1410,1215,55,0
9172,91.720234049,227.256000000,100,1410,1215,55,0
9173,91.730231354,227.256000000,100,1410,1215,55,0
9174,91.740231794,227.256000000,100,1410,1215,55,0
9175,91.750231283,226.992000000,100,1410,1215,55,0
9176,91.760230621,226.992000000,100,1410,1215,55,0
9177,91.770231071,226.992000000,100,1410,1215,55,0
9178,91.780230350,226.992000000,100,1410,1215,55,0
9179,91.790230369,226.992000000,100,1410,1215,55,0
9180,91.800231050,226.992000000,100,1410,1215,55,0
9181,91.810231050,226.992000000,100,1410,1215,55,0
9182,91.820230618,226.992000000,100,1410,1215,55,0
9183,91.830230467,226.992000000,100,1410,1215,55,0
9184,91.840230377,226.992000000,100,1410,1215,55,0
9185,91.850239343,226.824000000,100,1410,1215,55,0
9186,91.860233392,226.824000000,100,1410,1215,55,0
9187,91.870232640,226.824000000,100,1410,1215,55,0
9188,91.880233581,226.824000000,100,1410,1215,55,0
9189,91.890232198,226.824000000,100,1410,1215,55,0
9190,91.900233991,226.824000000,100,1410,1215,55,0
9191,91.910232488,226.824000000,100,1410,1215,55,0
9192,91.920230724,226.824000000,100,1410,1215,55,0
9193,91.930231124,226.824000000,100,1410,1215,55,0
9194,91.940231865,226.824000000,100,1410,1215,55,0
9195,91.950232336,227.154000000,100,1410,1215,55,0
9196,91.960231684,227.154000000,100,1410,1215,55,0
9197,91.970230521,227.154000000,100,1410,1215,55,0
9198,91.980231633,227.154000000,100,1410,1215,55,0
9199,91.990231492,227.154000000,100,1410,1215,55,0
9200,92.000231532,227.154000000,100,1410,1215,55,0
9201,92.010231010,227.154000000,100,1410,1215,55,0
9202,92.020231290,227.154000000,100,1410,1215,55,0
9203,92.030231340,227.154000000,100,1410,1215,55,0
9204,92.040230808,227.154000000,100,1410,1215,55,0
9205,92.050230858,226.392000000,100,1410,1215,55,0
9206,92.060231689,226.392000000,100,1410,1215,55,0
9207,92.070231067,226.392000000,100,1410,1215,55,0
9208,92.080231658,226.392000000,100,1410,1215,55,0
9209,92.090230756,226.392000000,100,1410,1215,55,0
9210,92.100231817,226.392000000,100,1410,1215,55,0
9211,92.110231466,226.392000000,100,1410,1215,55,0
9212,92.120231596,226.392000000,100,1410,1215,55,0
9213,92.130231205,226.392000000,100,1410,1215,55,0
9214,92.140231635,226.392000000,100,1410,1215,55,0
9215,92.150411092,221.685000000,100,1410,1215,55,0
9216,92.160232466,221.685000000,100,1410,1215,55,0
9217,92.170232716,221.685000000,100,1410,1215,55,0
9218,92.180233307,221.685000000,100,1410,1215,55,0
9219,92.190232454,221.685000000,100,1410,1215,55,0
9220,92.200231632,221.685000000,100,1410,1215,55,0
9221,92.210232203,221.685000000,100,1410,1215,55,0
9222,92.220233405,221.685000000,100,1410,1215,55,0
9223,92.230233094,221.685000000,100,1410,1215,55,0
9224,92.240232001,221.685000000,100,1410,1215,55,0
9225,92.250233564,218.587000000,100,1410,1215,55,0
9226,92.260234144,218.587000000,100,1410,1215,55,0
9227,92.270234374,218.587000000,100,1410,1215,55,0
9228,92.280234694,218.587000000,100,1410,1215,55,0
9229,92.290234995,218.587000000,100,1410,1215,55,0
9230,92.300232720,218.587000000,100,1410,1215,55,0
9231,92.310233941,218.587000000,100,1410,1215,55,0
9232,92.320234011,218.587000000,100,1410,1215,55,0
9233,92.330233951,218.587000000,100,1410,1215,55,0
9234,92.340232267,218.587000000,100,1410,1215,55,0
9235,92.350232768,222.187000000,100,1410,1215,55,0
9236,92.360233759,222.187000000,100,1410,1215,55,0
9237,92.370232125,222.187000000,100,1410,1215,55,0
9238,92.380233508,222.187000000,100,1410,1215,55,0
9239,92.390233106,222.187000000,100,1410,1215,55,0
9240,92.400234138,222.187000000,100,1410,1215,55,0
9241,92.410232935,222.187000000,100,1410,1215,55,0
9242,92.420233355,222.187000000,100,1410,1215,55,0
9243,92.430232483,222.187000000,100,1410,1215,55,0
9244,92.440231150,222.187000000,100,1410,1215,55,0
9245,92.450231851,224.722000000,100,1410,1215,55,0
9246,92.460234766,224.722000000,100,1410,1215,55,0
9247,92.470230427,224.722000000,100,1410,1215,55,0
9248,92.480228894,224.722000000,100,1410,1215,55,0
9249,92.490229264,224.722000000,100,1410,1215,55,0
9250,92.500229554,224.722000000,100,1410,1215,55,0
9251,92.510229774,224.722000000,100,1410,1215,55,0
9252,92.520229694,224.722000000,100,1410,1215,55,0
9253,92.530229403,224.722000000,100,1410,1215,55,0
9254,92.540230905,224.722000000,100,1410,1215,55,0
9255,92.550229682,226.570000000,100,1410,1215,55,0
9256,92.560228970,226.570000000,100,1410,1215,55,0
9257,92.570230142,226.570000000,100,1410,1215,55,0
9258,92.580228258,226.570000000,100,1410,1215,55,0
9259,92.590229941,226.570000000,100,1410,1215,55,0
9260,92.600230161,226.570000000,100,1410,1215,55,0
9261,92.610229780,226.570000000,100,1410,1215,55,0
9262,92.620230090,226.570000000,100,1410,1215,55,0
9263,92.630229368,226.570000000,100,1410,1215,55,0
9264,92.640230920,226.570000000,100,1410,1215,55,0
9265,92.650230780,227.155000000,100,1410,1215,55,0
9266,92.660229727,227.155000000,100,1410,1215,55,0
9267,92.670229827,227.155000000,100,1410,1215,55,0
9268,92.680230478,227.155000000,100,1410,1215,55,0
9269,92.690229856,227.155000000,100,1410,1215,55,0
9270,92.700230397,227.155000000,100,1410,1215,55,0
9271,92.710230246,227.155000000,100,1410,1215,55,0
9272,92.720231608,227.155000000,100,1410,1215,55,0
9273,92.730230385,227.155000000,100,1410,1215,55,0
9274,92.740230885,227.155000000,100,1410,1215,55,0
9275,92.750230614,227.087000000,100,1410,1215,55,0
9276,92.760230143,227.087000000,100,1410,1215,55,0
9277,92.770234741,227.087000000,100,1410,1215,55,0
9278,92.780232065,227.087000000,100,1410,1215,55,0
9279,92.790230272,227.087000000,100,1410,1215,55,0
9280,92.800230371,227.087000000,100,1410,1215,55,0
9281,92.810231543,227.087000000,100,1410,1215,55,0
9282,92.820230901,227.087000000,100,1410,1215,55,0
9283,92.830231251,227.087000000,100,1410,1215,55,0
9284,92.840230169,227.087000000,100,1410,1215,55,0
9285,92.850231360,227.441000000,100,1410,1215,55,0
9286,92.860232532,227.441000000,100,1410,1215,55,0
9287,92.870230127,227.441000000,100,1410,1215,55,0
9288,92.880233533,227.441000000,100,1410,1215,55,0
9289,92.890233282,227.441000000,100,1410,1215,55,0
9290,92.900233060,227.441000000,100,1410,1215,55,0
9291,92.910231828,227.441000000,100,1410,1215,55,0
9292,92.920231406,227.441000000,100,1410,1215,55,0
9293,92.930233980,227.441000000,100,1410,1215,55,0
9294,92.940231175,227.441000000,100,1410,1215,55,0
9295,92.950231214,227.287000000,100,1410,1215,55,0
9296,92.960231344,227.287000000,100,1410,1215,55,0
9297,92.970231123,227.287000000,100,1410,1215,55,0
9298,92.980231744,227.287000000,100,1410,1215,55,0
9299,92.990231242,227.287000000,100,1410,1215,55,0
9300,93.000231031,227.287000000,100,1410,1215,55,0
9301,93.010231111,227.287000000,100,1410,1215,55,0
9302,93.020231471,227.287000000,100,1410,1215,55,0
9303,93.030230969,227.287000000,100,1410,1215,55,0
9304,93.040231039,227.287000000,100,1410,1215,55,0
9305,93.050232180,226.808000000,100,1410,1215,55,0
9306,93.060231188,226.808000000,100,1410,1215,55,0
9307,93.070230406,226.808000000,100,1410,1215,55,0
9308,93.080231838,226.808000000,100,1410,1215,55,0
9309,93.090231377,226.808000000,100,1410,1215,55,0
9310,93.100230995,226.808000000,100,1410,1215,55,0
9311,93.110231055,226.808000000,100,1410,1215,55,0
9312,93.120230944,226.808000000,100,1410,1215,55,0
9313,93.130230663,226.808000000,100,1410,1215,55,0
9314,93.140230081,226.808000000,100,1410,1215,55,0
9315,93.150231033,226.584000000,100,1410,1215,56,0
9316,93.160230311,226.584000000,100,1410,1215,56,0
9317,93.170230641,226.584000000,100,1410,1215,56,0
9318,93.180230780,226.584000000,100,1410,1215,56,0
9319,93.190230579,226.584000000,100,1410,1215,56,0
9320,93.200230368,226.584000000,100,1410,1215,56,0
9321,93.210230909,226.584000000,100,1410,1215,56,0
9322,93.220230538,226.584000000,100,1410,1215,56,0
9323,93.230230066,226.584000000,100,1410,1215,56,0
9324,93.240230757,226.584000000,100,1410,1215,56,0
9325,93.250231317,222.659000000,100,1410,1215,55,0
9326,93.260230365,222.659000000,100,1410,1215,55,0
9327,93.270231447,222.659000000,100,1410,1215,55,0
9328,93.280416644,222.659000000,100,1410,1215,55,0
9329,93.290230925,222.659000000,100,1410,1215,55,0
9330,93.300230002,222.659000000,100,1410,1215,55,0
9331,93.310230332,222.659000000,100,1410,1215,55,0
9332,93.320229781,222.659000000,100,1410,1215,55,0
9333,93.330229870,222.659000000,100,1410,1215,55,0
9334,93.340229860,222.659000000,100,1410,1215,55,0
9335,93.350232224,216.820000000,100,1410,1215,56,0
9336,93.360231081,216.820000000,100,1410,1215,56,0
9337,93.370230099,216.820000000,100,1410,1215,56,0
9338,93.380230809,216.820000000,100,1410,1215,56,0
9339,93.390232322,216.820000000,100,1410,1215,56,0
9340,93.400232101,216.820000000,100,1410,1215,56,0
9341,93.410230477,216.820000000,100,1410,1215,56,0
9342,93.420230807,216.820000000,100,1410,1215,56,0
9343,93.430231408,216.820000000,100,1410,1215,56,0
9344,93.440234994,216.820000000,100,1410,1215,56,0
9345,93.450230866,216.820000000,100,1410,1215,55,0
9346,93.460230815,216.820000000,100,1410,1215,55,0
9347,93.470230123,216.820000000,100,1410,1215,55,0
9348,93.480230573,216.820000000,100,1410,1215,55,0
9349,93.490230442,216.820000000,100,1410,1215,55,0
9350,93.500229911,216.820000000,100,1410,1215,55,0
9351,93.510230281,216.820000000,100,1410,1215,55,0
9352,93.520229940,216.820000000,100,1410,1215,55,0
9353,93.530229408,216.820000000,100,1410,1215,55,0
9354,93.540229558,216.820000000,100,1410,1215,55,0
9355,93.550229667,222.972000000,100,1410,1215,55,0
9356,93.560229777,222.972000000,100,1410,1215,55,0
9357,93.570229857,222.972000000,100,1410,1215,55,0
9358,93.580229315,222.972000000,100,1410,1215,55,0
9359,93.590230777,222.972000000,100,1410,1215,55,0
9360,93.600229715,222.972000000,100,1410,1215,55,0
9361,93.610230165,222.972000000,100,1410,1215,55,0
9362,93.620229684,222.972000000,100,1410,1215,55,0
9363,93.630229523,222.972000000,100,1410,1215,55,0
9364,93.640229292,222.972000000,100,1410,1215,55,0
9365,93.650230644,225.047000000,100,1410,1215,55,0
9366,93.660229691,225.047000000,100,1410,1215,55,0
9367,93.670229390,225.047000000,100,1410,1215,55,0
9368,93.680229440,225.047000000,100,1410,1215,55,0
9369,93.690229159,225.047000000,100,1410,1215,55,0
9370,93.700229970,225.047000000,100,1410,1215,55,0
9371,93.710229418,225.047000000,100,1410,1215,55,0
9372,93.720228496,225.047000000,100,1410,1215,55,0
9373,93.730231260,225.047000000,100,1410,1215,55,0
9374,93.740230729,225.047000000,100,1410,1215,55,0
9375,93.750231089,226.212000000,100,1410,1215,55,0
9376,93.760230006,226.212000000,100,1410,1215,55,0
9377,93.770229865,226.212000000,100,1410,1215,55,0
9378,93.780230676,226.212000000,100,1410,1215,55,0
9379,93.790230936,226.212000000,100,1410,1215,55,0
9380,93.800230274,226.212000000,100,1410,1215,55,0
9381,93.810230924,226.212000000,100,1410,1215,55,0
9382,93.820231505,226.212000000,100,1410,1215,55,0
9383,93.830231434,226.212000000,100,1410,1215,55,0
9384,93.840231514,226.212000000,100,1410,1215,55,0
9385,93.850231373,226.961000000,100,1410,1215,55,0
9386,93.860231512,226.961000000,100,1410,1215,55,0
9387,93.870231411,226.961000000,100,1410,1215,55,0
9388,93.880231200,226.961000000,100,1410,1215,55,0
9389,93.890231550,226.961000000,100,1410,1215,55,0
9390,93.900233764,226.961000000,100,1410,1215,55,0
9391,93.910233773,226.961000000,100,1410,1215,55,0
9392,93.920232721,226.961000000,100,1410,1215,55,0
9393,93.930235976,226.961000000,100,1410,1215,55,0
9394,93.940231517,226.961000000,100,1410,1215,55,0
9395,93.950232709,227.250000000,100,1410,1215,55,0
9396,93.960233109,227.250000000,100,1410,1215,55,0
9397,93.970231665,227.250000000,100,1410,1215,55,0
9398,93.980230523,227.250000000,100,1410,1215,55,0
9399,93.990230712,227.250000000,100,1410,1215,55,0
9400,94.000232585,227.250000000,100,1410,1215,55,0
9401,94.010231863,227.250000000,100,1410,1215,55,0
9402,94.020231141,227.250000000,100,1410,1215,55,0
9403,94.030230539,227.250000000,100,1410,1215,55,0
9404,94.040231070,227.250000000,100,1410,1215,55,0
9405,94.050231931,227.105000000,100,1410,1215,56,0
9406,94.060230627,227.105000000,100,1410,1215,56,0
9407,94.070230968,227.105000000,100,1410,1215,56,0
9408,94.080231197,227.105000000,100,1410,1215,56,0
9409,94.090230585,227.105000000,100,1410,1215,56,0
9410,94.100230425,227.105000000,100,1410,1215,56,0
9411,94.110231356,227.105000000,100,1410,1215,56,0
9412,94.120231646,227.105000000,100,1410,1215,56,0
9413,94.130230713,227.105000000,100,1410,1215,56,0
9414,94.140230512,227.105000000,100,1410,1215,56,0
9415,94.150232445,227.160000000,100,1410,1215,55,0
9416,94.160230681,227.160000000,100,1410,1215,55,0
9417,94.170231161,227.160000000,100,1410,1215,55,0
9418,94.180230850,227.160000000,100,1410,1215,55,0
9419,94.190231641,227.160000000,100,1410,1215,55,0
9420,94.200231580,227.160000000,100,1410,1215,55,0
9421,94.210231109,227.160000000,100,1410,1215,55,0
9422,94.220231198,227.160000000,100,1410,1215,55,0
9423,94.230231247,227.160000000,100,1410,1215,55,0
9424,94.240231057,227.160000000,100,1410,1215,55,0
9425,94.250231196,227.160000000,100,1410,1215,56,0
9426,94.260231055,227.160000000,100,1410,1215,56,0
9427,94.270230834,227.160000000,100,1410,1215,56,0
9428,94.280231465,227.160000000,100,1410,1215,56,0
9429,94.290230953,227.160000000,100,1410,1215,56,0
9430,94.300231303,227.160000000,100,1410,1215,56,0
9431,94.310230912,227.160000000,100,1410,1215,56,0
9432,94.320231232,227.160000000,100,1410,1215,56,0
9433,94.330231101,227.160000000,100,1410,1215,56,0
9434,94.340231400,227.160000000,100,1410,1215,56,0
9435,94.350230468,226.578000000,100,1410,1215,56,0
9436,94.360229997,226.578000000,100,1410,1215,56,0
9437,94.370231308,226.578000000,100,1410,1215,56,0
9438,94.380231358,226.578000000,100,1410,1215,56,0
9439,94.390232189,226.578000000,100,1410,1215,56,0
9440,94.400232198,226.578000000,100,1410,1215,56,0
9441,94.410234822,226.578000000,100,1410,1215,56,0
9442,94.420230784,226.578000000,100,1410,1215,56,0
9443,94.430231565,226.578000000,100,1410,1215,56,0
9444,94.440231324,226.578000000,100,1410,1215,56,0
9445,94.450230832,223.419000000,100,1410,1215,55,0
9446,94.460234619,223.419000000,100,1410,1215,55,0
9447,94.470230851,223.419000000,100,1410,1215,55,0
9448,94.480231061,223.419000000,100,1410,1215,55,0
9449,94.490230880,223.419000000,100,1410,1215,55,0
9450,94.500230569,223.419000000,100,1410,1215,55,0
9451,94.510230337,223.419000000,100,1410,1215,55,0
9452,94.520232661,223.419000000,100,1410,1215,55,0
9453,94.530230276,223.419000000,100,1410,1215,55,0
9454,94.540230305,223.419000000,100,1410,1215,55,0
9455,94.550229704,215.601000000,100,1410,1215,56,0
9456,94.560231436,215.601000000,100,1410,1215,56,0
9457,94.570230033,215.601000000,100,1410,1215,56,0
9458,94.580229581,215.601000000,100,1410,1215,56,0
9459,94.590229521,215.601000000,100,1410,1215,56,0
9460,94.600229800,215.601000000,100,1410,1215,56,0
9461,94.610229650,215.601000000,100,1410,1215,56,0
9462,94.620229789,215.601000000,100,1410,1215,56,0
9463,94.630230830,215.601000000,100,1410,1215,56,0
9464,94.640230309,215.601000000,100,1410,1215,56,0
9465,94.650230198,221.999000000,100,1410,1215,55,0
9466,94.660230037,221.999000000,100,1410,1215,55,0
9467,94.670230006,221.999000000,100,1410,1215,55,0
9468,94.680229916,221.999000000,100,1410,1215,55,0
9469,94.690230706,221.999000000,100,1410,1215,55,0
9470,94.700230585,221.999000000,100,1410,1215,55,0
9471,94.710230064,221.999000000,100,1410,1215,55,0
9472,94.720231325,221.999000000,100,1410,1215,55,0
9473,94.730230523,221.999000000,100,1410,1215,55,0
9474,94.740229881,221.999000000,100,1410,1215,55,0
9475,94.750229810,224.532000000,100,1410,1215,55,0
9476,94.760229529,224.532000000,100,1410,1215,55,0
9477,94.770231041,224.532000000,100,1410,1215,55,0
9478,94.780229598,224.532000000,100,1410,1215,55,0
9479,94.790230359,224.532000000,100,1410,1215,55,0
9480,94.800230658,224.532000000,100,1410,1215,55,0
9481,94.810230758,224.532000000,100,1410,1215,55,0
9482,94.820230326,224.532000000,100,1410,1215,55,0
9483,94.830230255,224.532000000,100,1410,1215,55,0
9484,94.840230645,224.532000000,100,1410,1215,55,0
9485,94.850231156,226.554000000,100,1410,1215,55,0
9486,94.860229973,226.554000000,100,1410,1215,55,0
9487,94.870235212,226.554000000,100,1410,1215,55,0
9488,94.880232175,226.554000000,100,1410,1215,55,0
9489,94.890230632,226.554000000,100,1410,1215,55,0
9490,94.900231292,226.554000000,100,1410,1215,55,0
9491,94.910235920,226.554000000,100,1410,1215,55,0
9492,94.920233234,226.554000000,100,1410,1215,55,0
9493,94.930231690,226.554000000,100,1410,1215,55,0
9494,94.940231429,226.554000000,100,1410,1215,55,0
9495,94.950232190,226.967000000,100,1410,1215,55,0
9496,94.960230917,226.967000000,100,1410,1215,55,0
9497,94.970231657,226.967000000,100,1410,1215,55,0
9498,94.980231005,226.967000000,100,1410,1215,55,0
9499,94.990231025,226.967000000,100,1410,1215,55,0
9500,95.000231405,226.967000000,100,1410,1215,55,0
9501,95.010230963,226.967000000,100,1410,1215,55,0
9502,95.020230712,226.967000000,100,1410,1215,55,0
9503,95.030233116,226.967000000,100,1410,1215,55,0
9504,95.040231232,226.967000000,100,1410,1215,55,0
9505,95.050231080,227.418000000,100,1410,1215,55,0
9506,95.060230489,227.418000000,100,1410,1215,55,0
9507,95.070230698,227.418000000,100,1410,1215,55,0
9508,95.080230737,227.418000000,100,1410,1215,55,0
9509,95.090230456,227.418000000,100,1410,1215,55,0
9510,95.100231377,227.418000000,100,1410,1215,55,0
9511,95.110230795,227.418000000,100,1410,1215,55,0
9512,95.120234622,227.418000000,100,1410,1215,55,0
9513,95.130232627,227.418000000,100,1410,1215,55,0
9514,95.140231354,227.418000000,100,1410,1215,55,0
9515,95.150231905,227.574000000,100,1410,1215,55,0
9516,95.160230922,227.574000000,100,1410,1215,55,0
9517,95.170230991,227.574000000,100,1410,1215,55,0
9518,95.180231792,227.574000000,100,1410,1215,55,0
9519,95.190231010,227.574000000,100,1410,1215,55,0
9520,95.200231320,227.574000000,100,1410,1215,55,0
9521,95.210230818,227.574000000,100,1410,1215,55,0
9522,95.220230978,227.574000000,100,1410,1215,55,0
9523,95.230231588,227.574000000,100,1410,1215,55,0
9524,95.240230736,227.574000000,100,1410,1215,55,0
9525,95.250231596,227.088000000,100,1410,1215,56,0
9526,95.260231305,227.088000000,100,1410,1215,56,0
9527,95.270230954,227.088000000,100,1410,1215,56,0
9528,95.280230913,227.088000000,100,1410,1215,56,0
9529,95.290231173,227.088000000,100,1410,1215,56,0
9530,95.300231553,227.088000000,100,1410,1215,56,0
9531,95.310230971,227.088000000,100,1410,1215,56,0
9532,95.320231351,227.088000000,100,1410,1215,56,0
9533,95.330231320,227.088000000,100,1410,1215,56,0
9534,95.340231009,227.088000000,100,1410,1215,56,0
9535,95.350232330,227.250000000,100,1410,1215,56,0
9536,95.360231378,227.250000000,100,1410,1215,56,0
9537,95.370231417,227.250000000,100,1410,1215,56,0
9538,95.380231206,227.250000000,100,1410,1215,56,0
9539,95.390231105,227.250000000,100,1410,1215,56,0
9540,95.400231395,227.250000000,100,1410,1215,56,0
9541,95.410231053,227.250000000,100,1410,1215,56,0
9542,95.420232135,227.250000000,100,1410,1215,56,0
9543,95.430231112,227.250000000,100,1410,1215,56,0
9544,95.440231873,227.250000000,100,1410,1215,56,0
9545,95.450231361,227.033000000,100,1410,1215,56,0
9546,95.460232132,227.033000000,100,1410,1215,56,0
9547,95.470231269,227.033000000,100,1410,1215,56,0
9548,95.480230828,227.033000000,100,1410,1215,56,0
9549,95.490230386,227.033000000,100,1410,1215,56,0
9550,95.500233121,227.033000000,100,1410,1215,56,0
9551,95.510234362,227.033000000,100,1410,1215,56,0
9552,95.520232538,227.033000000,100,1410,1215,56,0
9553,95.530231235,227.033000000,100,1410,1215,56,0
9554,95.540232316,227.033000000,100,1410,1215,56,0
9555,95.550230281,224.616000000,100,1410,1215,56,0
9556,95.560230070,224.616000000,100,1410,1215,56,0
9557,95.570229559,224.616000000,100,1410,1215,56,0
9558,95.580229738,224.616000000,100,1410,1215,56,0
9559,95.590229427,224.616000000,100,1410,1215,56,0
9560,95.600230428,224.616000000,100,1410,1215,56,0
9561,95.610230067,224.616000000,100,1410,1215,56,0
9562,95.620229895,224.616000000,100,1410,1215,56,0
9563,95.630230215,224.616000000,100,1410,1215,56,0
9564,95.640230385,224.616000000,100,1410,1215,56,0
9565,95.650231657,215.157000000,100,1410,1215,56,0
9566,95.660229732,215.157000000,100,1410,1215,56,0
9567,95.670229982,215.157000000,100,1410,1215,56,0
9568,95.680229931,215.157000000,100,1410,1215,56,0
9569,95.690229981,215.157000000,100,1410,1215,56,0
9570,95.700230461,215.157000000,100,1410,1215,56,0
9571,95.710230380,215.157000000,100,1410,1215,56,0
9572,95.720230599,215.157000000,100,1410,1215,56,0
9573,95.730230378,215.157000000,100,1410,1215,56,0
9574,95.740230217,215.157000000,100,1410,1215,56,0
9575,95.750230296,221.189000000,100,1410,1215,55,0
9576,95.760229815,221.189000000,100,1410,1215,55,0
9577,95.770230535,221.189000000,100,1410,1215,55,0
9578,95.780229953,221.189000000,100,1410,1215,55,0
9579,95.790230483,221.189000000,100,1410,1215,55,0
9580,95.800229921,221.189000000,100,1410,1215,55,0
9581,95.810229891,221.189000000,100,1410,1215,55,0
9582,95.820229319,221.189000000,100,1410,1215,55,0
9583,95.830229648,221.189000000,100,1410,1215,55,0
9584,95.840230209,221.189000000,100,1410,1215,55,0
9585,95.850230438,224.730000000,100,1410,1215,55,0
9586,95.860229997,224.730000000,100,1410,1215,55,0
9587,95.870229845,224.730000000,100,1410,1215,55,0
9588,95.880229344,224.730000000,100,1410,1215,55,0
9589,95.890229373,224.730000000,100,1410,1215,55,0
9590,95.900229031,224.730000000,100,1410,1215,55,0
9591,95.910231425,224.730000000,100,1410,1215,55,0
9592,95.920232556,224.730000000,100,1410,1215,55,0
9593,95.930228718,224.730000000,100,1410,1215,55,0
9594,95.940229278,224.730000000,100,1410,1215,55,0
9595,95.950230750,225.918000000,100,1410,1215,55,0
9596,95.960232293,225.918000000,100,1410,1215,55,0
9597,95.970230919,225.918000000,100,1410,1215,55,0
9598,95.980230618,225.918000000,100,1410,1215,55,0
9599,95.990232029,225.918000000,100,1410,1215,55,0
9600,96.000234784,225.918000000,100,1410,1215,55,0
9601,96.010231246,225.918000000,100,1410,1215,55,0
9602,96.020232177,225.918000000,100,1410,1215,55,0
9603,96.030231134,225.918000000,100,1410,1215,55,0
9604,96.040230873,225.918000000,100,1410,1215,55,0
9605,96.050234599,226.888000000,100,1410,1215,55,0
9606,96.060231132,226.888000000,100,1410,1215,55,0
9607,96.070231081,226.888000000,100,1410,1215,55,0
9608,96.080230649,226.888000000,100,1410,1215,55,0
9609,96.090230909,226.888000000,100,1410,1215,55,0
9610,96.100230247,226.888000000,100,1410,1215,55,0
9611,96.110230687,226.888000000,100,1410,1215,55,0
9612,96.120230375,226.888000000,100,1410,1215,55,0
9613,96.130230835,226.888000000,100,1410,1215,55,0
9614,96.140231506,226.888000000,100,1410,1215,55,0
9615,96.150231675,227.273000000,100,1410,1215,56,0
9616,96.160231103,227.273000000,100,1410,1215,56,0
9617,96.170231082,227.273000000,100,1410,1215,56,0
9618,96.180232174,227.273000000,100,1410,1215,56,0
9619,96.190230951,227.273000000,100,1410,1215,56,0
9620,96.200231170,227.273000000,100,1410,1215,56,0
9621,96.210231490,227.273000000,100,1410,1215,56,0
9622,96.220231058,227.273000000,100,1410,1215,56,0
9623,96.230230717,227.273000000,100,1410,1215,56,0
9624,96.240231017,227.273000000,100,1410,1215,56,0
9625,96.250231647,227.550000000,100,1410,1215,56,0
9626,96.260230163,227.550000000,100,1410,1215,56,0
9627,96.270230493,227.550000000,100,1410,1215,56,0
9628,96.280230723,227.550000000,100,1410,1215,56,0
9629,96.290230231,227.550000000,100,1410,1215,56,0
9630,96.300230370,227.550000000,100,1410,1215,56,0
9631,96.310230700,227.550000000,100,1410,1215,56,0
9632,96.320232372,227.550000000,100,1410,1215,56,0
9633,96.330232261,227.550000000,100,1410,1215,56,0
9634,96.340230627,227.550000000,100,1410,1215,56,0
9635,96.350232600,227.551000000,100,1410,1215,56,0
9636,96.360231057,227.551000000,100,1410,1215,56,0
9637,96.370230925,227.551000000,100,1410,1215,56,0
9638,96.380232387,227.551000000,100,1410,1215,56,0
9639,96.390231154,227.551000000,100,1410,1215,56,0
9640,96.400231053,227.551000000,100,1410,1215,56,0
9641,96.410231293,227.551000000,100,1410,1215,56,0
9642,96.420231222,227.551000000,100,1410,1215,56,0
9643,96.430231401,227.551000000,100,1410,1215,56,0
9644,96.440232703,227.551000000,100,1410,1215,56,0
9645,96.450232181,227.082000000,100,1410,1215,56,0
9646,96.460231459,227.082000000,100,1410,1215,56,0
9647,96.470231198,227.082000000,100,1410,1215,56,0
9648,96.480232399,227.082000000,100,1410,1215,56,0
9649,96.490231026,227.082000000,100,1410,1215,56,0
9650,96.500232828,227.082000000,100,1410,1215,56,0
9651,96.510232727,227.082000000,100,1410,1215,56,0
9652,96.520232606,227.082000000,100,1410,1215,56,0
9653,96.530230932,227.082000000,100,1410,1215,56,0
9654,96.540230611,227.082000000,100,1410,1215,56,0
9655,96.550233205,226.889000000,100,1410,1215,56,0
9656,96.560234717,226.889000000,100,1410,1215,56,0
9657,96.570230788,226.889000000,100,1410,1215,56,0
9658,96.580231038,226.889000000,100,1410,1215,56,0
9659,96.590230857,226.889000000,100,1410,1215,56,0
9660,96.600231137,226.889000000,100,1410,1215,56,0
9661,96.610230264,226.889000000,100,1410,1215,56,0
9662,96.620230083,226.889000000,100,1410,1215,56,0
9663,96.630230413,226.889000000,100,1410,1215,56,0
9664,96.640230542,226.889000000,100,1410,1215,56,0
9665,96.650230902,225.714000000,100,1410,1215,56,0
9666,96.660230721,225.714000000,100,1410,1215,56,0
9667,96.670231461,225.714000000,100,1410,1215,56,0
9668,96.680230799,225.714000000,100,1410,1215,56,0
9669,96.690230498,225.714000000,100,1410,1215,56,0
9670,96.700230667,225.714000000,100,1410,1215,56,0
9671,96.710231187,225.714000000,100,1410,1215,56,0
9672,96.720231136,225.714000000,100,1410,1215,56,0
9673,96.730231837,225.714000000,100,1410,1215,56,0
9674,96.740231285,225.714000000,100,1410,1215,56,0
9675,96.750232466,219.740000000,100,1410,1215,56,0
9676,96.760231303,219.740000000,100,1410,1215,56,0
9677,96.770230391,219.740000000,100,1410,1215,56,0
9678,96.780233245,219.740000000,100,1410,1215,56,0
9679,96.790231461,219.740000000,100,1410,1215,56,0
9680,96.800231109,219.740000000,100,1410,1215,56,0
9681,96.810231298,219.740000000,100,1410,1215,56,0
9682,96.820230927,219.740000000,100,1410,1215,56,0
9683,96.830230555,219.740000000,100,1410,1215,56,0
9684,96.840230705,219.740000000,100,1410,1215,56,0
9685,96.850231495,220.123000000,100,1410,1215,56,0
9686,96.860232245,220.123000000,100,1410,1215,56,0
9687,96.870228979,220.123000000,100,1410,1215,56,0
9688,96.880230991,220.123000000,100,1410,1215,56,0
9689,96.890230690,220.123000000,100,1410,1215,56,0
9690,96.900231991,220.123000000,100,1410,1215,56,0
9691,96.910232752,220.123000000,100,1410,1215,56,0
9692,96.920231078,220.123000000,100,1410,1215,56,0
9693,96.930232019,220.123000000,100,1410,1215,56,0
9694,96.940230405,220.123000000,100,1410,1215,56,0
9695,96.950230724,224.116000000,100,1410,1215,56,0
9696,96.960229241,224.116000000,100,1410,1215,56,0
9697,96.970230572,224.116000000,100,1410,1215,56,0
9698,96.980228587,224.116000000,100,1410,1215,56,0
9699,96.990230280,224.116000000,100,1410,1215,56,0
9700,97.000232573,224.116000000,100,1410,1215,56,0
9701,97.010230829,224.116000000,100,1410,1215,56,0
9702,97.020232491,224.116000000,100,1410,1215,56,0
9703,97.030230536,224.116000000,100,1410,1215,56,0
9704,97.040229163,224.116000000,100,1410,1215,56,0
9705,97.050230324,225.733000000,100,1410,1215,55,0
9706,97.060228149,225.733000000,100,1410,1215,55,0
9707,97.070232807,225.733000000,100,1410,1215,55,0
9708,97.080230612,225.733000000,100,1410,1215,55,0
9709,97.090228096,225.733000000,100,1410,1215,55,0
9710,97.100230450,225.733000000,100,1410,1215,55,0
9711,97.110230299,225.733000000,100,1410,1215,55,0
9712,97.120231109,225.733000000,100,1410,1215,55,0
9713,97.130230658,225.733000000,100,1410,1215,55,0
9714,97.140230396,225.733000000,100,1410,1215,55,0
9715,97.150230515,226.705000000,100,1410,1215,55,0
9716,97.160230544,226.705000000,100,1410,1215,55,0
9717,97.170230834,226.705000000,100,1410,1215,55,0
9718,97.180231955,226.705000000,100,1410,1215,55,0
9719,97.190232766,226.705000000,100,1410,1215,55,0
9720,97.200231653,226.705000000,100,1410,1215,55,0
9721,97.210232223,226.705000000,100,1410,1215,55,0
9722,97.220231430,226.705000000,100,1410,1215,55,0
9723,97.230231249,226.705000000,100,1410,1215,55,0
9724,97.240230948,226.705000000,100,1410,1215,55,0
9725,97.250233532,227.273000000,100,1410,1215,55,0
9726,97.260232118,227.273000000,100,1410,1215,55,0
9727,97.270231135,227.273000000,100,1410,1215,55,0
9728,97.280231535,227.273000000,100,1410,1215,55,0
9729,97.290231564,227.273000000,100,1410,1215,55,0
9730,97.300231373,227.273000000,100,1410,1215,55,0
9731,97.310230851,227.273000000,100,1410,1215,55,0
9732,97.320230830,227.273000000,100,1410,1215,55,0
9733,97.330231661,227.273000000,100,1410,1215,55,0
9734,97.340230988,227.273000000,100,1410,1215,55,0
9735,97.350232370,227.279000000,100,1410,1215,56,0
9736,97.360232189,227.279000000,100,1410,1215,56,0
9737,97.370231376,227.279000000,100,1410,1215,56,0
9738,97.380231636,227.279000000,100,1410,1215,56,0
9739,97.390231084,227.279000000,100,1410,1215,56,0
9740,97.400231003,227.279000000,100,1410,1215,56,0
9741,97.410231222,227.279000000,100,1410,1215,56,0
9742,97.420230340,227.279000000,100,1410,1215,56,0
9743,97.430231160,227.279000000,100,1410,1215,56,0
9744,97.440231580,227.279000000,100,1410,1215,56,0
9745,97.450231860,227.281000000,100,1410,1215,56,0
9746,97.460230717,227.281000000,100,1410,1215,56,0
9747,97.470230896,227.281000000,100,1410,1215,56,0
9748,97.480231366,227.281000000,100,1410,1215,56,0
9749,97.490230293,227.281000000,100,1410,1215,56,0
9750,97.500231665,227.281000000,100,1410,1215,56,0
9751,97.510231634,227.281000000,100,1410,1215,56,0
9752,97.520232825,227.281000000,100,1410,1215,56,0
9753,97.530230971,227.281000000,100,1410,1215,56,0
9754,97.540232603,227.281000000,100,1410,1215,56,0
9755,97.550232372,226.992000000,100,1410,1215,56,0
9756,97.560230667,226.992000000,100,1410,1215,56,0
9757,97.570231278,226.992000000,100,1410,1215,56,0
9758,97.580232990,226.992000000,100,1410,1215,56,0
9759,97.590230114,226.992000000,100,1410,1215,56,0
9760,97.600229802,226.992000000,100,1410,1215,56,0
9761,97.610231224,226.992000000,100,1410,1215,56,0
9762,97.620231904,226.992000000,100,1410,1215,56,0
9763,97.630232104,226.992000000,100,1410,1215,56,0
9764,97.640230309,226.992000000,100,1410,1215,56,0
9765,97.650230869,226.944000000,100,1410,1215,56,0
9766,97.660230097,226.944000000,100,1410,1215,56,0
9767,97.670230898,226.944000000,100,1410,1215,56,0
9768,97.680231137,226.944000000,100,1410,1215,56,0
9769,97.690231858,226.944000000,100,1410,1215,56,0
9770,97.700231416,226.944000000,100,1410,1215,56,0
9771,97.710231585,226.944000000,100,1410,1215,56,0
9772,97.720230783,226.944000000,100,1410,1215,56,0
9773,97.730231363,226.944000000,100,1410,1215,56,0
9774,97.740231512,226.944000000,100,1410,1215,56,0
9775,97.750231741,226.416000000,100,1410,1215,56,0
9776,97.760230919,226.416000000,100,1410,1215,56,0
9777,97.770231820,226.416000000,100,1410,1215,56,0
9778,97.780230807,226.416000000,100,1410,1215,56,0
9779,97.790230775,226.416000000,100,1410,1215,56,0
9780,97.800230274,226.416000000,100,1410,1215,56,0
9781,97.810230343,226.416000000,100,1410,1215,56,0
9782,97.820230833,226.416000000,100,1410,1215,56,0
9783,97.830230561,226.416000000,100,1410,1215,56,0
9784,97.840230750,226.416000000,100,1410,1215,56,0
9785,97.850231170,220.034000000,100,1410,1215,56,0
9786,97.860231420,220.034000000,100,1410,1215,56,0
9787,97.870230818,220.034000000,100,1410,1215,56,0
9788,97.880231257,220.034000000,100,1410,1215,56,0
9789,97.890230415,220.034000000,100,1410,1215,56,0
9790,97.900231015,220.034000000,100,1410,1215,56,0
9791,97.910231304,220.034000000,100,1410,1215,56,0
9792,97.920230842,220.034000000,100,1410,1215,56,0
9793,97.930230982,220.034000000,100,1410,1215,56,0
9794,97.940230800,220.034000000,100,1410,1215,56,0
9795,97.950231721,219.735000000,100,1410,1215,56,0
9796,97.960230147,219.735000000,100,1410,1215,56,0
9797,97.970231078,219.735000000,100,1410,1215,56,0
9798,97.980228682,219.735000000,100,1410,1215,56,0
9799,97.990230384,219.735000000,100,1410,1215,56,0
9800,98.000231215,219.735000000,100,1410,1215,56,0
9801,98.010228950,219.735000000,100,1410,1215,56,0
9802,98.020231083,219.735000000,100,1410,1215,56,0
9803,98.030230671,219.735000000,100,1410,1215,56,0
9804,98.040231812,219.735000000,100,1410,1215,56,0
9805,98.050234887,223.294000000,100,1410,1215,56,0
9806,98.060228494,223.294000000,100,1410,1215,56,0
9807,98.070229665,223.294000000,100,1410,1215,56,0
9808,98.080234924,223.294000000,100,1410,1215,56,0
9809,98.090242537,223.294000000,100,1410,1215,56,0
9810,98.100239781,223.294000000,100,1410,1215,56,0
9811,98.110245190,223.294000000,100,1410,1215,56,0
9812,98.120233377,223.294000000,100,1410,1215,56,0
9813,98.130230911,223.294000000,100,1410,1215,56,0
9814,98.140231301,223.294000000,100,1410,1215,56,0
9815,98.150233173,225.792000000,100,1410,1215,56,0
9816,98.160231950,225.792000000,100,1410,1215,56,0
9817,98.170230967,225.792000000,100,1410,1215,56,0
9818,98.180230856,225.792000000,100,1410,1215,56,0
9819,98.190231115,225.792000000,100,1410,1215,56,0
9820,98.200233659,225.792000000,100,1410,1215,56,0
9821,98.210232115,225.792000000,100,1410,1215,56,0
9822,98.220231613,225.792000000,100,1410,1215,56,0
9823,98.230231813,225.792000000,100,1410,1215,56,0
9824,98.240232513,225.792000000,100,1410,1215,56,0
9825,98.250231881,226.506000000,100,1410,1215,55,0
9826,98.260232300,226.506000000,100,1410,1215,55,0
9827,98.270231378,226.506000000,100,1410,1215,55,0
9828,98.280231497,226.506000000,100,1410,1215,55,0
9829,98.290231345,226.506000000,100,1410,1215,55,0
9830,98.300231485,226.506000000,100,1410,1215,55,0
9831,98.310231303,226.506000000,100,1410,1215,55,0
9832,98.320231392,226.506000000,100,1410,1215,55,0
9833,98.330231161,226.506000000,100,1410,1215,55,0
9834,98.340230980,226.506000000,100,1410,1215,55,0
9835,98.350231259,227.063000000,100,1410,1215,55,0
9836,98.360231529,227.063000000,100,1410,1215,55,0
9837,98.370231598,227.063000000,100,1410,1215,55,0
9838,98.380231787,227.063000000,100,1410,1215,55,0
9839,98.390231566,227.063000000,100,1410,1215,55,0
9840,98.400232216,227.063000000,100,1410,1215,55,0
9841,98.410231293,227.063000000,100,1410,1215,55,0
9842,98.420231563,227.063000000,100,1410,1215,55,0
9843,98.430230970,227.063000000,100,1410,1215,55,0
9844,98.440231560,227.063000000,100,1410,1215,55,0
9845,98.450232531,227.273000000,100,1410,1215,56,0
9846,98.460231899,227.273000000,100,1410,1215,56,0
9847,98.470231938,227.273000000,100,1410,1215,56,0
9848,98.480231216,227.273000000,100,1410,1215,56,0
9849,98.490232156,227.273000000,100,1410,1215,56,0
9850,98.500230733,227.273000000,100,1410,1215,56,0
9851,98.510231112,227.273000000,100,1410,1215,56,0
9852,98.520230981,227.273000000,100,1410,1215,56,0
9853,98.530230930,227.273000000,100,1410,1215,56,0
9854,98.540231570,227.273000000,100,1410,1215,56,0
9855,98.550232270,227.346000000,100,1410,1215,56,0
9856,98.560231117,227.346000000,100,1410,1215,56,0
9857,98.570231337,227.346000000,100,1410,1215,56,0
9858,98.580231025,227.346000000,100,1410,1215,56,0
9859,98.590232517,227.346000000,100,1410,1215,56,0
9860,98.600232907,227.346000000,100,1410,1215,56,0
9861,98.610231844,227.346000000,100,1410,1215,56,0
9862,98.620229819,227.346000000,100,1410,1215,56,0
9863,98.630230519,227.346000000,100,1410,1215,56,0
9864,98.640229396,227.346000000,100,1410,1215,56,0
9865,98.650229565,227.154000000,100,1410,1215,56,0
9866,98.660230837,227.154000000,100,1410,1215,56,0
9867,98.670230074,227.154000000,100,1410,1215,56,0
9868,98.680229602,227.154000000,100,1410,1215,56,0
9869,98.690229671,227.154000000,100,1410,1215,56,0
9870,98.700229901,227.154000000,100,1410,1215,56,0
9871,98.710230280,227.154000000,100,1410,1215,56,0
9872,98.720231522,227.154000000,100,1410,1215,56,0
9873,98.730231170,227.154000000,100,1410,1215,56,0
9874,98.740229706,227.154000000,100,1410,1215,56,0
9875,98.750230116,226.889000000,100,1410,1215,56,0
9876,98.760230666,226.889000000,100,1410,1215,56,0
9877,98.770230424,226.889000000,100,1410,1215,56,0
9878,98.780234661,226.889000000,100,1410,1215,56,0
9879,98.790230873,226.889000000,100,1410,1215,56,0
9880,98.800230651,226.889000000,100,1410,1215,56,0
9881,98.810230259,226.889000000,100,1410,1215,56,0
9882,98.820229567,226.889000000,100,1410,1215,56,0
9883,98.830230458,226.889000000,100,1410,1215,56,0
9884,98.840230757,226.889000000,100,1410,1215,56,0
9885,98.850230425,226.391000000,100,1410,1215,56,0
9886,98.860230905,226.391000000,100,1410,1215,56,0
9887,98.870230543,226.391000000,100,1410,1215,56,0
9888,98.880229620,226.391000000,100,1410,1215,56,0
9889,98.890230371,226.391000000,100,1410,1215,56,0
9890,98.900230590,226.391000000,100,1410,1215,56,0
9891,98.910231781,226.391000000,100,1410,1215,56,0
9892,98.920230858,226.391000000,100,1410,1215,56,0
9893,98.930230326,226.391000000,100,1410,1215,56,0
9894,98.940230034,226.391000000,100,1410,1215,56,0
9895,98.950230795,220.572000000,100,1410,1215,56,0
9896,98.960232537,220.572000000,100,1410,1215,56,0
9897,98.970229751,220.572000000,100,1410,1215,56,0
9898,98.980230361,220.572000000,100,1410,1215,56,0
9899,98.990230910,220.572000000,100,1410,1215,56,0
9900,99.000230749,220.572000000,100,1410,1215,56,0
9901,99.010230047,220.572000000,100,1410,1215,56,0
9902,99.020230226,220.572000000,100,1410,1215,56,0
9903,99.030229183,220.572000000,100,1410,1215,56,0
9904,99.040229522,220.572000000,100,1410,1215,56,0
9905,99.050232948,220.194000000,100,1410,1215,56,0
9906,99.060231043,220.194000000,100,1410,1215,56,0
9907,99.070230401,220.194000000,100,1410,1215,56,0
9908,99.080229969,220.194000000,100,1410,1215,56,0
9909,99.090230018,220.194000000,100,1410,1215,56,0
9910,99.100229245,220.194000000,100,1410,1215,56,0
9911,99.110234183,220.194000000,100,1410,1215,56,0
9912,99.120229634,220.194000000,100,1410,1215,56,0
9913,99.130229432,220.194000000,100,1410,1215,56,0
9914,99.140227387,220.194000000,100,1410,1215,56,0
9915,99.150228789,223.534000000,100,1410,1215,56,0
9916,99.160229399,223.534000000,100,1410,1215,56,0
9917,99.170230650,223.534000000,100,1410,1215,56,0
9918,99.180231260,223.534000000,100,1410,1215,56,0
9919,99.190230227,223.534000000,100,1410,1215,56,0
9920,99.200230927,223.534000000,100,1410,1215,56,0
9921,99.210230155,223.534000000,100,1410,1215,56,0
9922,99.220231827,223.534000000,100,1410,1215,56,0
9923,99.230230814,223.534000000,100,1410,1215,56,0
9924,99.240230151,223.534000000,100,1410,1215,56,0
9925,99.250231603,225.713000000,100,1410,1215,56,0
9926,99.260230179,225.713000000,100,1410,1215,56,0
9927,99.270229957,225.713000000,100,1410,1215,56,0
9928,99.280230107,225.713000000,100,1410,1215,56,0
9929,99.290229705,225.713000000,100,1410,1215,56,0
9930,99.300230144,225.713000000,100,1410,1215,56,0
9931,99.310230484,225.713000000,100,1410,1215,56,0
9932,99.320230383,225.713000000,100,1410,1215,56,0
9933,99.330230442,225.713000000,100,1410,1215,56,0
9934,99.340230120,225.713000000,100,1410,1215,56,0
9935,99.350231041,226.873000000,100,1410,1215,56,0
9936,99.360230168,226.873000000,100,1410,1215,56,0
9937,99.370230047,226.873000000,100,1410,1215,56,0
9938,99.380230446,226.873000000,100,1410,1215,56,0
9939,99.390230395,226.873000000,100,1410,1215,56,0
9940,99.400230214,226.873000000,100,1410,1215,56,0
9941,99.410230313,226.873000000,100,1410,1215,56,0
9942,99.420229851,226.873000000,100,1410,1215,56,0
9943,99.430230461,226.873000000,100,1410,1215,56,0
9944,99.440230309,226.873000000,100,1410,1215,56,0
9945,99.450232943,227.256000000,100,1410,1215,56,0
9946,99.460230618,227.256000000,100,1410,1215,56,0
9947,99.470230667,227.256000000,100,1410,1215,56,0
9948,99.480229974,227.256000000,100,1410,1215,56,0
9949,99.490230263,227.256000000,100,1410,1215,56,0
9950,99.500230683,227.256000000,100,1410,1215,56,0
9951,99.510233147,227.256000000,100,1410,1215,56,0
9952,99.520231522,227.256000000,100,1410,1215,56,0
9953,99.530229708,227.256000000,100,1410,1215,56,0
9954,99.540229907,227.256000000,100,1410,1215,56,0
9955,99.550231289,227.382000000,100,1410,1215,55,0
9956,99.560229825,227.382000000,100,1410,1215,55,0
9957,99.570230024,227.382000000,100,1410,1215,55,0
9958,99.580230644,227.382000000,100,1410,1215,55,0
9959,99.590230553,227.382000000,100,1410,1215,55,0
9960,99.600230221,227.382000000,100,1410,1215,55,0
9961,99.610230771,227.382000000,100,1410,1215,55,0
9962,99.620233255,227.382000000,100,1410,1215,55,0
9963,99.630228985,227.382000000,100,1410,1215,55,0
9964,99.640229666,227.382000000,100,1410,1215,55,0
9965,99.650230386,226.992000000,100,1410,1215,56,0
9966,99.660230094,226.992000000,100,1410,1215,56,0
9967,99.670230314,226.992000000,100,1410,1215,56,0
9968,99.680228980,226.992000000,100,1410,1215,56,0
9969,99.690228999,226.992000000,100,1410,1215,56,0
9970,99.700230531,226.992000000,100,1410,1215,56,0
9971,99.710228846,226.992000000,100,1410,1215,56,0
9972,99.720230909,226.992000000,100,1410,1215,56,0
9973,99.730230137,226.992000000,100,1410,1215,56,0
9974,99.740230256,226.992000000,100,1410,1215,56,0
9975,99.750230855,227.016000000,100,1410,1215,56,0
9976,99.760229883,227.016000000,100,1410,1215,56,0
9977,99.770229440,227.016000000,100,1410,1215,56,0
9978,99.780229690,227.016000000,100,1410,1215,56,0
9979,99.790229969,227.016000000,100,1410,1215,56,0
9980,99.800229808,227.016000000,100,1410,1215,56,0
9981,99.810229596,227.016000000,100,1410,1215,56,0
9982,99.820229264,227.016000000,100,1410,1215,56,0
9983,99.830229243,227.016000000,100,1410,1215,56,0
9984,99.840230594,227.016000000,100,1410,1215,56,0
9985,99.850230383,226.703000000,100,1410,1215,56,0
9986,99.860231153,226.703000000,100,1410,1215,56,0
9987,99.870230490,226.703000000,100,1410,1215,56,0
9988,99.880231972,226.703000000,100,1410,1215,56,0
9989,99.890230698,226.703000000,100,1410,1215,56,0
9990,99.900230787,226.703000000,100,1410,1215,56,0
9991,99.910232790,226.703000000,100,1410,1215,56,0
9992,99.920231136,226.703000000,100,1410,1215,56,0
9993,99.930231134,226.703000000,100,1410,1215,56,0
9994,99.940231494,226.703000000,100,1410,1215,56,0
9995,99.950231272,226.385000000,100,1410,1215,56,0
9996,99.960230860,226.385000000,100,1410,1215,56,0
9997,99.970230939,226.385000000,100,1410,1215,56,0
9998,99.980231359,226.385000000,100,1410,1215,56,0
9999,99.990232389,226.385000000,100,1410,1215,56,0
10000,100.000231707,226.385000000,100,1410,1215,56,0
10001,100.010230794,226.385000000,100,1410,1215,56,0
10002,100.020230713,226.385000000,100,1410,1215,56,0
10003,100.030232635,226.385000000,100,1410,1215,56,0
10004,100.040231011,226.385000000,100,1410,1215,56,0
10005,100.050230699,220.668000000,100,1410,1215,56,0
10006,100.060230347,220.668000000,100,1410,1215,56,0
10007,100.070230566,220.668000000,100,1410,1215,56,0
10008,100.080231327,220.668000000,100,1410,1215,56,0
10009,100.090230343,220.668000000,100,1410,1215,56,0
10010,100.100230092,220.668000000,100,1410,1215,56,0
10011,100.110230932,220.668000000,100,1410,1215,56,0
10012,100.120230751,220.668000000,100,1410,1215,56,0
10013,100.130233404,220.668000000,100,1410,1215,56,0
10014,100.140229566,220.668000000,100,1410,1215,56,0
10015,100.150229074,219.629000000,100,1410,1215,56,0
10016,100.160231086,219.629000000,100,1410,1215,56,0
10017,100.170230484,219.629000000,100,1410,1215,56,0
10018,100.180232917,219.629000000,100,1410,1215,56,0
10019,100.190231083,219.629000000,100,1410,1215,56,0
10020,100.200230591,219.629000000,100,1410,1215,56,0
10021,100.210231150,219.629000000,100,1410,1215,56,0
10022,100.220230127,219.629000000,100,1410,1215,56,0
10023,100.230231288,219.629000000,100,1410,1215,56,0
10024,100.240230987,219.629000000,100,1410,1215,56,0
10025,100.250232378,223.649000000,100,1410,1215,56,0
10026,100.260231365,223.649000000,100,1410,1215,56,0
10027,100.270230793,223.649000000,100,1410,1215,56,0
10028,100.280230711,223.649000000,100,1410,1215,56,0
10029,100.290231421,223.649000000,100,1410,1215,56,0
10030,100.300231420,223.649000000,100,1410,1215,56,0
10031,100.310230928,223.649000000,100,1410,1215,56,0
10032,100.320231067,223.649000000,100,1410,1215,56,0
10033,100.330230685,223.649000000,100,1410,1215,56,0
10034,100.340230814,223.649000000,100,1410,1215,56,0
10035,100.350231204,225.792000000,100,1410,1215,56,0
10036,100.360231132,225.792000000,100,1410,1215,56,0
10037,100.370230219,225.792000000,100,1410,1215,56,0
10038,100.380230970,225.792000000,100,1410,1215,56,0
10039,100.390231109,225.792000000,100,1410,1215,56,0
10040,100.400230516,225.792000000,100,1410,1215,56,0
10041,100.410231337,225.792000000,100,1410,1215,56,0
10042,100.420231396,225.792000000,100,1410,1215,56,0
10043,100.430230924,225.792000000,100,1410,1215,56,0
10044,100.440230552,225.792000000,100,1410,1215,56,0
10045,100.450231462,226.703000000,100,1410,1215,56,0
10046,100.460231671,226.703000000,100,1410,1215,56,0
10047,100.470232101,226.703000000,100,1410,1215,56,0
10048,100.480231328,226.703000000,100,1410,1215,56,0
10049,100.490231327,226.703000000,100,1410,1215,56,0
10050,100.500231176,226.703000000,100,1410,1215,56,0
10051,100.510232837,226.703000000,100,1410,1215,56,0
10052,100.520232355,226.703000000,100,1410,1215,56,0
10053,100.530230901,226.703000000,100,1410,1215,56,0
10054,100.540231562,226.703000000,100,1410,1215,56,0
10055,100.550231981,227.441000000,100,1410,1215,56,0
10056,100.560230828,227.441000000,100,1410,1215,56,0
10057,100.570230886,227.441000000,100,1410,1215,56,0
10058,100.580231507,227.441000000,100,1410,1215,56,0
10059,100.590231024,227.441000000,100,1410,1215,56,0
10060,100.600230953,227.441000000,100,1410,1215,56,0
10061,100.610230611,227.441000000,100,1410,1215,56,0
10062,100.620231061,227.441000000,100,1410,1215,56,0
10063,100.630231440,227.441000000,100,1410,1215,56,0
10064,100.640232271,227.441000000,100,1410,1215,56,0
10065,100.650231378,227.574000000,100,1410,1215,56,0
10066,100.660229944,227.574000000,100,1410,1215,56,0
10067,100.670230434,227.574000000,100,1410,1215,56,0
10068,100.680230132,227.574000000,100,1410,1215,56,0
10069,100.690229549,227.574000000,100,1410,1215,56,0
10070,100.700230691,227.574000000,100,1410,1215,56,0
10071,100.710229818,227.574000000,100,1410,1215,56,0
10072,100.720230638,227.574000000,100,1410,1215,56,0
10073,100.730229755,227.574000000,100,1410,1215,56,0
10074,100.740230215,227.574000000,100,1410,1215,56,0
10075,100.750232107,227.281000000,100,1410,1215,56,0
10076,100.760230302,227.281000000,100,1410,1215,56,0
10077,100.770231623,227.281000000,100,1410,1215,56,0
10078,100.780231943,227.281000000,100,1410,1215,56,0
10079,100.790232382,227.281000000,100,1410,1215,56,0
10080,100.800231629,227.281000000,100,1410,1215,56,0
10081,100.810230867,227.281000000,100,1410,1215,56,0
10082,100.820231076,227.281000000,100,1410,1215,56,0
10083,100.830231135,227.281000000,100,1410,1215,56,0
10084,100.840230252,227.281000000,100,1410,1215,56,0
10085,100.850230401,227.418000000,100,1410,1215,56,0
10086,100.860230279,227.418000000,100,1410,1215,56,0
10087,100.870230328,227.418000000,100,1410,1215,56,0
10088,100.880230357,227.418000000,100,1410,1215,56,0
10089,100.890230696,227.418000000,100,1410,1215,56,0
10090,100.900230665,227.418000000,100,1410,1215,56,0
10091,100.910231094,227.418000000,100,1410,1215,56,0
10092,100.920231033,227.418000000,100,1410,1215,56,0
10093,100.930231673,227.418000000,100,1410,1215,56,0
10094,100.940231080,227.418000000,100,1410,1215,56,0
10095,100.950231500,227.359000000,100,1410,1215,56,0
10096,100.960231068,227.359000000,100,1410,1215,56,0
10097,100.970231327,227.359000000,100,1410,1215,56,0
10098,100.980231215,227.359000000,100,1410,1215,56,0
10099,100.990230773,227.359000000,100,1410,1215,56,0
10100,101.000231373,227.359000000,100,1410,1215,56,0
10101,101.010230821,227.359000000,100,1410,1215,56,0
10102,101.020231070,227.359000000,100,1410,1215,56,0
10103,101.030231249,227.359000000,100,1410,1215,56,0
10104,101.040231248,227.359000000,100,1410,1215,56,0
10105,101.050231066,226.416000000,100,1410,1215,56,0
10106,101.060230814,226.416000000,100,1410,1215,56,0
10107,101.070231544,226.416000000,100,1410,1215,56,0
10108,101.080232234,226.416000000,100,1410,1215,56,0
10109,101.090230590,226.416000000,100,1410,1215,56,0
10110,101.100230569,226.416000000,100,1410,1215,56,0
10111,101.110230938,226.416000000,100,1410,1215,56,0
10112,101.120231107,226.416000000,100,1410,1215,56,0
10113,101.130230454,226.416000000,100,1410,1215,56,0
10114,101.140231375,226.416000000,100,1410,1215,56,0
10115,101.150233768,221.001000000,100,1410,1215,56,0
10116,101.160230972,221.001000000,100,1410,1215,56,0
10117,101.170230920,221.001000000,100,1410,1215,56,0
10118,101.180231119,221.001000000,100,1410,1215,56,0
10119,101.190230707,221.001000000,100,1410,1215,56,0
10120,101.200230626,221.001000000,100,1410,1215,56,0
10121,101.210230614,221.001000000,100,1410,1215,56,0
10122,101.220230423,221.001000000,100,1410,1215,56,0
10123,101.230230462,221.001000000,100,1410,1215,56,0
10124,101.240230260,221.001000000,100,1410,1215,56,0
10125,101.250387394,218.377000000,100,1410,1215,56,0
10126,101.260232251,218.377000000,100,1410,1215,56,0
10127,101.270231518,218.377000000,100,1410,1215,56,0
10128,101.280229573,218.377000000,100,1410,1215,56,0
10129,101.290231596,218.377000000,100,1410,1215,56,0
10130,101.300230563,218.377000000,100,1410,1215,56,0
10131,101.310230992,218.377000000,100,1410,1215,56,0
10132,101.320230209,218.377000000,100,1410,1215,56,0
10133,101.330231220,218.377000000,100,1410,1215,56,0
10134,101.340232050,218.377000000,100,1410,1215,56,0
10135,101.350232279,223.426000000,100,1410,1215,56,0
10136,101.360231817,223.426000000,100,1410,1215,56,0
10137,101.370230814,223.426000000,100,1410,1215,56,0
10138,101.380230502,223.426000000,100,1410,1215,56,0
10139,101.390231863,223.426000000,100,1410,1215,56,0
10140,101.400231481,223.426000000,100,1410,1215,56,0
10141,101.410230328,223.426000000,100,1410,1215,56,0
10142,101.420230467,223.426000000,100,1410,1215,56,0
10143,101.430230766,223.426000000,100,1410,1215,56,0
10144,101.440230504,223.426000000,100,1410,1215,56,0
10145,101.450233709,225.595000000,100,1410,1215,56,0
10146,101.460230933,225.595000000,100,1410,1215,56,0
10147,101.470231232,225.595000000,100,1410,1215,56,0
10148,101.480232333,225.595000000,100,1410,1215,56,0
10149,101.490231089,225.595000000,100,1410,1215,56,0
10150,101.500230947,225.595000000,100,1410,1215,56,0
10151,101.510230896,225.595000000,100,1410,1215,56,0
10152,101.520231325,225.595000000,100,1410,1215,56,0
10153,101.530231555,225.595000000,100,1410,1215,56,0
10154,101.540231153,225.595000000,100,1410,1215,56,0
10155,101.550232143,226.680000000,100,1410,1215,56,0
10156,101.560230709,226.680000000,100,1410,1215,56,0
10157,101.570231309,226.680000000,100,1410,1215,56,0
10158,101.580231418,226.680000000,100,1410,1215,56,0
10159,101.590231126,226.680000000,100,1410,1215,56,0
10160,101.600231475,226.680000000,100,1410,1215,56,0
10161,101.610231133,226.680000000,100,1410,1215,56,0
10162,101.620230812,226.680000000,100,1410,1215,56,0
10163,101.630230981,226.680000000,100,1410,1215,56,0
10164,101.640231310,226.680000000,100,1410,1215,56,0
10165,101.650231659,227.089000000,100,1410,1215,56,0
10166,101.660232339,227.089000000,100,1410,1215,56,0
10167,101.670231116,227.089000000,100,1410,1215,56,0
10168,101.680231024,227.089000000,100,1410,1215,56,0
10169,101.690230362,227.089000000,100,1410,1215,56,0
10170,101.700230781,227.089000000,100,1410,1215,56,0
10171,101.710230569,227.089000000,100,1410,1215,56,0
10172,101.720230047,227.089000000,100,1410,1215,56,0
10173,101.730231118,227.089000000,100,1410,1215,56,0
10174,101.740230746,227.089000000,100,1410,1215,56,0
10175,101.750231676,227.315000000,100,1410,1215,56,0
10176,101.760231665,227.315000000,100,1410,1215,56,0
10177,101.770232775,227.315000000,100,1410,1215,56,0
10178,101.780232053,227.315000000,100,1410,1215,56,0
10179,101.790231530,227.315000000,100,1410,1215,56,0
10180,101.800232220,227.315000000,100,1410,1215,56,0
10181,101.810231157,227.315000000,100,1410,1215,56,0
10182,101.820230654,227.315000000,100,1410,1215,56,0
10183,101.830230964,227.315000000,100,1410,1215,56,0
10184,101.840232215,227.315000000,100,1410,1215,56,0
10185,101.850233616,227.184000000,100,1410,1215,56,0
10186,101.860231100,227.184000000,100,1410,1215,56,0
10187,101.870230988,227.184000000,100,1410,1215,56,0
10188,101.880230997,227.184000000,100,1410,1215,56,0
10189,101.890230715,227.184000000,100,1410,1215,56,0
10190,101.900231745,227.184000000,100,1410,1215,56,0
10191,101.910232646,227.184000000,100,1410,1215,56,0
10192,101.920233075,227.184000000,100,1410,1215,56,0
10193,101.930232132,227.184000000,100,1410,1215,56,0
10194,101.940231319,227.184000000,100,1410,1215,56,0
10195,101.950232099,227.183000000,100,1410,1215,56,0
10196,101.960230725,227.183000000,100,1410,1215,56,0
10197,101.970231365,227.183000000,100,1410,1215,56,0
10198,101.980231774,227.183000000,100,1410,1215,56,0
10199,101.990231072,227.183000000,100,1410,1215,56,0
10200,102.000231181,227.183000000,100,1410,1215,56,0
10201,102.010230708,227.183000000,100,1410,1215,56,0
10202,102.020231769,227.183000000,100,1410,1215,56,0
10203,102.030231737,227.183000000,100,1410,1215,56,0
10204,102.040233509,227.183000000,100,1410,1215,56,0
10205,102.050232927,227.256000000,100,1410,1215,56,0
10206,102.060230962,227.256000000,100,1410,1215,56,0
10207,102.070230920,227.256000000,100,1410,1215,56,0
10208,102.080231330,227.256000000,100,1410,1215,56,0
10209,102.090231719,227.256000000,100,1410,1215,56,0
10210,102.100231076,227.256000000,100,1410,1215,56,0
10211,102.110231886,227.256000000,100,1410,1215,56,0
10212,102.120231324,227.256000000,100,1410,1215,56,0
10213,102.130231212,227.256000000,100,1410,1215,56,0
10214,102.140230740,227.256000000,100,1410,1215,56,0
10215,102.150232993,226.679000000,100,1410,1215,56,0
10216,102.160231359,226.679000000,100,1410,1215,56,0
10217,102.170231277,226.679000000,100,1410,1215,56,0
10218,102.180231266,226.679000000,100,1410,1215,56,0
10219,102.190230483,226.679000000,100,1410,1215,56,0
10220,102.200230692,226.679000000,100,1410,1215,56,0
10221,102.210231251,226.679000000,100,1410,1215,56,0
10222,102.220230499,226.679000000,100,1410,1215,56,0
10223,102.230230627,226.679000000,100,1410,1215,56,0
10224,102.240230977,226.679000000,100,1410,1215,56,0
10225,102.250230685,221.806000000,100,1410,1215,56,0
10226,102.260232707,221.806000000,100,1410,1215,56,0
10227,102.270231233,221.806000000,100,1410,1215,56,0
10228,102.280231763,221.806000000,100,1410,1215,56,0
10229,102.290230950,221.806000000,100,1410,1215,56,0
10230,102.300230457,221.806000000,100,1410,1215,56,0
10231,102.310231207,221.806000000,100,1410,1215,56,0
10232,102.320231046,221.806000000,100,1410,1215,56,0
10233,102.330231726,221.806000000,100,1410,1215,56,0
10234,102.340231123,221.806000000,100,1410,1215,56,0
10235,102.350231292,217.770000000,100,1410,1215,56,0
10236,102.360231531,217.770000000,100,1410,1215,56,0
10237,102.370230327,217.770000000,100,1410,1215,56,0
10238,102.380230326,217.770000000,100,1410,1215,56,0
10239,102.390233871,217.770000000,100,1410,1215,56,0
10240,102.400231546,217.770000000,100,1410,1215,56,0
10241,102.410230102,217.770000000,100,1410,1215,56,0
10242,102.420229599,217.770000000,100,1410,1215,56,0
10243,102.430230309,217.770000000,100,1410,1215,56,0
10244,102.440231019,217.770000000,100,1410,1215,56,0
10245,102.450229435,222.637000000,100,1410,1215,56,0
10246,102.460230625,222.637000000,100,1410,1215,56,0
10247,102.470230554,222.637000000,100,1410,1215,56,0
10248,102.480228970,222.637000000,100,1410,1215,56,0
10249,102.490230361,222.637000000,100,1410,1215,56,0
10250,102.500232073,222.637000000,100,1410,1215,56,0
10251,102.510231911,222.637000000,100,1410,1215,56,0
10252,102.520231148,222.637000000,100,1410,1215,56,0
10253,102.530231217,222.637000000,100,1410,1215,56,0
10254,102.540231326,222.637000000,100,1410,1215,56,0
10255,102.550231936,225.569000000,100,1410,1215,56,0
10256,102.560230702,225.569000000,100,1410,1215,56,0
10257,102.570231502,225.569000000,100,1410,1215,56,0
10258,102.580230589,225.569000000,100,1410,1215,56,0
10259,102.590230868,225.569000000,100,1410,1215,56,0
10260,102.600230756,225.569000000,100,1410,1215,56,0
10261,102.610231066,225.569000000,100,1410,1215,56,0
10262,102.620230373,225.569000000,100,1410,1215,56,0
10263,102.630231153,225.569000000,100,1410,1215,56,0
10264,102.640231833,225.569000000,100,1410,1215,56,0
10265,102.650232373,226.578000000,100,1410,1215,56,0
10266,102.660231259,226.578000000,100,1410,1215,56,0
10267,102.670232029,226.578000000,100,1410,1215,56,0
10268,102.680230905,226.578000000,100,1410,1215,56,0
10269,102.690230363,226.578000000,100,1410,1215,56,0
10270,102.700230712,226.578000000,100,1410,1215,56,0
10271,102.710230972,226.578000000,100,1410,1215,56,0
10272,102.720231000,226.578000000,100,1410,1215,56,0
10273,102.730230327,226.578000000,100,1410,1215,56,0
10274,102.740230426,226.578000000,100,1410,1215,56,0
10275,102.750231757,226.986000000,100,1410,1215,56,0
10276,102.760230664,226.986000000,100,1410,1215,56,0
10277,102.770230432,226.986000000,100,1410,1215,56,0
10278,102.780233957,226.986000000,100,1410,1215,56,0
10279,102.790230829,226.986000000,100,1410,1215,56,0
10280,102.800231690,226.986000000,100,1410,1215,56,0
10281,102.810231909,226.986000000,100,1410,1215,56,0
10282,102.820231496,226.986000000,100,1410,1215,56,0
10283,102.830231294,226.986000000,100,1410,1215,56,0
10284,102.840232786,226.986000000,100,1410,1215,56,0
10285,102.850233446,227.448000000,100,1410,1215,56,0
10286,102.860230879,227.448000000,100,1410,1215,56,0
10287,102.870230637,227.448000000,100,1410,1215,56,0
10288,102.880232048,227.448000000,100,1410,1215,56,0
10289,102.890231857,227.448000000,100,1410,1215,56,0
10290,102.900230763,227.448000000,100,1410,1215,56,0
10291,102.910231473,227.448000000,100,1410,1215,56,0
10292,102.920232884,227.448000000,100,1410,1215,56,0
10293,102.930232602,227.448000000,100,1410,1215,56,0
10294,102.940231328,227.448000000,100,1410,1215,56,0
10295,102.950231948,227.647000000,100,1410,1215,56,0
10296,102.960230554,227.647000000,100,1410,1215,56,0
10297,102.970230803,227.647000000,100,1410,1215,56,0
10298,102.980231212,227.647000000,100,1410,1215,56,0
10299,102.990230760,227.647000000,100,1410,1215,56,0
10300,103.000231249,227.647000000,100,1410,1215,56,0
10301,103.010231188,227.647000000,100,1410,1215,56,0
10302,103.020231016,227.647000000,100,1410,1215,56,0
10303,103.030231515,227.647000000,100,1410,1215,56,0
10304,103.040232456,227.647000000,100,1410,1215,56,0
10305,103.050232374,227.365000000,100,1410,1215,56,0
10306,103.060233164,227.365000000,100,1410,1215,56,0
10307,103.070232100,227.365000000,100,1410,1215,56,0
10308,103.080230947,227.365000000,100,1410,1215,56,0
10309,103.090231015,227.365000000,100,1410,1215,56,0
10310,103.100230693,227.365000000,100,1410,1215,56,0
10311,103.110231553,227.365000000,100,1410,1215,56,0
10312,103.120231121,227.365000000,100,1410,1215,56,0
10313,103.130231190,227.365000000,100,1410,1215,56,0
10314,103.140231168,227.365000000,100,1410,1215,56,0
10315,103.150231948,227.154000000,100,1410,1215,56,0
10316,103.160230995,227.154000000,100,1410,1215,56,0
10317,103.170231154,227.154000000,100,1410,1215,56,0
10318,103.180231022,227.154000000,100,1410,1215,56,0
10319,103.190230550,227.154000000,100,1410,1215,56,0
10320,103.200230819,227.154000000,100,1410,1215,56,0
10321,103.210230056,227.154000000,100,1410,1215,56,0
10322,103.220230034,227.154000000,100,1410,1215,56,0
10323,103.230229993,227.154000000,100,1410,1215,56,0
10324,103.240230292,227.154000000,100,1410,1215,56,0
10325,103.250231162,226.697000000,100,1410,1215,56,0
10326,103.260230910,226.697000000,100,1410,1215,56,0
10327,103.270230398,226.697000000,100,1410,1215,56,0
10328,103.280230256,226.697000000,100,1410,1215,56,0
10329,103.290231346,226.697000000,100,1410,1215,56,0
10330,103.300231185,226.697000000,100,1410,1215,56,0
10331,103.310230702,226.697000000,100,1410,1215,56,0
10332,103.320231573,226.697000000,100,1410,1215,56,0
10333,103.330232483,226.697000000,100,1410,1215,56,0
10334,103.340232090,226.697000000,100,1410,1215,56,0
10335,103.350231528,222.466000000,100,1410,1215,56,0
10336,103.360232548,222.466000000,100,1410,1215,56,0
10337,103.370230874,222.466000000,100,1410,1215,56,0
10338,103.380231453,222.466000000,100,1410,1215,56,0
10339,103.390230711,222.466000000,100,1410,1215,56,0
10340,103.400232813,222.466000000,100,1410,1215,56,0
10341,103.410233373,222.466000000,100,1410,1215,56,0
10342,103.420231598,222.466000000,100,1410,1215,56,0
10343,103.430231015,222.466000000,100,1410,1215,56,0
10344,103.440231054,222.466000000,100,1410,1215,56,0
10345,103.450232064,217.853000000,100,1410,1215,56,0
10346,103.460231021,217.853000000,100,1410,1215,56,0
10347,103.470230669,217.853000000,100,1410,1215,56,0
10348,103.480230857,217.853000000,100,1410,1215,56,0
10349,103.490231858,217.853000000,100,1410,1215,56,0
10350,103.500230875,217.853000000,100,1410,1215,56,0
10351,103.510231614,217.853000000,100,1410,1215,56,0
10352,103.520230952,217.853000000,100,1410,1215,56,0
10353,103.530231451,217.853000000,100,1410,1215,56,0
10354,103.540231620,217.853000000,100,1410,1215,56,0
10355,103.550230697,222.460000000,100,1410,1215,56,0
10356,103.560230936,222.460000000,100,1410,1215,56,0
10357,103.570228339,222.460000000,100,1410,1215,56,0
10358,103.580228198,222.460000000,100,1410,1215,56,0
10359,103.590230481,222.460000000,100,1410,1215,56,0
10360,103.600234717,222.460000000,100,1410,1215,56,0
10361,103.610228103,222.460000000,100,1410,1215,56,0
10362,103.620229765,222.460000000,100,1410,1215,56,0
10363,103.630230194,222.460000000,100,1410,1215,56,0
10364,103.640229762,222.460000000,100,1410,1215,56,0
10365,103.650230802,224.951000000,100,1410,1215,56,0
10366,103.660229849,224.951000000,100,1410,1215,56,0
10367,103.670229727,224.951000000,100,1410,1215,56,0
10368,103.680230607,224.951000000,100,1410,1215,56,0
10369,103.690230175,224.951000000,100,1410,1215,56,0
10370,103.700231015,224.951000000,100,1410,1215,56,0
10371,103.710230443,224.951000000,100,1410,1215,56,0
10372,103.720231754,224.951000000,100,1410,1215,56,0
10373,103.730231772,224.951000000,100,1410,1215,56,0
10374,103.740230749,224.951000000,100,1410,1215,56,0
10375,103.750231469,226.338000000,100,1410,1215,56,0
10376,103.760230525,226.338000000,100,1410,1215,56,0
10377,103.770230734,226.338000000,100,1410,1215,56,0
10378,103.780231574,226.338000000,100,1410,1215,56,0
10379,103.790230520,226.338000000,100,1410,1215,56,0
10380,103.800230849,226.338000000,100,1410,1215,56,0
10381,103.810231148,226.338000000,100,1410,1215,56,0
10382,103.820231347,226.338000000,100,1410,1215,56,0
10383,103.830231115,226.338000000,100,1410,1215,56,0
10384,103.840231544,226.338000000,100,1410,1215,56,0
10385,103.850231813,227.346000000,100,1410,1215,56,0
10386,103.860230720,227.346000000,100,1410,1215,56,0
10387,103.870230648,227.346000000,100,1410,1215,56,0
10388,103.880231147,227.346000000,100,1410,1215,56,0
10389,103.890231316,227.346000000,100,1410,1215,56,0
10390,103.900231886,227.346000000,100,1410,1215,56,0
10391,103.910234319,227.346000000,100,1410,1215,56,0
10392,103.920232193,227.346000000,100,1410,1215,56,0
10393,103.930232612,227.346000000,100,1410,1215,56,0
10394,103.940232631,227.346000000,100,1410,1215,56,0
10395,103.950232579,227.460000000,100,1410,1215,56,0
10396,103.960232948,227.460000000,100,1410,1215,56,0
10397,103.970232706,227.460000000,100,1410,1215,56,0
10398,103.980232374,227.460000000,100,1410,1215,56,0
10399,103.990232573,227.460000000,100,1410,1215,56,0
10400,104.000231469,227.460000000,100,1410,1215,56,0
10401,104.010231387,227.460000000,100,1410,1215,56,0
10402,104.020230925,227.460000000,100,1410,1215,56,0
10403,104.030231414,227.460000000,100,1410,1215,56,0
10404,104.040231723,227.460000000,100,1410,1215,56,0
10405,104.050232102,227.111000000,100,1410,1215,56,0
10406,104.060236068,227.111000000,100,1410,1215,56,0
10407,104.070234113,227.111000000,100,1410,1215,56,0
10408,104.080231987,227.111000000,100,1410,1215,56,0
10409,104.090233088,227.111000000,100,1410,1215,56,0
10410,104.100231003,227.111000000,100,1410,1215,56,0
10411,104.110231222,227.111000000,100,1410,1215,56,0
10412,104.120231240,227.111000000,100,1410,1215,56,0
10413,104.130231449,227.111000000,100,1410,1215,56,0
10414,104.140231217,227.111000000,100,1410,1215,56,0
10415,104.150232748,227.347000000,100,1410,1215,56,0
10416,104.160232616,227.347000000,100,1410,1215,56,0
10417,104.170231993,227.347000000,100,1410,1215,56,0
10418,104.180231361,227.347000000,100,1410,1215,56,0
10419,104.190230788,227.347000000,100,1410,1215,56,0
10420,104.200231458,227.347000000,100,1410,1215,56,0
10421,104.210230815,227.347000000,100,1410,1215,56,0
10422,104.220230593,227.347000000,100,1410,1215,56,0
10423,104.230231022,227.347000000,100,1410,1215,56,0
10424,104.240231241,227.347000000,100,1410,1215,56,0
10425,104.250231811,227.153000000,100,1410,1215,56,0
10426,104.260230877,227.153000000,100,1410,1215,56,0
10427,104.270230755,227.153000000,100,1410,1215,56,0
10428,104.280230533,227.153000000,100,1410,1215,56,0
10429,104.290230772,227.153000000,100,1410,1215,56,0
10430,104.300230650,227.153000000,100,1410,1215,56,0
10431,104.310230909,227.153000000,100,1410,1215,56,0
10432,104.320230918,227.153000000,100,1410,1215,56,0
10433,104.330230946,227.153000000,100,1410,1215,56,0
10434,104.340231376,227.153000000,100,1410,1215,56,0
10435,104.350231414,226.535000000,100,1410,1215,56,0
10436,104.360231433,226.535000000,100,1410,1215,56,0
10437,104.370230670,226.535000000,100,1410,1215,56,0
10438,104.380230668,226.535000000,100,1410,1215,56,0
10439,104.390231007,226.535000000,100,1410,1215,56,0
10440,104.400231466,226.535000000,100,1410,1215,56,0
10441,104.410231224,226.535000000,100,1410,1215,56,0
10442,104.420231493,226.535000000,100,1410,1215,56,0
10443,104.430231011,226.535000000,100,1410,1215,56,0
10444,104.440230548,226.535000000,100,1410,1215,56,0
10445,104.450230948,223.036000000,100,1410,1215,56,0
10446,104.460231096,223.036000000,100,1410,1215,56,0
10447,104.470231526,223.036000000,100,1410,1215,56,0
10448,104.480231023,223.036000000,100,1410,1215,56,0
10449,104.490231432,223.036000000,100,1410,1215,56,0
10450,104.500232082,223.036000000,100,1410,1215,56,0
10451,104.510230698,223.036000000,100,1410,1215,56,0
10452,104.520230466,223.036000000,100,1410,1215,56,0
10453,104.530230524,223.036000000,100,1410,1215,56,0
10454,104.540231014,223.036000000,100,1410,1215,56,0
10455,104.550230852,217.638000000,100,1410,1215,56,0
10456,104.560230930,217.638000000,100,1410,1215,56,0
10457,104.570231179,217.638000000,100,1410,1215,56,0
10458,104.580230847,217.638000000,100,1410,1215,56,0
10459,104.590231366,217.638000000,100,1410,1215,56,0
10460,104.600232146,217.638000000,100,1410,1215,56,0
10461,104.610231263,217.638000000,100,1410,1215,56,0
10462,104.620229709,217.638000000,100,1410,1215,56,0
10463,104.630230609,217.638000000,100,1410,1215,56,0
10464,104.640230407,217.638000000,100,1410,1215,56,0
10465,104.650230846,222.467000000,100,1410,1215,56,0
10466,104.660233259,222.467000000,100,1410,1215,56,0
10467,104.670230612,222.467000000,100,1410,1215,56,0
10468,104.680230982,222.467000000,100,1410,1215,56,0
10469,104.690230549,222.467000000,100,1410,1215,56,0
10470,104.700228885,222.467000000,100,1410,1215,56,0
10471,104.710230456,222.467000000,100,1410,1215,56,0
10472,104.720230685,222.467000000,100,1410,1215,56,0
10473,104.730231034,222.467000000,100,1410,1215,56,0
10474,104.740230491,222.467000000,100,1410,1215,56,0
10475,104.750227544,224.626000000,100,1410,1215,56,0
10476,104.760229286,224.626000000,100,1410,1215,56,0
10477,104.770231308,224.626000000,100,1410,1215,56,0
10478,104.780232017,224.626000000,100,1410,1215,56,0
10479,104.790232657,224.626000000,100,1410,1215,56,0
10480,104.800229900,224.626000000,100,1410,1215,56,0
10481,104.810229117,224.626000000,100,1410,1215,56,0
10482,104.820231199,224.626000000,100,1410,1215,56,0
10483,104.830229715,224.626000000,100,1410,1215,56,0
10484,104.840229623,224.626000000,100,1410,1215,56,0
10485,104.850230433,226.697000000,100,1410,1215,56,0
10486,104.860230181,226.697000000,100,1410,1215,56,0
10487,104.870229998,226.697000000,100,1410,1215,56,0
10488,104.880229596,226.697000000,100,1410,1215,56,0
10489,104.890229985,226.697000000,100,1410,1215,56,0
10490,104.900229963,226.697000000,100,1410,1215,56,0
10491,104.910229691,226.697000000,100,1410,1215,56,0
10492,104.920229349,226.697000000,100,1410,1215,56,0
10493,104.930230069,226.697000000,100,1410,1215,56,0
10494,104.940229406,226.697000000,100,1410,1215,56,0
10495,104.950230646,226.992000000,100,1410,1215,56,0
10496,104.960230144,226.992000000,100,1410,1215,56,0
10497,104.970229331,226.992000000,100,1410,1215,56,0
10498,104.980231794,226.992000000,100,1410,1215,56,0
10499,104.990234056,226.992000000,100,1410,1215,56,0
10500,105.000232742,226.992000000,100,1410,1215,56,0
10501,105.010231889,226.992000000,100,1410,1215,56,0
10502,105.020232268,226.992000000,100,1410,1215,56,0
10503,105.030231435,226.992000000,100,1410,1215,56,0
10504,105.040232114,226.992000000,100,1410,1215,56,0
10505,105.050234377,227.375000000,100,1410,1215,56,0
10506,105.060230708,227.375000000,100,1410,1215,56,0
10507,105.070231228,227.375000000,100,1410,1215,56,0
10508,105.080230885,227.375000000,100,1410,1215,56,0
10509,105.090231735,227.375000000,100,1410,1215,56,0
10510,105.100230832,227.375000000,100,1410,1215,56,0
10511,105.110233305,227.375000000,100,1410,1215,56,0
10512,105.120231390,227.375000000,100,1410,1215,56,0
10513,105.130230947,227.375000000,100,1410,1215,56,0
10514,105.140231016,227.375000000,100,1410,1215,56,0
10515,105.150233218,227.551000000,100,1410,1215,56,0
10516,105.160230762,227.551000000,100,1410,1215,56,0
10517,105.170230810,227.551000000,100,1410,1215,56,0
10518,105.180231199,227.551000000,100,1410,1215,56,0
10519,105.190231057,227.551000000,100,1410,1215,56,0
10520,105.200230855,227.551000000,100,1410,1215,56,0
10521,105.210230804,227.551000000,100,1410,1215,56,0
10522,105.220230782,227.551000000,100,1410,1215,56,0
10523,105.230230259,227.551000000,100,1410,1215,56,0
10524,105.240230428,227.551000000,100,1410,1215,56,0
10525,105.250231258,227.359000000,100,1410,1215,56,0
10526,105.260230865,227.359000000,100,1410,1215,56,0
10527,105.270230523,227.359000000,100,1410,1215,56,0
10528,105.280230832,227.359000000,100,1410,1215,56,0
10529,105.290230540,227.359000000,100,1410,1215,56,0
10530,105.300230308,227.359000000,100,1410,1215,56,0
10531,105.310231238,227.359000000,100,1410,1215,56,0
10532,105.320230204,227.359000000,100,1410,1215,56,0
10533,105.330231224,227.359000000,100,1410,1215,56,0
10534,105.340231033,227.359000000,100,1410,1215,56,0
10535,105.350232323,227.273000000,100,1410,1215,56,0
10536,105.360230508,227.273000000,100,1410,1215,56,0
10537,105.370230897,227.273000000,100,1410,1215,56,0
10538,105.380230545,227.273000000,100,1410,1215,56,0
10539,105.390230744,227.273000000,100,1410,1215,56,0
10540,105.400230522,227.273000000,100,1410,1215,56,0
10541,105.410230941,227.273000000,100,1410,1215,56,0
10542,105.420287255,227.273000000,100,1410,1215,56,0
10543,105.430231368,227.273000000,100,1410,1215,56,0
10544,105.440230765,227.273000000,100,1410,1215,56,0
10545,105.450230874,226.680000000,100,1410,1215,56,0
10546,105.460231463,226.680000000,100,1410,1215,56,0
10547,105.470232624,226.680000000,100,1410,1215,56,0
10548,105.480230879,226.680000000,100,1410,1215,56,0
10549,105.490230937,226.680000000,100,1410,1215,56,0
10550,105.500232058,226.680000000,100,1410,1215,56,0
10551,105.510231495,226.680000000,100,1410,1215,56,0
10552,105.520231463,226.680000000,100,1410,1215,56,0
10553,105.530232694,226.680000000,100,1410,1215,56,0
10554,105.540232181,226.680000000,100,1410,1215,56,0
10555,105.550233051,224.040000000,100,1410,1215,56,0
10556,105.560233220,224.040000000,100,1410,1215,56,0
10557,105.570232748,224.040000000,100,1410,1215,56,0
10558,105.580232926,224.040000000,100,1410,1215,56,0
10559,105.590233005,224.040000000,100,1410,1215,56,0
10560,105.600232322,224.040000000,100,1410,1215,56,0
10561,105.610232460,224.040000000,100,1410,1215,56,0
10562,105.620231587,224.040000000,100,1410,1215,56,0
10563,105.630231425,224.040000000,100,1410,1215,56,0
10564,105.640231103,224.040000000,100,1410,1215,56,0
10565,105.650231191,215.442000000,100,1410,1215,56,0
10566,105.660230879,215.442000000,100,1410,1215,56,0
10567,105.670230557,215.442000000,100,1410,1215,56,0
10568,105.680230846,215.442000000,100,1410,1215,56,0
10569,105.690231425,215.442000000,100,1410,1215,56,0
10570,105.700230452,215.442000000,100,1410,1215,56,0
10571,105.710230360,215.442000000,100,1410,1215,56,0
10572,105.720232372,215.442000000,100,1410,1215,56,0
10573,105.730231639,215.442000000,100,1410,1215,56,0
10574,105.740230876,215.442000000,100,1410,1215,56,0
10575,105.750229822,221.997000000,100,1410,1215,56,0
10576,105.760233497,221.997000000,100,1410,1215,56,0
10577,105.770230981,221.997000000,100,1410,1215,56,0
10578,105.780230668,221.997000000,100,1410,1215,56,0
10579,105.790228442,221.997000000,100,1410,1215,56,0
10580,105.800229803,221.997000000,100,1410,1215,56,0
10581,105.810230463,221.997000000,100,1410,1215,56,0
10582,105.820230070,221.997000000,100,1410,1215,56,0
10583,105.830230960,221.997000000,100,1410,1215,56,0
10584,105.840231419,221.997000000,100,1410,1215,56,0
10585,105.850232750,224.658000000,100,1410,1215,56,0
10586,105.860231145,224.658000000,100,1410,1215,56,0
10587,105.870231254,224.658000000,100,1410,1215,56,0
10588,105.880231001,224.658000000,100,1410,1215,56,0
10589,105.890231821,224.658000000,100,1410,1215,56,0
10590,105.900230998,224.658000000,100,1410,1215,56,0
10591,105.910231397,224.658000000,100,1410,1215,56,0
10592,105.920231134,224.658000000,100,1410,1215,56,0
10593,105.930231814,224.658000000,100,1410,1215,56,0
10594,105.940231221,224.658000000,100,1410,1215,56,0
10595,105.950231540,226.283000000,100,1410,1215,56,0
10596,105.960231107,226.283000000,100,1410,1215,56,0
10597,105.970232428,226.283000000,100,1410,1215,56,0
10598,105.980231194,226.283000000,100,1410,1215,56,0
10599,105.990232254,226.283000000,100,1410,1215,56,0
10600,106.000231661,226.283000000,100,1410,1215,56,0
10601,106.010235267,226.283000000,100,1410,1215,56,0
10602,106.020231357,226.283000000,100,1410,1215,56,0
10603,106.030234592,226.283000000,100,1410,1215,56,0
10604,106.040234360,226.283000000,100,1410,1215,56,0
10605,106.050233947,226.967000000,100,1410,1215,56,0
10606,106.060231370,226.967000000,100,1410,1215,56,0
10607,106.070231820,226.967000000,100,1410,1215,56,0
10608,106.080231948,226.967000000,100,1410,1215,56,0
10609,106.090231646,226.967000000,100,1410,1215,56,0
10610,106.100231263,226.967000000,100,1410,1215,56,0
10611,106.110233536,226.967000000,100,1410,1215,56,0
10612,106.120232693,226.967000000,100,1410,1215,56,0
10613,106.130232070,226.967000000,100,1410,1215,56,0
10614,106.140231717,226.967000000,100,1410,1215,56,0
10615,106.150232287,227.375000000,100,1410,1215,56,0
10616,106.160232165,227.375000000,100,1410,1215,56,0
10617,106.170231181,227.375000000,100,1410,1215,56,0
10618,106.180231890,227.375000000,100,1410,1215,56,0
10619,106.190231117,227.375000000,100,1410,1215,56,0
10620,106.200231686,227.375000000,100,1410,1215,56,0
10621,106.210231174,227.375000000,100,1410,1215,56,0
10622,106.220231132,227.375000000,100,1410,1215,56,0
10623,106.230231822,227.375000000,100,1410,1215,56,0
10624,106.240231078,227.375000000,100,1410,1215,56,0
10625,106.250233251,227.574000000,100,1410,1215,56,0
10626,106.260231225,227.574000000,100,1410,1215,56,0
10627,106.270231043,227.574000000,100,1410,1215,56,0
10628,106.280231332,227.574000000,100,1410,1215,56,0
10629,106.290230819,227.574000000,100,1410,1215,56,0
10630,106.300230787,227.574000000,100,1410,1215,56,0
10631,106.310230675,227.574000000,100,1410,1215,56,0
10632,106.320233369,227.574000000,100,1410,1215,56,0
10633,106.330233277,227.574000000,100,1410,1215,56,0
10634,106.340231221,227.574000000,100,1410,1215,56,0
10635,106.350232692,227.574000000,100,1410,1215,56,0
10636,106.360231448,227.574000000,100,1410,1215,56,0
10637,106.370235083,227.574000000,100,1410,1215,56,0
10638,106.380234110,227.574000000,100,1410,1215,56,0
10639,106.390232335,227.574000000,100,1410,1215,56,0
10640,106.400231672,227.574000000,100,1410,1215,56,0
10641,106.410232882,227.574000000,100,1410,1215,56,0
10642,106.420235555,227.574000000,100,1410,1215,56,0
10643,106.430231616,227.574000000,100,1410,1215,56,0
10644,106.440230893,227.574000000,100,1410,1215,56,0
10645,106.450231332,227.250000000,100,1410,1215,56,0
10646,106.460230809,227.250000000,100,1410,1215,56,0
10647,106.470231138,227.250000000,100,1410,1215,56,0
10648,106.480231156,227.250000000,100,1410,1215,56,0
10649,106.490230654,227.250000000,100,1410,1215,56,0
10650,106.500230702,227.250000000,100,1410,1215,56,0
10651,106.510230620,227.250000000,100,1410,1215,56,0
10652,106.520232151,227.250000000,100,1410,1215,56,0
10653,106.530234274,227.250000000,100,1410,1215,56,0
10654,106.540231767,227.250000000,100,1410,1215,56,0
10655,106.550232146,226.961000000,100,1410,1215,56,0
10656,106.560231173,226.961000000,100,1410,1215,56,0
10657,106.570230750,226.961000000,100,1410,1215,56,0
10658,106.580230919,226.961000000,100,1410,1215,56,0
10659,106.590231899,226.961000000,100,1410,1215,56,0
10660,106.600231316,226.961000000,100,1410,1215,56,0
10661,106.610231224,226.961000000,100,1410,1215,56,0
10662,106.620231212,226.961000000,100,1410,1215,56,0
10663,106.630230950,226.961000000,100,1410,1215,56,0
10664,106.640230928,226.961000000,100,1410,1215,56,0
10665,106.650231758,224.411000000,100,1410,1215,56,0
10666,106.660231345,224.411000000,100,1410,1215,56,0
10667,106.670231404,224.411000000,100,1410,1215,56,0
10668,106.680230971,224.411000000,100,1410,1215,56,0
10669,106.690230799,224.411000000,100,1410,1215,56,0
10670,106.700231138,224.411000000,100,1410,1215,56,0
10671,106.710231247,224.411000000,100,1410,1215,56,0
