sample_index,timestamp_s,power_w,util_pct,sm_clock_mhz,mem_clock_mhz,temp_c,throttle_reasons
0,0.002573800,222.869000000,100,1410,1215,53,0
1,0.010198880,222.869000000,100,1410,1215,53,0
2,0.020199509,222.869000000,100,1410,1215,53,0
3,0.030198445,222.869000000,100,1410,1215,53,0
4,0.040198243,222.869000000,100,1410,1215,53,0
5,0.050201156,222.844000000,100,1410,1215,52,0
6,0.060197738,222.844000000,100,1410,1215,52,0
7,0.070199199,222.844000000,100,1410,1215,52,0
8,0.080198035,222.844000000,100,1410,1215,52,0
9,0.090198634,222.844000000,100,1410,1215,52,0
10,0.100197800,222.844000000,100,1410,1215,52,0
11,0.110198640,222.844000000,100,1410,1215,52,0
12,0.120197616,222.844000000,100,1410,1215,52,0
13,0.130196942,222.844000000,100,1410,1215,52,0
14,0.140198183,222.844000000,100,1410,1215,52,0
15,0.150199433,222.169000000,100,1410,1215,53,0
16,0.160197097,222.169000000,100,1410,1215,53,0
17,0.170197806,222.169000000,100,1410,1215,53,0
18,0.180197674,222.169000000,100,1410,1215,53,0
19,0.190198023,222.169000000,100,1410,1215,53,0
20,0.200197910,222.169000000,100,1410,1215,53,0
21,0.210198750,222.169000000,100,1410,1215,53,0
22,0.220197957,222.169000000,100,1410,1215,53,0
23,0.230197043,222.169000000,100,1410,1215,53,0
24,0.240197822,222.169000000,100,1410,1215,53,0
25,0.250199243,222.659000000,95,1410,1215,53,0
26,0.260197257,222.659000000,95,1410,1215,53,0
27,0.270197936,222.659000000,95,1410,1215,53,0
28,0.280197343,222.659000000,95,1410,1215,53,0
29,0.290196840,222.659000000,95,1410,1215,53,0
30,0.300197790,222.659000000,95,1410,1215,53,0
31,0.310202647,222.659000000,95,1410,1215,53,0
32,0.320197706,222.659000000,95,1410,1215,53,0
33,0.330196963,222.659000000,95,1410,1215,53,0
34,0.340197652,222.659000000,95,1410,1215,53,0
35,0.350199183,222.561000000,95,1410,1215,53,0
36,0.360197778,222.561000000,95,1410,1215,53,0
37,0.370198427,222.561000000,95,1410,1215,53,0
38,0.380197113,222.561000000,95,1410,1215,53,0
39,0.390197642,222.561000000,95,1410,1215,53,0
40,0.400198251,222.561000000,95,1410,1215,53,0
41,0.410198249,222.561000000,95,1410,1215,53,0
42,0.420197586,222.561000000,95,1410,1215,53,0
43,0.430198045,222.561000000,95,1410,1215,53,0
44,0.440198313,222.561000000,95,1410,1215,53,0
45,0.450198722,222.203000000,100,1410,1215,53,0
46,0.460197568,222.203000000,100,1410,1215,53,0
47,0.470197926,222.203000000,100,1410,1215,53,0
48,0.480198355,222.203000000,100,1410,1215,53,0
49,0.490197802,222.203000000,100,1410,1215,53,0
50,0.500196938,222.203000000,100,1410,1215,53,0
51,0.510198149,222.203000000,100,1410,1215,53,0
52,0.520197966,222.203000000,100,1410,1215,53,0
53,0.530197724,222.203000000,100,1410,1215,53,0
54,0.540198493,222.203000000,100,1410,1215,53,0
55,0.550202990,221.902000000,100,1410,1215,53,0
56,0.560197989,221.902000000,100,1410,1215,53,0
57,0.570198067,221.902000000,100,1410,1215,53,0
58,0.580197063,221.902000000,100,1410,1215,53,0
59,0.590196490,221.902000000,100,1410,1215,53,0
60,0.600204503,221.902000000,100,1410,1215,53,0
61,0.610202297,221.902000000,100,1410,1215,53,0
62,0.620203407,221.902000000,100,1410,1215,53,0
63,0.630197484,221.902000000,100,1410,1215,53,0
64,0.640198674,221.902000000,100,1410,1215,53,0
65,0.650198903,222.824000000,100,1410,1215,53,0
66,0.660197358,222.824000000,100,1410,1215,53,0
67,0.670198178,222.824000000,100,1410,1215,53,0
68,0.680197655,222.824000000,100,1410,1215,53,0
69,0.690198094,222.824000000,100,1410,1215,53,0
70,0.700202690,222.824000000,100,1410,1215,53,0
71,0.710197990,222.824000000,100,1410,1215,53,0
72,0.720198208,222.824000000,100,1410,1215,53,0
73,0.730197755,222.824000000,100,1410,1215,53,0
74,0.740199517,222.824000000,100,1410,1215,53,0
75,0.750199094,222.875000000,100,1410,1215,53,0
76,0.760202428,222.875000000,100,1410,1215,53,0
77,0.770197828,222.875000000,100,1410,1215,53,0
78,0.780202355,222.875000000,100,1410,1215,53,0
79,0.790198035,222.875000000,100,1410,1215,53,0
80,0.800197702,222.875000000,100,1410,1215,53,0
81,0.810197520,222.875000000,100,1410,1215,53,0
82,0.820197398,222.875000000,100,1410,1215,53,0
83,0.830197526,222.875000000,100,1410,1215,53,0
84,0.840198025,222.875000000,100,1410,1215,53,0
85,0.850197783,222.971000000,100,1410,1215,53,0
86,0.860197300,222.971000000,100,1410,1215,53,0
87,0.870196787,222.971000000,100,1410,1215,53,0
88,0.880197376,222.971000000,100,1410,1215,53,0
89,0.890197905,222.971000000,100,1410,1215,53,0
90,0.900197913,222.971000000,100,1410,1215,53,0
91,0.910200567,222.971000000,100,1410,1215,53,0
92,0.920197349,222.971000000,100,1410,1215,53,0
93,0.930201114,222.971000000,100,1410,1215,53,0
94,0.940198296,222.971000000,100,1410,1215,53,0
95,0.950197904,223.694000000,100,1410,1215,53,0
96,0.960197281,223.694000000,100,1410,1215,53,0
97,0.970197659,223.694000000,100,1410,1215,53,0
98,0.980197798,223.694000000,100,1410,1215,53,0
99,0.990196854,223.694000000,100,1410,1215,53,0
100,1.000197674,223.694000000,100,1410,1215,53,0
101,1.010197161,223.694000000,100,1410,1215,53,0
102,1.020198071,223.694000000,100,1410,1215,53,0
103,1.030196376,223.694000000,100,1410,1215,53,0
104,1.040198638,223.694000000,100,1410,1215,53,0
105,1.050202704,223.816000000,100,1410,1215,53,0
106,1.060198233,223.816000000,100,1410,1215,53,0
107,1.070200526,223.816000000,100,1410,1215,53,0
108,1.080198089,223.816000000,100,1410,1215,53,0
109,1.090198578,223.816000000,100,1410,1215,53,0
110,1.100198827,223.816000000,100,1410,1215,53,0
111,1.110197723,223.816000000,100,1410,1215,53,0
112,1.120197621,223.816000000,100,1410,1215,53,0
113,1.130197950,223.816000000,100,1410,1215,53,0
114,1.140199050,223.816000000,100,1410,1215,53,0
115,1.150198677,223.451000000,100,1410,1215,53,0
116,1.160197152,223.451000000,100,1410,1215,53,0
117,1.170201048,223.451000000,100,1410,1215,53,0
118,1.180201346,223.451000000,100,1410,1215,53,0
119,1.190202196,223.451000000,100,1410,1215,53,0
120,1.200196834,223.451000000,100,1410,1215,53,0
121,1.210197824,223.451000000,100,1410,1215,53,0
122,1.220201830,223.451000000,100,1410,1215,53,0
123,1.230201728,223.451000000,100,1410,1215,53,0
124,1.240198179,223.451000000,100,1410,1215,53,0
125,1.250202916,223.522000000,100,1410,1215,53,0
126,1.260197604,223.522000000,100,1410,1215,53,0
127,1.270196430,223.522000000,100,1410,1215,53,0
128,1.280196588,223.522000000,100,1410,1215,53,0
129,1.290197709,223.522000000,100,1410,1215,53,0
130,1.300197496,223.522000000,100,1410,1215,53,0
131,1.310198857,223.522000000,100,1410,1215,53,0
132,1.320198244,223.522000000,100,1410,1215,53,0
133,1.330197871,223.522000000,100,1410,1215,53,0
134,1.340198020,223.522000000,100,1410,1215,53,0
135,1.350203458,223.419000000,100,1410,1215,53,0
136,1.360198156,223.419000000,100,1410,1215,53,0
137,1.370196882,223.419000000,100,1410,1215,53,0
138,1.380196800,223.419000000,100,1410,1215,53,0
139,1.390197800,223.419000000,100,1410,1215,53,0
140,1.400197547,223.419000000,100,1410,1215,53,0
141,1.410198497,223.419000000,100,1410,1215,53,0
142,1.420201471,223.419000000,100,1410,1215,53,0
143,1.430197241,223.419000000,100,1410,1215,53,0
144,1.440201277,223.419000000,100,1410,1215,53,0
145,1.450198900,223.235000000,100,1410,1215,53,0
146,1.460197105,223.235000000,100,1410,1215,53,0
147,1.470196722,223.235000000,100,1410,1215,53,0
148,1.480201049,223.235000000,100,1410,1215,53,0
149,1.490198121,223.235000000,100,1410,1215,53,0
150,1.500196817,223.235000000,100,1410,1215,53,0
151,1.510197246,223.235000000,100,1410,1215,53,0
152,1.520201612,223.235000000,100,1410,1215,53,0
153,1.530197593,223.235000000,100,1410,1215,53,0
154,1.540198162,223.235000000,100,1410,1215,53,0
155,1.550198571,222.875000000,100,1410,1215,53,0
156,1.560197627,222.875000000,100,1410,1215,53,0
157,1.570196613,222.875000000,100,1410,1215,53,0
158,1.580196722,222.875000000,100,1410,1215,53,0
159,1.590197210,222.875000000,100,1410,1215,53,0
160,1.600201456,222.875000000,100,1410,1215,53,0
161,1.610202326,222.875000000,100,1410,1215,53,0
162,1.620197055,222.875000000,100,1410,1215,53,0
163,1.630196812,222.875000000,100,1410,1215,53,0
164,1.640198083,222.875000000,100,1410,1215,53,0
165,1.650198211,222.594000000,100,1410,1215,53,0
166,1.660196997,222.594000000,100,1410,1215,53,0
167,1.670197116,222.594000000,100,1410,1215,53,0
168,1.680198627,222.594000000,100,1410,1215,53,0
169,1.690196992,222.594000000,100,1410,1215,53,0
170,1.700196830,222.594000000,100,1410,1215,53,0
171,1.710197148,222.594000000,100,1410,1215,53,0
172,1.720196986,222.594000000,100,1410,1215,53,0
173,1.730196724,222.594000000,100,1410,1215,53,0
174,1.740199668,222.594000000,100,1410,1215,53,0
175,1.750199335,222.203000000,100,1410,1215,53,0
176,1.760201377,222.203000000,100,1410,1215,53,0
177,1.770197719,222.203000000,100,1410,1215,53,0
178,1.780197677,222.203000000,100,1410,1215,53,0
179,1.790196633,222.203000000,100,1410,1215,53,0
180,1.800197813,222.203000000,100,1410,1215,53,0
181,1.810197120,222.203000000,100,1410,1215,53,0
182,1.820201436,222.203000000,100,1410,1215,53,0
183,1.830197577,222.203000000,100,1410,1215,53,0
184,1.840199099,222.203000000,100,1410,1215,53,0
185,1.850198866,222.626000000,100,1410,1215,53,0
186,1.860196280,222.626000000,100,1410,1215,53,0
187,1.870196378,222.626000000,100,1410,1215,53,0
188,1.880197438,222.626000000,100,1410,1215,53,0
189,1.890197597,222.626000000,100,1410,1215,53,0
190,1.900197384,222.626000000,100,1410,1215,53,0
191,1.910196601,222.626000000,100,1410,1215,53,0
192,1.920196529,222.626000000,100,1410,1215,53,0
193,1.930200695,222.626000000,100,1410,1215,53,0
194,1.940198169,222.626000000,100,1410,1215,53,0
195,1.950198808,222.657000000,100,1410,1215,53,0
196,1.960197103,222.657000000,100,1410,1215,53,0
197,1.970196801,222.657000000,100,1410,1215,53,0
198,1.980197640,222.657000000,100,1410,1215,53,0
199,1.990196286,222.657000000,100,1410,1215,53,0
200,2.000197727,222.657000000,100,1410,1215,53,0
201,2.010198196,222.657000000,100,1410,1215,53,0
202,2.020196992,222.657000000,100,1410,1215,53,0
203,2.030198142,222.657000000,100,1410,1215,53,0
204,2.040197790,222.657000000,100,1410,1215,53,0
205,2.050203799,222.875000000,100,1410,1215,53,0
206,2.060197916,222.875000000,100,1410,1215,53,0
207,2.070197273,222.875000000,100,1410,1215,53,0
208,2.080196941,222.875000000,100,1410,1215,53,0
209,2.090197701,222.875000000,100,1410,1215,53,0
210,2.100197198,222.875000000,100,1410,1215,53,0
211,2.110196655,222.875000000,100,1410,1215,53,0
212,2.120196793,222.875000000,100,1410,1215,53,0
213,2.130199587,222.875000000,100,1410,1215,53,0
214,2.140197611,222.875000000,100,1410,1215,53,0
215,2.150198742,223.587000000,100,1410,1215,53,0
216,2.160197407,223.587000000,100,1410,1215,53,0
217,2.170202194,223.587000000,100,1410,1215,53,0
218,2.180199147,223.587000000,100,1410,1215,53,0
219,2.190198424,223.587000000,100,1410,1215,53,0
220,2.200202900,223.587000000,100,1410,1215,53,0
221,2.210197548,223.587000000,100,1410,1215,53,0
222,2.220201203,223.587000000,100,1410,1215,53,0
223,2.230198226,223.587000000,100,1410,1215,53,0
224,2.240198395,223.587000000,100,1410,1215,53,0
225,2.250199365,223.886000000,100,1410,1215,53,0
226,2.260197379,223.886000000,100,1410,1215,53,0
227,2.270197748,223.886000000,100,1410,1215,53,0
228,2.280201383,223.886000000,100,1410,1215,53,0
229,2.290197073,223.886000000,100,1410,1215,53,0
230,2.300198303,223.886000000,100,1410,1215,53,0
231,2.310198232,223.886000000,100,1410,1215,53,0
232,2.320197699,223.886000000,100,1410,1215,53,0
233,2.330197226,223.886000000,100,1410,1215,53,0
234,2.340197675,223.886000000,100,1410,1215,53,0
235,2.350198916,223.655000000,100,1410,1215,53,0
236,2.360197772,223.655000000,100,1410,1215,53,0
237,2.370197640,223.655000000,100,1410,1215,53,0
238,2.380201555,223.655000000,100,1410,1215,53,0
239,2.390197295,223.655000000,100,1410,1215,53,0
240,2.400197504,223.655000000,100,1410,1215,53,0
241,2.410197201,223.655000000,100,1410,1215,53,0
242,2.420196989,223.655000000,100,1410,1215,53,0
243,2.430205423,223.655000000,100,1410,1215,53,0
244,2.440201424,223.655000000,100,1410,1215,53,0
245,2.450198076,223.451000000,100,1410,1215,53,0
246,2.460197242,223.451000000,100,1410,1215,53,0
247,2.470197171,223.451000000,100,1410,1215,53,0
248,2.480197469,223.451000000,100,1410,1215,53,0
249,2.490197598,223.451000000,100,1410,1215,53,0
250,2.500197816,223.451000000,100,1410,1215,53,0
251,2.510201662,223.451000000,100,1410,1215,53,0
252,2.520197883,223.451000000,100,1410,1215,53,0
253,2.530197590,223.451000000,100,1410,1215,53,0
254,2.540202478,223.451000000,100,1410,1215,53,0
255,2.550199110,223.823000000,100,1410,1215,53,0
256,2.560197435,223.823000000,100,1410,1215,53,0
257,2.570198445,223.823000000,100,1410,1215,53,0
258,2.580198112,223.823000000,100,1410,1215,53,0
259,2.590197339,223.823000000,100,1410,1215,53,0
260,2.600197798,223.823000000,100,1410,1215,53,0
261,2.610197997,223.823000000,100,1410,1215,53,0
262,2.620198556,223.823000000,100,1410,1215,53,0
263,2.630197282,223.823000000,100,1410,1215,53,0
264,2.640197681,223.823000000,100,1410,1215,53,0
265,2.650199633,223.534000000,100,1410,1215,53,0
266,2.660199020,223.534000000,100,1410,1215,53,0
267,2.670198738,223.534000000,100,1410,1215,53,0
268,2.680196973,223.534000000,100,1410,1215,53,0
269,2.690198624,223.534000000,100,1410,1215,53,0
270,2.700198843,223.534000000,100,1410,1215,53,0
271,2.710198430,223.534000000,100,1410,1215,53,0
272,2.720197687,223.534000000,100,1410,1215,53,0
273,2.730199288,223.534000000,100,1410,1215,53,0
274,2.740199327,223.534000000,100,1410,1215,53,0
275,2.750199626,223.331000000,100,1410,1215,53,0
276,2.760197951,223.331000000,100,1410,1215,53,0
277,2.770197789,223.331000000,100,1410,1215,53,0
278,2.780198819,223.331000000,100,1410,1215,53,0
279,2.790197645,223.331000000,100,1410,1215,53,0
280,2.800198004,223.331000000,100,1410,1215,53,0
281,2.810201890,223.331000000,100,1410,1215,53,0
282,2.820201497,223.331000000,100,1410,1215,53,0
283,2.830198520,223.331000000,100,1410,1215,53,0
284,2.840198658,223.331000000,100,1410,1215,53,0
285,2.850198797,223.049000000,100,1410,1215,53,0
286,2.860198214,223.049000000,100,1410,1215,53,0
287,2.870198122,223.049000000,100,1410,1215,53,0
288,2.880197329,223.049000000,100,1410,1215,53,0
289,2.890198069,223.049000000,100,1410,1215,53,0
290,2.900197957,223.049000000,100,1410,1215,53,0
291,2.910197734,223.049000000,100,1410,1215,53,0
292,2.920197622,223.049000000,100,1410,1215,53,0
293,2.930198032,223.049000000,100,1410,1215,53,0
294,2.940202729,223.049000000,100,1410,1215,53,0
295,2.950198128,222.876000000,100,1410,1215,53,0
296,2.960198117,222.876000000,100,1410,1215,53,0
297,2.970196532,222.876000000,100,1410,1215,53,0
298,2.980197242,222.876000000,100,1410,1215,53,0
299,2.990196649,222.876000000,100,1410,1215,53,0
300,3.000197749,222.876000000,100,1410,1215,53,0
301,3.010197447,222.876000000,100,1410,1215,53,0
302,3.020197655,222.876000000,100,1410,1215,53,0
303,3.030196622,222.876000000,100,1410,1215,53,0
304,3.040197952,222.876000000,100,1410,1215,53,0
305,3.050198572,222.939000000,100,1410,1215,53,0
306,3.060198340,222.939000000,100,1410,1215,53,0
307,3.070196955,222.939000000,100,1410,1215,53,0
308,3.080198206,222.939000000,100,1410,1215,53,0
309,3.090201380,222.939000000,100,1410,1215,53,0
310,3.100198173,222.939000000,100,1410,1215,53,0
311,3.110197630,222.939000000,100,1410,1215,53,0
312,3.120317973,222.939000000,100,1410,1215,53,0
313,3.130196675,222.939000000,100,1410,1215,53,0
314,3.140198166,222.939000000,100,1410,1215,53,0
315,3.150199206,222.722000000,100,1410,1215,53,0
316,3.160197631,222.722000000,100,1410,1215,53,0
317,3.170202048,222.722000000,100,1410,1215,53,0
318,3.180200703,222.722000000,100,1410,1215,53,0
319,3.190198337,222.722000000,100,1410,1215,53,0
320,3.200196933,222.722000000,100,1410,1215,53,0
321,3.210201921,222.722000000,100,1410,1215,53,0
322,3.220198192,222.722000000,100,1410,1215,53,0
323,3.230198331,222.722000000,100,1410,1215,53,0
324,3.240197577,222.722000000,100,1410,1215,53,0
325,3.250197986,222.357000000,100,1410,1215,53,0
326,3.260198546,222.357000000,100,1410,1215,53,0
327,3.270202491,222.357000000,100,1410,1215,53,0
328,3.280198592,222.357000000,100,1410,1215,53,0
329,3.290197569,222.357000000,100,1410,1215,53,0
330,3.300197477,222.357000000,100,1410,1215,53,0
331,3.310202164,222.357000000,100,1410,1215,53,0
332,3.320199768,222.357000000,100,1410,1215,53,0
333,3.330197722,222.357000000,100,1410,1215,53,0
334,3.340198021,222.357000000,100,1410,1215,53,0
335,3.350198971,222.747000000,100,1410,1215,53,0
336,3.360197046,222.747000000,100,1410,1215,53,0
337,3.370197134,222.747000000,100,1410,1215,53,0
338,3.380197193,222.747000000,100,1410,1215,53,0
339,3.390200988,222.747000000,100,1410,1215,53,0
340,3.400198542,222.747000000,100,1410,1215,53,0
341,3.410201495,222.747000000,100,1410,1215,53,0
342,3.420198057,222.747000000,100,1410,1215,53,0
343,3.430201111,222.747000000,100,1410,1215,53,0
344,3.440198755,222.747000000,100,1410,1215,53,0
345,3.450198894,223.433000000,100,1410,1215,53,0
346,3.460197780,223.433000000,100,1410,1215,53,0
347,3.470201755,223.433000000,100,1410,1215,53,0
348,3.480197265,223.433000000,100,1410,1215,53,0
349,3.490197144,223.433000000,100,1410,1215,53,0
350,3.500197092,223.433000000,100,1410,1215,53,0
351,3.510196499,223.433000000,100,1410,1215,53,0
352,3.520197329,223.433000000,100,1410,1215,53,0
353,3.530196996,223.433000000,100,1410,1215,53,0
354,3.540198788,223.433000000,100,1410,1215,53,0
355,3.550198876,223.752000000,100,1410,1215,53,0
356,3.560196751,223.752000000,100,1410,1215,53,0
357,3.570196388,223.752000000,100,1410,1215,53,0
358,3.580196537,223.752000000,100,1410,1215,53,0
359,3.590197687,223.752000000,100,1410,1215,53,0
360,3.600198617,223.752000000,100,1410,1215,53,0
361,3.610197674,223.752000000,100,1410,1215,53,0
362,3.620197732,223.752000000,100,1410,1215,53,0
363,3.630197039,223.752000000,100,1410,1215,53,0
364,3.640197398,223.752000000,100,1410,1215,53,0
365,3.650198860,223.655000000,100,1410,1215,53,0
366,3.660197696,223.655000000,100,1410,1215,53,0
367,3.670197724,223.655000000,100,1410,1215,53,0
368,3.680196731,223.655000000,100,1410,1215,53,0
369,3.690197541,223.655000000,100,1410,1215,53,0
370,3.700198020,223.655000000,100,1410,1215,53,0
371,3.710197347,223.655000000,100,1410,1215,53,0
372,3.720198908,223.655000000,100,1410,1215,53,0
373,3.730198155,223.655000000,100,1410,1215,53,0
374,3.740203243,223.655000000,100,1410,1215,53,0
375,3.750200657,223.913000000,100,1410,1215,53,0
376,3.760201356,223.913000000,100,1410,1215,53,0
377,3.770196596,223.913000000,100,1410,1215,53,0
378,3.780196865,223.913000000,100,1410,1215,53,0
379,3.790197394,223.913000000,100,1410,1215,53,0
380,3.800198003,223.913000000,100,1410,1215,53,0
381,3.810201468,223.913000000,100,1410,1215,53,0
382,3.820198351,223.913000000,100,1410,1215,53,0
383,3.830198289,223.913000000,100,1410,1215,53,0
384,3.840198297,223.913000000,100,1410,1215,53,0
385,3.850199198,223.919000000,100,1410,1215,53,0
386,3.860197683,223.919000000,100,1410,1215,53,0
387,3.870198002,223.919000000,100,1410,1215,53,0
388,3.880196858,223.919000000,100,1410,1215,53,0
389,3.890198069,223.919000000,100,1410,1215,53,0
390,3.900197867,223.919000000,100,1410,1215,53,0
391,3.910196453,223.919000000,100,1410,1215,53,0
392,3.920197252,223.919000000,100,1410,1215,53,0
393,3.930197341,223.919000000,100,1410,1215,53,0
394,3.940197840,223.919000000,100,1410,1215,53,0
395,3.950198690,223.559000000,100,1410,1215,53,0
396,3.960199981,223.559000000,100,1410,1215,53,0
397,3.970196793,223.559000000,100,1410,1215,53,0
398,3.980201240,223.559000000,100,1410,1215,53,0
399,3.990197191,223.559000000,100,1410,1215,53,0
400,4.000197500,223.559000000,100,1410,1215,53,0
401,4.010196747,223.559000000,100,1410,1215,53,0
402,4.020197226,223.559000000,100,1410,1215,53,0
403,4.030196944,223.559000000,100,1410,1215,53,0
404,4.040195470,223.559000000,100,1410,1215,53,0
405,4.050198534,223.234000000,100,1410,1215,53,0
406,4.060197470,223.234000000,100,1410,1215,53,0
407,4.070196988,223.234000000,100,1410,1215,53,0
408,4.080197156,223.234000000,100,1410,1215,53,0
409,4.090197325,223.234000000,100,1410,1215,53,0
410,4.100198115,223.234000000,100,1410,1215,53,0
411,4.110197833,223.234000000,100,1410,1215,53,0
412,4.120198001,223.234000000,100,1410,1215,53,0
413,4.130197799,223.234000000,100,1410,1215,53,0
414,4.140198459,223.234000000,100,1410,1215,53,0
415,4.150198818,223.260000000,100,1410,1215,53,0
416,4.160198025,223.260000000,100,1410,1215,53,0
417,4.170197993,223.260000000,100,1410,1215,53,0
418,4.180198122,223.260000000,100,1410,1215,53,0
419,4.190196988,223.260000000,100,1410,1215,53,0
420,4.200198008,223.260000000,100,1410,1215,53,0
421,4.210197596,223.260000000,100,1410,1215,53,0
422,4.220201852,223.260000000,100,1410,1215,53,0
423,4.230197823,223.260000000,100,1410,1215,53,0
424,4.240199134,223.260000000,100,1410,1215,53,0
425,4.250198691,223.048000000,100,1410,1215,53,0
426,4.260197658,223.048000000,100,1410,1215,53,0
427,4.270197135,223.048000000,100,1410,1215,53,0
428,4.280197354,223.048000000,100,1410,1215,53,0
429,4.290198074,223.048000000,100,1410,1215,53,0
430,4.300198292,223.048000000,100,1410,1215,53,0
431,4.310198992,223.048000000,100,1410,1215,53,0
432,4.320203198,223.048000000,100,1410,1215,53,0
433,4.330197807,223.048000000,100,1410,1215,53,0
434,4.340203946,223.048000000,100,1410,1215,53,0
435,4.350198885,222.946000000,100,1410,1215,53,0
436,4.360196920,222.946000000,100,1410,1215,53,0
437,4.370198211,222.946000000,100,1410,1215,53,0
438,4.380202056,222.946000000,100,1410,1215,53,0
439,4.390201243,222.946000000,100,1410,1215,53,0
440,4.400198496,222.946000000,100,1410,1215,53,0
441,4.410198174,222.946000000,100,1410,1215,53,0
442,4.420201839,222.946000000,100,1410,1215,53,0
443,4.430197840,222.946000000,100,1410,1215,53,0
444,4.440198019,222.946000000,100,1410,1215,53,0
445,4.450198548,222.492000000,100,1410,1215,53,0
446,4.460197926,222.492000000,100,1410,1215,53,0
447,4.470201350,222.492000000,100,1410,1215,53,0
448,4.480197842,222.492000000,100,1410,1215,53,0
449,4.490197841,222.492000000,100,1410,1215,53,0
450,4.500198009,222.492000000,100,1410,1215,53,0
451,4.510197597,222.492000000,100,1410,1215,53,0
452,4.520196774,222.492000000,100,1410,1215,53,0
453,4.530200890,222.492000000,100,1410,1215,53,0
454,4.540197061,222.492000000,100,1410,1215,53,0
455,4.550198402,222.299000000,100,1410,1215,53,0
456,4.560197388,222.299000000,100,1410,1215,53,0
457,4.570198399,222.299000000,100,1410,1215,53,0
458,4.580197625,222.299000000,100,1410,1215,53,0
459,4.590197143,222.299000000,100,1410,1215,53,0
460,4.600198474,222.299000000,100,1410,1215,53,0
461,4.610198512,222.299000000,100,1410,1215,53,0
462,4.620197349,222.299000000,100,1410,1215,53,0
463,4.630198008,222.299000000,100,1410,1215,53,0
464,4.640197225,222.299000000,100,1410,1215,53,0
465,4.650198266,222.940000000,100,1410,1215,53,0
466,4.660197713,222.940000000,100,1410,1215,53,0
467,4.670197742,222.940000000,100,1410,1215,53,0
468,4.680197580,222.940000000,100,1410,1215,53,0
469,4.690197889,222.940000000,100,1410,1215,53,0
470,4.700197386,222.940000000,100,1410,1215,53,0
471,4.710202013,222.940000000,100,1410,1215,53,0
472,4.720197944,222.940000000,100,1410,1215,53,0
473,4.730201289,222.940000000,100,1410,1215,53,0
474,4.740198693,222.940000000,100,1410,1215,53,0
475,4.750199232,223.528000000,100,1410,1215,53,0
476,4.760197497,223.528000000,100,1410,1215,53,0
477,4.770198498,223.528000000,100,1410,1215,53,0
478,4.780197785,223.528000000,100,1410,1215,53,0
479,4.790198645,223.528000000,100,1410,1215,53,0
480,4.800197381,223.528000000,100,1410,1215,53,0
481,4.810197830,223.528000000,100,1410,1215,53,0
482,4.820197248,223.528000000,100,1410,1215,53,0
483,4.830204129,223.528000000,100,1410,1215,53,0
484,4.840198046,223.528000000,100,1410,1215,53,0
485,4.850203675,223.714000000,100,1410,1215,53,0
486,4.860198374,223.714000000,100,1410,1215,53,0
487,4.870199234,223.714000000,100,1410,1215,53,0
488,4.880198240,223.714000000,100,1410,1215,53,0
489,4.890202677,223.714000000,100,1410,1215,53,0
490,4.900202535,223.714000000,100,1410,1215,53,0
491,4.910198316,223.714000000,100,1410,1215,53,0
492,4.920198064,223.714000000,100,1410,1215,53,0
493,4.930202731,223.714000000,100,1410,1215,53,0
494,4.940198491,223.714000000,100,1410,1215,53,0
495,4.950199041,224.020000000,100,1410,1215,53,0
496,4.960197356,224.020000000,100,1410,1215,53,0
497,4.970197335,224.020000000,100,1410,1215,53,0
498,4.980197744,224.020000000,100,1410,1215,53,0
499,4.990196700,224.020000000,100,1410,1215,53,0
500,5.000197951,224.020000000,100,1410,1215,53,0
501,5.010198340,224.020000000,100,1410,1215,53,0
502,5.020196666,224.020000000,100,1410,1215,53,0
503,5.030197255,224.020000000,100,1410,1215,53,0
504,5.040196372,224.020000000,100,1410,1215,53,0
505,5.050197513,224.035000000,100,1410,1215,53,0
506,5.060197842,224.035000000,100,1410,1215,53,0
507,5.070201487,224.035000000,100,1410,1215,53,0
508,5.080197147,224.035000000,100,1410,1215,53,0
509,5.090197046,224.035000000,100,1410,1215,53,0
510,5.100196393,224.035000000,100,1410,1215,53,0
511,5.110197012,224.035000000,100,1410,1215,53,0
512,5.120197051,224.035000000,100,1410,1215,53,0
513,5.130199464,224.035000000,100,1410,1215,53,0
514,5.140197880,224.035000000,100,1410,1215,53,0
515,5.150199020,223.873000000,100,1410,1215,53,0
516,5.160196874,223.873000000,100,1410,1215,53,0
517,5.170198686,223.873000000,100,1410,1215,53,0
518,5.180201220,223.873000000,100,1410,1215,53,0
519,5.190197601,223.873000000,100,1410,1215,53,0
520,5.200197149,223.873000000,100,1410,1215,53,0
521,5.210196987,223.873000000,100,1410,1215,53,0
522,5.220200752,223.873000000,100,1410,1215,53,0
523,5.230198236,223.873000000,100,1410,1215,53,0
524,5.240202723,223.873000000,100,1410,1215,53,0
525,5.250199235,223.656000000,100,1410,1215,53,0
526,5.260201598,223.656000000,100,1410,1215,53,0
527,5.270197198,223.656000000,100,1410,1215,53,0
528,5.280197477,223.656000000,100,1410,1215,53,0
529,5.290197125,223.656000000,100,1410,1215,53,0
530,5.300201301,223.656000000,100,1410,1215,53,0
531,5.310197372,223.656000000,100,1410,1215,53,0
532,5.320199415,223.656000000,100,1410,1215,53,0
533,5.330197379,223.656000000,100,1410,1215,53,0
534,5.340198199,223.656000000,100,1410,1215,53,0
535,5.350199560,223.631000000,100,1410,1215,53,0
536,5.360197334,223.631000000,100,1410,1215,53,0
537,5.370197273,223.631000000,100,1410,1215,53,0
538,5.380198003,223.631000000,100,1410,1215,53,0
539,5.390196819,223.631000000,100,1410,1215,53,0
540,5.400197469,223.631000000,100,1410,1215,53,0
541,5.410197006,223.631000000,100,1410,1215,53,0
542,5.420198087,223.631000000,100,1410,1215,53,0
543,5.430201401,223.631000000,100,1410,1215,53,0
544,5.440198685,223.631000000,100,1410,1215,53,0
545,5.450198623,223.274000000,100,1410,1215,53,0
546,5.460197530,223.274000000,100,1410,1215,53,0
547,5.470197808,223.274000000,100,1410,1215,53,0
548,5.480197787,223.274000000,100,1410,1215,53,0
549,5.490197314,223.274000000,100,1410,1215,53,0
550,5.500196852,223.274000000,100,1410,1215,53,0
551,5.510197652,223.274000000,100,1410,1215,53,0
552,5.520197450,223.274000000,100,1410,1215,53,0
553,5.530197549,223.274000000,100,1410,1215,53,0
554,5.540197647,223.274000000,100,1410,1215,53,0
555,5.550202635,223.259000000,100,1410,1215,53,0
556,5.560198095,223.259000000,100,1410,1215,53,0
557,5.570196360,223.259000000,100,1410,1215,53,0
558,5.580197972,223.259000000,100,1410,1215,53,0
559,5.590197249,223.259000000,100,1410,1215,53,0
560,5.600197227,223.259000000,100,1410,1215,53,0
561,5.610201484,223.259000000,100,1410,1215,53,0
562,5.620196593,223.259000000,100,1410,1215,53,0
563,5.630197403,223.259000000,100,1410,1215,53,0
564,5.640198273,223.259000000,100,1410,1215,53,0
565,5.650198753,223.131000000,100,1410,1215,53,0
566,5.660196868,223.131000000,100,1410,1215,53,0
567,5.670197007,223.131000000,100,1410,1215,53,0
568,5.680196645,223.131000000,100,1410,1215,53,0
569,5.690197034,223.131000000,100,1410,1215,53,0
570,5.700197173,223.131000000,100,1410,1215,53,0
571,5.710198133,223.131000000,100,1410,1215,53,0
572,5.720197340,223.131000000,100,1410,1215,53,0
573,5.730201066,223.131000000,100,1410,1215,53,0
574,5.740197397,223.131000000,100,1410,1215,53,0
575,5.750198127,223.132000000,100,1410,1215,53,0
576,5.760201833,223.132000000,100,1410,1215,53,0
577,5.770197473,223.132000000,100,1410,1215,53,0
578,5.780197782,223.132000000,100,1410,1215,53,0
579,5.790197841,223.132000000,100,1410,1215,53,0
580,5.800201276,223.132000000,100,1410,1215,53,0
581,5.810197457,223.132000000,100,1410,1215,53,0
582,5.820196524,223.132000000,100,1410,1215,53,0
583,5.830197775,223.132000000,100,1410,1215,53,0
584,5.840202432,223.132000000,100,1410,1215,53,0
585,5.850198543,222.850000000,100,1410,1215,53,0
586,5.860197490,222.850000000,100,1410,1215,53,0
587,5.870197428,222.850000000,100,1410,1215,53,0
588,5.880198038,222.850000000,100,1410,1215,53,0
589,5.890197305,222.850000000,100,1410,1215,53,0
590,5.900197254,222.850000000,100,1410,1215,53,0
591,5.910196561,222.850000000,100,1410,1215,53,0
592,5.920197411,222.850000000,100,1410,1215,53,0
593,5.930202399,222.850000000,100,1410,1215,53,0
594,5.940198400,222.850000000,100,1410,1215,53,0
595,5.950198649,223.108000000,100,1410,1215,53,0
596,5.960202024,223.108000000,100,1410,1215,53,0
597,5.970197124,223.108000000,100,1410,1215,53,0
598,5.980197483,223.108000000,100,1410,1215,53,0
599,5.990197842,223.108000000,100,1410,1215,53,0
600,6.000197710,223.108000000,100,1410,1215,53,0
601,6.010201957,223.108000000,100,1410,1215,53,0
602,6.020197838,223.108000000,100,1410,1215,53,0
603,6.030196153,223.108000000,100,1410,1215,53,0
604,6.040198275,223.108000000,100,1410,1215,53,0
605,6.050198985,223.516000000,100,1410,1215,53,0
606,6.060198112,223.516000000,100,1410,1215,53,0
607,6.070197720,223.516000000,100,1410,1215,53,0
608,6.080201345,223.516000000,100,1410,1215,53,0
609,6.090202426,223.516000000,100,1410,1215,53,0
610,6.100197896,223.516000000,100,1410,1215,53,0
611,6.110198215,223.516000000,100,1410,1215,53,0
612,6.120198063,223.516000000,100,1410,1215,53,0
613,6.130197250,223.516000000,100,1410,1215,53,0
614,6.140196988,223.516000000,100,1410,1215,53,0
615,6.150197698,223.643000000,100,1410,1215,53,0
616,6.160198689,223.643000000,100,1410,1215,53,0
617,6.170198136,223.643000000,100,1410,1215,53,0
618,6.180197423,223.643000000,100,1410,1215,53,0
619,6.190197913,223.643000000,100,1410,1215,53,0
620,6.200197501,223.643000000,100,1410,1215,53,0
621,6.210197800,223.643000000,100,1410,1215,53,0
622,6.220201706,223.643000000,100,1410,1215,53,0
623,6.230197256,223.643000000,100,1410,1215,53,0
624,6.240197866,223.643000000,100,1410,1215,53,0
625,6.250203124,223.849000000,100,1410,1215,53,0
626,6.260197552,223.849000000,100,1410,1215,53,0
627,6.270197671,223.849000000,100,1410,1215,53,0
628,6.280198291,223.849000000,100,1410,1215,53,0
629,6.290198950,223.849000000,100,1410,1215,53,0
630,6.300197656,223.849000000,100,1410,1215,53,0
631,6.310197515,223.849000000,100,1410,1215,53,0
632,6.320197974,223.849000000,100,1410,1215,53,0
633,6.330197482,223.849000000,100,1410,1215,53,0
634,6.340197150,223.849000000,100,1410,1215,53,0
635,6.350198501,224.041000000,100,1410,1215,53,0
636,6.360197447,224.041000000,100,1410,1215,53,0
637,6.370197486,224.041000000,100,1410,1215,53,0
638,6.380197815,224.041000000,100,1410,1215,53,0
639,6.390199186,224.041000000,100,1410,1215,53,0
640,6.400199195,224.041000000,100,1410,1215,53,0
641,6.410199454,224.041000000,100,1410,1215,53,0
642,6.420203430,224.041000000,100,1410,1215,53,0
643,6.430198710,224.041000000,100,1410,1215,53,0
644,6.440199660,224.041000000,100,1410,1215,53,0
645,6.450202554,223.944000000,100,1410,1215,53,0
646,6.460197112,223.944000000,100,1410,1215,53,0
647,6.470203533,223.944000000,100,1410,1215,53,0
648,6.480197069,223.944000000,100,1410,1215,53,0
649,6.490198521,223.944000000,100,1410,1215,53,0
650,6.500197477,223.944000000,100,1410,1215,53,0
651,6.510197606,223.944000000,100,1410,1215,53,0
652,6.520198105,223.944000000,100,1410,1215,53,0
653,6.530198525,223.944000000,100,1410,1215,53,0
654,6.540197351,223.944000000,100,1410,1215,53,0
655,6.550198292,223.955000000,100,1410,1215,53,0
656,6.560198009,223.955000000,100,1410,1215,53,0
657,6.570197988,223.955000000,100,1410,1215,53,0
658,6.580197776,223.955000000,100,1410,1215,53,0
659,6.590198817,223.955000000,100,1410,1215,53,0
660,6.600198725,223.955000000,100,1410,1215,53,0
661,6.610198233,223.955000000,100,1410,1215,53,0
662,6.620196919,223.955000000,100,1410,1215,53,0
663,6.630197920,223.955000000,100,1410,1215,53,0
664,6.640197918,223.955000000,100,1410,1215,53,0
665,6.650203036,223.919000000,100,1410,1215,53,0
666,6.660198477,223.919000000,100,1410,1215,53,0
667,6.670198465,223.919000000,100,1410,1215,53,0
668,6.680197452,223.919000000,100,1410,1215,53,0
669,6.690202219,223.919000000,100,1410,1215,53,0
670,6.700197880,223.919000000,100,1410,1215,53,0
671,6.710199582,223.919000000,100,1410,1215,53,0
672,6.720198057,223.919000000,100,1410,1215,53,0
673,6.730198136,223.919000000,100,1410,1215,53,0
674,6.740197804,223.919000000,100,1410,1215,53,0
675,6.750203033,223.656000000,100,1410,1215,53,0
676,6.760197651,223.656000000,100,1410,1215,53,0
677,6.770197349,223.656000000,100,1410,1215,53,0
678,6.780201947,223.656000000,100,1410,1215,53,0
679,6.790198248,223.656000000,100,1410,1215,53,0
680,6.800197445,223.656000000,100,1410,1215,53,0
681,6.810198045,223.656000000,100,1410,1215,53,0
682,6.820197663,223.656000000,100,1410,1215,53,0
683,6.830202130,223.656000000,100,1410,1215,53,0
684,6.840197901,223.656000000,100,1410,1215,53,0
685,6.850198581,223.329000000,100,1410,1215,53,0
686,6.860198339,223.329000000,100,1410,1215,53,0
687,6.870198257,223.329000000,100,1410,1215,53,0
688,6.880197244,223.329000000,100,1410,1215,53,0
689,6.890197493,223.329000000,100,1410,1215,53,0
690,6.900197542,223.329000000,100,1410,1215,53,0
691,6.910197711,223.329000000,100,1410,1215,53,0
692,6.920197650,223.329000000,100,1410,1215,53,0
693,6.930198760,223.329000000,100,1410,1215,53,0
694,6.940197817,223.329000000,100,1410,1215,53,0
695,6.950198277,223.227000000,100,1410,1215,53,0
696,6.960197624,223.227000000,100,1410,1215,53,0
697,6.970197963,223.227000000,100,1410,1215,53,0
698,6.980198192,223.227000000,100,1410,1215,53,0
699,6.990197119,223.227000000,100,1410,1215,53,0
700,7.000198600,223.227000000,100,1410,1215,53,0
701,7.010197848,223.227000000,100,1410,1215,53,0
702,7.020196955,223.227000000,100,1410,1215,53,0
703,7.030197043,223.227000000,100,1410,1215,53,0
704,7.040197613,223.227000000,100,1410,1215,53,0
705,7.050200327,223.068000000,100,1410,1215,53,0
706,7.060197210,223.068000000,100,1410,1215,53,0
707,7.070197399,223.068000000,100,1410,1215,53,0
708,7.080197668,223.068000000,100,1410,1215,53,0
709,7.090197136,223.068000000,100,1410,1215,53,0
710,7.100197875,223.068000000,100,1410,1215,53,0
711,7.110196672,223.068000000,100,1410,1215,53,0
712,7.120198734,223.068000000,100,1410,1215,53,0
713,7.130198312,223.068000000,100,1410,1215,53,0
714,7.140196738,223.068000000,100,1410,1215,53,0
715,7.150198490,222.875000000,100,1410,1215,53,0
716,7.160201254,222.875000000,100,1410,1215,53,0
717,7.170197285,222.875000000,100,1410,1215,53,0
718,7.180197534,222.875000000,100,1410,1215,53,0
719,7.190197603,222.875000000,100,1410,1215,53,0
720,7.200197451,222.875000000,100,1410,1215,53,0
721,7.210197720,222.875000000,100,1410,1215,53,0
722,7.220197699,222.875000000,100,1410,1215,53,0
723,7.230197357,222.875000000,100,1410,1215,53,0
724,7.240200732,222.875000000,100,1410,1215,53,0
725,7.250199188,222.819000000,100,1410,1215,53,0
726,7.260197603,222.819000000,100,1410,1215,53,0
727,7.270196841,222.819000000,100,1410,1215,53,0
728,7.280196659,222.819000000,100,1410,1215,53,0
729,7.290197579,222.819000000,100,1410,1215,53,0
730,7.300201816,222.819000000,100,1410,1215,53,0
731,7.310198348,222.819000000,100,1410,1215,53,0
732,7.320197074,222.819000000,100,1410,1215,53,0
733,7.330197714,222.819000000,100,1410,1215,53,0
734,7.340201880,222.819000000,100,1410,1215,53,0
735,7.350199595,223.623000000,100,1410,1215,53,0
736,7.360201567,223.623000000,100,1410,1215,53,0
737,7.370198430,223.623000000,100,1410,1215,53,0
738,7.380196515,223.623000000,100,1410,1215,53,0
739,7.390200792,223.623000000,100,1410,1215,53,0
740,7.400201792,223.623000000,100,1410,1215,53,0
741,7.410198174,223.623000000,100,1410,1215,53,0
742,7.420198383,223.623000000,100,1410,1215,53,0
743,7.430198001,223.623000000,100,1410,1215,53,0
744,7.440196777,223.623000000,100,1410,1215,53,0
745,7.450201815,223.943000000,100,1410,1215,53,0
746,7.460198397,223.943000000,100,1410,1215,53,0
747,7.470199027,223.943000000,100,1410,1215,53,0
748,7.480201410,223.943000000,100,1410,1215,53,0
749,7.490197792,223.943000000,100,1410,1215,53,0
750,7.500197240,223.943000000,100,1410,1215,53,0
751,7.510197449,223.943000000,100,1410,1215,53,0
752,7.520197418,223.943000000,100,1410,1215,53,0
753,7.530201404,223.943000000,100,1410,1215,53,0
754,7.540197395,223.943000000,100,1410,1215,53,0
755,7.550198425,224.213000000,100,1410,1215,53,0
756,7.560196911,224.213000000,100,1410,1215,53,0
757,7.570196729,224.213000000,100,1410,1215,53,0
758,7.580197089,224.213000000,100,1410,1215,53,0
759,7.590196867,224.213000000,100,1410,1215,53,0
760,7.600196685,224.213000000,100,1410,1215,53,0
761,7.610198147,224.213000000,100,1410,1215,53,0
762,7.620197524,224.213000000,100,1410,1215,53,0
763,7.630197243,224.213000000,100,1410,1215,53,0
764,7.640197281,224.213000000,100,1410,1215,53,0
765,7.650199003,223.944000000,100,1410,1215,53,0
766,7.660196387,223.944000000,100,1410,1215,53,0
767,7.670196757,223.944000000,100,1410,1215,53,0
768,7.680197667,223.944000000,100,1410,1215,53,0
769,7.690196634,223.944000000,100,1410,1215,53,0
770,7.700196843,223.944000000,100,1410,1215,53,0
771,7.710197062,223.944000000,100,1410,1215,53,0
772,7.720197462,223.944000000,100,1410,1215,53,0
773,7.730197510,223.944000000,100,1410,1215,53,0
774,7.740201236,223.944000000,100,1410,1215,53,0
775,7.750203018,223.944000000,100,1410,1215,53,0
776,7.760198729,223.944000000,100,1410,1215,53,0
777,7.770196834,223.944000000,100,1410,1215,53,0
778,7.780200991,223.944000000,100,1410,1215,53,0
779,7.790198114,223.944000000,100,1410,1215,53,0
780,7.800201589,223.944000000,100,1410,1215,53,0
781,7.810197941,223.944000000,100,1410,1215,53,0
782,7.820197118,223.944000000,100,1410,1215,53,0
783,7.830197598,223.944000000,100,1410,1215,53,0
784,7.840201634,223.944000000,100,1410,1215,53,0
785,7.850202915,224.016000000,100,1410,1215,53,0
786,7.860197784,224.016000000,100,1410,1215,53,0
787,7.870197242,224.016000000,100,1410,1215,53,0
788,7.880197682,224.016000000,100,1410,1215,53,0
789,7.890197380,224.016000000,100,1410,1215,53,0
790,7.900197328,224.016000000,100,1410,1215,53,0
791,7.910201345,224.016000000,100,1410,1215,53,0
792,7.920198468,224.016000000,100,1410,1215,53,0
793,7.930196663,224.016000000,100,1410,1215,53,0
794,7.940197153,224.016000000,100,1410,1215,53,0
795,7.950198604,223.945000000,100,1410,1215,53,0
796,7.960197501,223.945000000,100,1410,1215,53,0
797,7.970197380,223.945000000,100,1410,1215,53,0
798,7.980197789,223.945000000,100,1410,1215,53,0
799,7.990197457,223.945000000,100,1410,1215,53,0
800,8.000199099,223.945000000,100,1410,1215,53,0
801,8.010197906,223.945000000,100,1410,1215,53,0
802,8.020197343,223.945000000,100,1410,1215,53,0
803,8.030198374,223.945000000,100,1410,1215,53,0
804,8.040197892,223.945000000,100,1410,1215,53,0
805,8.050198882,223.643000000,100,1410,1215,53,0
806,8.060198110,223.643000000,100,1410,1215,53,0
807,8.070197076,223.643000000,100,1410,1215,53,0
808,8.080202065,223.643000000,100,1410,1215,53,0
809,8.090198176,223.643000000,100,1410,1215,53,0
810,8.100197824,223.643000000,100,1410,1215,53,0
811,8.110197212,223.643000000,100,1410,1215,53,0
812,8.120197771,223.643000000,100,1410,1215,53,0
813,8.130197600,223.643000000,100,1410,1215,53,0
814,8.140197639,223.643000000,100,1410,1215,53,0
815,8.150199220,223.816000000,100,1410,1215,53,0
816,8.160197856,223.816000000,100,1410,1215,53,0
817,8.170201752,223.816000000,100,1410,1215,53,0
818,8.180197363,223.816000000,100,1410,1215,53,0
819,8.190201379,223.816000000,100,1410,1215,53,0
820,8.200198563,223.816000000,100,1410,1215,53,0
821,8.210198060,223.816000000,100,1410,1215,53,0
822,8.220201866,223.816000000,100,1410,1215,53,0
823,8.230197507,223.816000000,100,1410,1215,53,0
824,8.240201633,223.816000000,100,1410,1215,53,0
825,8.250199458,223.624000000,100,1410,1215,53,0
826,8.260197954,223.624000000,100,1410,1215,53,0
827,8.270198594,223.624000000,100,1410,1215,53,0
828,8.280197330,223.624000000,100,1410,1215,53,0
829,8.290198311,223.624000000,100,1410,1215,53,0
830,8.300202087,223.624000000,100,1410,1215,53,0
831,8.310197226,223.624000000,100,1410,1215,53,0
832,8.320197586,223.624000000,100,1410,1215,53,0
833,8.330197925,223.624000000,100,1410,1215,53,0
834,8.340203294,223.624000000,100,1410,1215,53,0
835,8.350198363,223.349000000,100,1410,1215,53,0
836,8.360201849,223.349000000,100,1410,1215,53,0
837,8.370199022,223.349000000,100,1410,1215,53,0
838,8.380198319,223.349000000,100,1410,1215,53,0
839,8.390196625,223.349000000,100,1410,1215,53,0
840,8.400198557,223.349000000,100,1410,1215,53,0
841,8.410198275,223.349000000,100,1410,1215,53,0
842,8.420197964,223.349000000,100,1410,1215,53,0
843,8.430197632,223.349000000,100,1410,1215,53,0
844,8.440197921,223.349000000,100,1410,1215,53,0
845,8.450198070,223.034000000,100,1410,1215,53,0
846,8.460198750,223.034000000,100,1410,1215,53,0
847,8.470197947,223.034000000,100,1410,1215,53,0
848,8.480201933,223.034000000,100,1410,1215,53,0
849,8.490198145,223.034000000,100,1410,1215,53,0
850,8.500197773,223.034000000,100,1410,1215,53,0
851,8.510197662,223.034000000,100,1410,1215,53,0
852,8.520197971,223.034000000,100,1410,1215,53,0
853,8.530198160,223.034000000,100,1410,1215,53,0
854,8.540203208,223.034000000,100,1410,1215,53,0
855,8.550199610,222.773000000,100,1410,1215,53,0
856,8.560202705,222.773000000,100,1410,1215,53,0
857,8.570198045,222.773000000,100,1410,1215,53,0
858,8.580197893,222.773000000,100,1410,1215,53,0
859,8.590200236,222.773000000,100,1410,1215,53,0
860,8.600198792,222.773000000,100,1410,1215,53,0
861,8.610197739,222.773000000,100,1410,1215,53,0
862,8.620199441,222.773000000,100,1410,1215,53,0
863,8.630198138,222.773000000,100,1410,1215,53,0
864,8.640203426,222.773000000,100,1410,1215,53,0
865,8.650198596,223.369000000,100,1410,1215,53,0
866,8.660198104,223.369000000,100,1410,1215,53,0
867,8.670201419,223.369000000,100,1410,1215,53,0
868,8.680201588,223.369000000,100,1410,1215,53,0
869,8.690197309,223.369000000,100,1410,1215,53,0
870,8.700197959,223.369000000,100,1410,1215,53,0
871,8.710198329,223.369000000,100,1410,1215,53,0
872,8.720198117,223.369000000,100,1410,1215,53,0
873,8.730198336,223.369000000,100,1410,1215,53,0
874,8.740196772,223.369000000,100,1410,1215,53,0
875,8.750197773,223.655000000,100,1410,1215,53,0
876,8.760202180,223.655000000,100,1410,1215,53,0
877,8.770197400,223.655000000,100,1410,1215,53,0
878,8.780197388,223.655000000,100,1410,1215,53,0
879,8.790197698,223.655000000,100,1410,1215,53,0
880,8.800198248,223.655000000,100,1410,1215,53,0
881,8.810197235,223.655000000,100,1410,1215,53,0
882,8.820198225,223.655000000,100,1410,1215,53,0
883,8.830198525,223.655000000,100,1410,1215,53,0
884,8.840197862,223.655000000,100,1410,1215,53,0
885,8.850198432,224.106000000,100,1410,1215,53,0
886,8.860197970,224.106000000,100,1410,1215,53,0
887,8.870197618,224.106000000,100,1410,1215,53,0
888,8.880197878,224.106000000,100,1410,1215,53,0
889,8.890197255,224.106000000,100,1410,1215,53,0
890,8.900201743,224.106000000,100,1410,1215,53,0
891,8.910198125,224.106000000,100,1410,1215,53,0
892,8.920201580,224.106000000,100,1410,1215,53,0
893,8.930197752,224.106000000,100,1410,1215,53,0
894,8.940196779,224.106000000,100,1410,1215,53,0
895,8.950198521,224.137000000,100,1410,1215,53,0
896,8.960197908,224.137000000,100,1410,1215,53,0
897,8.970197126,224.137000000,100,1410,1215,53,0
898,8.980197124,224.137000000,100,1410,1215,53,0
899,8.990196953,224.137000000,100,1410,1215,53,0
900,9.000195539,224.137000000,100,1410,1215,53,0
901,9.010196870,224.137000000,100,1410,1215,53,0
902,9.020196639,224.137000000,100,1410,1215,53,0
903,9.030197640,224.137000000,100,1410,1215,53,0
904,9.040202337,224.137000000,100,1410,1215,53,0
905,9.050198980,224.066000000,100,1410,1215,53,0
906,9.060197616,224.066000000,100,1410,1215,53,0
907,9.070197194,224.066000000,100,1410,1215,53,0
908,9.080196832,224.066000000,100,1410,1215,53,0
909,9.090202251,224.066000000,100,1410,1215,53,0
910,9.100198453,224.066000000,100,1410,1215,53,0
911,9.110201437,224.066000000,100,1410,1215,53,0
912,9.120201256,224.066000000,100,1410,1215,53,0
913,9.130198069,224.066000000,100,1410,1215,53,0
914,9.140197797,224.066000000,100,1410,1215,53,0
915,9.150202705,224.212000000,100,1410,1215,53,0
916,9.160197865,224.212000000,100,1410,1215,53,0
917,9.170197924,224.212000000,100,1410,1215,53,0
918,9.180198133,224.212000000,100,1410,1215,53,0
919,9.190197110,224.212000000,100,1410,1215,53,0
920,9.200201146,224.212000000,100,1410,1215,53,0
921,9.210198881,224.212000000,100,1410,1215,53,0
922,9.220196675,224.212000000,100,1410,1215,53,0
923,9.230198417,224.212000000,100,1410,1215,53,0
924,9.240196923,224.212000000,100,1410,1215,53,0
925,9.250199076,224.212000000,100,1410,1215,53,0
926,9.260197402,224.212000000,100,1410,1215,53,0
927,9.270196479,224.212000000,100,1410,1215,53,0
928,9.280200886,224.212000000,100,1410,1215,53,0
929,9.290197198,224.212000000,100,1410,1215,53,0
930,9.300197087,224.212000000,100,1410,1215,53,0
931,9.310197536,224.212000000,100,1410,1215,53,0
932,9.320196613,224.212000000,100,1410,1215,53,0
933,9.330196993,224.212000000,100,1410,1215,53,0
934,9.340197012,224.212000000,100,1410,1215,53,0
935,9.350199105,223.752000000,100,1410,1215,53,0
936,9.360198723,223.752000000,100,1410,1215,53,0
937,9.370197008,223.752000000,100,1410,1215,53,0
938,9.380197939,223.752000000,100,1410,1215,53,0
939,9.390197777,223.752000000,100,1410,1215,53,0
940,9.400196223,223.752000000,100,1410,1215,53,0
941,9.410196453,223.752000000,100,1410,1215,53,0
942,9.420196772,223.752000000,100,1410,1215,53,0
943,9.430197182,223.752000000,100,1410,1215,53,0
944,9.440196359,223.752000000,100,1410,1215,53,0
945,9.450198191,223.644000000,100,1410,1215,53,0
946,9.460201767,223.644000000,100,1410,1215,53,0
947,9.470197017,223.644000000,100,1410,1215,53,0
948,9.480197055,223.644000000,100,1410,1215,53,0
949,9.490210269,223.644000000,100,1410,1215,53,0
950,9.500197694,223.644000000,100,1410,1215,53,0
951,9.510197523,223.644000000,100,1410,1215,53,0
952,9.520197712,223.644000000,100,1410,1215,53,0
953,9.530196619,223.644000000,100,1410,1215,53,0
954,9.540197680,223.644000000,100,1410,1215,53,0
955,9.550199281,223.708000000,100,1410,1215,53,0
956,9.560197226,223.708000000,100,1410,1215,53,0
957,9.570197486,223.708000000,100,1410,1215,53,0
958,9.580196893,223.708000000,100,1410,1215,53,0
959,9.590198585,223.708000000,100,1410,1215,53,0
960,9.600198374,223.708000000,100,1410,1215,53,0
961,9.610197511,223.708000000,100,1410,1215,53,0
962,9.620197069,223.708000000,100,1410,1215,53,0
963,9.630196637,223.708000000,100,1410,1215,53,0
964,9.640198570,223.708000000,100,1410,1215,53,0
965,9.650204249,223.720000000,100,1410,1215,53,0
966,9.660201573,223.720000000,100,1410,1215,53,0
967,9.670197995,223.720000000,100,1410,1215,53,0
968,9.680197363,223.720000000,100,1410,1215,53,0
969,9.690196911,223.720000000,100,1410,1215,53,0
970,9.700197231,223.720000000,100,1410,1215,53,0
971,9.710201498,223.720000000,100,1410,1215,53,0
972,9.720197128,223.720000000,100,1410,1215,53,0
973,9.730197578,223.720000000,100,1410,1215,53,0
974,9.740201595,223.720000000,100,1410,1215,53,0
975,9.750199149,223.068000000,100,1410,1215,53,0
976,9.760197284,223.068000000,100,1410,1215,53,0
977,9.770196843,223.068000000,100,1410,1215,53,0
978,9.780201390,223.068000000,100,1410,1215,53,0
979,9.790197812,223.068000000,100,1410,1215,53,0
980,9.800197651,223.068000000,100,1410,1215,53,0
981,9.810198261,223.068000000,100,1410,1215,53,0
982,9.820197899,223.068000000,100,1410,1215,53,0
983,9.830197988,223.068000000,100,1410,1215,53,0
984,9.840201473,223.068000000,100,1410,1215,53,0
985,9.850199208,223.042000000,100,1410,1215,53,0
986,9.860197023,223.042000000,100,1410,1215,53,0
987,9.870201610,223.042000000,100,1410,1215,53,0
988,9.880201419,223.042000000,100,1410,1215,53,0
989,9.890197330,223.042000000,100,1410,1215,53,0
990,9.900196618,223.042000000,100,1410,1215,53,0
991,9.910197238,223.042000000,100,1410,1215,53,0
992,9.920201705,223.042000000,100,1410,1215,53,0
993,9.930198097,223.042000000,100,1410,1215,53,0
994,9.940196804,223.042000000,100,1410,1215,53,0
995,9.950198656,223.490000000,100,1410,1215,54,0
996,9.960196822,223.490000000,100,1410,1215,54,0
997,9.970197412,223.490000000,100,1410,1215,54,0
998,9.980196629,223.490000000,100,1410,1215,54,0
999,9.990197179,223.490000000,100,1410,1215,54,0
1000,10.000201707,223.490000000,100,1410,1215,54,0
1001,10.010197928,223.490000000,100,1410,1215,54,0
1002,10.020197446,223.490000000,100,1410,1215,54,0
1003,10.030201443,223.490000000,100,1410,1215,54,0
1004,10.040197615,223.490000000,100,1410,1215,54,0
1005,10.050199367,223.919000000,100,1410,1215,54,0
1006,10.060196540,223.919000000,100,1410,1215,54,0
1007,10.070196890,223.919000000,100,1410,1215,54,0
1008,10.080197069,223.919000000,100,1410,1215,54,0
1009,10.090197018,223.919000000,100,1410,1215,54,0
1010,10.100197878,223.919000000,100,1410,1215,54,0
1011,10.110200883,223.919000000,100,1410,1215,54,0
1012,10.120198117,223.919000000,100,1410,1215,54,0
1013,10.130196523,223.919000000,100,1410,1215,54,0
1014,10.140197704,223.919000000,100,1410,1215,54,0
1015,10.150198875,224.051000000,100,1410,1215,54,0
1016,10.160197561,224.051000000,100,1410,1215,54,0
1017,10.170197009,224.051000000,100,1410,1215,54,0
1018,10.180196557,224.051000000,100,1410,1215,54,0
1019,10.190196877,224.051000000,100,1410,1215,54,0
1020,10.200200492,224.051000000,100,1410,1215,54,0
1021,10.210197416,224.051000000,100,1410,1215,54,0
1022,10.220202364,224.051000000,100,1410,1215,54,0
1023,10.230202022,224.051000000,100,1410,1215,54,0
1024,10.240196901,224.051000000,100,1410,1215,54,0
1025,10.250200036,224.243000000,100,1410,1215,54,0
1026,10.260197360,224.243000000,100,1410,1215,54,0
1027,10.270196568,224.243000000,100,1410,1215,54,0
1028,10.280197117,224.243000000,100,1410,1215,54,0
1029,10.290196195,224.243000000,100,1410,1215,54,0
1030,10.300196905,224.243000000,100,1410,1215,54,0
1031,10.310196754,224.243000000,100,1410,1215,54,0
1032,10.320197524,224.243000000,100,1410,1215,54,0
1033,10.330201310,224.243000000,100,1410,1215,54,0
1034,10.340196981,224.243000000,100,1410,1215,54,0
1035,10.350198502,224.365000000,100,1410,1215,54,0
1036,10.360197429,224.365000000,100,1410,1215,54,0
1037,10.370197408,224.365000000,100,1410,1215,54,0
1038,10.380197317,224.365000000,100,1410,1215,54,0
1039,10.390201894,224.365000000,100,1410,1215,54,0
1040,10.400196924,224.365000000,100,1410,1215,54,0
1041,10.410202283,224.365000000,100,1410,1215,54,0
1042,10.420202011,224.365000000,100,1410,1215,54,0
1043,10.430197181,224.365000000,100,1410,1215,54,0
1044,10.440196679,224.365000000,100,1410,1215,54,0
1045,10.450203641,224.040000000,100,1410,1215,54,0
1046,10.460197960,224.040000000,100,1410,1215,54,0
1047,10.470201395,224.040000000,100,1410,1215,54,0
1048,10.480197587,224.040000000,100,1410,1215,54,0
1049,10.490198607,224.040000000,100,1410,1215,54,0
1050,10.500200640,224.040000000,100,1410,1215,54,0
1051,10.510197974,224.040000000,100,1410,1215,54,0
1052,10.520197622,224.040000000,100,1410,1215,54,0
1053,10.530196679,224.040000000,100,1410,1215,54,0
1054,10.540201247,224.040000000,100,1410,1215,54,0
1055,10.550198962,223.980000000,100,1410,1215,54,0
1056,10.560196836,223.980000000,100,1410,1215,54,0
1057,10.570196986,223.980000000,100,1410,1215,54,0
1058,10.580197696,223.980000000,100,1410,1215,54,0
1059,10.590196773,223.980000000,100,1410,1215,54,0
1060,10.600200349,223.980000000,100,1410,1215,54,0
1061,10.610197753,223.980000000,100,1410,1215,54,0
1062,10.620201048,223.980000000,100,1410,1215,54,0
1063,10.630197641,223.980000000,100,1410,1215,54,0
1064,10.640197700,223.980000000,100,1410,1215,54,0
1065,10.650197719,224.034000000,100,1410,1215,54,0
1066,10.660197297,224.034000000,100,1410,1215,54,0
1067,10.670197066,224.034000000,100,1410,1215,54,0
1068,10.680197706,224.034000000,100,1410,1215,54,0
1069,10.690196232,224.034000000,100,1410,1215,54,0
1070,10.700197604,224.034000000,100,1410,1215,54,0
1071,10.710197533,224.034000000,100,1410,1215,54,0
1072,10.720197512,224.034000000,100,1410,1215,54,0
1073,10.730196869,224.034000000,100,1410,1215,54,0
1074,10.740197079,224.034000000,100,1410,1215,54,0
1075,10.750202999,223.920000000,100,1410,1215,54,0
1076,10.760197758,223.920000000,100,1410,1215,54,0
1077,10.770197647,223.920000000,100,1410,1215,54,0
1078,10.780196964,223.920000000,100,1410,1215,54,0
1079,10.790201662,223.920000000,100,1410,1215,54,0
1080,10.800201761,223.920000000,100,1410,1215,54,0
1081,10.810197312,223.920000000,100,1410,1215,54,0
1082,10.820197071,223.920000000,100,1410,1215,54,0
1083,10.830197681,223.920000000,100,1410,1215,54,0
1084,10.840197520,223.920000000,100,1410,1215,54,0
1085,10.850198851,223.858000000,100,1410,1215,54,0
1086,10.860197177,223.858000000,100,1410,1215,54,0
1087,10.870197266,223.858000000,100,1410,1215,54,0
1088,10.880197546,223.858000000,100,1410,1215,54,0
1089,10.890197344,223.858000000,100,1410,1215,54,0
1090,10.900196642,223.858000000,100,1410,1215,54,0
1091,10.910196861,223.858000000,100,1410,1215,54,0
1092,10.920197001,223.858000000,100,1410,1215,54,0
1093,10.930198142,223.858000000,100,1410,1215,54,0
1094,10.940198101,223.858000000,100,1410,1215,54,0
1095,10.950198561,223.515000000,100,1410,1215,54,0
1096,10.960197668,223.515000000,100,1410,1215,54,0
1097,10.970201544,223.515000000,100,1410,1215,54,0
1098,10.980201413,223.515000000,100,1410,1215,54,0
1099,10.990197715,223.515000000,100,1410,1215,54,0
1100,11.000197614,223.515000000,100,1410,1215,54,0
1101,11.010196721,223.515000000,100,1410,1215,54,0
1102,11.020197331,223.515000000,100,1410,1215,54,0
1103,11.030197390,223.515000000,100,1410,1215,54,0
1104,11.040197139,223.515000000,100,1410,1215,54,0
1105,11.050198400,223.779000000,100,1410,1215,54,0
1106,11.060197057,223.779000000,100,1410,1215,54,0
1107,11.070197476,223.779000000,100,1410,1215,54,0
1108,11.080196834,223.779000000,100,1410,1215,54,0
1109,11.090197925,223.779000000,100,1410,1215,54,0
1110,11.100197403,223.779000000,100,1410,1215,54,0
1111,11.110197072,223.779000000,100,1410,1215,54,0
1112,11.120197642,223.779000000,100,1410,1215,54,0
1113,11.130197180,223.779000000,100,1410,1215,54,0
1114,11.140196939,223.779000000,100,1410,1215,54,0
1115,11.150200384,223.439000000,100,1410,1215,54,0
1116,11.160197487,223.439000000,100,1410,1215,54,0
1117,11.170198869,223.439000000,100,1410,1215,54,0
1118,11.180198708,223.439000000,100,1410,1215,54,0
1119,11.190199138,223.439000000,100,1410,1215,54,0
1120,11.200199237,223.439000000,100,1410,1215,54,0
1121,11.210198995,223.439000000,100,1410,1215,54,0
1122,11.220198984,223.439000000,100,1410,1215,54,0
1123,11.230230282,223.439000000,100,1410,1215,54,0
1124,11.240200465,223.439000000,100,1410,1215,54,0
1125,11.250199963,222.875000000,100,1410,1215,54,0
1126,11.260198319,222.875000000,100,1410,1215,54,0
1127,11.270196865,222.875000000,100,1410,1215,54,0
1128,11.280197526,222.875000000,100,1410,1215,54,0
1129,11.290197344,222.875000000,100,1410,1215,54,0
1130,11.300197744,222.875000000,100,1410,1215,54,0
1131,11.310198234,222.875000000,100,1410,1215,54,0
1132,11.320198413,222.875000000,100,1410,1215,54,0
1133,11.330197581,222.875000000,100,1410,1215,54,0
1134,11.340197670,222.875000000,100,1410,1215,54,0
1135,11.350198100,223.560000000,100,1410,1215,54,0
1136,11.360197768,223.560000000,100,1410,1215,54,0
1137,11.370202095,223.560000000,100,1410,1215,54,0
1138,11.380197836,223.560000000,100,1410,1215,54,0
1139,11.390197835,223.560000000,100,1410,1215,54,0
1140,11.400197955,223.560000000,100,1410,1215,54,0
1141,11.410198615,223.560000000,100,1410,1215,54,0
1142,11.420198243,223.560000000,100,1410,1215,54,0
1143,11.430198122,223.560000000,100,1410,1215,54,0
1144,11.440201778,223.560000000,100,1410,1215,54,0
1145,11.450199152,224.246000000,100,1410,1215,54,0
1146,11.460198459,224.246000000,100,1410,1215,54,0
1147,11.470197827,224.246000000,100,1410,1215,54,0
1148,11.480197195,224.246000000,100,1410,1215,54,0
1149,11.490202374,224.246000000,100,1410,1215,54,0
1150,11.500198165,224.246000000,100,1410,1215,54,0
1151,11.510198044,224.246000000,100,1410,1215,54,0
1152,11.520195989,224.246000000,100,1410,1215,54,0
1153,11.530198132,224.246000000,100,1410,1215,54,0
1154,11.540197440,224.246000000,100,1410,1215,54,0
1155,11.550198270,224.449000000,100,1410,1215,54,0
1156,11.560201375,224.449000000,100,1410,1215,54,0
1157,11.570202035,224.449000000,100,1410,1215,54,0
1158,11.580202275,224.449000000,100,1410,1215,54,0
1159,11.590197485,224.449000000,100,1410,1215,54,0
1160,11.600197654,224.449000000,100,1410,1215,54,0
1161,11.610197323,224.449000000,100,1410,1215,54,0
1162,11.620197302,224.449000000,100,1410,1215,54,0
1163,11.630198232,224.449000000,100,1410,1215,54,0
1164,11.640196638,224.449000000,100,1410,1215,54,0
1165,11.650198030,224.435000000,100,1410,1215,54,0
1166,11.660199031,224.435000000,100,1410,1215,54,0
1167,11.670202176,224.435000000,100,1410,1215,54,0
1168,11.680197997,224.435000000,100,1410,1215,54,0
1169,11.690196844,224.435000000,100,1410,1215,54,0
1170,11.700198747,224.435000000,100,1410,1215,54,0
1171,11.710198636,224.435000000,100,1410,1215,54,0
1172,11.720198465,224.435000000,100,1410,1215,54,0
1173,11.730197562,224.435000000,100,1410,1215,54,0
1174,11.740197511,224.435000000,100,1410,1215,54,0
1175,11.750198963,224.243000000,100,1410,1215,54,0
1176,11.760197088,224.243000000,100,1410,1215,54,0
1177,11.770197368,224.243000000,100,1410,1215,54,0
1178,11.780198429,224.243000000,100,1410,1215,54,0
1179,11.790202837,224.243000000,100,1410,1215,54,0
1180,11.800202395,224.243000000,100,1410,1215,54,0
1181,11.810197976,224.243000000,100,1410,1215,54,0
1182,11.820202132,224.243000000,100,1410,1215,54,0
1183,11.830201651,224.243000000,100,1410,1215,54,0
1184,11.840198033,224.243000000,100,1410,1215,54,0
1185,11.850198733,224.339000000,100,1410,1215,54,0
1186,11.860198362,224.339000000,100,1410,1215,54,0
1187,11.870197399,224.339000000,100,1410,1215,54,0
1188,11.880197669,224.339000000,100,1410,1215,54,0
1189,11.890197207,224.339000000,100,1410,1215,54,0
1190,11.900197707,224.339000000,100,1410,1215,54,0
1191,11.910202655,224.339000000,100,1410,1215,54,0
1192,11.920198477,224.339000000,100,1410,1215,54,0
1193,11.930197384,224.339000000,100,1410,1215,54,0
1194,11.940198274,224.339000000,100,1410,1215,54,0
1195,11.950198434,224.237000000,100,1410,1215,54,0
1196,11.960202611,224.237000000,100,1410,1215,54,0
1197,11.970197430,224.237000000,100,1410,1215,54,0
1198,11.980199303,224.237000000,100,1410,1215,54,0
1199,11.990197058,224.237000000,100,1410,1215,54,0
1200,12.000198019,224.237000000,100,1410,1215,54,0
1201,12.010197396,224.237000000,100,1410,1215,54,0
1202,12.020196895,224.237000000,100,1410,1215,54,0
1203,12.030197785,224.237000000,100,1410,1215,54,0
1204,12.040197314,224.237000000,100,1410,1215,54,0
1205,12.050198675,223.919000000,100,1410,1215,54,0
1206,12.060200618,223.919000000,100,1410,1215,54,0
1207,12.070199825,223.919000000,100,1410,1215,54,0
1208,12.080201428,223.919000000,100,1410,1215,54,0
1209,12.090196517,223.919000000,100,1410,1215,54,0
1210,12.100198611,223.919000000,100,1410,1215,54,0
1211,12.110197277,223.919000000,100,1410,1215,54,0
1212,12.120201684,223.919000000,100,1410,1215,54,0
1213,12.130196854,223.919000000,100,1410,1215,54,0
1214,12.140201703,223.919000000,100,1410,1215,54,0
1215,12.150198556,223.752000000,100,1410,1215,54,0
1216,12.160197112,223.752000000,100,1410,1215,54,0
1217,12.170196781,223.752000000,100,1410,1215,54,0
1218,12.180196980,223.752000000,100,1410,1215,54,0
1219,12.190197069,223.752000000,100,1410,1215,54,0
1220,12.200201928,223.752000000,100,1410,1215,54,0
1221,12.210197919,223.752000000,100,1410,1215,54,0
1222,12.220198740,223.752000000,100,1410,1215,54,0
1223,12.230197507,223.752000000,100,1410,1215,54,0
1224,12.240197937,223.752000000,100,1410,1215,54,0
1225,12.250199128,223.816000000,100,1410,1215,54,0
1226,12.260197504,223.816000000,100,1410,1215,54,0
1227,12.270197643,223.816000000,100,1410,1215,54,0
1228,12.280197322,223.816000000,100,1410,1215,54,0
1229,12.290197952,223.816000000,100,1410,1215,54,0
1230,12.300199454,223.816000000,100,1410,1215,54,0
1231,12.310197309,223.816000000,100,1410,1215,54,0
1232,12.320198070,223.816000000,100,1410,1215,54,0
1233,12.330196826,223.816000000,100,1410,1215,54,0
1234,12.340198448,223.816000000,100,1410,1215,54,0
1235,12.350199449,223.809000000,100,1410,1215,54,0
1236,12.360198376,223.809000000,100,1410,1215,54,0
1237,12.370201051,223.809000000,100,1410,1215,54,0
1238,12.380201470,223.809000000,100,1410,1215,54,0
1239,12.390197382,223.809000000,100,1410,1215,54,0
1240,12.400196840,223.809000000,100,1410,1215,54,0
1241,12.410197841,223.809000000,100,1410,1215,54,0
1242,12.420196998,223.809000000,100,1410,1215,54,0
1243,12.430197348,223.809000000,100,1410,1215,54,0
1244,12.440201856,223.809000000,100,1410,1215,54,0
1245,12.450203288,223.516000000,100,1410,1215,54,0
1246,12.460198127,223.516000000,100,1410,1215,54,0
1247,12.470196643,223.516000000,100,1410,1215,54,0
1248,12.480200950,223.516000000,100,1410,1215,54,0
1249,12.490197854,223.516000000,100,1410,1215,54,0
1250,12.500197542,223.516000000,100,1410,1215,54,0
1251,12.510196760,223.516000000,100,1410,1215,54,0
1252,12.520197821,223.516000000,100,1410,1215,54,0
1253,12.530197760,223.516000000,100,1410,1215,54,0
1254,12.540200564,223.516000000,100,1410,1215,54,0
1255,12.550197718,223.516000000,100,1410,1215,54,0
1256,12.560196304,223.516000000,100,1410,1215,54,0
1257,12.570196704,223.516000000,100,1410,1215,54,0
1258,12.580196733,223.516000000,100,1410,1215,54,0
1259,12.590199568,223.516000000,100,1410,1215,54,0
1260,12.600198154,223.559000000,100,1410,1215,54,0
1261,12.610198424,223.559000000,100,1410,1215,54,0
1262,12.620197542,223.559000000,100,1410,1215,54,0
1263,12.630196869,223.559000000,100,1410,1215,54,0
1264,12.640201848,223.559000000,100,1410,1215,54,0
1265,12.650198561,223.752000000,100,1410,1215,54,0
1266,12.660196887,223.752000000,100,1410,1215,54,0
1267,12.670196506,223.752000000,100,1410,1215,54,0
1268,12.680197116,223.752000000,100,1410,1215,54,0
1269,12.690196664,223.752000000,100,1410,1215,54,0
1270,12.700196022,223.752000000,100,1410,1215,54,0
1271,12.710197574,223.752000000,100,1410,1215,54,0
1272,12.720198365,223.752000000,100,1410,1215,54,0
1273,12.730196531,223.752000000,100,1410,1215,54,0
1274,12.740196690,223.752000000,100,1410,1215,54,0
1275,12.750199114,224.315000000,100,1410,1215,54,0
1276,12.760202740,224.315000000,100,1410,1215,54,0
1277,12.770197229,224.315000000,100,1410,1215,54,0
1278,12.780197017,224.315000000,100,1410,1215,54,0
1279,12.790201104,224.315000000,100,1410,1215,54,0
1280,12.800197196,224.315000000,100,1410,1215,54,0
1281,12.810197125,224.315000000,100,1410,1215,54,0
1282,12.820197615,224.315000000,100,1410,1215,54,0
1283,12.830198416,224.315000000,100,1410,1215,54,0
1284,12.840198065,224.315000000,100,1410,1215,54,0
1285,12.850198855,224.340000000,100,1410,1215,54,0
1286,12.860195989,224.340000000,100,1410,1215,54,0
1287,12.870198242,224.340000000,100,1410,1215,54,0
1288,12.880197590,224.340000000,100,1410,1215,54,0
1289,12.890198141,224.340000000,100,1410,1215,54,0
1290,12.900197438,224.340000000,100,1410,1215,54,0
1291,12.910197788,224.340000000,100,1410,1215,54,0
1292,12.920197487,224.340000000,100,1410,1215,54,0
1293,12.930196825,224.340000000,100,1410,1215,54,0
1294,12.940196844,224.340000000,100,1410,1215,54,0
1295,12.950199628,224.693000000,100,1410,1215,54,0
1296,12.960196712,224.693000000,100,1410,1215,54,0
1297,12.970201170,224.693000000,100,1410,1215,54,0
1298,12.980197612,224.693000000,100,1410,1215,54,0
1299,12.990200958,224.693000000,100,1410,1215,54,0
1300,13.000197631,224.693000000,100,1410,1215,54,0
1301,13.010201587,224.693000000,100,1410,1215,54,0
1302,13.020197569,224.693000000,100,1410,1215,54,0
1303,13.030201015,224.693000000,100,1410,1215,54,0
1304,13.040203639,224.693000000,100,1410,1215,54,0
1305,13.050199530,224.788000000,100,1410,1215,54,0
1306,13.060197526,224.788000000,100,1410,1215,54,0
1307,13.070197465,224.788000000,100,1410,1215,54,0
1308,13.080198035,224.788000000,100,1410,1215,54,0
1309,13.090197814,224.788000000,100,1410,1215,54,0
1310,13.100197372,224.788000000,100,1410,1215,54,0
1311,13.110198233,224.788000000,100,1410,1215,54,0
1312,13.120197110,224.788000000,100,1410,1215,54,0
1313,13.130197059,224.788000000,100,1410,1215,54,0
1314,13.140197489,224.788000000,100,1410,1215,54,0
1315,13.150197498,224.365000000,100,1410,1215,54,0
1316,13.160201174,224.365000000,100,1410,1215,54,0
1317,13.170197266,224.365000000,100,1410,1215,54,0
1318,13.180197576,224.365000000,100,1410,1215,54,0
1319,13.190196914,224.365000000,100,1410,1215,54,0
1320,13.200197885,224.365000000,100,1410,1215,54,0
1321,13.210197694,224.365000000,100,1410,1215,54,0
1322,13.220201640,224.365000000,100,1410,1215,54,0
1323,13.230197632,224.365000000,100,1410,1215,54,0
1324,13.240197220,224.365000000,100,1410,1215,54,0
1325,13.250199574,224.047000000,100,1410,1215,54,0
1326,13.260198922,224.047000000,100,1410,1215,54,0
1327,13.270198220,224.047000000,100,1410,1215,54,0
1328,13.280198529,224.047000000,100,1410,1215,54,0
1329,13.290197908,224.047000000,100,1410,1215,54,0
1330,13.300202154,224.047000000,100,1410,1215,54,0
1331,13.310197164,224.047000000,100,1410,1215,54,0
1332,13.320202704,224.047000000,100,1410,1215,54,0
1333,13.330197904,224.047000000,100,1410,1215,54,0
1334,13.340196881,224.047000000,100,1410,1215,54,0
1335,13.350198053,224.147000000,100,1410,1215,54,0
1336,13.360197261,224.147000000,100,1410,1215,54,0
1337,13.370197350,224.147000000,100,1410,1215,54,0
1338,13.380199643,224.147000000,100,1410,1215,54,0
1339,13.390201306,224.147000000,100,1410,1215,54,0
1340,13.400197928,224.147000000,100,1410,1215,54,0
1341,13.410201635,224.147000000,100,1410,1215,54,0
1342,13.420198077,224.147000000,100,1410,1215,54,0
1343,13.430197565,224.147000000,100,1410,1215,54,0
1344,13.440197424,224.147000000,100,1410,1215,54,0
1345,13.450199347,224.112000000,100,1410,1215,54,0
1346,13.460197813,224.112000000,100,1410,1215,54,0
1347,13.470198153,224.112000000,100,1410,1215,54,0
1348,13.480198583,224.112000000,100,1410,1215,54,0
1349,13.490197450,224.112000000,100,1410,1215,54,0
1350,13.500197550,224.112000000,100,1410,1215,54,0
1351,13.510198350,224.112000000,100,1410,1215,54,0
1352,13.520198229,224.112000000,100,1410,1215,54,0
1353,13.530196565,224.112000000,100,1410,1215,54,0
1354,13.540201804,224.112000000,100,1410,1215,54,0
1355,13.550198567,223.663000000,100,1410,1215,54,0
1356,13.560198797,223.663000000,100,1410,1215,54,0
1357,13.570197564,223.663000000,100,1410,1215,54,0
1358,13.580201661,223.663000000,100,1410,1215,54,0
1359,13.590198915,223.663000000,100,1410,1215,54,0
1360,13.600201769,223.663000000,100,1410,1215,54,0
1361,13.610197751,223.663000000,100,1410,1215,54,0
1362,13.620198121,223.663000000,100,1410,1215,54,0
1363,13.630198090,223.663000000,100,1410,1215,54,0
1364,13.640198140,223.663000000,100,1410,1215,54,0
1365,13.650199101,223.451000000,100,1410,1215,54,0
1366,13.660197226,223.451000000,100,1410,1215,54,0
1367,13.670197216,223.451000000,100,1410,1215,54,0
1368,13.680201904,223.451000000,100,1410,1215,54,0
1369,13.690197725,223.451000000,100,1410,1215,54,0
1370,13.700197143,223.451000000,100,1410,1215,54,0
1371,13.710201491,223.451000000,100,1410,1215,54,0
1372,13.720198895,223.451000000,100,1410,1215,54,0
1373,13.730198013,223.451000000,100,1410,1215,54,0
1374,13.740201639,223.451000000,100,1410,1215,54,0
1375,13.750200326,223.451000000,100,1410,1215,54,0
1376,13.760198592,223.451000000,100,1410,1215,54,0
1377,13.770198341,223.451000000,100,1410,1215,54,0
1378,13.780197388,223.451000000,100,1410,1215,54,0
1379,13.790197728,223.451000000,100,1410,1215,54,0
1380,13.800201284,223.451000000,100,1410,1215,54,0
1381,13.810197897,223.451000000,100,1410,1215,54,0
1382,13.820197465,223.451000000,100,1410,1215,54,0
1383,13.830197715,223.451000000,100,1410,1215,54,0
1384,13.840202042,223.451000000,100,1410,1215,54,0
1385,13.850199417,223.791000000,100,1410,1215,54,0
1386,13.860198304,223.791000000,100,1410,1215,54,0
1387,13.870196860,223.791000000,100,1410,1215,54,0
1388,13.880196800,223.791000000,100,1410,1215,54,0
1389,13.890197630,223.791000000,100,1410,1215,54,0
1390,13.900198081,223.791000000,100,1410,1215,54,0
1391,13.910197719,223.791000000,100,1410,1215,54,0
1392,13.920197939,223.791000000,100,1410,1215,54,0
1393,13.930197898,223.791000000,100,1410,1215,54,0
1394,13.940197386,223.791000000,100,1410,1215,54,0
1395,13.950197756,223.720000000,100,1410,1215,54,0
1396,13.960202324,223.720000000,100,1410,1215,54,0
1397,13.970198096,223.720000000,100,1410,1215,54,0
1398,13.980195911,223.720000000,100,1410,1215,54,0
1399,13.990196151,223.720000000,100,1410,1215,54,0
1400,14.000196931,223.720000000,100,1410,1215,54,0
1401,14.010196900,223.720000000,100,1410,1215,54,0
1402,14.020197972,223.720000000,100,1410,1215,54,0
1403,14.030197620,223.720000000,100,1410,1215,54,0
1404,14.040195275,223.720000000,100,1410,1215,54,0
1405,14.050198080,223.858000000,100,1410,1215,54,0
1406,14.060197187,223.858000000,100,1410,1215,54,0
1407,14.070197147,223.858000000,100,1410,1215,54,0
1408,14.080196394,223.858000000,100,1410,1215,54,0
1409,14.090202034,223.858000000,100,1410,1215,54,0
1410,14.100198377,223.858000000,100,1410,1215,54,0
1411,14.110196763,223.858000000,100,1410,1215,54,0
1412,14.120196932,223.858000000,100,1410,1215,54,0
1413,14.130196922,223.858000000,100,1410,1215,54,0
1414,14.140200758,223.858000000,100,1410,1215,54,0
1415,14.150199124,224.410000000,100,1410,1215,54,0
1416,14.160197240,224.410000000,100,1410,1215,54,0
1417,14.170196428,224.410000000,100,1410,1215,54,0
1418,14.180197569,224.410000000,100,1410,1215,54,0
1419,14.190200875,224.410000000,100,1410,1215,54,0
1420,14.200196676,224.410000000,100,1410,1215,54,0
1421,14.210196415,224.410000000,100,1410,1215,54,0
1422,14.220196795,224.410000000,100,1410,1215,54,0
1423,14.230197175,224.410000000,100,1410,1215,54,0
1424,14.240196413,224.410000000,100,1410,1215,54,0
1425,14.250199077,224.568000000,100,1410,1215,54,0
1426,14.260197313,224.568000000,100,1410,1215,54,0
1427,14.270197753,224.568000000,100,1410,1215,54,0
1428,14.280197311,224.568000000,100,1410,1215,54,0
1429,14.290201238,224.568000000,100,1410,1215,54,0
1430,14.300198162,224.568000000,100,1410,1215,54,0
1431,14.310201647,224.568000000,100,1410,1215,54,0
1432,14.320197038,224.568000000,100,1410,1215,54,0
1433,14.330196526,224.568000000,100,1410,1215,54,0
1434,14.340196776,224.568000000,100,1410,1215,54,0
1435,14.350198479,224.545000000,100,1410,1215,54,0
1436,14.360197075,224.545000000,100,1410,1215,54,0
1437,14.370197806,224.545000000,100,1410,1215,54,0
1438,14.380201372,224.545000000,100,1410,1215,54,0
1439,14.390197153,224.545000000,100,1410,1215,54,0
1440,14.400196912,224.545000000,100,1410,1215,54,0
1441,14.410201219,224.545000000,100,1410,1215,54,0
1442,14.420201810,224.545000000,100,1410,1215,54,0
1443,14.430197090,224.545000000,100,1410,1215,54,0
1444,14.440197110,224.545000000,100,1410,1215,54,0
1445,14.450199664,224.897000000,100,1410,1215,54,0
1446,14.460196487,224.897000000,100,1410,1215,54,0
1447,14.470197288,224.897000000,100,1410,1215,54,0
1448,14.480197878,224.897000000,100,1410,1215,54,0
1449,14.490197096,224.897000000,100,1410,1215,54,0
1450,14.500197225,224.897000000,100,1410,1215,54,0
1451,14.510197495,224.897000000,100,1410,1215,54,0
1452,14.520197014,224.897000000,100,1410,1215,54,0
1453,14.530197133,224.897000000,100,1410,1215,54,0
1454,14.540197343,224.897000000,100,1410,1215,54,0
1455,14.550203523,224.788000000,100,1410,1215,54,0
1456,14.560197501,224.788000000,100,1410,1215,54,0
1457,14.570201819,224.788000000,100,1410,1215,54,0
1458,14.580198312,224.788000000,100,1410,1215,54,0
1459,14.590196718,224.788000000,100,1410,1215,54,0
1460,14.600196807,224.788000000,100,1410,1215,54,0
1461,14.610196997,224.788000000,100,1410,1215,54,0
1462,14.620197117,224.788000000,100,1410,1215,54,0
1463,14.630200813,224.788000000,100,1410,1215,54,0
1464,14.640197015,224.788000000,100,1410,1215,54,0
1465,14.650202875,224.315000000,100,1410,1215,54,0
1466,14.660197815,224.315000000,100,1410,1215,54,0
1467,14.670196803,224.315000000,100,1410,1215,54,0
1468,14.680196341,224.315000000,100,1410,1215,54,0
1469,14.690200919,224.315000000,100,1410,1215,54,0
1470,14.700196941,224.315000000,100,1410,1215,54,0
1471,14.710196349,224.315000000,100,1410,1215,54,0
1472,14.720196589,224.315000000,100,1410,1215,54,0
1473,14.730201237,224.315000000,100,1410,1215,54,0
1474,14.740197550,224.315000000,100,1410,1215,54,0
1475,14.750198641,224.339000000,100,1410,1215,54,0
1476,14.760196847,224.339000000,100,1410,1215,54,0
1477,14.770202227,224.339000000,100,1410,1215,54,0
1478,14.780197868,224.339000000,100,1410,1215,54,0
1479,14.790197356,224.339000000,100,1410,1215,54,0
1480,14.800196754,224.339000000,100,1410,1215,54,0
1481,14.810197395,224.339000000,100,1410,1215,54,0
1482,14.820197284,224.339000000,100,1410,1215,54,0
1483,14.830200740,224.339000000,100,1410,1215,54,0
1484,14.840198235,224.339000000,100,1410,1215,54,0
1485,14.850198665,224.243000000,100,1410,1215,54,0
1486,14.860197041,224.243000000,100,1410,1215,54,0
1487,14.870198133,224.243000000,100,1410,1215,54,0
1488,14.880195998,224.243000000,100,1410,1215,54,0
1489,14.890197229,224.243000000,100,1410,1215,54,0
1490,14.900198391,224.243000000,100,1410,1215,54,0
1491,14.910198030,224.243000000,100,1410,1215,54,0
1492,14.920198410,224.243000000,100,1410,1215,54,0
1493,14.930196626,224.243000000,100,1410,1215,54,0
1494,14.940197757,224.243000000,100,1410,1215,54,0
1495,14.950199259,223.944000000,100,1410,1215,54,0
1496,14.960196323,223.944000000,100,1410,1215,54,0
1497,14.970197325,223.944000000,100,1410,1215,54,0
1498,14.980198636,223.944000000,100,1410,1215,54,0
1499,14.990198455,223.944000000,100,1410,1215,54,0
1500,15.000201280,223.944000000,100,1410,1215,54,0
1501,15.010198855,223.944000000,100,1410,1215,54,0
1502,15.020197552,223.944000000,100,1410,1215,54,0
1503,15.030197351,223.944000000,100,1410,1215,54,0
1504,15.040197310,223.944000000,100,1410,1215,54,0
1505,15.050199133,223.656000000,100,1410,1215,54,0
1506,15.060198110,223.656000000,100,1410,1215,54,0
1507,15.070197398,223.656000000,100,1410,1215,54,0
1508,15.080196827,223.656000000,100,1410,1215,54,0
1509,15.090197327,223.656000000,100,1410,1215,54,0
1510,15.100197086,223.656000000,100,1410,1215,54,0
1511,15.110201574,223.656000000,100,1410,1215,54,0
1512,15.120198397,223.656000000,100,1410,1215,54,0
1513,15.130197946,223.656000000,100,1410,1215,54,0
1514,15.140198165,223.656000000,100,1410,1215,54,0
1515,15.150198535,223.823000000,100,1410,1215,54,0
1516,15.160198074,223.823000000,100,1410,1215,54,0
1517,15.170197512,223.823000000,100,1410,1215,54,0
1518,15.180197762,223.823000000,100,1410,1215,54,0
1519,15.190201979,223.823000000,100,1410,1215,54,0
1520,15.200202730,223.823000000,100,1410,1215,54,0
1521,15.210201748,223.823000000,100,1410,1215,54,0
1522,15.220198000,223.823000000,100,1410,1215,54,0
1523,15.230198260,223.823000000,100,1410,1215,54,0
1524,15.240198460,223.823000000,100,1410,1215,54,0
1525,15.250198679,223.133000000,100,1410,1215,54,0
1526,15.260197376,223.133000000,100,1410,1215,54,0
1527,15.270198367,223.133000000,100,1410,1215,54,0
1528,15.280202655,223.133000000,100,1410,1215,54,0
1529,15.290197525,223.133000000,100,1410,1215,54,0
1530,15.300198275,223.133000000,100,1410,1215,54,0
1531,15.310197744,223.133000000,100,1410,1215,54,0
1532,15.320197673,223.133000000,100,1410,1215,54,0
1533,15.330197201,223.133000000,100,1410,1215,54,0
1534,15.340198163,223.133000000,100,1410,1215,54,0
1535,15.350198703,223.822000000,100,1410,1215,54,0
1536,15.360202429,223.822000000,100,1410,1215,54,0
1537,15.370198281,223.822000000,100,1410,1215,54,0
1538,15.380198260,223.822000000,100,1410,1215,54,0
1539,15.390197087,223.822000000,100,1410,1215,54,0
1540,15.400197808,223.822000000,100,1410,1215,54,0
1541,15.410197707,223.822000000,100,1410,1215,54,0
1542,15.420198017,223.822000000,100,1410,1215,54,0
1543,15.430197385,223.822000000,100,1410,1215,54,0
1544,15.440198427,223.822000000,100,1410,1215,54,0
1545,15.450199358,224.147000000,100,1410,1215,54,0
1546,15.460202102,224.147000000,100,1410,1215,54,0
1547,15.470199136,224.147000000,100,1410,1215,54,0
1548,15.480198244,224.147000000,100,1410,1215,54,0
1549,15.490199506,224.147000000,100,1410,1215,54,0
1550,15.500198503,224.147000000,100,1410,1215,54,0
1551,15.510197801,224.147000000,100,1410,1215,54,0
1552,15.520199975,224.147000000,100,1410,1215,54,0
1553,15.530197569,224.147000000,100,1410,1215,54,0
1554,15.540197939,224.147000000,100,1410,1215,54,0
1555,15.550198700,224.628000000,100,1410,1215,54,0
1556,15.560197678,224.628000000,100,1410,1215,54,0
1557,15.570198478,224.628000000,100,1410,1215,54,0
1558,15.580197897,224.628000000,100,1410,1215,54,0
1559,15.590196894,224.628000000,100,1410,1215,54,0
1560,15.600201743,224.628000000,100,1410,1215,54,0
1561,15.610197955,224.628000000,100,1410,1215,54,0
1562,15.620197804,224.628000000,100,1410,1215,54,0
1563,15.630198174,224.628000000,100,1410,1215,54,0
1564,15.640197883,224.628000000,100,1410,1215,54,0
1565,15.650199175,224.736000000,100,1410,1215,54,0
1566,15.660197912,224.736000000,100,1410,1215,54,0
1567,15.670197591,224.736000000,100,1410,1215,54,0
1568,15.680201438,224.736000000,100,1410,1215,54,0
1569,15.690198251,224.736000000,100,1410,1215,54,0
1570,15.700201627,224.736000000,100,1410,1215,54,0
1571,15.710197779,224.736000000,100,1410,1215,54,0
1572,15.720197588,224.736000000,100,1410,1215,54,0
1573,15.730198349,224.736000000,100,1410,1215,54,0
1574,15.740197888,224.736000000,100,1410,1215,54,0
1575,15.750198128,224.812000000,100,1410,1215,54,0
1576,15.760198277,224.812000000,100,1410,1215,54,0
1577,15.770197826,224.812000000,100,1410,1215,54,0
1578,15.780197234,224.812000000,100,1410,1215,54,0
1579,15.790202343,224.812000000,100,1410,1215,54,0
1580,15.800197824,224.812000000,100,1410,1215,54,0
1581,15.810197794,224.812000000,100,1410,1215,54,0
1582,15.820198585,224.812000000,100,1410,1215,54,0
1583,15.830197322,224.812000000,100,1410,1215,54,0
1584,15.840197101,224.812000000,100,1410,1215,54,0
1585,15.850202450,224.826000000,100,1410,1215,54,0
1586,15.860197350,224.826000000,100,1410,1215,54,0
1587,15.870197280,224.826000000,100,1410,1215,54,0
1588,15.880197099,224.826000000,100,1410,1215,54,0
1589,15.890197799,224.826000000,100,1410,1215,54,0
1590,15.900197829,224.826000000,100,1410,1215,54,0
1591,15.910201335,224.826000000,100,1410,1215,54,0
1592,15.920198309,224.826000000,100,1410,1215,54,0
1593,15.930197607,224.826000000,100,1410,1215,54,0
1594,15.940197206,224.826000000,100,1410,1215,54,0
1595,15.950204599,224.706000000,100,1410,1215,54,0
1596,15.960198276,224.706000000,100,1410,1215,54,0
1597,15.970196793,224.706000000,100,1410,1215,54,0
1598,15.980197023,224.706000000,100,1410,1215,54,0
1599,15.990196441,224.706000000,100,1410,1215,54,0
1600,16.000197843,224.706000000,100,1410,1215,54,0
1601,16.010196871,224.706000000,100,1410,1215,54,0
1602,16.020197362,224.706000000,100,1410,1215,54,0
1603,16.030201328,224.706000000,100,1410,1215,54,0
1604,16.040197501,224.706000000,100,1410,1215,54,0
1605,16.050199103,224.531000000,100,1410,1215,54,0
1606,16.060197590,224.531000000,100,1410,1215,54,0
1607,16.070196718,224.531000000,100,1410,1215,54,0
1608,16.080198140,224.531000000,100,1410,1215,54,0
1609,16.090198049,224.531000000,100,1410,1215,54,0
1610,16.100201745,224.531000000,100,1410,1215,54,0
1611,16.110197727,224.531000000,100,1410,1215,54,0
1612,16.120197095,224.531000000,100,1410,1215,54,0
1613,16.130196323,224.531000000,100,1410,1215,54,0
1614,16.140197044,224.531000000,100,1410,1215,54,0
1615,16.150198707,224.040000000,100,1410,1215,54,0
1616,16.160196763,224.040000000,100,1410,1215,54,0
1617,16.170197053,224.040000000,100,1410,1215,54,0
1618,16.180200629,224.040000000,100,1410,1215,54,0
1619,16.190197873,224.040000000,100,1410,1215,54,0
1620,16.200197281,224.040000000,100,1410,1215,54,0
1621,16.210196389,224.040000000,100,1410,1215,54,0
1622,16.220197090,224.040000000,100,1410,1215,54,0
1623,16.230196328,224.040000000,100,1410,1215,54,0
1624,16.240196778,224.040000000,100,1410,1215,54,0
1625,16.250198491,223.975000000,100,1410,1215,54,0
1626,16.260201235,223.975000000,100,1410,1215,54,0
1627,16.270201986,223.975000000,100,1410,1215,54,0
1628,16.280197878,223.975000000,100,1410,1215,54,0
1629,16.290197677,223.975000000,100,1410,1215,54,0
1630,16.300197126,223.975000000,100,1410,1215,54,0
1631,16.310197446,223.975000000,100,1410,1215,54,0
1632,16.320198146,223.975000000,100,1410,1215,54,0
1633,16.330201633,223.975000000,100,1410,1215,54,0
1634,16.340197614,223.975000000,100,1410,1215,54,0
1635,16.350198886,223.873000000,100,1410,1215,54,0
1636,16.360280408,223.873000000,100,1410,1215,54,0
1637,16.370196821,223.873000000,100,1410,1215,54,0
1638,16.380196149,223.873000000,100,1410,1215,54,0
1639,16.390197672,223.873000000,100,1410,1215,54,0
1640,16.400201569,223.873000000,100,1410,1215,54,0
1641,16.410197520,223.873000000,100,1410,1215,54,0
1642,16.420197911,223.873000000,100,1410,1215,54,0
1643,16.430196928,223.873000000,100,1410,1215,54,0
1644,16.440197018,223.873000000,100,1410,1215,54,0
1645,16.450198250,223.919000000,100,1410,1215,54,0
1646,16.460197558,223.919000000,100,1410,1215,54,0
1647,16.470197096,223.919000000,100,1410,1215,54,0
1648,16.480202366,223.919000000,100,1410,1215,54,0
1649,16.490197716,223.919000000,100,1410,1215,54,0
1650,16.500196914,223.919000000,100,1410,1215,54,0
1651,16.510198016,223.919000000,100,1410,1215,54,0
1652,16.520198376,223.919000000,100,1410,1215,54,0
1653,16.530197614,223.919000000,100,1410,1215,54,0
1654,16.540196612,223.919000000,100,1410,1215,54,0
1655,16.550198314,223.559000000,100,1410,1215,54,0
1656,16.560195228,223.559000000,100,1410,1215,54,0
1657,16.570200958,223.559000000,100,1410,1215,54,0
1658,16.580202560,223.559000000,100,1410,1215,54,0
1659,16.590203151,223.559000000,100,1410,1215,54,0
1660,16.600198011,223.559000000,100,1410,1215,54,0
1661,16.610201968,223.559000000,100,1410,1215,54,0
1662,16.620197489,223.559000000,100,1410,1215,54,0
1663,16.630198220,223.559000000,100,1410,1215,54,0
1664,16.640201806,223.559000000,100,1410,1215,54,0
1665,16.650198179,223.522000000,100,1410,1215,54,0
1666,16.660197126,223.522000000,100,1410,1215,54,0
1667,16.670197326,223.522000000,100,1410,1215,54,0
1668,16.680196865,223.522000000,100,1410,1215,54,0
1669,16.690196714,223.522000000,100,1410,1215,54,0
1670,16.700201262,223.522000000,100,1410,1215,54,0
1671,16.710197034,223.522000000,100,1410,1215,54,0
1672,16.720196953,223.522000000,100,1410,1215,54,0
1673,16.730197925,223.522000000,100,1410,1215,54,0
1674,16.740196882,223.522000000,100,1410,1215,54,0
1675,16.750197854,224.013000000,100,1410,1215,54,0
1676,16.760197452,224.013000000,100,1410,1215,54,0
1677,16.770197532,224.013000000,100,1410,1215,54,0
1678,16.780196860,224.013000000,100,1410,1215,54,0
1679,16.790196519,224.013000000,100,1410,1215,54,0
1680,16.800197060,224.013000000,100,1410,1215,54,0
1681,16.810201828,224.013000000,100,1410,1215,54,0
1682,16.820197640,224.013000000,100,1410,1215,54,0
1683,16.830201136,224.013000000,100,1410,1215,54,0
1684,16.840197930,224.013000000,100,1410,1215,54,0
1685,16.850198831,224.429000000,100,1410,1215,54,0
1686,16.860196416,224.429000000,100,1410,1215,54,0
1687,16.870196836,224.429000000,100,1410,1215,54,0
1688,16.880197247,224.429000000,100,1410,1215,54,0
1689,16.890196404,224.429000000,100,1410,1215,54,0
1690,16.900197556,224.429000000,100,1410,1215,54,0
1691,16.910196734,224.429000000,100,1410,1215,54,0
1692,16.920196563,224.429000000,100,1410,1215,54,0
1693,16.930196723,224.429000000,100,1410,1215,54,0
1694,16.940196953,224.429000000,100,1410,1215,54,0
1695,16.950198716,224.628000000,100,1410,1215,54,0
1696,16.960197253,224.628000000,100,1410,1215,54,0
1697,16.970201090,224.628000000,100,1410,1215,54,0
1698,16.980197543,224.628000000,100,1410,1215,54,0
1699,16.990197271,224.628000000,100,1410,1215,54,0
1700,17.000196740,224.628000000,100,1410,1215,54,0
1701,17.010196860,224.628000000,100,1410,1215,54,0
1702,17.020197551,224.628000000,100,1410,1215,54,0
1703,17.030197821,224.628000000,100,1410,1215,54,0
1704,17.040198031,224.628000000,100,1410,1215,54,0
1705,17.050199944,224.831000000,100,1410,1215,54,0
1706,17.060197188,224.831000000,100,1410,1215,54,0
1707,17.070198300,224.831000000,100,1410,1215,54,0
1708,17.080197077,224.831000000,100,1410,1215,54,0
1709,17.090197237,224.831000000,100,1410,1215,54,0
1710,17.100200032,224.831000000,100,1410,1215,54,0
1711,17.110197877,224.831000000,100,1410,1215,54,0
1712,17.120197466,224.831000000,100,1410,1215,54,0
1713,17.130197716,224.831000000,100,1410,1215,54,0
1714,17.140197084,224.831000000,100,1410,1215,54,0
1715,17.150198456,224.999000000,100,1410,1215,54,0
1716,17.160198085,224.999000000,100,1410,1215,54,0
1717,17.170198275,224.999000000,100,1410,1215,54,0
1718,17.180202543,224.999000000,100,1410,1215,54,0
1719,17.190197793,224.999000000,100,1410,1215,54,0
1720,17.200196731,224.999000000,100,1410,1215,54,0
1721,17.210198033,224.999000000,100,1410,1215,54,0
1722,17.220202561,224.999000000,100,1410,1215,54,0
1723,17.230197862,224.999000000,100,1410,1215,54,0
1724,17.240196529,224.999000000,100,1410,1215,54,0
1725,17.250198542,224.993000000,100,1410,1215,54,0
1726,17.260197820,224.993000000,100,1410,1215,54,0
1727,17.270197259,224.993000000,100,1410,1215,54,0
1728,17.280197659,224.993000000,100,1410,1215,54,0
1729,17.290198440,224.993000000,100,1410,1215,54,0
1730,17.300201906,224.993000000,100,1410,1215,54,0
1731,17.310197928,224.993000000,100,1410,1215,54,0
1732,17.320197807,224.993000000,100,1410,1215,54,0
1733,17.330197987,224.993000000,100,1410,1215,54,0
1734,17.340198117,224.993000000,100,1410,1215,54,0
1735,17.350198968,224.716000000,100,1410,1215,54,0
1736,17.360198156,224.716000000,100,1410,1215,54,0
1737,17.370197855,224.716000000,100,1410,1215,54,0
1738,17.380197334,224.716000000,100,1410,1215,54,0
1739,17.390198255,224.716000000,100,1410,1215,54,0
1740,17.400197483,224.716000000,100,1410,1215,54,0
1741,17.410197793,224.716000000,100,1410,1215,54,0
1742,17.420197662,224.716000000,100,1410,1215,54,0
1743,17.430197862,224.716000000,100,1410,1215,54,0
1744,17.440197752,224.716000000,100,1410,1215,54,0
1745,17.450197811,224.339000000,100,1410,1215,54,0
1746,17.460197871,224.339000000,100,1410,1215,54,0
1747,17.470257011,224.339000000,100,1410,1215,54,0
1748,17.480197459,224.339000000,100,1410,1215,54,0
1749,17.490197639,224.339000000,100,1410,1215,54,0
1750,17.500197148,224.339000000,100,1410,1215,54,0
1751,17.510198430,224.339000000,100,1410,1215,54,0
1752,17.520197728,224.339000000,100,1410,1215,54,0
1753,17.530201304,224.339000000,100,1410,1215,54,0
1754,17.540197186,224.339000000,100,1410,1215,54,0
1755,17.550199710,224.147000000,100,1410,1215,54,0
1756,17.560197806,224.147000000,100,1410,1215,54,0
1757,17.570197946,224.147000000,100,1410,1215,54,0
1758,17.580198757,224.147000000,100,1410,1215,54,0
1759,17.590202363,224.147000000,100,1410,1215,54,0
1760,17.600197294,224.147000000,100,1410,1215,54,0
1761,17.610201982,224.147000000,100,1410,1215,54,0
1762,17.620198495,224.147000000,100,1410,1215,54,0
1763,17.630197563,224.147000000,100,1410,1215,54,0
1764,17.640198204,224.147000000,100,1410,1215,54,0
1765,17.650198684,224.041000000,100,1410,1215,54,0
1766,17.660198854,224.041000000,100,1410,1215,54,0
1767,17.670201659,224.041000000,100,1410,1215,54,0
1768,17.680198313,224.041000000,100,1410,1215,54,0
1769,17.690198292,224.041000000,100,1410,1215,54,0
1770,17.700197510,224.041000000,100,1410,1215,54,0
1771,17.710198021,224.041000000,100,1410,1215,54,0
1772,17.720200265,224.041000000,100,1410,1215,54,0
1773,17.730197329,224.041000000,100,1410,1215,54,0
1774,17.740198120,224.041000000,100,1410,1215,54,0
1775,17.750198771,224.016000000,100,1410,1215,54,0
1776,17.760202087,224.016000000,100,1410,1215,54,0
1777,17.770196867,224.016000000,100,1410,1215,54,0
1778,17.780198559,224.016000000,100,1410,1215,54,0
1779,17.790197337,224.016000000,100,1410,1215,54,0
1780,17.800198098,224.016000000,100,1410,1215,54,0
1781,17.810197907,224.016000000,100,1410,1215,54,0
1782,17.820198207,224.016000000,100,1410,1215,54,0
1783,17.830197986,224.016000000,100,1410,1215,54,0
1784,17.840198156,224.016000000,100,1410,1215,54,0
1785,17.850198517,223.721000000,100,1410,1215,54,0
1786,17.860197484,223.721000000,100,1410,1215,54,0
1787,17.870198085,223.721000000,100,1410,1215,54,0
1788,17.880197133,223.721000000,100,1410,1215,54,0
1789,17.890197243,223.721000000,100,1410,1215,54,0
1790,17.900197242,223.721000000,100,1410,1215,54,0
1791,17.910197522,223.721000000,100,1410,1215,54,0
1792,17.920198123,223.721000000,100,1410,1215,54,0
1793,17.930197502,223.721000000,100,1410,1215,54,0
1794,17.940197211,223.721000000,100,1410,1215,54,0
1795,17.950198373,223.451000000,100,1410,1215,54,0
1796,17.960198132,223.451000000,100,1410,1215,54,0
1797,17.970201217,223.451000000,100,1410,1215,54,0
1798,17.980198191,223.451000000,100,1410,1215,54,0
1799,17.990198101,223.451000000,100,1410,1215,54,0
1800,18.000198361,223.451000000,100,1410,1215,54,0
1801,18.010197649,223.451000000,100,1410,1215,54,0
1802,18.020197058,223.451000000,100,1410,1215,54,0
1803,18.030197318,223.451000000,100,1410,1215,54,0
1804,18.040196335,223.451000000,100,1410,1215,54,0
1805,18.050198349,223.848000000,100,1410,1215,54,0
1806,18.060197457,223.848000000,100,1410,1215,54,0
1807,18.070197196,223.848000000,100,1410,1215,54,0
1808,18.080202245,223.848000000,100,1410,1215,54,0
1809,18.090198227,223.848000000,100,1410,1215,54,0
1810,18.100198046,223.848000000,100,1410,1215,54,0
1811,18.110197816,223.848000000,100,1410,1215,54,0
1812,18.120198857,223.848000000,100,1410,1215,54,0
1813,18.130202864,223.848000000,100,1410,1215,54,0
1814,18.140197444,223.848000000,100,1410,1215,54,0
1815,18.150199748,224.041000000,100,1410,1215,54,0
1816,18.160197694,224.041000000,100,1410,1215,54,0
1817,18.170197232,224.041000000,100,1410,1215,54,0
1818,18.180202792,224.041000000,100,1410,1215,54,0
1819,18.190199275,224.041000000,100,1410,1215,54,0
1820,18.200197442,224.041000000,100,1410,1215,54,0
1821,18.210197531,224.041000000,100,1410,1215,54,0
1822,18.220201879,224.041000000,100,1410,1215,54,0
1823,18.230196749,224.041000000,100,1410,1215,54,0
1824,18.240197470,224.041000000,100,1410,1215,54,0
1825,18.250198472,224.628000000,100,1410,1215,54,0
1826,18.260201337,224.628000000,100,1410,1215,54,0
1827,18.270197209,224.628000000,100,1410,1215,54,0
1828,18.280201035,224.628000000,100,1410,1215,54,0
1829,18.290197418,224.628000000,100,1410,1215,54,0
1830,18.300197628,224.628000000,100,1410,1215,54,0
1831,18.310197718,224.628000000,100,1410,1215,54,0
1832,18.320201855,224.628000000,100,1410,1215,54,0
1833,18.330198168,224.628000000,100,1410,1215,54,0
1834,18.340201314,224.628000000,100,1410,1215,54,0
1835,18.350199430,224.831000000,100,1410,1215,54,0
1836,18.360196744,224.831000000,100,1410,1215,54,0
1837,18.370197095,224.831000000,100,1410,1215,54,0
1838,18.380200961,224.831000000,100,1410,1215,54,0
1839,18.390196934,224.831000000,100,1410,1215,54,0
1840,18.400196533,224.831000000,100,1410,1215,54,0
1841,18.410196943,224.831000000,100,1410,1215,54,0
1842,18.420197403,224.831000000,100,1410,1215,54,0
1843,18.430197022,224.831000000,100,1410,1215,54,0
1844,18.440197843,224.831000000,100,1410,1215,54,0
1845,18.450199306,224.760000000,100,1410,1215,54,0
1846,18.460197492,224.760000000,100,1410,1215,54,0
1847,18.470196931,224.760000000,100,1410,1215,54,0
1848,18.480198122,224.760000000,100,1410,1215,54,0
1849,18.490197421,224.760000000,100,1410,1215,54,0
1850,18.500197921,224.760000000,100,1410,1215,54,0
1851,18.510197410,224.760000000,100,1410,1215,54,0
1852,18.520197199,224.760000000,100,1410,1215,54,0
1853,18.530197069,224.760000000,100,1410,1215,54,0
1854,18.540201527,224.760000000,100,1410,1215,54,0
1855,18.550198631,224.831000000,100,1410,1215,54,0
1856,18.560197989,224.831000000,100,1410,1215,54,0
1857,18.570197618,224.831000000,100,1410,1215,54,0
1858,18.580197658,224.831000000,100,1410,1215,54,0
1859,18.590197397,224.831000000,100,1410,1215,54,0
1860,18.600198128,224.831000000,100,1410,1215,54,0
1861,18.610201504,224.831000000,100,1410,1215,54,0
1862,18.620197566,224.831000000,100,1410,1215,54,0
1863,18.630196604,224.831000000,100,1410,1215,54,0
1864,18.640197295,224.831000000,100,1410,1215,54,0
1865,18.650199810,224.884000000,100,1410,1215,54,0
1866,18.660197906,224.884000000,100,1410,1215,54,0
1867,18.670198106,224.884000000,100,1410,1215,54,0
1868,18.680201773,224.884000000,100,1410,1215,54,0
1869,18.690202363,224.884000000,100,1410,1215,54,0
1870,18.700197584,224.884000000,100,1410,1215,54,0
1871,18.710201271,224.884000000,100,1410,1215,54,0
1872,18.720198465,224.884000000,100,1410,1215,54,0
1873,18.730196541,224.884000000,100,1410,1215,54,0
1874,18.740197904,224.884000000,100,1410,1215,54,0
1875,18.750198575,224.530000000,100,1410,1215,54,0
1876,18.760196480,224.530000000,100,1410,1215,54,0
1877,18.770197161,224.530000000,100,1410,1215,54,0
1878,18.780197091,224.530000000,100,1410,1215,54,0
1879,18.790201028,224.530000000,100,1410,1215,54,0
1880,18.800196910,224.530000000,100,1410,1215,54,0
1881,18.810196920,224.530000000,100,1410,1215,54,0
1882,18.820197290,224.530000000,100,1410,1215,54,0
1883,18.830201007,224.530000000,100,1410,1215,54,0
1884,18.840197260,224.530000000,100,1410,1215,54,0
1885,18.850198161,224.147000000,100,1410,1215,54,0
1886,18.860197359,224.147000000,100,1410,1215,54,0
1887,18.870197870,224.147000000,100,1410,1215,54,0
1888,18.880197208,224.147000000,100,1410,1215,54,0
1889,18.890197499,224.147000000,100,1410,1215,54,0
1890,18.900196617,224.147000000,100,1410,1215,54,0
1891,18.910197749,224.147000000,100,1410,1215,54,0
1892,18.920201636,224.147000000,100,1410,1215,54,0
1893,18.930197838,224.147000000,100,1410,1215,54,0
1894,18.940197487,224.147000000,100,1410,1215,54,0
1895,18.950198429,224.315000000,100,1410,1215,54,0
1896,18.960196375,224.315000000,100,1410,1215,54,0
1897,18.970196414,224.315000000,100,1410,1215,54,0
1898,18.980197957,224.315000000,100,1410,1215,54,0
1899,18.990201193,224.315000000,100,1410,1215,54,0
1900,19.000197395,224.315000000,100,1410,1215,54,0
1901,19.010198277,224.315000000,100,1410,1215,54,0
1902,19.020197024,224.315000000,100,1410,1215,54,0
1903,19.030196793,224.315000000,100,1410,1215,54,0
1904,19.040197545,224.315000000,100,1410,1215,54,0
1905,19.050199278,224.308000000,100,1410,1215,54,0
1906,19.060196823,224.308000000,100,1410,1215,54,0
1907,19.070201000,224.308000000,100,1410,1215,54,0
1908,19.080199647,224.308000000,100,1410,1215,54,0
1909,19.090197062,224.308000000,100,1410,1215,54,0
1910,19.100196701,224.308000000,100,1410,1215,54,0
1911,19.110197452,224.308000000,100,1410,1215,54,0
1912,19.120197342,224.308000000,100,1410,1215,54,0
1913,19.130196931,224.308000000,100,1410,1215,54,0
1914,19.140197572,224.308000000,100,1410,1215,54,0
1915,19.150199685,223.817000000,100,1410,1215,54,0
1916,19.160197631,223.817000000,100,1410,1215,54,0
1917,19.170201338,223.817000000,100,1410,1215,54,0
1918,19.180198442,223.817000000,100,1410,1215,54,0
1919,19.190202029,223.817000000,100,1410,1215,54,0
1920,19.200198111,223.817000000,100,1410,1215,54,0
1921,19.210197500,223.817000000,100,1410,1215,54,0
1922,19.220197830,223.817000000,100,1410,1215,54,0
1923,19.230197579,223.817000000,100,1410,1215,54,0
1924,19.240197339,223.817000000,100,1410,1215,54,0
1925,19.250199051,223.451000000,100,1410,1215,54,0
1926,19.260197278,223.451000000,100,1410,1215,54,0
1927,19.270201996,223.451000000,100,1410,1215,54,0
1928,19.280197868,223.451000000,100,1410,1215,54,0
1929,19.290197307,223.451000000,100,1410,1215,54,0
1930,19.300198268,223.451000000,100,1410,1215,54,0
1931,19.310198078,223.451000000,100,1410,1215,54,0
1932,19.320198799,223.451000000,100,1410,1215,54,0
1933,19.330202786,223.451000000,100,1410,1215,54,0
1934,19.340197887,223.451000000,100,1410,1215,54,0
1935,19.350199109,223.848000000,100,1410,1215,54,0
1936,19.360197495,223.848000000,100,1410,1215,54,0
1937,19.370198096,223.848000000,100,1410,1215,54,0
1938,19.380198256,223.848000000,100,1410,1215,54,0
1939,19.390197955,223.848000000,100,1410,1215,54,0
1940,19.400197534,223.848000000,100,1410,1215,54,0
1941,19.410198806,223.848000000,100,1410,1215,54,0
1942,19.420197975,223.848000000,100,1410,1215,54,0
1943,19.430198004,223.848000000,100,1410,1215,54,0
1944,19.440198004,223.848000000,100,1410,1215,54,0
1945,19.450198815,224.439000000,100,1410,1215,54,0
1946,19.460197843,224.439000000,100,1410,1215,54,0
1947,19.470201530,224.439000000,100,1410,1215,54,0
1948,19.480202441,224.439000000,100,1410,1215,54,0
1949,19.490198353,224.439000000,100,1410,1215,54,0
1950,19.500198103,224.439000000,100,1410,1215,54,0
1951,19.510198122,224.439000000,100,1410,1215,54,0
1952,19.520198092,224.439000000,100,1410,1215,54,0
1953,19.530198793,224.439000000,100,1410,1215,54,0
1954,19.540198192,224.439000000,100,1410,1215,54,0
1955,19.550198021,224.736000000,100,1410,1215,54,0
1956,19.560198211,224.736000000,100,1410,1215,54,0
1957,19.570202098,224.736000000,100,1410,1215,54,0
1958,19.580198180,224.736000000,100,1410,1215,54,0
1959,19.590197880,224.736000000,100,1410,1215,54,0
1960,19.600198631,224.736000000,100,1410,1215,54,0
1961,19.610201746,224.736000000,100,1410,1215,54,0
1962,19.620198210,224.736000000,100,1410,1215,54,0
1963,19.630197658,224.736000000,100,1410,1215,54,0
1964,19.640197167,224.736000000,100,1410,1215,54,0
1965,19.650203068,224.722000000,100,1410,1215,54,0
1966,19.660202256,224.722000000,100,1410,1215,54,0
1967,19.670198259,224.722000000,100,1410,1215,54,0
1968,19.680197868,224.722000000,100,1410,1215,54,0
1969,19.690197547,224.722000000,100,1410,1215,54,0
1970,19.700197527,224.722000000,100,1410,1215,54,0
1971,19.710199811,224.722000000,100,1410,1215,54,0
1972,19.720198488,224.722000000,100,1410,1215,54,0
1973,19.730198318,224.722000000,100,1410,1215,54,0
1974,19.740197787,224.722000000,100,1410,1215,54,0
1975,19.750200050,224.736000000,100,1410,1215,54,0
1976,19.760199409,224.736000000,100,1410,1215,54,0
1977,19.770197285,224.736000000,100,1410,1215,54,0
1978,19.780197766,224.736000000,100,1410,1215,54,0
1979,19.790203496,224.736000000,100,1410,1215,54,0
1980,19.800198737,224.736000000,100,1410,1215,54,0
1981,19.810197565,224.736000000,100,1410,1215,54,0
1982,19.820198035,224.736000000,100,1410,1215,54,0
1983,19.830198095,224.736000000,100,1410,1215,54,0
1984,19.840198245,224.736000000,100,1410,1215,54,0
1985,19.850198726,224.761000000,100,1410,1215,54,0
1986,19.860196752,224.761000000,100,1410,1215,54,0
1987,19.870197974,224.761000000,100,1410,1215,54,0
1988,19.880198215,224.761000000,100,1410,1215,54,0
1989,19.890197152,224.761000000,100,1410,1215,54,0
1990,19.900197533,224.761000000,100,1410,1215,54,0
1991,19.910198274,224.761000000,100,1410,1215,54,0
1992,19.920197813,224.761000000,100,1410,1215,54,0
1993,19.930198093,224.761000000,100,1410,1215,54,0
1994,19.940202231,224.761000000,100,1410,1215,54,0
1995,19.950202902,224.819000000,100,1410,1215,54,0
1996,19.960197772,224.819000000,100,1410,1215,54,0
1997,19.970198784,224.819000000,100,1410,1215,54,0
1998,19.980197381,224.819000000,100,1410,1215,54,0
1999,19.990197110,224.819000000,100,1410,1215,54,0
2000,20.000197431,224.819000000,100,1410,1215,54,0
2001,20.010196329,224.819000000,100,1410,1215,54,0
2002,20.020197180,224.819000000,100,1410,1215,54,0
2003,20.030197360,224.819000000,100,1410,1215,54,0
2004,20.040201387,224.819000000,100,1410,1215,54,0
2005,20.050199193,224.788000000,100,1410,1215,54,0
2006,20.060196768,224.788000000,100,1410,1215,54,0
2007,20.070197510,224.788000000,100,1410,1215,54,0
2008,20.080197249,224.788000000,100,1410,1215,54,0
2009,20.090197419,224.788000000,100,1410,1215,54,0
2010,20.100201817,224.788000000,100,1410,1215,54,0
2011,20.110197489,224.788000000,100,1410,1215,54,0
2012,20.120197679,224.788000000,100,1410,1215,54,0
2013,20.130197579,224.788000000,100,1410,1215,54,0
2014,20.140201235,224.788000000,100,1410,1215,54,0
2015,20.150197999,224.507000000,100,1410,1215,54,0
2016,20.160197788,224.507000000,100,1410,1215,54,0
2017,20.170197017,224.507000000,100,1410,1215,54,0
2018,20.180201866,224.507000000,100,1410,1215,54,0
2019,20.190196716,224.507000000,100,1410,1215,54,0
2020,20.200197657,224.507000000,100,1410,1215,54,0
2021,20.210197367,224.507000000,100,1410,1215,54,0
2022,20.220197226,224.507000000,100,1410,1215,54,0
2023,20.230197727,224.507000000,100,1410,1215,54,0
2024,20.240196825,224.507000000,100,1410,1215,54,0
2025,20.250197646,224.429000000,100,1410,1215,54,0
2026,20.260197286,224.429000000,100,1410,1215,54,0
2027,20.270197205,224.429000000,100,1410,1215,54,0
2028,20.280200631,224.429000000,100,1410,1215,54,0
2029,20.290201463,224.429000000,100,1410,1215,54,0
2030,20.300197104,224.429000000,100,1410,1215,54,0
2031,20.310202614,224.429000000,100,1410,1215,54,0
2032,20.320197805,224.429000000,100,1410,1215,54,0
2033,20.330196863,224.429000000,100,1410,1215,54,0
2034,20.340197134,224.429000000,100,1410,1215,54,0
2035,20.350198386,224.237000000,100,1410,1215,54,0
2036,20.360198296,224.237000000,100,1410,1215,54,0
2037,20.370196943,224.237000000,100,1410,1215,54,0
2038,20.380201621,224.237000000,100,1410,1215,54,0
2039,20.390197012,224.237000000,100,1410,1215,54,0
2040,20.400196922,224.237000000,100,1410,1215,54,0
2041,20.410197703,224.237000000,100,1410,1215,54,0
2042,20.420198364,224.237000000,100,1410,1215,54,0
2043,20.430198545,224.237000000,100,1410,1215,54,0
2044,20.440197933,224.237000000,100,1410,1215,54,0
2045,20.450202131,224.015000000,100,1410,1215,54,0
2046,20.460197682,224.015000000,100,1410,1215,54,0
2047,20.470196610,224.015000000,100,1410,1215,54,0
2048,20.480196991,224.015000000,100,1410,1215,54,0
2049,20.490198884,224.015000000,100,1410,1215,54,0
2050,20.500197672,224.015000000,100,1410,1215,54,0
2051,20.510196499,224.015000000,100,1410,1215,54,0
2052,20.520197160,224.015000000,100,1410,1215,54,0
2053,20.530196839,224.015000000,100,1410,1215,54,0
2054,20.540196449,224.015000000,100,1410,1215,54,0
2055,20.550198512,223.752000000,100,1410,1215,54,0
2056,20.560197951,223.752000000,100,1410,1215,54,0
2057,20.570197109,223.752000000,100,1410,1215,54,0
2058,20.580200505,223.752000000,100,1410,1215,54,0
2059,20.590198191,223.752000000,100,1410,1215,54,0
2060,20.600198221,223.752000000,100,1410,1215,54,0
2061,20.610196668,223.752000000,100,1410,1215,54,0
2062,20.620197159,223.752000000,100,1410,1215,54,0
2063,20.630202418,223.752000000,100,1410,1215,54,0
2064,20.640197208,223.752000000,100,1410,1215,54,0
2065,20.650198411,224.106000000,100,1410,1215,54,0
2066,20.660197719,224.106000000,100,1410,1215,54,0
2067,20.670200935,224.106000000,100,1410,1215,54,0
2068,20.680197358,224.106000000,100,1410,1215,54,0
2069,20.690197719,224.106000000,100,1410,1215,54,0
2070,20.700197568,224.106000000,100,1410,1215,54,0
2071,20.710201065,224.106000000,100,1410,1215,54,0
2072,20.720198821,224.106000000,100,1410,1215,54,0
2073,20.730202077,224.106000000,100,1410,1215,54,0
2074,20.740197328,224.106000000,100,1410,1215,54,0
2075,20.750198710,224.610000000,100,1410,1215,54,0
2076,20.760197668,224.610000000,100,1410,1215,54,0
2077,20.770201425,224.610000000,100,1410,1215,54,0
2078,20.780196476,224.610000000,100,1410,1215,54,0
2079,20.790196405,224.610000000,100,1410,1215,54,0
2080,20.800197086,224.610000000,100,1410,1215,54,0
2081,20.810200833,224.610000000,100,1410,1215,54,0
2082,20.820198218,224.610000000,100,1410,1215,54,0
2083,20.830197447,224.610000000,100,1410,1215,54,0
2084,20.840201484,224.610000000,100,1410,1215,54,0
2085,20.850199020,224.725000000,100,1410,1215,54,0
2086,20.860196595,224.725000000,100,1410,1215,54,0
2087,20.870197887,224.725000000,100,1410,1215,54,0
2088,20.880197246,224.725000000,100,1410,1215,54,0
2089,20.890197737,224.725000000,100,1410,1215,54,0
2090,20.900197045,224.725000000,100,1410,1215,54,0
2091,20.910196895,224.725000000,100,1410,1215,54,0
2092,20.920197286,224.725000000,100,1410,1215,54,0
2093,20.930197416,224.725000000,100,1410,1215,54,0
2094,20.940196905,224.725000000,100,1410,1215,54,0
2095,20.950198337,224.831000000,100,1410,1215,54,0
2096,20.960196664,224.831000000,100,1410,1215,54,0
2097,20.970196413,224.831000000,100,1410,1215,54,0
2098,20.980196784,224.831000000,100,1410,1215,54,0
2099,20.990197295,224.831000000,100,1410,1215,54,0
2100,21.000196824,224.831000000,100,1410,1215,54,0
2101,21.010197645,224.831000000,100,1410,1215,54,0
2102,21.020197585,224.831000000,100,1410,1215,54,0
2103,21.030197405,224.831000000,100,1410,1215,54,0
2104,21.040200951,224.831000000,100,1410,1215,54,0
2105,21.050200119,224.929000000,100,1410,1215,54,0
2106,21.060197825,224.929000000,100,1410,1215,54,0
2107,21.070198206,224.929000000,100,1410,1215,54,0
2108,21.080197945,224.929000000,100,1410,1215,54,0
2109,21.090197364,224.929000000,100,1410,1215,54,0
2110,21.100197033,224.929000000,100,1410,1215,54,0
2111,21.110197694,224.929000000,100,1410,1215,54,0
2112,21.120197544,224.929000000,100,1410,1215,54,0
2113,21.130198976,224.929000000,100,1410,1215,54,0
2114,21.140197834,224.929000000,100,1410,1215,54,0
2115,21.150197794,225.192000000,100,1410,1215,54,0
2116,21.160198555,225.192000000,100,1410,1215,54,0
2117,21.170197353,225.192000000,100,1410,1215,54,0
2118,21.180197664,225.192000000,100,1410,1215,54,0
2119,21.190201200,225.192000000,100,1410,1215,54,0
2120,21.200197703,225.192000000,100,1410,1215,54,0
2121,21.210197823,225.192000000,100,1410,1215,54,0
2122,21.220197934,225.192000000,100,1410,1215,54,0
2123,21.230197453,225.192000000,100,1410,1215,54,0
2124,21.240197643,225.192000000,100,1410,1215,54,0
2125,21.250203073,224.915000000,100,1410,1215,54,0
2126,21.260198134,224.915000000,100,1410,1215,54,0
2127,21.270201921,224.915000000,100,1410,1215,54,0
2128,21.280197753,224.915000000,100,1410,1215,54,0
2129,21.290201510,224.915000000,100,1410,1215,54,0
2130,21.300197081,224.915000000,100,1410,1215,54,0
2131,21.310201930,224.915000000,100,1410,1215,54,0
2132,21.320198153,224.915000000,100,1410,1215,54,0
2133,21.330198273,224.915000000,100,1410,1215,54,0
2134,21.340197421,224.915000000,100,1410,1215,54,0
2135,21.350204094,224.628000000,100,1410,1215,54,0
2136,21.360198704,224.628000000,100,1410,1215,54,0
2137,21.370203573,224.628000000,100,1410,1215,54,0
2138,21.380199074,224.628000000,100,1410,1215,54,0
2139,21.390198012,224.628000000,100,1410,1215,54,0
2140,21.400198733,224.628000000,100,1410,1215,54,0
2141,21.410197541,224.628000000,100,1410,1215,54,0
2142,21.420197902,224.628000000,100,1410,1215,54,0
2143,21.430201909,224.628000000,100,1410,1215,54,0
2144,21.440202119,224.628000000,100,1410,1215,54,0
2145,21.450198913,224.436000000,100,1410,1215,54,0
2146,21.460197821,224.436000000,100,1410,1215,54,0
2147,21.470197200,224.436000000,100,1410,1215,54,0
2148,21.480202069,224.436000000,100,1410,1215,54,0
2149,21.490197620,224.436000000,100,1410,1215,54,0
2150,21.500197971,224.436000000,100,1410,1215,54,0
2151,21.510201818,224.436000000,100,1410,1215,54,0
2152,21.520198001,224.436000000,100,1410,1215,54,0
2153,21.530198451,224.436000000,100,1410,1215,54,0
2154,21.540198311,224.436000000,100,1410,1215,54,0
2155,21.550198712,224.628000000,100,1410,1215,54,0
2156,21.560197319,224.628000000,100,1410,1215,54,0
2157,21.570197569,224.628000000,100,1410,1215,54,0
2158,21.580202058,224.628000000,100,1410,1215,54,0
2159,21.590199372,224.628000000,100,1410,1215,54,0
2160,21.600195265,224.628000000,100,1410,1215,54,0
2161,21.610197990,224.628000000,100,1410,1215,54,0
2162,21.620198561,224.628000000,100,1410,1215,54,0
2163,21.630198851,224.628000000,100,1410,1215,54,0
2164,21.640198230,224.628000000,100,1410,1215,54,0
2165,21.650203941,224.405000000,100,1410,1215,54,0
2166,21.660197779,224.405000000,100,1410,1215,54,0
2167,21.670198400,224.405000000,100,1410,1215,54,0
2168,21.680197659,224.405000000,100,1410,1215,54,0
2169,21.690197669,224.405000000,100,1410,1215,54,0
2170,21.700198290,224.405000000,100,1410,1215,54,0
2171,21.710197729,224.405000000,100,1410,1215,54,0
2172,21.720198150,224.405000000,100,1410,1215,54,0
2173,21.730198581,224.405000000,100,1410,1215,54,0
2174,21.740196607,224.405000000,100,1410,1215,54,0
2175,21.750198440,224.026000000,100,1410,1215,54,0
2176,21.760197609,224.026000000,100,1410,1215,54,0
2177,21.770197689,224.026000000,100,1410,1215,54,0
2178,21.780197749,224.026000000,100,1410,1215,54,0
2179,21.790197819,224.026000000,100,1410,1215,54,0
2180,21.800197939,224.026000000,100,1410,1215,54,0
2181,21.810197248,224.026000000,100,1410,1215,54,0
2182,21.820201877,224.026000000,100,1410,1215,54,0
2183,21.830198350,224.026000000,100,1410,1215,54,0
2184,21.840198480,224.026000000,100,1410,1215,54,0
2185,21.850198951,224.045000000,100,1410,1215,54,0
2186,21.860198611,224.045000000,100,1410,1215,54,0
2187,21.870197158,224.045000000,100,1410,1215,54,0
2188,21.880197789,224.045000000,100,1410,1215,54,0
2189,21.890198490,224.045000000,100,1410,1215,54,0
2190,21.900202017,224.045000000,100,1410,1215,54,0
2191,21.910198430,224.045000000,100,1410,1215,54,0
2192,21.920201776,224.045000000,100,1410,1215,54,0
2193,21.930198440,224.045000000,100,1410,1215,54,0
2194,21.940196977,224.045000000,100,1410,1215,54,0
2195,21.950198200,223.695000000,100,1410,1215,54,0
2196,21.960197258,223.695000000,100,1410,1215,54,0
2197,21.970197388,223.695000000,100,1410,1215,54,0
2198,21.980196536,223.695000000,100,1410,1215,54,0
2199,21.990196416,223.695000000,100,1410,1215,54,0
2200,22.000197178,223.695000000,100,1410,1215,54,0
2201,22.010196276,223.695000000,100,1410,1215,54,0
2202,22.020197188,223.695000000,100,1410,1215,54,0
2203,22.030197678,223.695000000,100,1410,1215,54,0
2204,22.040201806,223.695000000,100,1410,1215,54,0
2205,22.050199081,224.597000000,100,1410,1215,54,0
2206,22.060196827,224.597000000,100,1410,1215,54,0
2207,22.070197408,224.597000000,100,1410,1215,54,0
2208,22.080197308,224.597000000,100,1410,1215,54,0
2209,22.090197288,224.597000000,100,1410,1215,54,0
2210,22.100197057,224.597000000,100,1410,1215,54,0
2211,22.110197959,224.597000000,100,1410,1215,54,0
2212,22.120197518,224.597000000,100,1410,1215,54,0
2213,22.130201756,224.597000000,100,1410,1215,54,0
2214,22.140197428,224.597000000,100,1410,1215,54,0
2215,22.150198119,224.532000000,100,1410,1215,54,0
2216,22.160201806,224.532000000,100,1410,1215,54,0
2217,22.170197097,224.532000000,100,1410,1215,54,0
2218,22.180196586,224.532000000,100,1410,1215,54,0
2219,22.190196716,224.532000000,100,1410,1215,54,0
2220,22.200197097,224.532000000,100,1410,1215,54,0
2221,22.210196586,224.532000000,100,1410,1215,54,0
2222,22.220196837,224.532000000,100,1410,1215,54,0
2223,22.230197909,224.532000000,100,1410,1215,54,0
2224,22.240201285,224.532000000,100,1410,1215,54,0
2225,22.250202657,224.927000000,100,1410,1215,54,0
2226,22.260196616,224.927000000,100,1410,1215,54,0
2227,22.270196776,224.927000000,100,1410,1215,54,0
2228,22.280197097,224.927000000,100,1410,1215,54,0
2229,22.290197067,224.927000000,100,1410,1215,54,0
2230,22.300196967,224.927000000,100,1410,1215,54,0
2231,22.310196867,224.927000000,100,1410,1215,54,0
2232,22.320197007,224.927000000,100,1410,1215,54,0
2233,22.330201104,224.927000000,100,1410,1215,54,0
2234,22.340198009,224.927000000,100,1410,1215,54,0
2235,22.350199992,225.209000000,100,1410,1215,54,0
2236,22.360198189,225.209000000,100,1410,1215,54,0
2237,22.370197427,225.209000000,100,1410,1215,54,0
2238,22.380198219,225.209000000,100,1410,1215,54,0
2239,22.390197107,225.209000000,100,1410,1215,54,0
2240,22.400202818,225.209000000,100,1410,1215,54,0
2241,22.410198680,225.209000000,100,1410,1215,54,0
2242,22.420197237,225.209000000,100,1410,1215,54,0
2243,22.430201255,225.209000000,100,1410,1215,54,0
2244,22.440198760,225.209000000,100,1410,1215,54,0
2245,22.450199221,225.288000000,100,1410,1215,54,0
2246,22.460197718,225.288000000,100,1410,1215,54,0
2247,22.470197217,225.288000000,100,1410,1215,54,0
2248,22.480196986,225.288000000,100,1410,1215,54,0
2249,22.490197287,225.288000000,100,1410,1215,54,0
2250,22.500196896,225.288000000,100,1410,1215,54,0
2251,22.510197227,225.288000000,100,1410,1215,54,0
2252,22.520197287,225.288000000,100,1410,1215,54,0
2253,22.530201765,225.288000000,100,1410,1215,54,0
2254,22.540198329,225.288000000,100,1410,1215,54,0
2255,22.550199191,225.017000000,100,1410,1215,54,0
2256,22.560197347,225.017000000,100,1410,1215,54,0
2257,22.570198138,225.017000000,100,1410,1215,54,0
2258,22.580200763,225.017000000,100,1410,1215,54,0
2259,22.590197658,225.017000000,100,1410,1215,54,0
2260,22.600197688,225.017000000,100,1410,1215,54,0
2261,22.610197277,225.017000000,100,1410,1215,54,0
2262,22.620196856,225.017000000,100,1410,1215,54,0
2263,22.630196826,225.017000000,100,1410,1215,54,0
2264,22.640197327,225.017000000,100,1410,1215,54,0
2265,22.650198620,224.556000000,100,1410,1215,54,0
2266,22.660197387,224.556000000,100,1410,1215,54,0
2267,22.670196947,224.556000000,100,1410,1215,54,0
2268,22.680197798,224.556000000,100,1410,1215,54,0
2269,22.690197558,224.556000000,100,1410,1215,54,0
2270,22.700197247,224.556000000,100,1410,1215,54,0
2271,22.710197418,224.556000000,100,1410,1215,54,0
2272,22.720196396,224.556000000,100,1410,1215,54,0
2273,22.730197789,224.556000000,100,1410,1215,54,0
2274,22.740196607,224.556000000,100,1410,1215,54,0
2275,22.750198490,224.834000000,100,1410,1215,54,0
2276,22.760196987,224.834000000,100,1410,1215,54,0
2277,22.770257781,224.834000000,100,1410,1215,54,0
2278,22.780195976,224.834000000,100,1410,1215,54,0
2279,22.790196226,224.834000000,100,1410,1215,54,0
2280,22.800197709,224.834000000,100,1410,1215,54,0
2281,22.810196567,224.834000000,100,1410,1215,54,0
2282,22.820200354,224.834000000,100,1410,1215,54,0
2283,22.830196788,224.834000000,100,1410,1215,54,0
2284,22.840197018,224.834000000,100,1410,1215,54,0
2285,22.850197729,224.730000000,100,1410,1215,54,0
2286,22.860195896,224.730000000,100,1410,1215,54,0
2287,22.870196597,224.730000000,100,1410,1215,54,0
2288,22.880201447,224.730000000,100,1410,1215,54,0
2289,22.890198241,224.730000000,100,1410,1215,54,0
2290,22.900197650,224.730000000,100,1410,1215,54,0
2291,22.910198772,224.730000000,100,1410,1215,54,0
2292,22.920198812,224.730000000,100,1410,1215,54,0
2293,22.930199113,224.730000000,100,1410,1215,54,0
2294,22.940198001,224.730000000,100,1410,1215,54,0
2295,22.950200445,224.531000000,100,1410,1215,54,0
2296,22.960197089,224.531000000,100,1410,1215,54,0
2297,22.970196638,224.531000000,100,1410,1215,54,0
2298,22.980196829,224.531000000,100,1410,1215,54,0
2299,22.990197791,224.531000000,100,1410,1215,54,0
2300,23.000198662,224.531000000,100,1410,1215,54,0
2301,23.010197059,224.531000000,100,1410,1215,54,0
2302,23.020197120,224.531000000,100,1410,1215,54,0
2303,23.030197130,224.531000000,100,1410,1215,54,0
2304,23.040196478,224.531000000,100,1410,1215,54,0
2305,23.050198873,224.051000000,100,1410,1215,54,0
2306,23.060197721,224.051000000,100,1410,1215,54,0
2307,23.070197040,224.051000000,100,1410,1215,54,0
2308,23.080197971,224.051000000,100,1410,1215,54,0
2309,23.090197260,224.051000000,100,1410,1215,54,0
2310,23.100197190,224.051000000,100,1410,1215,54,0
2311,23.110197381,224.051000000,100,1410,1215,54,0
2312,23.120199024,224.051000000,100,1410,1215,54,0
2313,23.130197701,224.051000000,100,1410,1215,54,0
2314,23.140197711,224.051000000,100,1410,1215,54,0
2315,23.150198543,223.951000000,100,1410,1215,54,0
2316,23.160197301,223.951000000,100,1410,1215,54,0
2317,23.170201839,223.951000000,100,1410,1215,54,0
2318,23.180202160,223.951000000,100,1410,1215,54,0
2319,23.190197141,223.951000000,100,1410,1215,54,0
2320,23.200197972,223.951000000,100,1410,1215,54,0
2321,23.210197932,223.951000000,100,1410,1215,54,0
2322,23.220197421,223.951000000,100,1410,1215,54,0
2323,23.230199546,223.951000000,100,1410,1215,54,0
2324,23.240197973,223.951000000,100,1410,1215,54,0
2325,23.250198664,223.346000000,100,1410,1215,54,0
2326,23.260197552,223.346000000,100,1410,1215,54,0
2327,23.270197402,223.346000000,100,1410,1215,54,0
2328,23.280197612,223.346000000,100,1410,1215,54,0
2329,23.290197823,223.346000000,100,1410,1215,54,0
2330,23.300197462,223.346000000,100,1410,1215,54,0
2331,23.310202802,223.346000000,100,1410,1215,54,0
2332,23.320198043,223.346000000,100,1410,1215,54,0
2333,23.330197623,223.346000000,100,1410,1215,54,0
2334,23.340197893,223.346000000,100,1410,1215,54,0
2335,23.350203444,224.141000000,100,1410,1215,54,0
2336,23.360197683,224.141000000,100,1410,1215,54,0
2337,23.370197503,224.141000000,100,1410,1215,54,0
2338,23.380197292,224.141000000,100,1410,1215,54,0
2339,23.390197874,224.141000000,100,1410,1215,54,0
2340,23.400196631,224.141000000,100,1410,1215,54,0
2341,23.410198124,224.141000000,100,1410,1215,54,0
2342,23.420201571,224.141000000,100,1410,1215,54,0
2343,23.430199597,224.141000000,100,1410,1215,54,0
2344,23.440198495,224.141000000,100,1410,1215,54,0
2345,23.450199908,224.524000000,100,1410,1215,54,0
2346,23.460200158,224.524000000,100,1410,1215,54,0
2347,23.470199096,224.524000000,100,1410,1215,54,0
2348,23.480197634,224.524000000,100,1410,1215,54,0
2349,23.490198696,224.524000000,100,1410,1215,54,0
2350,23.500199568,224.524000000,100,1410,1215,54,0
2351,23.510197454,224.524000000,100,1410,1215,54,0
2352,23.520198596,224.524000000,100,1410,1215,54,0
2353,23.530198786,224.524000000,100,1410,1215,54,0
2354,23.540201441,224.524000000,100,1410,1215,54,0
2355,23.550203495,224.831000000,100,1410,1215,54,0
2356,23.560198135,224.831000000,100,1410,1215,54,0
2357,23.570197634,224.831000000,100,1410,1215,54,0
2358,23.580198015,224.831000000,100,1410,1215,54,0
2359,23.590202163,224.831000000,100,1410,1215,54,0
2360,23.600197995,224.831000000,100,1410,1215,54,0
2361,23.610197785,224.831000000,100,1410,1215,54,0
2362,23.620197976,224.831000000,100,1410,1215,54,0
2363,23.630197825,224.831000000,100,1410,1215,54,0
2364,23.640197675,224.831000000,100,1410,1215,54,0
2365,23.650198267,225.185000000,100,1410,1215,54,0
2366,23.660197165,225.185000000,100,1410,1215,54,0
2367,23.670197455,225.185000000,100,1410,1215,54,0
2368,23.680197295,225.185000000,100,1410,1215,54,0
2369,23.690202174,225.185000000,100,1410,1215,54,0
2370,23.700197586,225.185000000,100,1410,1215,54,0
2371,23.710197576,225.185000000,100,1410,1215,54,0
2372,23.720197616,225.185000000,100,1410,1215,54,0
2373,23.730197326,225.185000000,100,1410,1215,54,0
2374,23.740197567,225.185000000,100,1410,1215,54,0
2375,23.750198489,225.384000000,100,1410,1215,54,0
2376,23.760198158,225.384000000,100,1410,1215,54,0
2377,23.770197527,225.384000000,100,1410,1215,54,0
2378,23.780197708,225.384000000,100,1410,1215,54,0
2379,23.790199170,225.384000000,100,1410,1215,54,0
2380,23.800197558,225.384000000,100,1410,1215,54,0
2381,23.810197979,225.384000000,100,1410,1215,54,0
2382,23.820198239,225.384000000,100,1410,1215,54,0
2383,23.830202127,225.384000000,100,1410,1215,54,0
2384,23.840198540,225.384000000,100,1410,1215,54,0
2385,23.850198019,225.210000000,100,1410,1215,54,0
2386,23.860197959,225.210000000,100,1410,1215,54,0
2387,23.870201737,225.210000000,100,1410,1215,54,0
2388,23.880201466,225.210000000,100,1410,1215,54,0
2389,23.890198661,225.210000000,100,1410,1215,54,0
2390,23.900198912,225.210000000,100,1410,1215,54,0
2391,23.910198070,225.210000000,100,1410,1215,54,0
2392,23.920197740,225.210000000,100,1410,1215,54,0
2393,23.930198221,225.210000000,100,1410,1215,54,0
2394,23.940203501,225.210000000,100,1410,1215,54,0
2395,23.950198923,225.089000000,100,1410,1215,54,0
2396,23.960197931,225.089000000,100,1410,1215,54,0
2397,23.970198131,225.089000000,100,1410,1215,54,0
2398,23.980198612,225.089000000,100,1410,1215,54,0
2399,23.990198753,225.089000000,100,1410,1215,54,0
2400,24.000196729,225.089000000,100,1410,1215,54,0
2401,24.010197170,225.089000000,100,1410,1215,54,0
2402,24.020197110,225.089000000,100,1410,1215,54,0
2403,24.030198092,225.089000000,100,1410,1215,54,0
2404,24.040197942,225.089000000,100,1410,1215,54,0
2405,24.050203934,224.993000000,100,1410,1215,54,0
2406,24.060196790,224.993000000,100,1410,1215,54,0
2407,24.070197963,224.993000000,100,1410,1215,54,0
2408,24.080197943,224.993000000,100,1410,1215,54,0
2409,24.090197151,224.993000000,100,1410,1215,54,0
2410,24.100197743,224.993000000,100,1410,1215,54,0
2411,24.110200859,224.993000000,100,1410,1215,54,0
2412,24.120195228,224.993000000,100,1410,1215,54,0
2413,24.130196641,224.993000000,100,1410,1215,54,0
2414,24.140197252,224.993000000,100,1410,1215,54,0
2415,24.150198565,224.532000000,100,1410,1215,54,0
2416,24.160196822,224.532000000,100,1410,1215,54,0
2417,24.170196141,224.532000000,100,1410,1215,54,0
2418,24.180201261,224.532000000,100,1410,1215,54,0
2419,24.190197223,224.532000000,100,1410,1215,54,0
2420,24.200197544,224.532000000,100,1410,1215,54,0
2421,24.210197063,224.532000000,100,1410,1215,54,0
2422,24.220197003,224.532000000,100,1410,1215,54,0
2423,24.230197274,224.532000000,100,1410,1215,54,0
2424,24.240200640,224.532000000,100,1410,1215,54,0
2425,24.250199679,224.436000000,100,1410,1215,54,0
2426,24.260196894,224.436000000,100,1410,1215,54,0
2427,24.270197234,224.436000000,100,1410,1215,54,0
2428,24.280196834,224.436000000,100,1410,1215,54,0
2429,24.290196123,224.436000000,100,1410,1215,54,0
2430,24.300196494,224.436000000,100,1410,1215,54,0
2431,24.310196343,224.436000000,100,1410,1215,54,0
2432,24.320201363,224.436000000,100,1410,1215,54,0
2433,24.330197266,224.436000000,100,1410,1215,54,0
2434,24.340197296,224.436000000,100,1410,1215,54,0
2435,24.350198779,224.304000000,100,1410,1215,54,0
2436,24.360196645,224.304000000,100,1410,1215,54,0
2437,24.370195894,224.304000000,100,1410,1215,54,0
2438,24.380196335,224.304000000,100,1410,1215,54,0
2439,24.390200482,224.304000000,100,1410,1215,54,0
2440,24.400197166,224.304000000,100,1410,1215,54,0
2441,24.410196996,224.304000000,100,1410,1215,54,0
2442,24.420197367,224.304000000,100,1410,1215,54,0
2443,24.430197528,224.304000000,100,1410,1215,54,0
2444,24.440200483,224.304000000,100,1410,1215,54,0
2445,24.450202928,224.449000000,100,1410,1215,54,0
2446,24.460198009,224.449000000,100,1410,1215,54,0
2447,24.470197208,224.449000000,100,1410,1215,54,0
2448,24.480197338,224.449000000,100,1410,1215,54,0
2449,24.490196326,224.449000000,100,1410,1215,54,0
2450,24.500196767,224.449000000,100,1410,1215,54,0
2451,24.510196537,224.449000000,100,1410,1215,54,0
2452,24.520197128,224.449000000,100,1410,1215,54,0
2453,24.530201426,224.449000000,100,1410,1215,54,0
2454,24.540197018,224.449000000,100,1410,1215,54,0
2455,24.550199293,223.944000000,100,1410,1215,54,0
2456,24.560202098,223.944000000,100,1410,1215,54,0
2457,24.570197299,223.944000000,100,1410,1215,54,0
2458,24.580200706,223.944000000,100,1410,1215,54,0
2459,24.590198572,223.944000000,100,1410,1215,54,0
2460,24.600201528,223.944000000,100,1410,1215,54,0
2461,24.610198713,223.944000000,100,1410,1215,54,0
2462,24.620197200,223.944000000,100,1410,1215,54,0
2463,24.630197842,223.944000000,100,1410,1215,54,0
2464,24.640196900,223.944000000,100,1410,1215,54,0
2465,24.650199866,224.039000000,100,1410,1215,54,0
2466,24.660197392,224.039000000,100,1410,1215,54,0
2467,24.670197582,224.039000000,100,1410,1215,54,0
2468,24.680200828,224.039000000,100,1410,1215,54,0
2469,24.690196902,224.039000000,100,1410,1215,54,0
2470,24.700196892,224.039000000,100,1410,1215,54,0
2471,24.710197884,224.039000000,100,1410,1215,54,0
2472,24.720197714,224.039000000,100,1410,1215,54,0
2473,24.730196952,224.039000000,100,1410,1215,54,0
2474,24.740197764,224.039000000,100,1410,1215,54,0
2475,24.750199027,224.243000000,100,1410,1215,54,0
2476,24.760196593,224.243000000,100,1410,1215,54,0
2477,24.770197605,224.243000000,100,1410,1215,54,0
2478,24.780197625,224.243000000,100,1410,1215,54,0
2479,24.790197004,224.243000000,100,1410,1215,54,0
2480,24.800197014,224.243000000,100,1410,1215,54,0
2481,24.810197235,224.243000000,100,1410,1215,54,0
2482,24.820197576,224.243000000,100,1410,1215,54,0
2483,24.830196674,224.243000000,100,1410,1215,54,0
2484,24.840196735,224.243000000,100,1410,1215,54,0
2485,24.850197907,224.641000000,100,1410,1215,54,0
2486,24.860197156,224.641000000,100,1410,1215,54,0
2487,24.870196745,224.641000000,100,1410,1215,54,0
2488,24.880197137,224.641000000,100,1410,1215,54,0
2489,24.890201415,224.641000000,100,1410,1215,54,0
2490,24.900196776,224.641000000,100,1410,1215,54,0
2491,24.910196636,224.641000000,100,1410,1215,54,0
2492,24.920197158,224.641000000,100,1410,1215,54,0
2493,24.930197318,224.641000000,100,1410,1215,54,0
2494,24.940197188,224.641000000,100,1410,1215,54,0
2495,24.950203029,225.304000000,100,1410,1215,54,0
2496,24.960197670,225.304000000,100,1410,1215,54,0
2497,24.970197550,225.304000000,100,1410,1215,54,0
2498,24.980197780,225.304000000,100,1410,1215,54,0
2499,24.990197380,225.304000000,100,1410,1215,54,0
2500,25.000197180,225.304000000,100,1410,1215,54,0
2501,25.010197851,225.304000000,100,1410,1215,54,0
2502,25.020196930,225.304000000,100,1410,1215,54,0
2503,25.030197030,225.304000000,100,1410,1215,54,0
2504,25.040196880,225.304000000,100,1410,1215,54,0
2505,25.050198263,225.448000000,100,1410,1215,54,0
2506,25.060197381,225.448000000,100,1410,1215,54,0
2507,25.070196660,225.448000000,100,1410,1215,54,0
2508,25.080196961,225.448000000,100,1410,1215,54,0
2509,25.090198464,225.448000000,100,1410,1215,54,0
2510,25.100198404,225.448000000,100,1410,1215,54,0
2511,25.110197493,225.448000000,100,1410,1215,54,0
2512,25.120197373,225.448000000,100,1410,1215,54,0
2513,25.130197584,225.448000000,100,1410,1215,54,0
2514,25.140197524,225.448000000,100,1410,1215,54,0
2515,25.150198666,225.023000000,100,1410,1215,54,0
2516,25.160197755,225.023000000,100,1410,1215,54,0
2517,25.170198156,225.023000000,100,1410,1215,54,0
2518,25.180197405,225.023000000,100,1410,1215,54,0
2519,25.190197745,225.023000000,100,1410,1215,54,0
2520,25.200197505,225.023000000,100,1410,1215,54,0
2521,25.210197606,225.023000000,100,1410,1215,54,0
2522,25.220197986,225.023000000,100,1410,1215,54,0
2523,25.230197987,225.023000000,100,1410,1215,54,0
2524,25.240197997,225.023000000,100,1410,1215,54,0
2525,25.250198488,225.023000000,100,1410,1215,54,0
2526,25.260198509,225.023000000,100,1410,1215,54,0
2527,25.270197938,225.023000000,100,1410,1215,54,0
2528,25.280197948,225.023000000,100,1410,1215,54,0
2529,25.290197457,225.023000000,100,1410,1215,54,0
2530,25.300197207,225.023000000,100,1410,1215,54,0
2531,25.310202337,225.023000000,100,1410,1215,54,0
2532,25.320198340,225.023000000,100,1410,1215,54,0
2533,25.330197228,225.023000000,100,1410,1215,54,0
2534,25.340201416,225.023000000,100,1410,1215,54,0
2535,25.350199462,225.282000000,100,1410,1215,54,0
2536,25.360198892,225.282000000,100,1410,1215,54,0
2537,25.370197980,225.282000000,100,1410,1215,54,0
2538,25.380197510,225.282000000,100,1410,1215,54,0
2539,25.390198111,225.282000000,100,1410,1215,54,0
2540,25.400197881,225.282000000,100,1410,1215,54,0
2541,25.410197320,225.282000000,100,1410,1215,54,0
2542,25.420197851,225.282000000,100,1410,1215,54,0
2543,25.430197841,225.282000000,100,1410,1215,54,0
2544,25.440198312,225.282000000,100,1410,1215,54,0
2545,25.450198543,225.089000000,100,1410,1215,54,0
2546,25.460201619,225.089000000,100,1410,1215,54,0
2547,25.470203142,225.089000000,100,1410,1215,54,0
2548,25.480202291,225.089000000,100,1410,1215,54,0
2549,25.490197472,225.089000000,100,1410,1215,54,0
2550,25.500201981,225.089000000,100,1410,1215,54,0
2551,25.510198264,225.089000000,100,1410,1215,54,0
2552,25.520198755,225.089000000,100,1410,1215,54,0
2553,25.530197874,225.089000000,100,1410,1215,54,0
2554,25.540197804,225.089000000,100,1410,1215,54,0
2555,25.550198806,224.890000000,100,1410,1215,54,0
2556,25.560198015,224.890000000,100,1410,1215,54,0
2557,25.570197414,224.890000000,100,1410,1215,54,0
2558,25.580196653,224.890000000,100,1410,1215,54,0
2559,25.590198727,224.890000000,100,1410,1215,54,0
2560,25.600198707,224.890000000,100,1410,1215,54,0
2561,25.610202274,224.890000000,100,1410,1215,54,0
2562,25.620198157,224.890000000,100,1410,1215,54,0
2563,25.630203107,224.890000000,100,1410,1215,54,0
2564,25.640198228,224.890000000,100,1410,1215,54,0
2565,25.650199530,224.616000000,100,1410,1215,54,0
2566,25.660198679,224.616000000,100,1410,1215,54,0
2567,25.670199060,224.616000000,100,1410,1215,54,0
2568,25.680198930,224.616000000,100,1410,1215,54,0
2569,25.690198370,224.616000000,100,1410,1215,54,0
2570,25.700197408,224.616000000,100,1410,1215,54,0
2571,25.710197579,224.616000000,100,1410,1215,54,0
2572,25.720198070,224.616000000,100,1410,1215,54,0
2573,25.730197319,224.616000000,100,1410,1215,54,0
2574,25.740197299,224.616000000,100,1410,1215,54,0
2575,25.750198432,224.411000000,100,1410,1215,54,0
2576,25.760197410,224.411000000,100,1410,1215,54,0
2577,25.770197932,224.411000000,100,1410,1215,54,0
2578,25.780196970,224.411000000,100,1410,1215,54,0
2579,25.790197992,224.411000000,100,1410,1215,54,0
2580,25.800197943,224.411000000,100,1410,1215,54,0
2581,25.810198133,224.411000000,100,1410,1215,54,0
2582,25.820197843,224.411000000,100,1410,1215,54,0
2583,25.830201881,224.411000000,100,1410,1215,54,0
2584,25.840202192,224.411000000,100,1410,1215,54,0
2585,25.850198575,224.112000000,100,1410,1215,54,0
2586,25.860196782,224.112000000,100,1410,1215,54,0
2587,25.870197654,224.112000000,100,1410,1215,54,0
2588,25.880202864,224.112000000,100,1410,1215,54,0
2589,25.890202304,224.112000000,100,1410,1215,54,0
2590,25.900197054,224.112000000,100,1410,1215,54,0
2591,25.910197856,224.112000000,100,1410,1215,54,0
2592,25.920197856,224.112000000,100,1410,1215,54,0
2593,25.930197927,224.112000000,100,1410,1215,54,0
2594,25.940197767,224.112000000,100,1410,1215,54,0
2595,25.950198529,223.682000000,100,1410,1215,55,0
2596,25.960197818,223.682000000,100,1410,1215,55,0
2597,25.970198059,223.682000000,100,1410,1215,55,0
2598,25.980197969,223.682000000,100,1410,1215,55,0
2599,25.990197969,223.682000000,100,1410,1215,55,0
2600,26.000198580,223.682000000,100,1410,1215,55,0
2601,26.010196888,223.682000000,100,1410,1215,55,0
2602,26.020197048,223.682000000,100,1410,1215,55,0
2603,26.030197479,223.682000000,100,1410,1215,55,0
2604,26.040197500,223.682000000,100,1410,1215,55,0
2605,26.050198181,224.339000000,100,1410,1215,54,0
2606,26.060197080,224.339000000,100,1410,1215,54,0
2607,26.070196799,224.339000000,100,1410,1215,54,0
2608,26.080198413,224.339000000,100,1410,1215,54,0
2609,26.090202982,224.339000000,100,1410,1215,54,0
2610,26.100201359,224.339000000,100,1410,1215,54,0
2611,26.110198284,224.339000000,100,1410,1215,54,0
2612,26.120203373,224.339000000,100,1410,1215,54,0
2613,26.130199917,224.339000000,100,1410,1215,54,0
2614,26.140197363,224.339000000,100,1410,1215,54,0
2615,26.150198315,224.993000000,100,1410,1215,54,0
2616,26.160202623,224.993000000,100,1410,1215,54,0
2617,26.170198777,224.993000000,100,1410,1215,54,0
2618,26.180197735,224.993000000,100,1410,1215,54,0
2619,26.190197956,224.993000000,100,1410,1215,54,0
2620,26.200196333,224.993000000,100,1410,1215,54,0
2621,26.210197285,224.993000000,100,1410,1215,54,0
2622,26.220197145,224.993000000,100,1410,1215,54,0
2623,26.230197576,224.993000000,100,1410,1215,54,0
2624,26.240197567,224.993000000,100,1410,1215,54,0
2625,26.250198779,225.119000000,100,1410,1215,55,0
2626,26.260197838,225.119000000,100,1410,1215,55,0
2627,26.270196936,225.119000000,100,1410,1215,55,0
2628,26.280197899,225.119000000,100,1410,1215,55,0
2629,26.290196947,225.119000000,100,1410,1215,55,0
2630,26.300197148,225.119000000,100,1410,1215,55,0
2631,26.310196737,225.119000000,100,1410,1215,55,0
2632,26.320198421,225.119000000,100,1410,1215,55,0
2633,26.330198090,225.119000000,100,1410,1215,55,0
2634,26.340197840,225.119000000,100,1410,1215,55,0
2635,26.350198873,224.940000000,100,1410,1215,55,0
2636,26.360197330,224.940000000,100,1410,1215,55,0
2637,26.370198012,224.940000000,100,1410,1215,55,0
2638,26.380197932,224.940000000,100,1410,1215,55,0
2639,26.390197892,224.940000000,100,1410,1215,55,0
2640,26.400197833,224.940000000,100,1410,1215,55,0
2641,26.410197682,224.940000000,100,1410,1215,55,0
2642,26.420197402,224.940000000,100,1410,1215,55,0
2643,26.430197613,224.940000000,100,1410,1215,55,0
2644,26.440197353,224.940000000,100,1410,1215,55,0
2645,26.450198445,225.048000000,100,1410,1215,55,0
2646,26.460198065,225.048000000,100,1410,1215,55,0
2647,26.470198095,225.048000000,100,1410,1215,55,0
2648,26.480197675,225.048000000,100,1410,1215,55,0
2649,26.490197715,225.048000000,100,1410,1215,55,0
2650,26.500197285,225.048000000,100,1410,1215,55,0
2651,26.510197536,225.048000000,100,1410,1215,55,0
2652,26.520198167,225.048000000,100,1410,1215,55,0
2653,26.530197576,225.048000000,100,1410,1215,55,0
2654,26.540201454,225.048000000,100,1410,1215,55,0
2655,26.550199400,225.384000000,100,1410,1215,55,0
2656,26.560197267,225.384000000,100,1410,1215,55,0
2657,26.570197227,225.384000000,100,1410,1215,55,0
2658,26.580200704,225.384000000,100,1410,1215,55,0
2659,26.590197598,225.384000000,100,1410,1215,55,0
2660,26.600201526,225.384000000,100,1410,1215,55,0
2661,26.610202358,225.384000000,100,1410,1215,55,0
2662,26.620196508,225.384000000,100,1410,1215,55,0
2663,26.630197981,225.384000000,100,1410,1215,55,0
2664,26.640200777,225.384000000,100,1410,1215,55,0
2665,26.650204494,225.209000000,100,1410,1215,55,0
2666,26.660199074,225.209000000,100,1410,1215,55,0
2667,26.670198173,225.209000000,100,1410,1215,55,0
2668,26.680197642,225.209000000,100,1410,1215,55,0
2669,26.690198194,225.209000000,100,1410,1215,55,0
2670,26.700197533,225.209000000,100,1410,1215,55,0
2671,26.710197604,225.209000000,100,1410,1215,55,0
2672,26.720197354,225.209000000,100,1410,1215,55,0
2673,26.730198376,225.209000000,100,1410,1215,55,0
2674,26.740201903,225.209000000,100,1410,1215,55,0
2675,26.750198427,224.979000000,100,1410,1215,55,0
2676,26.760197195,224.979000000,100,1410,1215,55,0
2677,26.770201704,224.979000000,100,1410,1215,55,0
2678,26.780201353,224.979000000,100,1410,1215,55,0
2679,26.790201965,224.979000000,100,1410,1215,55,0
2680,26.800197848,224.979000000,100,1410,1215,55,0
2681,26.810197297,224.979000000,100,1410,1215,55,0
2682,26.820201566,224.979000000,100,1410,1215,55,0
2683,26.830197458,224.979000000,100,1410,1215,55,0
2684,26.840197980,224.979000000,100,1410,1215,55,0
2685,26.850199764,224.831000000,100,1410,1215,55,0
2686,26.860197199,224.831000000,100,1410,1215,55,0
2687,26.870197350,224.831000000,100,1410,1215,55,0
2688,26.880197470,224.831000000,100,1410,1215,55,0
2689,26.890197060,224.831000000,100,1410,1215,55,0
2690,26.900197291,224.831000000,100,1410,1215,55,0
2691,26.910197402,224.831000000,100,1410,1215,55,0
2692,26.920196931,224.831000000,100,1410,1215,55,0
2693,26.930197433,224.831000000,100,1410,1215,55,0
2694,26.940197213,224.831000000,100,1410,1215,55,0
2695,26.950199407,224.640000000,100,1410,1215,55,0
2696,26.960201672,224.640000000,100,1410,1215,55,0
2697,26.970201913,224.640000000,100,1410,1215,55,0
2698,26.980196743,224.640000000,100,1410,1215,55,0
2699,26.990196804,224.640000000,100,1410,1215,55,0
2700,27.000197706,224.640000000,100,1410,1215,55,0
2701,27.010201313,224.640000000,100,1410,1215,55,0
2702,27.020197677,224.640000000,100,1410,1215,55,0
2703,27.030197497,224.640000000,100,1410,1215,55,0
2704,27.040197958,224.640000000,100,1410,1215,55,0
2705,27.050198690,224.597000000,100,1410,1215,55,0
2706,27.060197628,224.597000000,100,1410,1215,55,0
2707,27.070197458,224.597000000,100,1410,1215,55,0
2708,27.080197599,224.597000000,100,1410,1215,55,0
2709,27.090197860,224.597000000,100,1410,1215,55,0
2710,27.100197029,224.597000000,100,1410,1215,55,0
2711,27.110196869,224.597000000,100,1410,1215,55,0
2712,27.120197150,224.597000000,100,1410,1215,55,0
2713,27.130197181,224.597000000,100,1410,1215,55,0
2714,27.140201289,224.597000000,100,1410,1215,55,0
2715,27.150198614,224.405000000,100,1410,1215,55,0
2716,27.160197643,224.405000000,100,1410,1215,55,0
2717,27.170202342,224.405000000,100,1410,1215,55,0
2718,27.180197193,224.405000000,100,1410,1215,55,0
2719,27.190197734,224.405000000,100,1410,1215,55,0
2720,27.200202463,224.405000000,100,1410,1215,55,0
2721,27.210198346,224.405000000,100,1410,1215,55,0
2722,27.220203707,224.405000000,100,1410,1215,55,0
2723,27.230199409,224.405000000,100,1410,1215,55,0
2724,27.240197566,224.405000000,100,1410,1215,55,0
2725,27.250198708,223.726000000,100,1410,1215,55,0
2726,27.260202245,223.726000000,100,1410,1215,55,0
2727,27.270198158,223.726000000,100,1410,1215,55,0
2728,27.280197868,223.726000000,100,1410,1215,55,0
2729,27.290197638,223.726000000,100,1410,1215,55,0
2730,27.300198170,223.726000000,100,1410,1215,55,0
2731,27.310197819,223.726000000,100,1410,1215,55,0
2732,27.320198060,223.726000000,100,1410,1215,55,0
2733,27.330197500,223.726000000,100,1410,1215,55,0
2734,27.340203241,223.726000000,100,1410,1215,55,0
2735,27.350198272,224.244000000,100,1410,1215,55,0
2736,27.360198984,224.244000000,100,1410,1215,55,0
2737,27.370197842,224.244000000,100,1410,1215,55,0
2738,27.380197592,224.244000000,100,1410,1215,55,0
2739,27.390197372,224.244000000,100,1410,1215,55,0
2740,27.400198003,224.244000000,100,1410,1215,55,0
2741,27.410198224,224.244000000,100,1410,1215,55,0
2742,27.420197704,224.244000000,100,1410,1215,55,0
2743,27.430196682,224.244000000,100,1410,1215,55,0
2744,27.440197614,224.244000000,100,1410,1215,55,0
2745,27.450197685,224.947000000,100,1410,1215,55,0
2746,27.460197816,224.947000000,100,1410,1215,55,0
2747,27.470197285,224.947000000,100,1410,1215,55,0
2748,27.480198057,224.947000000,100,1410,1215,55,0
2749,27.490201564,224.947000000,100,1410,1215,55,0
2750,27.500201534,224.947000000,100,1410,1215,55,0
2751,27.510198118,224.947000000,100,1410,1215,55,0
2752,27.520197758,224.947000000,100,1410,1215,55,0
2753,27.530197879,224.947000000,100,1410,1215,55,0
2754,27.540197949,224.947000000,100,1410,1215,55,0
2755,27.550198461,225.240000000,100,1410,1215,55,0
2756,27.560197780,225.240000000,100,1410,1215,55,0
2757,27.570197299,225.240000000,100,1410,1215,55,0
2758,27.580197450,225.240000000,100,1410,1215,55,0
2759,27.590197651,225.240000000,100,1410,1215,55,0
2760,27.600198172,225.240000000,100,1410,1215,55,0
2761,27.610197431,225.240000000,100,1410,1215,55,0
2762,27.620197332,225.240000000,100,1410,1215,55,0
2763,27.630197443,225.240000000,100,1410,1215,55,0
2764,27.640201661,225.240000000,100,1410,1215,55,0
2765,27.650197894,225.120000000,100,1410,1215,55,0
2766,27.660197935,225.120000000,100,1410,1215,55,0
2767,27.670197995,225.120000000,100,1410,1215,55,0
2768,27.680198256,225.120000000,100,1410,1215,55,0
2769,27.690202375,225.120000000,100,1410,1215,55,0
2770,27.700198829,225.120000000,100,1410,1215,55,0
2771,27.710198418,225.120000000,100,1410,1215,55,0
2772,27.720197818,225.120000000,100,1410,1215,55,0
2773,27.730199561,225.120000000,100,1410,1215,55,0
2774,27.740199562,225.120000000,100,1410,1215,55,0
2775,27.750202578,225.216000000,100,1410,1215,55,0
2776,27.760199663,225.216000000,100,1410,1215,55,0
2777,27.770199022,225.216000000,100,1410,1215,55,0
2778,27.780198392,225.216000000,100,1410,1215,55,0
2779,27.790198703,225.216000000,100,1410,1215,55,0
2780,27.800197090,225.216000000,100,1410,1215,55,0
2781,27.810198243,225.216000000,100,1410,1215,55,0
2782,27.820198424,225.216000000,100,1410,1215,55,0
2783,27.830198024,225.216000000,100,1410,1215,55,0
2784,27.840198014,225.216000000,100,1410,1215,55,0
2785,27.850198065,225.216000000,100,1410,1215,55,0
2786,27.860198396,225.216000000,100,1410,1215,55,0
2787,27.870197334,225.216000000,100,1410,1215,55,0
2788,27.880197395,225.216000000,100,1410,1215,55,0
2789,27.890197616,225.216000000,100,1410,1215,55,0
2790,27.900197416,225.216000000,100,1410,1215,55,0
2791,27.910201444,225.216000000,100,1410,1215,55,0
2792,27.920201505,225.216000000,100,1410,1215,55,0
2793,27.930197628,225.216000000,100,1410,1215,55,0
2794,27.940197739,225.216000000,100,1410,1215,55,0
2795,27.950198360,225.113000000,100,1410,1215,55,0
2796,27.960202318,225.113000000,100,1410,1215,55,0
2797,27.970201938,225.113000000,100,1410,1215,55,0
2798,27.980197230,225.113000000,100,1410,1215,55,0
2799,27.990197571,225.113000000,100,1410,1215,55,0
2800,28.000196550,225.113000000,100,1410,1215,55,0
2801,28.010196600,225.113000000,100,1410,1215,55,0
2802,28.020196521,225.113000000,100,1410,1215,55,0
2803,28.030196802,225.113000000,100,1410,1215,55,0
2804,28.040196952,225.113000000,100,1410,1215,55,0
2805,28.050198305,224.915000000,100,1410,1215,55,0
2806,28.060197004,224.915000000,100,1410,1215,55,0
2807,28.070197375,224.915000000,100,1410,1215,55,0
2808,28.080201463,224.915000000,100,1410,1215,55,0
2809,28.090196855,224.915000000,100,1410,1215,55,0
2810,28.100197166,224.915000000,100,1410,1215,55,0
2811,28.110197116,224.915000000,100,1410,1215,55,0
2812,28.120196856,224.915000000,100,1410,1215,55,0
2813,28.130196757,224.915000000,100,1410,1215,55,0
2814,28.140197428,224.915000000,100,1410,1215,55,0
2815,28.150198020,224.927000000,100,1410,1215,55,0
2816,28.160198351,224.927000000,100,1410,1215,55,0
2817,28.170196288,224.927000000,100,1410,1215,55,0
2818,28.180196669,224.927000000,100,1410,1215,55,0
2819,28.190201879,224.927000000,100,1410,1215,55,0
2820,28.200196770,224.927000000,100,1410,1215,55,0
2821,28.210196821,224.927000000,100,1410,1215,55,0
2822,28.220197362,224.927000000,100,1410,1215,55,0
2823,28.230197072,224.927000000,100,1410,1215,55,0
2824,28.240197103,224.927000000,100,1410,1215,55,0
2825,28.250198005,224.922000000,100,1410,1215,55,0
2826,28.260197515,224.922000000,100,1410,1215,55,0
2827,28.270197976,224.922000000,100,1410,1215,55,0
2828,28.280197916,224.922000000,100,1410,1215,55,0
2829,28.290198238,224.922000000,100,1410,1215,55,0
2830,28.300202165,224.922000000,100,1410,1215,55,0
2831,28.310197056,224.922000000,100,1410,1215,55,0
2832,28.320198149,224.922000000,100,1410,1215,55,0
2833,28.330201055,224.922000000,100,1410,1215,55,0
2834,28.340197509,224.922000000,100,1410,1215,55,0
2835,28.350197820,224.884000000,100,1410,1215,55,0
2836,28.360197430,224.884000000,100,1410,1215,55,0
2837,28.370197009,224.884000000,100,1410,1215,55,0
2838,28.380199274,224.884000000,100,1410,1215,55,0
2839,28.390196369,224.884000000,100,1410,1215,55,0
2840,28.400200918,224.884000000,100,1410,1215,55,0
2841,28.410196851,224.884000000,100,1410,1215,55,0
2842,28.420197423,224.884000000,100,1410,1215,55,0
2843,28.430197623,224.884000000,100,1410,1215,55,0
2844,28.440196702,224.884000000,100,1410,1215,55,0
2845,28.450198115,224.404000000,100,1410,1215,55,0
2846,28.460197345,224.404000000,100,1410,1215,55,0
2847,28.470196333,224.404000000,100,1410,1215,55,0
2848,28.480197546,224.404000000,100,1410,1215,55,0
2849,28.490201023,224.404000000,100,1410,1215,55,0
2850,28.500196966,224.404000000,100,1410,1215,55,0
2851,28.510197447,224.404000000,100,1410,1215,55,0
2852,28.520196476,224.404000000,100,1410,1215,55,0
2853,28.530198099,224.404000000,100,1410,1215,55,0
2854,28.540196868,224.404000000,100,1410,1215,55,0
2855,28.550198010,224.122000000,100,1410,1215,55,0
2856,28.560197500,224.122000000,100,1410,1215,55,0
2857,28.570200686,224.122000000,100,1410,1215,55,0
2858,28.580196880,224.122000000,100,1410,1215,55,0
2859,28.590197471,224.122000000,100,1410,1215,55,0
2860,28.600197783,224.122000000,100,1410,1215,55,0
2861,28.610200959,224.122000000,100,1410,1215,55,0
2862,28.620197703,224.122000000,100,1410,1215,55,0
2863,28.630197293,224.122000000,100,1410,1215,55,0
2864,28.640196903,224.122000000,100,1410,1215,55,0
2865,28.650199399,224.161000000,100,1410,1215,55,0
2866,28.660197716,224.161000000,100,1410,1215,55,0
2867,28.670201544,224.161000000,100,1410,1215,55,0
2868,28.680197877,224.161000000,100,1410,1215,55,0
2869,28.690198098,224.161000000,100,1410,1215,55,0
2870,28.700196616,224.161000000,100,1410,1215,55,0
2871,28.710197118,224.161000000,100,1410,1215,55,0
2872,28.720196968,224.161000000,100,1410,1215,55,0
2873,28.730198291,224.161000000,100,1410,1215,55,0
2874,28.740197440,224.161000000,100,1410,1215,55,0
2875,28.750198954,224.738000000,100,1410,1215,55,0
2876,28.760202070,224.738000000,100,1410,1215,55,0
2877,28.770198634,224.738000000,100,1410,1215,55,0
2878,28.780198394,224.738000000,100,1410,1215,55,0
2879,28.790198004,224.738000000,100,1410,1215,55,0
2880,28.800196903,224.738000000,100,1410,1215,55,0
2881,28.810202363,224.738000000,100,1410,1215,55,0
2882,28.820198507,224.738000000,100,1410,1215,55,0
2883,28.830201183,224.738000000,100,1410,1215,55,0
2884,28.840198178,224.738000000,100,1410,1215,55,0
2885,28.850200022,225.312000000,100,1410,1215,55,0
2886,28.860202206,225.312000000,100,1410,1215,55,0
2887,28.870197197,225.312000000,100,1410,1215,55,0
2888,28.880196397,225.312000000,100,1410,1215,55,0
2889,28.890197149,225.312000000,100,1410,1215,55,0
2890,28.900200886,225.312000000,100,1410,1215,55,0
2891,28.910198102,225.312000000,100,1410,1215,55,0
2892,28.920201058,225.312000000,100,1410,1215,55,0
2893,28.930197221,225.312000000,100,1410,1215,55,0
2894,28.940201700,225.312000000,100,1410,1215,55,0
2895,28.950198334,225.312000000,100,1410,1215,55,0
2896,28.960197293,225.312000000,100,1410,1215,55,0
2897,28.970197474,225.312000000,100,1410,1215,55,0
2898,28.980196733,225.312000000,100,1410,1215,55,0
2899,28.990197265,225.312000000,100,1410,1215,55,0
2900,29.000198237,225.312000000,100,1410,1215,55,0
2901,29.010200732,225.312000000,100,1410,1215,55,0
2902,29.020197617,225.312000000,100,1410,1215,55,0
2903,29.030197828,225.312000000,100,1410,1215,55,0
2904,29.040196677,225.312000000,100,1410,1215,55,0
2905,29.050198511,225.119000000,100,1410,1215,55,0
2906,29.060196608,225.119000000,100,1410,1215,55,0
2907,29.070197750,225.119000000,100,1410,1215,55,0
2908,29.080197320,225.119000000,100,1410,1215,55,0
2909,29.090196499,225.119000000,100,1410,1215,55,0
2910,29.100197061,225.119000000,100,1410,1215,55,0
2911,29.110197663,225.119000000,100,1410,1215,55,0
2912,29.120197553,225.119000000,100,1410,1215,55,0
2913,29.130197043,225.119000000,100,1410,1215,55,0
2914,29.140197594,225.119000000,100,1410,1215,55,0
2915,29.150198877,225.312000000,100,1410,1215,55,0
2916,29.160196634,225.312000000,100,1410,1215,55,0
2917,29.170196524,225.312000000,100,1410,1215,55,0
2918,29.180197627,225.312000000,100,1410,1215,55,0
2919,29.190311420,225.312000000,100,1410,1215,55,0
2920,29.200198359,225.312000000,100,1410,1215,55,0
2921,29.210197298,225.312000000,100,1410,1215,55,0
2922,29.220197950,225.312000000,100,1410,1215,55,0
2923,29.230197810,225.312000000,100,1410,1215,55,0
2924,29.240198853,225.312000000,100,1410,1215,55,0
2925,29.250203261,225.312000000,100,1410,1215,55,0
2926,29.260198884,225.312000000,100,1410,1215,55,0
2927,29.270201509,225.312000000,100,1410,1215,55,0
2928,29.280202662,225.312000000,100,1410,1215,55,0
2929,29.290197954,225.312000000,100,1410,1215,55,0
2930,29.300198115,225.312000000,100,1410,1215,55,0
2931,29.310202083,225.312000000,100,1410,1215,55,0
2932,29.320198216,225.312000000,100,1410,1215,55,0
2933,29.330197906,225.312000000,100,1410,1215,55,0
2934,29.340197997,225.312000000,100,1410,1215,55,0
2935,29.350198308,224.927000000,100,1410,1215,55,0
2936,29.360197988,224.927000000,100,1410,1215,55,0
2937,29.370200954,224.927000000,100,1410,1215,55,0
2938,29.380197528,224.927000000,100,1410,1215,55,0
2939,29.390198912,224.927000000,100,1410,1215,55,0
2940,29.400198221,224.927000000,100,1410,1215,55,0
2941,29.410197661,224.927000000,100,1410,1215,55,0
2942,29.420197551,224.927000000,100,1410,1215,55,0
2943,29.430202651,224.927000000,100,1410,1215,55,0
2944,29.440202341,224.927000000,100,1410,1215,55,0
2945,29.450198104,224.927000000,100,1410,1215,55,0
2946,29.460197523,224.927000000,100,1410,1215,55,0
2947,29.470197895,224.927000000,100,1410,1215,55,0
2948,29.480197464,224.927000000,100,1410,1215,55,0
2949,29.490197084,224.927000000,100,1410,1215,55,0
2950,29.500197706,224.927000000,100,1410,1215,55,0
2951,29.510197296,224.927000000,100,1410,1215,55,0
2952,29.520198048,224.927000000,100,1410,1215,55,0
2953,29.530197888,224.927000000,100,1410,1215,55,0
2954,29.540197198,224.927000000,100,1410,1215,55,0
2955,29.550198530,225.023000000,100,1410,1215,55,0
2956,29.560197629,225.023000000,100,1410,1215,55,0
2957,29.570197269,225.023000000,100,1410,1215,55,0
2958,29.580198653,225.023000000,100,1410,1215,55,0
2959,29.590197782,225.023000000,100,1410,1215,55,0
2960,29.600197852,225.023000000,100,1410,1215,55,0
2961,29.610197773,225.023000000,100,1410,1215,55,0
2962,29.620198986,225.023000000,100,1410,1215,55,0
2963,29.630201371,225.023000000,100,1410,1215,55,0
2964,29.640197244,225.023000000,100,1410,1215,55,0
2965,29.650201913,224.884000000,100,1410,1215,55,0
2966,29.660198137,224.884000000,100,1410,1215,55,0
2967,29.670197667,224.884000000,100,1410,1215,55,0
2968,29.680196916,224.884000000,100,1410,1215,55,0
2969,29.690201595,224.884000000,100,1410,1215,55,0
2970,29.700197639,224.884000000,100,1410,1215,55,0
2971,29.710202158,224.884000000,100,1410,1215,55,0
2972,29.720197961,224.884000000,100,1410,1215,55,0
2973,29.730198152,224.884000000,100,1410,1215,55,0
2974,29.740198183,224.884000000,100,1410,1215,55,0
2975,29.750199726,224.596000000,100,1410,1215,55,0
2976,29.760197352,224.596000000,100,1410,1215,55,0
2977,29.770198455,224.596000000,100,1410,1215,55,0
2978,29.780196522,224.596000000,100,1410,1215,55,0
2979,29.790198116,224.596000000,100,1410,1215,55,0
2980,29.800201653,224.596000000,100,1410,1215,55,0
2981,29.810198177,224.596000000,100,1410,1215,55,0
2982,29.820197597,224.596000000,100,1410,1215,55,0
2983,29.830197828,224.596000000,100,1410,1215,55,0
2984,29.840197718,224.596000000,100,1410,1215,55,0
2985,29.850198811,224.339000000,100,1410,1215,55,0
2986,29.860201767,224.339000000,100,1410,1215,55,0
2987,29.870198281,224.339000000,100,1410,1215,55,0
2988,29.880197902,224.339000000,100,1410,1215,55,0
2989,29.890197261,224.339000000,100,1410,1215,55,0
2990,29.900201760,224.339000000,100,1410,1215,55,0
2991,29.910198104,224.339000000,100,1410,1215,55,0
2992,29.920197714,224.339000000,100,1410,1215,55,0
2993,29.930201702,224.339000000,100,1410,1215,55,0
2994,29.940197375,224.339000000,100,1410,1215,55,0
2995,29.950202445,224.041000000,100,1410,1215,55,0
2996,29.960198248,224.041000000,100,1410,1215,55,0
2997,29.970197928,224.041000000,100,1410,1215,55,0
2998,29.980196536,224.041000000,100,1410,1215,55,0
2999,29.990197278,224.041000000,100,1410,1215,55,0
3000,30.000197048,224.041000000,100,1410,1215,55,0
3001,30.010197480,224.041000000,100,1410,1215,55,0
3002,30.020196979,224.041000000,100,1410,1215,55,0
3003,30.030197371,224.041000000,100,1410,1215,55,0
3004,30.040196891,224.041000000,100,1410,1215,55,0
3005,30.050198344,224.897000000,100,1410,1215,55,0
3006,30.060197132,224.897000000,100,1410,1215,55,0
3007,30.070197323,224.897000000,100,1410,1215,55,0
3008,30.080202454,224.897000000,100,1410,1215,55,0
3009,30.090202114,224.897000000,100,1410,1215,55,0
3010,30.100197506,224.897000000,100,1410,1215,55,0
3011,30.110197316,224.897000000,100,1410,1215,55,0
3012,30.120197197,224.897000000,100,1410,1215,55,0
3013,30.130201866,224.897000000,100,1410,1215,55,0
3014,30.140196627,224.897000000,100,1410,1215,55,0
3015,30.150202198,225.282000000,100,1410,1215,55,0
3016,30.160198411,225.282000000,100,1410,1215,55,0
3017,30.170197631,225.282000000,100,1410,1215,55,0
3018,30.180196760,225.282000000,100,1410,1215,55,0
3019,30.190196720,225.282000000,100,1410,1215,55,0
3020,30.200197282,225.282000000,100,1410,1215,55,0
3021,30.210201120,225.282000000,100,1410,1215,55,0
3022,30.220197404,225.282000000,100,1410,1215,55,0
3023,30.230201021,225.282000000,100,1410,1215,55,0
3024,30.240197575,225.282000000,100,1410,1215,55,0
3025,30.250199079,225.119000000,100,1410,1215,55,0
3026,30.260196224,225.119000000,100,1410,1215,55,0
3027,30.270196486,225.119000000,100,1410,1215,55,0
3028,30.280197939,225.119000000,100,1410,1215,55,0
3029,30.290196747,225.119000000,100,1410,1215,55,0
3030,30.300197159,225.119000000,100,1410,1215,55,0
3031,30.310197931,225.119000000,100,1410,1215,55,0
3032,30.320197070,225.119000000,100,1410,1215,55,0
3033,30.330197552,225.119000000,100,1410,1215,55,0
3034,30.340349065,225.119000000,100,1410,1215,55,0
3035,30.350198655,225.240000000,100,1410,1215,55,0
3036,30.360197003,225.240000000,100,1410,1215,55,0
3037,30.370197374,225.240000000,100,1410,1215,55,0
3038,30.380200470,225.240000000,100,1410,1215,55,0
3039,30.390197896,225.240000000,100,1410,1215,55,0
3040,30.400198087,225.240000000,100,1410,1215,55,0
3041,30.410202877,225.240000000,100,1410,1215,55,0
3042,30.420197969,225.240000000,100,1410,1215,55,0
3043,30.430197669,225.240000000,100,1410,1215,55,0
3044,30.440197389,225.240000000,100,1410,1215,55,0
3045,30.450198471,225.499000000,100,1410,1215,55,0
3046,30.460196689,225.499000000,100,1410,1215,55,0
3047,30.470201368,225.499000000,100,1410,1215,55,0
3048,30.480197371,225.499000000,100,1410,1215,55,0
3049,30.490197462,225.499000000,100,1410,1215,55,0
3050,30.500198044,225.499000000,100,1410,1215,55,0
3051,30.510197794,225.499000000,100,1410,1215,55,0
3052,30.520197324,225.499000000,100,1410,1215,55,0
3053,30.530201272,225.499000000,100,1410,1215,55,0
3054,30.540202205,225.499000000,100,1410,1215,55,0
3055,30.550198679,225.575000000,100,1410,1215,55,0
3056,30.560198148,225.575000000,100,1410,1215,55,0
3057,30.570197929,225.575000000,100,1410,1215,55,0
3058,30.580201035,225.575000000,100,1410,1215,55,0
3059,30.590198912,225.575000000,100,1410,1215,55,0
3060,30.600197981,225.575000000,100,1410,1215,55,0
3061,30.610197811,225.575000000,100,1410,1215,55,0
3062,30.620197051,225.575000000,100,1410,1215,55,0
3063,30.630197422,225.575000000,100,1410,1215,55,0
3064,30.640196702,225.575000000,100,1410,1215,55,0
3065,30.650199818,225.312000000,100,1410,1215,55,0
3066,30.660201763,225.312000000,100,1410,1215,55,0
3067,30.670196944,225.312000000,100,1410,1215,55,0
3068,30.680197857,225.312000000,100,1410,1215,55,0
3069,30.690200553,225.312000000,100,1410,1215,55,0
3070,30.700197758,225.312000000,100,1410,1215,55,0
3071,30.710197208,225.312000000,100,1410,1215,55,0
3072,30.720197860,225.312000000,100,1410,1215,55,0
3073,30.730198622,225.312000000,100,1410,1215,55,0
3074,30.740201378,225.312000000,100,1410,1215,55,0
3075,30.750198874,225.024000000,100,1410,1215,55,0
3076,30.760202261,225.024000000,100,1410,1215,55,0
3077,30.770197423,225.024000000,100,1410,1215,55,0
3078,30.780201852,225.024000000,100,1410,1215,55,0
3079,30.790197885,225.024000000,100,1410,1215,55,0
3080,30.800201272,225.024000000,100,1410,1215,55,0
3081,30.810197646,225.024000000,100,1410,1215,55,0
3082,30.820197547,225.024000000,100,1410,1215,55,0
3083,30.830201365,225.024000000,100,1410,1215,55,0
3084,30.840197719,225.024000000,100,1410,1215,55,0
3085,30.850203020,224.915000000,100,1410,1215,55,0
3086,30.860197289,224.915000000,100,1410,1215,55,0
3087,30.870196649,224.915000000,100,1410,1215,55,0
3088,30.880197852,224.915000000,100,1410,1215,55,0
3089,30.890197973,224.915000000,100,1410,1215,55,0
3090,30.900197383,224.915000000,100,1410,1215,55,0
3091,30.910197844,224.915000000,100,1410,1215,55,0
3092,30.920201672,224.915000000,100,1410,1215,55,0
3093,30.930197485,224.915000000,100,1410,1215,55,0
3094,30.940201413,224.915000000,100,1410,1215,55,0
3095,30.950199070,224.825000000,100,1410,1215,55,0
3096,30.960196766,224.825000000,100,1410,1215,55,0
3097,30.970195946,224.825000000,100,1410,1215,55,0
3098,30.980197209,224.825000000,100,1410,1215,55,0
3099,30.990201337,224.825000000,100,1410,1215,55,0
3100,31.000197080,224.825000000,100,1410,1215,55,0
3101,31.010201178,224.825000000,100,1410,1215,55,0
3102,31.020196811,224.825000000,100,1410,1215,55,0
3103,31.030197593,224.825000000,100,1410,1215,55,0
3104,31.040197835,224.825000000,100,1410,1215,55,0
3105,31.050198827,224.532000000,100,1410,1215,55,0
3106,31.060197175,224.532000000,100,1410,1215,55,0
3107,31.070198017,224.532000000,100,1410,1215,55,0
3108,31.080197677,224.532000000,100,1410,1215,55,0
3109,31.090197087,224.532000000,100,1410,1215,55,0
3110,31.100197759,224.532000000,100,1410,1215,55,0
3111,31.110197569,224.532000000,100,1410,1215,55,0
3112,31.120197921,224.532000000,100,1410,1215,55,0
3113,31.130198382,224.532000000,100,1410,1215,55,0
3114,31.140202030,224.532000000,100,1410,1215,55,0
3115,31.150198925,224.524000000,100,1410,1215,55,0
3116,31.160197223,224.524000000,100,1410,1215,55,0
3117,31.170197824,224.524000000,100,1410,1215,55,0
3118,31.180197665,224.524000000,100,1410,1215,55,0
3119,31.190197315,224.524000000,100,1410,1215,55,0
3120,31.200202566,224.524000000,100,1410,1215,55,0
3121,31.210201795,224.524000000,100,1410,1215,55,0
3122,31.220198129,224.524000000,100,1410,1215,55,0
3123,31.230198090,224.524000000,100,1410,1215,55,0
3124,31.240198150,224.524000000,100,1410,1215,55,0
3125,31.250198512,224.009000000,100,1410,1215,55,0
3126,31.260197911,224.009000000,100,1410,1215,55,0
3127,31.270198243,224.009000000,100,1410,1215,55,0
3128,31.280197983,224.009000000,100,1410,1215,55,0
3129,31.290197854,224.009000000,100,1410,1215,55,0
3130,31.300197864,224.009000000,100,1410,1215,55,0
3131,31.310197655,224.009000000,100,1410,1215,55,0
3132,31.320202294,224.009000000,100,1410,1215,55,0
3133,31.330198458,224.009000000,100,1410,1215,55,0
3134,31.340202336,224.009000000,100,1410,1215,55,0
3135,31.350198900,224.692000000,100,1410,1215,55,0
3136,31.360198180,224.692000000,100,1410,1215,55,0
3137,31.370197830,224.692000000,100,1410,1215,55,0
3138,31.380198973,224.692000000,100,1410,1215,55,0
3139,31.390198172,224.692000000,100,1410,1215,55,0
3140,31.400198153,224.692000000,100,1410,1215,55,0
3141,31.410197442,224.692000000,100,1410,1215,55,0
3142,31.420198024,224.692000000,100,1410,1215,55,0
3143,31.430197564,224.692000000,100,1410,1215,55,0
3144,31.440197565,224.692000000,100,1410,1215,55,0
3145,31.450197666,224.908000000,100,1410,1215,55,0
3146,31.460197045,224.908000000,100,1410,1215,55,0
3147,31.470196936,224.908000000,100,1410,1215,55,0
3148,31.480197237,224.908000000,100,1410,1215,55,0
3149,31.490196206,224.908000000,100,1410,1215,55,0
3150,31.500197299,224.908000000,100,1410,1215,55,0
3151,31.510197069,224.908000000,100,1410,1215,55,0
3152,31.520196479,224.908000000,100,1410,1215,55,0
3153,31.530197452,224.908000000,100,1410,1215,55,0
3154,31.540197522,224.908000000,100,1410,1215,55,0
3155,31.550198986,225.240000000,100,1410,1215,55,0
3156,31.560197855,225.240000000,100,1410,1215,55,0
3157,31.570197114,225.240000000,100,1410,1215,55,0
3158,31.580201413,225.240000000,100,1410,1215,55,0
3159,31.590198017,225.240000000,100,1410,1215,55,0
3160,31.600197497,225.240000000,100,1410,1215,55,0
3161,31.610197177,225.240000000,100,1410,1215,55,0
3162,31.620201777,225.240000000,100,1410,1215,55,0
3163,31.630197900,225.240000000,100,1410,1215,55,0
3164,31.640197029,225.240000000,100,1410,1215,55,0
3165,31.650198162,225.409000000,100,1410,1215,55,0
3166,31.660202221,225.409000000,100,1410,1215,55,0
3167,31.670198004,225.409000000,100,1410,1215,55,0
3168,31.680195861,225.409000000,100,1410,1215,55,0
3169,31.690197815,225.409000000,100,1410,1215,55,0
3170,31.700197846,225.409000000,100,1410,1215,55,0
3171,31.710197617,225.409000000,100,1410,1215,55,0
3172,31.720201976,225.409000000,100,1410,1215,55,0
3173,31.730197568,225.409000000,100,1410,1215,55,0
3174,31.740197820,225.409000000,100,1410,1215,55,0
3175,31.750199073,225.593000000,100,1410,1215,55,0
3176,31.760198362,225.593000000,100,1410,1215,55,0
3177,31.770197872,225.593000000,100,1410,1215,55,0
3178,31.780197573,225.593000000,100,1410,1215,55,0
3179,31.790201721,225.593000000,100,1410,1215,55,0
3180,31.800198576,225.593000000,100,1410,1215,55,0
3181,31.810197665,225.593000000,100,1410,1215,55,0
3182,31.820197566,225.593000000,100,1410,1215,55,0
3183,31.830198038,225.593000000,100,1410,1215,55,0
3184,31.840198289,225.593000000,100,1410,1215,55,0
3185,31.850197769,225.665000000,100,1410,1215,55,0
3186,31.860201547,225.665000000,100,1410,1215,55,0
3187,31.870198342,225.665000000,100,1410,1215,55,0
3188,31.880201909,225.665000000,100,1410,1215,55,0
3189,31.890198985,225.665000000,100,1410,1215,55,0
3190,31.900198194,225.665000000,100,1410,1215,55,0
3191,31.910197844,225.665000000,100,1410,1215,55,0
3192,31.920198055,225.665000000,100,1410,1215,55,0
3193,31.930197736,225.665000000,100,1410,1215,55,0
3194,31.940197356,225.665000000,100,1410,1215,55,0
3195,31.950198619,225.145000000,100,1410,1215,55,0
3196,31.960197468,225.145000000,100,1410,1215,55,0
3197,31.970196437,225.145000000,100,1410,1215,55,0
3198,31.980196277,225.145000000,100,1410,1215,55,0
3199,31.990197841,225.145000000,100,1410,1215,55,0
3200,32.000197501,225.145000000,100,1410,1215,55,0
3201,32.010196460,225.145000000,100,1410,1215,55,0
3202,32.020198234,225.145000000,100,1410,1215,55,0
3203,32.030197243,225.145000000,100,1410,1215,55,0
3204,32.040197905,225.145000000,100,1410,1215,55,0
3205,32.050198758,225.215000000,100,1410,1215,55,0
3206,32.060196605,225.215000000,100,1410,1215,55,0
3207,32.070197577,225.215000000,100,1410,1215,55,0
3208,32.080198450,225.215000000,100,1410,1215,55,0
3209,32.090197719,225.215000000,100,1410,1215,55,0
3210,32.100201948,225.215000000,100,1410,1215,55,0
3211,32.110198162,225.215000000,100,1410,1215,55,0
3212,32.120201369,225.215000000,100,1410,1215,55,0
3213,32.130198124,225.215000000,100,1410,1215,55,0
3214,32.140197193,225.215000000,100,1410,1215,55,0
3215,32.150198646,225.192000000,100,1410,1215,55,0
3216,32.160197846,225.192000000,100,1410,1215,55,0
3217,32.170198227,225.192000000,100,1410,1215,55,0
3218,32.180197917,225.192000000,100,1410,1215,55,0
3219,32.190197417,225.192000000,100,1410,1215,55,0
3220,32.200197438,225.192000000,100,1410,1215,55,0
3221,32.210197159,225.192000000,100,1410,1215,55,0
3222,32.220201678,225.192000000,100,1410,1215,55,0
3223,32.230197481,225.192000000,100,1410,1215,55,0
3224,32.240202782,225.192000000,100,1410,1215,55,0
3225,32.250203153,224.666000000,100,1410,1215,55,0
3226,32.260197513,224.666000000,100,1410,1215,55,0
3227,32.270198005,224.666000000,100,1410,1215,55,0
3228,32.280197435,224.666000000,100,1410,1215,55,0
3229,32.290197406,224.666000000,100,1410,1215,55,0
3230,32.300198168,224.666000000,100,1410,1215,55,0
3231,32.310197768,224.666000000,100,1410,1215,55,0
3232,32.320196256,224.666000000,100,1410,1215,55,0
3233,32.330197499,224.666000000,100,1410,1215,55,0
3234,32.340201237,224.666000000,100,1410,1215,55,0
3235,32.350198713,224.628000000,100,1410,1215,55,0
3236,32.360197282,224.628000000,100,1410,1215,55,0
3237,32.370196972,224.628000000,100,1410,1215,55,0
3238,32.380198566,224.628000000,100,1410,1215,55,0
3239,32.390201632,224.628000000,100,1410,1215,55,0
3240,32.400197726,224.628000000,100,1410,1215,55,0
3241,32.410197987,224.628000000,100,1410,1215,55,0
3242,32.420197517,224.628000000,100,1410,1215,55,0
3243,32.430197989,224.628000000,100,1410,1215,55,0
3244,32.440202158,224.628000000,100,1410,1215,55,0
3245,32.450200265,224.788000000,100,1410,1215,55,0
3246,32.460198192,224.788000000,100,1410,1215,55,0
3247,32.470197371,224.788000000,100,1410,1215,55,0
3248,32.480198855,224.788000000,100,1410,1215,55,0
3249,32.490197243,224.788000000,100,1410,1215,55,0
3250,32.500197294,224.788000000,100,1410,1215,55,0
3251,32.510197515,224.788000000,100,1410,1215,55,0
3252,32.520197546,224.788000000,100,1410,1215,55,0
3253,32.530198799,224.788000000,100,1410,1215,55,0
3254,32.540198930,224.788000000,100,1410,1215,55,0
3255,32.550198400,224.243000000,100,1410,1215,55,0
3256,32.560203771,224.243000000,100,1410,1215,55,0
3257,32.570198512,224.243000000,100,1410,1215,55,0
3258,32.580197942,224.243000000,100,1410,1215,55,0
3259,32.590197963,224.243000000,100,1410,1215,55,0
3260,32.600198444,224.243000000,100,1410,1215,55,0
3261,32.610198425,224.243000000,100,1410,1215,55,0
3262,32.620202574,224.243000000,100,1410,1215,55,0
3263,32.630198247,224.243000000,100,1410,1215,55,0
3264,32.640203017,224.243000000,100,1410,1215,55,0
3265,32.650198770,224.435000000,100,1410,1215,55,0
3266,32.660197799,224.435000000,100,1410,1215,55,0
3267,32.670196768,224.435000000,100,1410,1215,55,0
3268,32.680201888,224.435000000,100,1410,1215,55,0
3269,32.690197711,224.435000000,100,1410,1215,55,0
3270,32.700197051,224.435000000,100,1410,1215,55,0
3271,32.710197393,224.435000000,100,1410,1215,55,0
3272,32.720201191,224.435000000,100,1410,1215,55,0
3273,32.730197635,224.435000000,100,1410,1215,55,0
3274,32.740202475,224.435000000,100,1410,1215,55,0
3275,32.750199370,224.921000000,100,1410,1215,55,0
3276,32.760197748,224.921000000,100,1410,1215,55,0
3277,32.770197980,224.921000000,100,1410,1215,55,0
3278,32.780198682,224.921000000,100,1410,1215,55,0
3279,32.790202310,224.921000000,100,1410,1215,55,0
3280,32.800202641,224.921000000,100,1410,1215,55,0
3281,32.810198855,224.921000000,100,1410,1215,55,0
3282,32.820197874,224.921000000,100,1410,1215,55,0
3283,32.830198616,224.921000000,100,1410,1215,55,0
3284,32.840199189,224.921000000,100,1410,1215,55,0
3285,32.850198177,225.314000000,100,1410,1215,55,0
3286,32.860199641,225.314000000,100,1410,1215,55,0
3287,32.870197518,225.314000000,100,1410,1215,55,0
3288,32.880198331,225.314000000,100,1410,1215,55,0
3289,32.890197941,225.314000000,100,1410,1215,55,0
3290,32.900198072,225.314000000,100,1410,1215,55,0
3291,32.910201700,225.314000000,100,1410,1215,55,0
3292,32.920198925,225.314000000,100,1410,1215,55,0
3293,32.930198556,225.314000000,100,1410,1215,55,0
3294,32.940197956,225.314000000,100,1410,1215,55,0
3295,32.950198648,225.314000000,100,1410,1215,55,0
3296,32.960197557,225.314000000,100,1410,1215,55,0
3297,32.970197998,225.314000000,100,1410,1215,55,0
3298,32.980197729,225.314000000,100,1410,1215,55,0
3299,32.990198161,225.314000000,100,1410,1215,55,0
3300,33.000198172,225.314000000,100,1410,1215,55,0
3301,33.010197932,225.314000000,100,1410,1215,55,0
3302,33.020196019,225.314000000,100,1410,1215,55,0
3303,33.030196762,225.314000000,100,1410,1215,55,0
3304,33.040198526,225.314000000,100,1410,1215,55,0
3305,33.050199539,225.689000000,100,1410,1215,55,0
3306,33.060199530,225.689000000,100,1410,1215,55,0
3307,33.070198188,225.689000000,100,1410,1215,55,0
3308,33.080198820,225.689000000,100,1410,1215,55,0
3309,33.090202037,225.689000000,100,1410,1215,55,0
3310,33.100198301,225.689000000,100,1410,1215,55,0
3311,33.110198453,225.689000000,100,1410,1215,55,0
3312,33.120197862,225.689000000,100,1410,1215,55,0
3313,33.130197422,225.689000000,100,1410,1215,55,0
3314,33.140201661,225.689000000,100,1410,1215,55,0
3315,33.150198907,225.689000000,100,1410,1215,55,0
3316,33.160197876,225.689000000,100,1410,1215,55,0
3317,33.170197286,225.689000000,100,1410,1215,55,0
3318,33.180196315,225.689000000,100,1410,1215,55,0
3319,33.190197659,225.689000000,100,1410,1215,55,0
3320,33.200202088,225.689000000,100,1410,1215,55,0
3321,33.210197851,225.689000000,100,1410,1215,55,0
3322,33.220197451,225.689000000,100,1410,1215,55,0
3323,33.230197622,225.689000000,100,1410,1215,55,0
3324,33.240197754,225.689000000,100,1410,1215,55,0
3325,33.250196081,225.433000000,100,1410,1215,55,0
3326,33.260198457,225.433000000,100,1410,1215,55,0
3327,33.270197646,225.433000000,100,1410,1215,55,0
3328,33.280197908,225.433000000,100,1410,1215,55,0
3329,33.290201756,225.433000000,100,1410,1215,55,0
3330,33.300197489,225.433000000,100,1410,1215,55,0
3331,33.310198622,225.433000000,100,1410,1215,55,0
3332,33.320202700,225.433000000,100,1410,1215,55,0
3333,33.330198403,225.433000000,100,1410,1215,55,0
3334,33.340198184,225.433000000,100,1410,1215,55,0
3335,33.350199197,225.336000000,100,1410,1215,55,0
3336,33.360198226,225.336000000,100,1410,1215,55,0
3337,33.370198036,225.336000000,100,1410,1215,55,0
3338,33.380202065,225.336000000,100,1410,1215,55,0
3339,33.390197808,225.336000000,100,1410,1215,55,0
3340,33.400202217,225.336000000,100,1410,1215,55,0
3341,33.410198451,225.336000000,100,1410,1215,55,0
3342,33.420198021,225.336000000,100,1410,1215,55,0
3343,33.430198693,225.336000000,100,1410,1215,55,0
3344,33.440202201,225.336000000,100,1410,1215,55,0
3345,33.450198705,225.570000000,100,1410,1215,55,0
3346,33.460203495,225.570000000,100,1410,1215,55,0
3347,33.470197455,225.570000000,100,1410,1215,55,0
3348,33.480197195,225.570000000,100,1410,1215,55,0
3349,33.490197316,225.570000000,100,1410,1215,55,0
3350,33.500197548,225.570000000,100,1410,1215,55,0
3351,33.510198029,225.570000000,100,1410,1215,55,0
3352,33.520198892,225.570000000,100,1410,1215,55,0
3353,33.530199123,225.570000000,100,1410,1215,55,0
3354,33.540202891,225.570000000,100,1410,1215,55,0
3355,33.550200117,225.288000000,100,1410,1215,55,0
3356,33.560198064,225.288000000,100,1410,1215,55,0
3357,33.570203054,225.288000000,100,1410,1215,55,0
3358,33.580197325,225.288000000,100,1410,1215,55,0
3359,33.590198728,225.288000000,100,1410,1215,55,0
3360,33.600201895,225.288000000,100,1410,1215,55,0
3361,33.610199562,225.288000000,100,1410,1215,55,0
3362,33.620197239,225.288000000,100,1410,1215,55,0
3363,33.630202680,225.288000000,100,1410,1215,55,0
3364,33.640199194,225.288000000,100,1410,1215,55,0
3365,33.650199155,224.915000000,100,1410,1215,55,0
3366,33.660197874,224.915000000,100,1410,1215,55,0
3367,33.670198756,224.915000000,100,1410,1215,55,0
3368,33.680197064,224.915000000,100,1410,1215,55,0
3369,33.690197606,224.915000000,100,1410,1215,55,0
3370,33.700197848,224.915000000,100,1410,1215,55,0
3371,33.710197268,224.915000000,100,1410,1215,55,0
3372,33.720197339,224.915000000,100,1410,1215,55,0
3373,33.730198773,224.915000000,100,1410,1215,55,0
3374,33.740198613,224.915000000,100,1410,1215,55,0
3375,33.750199246,224.825000000,100,1410,1215,55,0
3376,33.760197433,224.825000000,100,1410,1215,55,0
3377,33.770202233,224.825000000,100,1410,1215,55,0
3378,33.780198557,224.825000000,100,1410,1215,55,0
3379,33.790198098,224.825000000,100,1410,1215,55,0
3380,33.800197357,224.825000000,100,1410,1215,55,0
3381,33.810201456,224.825000000,100,1410,1215,55,0
3382,33.820198221,224.825000000,100,1410,1215,55,0
3383,33.830201739,224.825000000,100,1410,1215,55,0
3384,33.840197842,224.825000000,100,1410,1215,55,0
3385,33.850197433,224.603000000,100,1410,1215,55,0
3386,33.860198185,224.603000000,100,1410,1215,55,0
3387,33.870202123,224.603000000,100,1410,1215,55,0
3388,33.880198137,224.603000000,100,1410,1215,55,0
3389,33.890198308,224.603000000,100,1410,1215,55,0
3390,33.900198019,224.603000000,100,1410,1215,55,0
3391,33.910202378,224.603000000,100,1410,1215,55,0
3392,33.920197119,224.603000000,100,1410,1215,55,0
3393,33.930197641,224.603000000,100,1410,1215,55,0
3394,33.940198123,224.603000000,100,1410,1215,55,0
3395,33.950202783,224.148000000,100,1410,1215,55,0
3396,33.960197484,224.148000000,100,1410,1215,55,0
3397,33.970201112,224.148000000,100,1410,1215,55,0
3398,33.980202495,224.148000000,100,1410,1215,55,0
3399,33.990197828,224.148000000,100,1410,1215,55,0
3400,34.000196977,224.148000000,100,1410,1215,55,0
3401,34.010198231,224.148000000,100,1410,1215,55,0
3402,34.020196719,224.148000000,100,1410,1215,55,0
3403,34.030196730,224.148000000,100,1410,1215,55,0
3404,34.040196821,224.148000000,100,1410,1215,55,0
3405,34.050199156,224.339000000,100,1410,1215,55,0
3406,34.060197344,224.339000000,100,1410,1215,55,0
3407,34.070197045,224.339000000,100,1410,1215,55,0
3408,34.080197887,224.339000000,100,1410,1215,55,0
3409,34.090197748,224.339000000,100,1410,1215,55,0
3410,34.100197408,224.339000000,100,1410,1215,55,0
3411,34.110202158,224.339000000,100,1410,1215,55,0
3412,34.120199194,224.339000000,100,1410,1215,55,0
3413,34.130197321,224.339000000,100,1410,1215,55,0
3414,34.140198124,224.339000000,100,1410,1215,55,0
3415,34.150198165,225.120000000,100,1410,1215,55,0
3416,34.160198997,225.120000000,100,1410,1215,55,0
3417,34.170197385,225.120000000,100,1410,1215,55,0
3418,34.180197897,225.120000000,100,1410,1215,55,0
3419,34.190197748,225.120000000,100,1410,1215,55,0
3420,34.200195625,225.120000000,100,1410,1215,55,0
3421,34.210197199,225.120000000,100,1410,1215,55,0
3422,34.220197040,225.120000000,100,1410,1215,55,0
3423,34.230198183,225.120000000,100,1410,1215,55,0
3424,34.240197012,225.120000000,100,1410,1215,55,0
3425,34.250197915,225.402000000,100,1410,1215,55,0
3426,34.260197906,225.402000000,100,1410,1215,55,0
3427,34.270197095,225.402000000,100,1410,1215,55,0
3428,34.280202817,225.402000000,100,1410,1215,55,0
3429,34.290197598,225.402000000,100,1410,1215,55,0
3430,34.300198010,225.402000000,100,1410,1215,55,0
3431,34.310198191,225.402000000,100,1410,1215,55,0
3432,34.320198533,225.402000000,100,1410,1215,55,0
3433,34.330196671,225.402000000,100,1410,1215,55,0
3434,34.340197202,225.402000000,100,1410,1215,55,0
3435,34.350198396,225.761000000,100,1410,1215,55,0
3436,34.360204037,225.761000000,100,1410,1215,55,0
3437,34.370197155,225.761000000,100,1410,1215,55,0
3438,34.380197708,225.761000000,100,1410,1215,55,0
3439,34.390197258,225.761000000,100,1410,1215,55,0
3440,34.400197639,225.761000000,100,1410,1215,55,0
3441,34.410196929,225.761000000,100,1410,1215,55,0
3442,34.420197171,225.761000000,100,1410,1215,55,0
3443,34.430197973,225.761000000,100,1410,1215,55,0
3444,34.440197794,225.761000000,100,1410,1215,55,0
3445,34.450198727,225.696000000,100,1410,1215,55,0
3446,34.460197435,225.696000000,100,1410,1215,55,0
3447,34.470196755,225.696000000,100,1410,1215,55,0
3448,34.480197578,225.696000000,100,1410,1215,55,0
3449,34.490198571,225.696000000,100,1410,1215,55,0
3450,34.500196938,225.696000000,100,1410,1215,55,0
3451,34.510197380,225.696000000,100,1410,1215,55,0
3452,34.520197562,225.696000000,100,1410,1215,55,0
3453,34.530197823,225.696000000,100,1410,1215,55,0
3454,34.540197444,225.696000000,100,1410,1215,55,0
3455,34.550198567,225.601000000,100,1410,1215,55,0
3456,34.560197656,225.601000000,100,1410,1215,55,0
3457,34.570197036,225.601000000,100,1410,1215,55,0
3458,34.580197718,225.601000000,100,1410,1215,55,0
3459,34.590199092,225.601000000,100,1410,1215,55,0
3460,34.600198362,225.601000000,100,1410,1215,55,0
3461,34.610198793,225.601000000,100,1410,1215,55,0
3462,34.620198213,225.601000000,100,1410,1215,55,0
3463,34.630198916,225.601000000,100,1410,1215,55,0
3464,34.640199288,225.601000000,100,1410,1215,55,0
3465,34.650198768,225.882000000,100,1410,1215,55,0
3466,34.660197707,225.882000000,100,1410,1215,55,0
3467,34.670203409,225.882000000,100,1410,1215,55,0
3468,34.680203670,225.882000000,100,1410,1215,55,0
3469,34.690198071,225.882000000,100,1410,1215,55,0
3470,34.700198182,225.882000000,100,1410,1215,55,0
3471,34.710199045,225.882000000,100,1410,1215,55,0
3472,34.720197724,225.882000000,100,1410,1215,55,0
3473,34.730198787,225.882000000,100,1410,1215,55,0
3474,34.740196894,225.882000000,100,1410,1215,55,0
3475,34.750198549,225.665000000,100,1410,1215,55,0
3476,34.760197528,225.665000000,100,1410,1215,55,0
3477,34.770197829,225.665000000,100,1410,1215,55,0
3478,34.780196839,225.665000000,100,1410,1215,55,0
3479,34.790198613,225.665000000,100,1410,1215,55,0
3480,34.800198324,225.665000000,100,1410,1215,55,0
3481,34.810201922,225.665000000,100,1410,1215,55,0
3482,34.820198026,225.665000000,100,1410,1215,55,0
3483,34.830198157,225.665000000,100,1410,1215,55,0
3484,34.840197868,225.665000000,100,1410,1215,55,0
3485,34.850198941,225.119000000,100,1410,1215,55,0
3486,34.860197098,225.119000000,100,1410,1215,55,0
3487,34.870197490,225.119000000,100,1410,1215,55,0
3488,34.880196740,225.119000000,100,1410,1215,55,0
3489,34.890197793,225.119000000,100,1410,1215,55,0
3490,34.900197724,225.119000000,100,1410,1215,55,0
3491,34.910198016,225.119000000,100,1410,1215,55,0
3492,34.920197806,225.119000000,100,1410,1215,55,0
3493,34.930197888,225.119000000,100,1410,1215,55,0
3494,34.940201696,225.119000000,100,1410,1215,55,0
3495,34.950198451,225.120000000,100,1410,1215,55,0
3496,34.960197971,225.120000000,100,1410,1215,55,0
3497,34.970197010,225.120000000,100,1410,1215,55,0
3498,34.980197422,225.120000000,100,1410,1215,55,0
3499,34.990196301,225.120000000,100,1410,1215,55,0
3500,35.000197144,225.120000000,100,1410,1215,55,0
3501,35.010196494,225.120000000,100,1410,1215,55,0
3502,35.020197828,225.120000000,100,1410,1215,55,0
3503,35.030196556,225.120000000,100,1410,1215,55,0
3504,35.040196928,225.120000000,100,1410,1215,55,0
3505,35.050197851,225.025000000,100,1410,1215,55,0
3506,35.060202100,225.025000000,100,1410,1215,55,0
3507,35.070197863,225.025000000,100,1410,1215,55,0
3508,35.080197163,225.025000000,100,1410,1215,55,0
3509,35.090197755,225.025000000,100,1410,1215,55,0
3510,35.100197987,225.025000000,100,1410,1215,55,0
3511,35.110197737,225.025000000,100,1410,1215,55,0
3512,35.120198039,225.025000000,100,1410,1215,55,0
3513,35.130197169,225.025000000,100,1410,1215,55,0
3514,35.140198232,225.025000000,100,1410,1215,55,0
3515,35.150199465,224.832000000,100,1410,1215,55,0
3516,35.160203243,224.832000000,100,1410,1215,55,0
3517,35.170197854,224.832000000,100,1410,1215,55,0
3518,35.180201693,224.832000000,100,1410,1215,55,0
3519,35.190198578,224.832000000,100,1410,1215,55,0
3520,35.200197637,224.832000000,100,1410,1215,55,0
3521,35.210197348,224.832000000,100,1410,1215,55,0
3522,35.220198721,224.832000000,100,1410,1215,55,0
3523,35.230198622,224.832000000,100,1410,1215,55,0
3524,35.240199205,224.832000000,100,1410,1215,55,0
3525,35.250198204,224.603000000,100,1410,1215,55,0
3526,35.260196832,224.603000000,100,1410,1215,55,0
3527,35.270201803,224.603000000,100,1410,1215,55,0
3528,35.280198318,224.603000000,100,1410,1215,55,0
3529,35.290196856,224.603000000,100,1410,1215,55,0
3530,35.300197849,224.603000000,100,1410,1215,55,0
3531,35.310198141,224.603000000,100,1410,1215,55,0
3532,35.320197551,224.603000000,100,1410,1215,55,0
3533,35.330197181,224.603000000,100,1410,1215,55,0
3534,35.340197974,224.603000000,100,1410,1215,55,0
3535,35.350198566,224.147000000,100,1410,1215,55,0
3536,35.360201663,224.147000000,100,1410,1215,55,0
3537,35.370197807,224.147000000,100,1410,1215,55,0
3538,35.380197657,224.147000000,100,1410,1215,55,0
3539,35.390198280,224.147000000,100,1410,1215,55,0
3540,35.400202679,224.147000000,100,1410,1215,55,0
3541,35.410197931,224.147000000,100,1410,1215,55,0
3542,35.420197992,224.147000000,100,1410,1215,55,0
3543,35.430198454,224.147000000,100,1410,1215,55,0
3544,35.440198446,224.147000000,100,1410,1215,55,0
3545,35.450198306,224.531000000,100,1410,1215,55,0
3546,35.460197827,224.531000000,100,1410,1215,55,0
3547,35.470199441,224.531000000,100,1410,1215,55,0
3548,35.480197358,224.531000000,100,1410,1215,55,0
3549,35.490197940,224.531000000,100,1410,1215,55,0
3550,35.500197811,224.531000000,100,1410,1215,55,0
3551,35.510197732,224.531000000,100,1410,1215,55,0
3552,35.520197232,224.531000000,100,1410,1215,55,0
3553,35.530197804,224.531000000,100,1410,1215,55,0
3554,35.540197775,224.531000000,100,1410,1215,55,0
3555,35.550198798,225.215000000,100,1410,1215,55,0
3556,35.560197547,225.215000000,100,1410,1215,55,0
3557,35.570198009,225.215000000,100,1410,1215,55,0
3558,35.580196918,225.215000000,100,1410,1215,55,0
3559,35.590198052,225.215000000,100,1410,1215,55,0
3560,35.600198103,225.215000000,100,1410,1215,55,0
3561,35.610202292,225.215000000,100,1410,1215,55,0
3562,35.620197594,225.215000000,100,1410,1215,55,0
3563,35.630197966,225.215000000,100,1410,1215,55,0
3564,35.640198087,225.215000000,100,1410,1215,55,0
3565,35.650202577,225.505000000,100,1410,1215,55,0
3566,35.660198781,225.505000000,100,1410,1215,55,0
3567,35.670202890,225.505000000,100,1410,1215,55,0
3568,35.680199114,225.505000000,100,1410,1215,55,0
3569,35.690199316,225.505000000,100,1410,1215,55,0
3570,35.700197173,225.505000000,100,1410,1215,55,0
3571,35.710203365,225.505000000,100,1410,1215,55,0
3572,35.720199329,225.505000000,100,1410,1215,55,0
3573,35.730199350,225.505000000,100,1410,1215,55,0
3574,35.740198109,225.505000000,100,1410,1215,55,0
3575,35.750198972,225.504000000,100,1410,1215,55,0
3576,35.760199104,225.504000000,100,1410,1215,55,0
3577,35.770201619,225.504000000,100,1410,1215,55,0
3578,35.780197242,225.504000000,100,1410,1215,55,0
3579,35.790197354,225.504000000,100,1410,1215,55,0
3580,35.800197445,225.504000000,100,1410,1215,55,0
3581,35.810198047,225.504000000,100,1410,1215,55,0
3582,35.820201966,225.504000000,100,1410,1215,55,0
3583,35.830198000,225.504000000,100,1410,1215,55,0
3584,35.840197821,225.504000000,100,1410,1215,55,0
3585,35.850199104,226.050000000,100,1410,1215,55,0
3586,35.860202331,226.050000000,100,1410,1215,55,0
3587,35.870197935,226.050000000,100,1410,1215,55,0
3588,35.880201613,226.050000000,100,1410,1215,55,0
3589,35.890198418,226.050000000,100,1410,1215,55,0
3590,35.900201885,226.050000000,100,1410,1215,55,0
3591,35.910198090,226.050000000,100,1410,1215,55,0
3592,35.920198131,226.050000000,100,1410,1215,55,0
3593,35.930202831,226.050000000,100,1410,1215,55,0
3594,35.940197612,226.050000000,100,1410,1215,55,0
3595,35.950197794,225.978000000,100,1410,1215,55,0
3596,35.960201823,225.978000000,100,1410,1215,55,0
3597,35.970198007,225.978000000,100,1410,1215,55,0
3598,35.980197837,225.978000000,100,1410,1215,55,0
3599,35.990198340,225.978000000,100,1410,1215,55,0
3600,36.000196738,225.978000000,100,1410,1215,55,0
3601,36.010197180,225.978000000,100,1410,1215,55,0
3602,36.020196520,225.978000000,100,1410,1215,55,0
3603,36.030196621,225.978000000,100,1410,1215,55,0
3604,36.040197063,225.978000000,100,1410,1215,55,0
3605,36.050198698,225.503000000,100,1410,1215,55,0
3606,36.060196605,225.503000000,100,1410,1215,55,0
3607,36.070196566,225.503000000,100,1410,1215,55,0
3608,36.080197809,225.503000000,100,1410,1215,55,0
3609,36.090197761,225.503000000,100,1410,1215,55,0
3610,36.100196860,225.503000000,100,1410,1215,55,0
3611,36.110198504,225.503000000,100,1410,1215,55,0
3612,36.120196572,225.503000000,100,1410,1215,55,0
3613,36.130201242,225.503000000,100,1410,1215,55,0
3614,36.140197486,225.503000000,100,1410,1215,55,0
3615,36.150198750,225.216000000,100,1410,1215,55,0
3616,36.160200594,225.216000000,100,1410,1215,55,0
3617,36.170201708,225.216000000,100,1410,1215,55,0
3618,36.180197230,225.216000000,100,1410,1215,55,0
3619,36.190201289,225.216000000,100,1410,1215,55,0
3620,36.200197684,225.216000000,100,1410,1215,55,0
3621,36.210202153,225.216000000,100,1410,1215,55,0
3622,36.220197456,225.216000000,100,1410,1215,55,0
3623,36.230198479,225.216000000,100,1410,1215,55,0
3624,36.240197658,225.216000000,100,1410,1215,55,0
3625,36.250199022,225.312000000,100,1410,1215,55,0
3626,36.260197501,225.312000000,100,1410,1215,55,0
3627,36.270202942,225.312000000,100,1410,1215,55,0
3628,36.280197553,225.312000000,100,1410,1215,55,0
3629,36.290198045,225.312000000,100,1410,1215,55,0
3630,36.300197505,225.312000000,100,1410,1215,55,0
3631,36.310201434,225.312000000,100,1410,1215,55,0
3632,36.320197267,225.312000000,100,1410,1215,55,0
3633,36.330197228,225.312000000,100,1410,1215,55,0
3634,36.340197230,225.312000000,100,1410,1215,55,0
3635,36.350198714,225.096000000,100,1410,1215,55,0
3636,36.360197062,225.096000000,100,1410,1215,55,0
3637,36.370201311,225.096000000,100,1410,1215,55,0
3638,36.380197295,225.096000000,100,1410,1215,55,0
3639,36.390197125,225.096000000,100,1410,1215,55,0
3640,36.400196756,225.096000000,100,1410,1215,55,0
3641,36.410201085,225.096000000,100,1410,1215,55,0
3642,36.420197740,225.096000000,100,1410,1215,55,0
3643,36.430197190,225.096000000,100,1410,1215,55,0
3644,36.440197402,225.096000000,100,1410,1215,55,0
3645,36.450199477,224.813000000,100,1410,1215,55,0
3646,36.460197094,224.813000000,100,1410,1215,55,0
3647,36.470201443,224.813000000,100,1410,1215,55,0
3648,36.480201464,224.813000000,100,1410,1215,55,0
3649,36.490197328,224.813000000,100,1410,1215,55,0
3650,36.500196608,224.813000000,100,1410,1215,55,0
3651,36.510197130,224.813000000,100,1410,1215,55,0
3652,36.520197602,224.813000000,100,1410,1215,55,0
3653,36.530196912,224.813000000,100,1410,1215,55,0
3654,36.540196302,224.813000000,100,1410,1215,55,0
3655,36.550198177,224.712000000,100,1410,1215,55,0
3656,36.560196755,224.712000000,100,1410,1215,55,0
3657,36.570196506,224.712000000,100,1410,1215,55,0
3658,36.580200264,224.712000000,100,1410,1215,55,0
3659,36.590197290,224.712000000,100,1410,1215,55,0
3660,36.600197952,224.712000000,100,1410,1215,55,0
3661,36.610201170,224.712000000,100,1410,1215,55,0
3662,36.620201241,224.712000000,100,1410,1215,55,0
3663,36.630197315,224.712000000,100,1410,1215,55,0
3664,36.640201264,224.712000000,100,1410,1215,55,0
3665,36.650199221,224.365000000,100,1410,1215,55,0
3666,36.660197279,224.365000000,100,1410,1215,55,0
3667,36.670196659,224.365000000,100,1410,1215,55,0
3668,36.680202491,224.365000000,100,1410,1215,55,0
3669,36.690198265,224.365000000,100,1410,1215,55,0
3670,36.700196332,224.365000000,100,1410,1215,55,0
3671,36.710196875,224.365000000,100,1410,1215,55,0
3672,36.720196525,224.365000000,100,1410,1215,55,0
3673,36.730197238,224.365000000,100,1410,1215,55,0
3674,36.740198742,224.365000000,100,1410,1215,55,0
3675,36.750198723,224.544000000,100,1410,1215,55,0
3676,36.760202351,224.544000000,100,1410,1215,55,0
3677,36.770197744,224.544000000,100,1410,1215,55,0
3678,36.780201422,224.544000000,100,1410,1215,55,0
3679,36.790197877,224.544000000,100,1410,1215,55,0
3680,36.800196796,224.544000000,100,1410,1215,55,0
3681,36.810201987,224.544000000,100,1410,1215,55,0
3682,36.820198322,224.544000000,100,1410,1215,55,0
3683,36.830198453,224.544000000,100,1410,1215,55,0
3684,36.840197502,224.544000000,100,1410,1215,55,0
3685,36.850198476,225.120000000,100,1410,1215,55,0
3686,36.860198948,225.120000000,100,1410,1215,55,0
3687,36.870196925,225.120000000,100,1410,1215,55,0
3688,36.880202126,225.120000000,100,1410,1215,55,0
3689,36.890197399,225.120000000,100,1410,1215,55,0
3690,36.900198612,225.120000000,100,1410,1215,55,0
3691,36.910196850,225.120000000,100,1410,1215,55,0
3692,36.920198525,225.120000000,100,1410,1215,55,0
3693,36.930197053,225.120000000,100,1410,1215,55,0
3694,36.940197576,225.120000000,100,1410,1215,55,0
3695,36.950198258,225.697000000,100,1410,1215,55,0
3696,36.960197297,225.697000000,100,1410,1215,55,0
3697,36.970200835,225.697000000,100,1410,1215,55,0
3698,36.980197651,225.697000000,100,1410,1215,55,0
3699,36.990197131,225.697000000,100,1410,1215,55,0
3700,37.000200639,225.697000000,100,1410,1215,55,0
3701,37.010197054,225.697000000,100,1410,1215,55,0
3702,37.020197195,225.697000000,100,1410,1215,55,0
3703,37.030196936,225.697000000,100,1410,1215,55,0
3704,37.040196997,225.697000000,100,1410,1215,55,0
3705,37.050202379,225.503000000,100,1410,1215,55,0
3706,37.060196469,225.503000000,100,1410,1215,55,0
3707,37.070198093,225.503000000,100,1410,1215,55,0
3708,37.080196952,225.503000000,100,1410,1215,55,0
3709,37.090197665,225.503000000,100,1410,1215,55,0
3710,37.100197516,225.503000000,100,1410,1215,55,0
3711,37.110197417,225.503000000,100,1410,1215,55,0
3712,37.120197619,225.503000000,100,1410,1215,55,0
3713,37.130197400,225.503000000,100,1410,1215,55,0
3714,37.140198152,225.503000000,100,1410,1215,55,0
3715,37.150199105,225.599000000,100,1410,1215,55,0
3716,37.160198305,225.599000000,100,1410,1215,55,0
3717,37.170198006,225.599000000,100,1410,1215,55,0
3718,37.180197336,225.599000000,100,1410,1215,55,0
3719,37.190196746,225.599000000,100,1410,1215,55,0
3720,37.200197779,225.599000000,100,1410,1215,55,0
3721,37.210202309,225.599000000,100,1410,1215,55,0
3722,37.220201980,225.599000000,100,1410,1215,55,0
3723,37.230197974,225.599000000,100,1410,1215,55,0
3724,37.240198225,225.599000000,100,1410,1215,55,0
3725,37.250203366,225.695000000,100,1410,1215,55,0
3726,37.260198458,225.695000000,100,1410,1215,55,0
3727,37.270197628,225.695000000,100,1410,1215,55,0
3728,37.280197589,225.695000000,100,1410,1215,55,0
3729,37.290198212,225.695000000,100,1410,1215,55,0
3730,37.300198834,225.695000000,100,1410,1215,55,0
3731,37.310201881,225.695000000,100,1410,1215,55,0
3732,37.320197965,225.695000000,100,1410,1215,55,0
3733,37.330201723,225.695000000,100,1410,1215,55,0
3734,37.340198248,225.695000000,100,1410,1215,55,0
3735,37.350199572,225.601000000,100,1410,1215,55,0
3736,37.360198161,225.601000000,100,1410,1215,55,0
3737,37.370198192,225.601000000,100,1410,1215,55,0
3738,37.380198333,225.601000000,100,1410,1215,55,0
3739,37.390199267,225.601000000,100,1410,1215,55,0
3740,37.400198066,225.601000000,100,1410,1215,55,0
3741,37.410197696,225.601000000,100,1410,1215,55,0
3742,37.420197537,225.601000000,100,1410,1215,55,0
3743,37.430197849,225.601000000,100,1410,1215,55,0
3744,37.440196778,225.601000000,100,1410,1215,55,0
3745,37.450198513,225.569000000,100,1410,1215,55,0
3746,37.460202942,225.569000000,100,1410,1215,55,0
3747,37.470202894,225.569000000,100,1410,1215,55,0
3748,37.480197886,225.569000000,100,1410,1215,55,0
3749,37.490197937,225.569000000,100,1410,1215,55,0
3750,37.500198068,225.569000000,100,1410,1215,55,0
3751,37.510203310,225.569000000,100,1410,1215,55,0
3752,37.520197480,225.569000000,100,1410,1215,55,0
3753,37.530198163,225.569000000,100,1410,1215,55,0
3754,37.540198825,225.569000000,100,1410,1215,55,0
3755,37.550199247,225.473000000,100,1410,1215,55,0
3756,37.560198166,225.473000000,100,1410,1215,55,0
3757,37.570201744,225.473000000,100,1410,1215,55,0
3758,37.580197237,225.473000000,100,1410,1215,55,0
3759,37.590201587,225.473000000,100,1410,1215,55,0
3760,37.600198162,225.473000000,100,1410,1215,55,0
3761,37.610197973,225.473000000,100,1410,1215,55,0
3762,37.620197323,225.473000000,100,1410,1215,55,0
3763,37.630197424,225.473000000,100,1410,1215,55,0
3764,37.640199069,225.473000000,100,1410,1215,55,0
3765,37.650218226,225.113000000,100,1410,1215,55,0
3766,37.660197729,225.113000000,100,1410,1215,55,0
3767,37.670198061,225.113000000,100,1410,1215,55,0
3768,37.680197161,225.113000000,100,1410,1215,55,0
3769,37.690198294,225.113000000,100,1410,1215,55,0
3770,37.700197454,225.113000000,100,1410,1215,55,0
3771,37.710197145,225.113000000,100,1410,1215,55,0
3772,37.720198058,225.113000000,100,1410,1215,55,0
3773,37.730197538,225.113000000,100,1410,1215,55,0
3774,37.740197029,225.113000000,100,1410,1215,55,0
3775,37.750370645,224.927000000,100,1410,1215,55,0
3776,37.760198264,224.927000000,100,1410,1215,55,0
3777,37.770197774,224.927000000,100,1410,1215,55,0
3778,37.780197876,224.927000000,100,1410,1215,55,0
3779,37.790197346,224.927000000,100,1410,1215,55,0
3780,37.800197538,224.927000000,100,1410,1215,55,0
3781,37.810197790,224.927000000,100,1410,1215,55,0
3782,37.820196959,224.927000000,100,1410,1215,55,0
3783,37.830199225,224.927000000,100,1410,1215,55,0
3784,37.840198265,224.927000000,100,1410,1215,55,0
3785,37.850199258,224.736000000,100,1410,1215,55,0
3786,37.860203187,224.736000000,100,1410,1215,55,0
3787,37.870198850,224.736000000,100,1410,1215,55,0
3788,37.880202167,224.736000000,100,1410,1215,55,0
3789,37.890199123,224.736000000,100,1410,1215,55,0
3790,37.900198834,224.736000000,100,1410,1215,55,0
3791,37.910197493,224.736000000,100,1410,1215,55,0
3792,37.920197514,224.736000000,100,1410,1215,55,0
3793,37.930202485,224.736000000,100,1410,1215,55,0
3794,37.940197637,224.736000000,100,1410,1215,55,0
3795,37.950198150,224.884000000,100,1410,1215,55,0
3796,37.960198351,224.884000000,100,1410,1215,55,0
3797,37.970197551,224.884000000,100,1410,1215,55,0
3798,37.980196651,224.884000000,100,1410,1215,55,0
3799,37.990196813,224.884000000,100,1410,1215,55,0
3800,38.000197716,224.884000000,100,1410,1215,55,0
3801,38.010197076,224.884000000,100,1410,1215,55,0
3802,38.020197398,224.884000000,100,1410,1215,55,0
3803,38.030197880,224.884000000,100,1410,1215,55,0
3804,38.040197441,224.884000000,100,1410,1215,55,0
3805,38.050199055,224.995000000,100,1410,1215,55,0
3806,38.060197153,224.995000000,100,1410,1215,55,0
3807,38.070198026,224.995000000,100,1410,1215,55,0
3808,38.080200993,224.995000000,100,1410,1215,55,0
3809,38.090201745,224.995000000,100,1410,1215,55,0
3810,38.100201827,224.995000000,100,1410,1215,55,0
3811,38.110197951,224.995000000,100,1410,1215,55,0
3812,38.120202050,224.995000000,100,1410,1215,55,0
3813,38.130198495,224.995000000,100,1410,1215,55,0
3814,38.140197214,224.995000000,100,1410,1215,55,0
3815,38.150199359,225.216000000,100,1410,1215,55,0
3816,38.160196746,225.216000000,100,1410,1215,55,0
3817,38.170195705,225.216000000,100,1410,1215,55,0
3818,38.180200776,225.216000000,100,1410,1215,55,0
3819,38.190200647,225.216000000,100,1410,1215,55,0
3820,38.200196301,225.216000000,100,1410,1215,55,0
3821,38.210196152,225.216000000,100,1410,1215,55,0
3822,38.220196193,225.216000000,100,1410,1215,55,0
3823,38.230201605,225.216000000,100,1410,1215,55,0
3824,38.240197308,225.216000000,100,1410,1215,55,0
3825,38.250197440,225.337000000,100,1410,1215,55,0
3826,38.260195978,225.337000000,100,1410,1215,55,0
3827,38.270201620,225.337000000,100,1410,1215,55,0
3828,38.280197304,225.337000000,100,1410,1215,55,0
3829,38.290197565,225.337000000,100,1410,1215,55,0
3830,38.300197317,225.337000000,100,1410,1215,55,0
3831,38.310202257,225.337000000,100,1410,1215,55,0
3832,38.320197119,225.337000000,100,1410,1215,55,0
3833,38.330196579,225.337000000,100,1410,1215,55,0
3834,38.340201329,225.337000000,100,1410,1215,55,0
3835,38.350204336,225.433000000,100,1410,1215,55,0
3836,38.360201292,225.433000000,100,1410,1215,55,0
3837,38.370196705,225.433000000,100,1410,1215,55,0
3838,38.380197898,225.433000000,100,1410,1215,55,0
3839,38.390202499,225.433000000,100,1410,1215,55,0
3840,38.400201859,225.433000000,100,1410,1215,55,0
3841,38.410197452,225.433000000,100,1410,1215,55,0
3842,38.420196451,225.433000000,100,1410,1215,55,0
3843,38.430198086,225.433000000,100,1410,1215,55,0
3844,38.440197696,225.433000000,100,1410,1215,55,0
3845,38.450199090,225.792000000,100,1410,1215,55,0
3846,38.460196928,225.792000000,100,1410,1215,55,0
3847,38.470196638,225.792000000,100,1410,1215,55,0
3848,38.480201499,225.792000000,100,1410,1215,55,0
3849,38.490197102,225.792000000,100,1410,1215,55,0
3850,38.500196733,225.792000000,100,1410,1215,55,0
3851,38.510196303,225.792000000,100,1410,1215,55,0
3852,38.520196786,225.792000000,100,1410,1215,55,0
3853,38.530197508,225.792000000,100,1410,1215,55,0
3854,38.540196628,225.792000000,100,1410,1215,55,0
3855,38.550198743,225.785000000,100,1410,1215,55,0
3856,38.560197052,225.785000000,100,1410,1215,55,0
3857,38.570201261,225.785000000,100,1410,1215,55,0
3858,38.580196974,225.785000000,100,1410,1215,55,0
3859,38.590196274,225.785000000,100,1410,1215,55,0
3860,38.600197478,225.785000000,100,1410,1215,55,0
3861,38.610196718,225.785000000,100,1410,1215,55,0
3862,38.620197391,225.785000000,100,1410,1215,55,0
3863,38.630197222,225.785000000,100,1410,1215,55,0
3864,38.640201161,225.785000000,100,1410,1215,55,0
3865,38.650198938,225.599000000,100,1410,1215,55,0
3866,38.660197096,225.599000000,100,1410,1215,55,0
3867,38.670197208,225.599000000,100,1410,1215,55,0
3868,38.680196628,225.599000000,100,1410,1215,55,0
3869,38.690197792,225.599000000,100,1410,1215,55,0
3870,38.700196711,225.599000000,100,1410,1215,55,0
3871,38.710197334,225.599000000,100,1410,1215,55,0
3872,38.720196704,225.599000000,100,1410,1215,55,0
3873,38.730196555,225.599000000,100,1410,1215,55,0
3874,38.740197719,225.599000000,100,1410,1215,55,0
3875,38.750199023,225.312000000,100,1410,1215,55,0
3876,38.760196349,225.312000000,100,1410,1215,55,0
3877,38.770326534,225.312000000,100,1410,1215,55,0
3878,38.780201141,225.312000000,100,1410,1215,55,0
3879,38.790197276,225.312000000,100,1410,1215,55,0
3880,38.800197277,225.312000000,100,1410,1215,55,0
3881,38.810196818,225.312000000,100,1410,1215,55,0
3882,38.820197861,225.312000000,100,1410,1215,55,0
3883,38.830196630,225.312000000,100,1410,1215,55,0
3884,38.840197744,225.312000000,100,1410,1215,55,0
3885,38.850199699,225.216000000,100,1410,1215,55,0
3886,38.860196805,225.216000000,100,1410,1215,55,0
3887,38.870196706,225.216000000,100,1410,1215,55,0
3888,38.880196698,225.216000000,100,1410,1215,55,0
3889,38.890196859,225.216000000,100,1410,1215,55,0
3890,38.900201389,225.216000000,100,1410,1215,55,0
3891,38.910198054,225.216000000,100,1410,1215,55,0
3892,38.920197114,225.216000000,100,1410,1215,55,0
3893,38.930202596,225.216000000,100,1410,1215,55,0
3894,38.940197548,225.216000000,100,1410,1215,55,0
3895,38.950200204,225.312000000,100,1410,1215,55,0
3896,38.960196749,225.312000000,100,1410,1215,55,0
3897,38.970196741,225.312000000,100,1410,1215,55,0
3898,38.980201922,225.312000000,100,1410,1215,55,0
3899,38.990196924,225.312000000,100,1410,1215,55,0
3900,39.000197216,225.312000000,100,1410,1215,55,0
3901,39.010201325,225.312000000,100,1410,1215,55,0
3902,39.020197059,225.312000000,100,1410,1215,55,0
3903,39.030196329,225.312000000,100,1410,1215,55,0
3904,39.040197182,225.312000000,100,1410,1215,55,0
3905,39.050199548,224.903000000,100,1410,1215,55,0
3906,39.060197575,224.903000000,100,1410,1215,55,0
3907,39.070198779,224.903000000,100,1410,1215,55,0
3908,39.080197949,224.903000000,100,1410,1215,55,0
3909,39.090197930,224.903000000,100,1410,1215,55,0
3910,39.100197281,224.903000000,100,1410,1215,55,0
3911,39.110197843,224.903000000,100,1410,1215,55,0
3912,39.120198526,224.903000000,100,1410,1215,55,0
3913,39.130197736,224.903000000,100,1410,1215,55,0
3914,39.140202286,224.903000000,100,1410,1215,55,0
3915,39.150199081,224.909000000,100,1410,1215,55,0
3916,39.160197259,224.909000000,100,1410,1215,55,0
3917,39.170198072,224.909000000,100,1410,1215,55,0
3918,39.180202131,224.909000000,100,1410,1215,55,0
3919,39.190197304,224.909000000,100,1410,1215,55,0
3920,39.200197305,224.909000000,100,1410,1215,55,0
3921,39.210197657,224.909000000,100,1410,1215,55,0
3922,39.220197268,224.909000000,100,1410,1215,55,0
3923,39.230197460,224.909000000,100,1410,1215,55,0
3924,39.240195438,224.909000000,100,1410,1215,55,0
3925,39.250198314,224.993000000,100,1410,1215,55,0
3926,39.260197414,224.993000000,100,1410,1215,55,0
3927,39.270197907,224.993000000,100,1410,1215,55,0
3928,39.280197387,224.993000000,100,1410,1215,55,0
3929,39.290198180,224.993000000,100,1410,1215,55,0
3930,39.300201698,224.993000000,100,1410,1215,55,0
3931,39.310197752,224.993000000,100,1410,1215,55,0
3932,39.320197764,224.993000000,100,1410,1215,55,0
3933,39.330197865,224.993000000,100,1410,1215,55,0
3934,39.340198127,224.993000000,100,1410,1215,55,0
3935,39.350198439,224.526000000,100,1410,1215,55,0
3936,39.360198020,224.526000000,100,1410,1215,55,0
3937,39.370197531,224.526000000,100,1410,1215,55,0
3938,39.380197642,224.526000000,100,1410,1215,55,0
3939,39.390199227,224.526000000,100,1410,1215,55,0
3940,39.400197355,224.526000000,100,1410,1215,55,0
3941,39.410198368,224.526000000,100,1410,1215,55,0
3942,39.420198279,224.526000000,100,1410,1215,55,0
3943,39.430199283,224.526000000,100,1410,1215,55,0
3944,39.440197421,224.526000000,100,1410,1215,55,0
3945,39.450199586,225.208000000,100,1410,1215,55,0
3946,39.460198716,225.208000000,100,1410,1215,55,0
3947,39.470202955,225.208000000,100,1410,1215,55,0
3948,39.480197727,225.208000000,100,1410,1215,55,0
3949,39.490198360,225.208000000,100,1410,1215,55,0
3950,39.500197509,225.208000000,100,1410,1215,55,0
3951,39.510202991,225.208000000,100,1410,1215,55,0
3952,39.520197492,225.208000000,100,1410,1215,55,0
3953,39.530198225,225.208000000,100,1410,1215,55,0
3954,39.540197185,225.208000000,100,1410,1215,55,0
3955,39.550198959,225.858000000,100,1410,1215,55,0
3956,39.560197278,225.858000000,100,1410,1215,55,0
3957,39.570198061,225.858000000,100,1410,1215,55,0
3958,39.580202651,225.858000000,100,1410,1215,55,0
3959,39.590198224,225.858000000,100,1410,1215,55,0
3960,39.600197434,225.858000000,100,1410,1215,55,0
3961,39.610201804,225.858000000,100,1410,1215,55,0
3962,39.620197938,225.858000000,100,1410,1215,55,0
3963,39.630198350,225.858000000,100,1410,1215,55,0
3964,39.640198342,225.858000000,100,1410,1215,55,0
3965,39.650198564,225.878000000,100,1410,1215,55,0
3966,39.660197814,225.878000000,100,1410,1215,55,0
3967,39.670202264,225.878000000,100,1410,1215,55,0
3968,39.680198338,225.878000000,100,1410,1215,55,0
3969,39.690198029,225.878000000,100,1410,1215,55,0
3970,39.700198251,225.878000000,100,1410,1215,55,0
3971,39.710197942,225.878000000,100,1410,1215,55,0
3972,39.720197042,225.878000000,100,1410,1215,55,0
3973,39.730197364,225.878000000,100,1410,1215,55,0
3974,39.740197586,225.878000000,100,1410,1215,55,0
3975,39.750198779,225.695000000,100,1410,1215,55,0
3976,39.760197258,225.695000000,100,1410,1215,55,0
3977,39.770197390,225.695000000,100,1410,1215,55,0
3978,39.780197051,225.695000000,100,1410,1215,55,0
3979,39.790197774,225.695000000,100,1410,1215,55,0
3980,39.800197765,225.695000000,100,1410,1215,55,0
3981,39.810197246,225.695000000,100,1410,1215,55,0
3982,39.820197518,225.695000000,100,1410,1215,55,0
3983,39.830197970,225.695000000,100,1410,1215,55,0
3984,39.840197861,225.695000000,100,1410,1215,55,0
3985,39.850198304,225.786000000,100,1410,1215,55,0
3986,39.860197784,225.786000000,100,1410,1215,55,0
3987,39.870199559,225.786000000,100,1410,1215,55,0
3988,39.880196846,225.786000000,100,1410,1215,55,0
3989,39.890201236,225.786000000,100,1410,1215,55,0
3990,39.900198282,225.786000000,100,1410,1215,55,0
3991,39.910197432,225.786000000,100,1410,1215,55,0
3992,39.920197163,225.786000000,100,1410,1215,55,0
3993,39.930202875,225.786000000,100,1410,1215,55,0
3994,39.940199039,225.786000000,100,1410,1215,55,0
3995,39.950203209,225.828000000,100,1410,1215,55,0
3996,39.960198611,225.828000000,100,1410,1215,55,0
3997,39.970196639,225.828000000,100,1410,1215,55,0
3998,39.980197593,225.828000000,100,1410,1215,55,0
3999,39.990197594,225.828000000,100,1410,1215,55,0
4000,40.000197005,225.828000000,100,1410,1215,55,0
4001,40.010197748,225.828000000,100,1410,1215,55,0
4002,40.020196737,225.828000000,100,1410,1215,55,0
4003,40.030198312,225.828000000,100,1410,1215,55,0
4004,40.040197532,225.828000000,100,1410,1215,55,0
4005,40.050198706,225.446000000,100,1410,1215,55,0
4006,40.060198917,225.446000000,100,1410,1215,55,0
4007,40.070201564,225.446000000,100,1410,1215,55,0
4008,40.080197828,225.446000000,100,1410,1215,55,0
4009,40.090197259,225.446000000,100,1410,1215,55,0
4010,40.100197431,225.446000000,100,1410,1215,55,0
4011,40.110196801,225.446000000,100,1410,1215,55,0
4012,40.120197544,225.446000000,100,1410,1215,55,0
4013,40.130200792,225.446000000,100,1410,1215,55,0
4014,40.140199381,225.446000000,100,1410,1215,55,0
4015,40.150200414,225.407000000,100,1410,1215,55,0
4016,40.160198081,225.407000000,100,1410,1215,55,0
4017,40.170197562,225.407000000,100,1410,1215,55,0
4018,40.180197674,225.407000000,100,1410,1215,55,0
4019,40.190201372,225.407000000,100,1410,1215,55,0
4020,40.200198158,225.407000000,100,1410,1215,55,0
4021,40.210198029,225.407000000,100,1410,1215,55,0
4022,40.220197550,225.407000000,100,1410,1215,55,0
4023,40.230201218,225.407000000,100,1410,1215,55,0
4024,40.240197032,225.407000000,100,1410,1215,55,0
4025,40.250198907,225.472000000,100,1410,1215,55,0
4026,40.260197987,225.472000000,100,1410,1215,55,0
4027,40.270196976,225.472000000,100,1410,1215,55,0
4028,40.280197589,225.472000000,100,1410,1215,55,0
4029,40.290197039,225.472000000,100,1410,1215,55,0
4030,40.300196881,225.472000000,100,1410,1215,55,0
4031,40.310202162,225.472000000,100,1410,1215,55,0
4032,40.320196754,225.472000000,100,1410,1215,55,0
4033,40.330197136,225.472000000,100,1410,1215,55,0
4034,40.340196707,225.472000000,100,1410,1215,55,0
4035,40.350198562,224.951000000,100,1410,1215,55,0
4036,40.360202240,224.951000000,100,1410,1215,55,0
4037,40.370197873,224.951000000,100,1410,1215,55,0
4038,40.380196683,224.951000000,100,1410,1215,55,0
4039,40.390200581,224.951000000,100,1410,1215,55,0
4040,40.400197387,224.951000000,100,1410,1215,55,0
4041,40.410196116,224.951000000,100,1410,1215,55,0
4042,40.420196749,224.951000000,100,1410,1215,55,0
4043,40.430200948,224.951000000,100,1410,1215,55,0
4044,40.440198846,224.951000000,100,1410,1215,55,0
4045,40.450198306,224.761000000,100,1410,1215,55,0
4046,40.460199029,224.761000000,100,1410,1215,55,0
4047,40.470196847,224.761000000,100,1410,1215,55,0
4048,40.480197660,224.761000000,100,1410,1215,55,0
4049,40.490196379,224.761000000,100,1410,1215,55,0
4050,40.500202422,224.761000000,100,1410,1215,55,0
4051,40.510197264,224.761000000,100,1410,1215,55,0
4052,40.520200862,224.761000000,100,1410,1215,55,0
4053,40.530197507,224.761000000,100,1410,1215,55,0
4054,40.540198330,224.761000000,100,1410,1215,55,0
4055,40.550199274,224.524000000,100,1410,1215,55,0
4056,40.560198764,224.524000000,100,1410,1215,55,0
4057,40.570196983,224.524000000,100,1410,1215,55,0
4058,40.580201523,224.524000000,100,1410,1215,55,0
4059,40.590198558,224.524000000,100,1410,1215,55,0
4060,40.600197208,224.524000000,100,1410,1215,55,0
4061,40.610198141,224.524000000,100,1410,1215,55,0
4062,40.620196720,224.524000000,100,1410,1215,55,0
4063,40.630198425,224.524000000,100,1410,1215,55,0
4064,40.640201482,224.524000000,100,1410,1215,55,0
4065,40.650199420,224.202000000,100,1410,1215,55,0
4066,40.660200854,224.202000000,100,1410,1215,55,0
4067,40.670196969,224.202000000,100,1410,1215,55,0
4068,40.680197261,224.202000000,100,1410,1215,55,0
4069,40.690197823,224.202000000,100,1410,1215,55,0
4070,40.700197695,224.202000000,100,1410,1215,55,0
4071,40.710197766,224.202000000,100,1410,1215,55,0
4072,40.720197498,224.202000000,100,1410,1215,55,0
4073,40.730196718,224.202000000,100,1410,1215,55,0
4074,40.740197421,224.202000000,100,1410,1215,55,0
4075,40.750198474,225.288000000,100,1410,1215,55,0
4076,40.760197825,225.288000000,100,1410,1215,55,0
4077,40.770197566,225.288000000,100,1410,1215,55,0
4078,40.780196746,225.288000000,100,1410,1215,55,0
4079,40.790197068,225.288000000,100,1410,1215,55,0
4080,40.800197120,225.288000000,100,1410,1215,55,0
4081,40.810198464,225.288000000,100,1410,1215,55,0
4082,40.820197113,225.288000000,100,1410,1215,55,0
4083,40.830197175,225.288000000,100,1410,1215,55,0
4084,40.840197247,225.288000000,100,1410,1215,55,0
4085,40.850203079,225.497000000,100,1410,1215,55,0
4086,40.860198121,225.497000000,100,1410,1215,55,0
4087,40.870197842,225.497000000,100,1410,1215,55,0
4088,40.880201170,225.497000000,100,1410,1215,55,0
4089,40.890197054,225.497000000,100,1410,1215,55,0
4090,40.900196575,225.497000000,100,1410,1215,55,0
4091,40.910197158,225.497000000,100,1410,1215,55,0
4092,40.920196468,225.497000000,100,1410,1215,55,0
4093,40.930197051,225.497000000,100,1410,1215,55,0
4094,40.940197193,225.497000000,100,1410,1215,55,0
4095,40.950199088,225.785000000,100,1410,1215,55,0
4096,40.960202075,225.785000000,100,1410,1215,55,0
4097,40.970199923,225.785000000,100,1410,1215,55,0
4098,40.980197550,225.785000000,100,1410,1215,55,0
4099,40.990197471,225.785000000,100,1410,1215,55,0
4100,41.000197233,225.785000000,100,1410,1215,55,0
4101,41.010197855,225.785000000,100,1410,1215,55,0
4102,41.020198438,225.785000000,100,1410,1215,55,0
4103,41.030196927,225.785000000,100,1410,1215,55,0
4104,41.040197750,225.785000000,100,1410,1215,55,0
4105,41.050198363,225.888000000,100,1410,1215,55,0
4106,41.060196271,225.888000000,100,1410,1215,55,0
4107,41.070196573,225.888000000,100,1410,1215,55,0
4108,41.080198007,225.888000000,100,1410,1215,55,0
4109,41.090197007,225.888000000,100,1410,1215,55,0
4110,41.100197379,225.888000000,100,1410,1215,55,0
4111,41.110197922,225.888000000,100,1410,1215,55,0
4112,41.120197352,225.888000000,100,1410,1215,55,0
4113,41.130197364,225.888000000,100,1410,1215,55,0
4114,41.140197225,225.888000000,100,1410,1215,55,0
4115,41.150198139,225.901000000,100,1410,1215,55,0
4116,41.160198782,225.901000000,100,1410,1215,55,0
4117,41.170196960,225.901000000,100,1410,1215,55,0
4118,41.180197583,225.901000000,100,1410,1215,55,0
4119,41.190197334,225.901000000,100,1410,1215,55,0
4120,41.200202144,225.901000000,100,1410,1215,55,0
4121,41.210197598,225.901000000,100,1410,1215,55,0
4122,41.220202188,225.901000000,100,1410,1215,55,0
4123,41.230197531,225.901000000,100,1410,1215,55,0
4124,41.240196961,225.901000000,100,1410,1215,55,0
4125,41.250198546,225.984000000,100,1410,1215,55,0
4126,41.260201834,225.984000000,100,1410,1215,55,0
4127,41.270197678,225.984000000,100,1410,1215,55,0
4128,41.280197158,225.984000000,100,1410,1215,55,0
4129,41.290197260,225.984000000,100,1410,1215,55,0
4130,41.300198003,225.984000000,100,1410,1215,55,0
4131,41.310198305,225.984000000,100,1410,1215,55,0
4132,41.320198066,225.984000000,100,1410,1215,55,0
4133,41.330202086,225.984000000,100,1410,1215,55,0
4134,41.340198240,225.984000000,100,1410,1215,55,0
4135,41.350197781,225.786000000,100,1410,1215,55,0
4136,41.360197812,225.786000000,100,1410,1215,55,0
4137,41.370197844,225.786000000,100,1410,1215,55,0
4138,41.380198156,225.786000000,100,1410,1215,55,0
4139,41.390197356,225.786000000,100,1410,1215,55,0
4140,41.400198400,225.786000000,100,1410,1215,55,0
4141,41.410198171,225.786000000,100,1410,1215,55,0
4142,41.420202591,225.786000000,100,1410,1215,55,0
4143,41.430197634,225.786000000,100,1410,1215,55,0
4144,41.440197795,225.786000000,100,1410,1215,55,0
4145,41.450198869,225.408000000,100,1410,1215,55,0
4146,41.460202207,225.408000000,100,1410,1215,55,0
4147,41.470197710,225.408000000,100,1410,1215,55,0
4148,41.480197732,225.408000000,100,1410,1215,55,0
4149,41.490202522,225.408000000,100,1410,1215,55,0
4150,41.500203055,225.408000000,100,1410,1215,55,0
4151,41.510198839,225.408000000,100,1410,1215,55,0
4152,41.520197628,225.408000000,100,1410,1215,55,0
4153,41.530197650,225.408000000,100,1410,1215,55,0
4154,41.540199174,225.408000000,100,1410,1215,55,0
4155,41.550199947,225.151000000,100,1410,1215,55,0
4156,41.560201502,225.151000000,100,1410,1215,55,0
4157,41.570204349,225.151000000,100,1410,1215,55,0
4158,41.580197518,225.151000000,100,1410,1215,55,0
4159,41.590198561,225.151000000,100,1410,1215,55,0
4160,41.600198032,225.151000000,100,1410,1215,55,0
4161,41.610199476,225.151000000,100,1410,1215,55,0
4162,41.620198566,225.151000000,100,1410,1215,55,0
4163,41.630197877,225.151000000,100,1410,1215,55,0
4164,41.640196746,225.151000000,100,1410,1215,55,0
4165,41.650202880,225.121000000,100,1410,1215,55,0
4166,41.660197311,225.121000000,100,1410,1215,55,0
4167,41.670202623,225.121000000,100,1410,1215,55,0
4168,41.680197625,225.121000000,100,1410,1215,55,0
4169,41.690197997,225.121000000,100,1410,1215,55,0
4170,41.700198099,225.121000000,100,1410,1215,55,0
4171,41.710198231,225.121000000,100,1410,1215,55,0
4172,41.720202831,225.121000000,100,1410,1215,55,0
4173,41.730197804,225.121000000,100,1410,1215,55,0
4174,41.740197675,225.121000000,100,1410,1215,55,0
4175,41.750198469,225.191000000,100,1410,1215,55,0
4176,41.760200374,225.191000000,100,1410,1215,55,0
4177,41.770197670,225.191000000,100,1410,1215,55,0
4178,41.780197442,225.191000000,100,1410,1215,55,0
4179,41.790201852,225.191000000,100,1410,1215,55,0
4180,41.800197535,225.191000000,100,1410,1215,55,0
4181,41.810201635,225.191000000,100,1410,1215,55,0
4182,41.820197849,225.191000000,100,1410,1215,55,0
4183,41.830197921,225.191000000,100,1410,1215,55,0
4184,41.840202161,225.191000000,100,1410,1215,55,0
4185,41.850199127,224.921000000,100,1410,1215,55,0
4186,41.860198056,224.921000000,100,1410,1215,55,0
4187,41.870202266,224.921000000,100,1410,1215,55,0
4188,41.880198260,224.921000000,100,1410,1215,55,0
4189,41.890197641,224.921000000,100,1410,1215,55,0
4190,41.900197793,224.921000000,100,1410,1215,55,0
4191,41.910198396,224.921000000,100,1410,1215,55,0
4192,41.920197786,224.921000000,100,1410,1215,55,0
4193,41.930197567,224.921000000,100,1410,1215,55,0
4194,41.940197339,224.921000000,100,1410,1215,55,0
4195,41.950198583,223.849000000,100,1410,1215,55,0
4196,41.960197212,223.849000000,100,1410,1215,55,0
4197,41.970197604,223.849000000,100,1410,1215,55,0
4198,41.980198608,223.849000000,100,1410,1215,55,0
4199,41.990201144,223.849000000,100,1410,1215,55,0
4200,42.000201577,223.849000000,100,1410,1215,55,0
4201,42.010197060,223.849000000,100,1410,1215,55,0
4202,42.020196291,223.849000000,100,1410,1215,55,0
4203,42.030196192,223.849000000,100,1410,1215,55,0
4204,42.040197456,223.849000000,100,1410,1215,55,0
4205,42.050199201,224.909000000,100,1410,1215,55,0
4206,42.060198201,224.909000000,100,1410,1215,55,0
4207,42.070198122,224.909000000,100,1410,1215,55,0
4208,42.080202532,224.909000000,100,1410,1215,55,0
4209,42.090198677,224.909000000,100,1410,1215,55,0
4210,42.100198398,224.909000000,100,1410,1215,55,0
4211,42.110202097,224.909000000,100,1410,1215,55,0
4212,42.120198191,224.909000000,100,1410,1215,55,0
4213,42.130202561,224.909000000,100,1410,1215,55,0
4214,42.140197363,224.909000000,100,1410,1215,55,0
4215,42.150199058,225.497000000,100,1410,1215,55,0
4216,42.160197046,225.497000000,100,1410,1215,55,0
4217,42.170197348,225.497000000,100,1410,1215,55,0
4218,42.180196919,225.497000000,100,1410,1215,55,0
4219,42.190197301,225.497000000,100,1410,1215,55,0
4220,42.200196973,225.497000000,100,1410,1215,55,0
4221,42.210196994,225.497000000,100,1410,1215,55,0
4222,42.220197277,225.497000000,100,1410,1215,55,0
4223,42.230201296,225.497000000,100,1410,1215,55,0
4224,42.240197561,225.497000000,100,1410,1215,55,0
4225,42.250198384,225.696000000,100,1410,1215,55,0
4226,42.260196722,225.696000000,100,1410,1215,55,0
4227,42.270198147,225.696000000,100,1410,1215,55,0
4228,42.280197768,225.696000000,100,1410,1215,55,0
4229,42.290197048,225.696000000,100,1410,1215,55,0
4230,42.300196709,225.696000000,100,1410,1215,55,0
4231,42.310196511,225.696000000,100,1410,1215,55,0
4232,42.320196643,225.696000000,100,1410,1215,55,0
4233,42.330196654,225.696000000,100,1410,1215,55,0
4234,42.340197047,225.696000000,100,1410,1215,55,0
4235,42.350198942,225.984000000,100,1410,1215,55,0
4236,42.360200597,225.984000000,100,1410,1215,55,0
4237,42.370196942,225.984000000,100,1410,1215,55,0
4238,42.380197414,225.984000000,100,1410,1215,55,0
4239,42.390197155,225.984000000,100,1410,1215,55,0
4240,42.400197187,225.984000000,100,1410,1215,55,0
4241,42.410197018,225.984000000,100,1410,1215,55,0
4242,42.420197311,225.984000000,100,1410,1215,55,0
4243,42.430197573,225.984000000,100,1410,1215,55,0
4244,42.440196943,225.984000000,100,1410,1215,55,0
4245,42.450202746,226.182000000,100,1410,1215,55,0
4246,42.460196766,226.182000000,100,1410,1215,55,0
4247,42.470198141,226.182000000,100,1410,1215,55,0
4248,42.480197511,226.182000000,100,1410,1215,55,0
4249,42.490197002,226.182000000,100,1410,1215,55,0
4250,42.500196804,226.182000000,100,1410,1215,55,0
4251,42.510197506,226.182000000,100,1410,1215,55,0
4252,42.520197258,226.182000000,100,1410,1215,55,0
4253,42.530197089,226.182000000,100,1410,1215,55,0
4254,42.540196961,226.182000000,100,1410,1215,55,0
4255,42.550198515,226.074000000,100,1410,1215,55,0
4256,42.560200811,226.074000000,100,1410,1215,55,0
4257,42.570201384,226.074000000,100,1410,1215,55,0
4258,42.580198440,226.074000000,100,1410,1215,55,0
4259,42.590202029,226.074000000,100,1410,1215,55,0
4260,42.600197302,226.074000000,100,1410,1215,55,0
4261,42.610197253,226.074000000,100,1410,1215,55,0
4262,42.620196834,226.074000000,100,1410,1215,55,0
4263,42.630200693,226.074000000,100,1410,1215,55,0
4264,42.640198571,226.074000000,100,1410,1215,55,0
4265,42.650199976,225.882000000,100,1410,1215,55,0
4266,42.660197463,225.882000000,100,1410,1215,55,0
4267,42.670198927,225.882000000,100,1410,1215,55,0
4268,42.680202526,225.882000000,100,1410,1215,55,0
4269,42.690197538,225.882000000,100,1410,1215,55,0
4270,42.700197500,225.882000000,100,1410,1215,55,0
4271,42.710196921,225.882000000,100,1410,1215,55,0
4272,42.720197203,225.882000000,100,1410,1215,55,0
4273,42.730201363,225.882000000,100,1410,1215,55,0
4274,42.740201775,225.882000000,100,1410,1215,55,0
4275,42.750199362,225.504000000,100,1410,1215,55,0
4276,42.760196218,225.504000000,100,1410,1215,55,0
4277,42.770197482,225.504000000,100,1410,1215,55,0
4278,42.780201101,225.504000000,100,1410,1215,55,0
4279,42.790197396,225.504000000,100,1410,1215,55,0
4280,42.800197267,225.504000000,100,1410,1215,55,0
4281,42.810197630,225.504000000,100,1410,1215,55,0
4282,42.820198002,225.504000000,100,1410,1215,55,0
4283,42.830197694,225.504000000,100,1410,1215,55,0
4284,42.840197004,225.504000000,100,1410,1215,55,0
4285,42.850198459,225.504000000,100,1410,1215,55,0
4286,42.860201636,225.504000000,100,1410,1215,55,0
4287,42.870197070,225.504000000,100,1410,1215,55,0
4288,42.880201189,225.504000000,100,1410,1215,55,0
4289,42.890201211,225.504000000,100,1410,1215,55,0
4290,42.900197907,225.504000000,100,1410,1215,55,0
4291,42.910197858,225.504000000,100,1410,1215,55,0
4292,42.920197429,225.504000000,100,1410,1215,55,0
4293,42.930196790,225.504000000,100,1410,1215,55,0
4294,42.940196882,225.504000000,100,1410,1215,55,0
4295,42.950199078,225.570000000,100,1410,1215,55,0
4296,42.960197206,225.570000000,100,1410,1215,55,0
4297,42.970201005,225.570000000,100,1410,1215,55,0
4298,42.980196829,225.570000000,100,1410,1215,55,0
4299,42.990197452,225.570000000,100,1410,1215,55,0
4300,43.000197714,225.570000000,100,1410,1215,55,0
4301,43.010200802,225.570000000,100,1410,1215,55,0
4302,43.020197647,225.570000000,100,1410,1215,55,0
4303,43.030197088,225.570000000,100,1410,1215,55,0
4304,43.040197230,225.570000000,100,1410,1215,55,0
4305,43.050199026,225.023000000,100,1410,1215,55,0
4306,43.060196843,225.023000000,100,1410,1215,55,0
4307,43.070196975,225.023000000,100,1410,1215,55,0
4308,43.080197558,225.023000000,100,1410,1215,55,0
4309,43.090197159,225.023000000,100,1410,1215,55,0
4310,43.100197993,225.023000000,100,1410,1215,55,0
4311,43.110198766,225.023000000,100,1410,1215,55,0
4312,43.120197545,225.023000000,100,1410,1215,55,0
4313,43.130196545,225.023000000,100,1410,1215,55,0
4314,43.140197579,225.023000000,100,1410,1215,55,0
4315,43.150199144,224.736000000,100,1410,1215,55,0
4316,43.160197813,224.736000000,100,1410,1215,55,0
4317,43.170198787,224.736000000,100,1410,1215,55,0
4318,43.180197847,224.736000000,100,1410,1215,55,0
4319,43.190198069,224.736000000,100,1410,1215,55,0
4320,43.200197600,224.736000000,100,1410,1215,55,0
4321,43.210198684,224.736000000,100,1410,1215,55,0
4322,43.220197153,224.736000000,100,1410,1215,55,0
4323,43.230197876,224.736000000,100,1410,1215,55,0
4324,43.240197407,224.736000000,100,1410,1215,55,0
4325,43.250198480,224.808000000,100,1410,1215,55,0
4326,43.260198232,224.808000000,100,1410,1215,55,0
4327,43.270196971,224.808000000,100,1410,1215,55,0
4328,43.280197544,224.808000000,100,1410,1215,55,0
4329,43.290202185,224.808000000,100,1410,1215,55,0
4330,43.300201695,224.808000000,100,1410,1215,55,0
4331,43.310197670,224.808000000,100,1410,1215,55,0
4332,43.320197591,224.808000000,100,1410,1215,55,0
4333,43.330197263,224.808000000,100,1410,1215,55,0
4334,43.340197324,224.808000000,100,1410,1215,55,0
4335,43.350198889,224.953000000,100,1410,1215,55,0
4336,43.360197919,224.953000000,100,1410,1215,55,0
4337,43.370196939,224.953000000,100,1410,1215,55,0
4338,43.380197883,224.953000000,100,1410,1215,55,0
4339,43.390197564,224.953000000,100,1410,1215,55,0
4340,43.400197936,224.953000000,100,1410,1215,55,0
4341,43.410198038,224.953000000,100,1410,1215,55,0
4342,43.420197419,224.953000000,100,1410,1215,55,0
4343,43.430197591,224.953000000,100,1410,1215,55,0
4344,43.440197683,224.953000000,100,1410,1215,55,0
4345,43.450198156,225.012000000,100,1410,1215,55,0
4346,43.460197516,225.012000000,100,1410,1215,55,0
4347,43.470197548,225.012000000,100,1410,1215,55,0
4348,43.480202029,225.012000000,100,1410,1215,55,0
4349,43.490197542,225.012000000,100,1410,1215,55,0
4350,43.500197424,225.012000000,100,1410,1215,55,0
4351,43.510198137,225.012000000,100,1410,1215,55,0
4352,43.520197748,225.012000000,100,1410,1215,55,0
4353,43.530197339,225.012000000,100,1410,1215,55,0
4354,43.540197731,225.012000000,100,1410,1215,55,0
4355,43.550198565,225.689000000,100,1410,1215,55,0
4356,43.560198005,225.689000000,100,1410,1215,55,0
4357,43.570198238,225.689000000,100,1410,1215,55,0
4358,43.580201466,225.689000000,100,1410,1215,55,0
4359,43.590197901,225.689000000,100,1410,1215,55,0
4360,43.600198193,225.689000000,100,1410,1215,55,0
4361,43.610203355,225.689000000,100,1410,1215,55,0
4362,43.620197856,225.689000000,100,1410,1215,55,0
4363,43.630199812,225.689000000,100,1410,1215,55,0
4364,43.640202008,225.689000000,100,1410,1215,55,0
4365,43.650204414,225.960000000,100,1410,1215,55,0
4366,43.660198465,225.960000000,100,1410,1215,55,0
4367,43.670198046,225.960000000,100,1410,1215,55,0
4368,43.680197737,225.960000000,100,1410,1215,55,0
4369,43.690197799,225.960000000,100,1410,1215,55,0
4370,43.700200526,225.960000000,100,1410,1215,55,0
4371,43.710197653,225.960000000,100,1410,1215,55,0
4372,43.720203035,225.960000000,100,1410,1215,55,0
4373,43.730199420,225.960000000,100,1410,1215,55,0
4374,43.740199582,225.960000000,100,1410,1215,55,0
4375,43.750200846,225.792000000,100,1410,1215,55,0
4376,43.760198323,225.792000000,100,1410,1215,55,0
4377,43.770197293,225.792000000,100,1410,1215,55,0
4378,43.780197345,225.792000000,100,1410,1215,55,0
4379,43.790201355,225.792000000,100,1410,1215,55,0
4380,43.800198391,225.792000000,100,1410,1215,55,0
4381,43.810197882,225.792000000,100,1410,1215,55,0
4382,43.820197153,225.792000000,100,1410,1215,55,0
4383,43.830197194,225.792000000,100,1410,1215,55,0
4384,43.840197747,225.792000000,100,1410,1215,55,0
4385,43.850197569,225.989000000,100,1410,1215,55,0
4386,43.860198362,225.989000000,100,1410,1215,55,0
4387,43.870201791,225.989000000,100,1410,1215,55,0
4388,43.880197845,225.989000000,100,1410,1215,55,0
4389,43.890196995,225.989000000,100,1410,1215,55,0
4390,43.900198009,225.989000000,100,1410,1215,55,0
4391,43.910202940,225.989000000,100,1410,1215,55,0
4392,43.920202231,225.989000000,100,1410,1215,55,0
4393,43.930197464,225.989000000,100,1410,1215,55,0
4394,43.940197957,225.989000000,100,1410,1215,55,0
4395,43.950198830,226.165000000,100,1410,1215,55,0
4396,43.960199122,226.165000000,100,1410,1215,55,0
4397,43.970197371,226.165000000,100,1410,1215,55,0
4398,43.980197543,226.165000000,100,1410,1215,55,0
4399,43.990196624,226.165000000,100,1410,1215,55,0
4400,44.000196695,226.165000000,100,1410,1215,55,0
4401,44.010196186,226.165000000,100,1410,1215,55,0
4402,44.020196950,226.165000000,100,1410,1215,55,0
4403,44.030197362,226.165000000,100,1410,1215,55,0
4404,44.040197274,226.165000000,100,1410,1215,55,0
4405,44.050197847,225.882000000,100,1410,1215,55,0
4406,44.060198270,225.882000000,100,1410,1215,55,0
4407,44.070197771,225.882000000,100,1410,1215,55,0
4408,44.080196440,225.882000000,100,1410,1215,55,0
4409,44.090196562,225.882000000,100,1410,1215,55,0
4410,44.100196805,225.882000000,100,1410,1215,55,0
4411,44.110201585,225.882000000,100,1410,1215,55,0
4412,44.120197910,225.882000000,100,1410,1215,55,0
4413,44.130196730,225.882000000,100,1410,1215,55,0
4414,44.140196642,225.882000000,100,1410,1215,55,0
4415,44.150199699,225.665000000,100,1410,1215,55,0
4416,44.160196545,225.665000000,100,1410,1215,55,0
4417,44.170197609,225.665000000,100,1410,1215,55,0
4418,44.180198202,225.665000000,100,1410,1215,55,0
4419,44.190196581,225.665000000,100,1410,1215,55,0
4420,44.200197344,225.665000000,100,1410,1215,55,0
4421,44.210197166,225.665000000,100,1410,1215,55,0
4422,44.220199893,225.665000000,100,1410,1215,55,0
4423,44.230198402,225.665000000,100,1410,1215,55,0
4424,44.240202061,225.665000000,100,1410,1215,55,0
4425,44.250203846,225.400000000,100,1410,1215,55,0
4426,44.260197666,225.400000000,100,1410,1215,55,0
4427,44.270198780,225.400000000,100,1410,1215,55,0
4428,44.280195526,225.400000000,100,1410,1215,55,0
4429,44.290197832,225.400000000,100,1410,1215,55,0
4430,44.300197153,225.400000000,100,1410,1215,55,0
4431,44.310197485,225.400000000,100,1410,1215,55,0
4432,44.320196565,225.400000000,100,1410,1215,55,0
4433,44.330196638,225.400000000,100,1410,1215,55,0
4434,44.340196780,225.400000000,100,1410,1215,55,0
4435,44.350202793,225.048000000,100,1410,1215,55,0
4436,44.360197415,225.048000000,100,1410,1215,55,0
4437,44.370201775,225.048000000,100,1410,1215,55,0
4438,44.380196727,225.048000000,100,1410,1215,55,0
4439,44.390196799,225.048000000,100,1410,1215,55,0
4440,44.400196380,225.048000000,100,1410,1215,55,0
4441,44.410201151,225.048000000,100,1410,1215,55,0
4442,44.420197817,225.048000000,100,1410,1215,55,0
4443,44.430201285,225.048000000,100,1410,1215,55,0
4444,44.440197540,225.048000000,100,1410,1215,55,0
4445,44.450202531,225.025000000,100,1410,1215,55,0
4446,44.460198966,225.025000000,100,1410,1215,55,0
4447,44.470196834,225.025000000,100,1410,1215,55,0
4448,44.480197277,225.025000000,100,1410,1215,55,0
4449,44.490200655,225.025000000,100,1410,1215,55,0
4450,44.500197922,225.025000000,100,1410,1215,55,0
4451,44.510196451,225.025000000,100,1410,1215,55,0
4452,44.520197044,225.025000000,100,1410,1215,55,0
4453,44.530196926,225.025000000,100,1410,1215,55,0
4454,44.540196687,225.025000000,100,1410,1215,55,0
4455,44.550199404,224.897000000,100,1410,1215,55,0
4456,44.560196420,224.897000000,100,1410,1215,55,0
4457,44.570196883,224.897000000,100,1410,1215,55,0
4458,44.580200522,224.897000000,100,1410,1215,55,0
4459,44.590197518,224.897000000,100,1410,1215,55,0
4460,44.600197109,224.897000000,100,1410,1215,55,0
4461,44.610200828,224.897000000,100,1410,1215,55,0
4462,44.620201631,224.897000000,100,1410,1215,55,0
4463,44.630197646,224.897000000,100,1410,1215,55,0
4464,44.640196706,224.897000000,100,1410,1215,55,0
4465,44.650199263,224.921000000,100,1410,1215,55,0
4466,44.660196961,224.921000000,100,1410,1215,55,0
4467,44.670197303,224.921000000,100,1410,1215,55,0
4468,44.680197836,224.921000000,100,1410,1215,55,0
4469,44.690197838,224.921000000,100,1410,1215,55,0
4470,44.700202399,224.921000000,100,1410,1215,55,0
4471,44.710198283,224.921000000,100,1410,1215,55,0
4472,44.720200479,224.921000000,100,1410,1215,55,0
4473,44.730197135,224.921000000,100,1410,1215,55,0
4474,44.740197608,224.921000000,100,1410,1215,55,0
4475,44.750199433,225.119000000,100,1410,1215,55,0
4476,44.760197471,225.119000000,100,1410,1215,55,0
4477,44.770197644,225.119000000,100,1410,1215,55,0
4478,44.780202274,225.119000000,100,1410,1215,55,0
4479,44.790198659,225.119000000,100,1410,1215,55,0
4480,44.800197179,225.119000000,100,1410,1215,55,0
4481,44.810197251,225.119000000,100,1410,1215,55,0
4482,44.820197373,225.119000000,100,1410,1215,55,0
4483,44.830196794,225.119000000,100,1410,1215,55,0
4484,44.840196866,225.119000000,100,1410,1215,55,0
4485,44.850198591,225.601000000,100,1410,1215,55,0
4486,44.860196900,225.601000000,100,1410,1215,55,0
4487,44.870201741,225.601000000,100,1410,1215,55,0
4488,44.880198186,225.601000000,100,1410,1215,55,0
4489,44.890196585,225.601000000,100,1410,1215,55,0
4490,44.900196707,225.601000000,100,1410,1215,55,0
4491,44.910197441,225.601000000,100,1410,1215,55,0
4492,44.920201130,225.601000000,100,1410,1215,55,0
4493,44.930197304,225.601000000,100,1410,1215,55,0
4494,44.940197016,225.601000000,100,1410,1215,55,0
4495,44.950199122,225.888000000,100,1410,1215,55,0
4496,44.960196789,225.888000000,100,1410,1215,55,0
4497,44.970196411,225.888000000,100,1410,1215,55,0
4498,44.980197404,225.888000000,100,1410,1215,55,0
4499,44.990201003,225.888000000,100,1410,1215,55,0
4500,45.000197548,225.888000000,100,1410,1215,55,0
4501,45.010197160,225.888000000,100,1410,1215,55,0
4502,45.020200858,225.888000000,100,1410,1215,55,0
4503,45.030201291,225.888000000,100,1410,1215,55,0
4504,45.040202165,225.888000000,100,1410,1215,55,0
4505,45.050198570,225.695000000,100,1410,1215,55,0
4506,45.060196669,225.695000000,100,1410,1215,55,0
4507,45.070197282,225.695000000,100,1410,1215,55,0
4508,45.080197985,225.695000000,100,1410,1215,55,0
4509,45.090197386,225.695000000,100,1410,1215,55,0
4510,45.100197087,225.695000000,100,1410,1215,55,0
4511,45.110197109,225.695000000,100,1410,1215,55,0
4512,45.120197532,225.695000000,100,1410,1215,55,0
4513,45.130198255,225.695000000,100,1410,1215,55,0
4514,45.140198217,225.695000000,100,1410,1215,55,0
4515,45.150199261,225.792000000,100,1410,1215,55,0
4516,45.160198592,225.792000000,100,1410,1215,55,0
4517,45.170197732,225.792000000,100,1410,1215,55,0
4518,45.180197153,225.792000000,100,1410,1215,55,0
4519,45.190198327,225.792000000,100,1410,1215,55,0
4520,45.200197978,225.792000000,100,1410,1215,55,0
4521,45.210197800,225.792000000,100,1410,1215,55,0
4522,45.220202401,225.792000000,100,1410,1215,55,0
4523,45.230197724,225.792000000,100,1410,1215,55,0
4524,45.240197686,225.792000000,100,1410,1215,55,0
4525,45.250199521,226.056000000,100,1410,1215,55,0
4526,45.260198471,226.056000000,100,1410,1215,55,0
4527,45.270197551,226.056000000,100,1410,1215,55,0
4528,45.280196822,226.056000000,100,1410,1215,55,0
4529,45.290199198,226.056000000,100,1410,1215,55,0
4530,45.300198920,226.056000000,100,1410,1215,55,0
4531,45.310198291,226.056000000,100,1410,1215,55,0
4532,45.320197742,226.056000000,100,1410,1215,55,0
4533,45.330198285,226.056000000,100,1410,1215,55,0
4534,45.340198938,226.056000000,100,1410,1215,55,0
4535,45.350197627,225.978000000,100,1410,1215,55,0
4536,45.360197669,225.978000000,100,1410,1215,55,0
4537,45.370197711,225.978000000,100,1410,1215,55,0
4538,45.380197583,225.978000000,100,1410,1215,55,0
4539,45.390198407,225.978000000,100,1410,1215,55,0
4540,45.400198579,225.978000000,100,1410,1215,55,0
4541,45.410197940,225.978000000,100,1410,1215,55,0
4542,45.420200236,225.978000000,100,1410,1215,55,0
4543,45.430197803,225.978000000,100,1410,1215,55,0
4544,45.440197365,225.978000000,100,1410,1215,55,0
4545,45.450198118,225.497000000,100,1410,1215,55,0
4546,45.460202418,225.497000000,100,1410,1215,55,0
4547,45.470202230,225.497000000,100,1410,1215,55,0
4548,45.480197062,225.497000000,100,1410,1215,55,0
4549,45.490198026,225.497000000,100,1410,1215,55,0
4550,45.500198088,225.497000000,100,1410,1215,55,0
4551,45.510199512,225.497000000,100,1410,1215,55,0
4552,45.520198562,225.497000000,100,1410,1215,55,0
4553,45.530202011,225.497000000,100,1410,1215,55,0
4554,45.540198917,225.497000000,100,1410,1215,55,0
4555,45.550199360,225.504000000,100,1410,1215,55,0
4556,45.560197268,225.504000000,100,1410,1215,55,0
4557,45.570198432,225.504000000,100,1410,1215,55,0
4558,45.580198774,225.504000000,100,1410,1215,55,0
4559,45.590201351,225.504000000,100,1410,1215,55,0
4560,45.600198718,225.504000000,100,1410,1215,55,0
4561,45.610202477,225.504000000,100,1410,1215,55,0
4562,45.620198492,225.504000000,100,1410,1215,55,0
4563,45.630198334,225.504000000,100,1410,1215,55,0
4564,45.640197334,225.504000000,100,1410,1215,55,0
4565,45.650198698,225.384000000,100,1410,1215,55,0
4566,45.660198600,225.384000000,100,1410,1215,55,0
4567,45.670197841,225.384000000,100,1410,1215,55,0
4568,45.680198013,225.384000000,100,1410,1215,55,0
4569,45.690202303,225.384000000,100,1410,1215,55,0
4570,45.700202676,225.384000000,100,1410,1215,55,0
4571,45.710198671,225.384000000,100,1410,1215,55,0
4572,45.720201749,225.384000000,100,1410,1215,55,0
4573,45.730198214,225.384000000,100,1410,1215,55,0
4574,45.740197745,225.384000000,100,1410,1215,55,0
4575,45.750199110,225.312000000,100,1410,1215,55,0
4576,45.760197850,225.312000000,100,1410,1215,55,0
4577,45.770197511,225.312000000,100,1410,1215,55,0
4578,45.780198194,225.312000000,100,1410,1215,55,0
4579,45.790201543,225.312000000,100,1410,1215,55,0
4580,45.800198218,225.312000000,100,1410,1215,55,0
4581,45.810196918,225.312000000,100,1410,1215,55,0
4582,45.820197682,225.312000000,100,1410,1215,55,0
4583,45.830199066,225.312000000,100,1410,1215,55,0
4584,45.840199118,225.312000000,100,1410,1215,55,0
4585,45.850198048,225.017000000,100,1410,1215,55,0
4586,45.860198622,225.017000000,100,1410,1215,55,0
4587,45.870197572,225.017000000,100,1410,1215,55,0
4588,45.880198345,225.017000000,100,1410,1215,55,0
4589,45.890201583,225.017000000,100,1410,1215,55,0
4590,45.900198009,225.017000000,100,1410,1215,55,0
4591,45.910197690,225.017000000,100,1410,1215,55,0
4592,45.920197632,225.017000000,100,1410,1215,55,0
4593,45.930197203,225.017000000,100,1410,1215,55,0
4594,45.940197436,225.017000000,100,1410,1215,55,0
4595,45.950198500,224.736000000,100,1410,1215,55,0
4596,45.960197490,224.736000000,100,1410,1215,55,0
4597,45.970196640,224.736000000,100,1410,1215,55,0
4598,45.980196963,224.736000000,100,1410,1215,55,0
4599,45.990196755,224.736000000,100,1410,1215,55,0
4600,46.000197167,224.736000000,100,1410,1215,55,0
4601,46.010197520,224.736000000,100,1410,1215,55,0
4602,46.020196029,224.736000000,100,1410,1215,55,0
4603,46.030196713,224.736000000,100,1410,1215,55,0
4604,46.040196394,224.736000000,100,1410,1215,55,0
4605,46.050197398,224.736000000,100,1410,1215,55,0
4606,46.060202420,224.736000000,100,1410,1215,55,0
4607,46.070197052,224.736000000,100,1410,1215,55,0
4608,46.080196693,224.736000000,100,1410,1215,55,0
4609,46.090197256,224.736000000,100,1410,1215,55,0
4610,46.100196767,224.736000000,100,1410,1215,55,0
4611,46.110197601,224.736000000,100,1410,1215,55,0
4612,46.120196641,224.736000000,100,1410,1215,55,0
4613,46.130197725,224.736000000,100,1410,1215,55,0
4614,46.140197447,224.736000000,100,1410,1215,55,0
4615,46.150198361,225.313000000,100,1410,1215,55,0
4616,46.160197170,225.313000000,100,1410,1215,55,0
4617,46.170196822,225.313000000,100,1410,1215,55,0
4618,46.180196724,225.313000000,100,1410,1215,55,0
4619,46.190196896,225.313000000,100,1410,1215,55,0
4620,46.200197489,225.313000000,100,1410,1215,55,0
4621,46.210200767,225.313000000,100,1410,1215,55,0
4622,46.220197834,225.313000000,100,1410,1215,55,0
4623,46.230201342,225.313000000,100,1410,1215,55,0
4624,46.240196626,225.313000000,100,1410,1215,55,0
4625,46.250199142,225.696000000,100,1410,1215,55,0
4626,46.260197010,225.696000000,100,1410,1215,55,0
4627,46.270196732,225.696000000,100,1410,1215,55,0
4628,46.280197215,225.696000000,100,1410,1215,55,0
4629,46.290196536,225.696000000,100,1410,1215,55,0
4630,46.300197440,225.696000000,100,1410,1215,55,0
4631,46.310200998,225.696000000,100,1410,1215,55,0
4632,46.320198766,225.696000000,100,1410,1215,55,0
4633,46.330197897,225.696000000,100,1410,1215,55,0
4634,46.340198119,225.696000000,100,1410,1215,55,0
4635,46.350199914,226.050000000,100,1410,1215,55,0
4636,46.360197923,226.050000000,100,1410,1215,55,0
4637,46.370197214,226.050000000,100,1410,1215,55,0
4638,46.380202115,226.050000000,100,1410,1215,55,0
4639,46.390197167,226.050000000,100,1410,1215,55,0
4640,46.400202630,226.050000000,100,1410,1215,55,0
4641,46.410197883,226.050000000,100,1410,1215,55,0
4642,46.420196683,226.050000000,100,1410,1215,55,0
4643,46.430197757,226.050000000,100,1410,1215,55,0
4644,46.440197358,226.050000000,100,1410,1215,55,0
4645,46.450198212,226.159000000,100,1410,1215,55,0
4646,46.460196992,226.159000000,100,1410,1215,55,0
4647,46.470197374,226.159000000,100,1410,1215,55,0
4648,46.480197256,226.159000000,100,1410,1215,55,0
4649,46.490197238,226.159000000,100,1410,1215,55,0
4650,46.500197280,226.159000000,100,1410,1215,55,0
4651,46.510197092,226.159000000,100,1410,1215,55,0
4652,46.520196513,226.159000000,100,1410,1215,55,0
4653,46.530196745,226.159000000,100,1410,1215,55,0
4654,46.540197028,226.159000000,100,1410,1215,55,0
4655,46.550198864,225.888000000,100,1410,1215,55,0
4656,46.560196611,225.888000000,100,1410,1215,55,0
4657,46.570196834,225.888000000,100,1410,1215,55,0
4658,46.580197377,225.888000000,100,1410,1215,55,0
4659,46.590196678,225.888000000,100,1410,1215,55,0
4660,46.600196970,225.888000000,100,1410,1215,55,0
4661,46.610197694,225.888000000,100,1410,1215,55,0
4662,46.620197656,225.888000000,100,1410,1215,55,0
4663,46.630196616,225.888000000,100,1410,1215,55,0
4664,46.640196418,225.888000000,100,1410,1215,55,0
4665,46.650197753,225.785000000,100,1410,1215,55,0
4666,46.660196633,225.785000000,100,1410,1215,55,0
4667,46.670197196,225.785000000,100,1410,1215,55,0
4668,46.680196707,225.785000000,100,1410,1215,55,0
4669,46.690196419,225.785000000,100,1410,1215,55,0
4670,46.700197503,225.785000000,100,1410,1215,55,0
4671,46.710249983,225.785000000,100,1410,1215,55,0
4672,46.720201715,225.785000000,100,1410,1215,55,0
4673,46.730198181,225.785000000,100,1410,1215,55,0
4674,46.740197121,225.785000000,100,1410,1215,55,0
4675,46.750197904,225.872000000,100,1410,1215,55,0
4676,46.760201183,225.872000000,100,1410,1215,55,0
4677,46.770197277,225.872000000,100,1410,1215,55,0
4678,46.780197741,225.872000000,100,1410,1215,55,0
4679,46.790197602,225.872000000,100,1410,1215,55,0
4680,46.800194979,225.872000000,100,1410,1215,55,0
4681,46.810196795,225.872000000,100,1410,1215,55,0
4682,46.820196827,225.872000000,100,1410,1215,55,0
4683,46.830196659,225.872000000,100,1410,1215,55,0
4684,46.840196721,225.872000000,100,1410,1215,55,0
4685,46.850202625,225.882000000,100,1410,1215,55,0
4686,46.860203077,225.882000000,100,1410,1215,55,0
4687,46.870197499,225.882000000,100,1410,1215,55,0
4688,46.880197461,225.882000000,100,1410,1215,55,0
4689,46.890198535,225.882000000,100,1410,1215,55,0
4690,46.900198227,225.882000000,100,1410,1215,55,0
4691,46.910198139,225.882000000,100,1410,1215,55,0
4692,46.920197209,225.882000000,100,1410,1215,55,0
4693,46.930197592,225.882000000,100,1410,1215,55,0
4694,46.940202754,225.882000000,100,1410,1215,55,0
4695,46.950200522,225.665000000,100,1410,1215,55,0
4696,46.960197378,225.665000000,100,1410,1215,55,0
4697,46.970197370,225.665000000,100,1410,1215,55,0
4698,46.980197222,225.665000000,100,1410,1215,55,0
4699,46.990197385,225.665000000,100,1410,1215,55,0
4700,47.000201334,225.665000000,100,1410,1215,55,0
4701,47.010196998,225.665000000,100,1410,1215,55,0
4702,47.020201439,225.665000000,100,1410,1215,55,0
4703,47.030197023,225.665000000,100,1410,1215,55,0
4704,47.040197235,225.665000000,100,1410,1215,55,0
4705,47.050198269,225.288000000,100,1410,1215,55,0
4706,47.060197560,225.288000000,100,1410,1215,55,0
4707,47.070197782,225.288000000,100,1410,1215,55,0
4708,47.080197213,225.288000000,100,1410,1215,55,0
4709,47.090198137,225.288000000,100,1410,1215,55,0
4710,47.100197208,225.288000000,100,1410,1215,55,0
4711,47.110198352,225.288000000,100,1410,1215,55,0
4712,47.120198765,225.288000000,100,1410,1215,55,0
4713,47.130197475,225.288000000,100,1410,1215,55,0
4714,47.140202005,225.288000000,100,1410,1215,55,0
4715,47.150199553,225.024000000,100,1410,1215,55,0
4716,47.160198273,225.024000000,100,1410,1215,55,0
4717,47.170198044,225.024000000,100,1410,1215,55,0
4718,47.180202194,225.024000000,100,1410,1215,55,0
4719,47.190197888,225.024000000,100,1410,1215,55,0
4720,47.200197580,225.024000000,100,1410,1215,55,0
4721,47.210197221,225.024000000,100,1410,1215,55,0
4722,47.220202123,225.024000000,100,1410,1215,55,0
4723,47.230198217,225.024000000,100,1410,1215,55,0
4724,47.240197448,225.024000000,100,1410,1215,55,0
4725,47.250197811,224.999000000,100,1410,1215,55,0
4726,47.260202101,224.999000000,100,1410,1215,55,0
4727,47.270197454,224.999000000,100,1410,1215,55,0
4728,47.280203207,224.999000000,100,1410,1215,55,0
4729,47.290197188,224.999000000,100,1410,1215,55,0
4730,47.300197361,224.999000000,100,1410,1215,55,0
4731,47.310198174,224.999000000,100,1410,1215,55,0
4732,47.320202224,224.999000000,100,1410,1215,55,0
4733,47.330198339,224.999000000,100,1410,1215,55,0
4734,47.340201768,224.999000000,100,1410,1215,55,0
4735,47.350198794,224.411000000,100,1410,1215,55,0
4736,47.360198105,224.411000000,100,1410,1215,55,0
4737,47.370197336,224.411000000,100,1410,1215,55,0
4738,47.380197969,224.411000000,100,1410,1215,55,0
4739,47.390198031,224.411000000,100,1410,1215,55,0
4740,47.400198414,224.411000000,100,1410,1215,55,0
4741,47.410198537,224.411000000,100,1410,1215,55,0
4742,47.420198579,224.411000000,100,1410,1215,55,0
4743,47.430197469,224.411000000,100,1410,1215,55,0
4744,47.440198162,224.411000000,100,1410,1215,55,0
4745,47.450197794,225.025000000,100,1410,1215,55,0
4746,47.460199048,225.025000000,100,1410,1215,55,0
4747,47.470197838,225.025000000,100,1410,1215,55,0
4748,47.480203110,225.025000000,100,1410,1215,55,0
4749,47.490197962,225.025000000,100,1410,1215,55,0
4750,47.500197724,225.025000000,100,1410,1215,55,0
4751,47.510197837,225.025000000,100,1410,1215,55,0
4752,47.520202507,225.025000000,100,1410,1215,55,0
4753,47.530197620,225.025000000,100,1410,1215,55,0
4754,47.540197973,225.025000000,100,1410,1215,55,0
4755,47.550198186,225.864000000,100,1410,1215,55,0
4756,47.560198048,225.864000000,100,1410,1215,55,0
4757,47.570197318,225.864000000,100,1410,1215,55,0
4758,47.580201138,225.864000000,100,1410,1215,55,0
4759,47.590202312,225.864000000,100,1410,1215,55,0
4760,47.600197726,225.864000000,100,1410,1215,55,0
4761,47.610197668,225.864000000,100,1410,1215,55,0
4762,47.620196948,225.864000000,100,1410,1215,55,0
4763,47.630197973,225.864000000,100,1410,1215,55,0
4764,47.640197674,225.864000000,100,1410,1215,55,0
4765,47.650198458,226.159000000,100,1410,1215,55,0
4766,47.660202067,226.159000000,100,1410,1215,55,0
4767,47.670198092,226.159000000,100,1410,1215,55,0
4768,47.680197984,226.159000000,100,1410,1215,55,0
4769,47.690198317,226.159000000,100,1410,1215,55,0
4770,47.700197247,226.159000000,100,1410,1215,55,0
4771,47.710198030,226.159000000,100,1410,1215,55,0
4772,47.720197091,226.159000000,100,1410,1215,55,0
4773,47.730197995,226.159000000,100,1410,1215,55,0
4774,47.740197366,226.159000000,100,1410,1215,55,0
4775,47.750202828,225.985000000,100,1410,1215,55,0
4776,47.760199194,225.985000000,100,1410,1215,55,0
4777,47.770196781,225.985000000,100,1410,1215,55,0
4778,47.780197605,225.985000000,100,1410,1215,55,0
4779,47.790197367,225.985000000,100,1410,1215,55,0
4780,47.800196978,225.985000000,100,1410,1215,55,0
4781,47.810196971,225.985000000,100,1410,1215,55,0
4782,47.820198115,225.985000000,100,1410,1215,55,0
4783,47.830197927,225.985000000,100,1410,1215,55,0
4784,47.840197158,225.985000000,100,1410,1215,55,0
4785,47.850198593,225.894000000,100,1410,1215,55,0
4786,47.860198254,225.894000000,100,1410,1215,55,0
4787,47.870197555,225.894000000,100,1410,1215,55,0
4788,47.880201936,225.894000000,100,1410,1215,55,0
4789,47.890198441,225.894000000,100,1410,1215,55,0
4790,47.900197462,225.894000000,100,1410,1215,55,0
4791,47.910197885,225.894000000,100,1410,1215,55,0
4792,47.920202856,225.894000000,100,1410,1215,55,0
4793,47.930198971,225.894000000,100,1410,1215,55,0
4794,47.940198112,225.894000000,100,1410,1215,55,0
4795,47.950199156,225.925000000,100,1410,1215,55,0
4796,47.960196824,225.925000000,100,1410,1215,55,0
4797,47.970197227,225.925000000,100,1410,1215,55,0
4798,47.980196758,225.925000000,100,1410,1215,55,0
4799,47.990196790,225.925000000,100,1410,1215,55,0
4800,48.000197424,225.925000000,100,1410,1215,55,0
4801,48.010198147,225.925000000,100,1410,1215,55,0
4802,48.020196607,225.925000000,100,1410,1215,55,0
4803,48.030196639,225.925000000,100,1410,1215,55,0
4804,48.040197172,225.925000000,100,1410,1215,55,0
4805,48.050197775,225.960000000,100,1410,1215,55,0
4806,48.060197738,225.960000000,100,1410,1215,55,0
4807,48.070196648,225.960000000,100,1410,1215,55,0
4808,48.080200938,225.960000000,100,1410,1215,55,0
4809,48.090196392,225.960000000,100,1410,1215,55,0
4810,48.100196685,225.960000000,100,1410,1215,55,0
4811,48.110196566,225.960000000,100,1410,1215,55,0
4812,48.120197741,225.960000000,100,1410,1215,55,0
4813,48.130196561,225.960000000,100,1410,1215,55,0
4814,48.140197054,225.960000000,100,1410,1215,55,0
4815,48.150202717,225.689000000,100,1410,1215,55,0
4816,48.160198221,225.689000000,100,1410,1215,55,0
4817,48.170196790,225.689000000,100,1410,1215,55,0
4818,48.180197934,225.689000000,100,1410,1215,55,0
4819,48.190197275,225.689000000,100,1410,1215,55,0
4820,48.200196767,225.689000000,100,1410,1215,55,0
4821,48.210200997,225.689000000,100,1410,1215,55,0
4822,48.220196951,225.689000000,100,1410,1215,55,0
4823,48.230201713,225.689000000,100,1410,1215,55,0
4824,48.240197467,225.689000000,100,1410,1215,55,0
4825,48.250198691,225.503000000,100,1410,1215,55,0
4826,48.260198583,225.503000000,100,1410,1215,55,0
4827,48.270197884,225.503000000,100,1410,1215,55,0
4828,48.280197015,225.503000000,100,1410,1215,55,0
4829,48.290197117,225.503000000,100,1410,1215,55,0
4830,48.300197280,225.503000000,100,1410,1215,55,0
4831,48.310196781,225.503000000,100,1410,1215,55,0
4832,48.320197945,225.503000000,100,1410,1215,55,0
4833,48.330197487,225.503000000,100,1410,1215,55,0
4834,48.340201967,225.503000000,100,1410,1215,55,0
4835,48.350199655,225.312000000,100,1410,1215,55,0
4836,48.360196341,225.312000000,100,1410,1215,55,0
4837,48.370197035,225.312000000,100,1410,1215,55,0
4838,48.380197618,225.312000000,100,1410,1215,55,0
4839,48.390197260,225.312000000,100,1410,1215,55,0
4840,48.400197282,225.312000000,100,1410,1215,55,0
4841,48.410196883,225.312000000,100,1410,1215,55,0
4842,48.420196816,225.312000000,100,1410,1215,55,0
4843,48.430197910,225.312000000,100,1410,1215,55,0
4844,48.440197381,225.312000000,100,1410,1215,55,0
4845,48.450198525,225.312000000,100,1410,1215,55,0
4846,48.460199099,225.312000000,100,1410,1215,55,0
4847,48.470197738,225.312000000,100,1410,1215,55,0
4848,48.480198352,225.312000000,100,1410,1215,55,0
4849,48.490196841,225.312000000,100,1410,1215,55,0
4850,48.500198587,225.312000000,100,1410,1215,55,0
4851,48.510197777,225.312000000,100,1410,1215,55,0
4852,48.520198872,225.312000000,100,1410,1215,55,0
4853,48.530198473,225.312000000,100,1410,1215,55,0
4854,48.540197654,225.312000000,100,1410,1215,55,0
4855,48.550199850,225.185000000,100,1410,1215,55,0
4856,48.560196967,225.185000000,100,1410,1215,55,0
4857,48.570196548,225.185000000,100,1410,1215,55,0
4858,48.580200969,225.185000000,100,1410,1215,55,0
4859,48.590196883,225.185000000,100,1410,1215,55,0
4860,48.600198158,225.185000000,100,1410,1215,55,0
4861,48.610197740,225.185000000,100,1410,1215,55,0
4862,48.620196730,225.185000000,100,1410,1215,55,0
4863,48.630198005,225.185000000,100,1410,1215,55,0
4864,48.640200602,225.185000000,100,1410,1215,55,0
4865,48.650198159,224.813000000,100,1410,1215,55,0
4866,48.660198432,224.813000000,100,1410,1215,55,0
4867,48.670196601,224.813000000,100,1410,1215,55,0
4868,48.680197385,224.813000000,100,1410,1215,55,0
4869,48.690196776,224.813000000,100,1410,1215,55,0
4870,48.700196688,224.813000000,100,1410,1215,55,0
4871,48.710201159,224.813000000,100,1410,1215,55,0
4872,48.720197635,224.813000000,100,1410,1215,55,0
4873,48.730196805,224.813000000,100,1410,1215,55,0
4874,48.740196347,224.813000000,100,1410,1215,55,0
4875,48.750198563,225.186000000,100,1410,1215,55,0
4876,48.760196973,225.186000000,100,1410,1215,55,0
4877,48.770197045,225.186000000,100,1410,1215,55,0
4878,48.780197288,225.186000000,100,1410,1215,55,0
4879,48.790196569,225.186000000,100,1410,1215,55,0
4880,48.800196801,225.186000000,100,1410,1215,55,0
4881,48.810197495,225.186000000,100,1410,1215,55,0
4882,48.820197437,225.186000000,100,1410,1215,55,0
4883,48.830200826,225.186000000,100,1410,1215,55,0
4884,48.840197412,225.186000000,100,1410,1215,55,0
4885,48.850198767,225.665000000,100,1410,1215,55,0
4886,48.860198559,225.665000000,100,1410,1215,55,0
4887,48.870196557,225.665000000,100,1410,1215,55,0
4888,48.880198162,225.665000000,100,1410,1215,55,0
4889,48.890196722,225.665000000,100,1410,1215,55,0
4890,48.900196764,225.665000000,100,1410,1215,55,0
4891,48.910197358,225.665000000,100,1410,1215,55,0
4892,48.920197961,225.665000000,100,1410,1215,55,0
4893,48.930197172,225.665000000,100,1410,1215,55,0
4894,48.940200941,225.665000000,100,1410,1215,55,0
4895,48.950198920,225.905000000,100,1410,1215,55,0
4896,48.960201687,225.905000000,100,1410,1215,55,0
4897,48.970198544,225.905000000,100,1410,1215,55,0
4898,48.980197434,225.905000000,100,1410,1215,55,0
4899,48.990198568,225.905000000,100,1410,1215,55,0
4900,49.000200885,225.905000000,100,1410,1215,55,0
4901,49.010201659,225.905000000,100,1410,1215,55,0
4902,49.020198064,225.905000000,100,1410,1215,55,0
4903,49.030197415,225.905000000,100,1410,1215,55,0
4904,49.040200874,225.905000000,100,1410,1215,55,0
4905,49.050204563,226.109000000,100,1410,1215,55,0
4906,49.060199286,226.109000000,100,1410,1215,55,0
4907,49.070198487,226.109000000,100,1410,1215,55,0
4908,49.080196986,226.109000000,100,1410,1215,55,0
4909,49.090197169,226.109000000,100,1410,1215,55,0
4910,49.100197642,226.109000000,100,1410,1215,55,0
4911,49.110197314,226.109000000,100,1410,1215,55,0
4912,49.120197596,226.109000000,100,1410,1215,55,0
4913,49.130197328,226.109000000,100,1410,1215,55,0
4914,49.140196950,226.109000000,100,1410,1215,55,0
4915,49.150197924,226.020000000,100,1410,1215,55,0
4916,49.160198427,226.020000000,100,1410,1215,55,0
4917,49.170198460,226.020000000,100,1410,1215,55,0
4918,49.180197861,226.020000000,100,1410,1215,55,0
4919,49.190198184,226.020000000,100,1410,1215,55,0
4920,49.200198196,226.020000000,100,1410,1215,55,0
4921,49.210199070,226.020000000,100,1410,1215,55,0
4922,49.220197319,226.020000000,100,1410,1215,55,0
4923,49.230201860,226.020000000,100,1410,1215,55,0
4924,49.240197043,226.020000000,100,1410,1215,55,0
4925,49.250198969,226.093000000,100,1410,1215,55,0
4926,49.260198531,226.093000000,100,1410,1215,55,0
4927,49.270198162,226.093000000,100,1410,1215,55,0
4928,49.280197553,226.093000000,100,1410,1215,55,0
4929,49.290197365,226.093000000,100,1410,1215,55,0
4930,49.300197879,226.093000000,100,1410,1215,55,0
4931,49.310198221,226.093000000,100,1410,1215,55,0
4932,49.320195008,226.093000000,100,1410,1215,55,0
4933,49.330201973,226.093000000,100,1410,1215,55,0
4934,49.340197587,226.093000000,100,1410,1215,55,0
4935,49.350198982,226.093000000,100,1410,1215,55,0
4936,49.360197832,226.093000000,100,1410,1215,55,0
4937,49.370198055,226.093000000,100,1410,1215,55,0
4938,49.380198248,226.093000000,100,1410,1215,55,0
4939,49.390197979,226.093000000,100,1410,1215,55,0
4940,49.400197471,226.093000000,100,1410,1215,55,0
4941,49.410198174,226.093000000,100,1410,1215,55,0
4942,49.420197766,226.093000000,100,1410,1215,55,0
4943,49.430201686,226.093000000,100,1410,1215,55,0
4944,49.440197450,226.093000000,100,1410,1215,55,0
4945,49.450198123,225.888000000,100,1410,1215,55,0
4946,49.460198697,225.888000000,100,1410,1215,55,0
4947,49.470197817,225.888000000,100,1410,1215,55,0
4948,49.480197279,225.888000000,100,1410,1215,55,0
4949,49.490202070,225.888000000,100,1410,1215,55,0
4950,49.500198045,225.888000000,100,1410,1215,55,0
4951,49.510197326,225.888000000,100,1410,1215,55,0
4952,49.520197328,225.888000000,100,1410,1215,55,0
4953,49.530199514,225.888000000,100,1410,1215,55,0
4954,49.540197553,225.888000000,100,1410,1215,55,0
4955,49.550198648,225.409000000,100,1410,1215,55,0
4956,49.560199602,225.409000000,100,1410,1215,55,0
4957,49.570201227,225.409000000,100,1410,1215,55,0
4958,49.580197823,225.409000000,100,1410,1215,55,0
4959,49.590198537,225.409000000,100,1410,1215,55,0
4960,49.600198278,225.409000000,100,1410,1215,55,0
4961,49.610198181,225.409000000,100,1410,1215,55,0
4962,49.620197682,225.409000000,100,1410,1215,55,0
4963,49.630197704,225.409000000,100,1410,1215,55,0
4964,49.640197266,225.409000000,100,1410,1215,55,0
4965,49.650198320,225.510000000,100,1410,1215,55,0
4966,49.660198423,225.510000000,100,1410,1215,55,0
4967,49.670197764,225.510000000,100,1410,1215,55,0
4968,49.680198698,225.510000000,100,1410,1215,55,0
4969,49.690202217,225.510000000,100,1410,1215,55,0
4970,49.700202260,225.510000000,100,1410,1215,55,0
4971,49.710197884,225.510000000,100,1410,1215,55,0
4972,49.720197546,225.510000000,100,1410,1215,55,0
4973,49.730198279,225.510000000,100,1410,1215,55,0
4974,49.740198552,225.510000000,100,1410,1215,55,0
4975,49.750198434,225.312000000,100,1410,1215,55,0
4976,49.760197876,225.312000000,100,1410,1215,55,0
4977,49.770198549,225.312000000,100,1410,1215,55,0
4978,49.780202810,225.312000000,100,1410,1215,55,0
4979,49.790202141,225.312000000,100,1410,1215,55,0
4980,49.800197755,225.312000000,100,1410,1215,55,0
4981,49.810198018,225.312000000,100,1410,1215,55,0
4982,49.820202078,225.312000000,100,1410,1215,55,0
4983,49.830198313,225.312000000,100,1410,1215,55,0
4984,49.840198145,225.312000000,100,1410,1215,55,0
4985,49.850198799,225.096000000,100,1410,1215,55,0
4986,49.860202258,225.096000000,100,1410,1215,55,0
4987,49.870197662,225.096000000,100,1410,1215,55,0
4988,49.880197514,225.096000000,100,1410,1215,55,0
4989,49.890197707,225.096000000,100,1410,1215,55,0
4990,49.900201887,225.096000000,100,1410,1215,55,0
4991,49.910197821,225.096000000,100,1410,1215,55,0
4992,49.920197774,225.096000000,100,1410,1215,55,0
4993,49.930201303,225.096000000,100,1410,1215,55,0
4994,49.940202046,225.096000000,100,1410,1215,55,0
4995,49.950198352,225.005000000,100,1410,1215,55,0
4996,49.960197232,225.005000000,100,1410,1215,55,0
4997,49.970197706,225.005000000,100,1410,1215,55,0
4998,49.980202046,225.005000000,100,1410,1215,55,0
4999,49.990198732,225.005000000,100,1410,1215,55,0
5000,50.000197613,225.005000000,100,1410,1215,55,0
5001,50.010196763,225.005000000,100,1410,1215,55,0
5002,50.020198268,225.005000000,100,1410,1215,55,0
5003,50.030197670,225.005000000,100,1410,1215,55,0
5004,50.040197221,225.005000000,100,1410,1215,55,0
5005,50.050199548,224.693000000,100,1410,1215,55,0
5006,50.060197647,224.693000000,100,1410,1215,55,0
5007,50.070196818,224.693000000,100,1410,1215,55,0
5008,50.080197091,224.693000000,100,1410,1215,55,0
5009,50.090202313,224.693000000,100,1410,1215,55,0
5010,50.100202195,224.693000000,100,1410,1215,55,0
5011,50.110198340,224.693000000,100,1410,1215,55,0
5012,50.120196910,224.693000000,100,1410,1215,55,0
5013,50.130197664,224.693000000,100,1410,1215,55,0
5014,50.140197526,224.693000000,100,1410,1215,55,0
5015,50.150200083,225.407000000,100,1410,1215,55,0
5016,50.160197671,225.407000000,100,1410,1215,55,0
5017,50.170197212,225.407000000,100,1410,1215,55,0
5018,50.180197575,225.407000000,100,1410,1215,55,0
5019,50.190196816,225.407000000,100,1410,1215,55,0
5020,50.200196939,225.407000000,100,1410,1215,55,0
5021,50.210197412,225.407000000,100,1410,1215,55,0
5022,50.220197906,225.407000000,100,1410,1215,55,0
5023,50.230197016,225.407000000,100,1410,1215,55,0
5024,50.240196718,225.407000000,100,1410,1215,55,0
5025,50.250199325,225.696000000,100,1410,1215,55,0
5026,50.260198366,225.696000000,100,1410,1215,55,0
5027,50.270196485,225.696000000,100,1410,1215,55,0
5028,50.280197599,225.696000000,100,1410,1215,55,0
5029,50.290197211,225.696000000,100,1410,1215,55,0
5030,50.300196983,225.696000000,100,1410,1215,55,0
5031,50.310197065,225.696000000,100,1410,1215,55,0
