sample_index,timestamp_s,power_w,util_pct,sm_clock_mhz,mem_clock_mhz,temp_c,throttle_reasons
0,0.006586696,169.338000000,100,1365,1215,47,4
1,0.010178133,237.839000000,100,1365,1215,47,4
2,0.020176037,237.839000000,100,1365,1215,47,4
3,0.030177898,237.839000000,100,1365,1215,47,4
4,0.040176584,237.839000000,100,1365,1215,47,4
5,0.050177745,237.839000000,100,1365,1215,47,4
6,0.060177252,237.839000000,100,1365,1215,47,4
7,0.070177290,237.839000000,100,1365,1215,47,4
8,0.080181616,237.839000000,100,1365,1215,47,4
9,0.090177807,237.839000000,100,1365,1215,47,4
10,0.100177906,237.839000000,100,1365,1215,47,4
11,0.110177693,232.446000000,100,1275,1215,48,4
12,0.120178313,232.446000000,100,1275,1215,48,4
13,0.130177559,232.446000000,100,1275,1215,48,4
14,0.140177047,232.446000000,100,1275,1215,48,4
15,0.150176554,232.446000000,100,1275,1215,48,4
16,0.160177414,232.446000000,100,1275,1215,48,4
17,0.170177432,232.446000000,100,1275,1215,48,4
18,0.180176799,232.446000000,100,1275,1215,48,4
19,0.190176426,232.446000000,100,1275,1215,48,4
20,0.200176625,232.446000000,100,1275,1215,48,4
21,0.210177965,161.817000000,95,1215,1215,46,4
22,0.220177513,161.817000000,95,1215,1215,46,4
23,0.230176409,161.817000000,95,1215,1215,46,4
24,0.240177319,161.817000000,95,1215,1215,46,4
25,0.250176926,161.817000000,95,1215,1215,46,4
26,0.260178166,161.817000000,95,1215,1215,46,4
27,0.270176391,161.817000000,95,1215,1215,46,4
28,0.280177311,161.817000000,95,1215,1215,46,4
29,0.290177369,161.817000000,95,1215,1215,46,4
30,0.300177598,161.817000000,95,1215,1215,46,4
31,0.310176985,248.708000000,95,1350,1215,48,4
32,0.320176322,248.708000000,95,1350,1215,48,4
33,0.330177893,248.708000000,95,1350,1215,48,4
34,0.340177240,248.708000000,95,1350,1215,48,4
35,0.350177459,248.708000000,95,1350,1215,48,4
36,0.360176835,248.708000000,95,1350,1215,48,4
37,0.370177144,248.708000000,95,1350,1215,48,4
38,0.380177323,248.708000000,95,1350,1215,48,4
39,0.390176960,248.708000000,95,1350,1215,48,4
40,0.400176798,248.708000000,95,1350,1215,48,4
41,0.410178640,169.005000000,100,1170,1215,47,4
42,0.420177015,169.005000000,100,1170,1215,47,4
43,0.430177323,169.005000000,100,1170,1215,47,4
44,0.440177302,169.005000000,100,1170,1215,47,4
45,0.450177209,169.005000000,100,1170,1215,47,4
46,0.460177548,169.005000000,100,1170,1215,47,4
47,0.470179390,169.005000000,100,1170,1215,47,4
48,0.480178296,169.005000000,100,1170,1215,47,4
49,0.490177964,169.005000000,100,1170,1215,47,4
50,0.500177541,169.005000000,100,1170,1215,47,4
51,0.510177509,233.730000000,100,1365,1215,48,4
52,0.520177217,233.730000000,100,1365,1215,48,4
53,0.530174970,233.730000000,100,1365,1215,48,4
54,0.540178004,233.730000000,100,1365,1215,48,4
55,0.550176780,233.730000000,100,1365,1215,48,4
56,0.560176047,233.730000000,100,1365,1215,48,4
57,0.570176957,233.730000000,100,1365,1215,48,4
58,0.580176474,233.730000000,100,1365,1215,48,4
59,0.590176673,233.730000000,100,1365,1215,48,4
60,0.600176290,233.730000000,100,1365,1215,48,4
61,0.610177781,184.290000000,100,1140,1215,47,4
62,0.620174523,184.290000000,100,1140,1215,47,4
63,0.630177687,184.290000000,100,1140,1215,47,4
64,0.640181011,184.290000000,100,1140,1215,47,4
65,0.650177673,184.290000000,100,1140,1215,47,4
66,0.660177411,184.290000000,100,1140,1215,47,4
67,0.670177479,184.290000000,100,1140,1215,47,4
68,0.680175624,184.290000000,100,1140,1215,47,4
69,0.690176574,184.290000000,100,1140,1215,47,4
70,0.700176803,184.290000000,100,1140,1215,47,4
71,0.710178303,202.408000000,100,1365,1215,47,4
72,0.720176689,202.408000000,100,1365,1215,47,4
73,0.730176657,202.408000000,100,1365,1215,47,4
74,0.740177286,202.408000000,100,1365,1215,47,4
75,0.750175922,202.408000000,100,1365,1215,47,4
76,0.760177673,202.408000000,100,1365,1215,47,4
77,0.770176208,202.408000000,100,1365,1215,47,4
78,0.780176908,202.408000000,100,1365,1215,47,4
79,0.790177287,202.408000000,100,1365,1215,47,4
80,0.800177385,202.408000000,100,1365,1215,47,4
81,0.810175680,223.034000000,100,1215,1215,48,4
82,0.820176159,223.034000000,100,1215,1215,48,4
83,0.830176207,223.034000000,100,1215,1215,48,4
84,0.840176907,223.034000000,100,1215,1215,48,4
85,0.850178057,223.034000000,100,1215,1215,48,4
86,0.860176052,223.034000000,100,1215,1215,48,4
87,0.870176851,223.034000000,100,1215,1215,48,4
88,0.880176208,223.034000000,100,1215,1215,48,4
89,0.890176888,223.034000000,100,1215,1215,48,4
90,0.900176675,223.034000000,100,1215,1215,48,4
91,0.910178457,186.003000000,100,1290,1215,47,4
92,0.920176331,186.003000000,100,1290,1215,47,4
93,0.930178343,186.003000000,100,1290,1215,47,4
94,0.940176197,186.003000000,100,1290,1215,47,4
95,0.950177117,186.003000000,100,1290,1215,47,4
96,0.960176314,186.003000000,100,1290,1215,47,4
97,0.970176051,186.003000000,100,1290,1215,47,4
98,0.980175959,186.003000000,100,1290,1215,47,4
99,0.990177821,186.003000000,100,1290,1215,47,4
100,1.000176416,186.003000000,100,1290,1215,47,4
101,1.010177336,221.097000000,100,1260,1215,48,4
102,1.020177424,221.097000000,100,1260,1215,48,4
103,1.030177302,221.097000000,100,1260,1215,48,4
104,1.040178012,221.097000000,100,1260,1215,48,4
105,1.050176938,221.097000000,100,1260,1215,48,4
106,1.060177888,221.097000000,100,1260,1215,48,4
107,1.070176343,221.097000000,100,1260,1215,48,4
108,1.080177283,221.097000000,100,1260,1215,48,4
109,1.090177311,221.097000000,100,1260,1215,48,4
110,1.100177239,221.097000000,100,1260,1215,48,4
111,1.110177608,174.880000000,100,1230,1215,48,4
112,1.120177506,174.880000000,100,1230,1215,47,4
113,1.130176663,174.880000000,100,1230,1215,47,4
114,1.140176280,174.880000000,100,1230,1215,47,4
115,1.150176749,174.880000000,100,1230,1215,47,4
116,1.160176467,174.880000000,100,1230,1215,47,4
117,1.170177697,174.880000000,100,1230,1215,47,4
118,1.180175281,174.880000000,100,1230,1215,47,4
119,1.190178275,174.880000000,100,1230,1215,47,4
120,1.200176900,174.880000000,100,1230,1215,47,4
121,1.210178081,248.597000000,100,1365,1215,47,4
122,1.220177127,248.597000000,100,1365,1215,48,4
123,1.230176193,248.597000000,100,1365,1215,48,4
124,1.240177444,248.597000000,100,1365,1215,48,4
125,1.250176250,248.597000000,100,1365,1215,48,4
126,1.260177460,248.597000000,100,1365,1215,48,4
127,1.270176907,248.597000000,100,1365,1215,48,4
128,1.280177987,248.597000000,100,1365,1215,48,4
129,1.290176352,248.597000000,100,1365,1215,48,4
130,1.300177132,248.597000000,100,1365,1215,48,4
131,1.310176639,248.597000000,100,1140,1215,48,4
132,1.320178792,160.260000000,100,1140,1215,47,4
133,1.330176435,160.260000000,100,1140,1215,47,4
134,1.340177195,160.260000000,100,1140,1215,47,4
135,1.350175670,160.260000000,100,1140,1215,47,4
136,1.360176400,160.260000000,100,1140,1215,47,4
137,1.370176528,160.260000000,100,1140,1215,47,4
138,1.380176957,160.260000000,100,1140,1215,47,4
139,1.390176594,160.260000000,100,1140,1215,47,4
140,1.400176442,160.260000000,100,1140,1215,47,4
141,1.410177332,160.260000000,100,1365,1215,47,4
142,1.420178392,247.146000000,100,1365,1215,48,4
143,1.430176617,247.146000000,100,1365,1215,48,4
144,1.440177036,247.146000000,100,1365,1215,48,4
145,1.450177194,247.146000000,100,1365,1215,48,4
146,1.460176331,247.146000000,100,1365,1215,48,4
147,1.470177391,247.146000000,100,1365,1215,48,4
148,1.480177029,247.146000000,100,1365,1215,48,4
149,1.490178540,247.146000000,100,1365,1215,48,4
150,1.500177085,247.146000000,100,1365,1215,48,4
151,1.510177243,247.146000000,100,1125,1215,48,4
152,1.520178133,160.787000000,100,1125,1215,47,4
153,1.530176889,160.787000000,100,1125,1215,47,4
154,1.540178009,160.787000000,100,1125,1215,47,4
155,1.550176224,160.787000000,100,1125,1215,47,4
156,1.560177745,160.787000000,100,1125,1215,47,4
157,1.570176561,160.787000000,100,1125,1215,47,4
158,1.580177010,160.787000000,100,1125,1215,47,4
159,1.590176567,160.787000000,100,1125,1215,47,4
160,1.600176956,160.787000000,100,1125,1215,47,4
161,1.610177305,241.589000000,100,1365,1215,47,4
162,1.620177203,241.589000000,100,1365,1215,47,4
163,1.630176320,241.589000000,100,1365,1215,47,4
164,1.640176949,241.589000000,100,1365,1215,47,4
165,1.650176987,241.589000000,100,1365,1215,47,4
166,1.660177757,241.589000000,100,1365,1215,47,4
167,1.670176773,241.589000000,100,1365,1215,47,4
168,1.680176230,241.589000000,100,1365,1215,47,4
169,1.690177521,241.589000000,100,1365,1215,47,4
170,1.700176747,241.589000000,100,1365,1215,47,4
171,1.710178689,175.252000000,100,1155,1215,47,4
172,1.720178166,175.252000000,100,1155,1215,47,4
173,1.730178335,175.252000000,100,1155,1215,47,4
174,1.740177682,175.252000000,100,1155,1215,47,4
175,1.750176969,175.252000000,100,1155,1215,47,4
176,1.760176796,175.252000000,100,1155,1215,47,4
177,1.770176895,175.252000000,100,1155,1215,47,4
178,1.780177404,175.252000000,100,1155,1215,47,4
179,1.790176801,175.252000000,100,1155,1215,47,4
180,1.800177089,175.252000000,100,1155,1215,47,4
181,1.810178320,223.958000000,100,1365,1215,47,4
182,1.820177136,223.958000000,100,1365,1215,47,4
183,1.830176523,223.958000000,100,1365,1215,47,4
184,1.840177663,223.958000000,100,1365,1215,47,4
185,1.850177170,223.958000000,100,1365,1215,47,4
186,1.860177679,223.958000000,100,1365,1215,47,4
187,1.870176936,223.958000000,100,1365,1215,47,4
188,1.880176474,223.958000000,100,1365,1215,47,4
189,1.890176622,223.958000000,100,1365,1215,47,4
190,1.900177341,223.958000000,100,1365,1215,47,4
191,1.910177049,193.597000000,100,1200,1215,48,4
192,1.920177047,193.597000000,100,1200,1215,48,4
193,1.930176454,193.597000000,100,1200,1215,48,4
194,1.940176663,193.597000000,100,1200,1215,48,4
195,1.950174898,193.597000000,100,1200,1215,48,4
196,1.960176829,193.597000000,100,1200,1215,48,4
197,1.970177419,193.597000000,100,1200,1215,48,4
198,1.980176715,193.597000000,100,1200,1215,48,4
199,1.990177886,193.597000000,100,1200,1215,48,4
200,2.000176842,193.597000000,100,1200,1215,48,4
201,2.010178092,198.414000000,100,1305,1215,47,4
202,2.020177860,198.414000000,100,1305,1215,47,4
203,2.030177528,198.414000000,100,1305,1215,47,4
204,2.040177496,198.414000000,100,1305,1215,47,4
205,2.050177193,198.414000000,100,1305,1215,47,4
206,2.060174997,198.414000000,100,1305,1215,47,4
207,2.070177901,198.414000000,100,1305,1215,47,4
208,2.080176957,198.414000000,100,1305,1215,47,4
209,2.090177056,198.414000000,100,1305,1215,47,4
210,2.100178947,198.414000000,100,1305,1215,47,4
211,2.110177202,216.971000000,100,1260,1215,47,4
212,2.120179154,216.971000000,100,1260,1215,48,4
213,2.130177028,216.971000000,100,1260,1215,48,4
214,2.140177938,216.971000000,100,1260,1215,48,4
215,2.150176654,216.971000000,100,1260,1215,48,4
216,2.160175129,216.971000000,100,1260,1215,48,4
217,2.170176550,216.971000000,100,1260,1215,48,4
218,2.180177029,216.971000000,100,1260,1215,48,4
219,2.190176917,216.971000000,100,1260,1215,48,4
220,2.200175292,216.971000000,100,1260,1215,48,4
221,2.210177655,154.873000000,100,1170,1215,48,4
222,2.220177412,154.873000000,100,1170,1215,46,4
223,2.230178172,154.873000000,100,1170,1215,46,4
224,2.240176788,154.873000000,100,1170,1215,46,4
225,2.250178238,154.873000000,100,1170,1215,46,4
226,2.260176714,154.873000000,100,1170,1215,46,4
227,2.270177674,154.873000000,100,1170,1215,46,4
228,2.280177371,154.873000000,100,1170,1215,46,4
229,2.290177369,154.873000000,100,1170,1215,46,4
230,2.300175865,154.873000000,100,1170,1215,46,4
231,2.310178207,232.640000000,100,1320,1215,46,4
232,2.320177384,232.640000000,100,1320,1215,48,4
233,2.330176731,232.640000000,100,1320,1215,48,4
234,2.340176408,232.640000000,100,1320,1215,48,4
235,2.350178090,232.640000000,100,1320,1215,48,4
236,2.360176936,232.640000000,100,1320,1215,48,4
237,2.370176753,232.640000000,100,1320,1215,48,4
238,2.380178184,232.640000000,100,1320,1215,48,4
239,2.390176429,232.640000000,100,1320,1215,48,4
240,2.400178351,232.640000000,100,1320,1215,48,4
241,2.410175534,232.640000000,100,1185,1215,47,4
242,2.420177746,232.640000000,100,1185,1215,47,4
243,2.430178455,232.640000000,100,1185,1215,47,4
244,2.440177041,232.640000000,100,1185,1215,47,4
245,2.450176779,232.640000000,100,1185,1215,47,4
246,2.460175835,232.640000000,100,1185,1215,47,4
247,2.470176514,232.640000000,100,1185,1215,47,4
248,2.480177154,232.640000000,100,1185,1215,47,4
249,2.490176841,232.640000000,100,1185,1215,47,4
250,2.500177110,232.640000000,100,1185,1215,47,4
251,2.510178511,166.557000000,100,1365,1215,48,4
252,2.520177206,166.557000000,100,1365,1215,48,4
253,2.530177325,166.557000000,100,1365,1215,48,4
254,2.540176662,166.557000000,100,1365,1215,48,4
255,2.550178283,166.557000000,100,1365,1215,48,4
256,2.560176898,166.557000000,100,1365,1215,48,4
257,2.570177909,166.557000000,100,1365,1215,48,4
258,2.580176654,166.557000000,100,1365,1215,48,4
259,2.590176152,166.557000000,100,1365,1215,48,4
260,2.600177061,166.557000000,100,1365,1215,48,4
261,2.610177611,239.171000000,100,1125,1215,47,4
262,2.620176427,239.171000000,100,1125,1215,47,4
263,2.630177647,239.171000000,100,1125,1215,47,4
264,2.640174720,239.171000000,100,1125,1215,47,4
265,2.650176401,239.171000000,100,1125,1215,47,4
266,2.660176730,239.171000000,100,1125,1215,47,4
267,2.670176838,239.171000000,100,1125,1215,47,4
268,2.680178720,239.171000000,100,1125,1215,47,4
269,2.690176614,239.171000000,100,1125,1215,47,4
270,2.700177384,239.171000000,100,1125,1215,47,4
271,2.710176821,159.464000000,100,1365,1215,47,4
272,2.720176769,159.464000000,100,1365,1215,47,4
273,2.730176677,159.464000000,100,1365,1215,47,4
274,2.740178017,159.464000000,100,1365,1215,47,4
275,2.750177785,159.464000000,100,1365,1215,47,4
276,2.760178545,159.464000000,100,1365,1215,47,4
277,2.770176729,159.464000000,100,1365,1215,47,4
278,2.780178190,159.464000000,100,1365,1215,47,4
279,2.790177227,159.464000000,100,1365,1215,47,4
280,2.800175912,159.464000000,100,1365,1215,47,4
281,2.810177804,229.538000000,100,1170,1215,47,4
282,2.820177502,229.538000000,100,1170,1215,48,4
283,2.830177219,229.538000000,100,1170,1215,48,4
284,2.840178199,229.538000000,100,1170,1215,48,4
285,2.850176444,229.538000000,100,1170,1215,48,4
286,2.860176733,229.538000000,100,1170,1215,48,4
287,2.870177272,229.538000000,100,1170,1215,48,4
288,2.880177891,229.538000000,100,1170,1215,48,4
289,2.890177088,229.538000000,100,1170,1215,48,4
290,2.900177507,229.538000000,100,1170,1215,48,4
291,2.910178637,177.078000000,100,1275,1215,48,4
292,2.920178455,177.078000000,100,1275,1215,47,4
293,2.930176870,177.078000000,100,1275,1215,47,4
294,2.940176978,177.078000000,100,1275,1215,47,4
295,2.950176746,177.078000000,100,1275,1215,47,4
296,2.960182014,177.078000000,100,1275,1215,47,4
297,2.970177364,177.078000000,100,1275,1215,47,4
298,2.980176220,177.078000000,100,1275,1215,47,4
299,2.990176929,177.078000000,100,1275,1215,47,4
300,3.000176927,177.078000000,100,1275,1215,47,4
301,3.010178689,203.683000000,100,1290,1215,47,4
302,3.020177745,203.683000000,100,1290,1215,48,4
303,3.030176301,203.683000000,100,1290,1215,48,4
304,3.040177922,203.683000000,100,1290,1215,48,4
305,3.050177599,203.683000000,100,1290,1215,48,4
306,3.060177096,203.683000000,100,1290,1215,48,4
307,3.070176784,203.683000000,100,1290,1215,48,4
308,3.080177754,203.683000000,100,1290,1215,48,4
309,3.090177101,203.683000000,100,1290,1215,48,4
310,3.100175296,203.683000000,100,1290,1215,48,4
311,3.110177548,203.683000000,100,1155,1215,48,4
312,3.120179209,208.978000000,100,1155,1215,47,4
313,3.130176683,208.978000000,100,1155,1215,47,4
314,3.140176491,208.978000000,100,1155,1215,47,4
315,3.150177260,208.978000000,100,1155,1215,47,4
316,3.160176878,208.978000000,100,1155,1215,47,4
317,3.170176796,208.978000000,100,1155,1215,47,4
318,3.180177515,208.978000000,100,1155,1215,47,4
319,3.190177383,208.978000000,100,1155,1215,47,4
320,3.200177060,208.978000000,100,1155,1215,47,4
321,3.210177259,162.604000000,100,1350,1215,48,4
322,3.220177207,162.604000000,100,1350,1215,48,4
323,3.230176554,162.604000000,100,1350,1215,48,4
324,3.240177304,162.604000000,100,1350,1215,48,4
325,3.250176530,162.604000000,100,1350,1215,48,4
326,3.260176849,162.604000000,100,1350,1215,48,4
327,3.270177058,162.604000000,100,1350,1215,48,4
328,3.280175332,162.604000000,100,1350,1215,48,4
329,3.290177895,162.604000000,100,1350,1215,48,4
330,3.300177453,162.604000000,100,1350,1215,48,4
331,3.310179966,235.027000000,100,1155,1215,47,4
332,3.320180284,235.027000000,100,1155,1215,47,4
333,3.330177527,235.027000000,100,1155,1215,47,4
334,3.340176724,235.027000000,100,1155,1215,47,4
335,3.350177283,235.027000000,100,1155,1215,47,4
336,3.360177181,235.027000000,100,1155,1215,47,4
337,3.370177740,235.027000000,100,1155,1215,47,4
338,3.380176576,235.027000000,100,1155,1215,47,4
339,3.390177977,235.027000000,100,1155,1215,47,4
340,3.400177144,235.027000000,100,1155,1215,47,4
341,3.410177362,163.958000000,100,1365,1215,48,4
342,3.420178052,163.958000000,100,1365,1215,48,4
343,3.430176878,163.958000000,100,1365,1215,48,4
344,3.440176435,163.958000000,100,1365,1215,48,4
345,3.450178076,163.958000000,100,1365,1215,48,4
346,3.460176722,163.958000000,100,1365,1215,48,4
347,3.470176560,163.958000000,100,1365,1215,48,4
348,3.480178301,163.958000000,100,1365,1215,48,4
349,3.490177398,163.958000000,100,1365,1215,48,4
350,3.500177706,163.958000000,100,1365,1215,48,4
351,3.510177534,241.051000000,100,1140,1215,47,4
352,3.520177372,241.051000000,100,1140,1215,47,4
353,3.530177370,241.051000000,100,1140,1215,47,4
354,3.540176847,241.051000000,100,1140,1215,47,4
355,3.550176635,241.051000000,100,1140,1215,47,4
356,3.560174740,241.051000000,100,1140,1215,47,4
357,3.570176521,241.051000000,100,1140,1215,47,4
358,3.580177171,241.051000000,100,1140,1215,47,4
359,3.590177710,241.051000000,100,1140,1215,47,4
360,3.600176636,241.051000000,100,1140,1215,47,4
361,3.610177916,155.451000000,100,1365,1215,47,4
362,3.620177093,155.451000000,100,1365,1215,47,4
363,3.630177752,155.451000000,100,1365,1215,47,4
364,3.640177290,155.451000000,100,1365,1215,47,4
365,3.650178550,155.451000000,100,1365,1215,47,4
366,3.660176585,155.451000000,100,1365,1215,47,4
367,3.670177735,155.451000000,100,1365,1215,47,4
368,3.680176491,155.451000000,100,1365,1215,47,4
369,3.690177431,155.451000000,100,1365,1215,47,4
370,3.700181947,155.451000000,100,1365,1215,47,4
371,3.710178218,242.330000000,100,1170,1215,48,4
372,3.720177926,242.330000000,100,1170,1215,48,4
373,3.730177834,242.330000000,100,1170,1215,48,4
374,3.740176860,242.330000000,100,1170,1215,48,4
375,3.750176518,242.330000000,100,1170,1215,48,4
376,3.760176997,242.330000000,100,1170,1215,48,4
377,3.770176755,242.330000000,100,1170,1215,48,4
378,3.780177885,242.330000000,100,1170,1215,48,4
379,3.790177753,242.330000000,100,1170,1215,48,4
380,3.800177571,242.330000000,100,1170,1215,48,4
381,3.810177328,163.674000000,100,1350,1215,48,4
382,3.820176565,163.674000000,100,1350,1215,48,4
383,3.830176453,163.674000000,100,1350,1215,48,4
384,3.840177353,163.674000000,100,1350,1215,48,4
385,3.850177050,163.674000000,100,1350,1215,48,4
386,3.860176257,163.674000000,100,1350,1215,48,4
387,3.870177047,163.674000000,100,1350,1215,48,4
388,3.880176494,163.674000000,100,1350,1215,48,4
389,3.890177263,163.674000000,100,1350,1215,48,4
390,3.900177512,163.674000000,100,1350,1215,48,4
391,3.910314788,239.239000000,100,1200,1215,48,4
392,3.920177578,239.239000000,100,1200,1215,48,4
393,3.930177847,239.239000000,100,1200,1215,48,4
394,3.940177084,239.239000000,100,1200,1215,48,4
395,3.950176290,239.239000000,100,1200,1215,48,4
396,3.960175768,239.239000000,100,1200,1215,48,4
397,3.970176838,239.239000000,100,1200,1215,48,4
398,3.980176175,239.239000000,100,1200,1215,48,4
399,3.990178577,239.239000000,100,1200,1215,48,4
400,4.000178666,239.239000000,100,1200,1215,48,4
401,4.010280795,169.338000000,100,1305,1215,47,4
402,4.020177790,169.338000000,100,1305,1215,47,4
403,4.030177227,169.338000000,100,1305,1215,47,4
404,4.040177686,169.338000000,100,1305,1215,47,4
405,4.050178025,169.338000000,100,1305,1215,47,4
406,4.060177472,169.338000000,100,1305,1215,47,4
407,4.070177310,169.338000000,100,1305,1215,47,4
408,4.080176998,169.338000000,100,1305,1215,47,4
409,4.090176665,169.338000000,100,1305,1215,47,4
410,4.100176243,169.338000000,100,1305,1215,47,4
411,4.110178996,221.870000000,100,1275,1215,48,4
412,4.120176600,221.870000000,100,1275,1215,48,4
413,4.130178021,221.870000000,100,1275,1215,48,4
414,4.140176386,221.870000000,100,1275,1215,48,4
415,4.150177205,221.870000000,100,1275,1215,48,4
416,4.160177113,221.870000000,100,1275,1215,48,4
417,4.170177021,221.870000000,100,1275,1215,48,4
418,4.180177590,221.870000000,100,1275,1215,48,4
419,4.190177519,221.870000000,100,1275,1215,48,4
420,4.200177466,221.870000000,100,1275,1215,48,4
421,4.210178166,198.237000000,100,1230,1215,47,4
422,4.220176691,198.237000000,100,1230,1215,47,4
423,4.230176529,198.237000000,100,1230,1215,47,4
424,4.240177048,198.237000000,100,1230,1215,47,4
425,4.250176145,198.237000000,100,1230,1215,47,4
426,4.260176854,198.237000000,100,1230,1215,47,4
427,4.270176903,198.237000000,100,1230,1215,47,4
428,4.280177261,198.237000000,100,1230,1215,47,4
429,4.290177851,198.237000000,100,1230,1215,47,4
430,4.300177488,198.237000000,100,1230,1215,47,4
431,4.310177096,191.992000000,100,1305,1215,48,4
432,4.320178376,191.992000000,100,1305,1215,48,4
433,4.330177272,191.992000000,100,1305,1215,48,4
434,4.340177280,191.992000000,100,1305,1215,48,4
435,4.350176968,191.992000000,100,1305,1215,48,4
436,4.360176355,191.992000000,100,1305,1215,48,4
437,4.370179529,191.992000000,100,1305,1215,48,4
438,4.380176421,191.992000000,100,1305,1215,48,4
439,4.390181850,191.992000000,100,1305,1215,48,4
440,4.400177429,191.992000000,100,1305,1215,48,4
441,4.410178189,213.602000000,100,1170,1215,48,4
442,4.420177716,213.602000000,100,1170,1215,47,4
443,4.430177364,213.602000000,100,1170,1215,47,4
444,4.440177312,213.602000000,100,1170,1215,47,4
445,4.450177911,213.602000000,100,1170,1215,47,4
446,4.460175425,213.602000000,100,1170,1215,47,4
447,4.470177767,213.602000000,100,1170,1215,47,4
448,4.480177585,213.602000000,100,1170,1215,47,4
449,4.490178785,213.602000000,100,1170,1215,47,4
450,4.500177301,213.602000000,100,1170,1215,47,4
451,4.510177419,172.132000000,100,1365,1215,48,4
452,4.520175864,172.132000000,100,1365,1215,48,4
453,4.530177015,172.132000000,100,1365,1215,48,4
454,4.540177584,172.132000000,100,1365,1215,48,4
455,4.550176089,172.132000000,100,1365,1215,48,4
456,4.560178161,172.132000000,100,1365,1215,48,4
457,4.570176647,172.132000000,100,1365,1215,48,4
458,4.580177747,172.132000000,100,1365,1215,48,4
459,4.590177705,172.132000000,100,1365,1215,48,4
460,4.600177433,172.132000000,100,1365,1215,48,4
461,4.610177631,244.372000000,100,1140,1215,48,4
462,4.620176197,244.372000000,100,1140,1215,48,4
463,4.630177026,244.372000000,100,1140,1215,48,4
464,4.640176493,244.372000000,100,1140,1215,48,4
465,4.650176722,244.372000000,100,1140,1215,48,4
466,4.660176119,244.372000000,100,1140,1215,48,4
467,4.670176388,244.372000000,100,1140,1215,48,4
468,4.680176376,244.372000000,100,1140,1215,48,4
469,4.690177887,244.372000000,100,1140,1215,48,4
470,4.700175741,244.372000000,100,1140,1215,48,4
471,4.710178494,161.463000000,100,1365,1215,48,4
472,4.720176979,161.463000000,100,1365,1215,48,4
473,4.730177268,161.463000000,100,1365,1215,48,4
474,4.740176545,161.463000000,100,1365,1215,48,4
475,4.750177114,161.463000000,100,1365,1215,48,4
476,4.760176471,161.463000000,100,1365,1215,48,4
477,4.770176730,161.463000000,100,1365,1215,48,4
478,4.780176187,161.463000000,100,1365,1215,48,4
479,4.790176596,161.463000000,100,1365,1215,48,4
480,4.800176163,161.463000000,100,1365,1215,48,4
481,4.810177554,161.463000000,100,1170,1215,48,4
482,4.820180107,243.919000000,100,1170,1215,48,4
483,4.830177620,243.919000000,100,1170,1215,48,4
484,4.840178139,243.919000000,100,1170,1215,48,4
485,4.850177006,243.919000000,100,1170,1215,48,4
486,4.860177054,243.919000000,100,1170,1215,48,4
487,4.870178585,243.919000000,100,1170,1215,48,4
488,4.880177280,243.919000000,100,1170,1215,48,4
489,4.890178561,243.919000000,100,1170,1215,48,4
490,4.900176776,243.919000000,100,1170,1215,48,4
491,4.910180651,158.234000000,100,1335,1215,47,4
492,4.920177443,158.234000000,100,1335,1215,47,4
493,4.930177782,158.234000000,100,1335,1215,47,4
494,4.940176047,158.234000000,100,1335,1215,47,4
495,4.950177849,158.234000000,100,1335,1215,47,4
496,4.960176043,158.234000000,100,1335,1215,47,4
497,4.970176893,158.234000000,100,1335,1215,47,4
498,4.980176611,158.234000000,100,1335,1215,47,4
499,4.990177881,158.234000000,100,1335,1215,47,4
500,5.000177148,158.234000000,100,1335,1215,47,4
501,5.010178719,246.218000000,100,1230,1215,48,4
502,5.020176293,246.218000000,100,1230,1215,48,4
503,5.030174928,246.218000000,100,1230,1215,48,4
504,5.040176950,246.218000000,100,1230,1215,48,4
505,5.050176498,246.218000000,100,1230,1215,48,4
506,5.060176937,246.218000000,100,1230,1215,48,4
507,5.070176574,246.218000000,100,1230,1215,48,4
508,5.080176713,246.218000000,100,1230,1215,48,4
509,5.090176470,246.218000000,100,1230,1215,48,4
510,5.100177190,246.218000000,100,1230,1215,48,4
511,5.110177448,160.889000000,100,1275,1215,47,4
512,5.120177807,160.889000000,100,1275,1215,47,4
513,5.130178867,160.889000000,100,1275,1215,47,4
514,5.140177282,160.889000000,100,1275,1215,47,4
515,5.150175778,160.889000000,100,1275,1215,47,4
516,5.160177078,160.889000000,100,1275,1215,47,4
517,5.170174902,160.889000000,100,1275,1215,47,4
518,5.180176253,160.889000000,100,1275,1215,47,4
519,5.190176622,160.889000000,100,1275,1215,47,4
520,5.200175949,160.889000000,100,1275,1215,47,4
521,5.210178131,239.148000000,100,1260,1215,48,4
522,5.220175094,239.148000000,100,1260,1215,48,4
523,5.230177697,239.148000000,100,1260,1215,48,4
524,5.240178286,239.148000000,100,1260,1215,48,4
525,5.250177923,239.148000000,100,1260,1215,48,4
526,5.260176349,239.148000000,100,1260,1215,48,4
527,5.270176657,239.148000000,100,1260,1215,48,4
528,5.280177186,239.148000000,100,1260,1215,48,4
529,5.290175021,239.148000000,100,1260,1215,48,4
530,5.300176642,239.148000000,100,1260,1215,48,4
531,5.310177952,172.906000000,100,1230,1215,47,4
532,5.320175716,172.906000000,100,1230,1215,47,4
533,5.330178059,172.906000000,100,1230,1215,47,4
534,5.340177386,172.906000000,100,1230,1215,47,4
535,5.350177444,172.906000000,100,1230,1215,47,4
536,5.360176681,172.906000000,100,1230,1215,47,4
537,5.370177410,172.906000000,100,1230,1215,47,4
538,5.380177448,172.906000000,100,1230,1215,47,4
539,5.390175854,172.906000000,100,1230,1215,47,4
540,5.400176804,172.906000000,100,1230,1215,47,4
541,5.410178325,224.619000000,100,1320,1215,49,4
542,5.420177341,224.619000000,100,1320,1215,49,4
543,5.430177780,224.619000000,100,1320,1215,49,4
544,5.440176556,224.619000000,100,1320,1215,49,4
545,5.450176704,224.619000000,100,1320,1215,49,4
546,5.460175851,224.619000000,100,1320,1215,49,4
547,5.470176179,224.619000000,100,1320,1215,49,4
548,5.480176729,224.619000000,100,1320,1215,49,4
549,5.490175444,224.619000000,100,1320,1215,49,4
550,5.500176274,224.619000000,100,1320,1215,49,4
551,5.510178386,196.919000000,100,1110,1215,47,4
552,5.520176491,196.919000000,100,1110,1215,47,4
553,5.530177912,196.919000000,100,1110,1215,47,4
554,5.540176006,196.919000000,100,1110,1215,47,4
555,5.550178188,196.919000000,100,1110,1215,47,4
556,5.560176083,196.919000000,100,1110,1215,47,4
557,5.570176932,196.919000000,100,1110,1215,47,4
558,5.580176239,196.919000000,100,1110,1215,47,4
559,5.590177079,196.919000000,100,1110,1215,47,4
560,5.600176186,196.919000000,100,1110,1215,47,4
561,5.610179189,172.420000000,100,1365,1215,48,4
562,5.620176653,172.420000000,100,1365,1215,48,4
563,5.630177212,172.420000000,100,1365,1215,48,4
564,5.640177070,172.420000000,100,1365,1215,48,4
565,5.650176777,172.420000000,100,1365,1215,48,4
566,5.660177327,172.420000000,100,1365,1215,48,4
567,5.670176253,172.420000000,100,1365,1215,48,4
568,5.680176261,172.420000000,100,1365,1215,48,4
569,5.690176720,172.420000000,100,1365,1215,48,4
570,5.700177089,172.420000000,100,1365,1215,48,4
571,5.710176887,226.552000000,100,1140,1215,48,4
572,5.720176604,226.552000000,100,1140,1215,48,4
573,5.730176212,226.552000000,100,1140,1215,48,4
574,5.740176410,226.552000000,100,1140,1215,48,4
575,5.750176609,226.552000000,100,1140,1215,48,4
576,5.760176727,226.552000000,100,1140,1215,48,4
577,5.770176916,226.552000000,100,1140,1215,48,4
578,5.780176633,226.552000000,100,1140,1215,48,4
579,5.790177553,226.552000000,100,1140,1215,48,4
580,5.800175738,226.552000000,100,1140,1215,48,4
581,5.810176026,170.899000000,100,1365,1215,48,4
582,5.820176656,170.899000000,100,1365,1215,48,4
583,5.830176814,170.899000000,100,1365,1215,48,4
584,5.840176081,170.899000000,100,1365,1215,48,4
585,5.850177552,170.899000000,100,1365,1215,48,4
586,5.860176658,170.899000000,100,1365,1215,48,4
587,5.870176897,170.899000000,100,1365,1215,48,4
588,5.880177807,170.899000000,100,1365,1215,48,4
589,5.890177314,170.899000000,100,1365,1215,48,4
590,5.900177994,170.899000000,100,1365,1215,48,4
591,5.910177260,241.466000000,100,1155,1215,48,4
592,5.920182027,241.466000000,100,1155,1215,48,4
593,5.930176906,241.466000000,100,1155,1215,48,4
594,5.940176924,241.466000000,100,1155,1215,48,4
595,5.950176862,241.466000000,100,1155,1215,48,4
596,5.960178103,241.466000000,100,1155,1215,48,4
597,5.970176919,241.466000000,100,1155,1215,48,4
598,5.980177548,241.466000000,100,1155,1215,48,4
599,5.990177496,241.466000000,100,1155,1215,48,4
600,6.000177053,241.466000000,100,1155,1215,48,4
601,6.010178324,156.677000000,100,1335,1215,47,4
602,6.020177000,156.677000000,100,1335,1215,47,4
603,6.030177178,156.677000000,100,1335,1215,47,4
604,6.040176816,156.677000000,100,1335,1215,47,4
605,6.050177665,156.677000000,100,1335,1215,47,4
606,6.060176531,156.677000000,100,1335,1215,47,4
607,6.070176870,156.677000000,100,1335,1215,47,4
608,6.080176287,156.677000000,100,1335,1215,47,4
609,6.090177217,156.677000000,100,1335,1215,47,4
610,6.100176274,156.677000000,100,1335,1215,47,4
611,6.110178826,243.025000000,100,1230,1215,49,4
612,6.120176871,243.025000000,100,1230,1215,49,4
613,6.130178031,243.025000000,100,1230,1215,49,4
614,6.140175996,243.025000000,100,1230,1215,49,4
615,6.150176565,243.025000000,100,1230,1215,49,4
616,6.160176523,243.025000000,100,1230,1215,49,4
617,6.170176120,243.025000000,100,1230,1215,49,4
618,6.180176830,243.025000000,100,1230,1215,49,4
619,6.190176988,243.025000000,100,1230,1215,49,4
620,6.200178129,243.025000000,100,1230,1215,49,4
621,6.210178177,172.678000000,100,1260,1215,49,4
622,6.220178315,172.678000000,100,1260,1215,47,4
623,6.230176410,172.678000000,100,1260,1215,47,4
624,6.240178001,172.678000000,100,1260,1215,47,4
625,6.250176987,172.678000000,100,1260,1215,47,4
626,6.260176805,172.678000000,100,1260,1215,47,4
627,6.270177214,172.678000000,100,1260,1215,47,4
628,6.280177472,172.678000000,100,1260,1215,47,4
629,6.290176579,172.678000000,100,1260,1215,47,4
630,6.300176657,172.678000000,100,1260,1215,47,4
631,6.310177307,172.678000000,100,1350,1215,47,4
632,6.320178557,227.382000000,100,1350,1215,49,4
633,6.330177143,227.382000000,100,1350,1215,49,4
634,6.340176850,227.382000000,100,1350,1215,49,4
635,6.350177159,227.382000000,100,1350,1215,49,4
636,6.360176776,227.382000000,100,1350,1215,49,4
637,6.370177296,227.382000000,100,1350,1215,49,4
638,6.380175160,227.382000000,100,1350,1215,49,4
639,6.390177392,227.382000000,100,1350,1215,49,4
640,6.400176088,227.382000000,100,1350,1215,49,4
641,6.410177308,227.382000000,100,1125,1215,49,4
642,6.420178529,188.475000000,100,1125,1215,47,4
643,6.430177725,188.475000000,100,1125,1215,47,4
644,6.440176421,188.475000000,100,1125,1215,47,4
645,6.450177892,188.475000000,100,1125,1215,47,4
646,6.460176978,188.475000000,100,1125,1215,47,4
647,6.470176365,188.475000000,100,1125,1215,47,4
648,6.480176664,188.475000000,100,1125,1215,47,4
649,6.490177123,188.475000000,100,1125,1215,47,4
650,6.500176731,188.475000000,100,1125,1215,47,4
651,6.510177991,188.475000000,100,1365,1215,47,4
652,6.520178831,190.621000000,100,1365,1215,48,4
653,6.530176194,190.621000000,100,1365,1215,48,4
654,6.540176863,190.621000000,100,1365,1215,48,4
655,6.550176250,190.621000000,100,1365,1215,48,4
656,6.560175838,190.621000000,100,1365,1215,48,4
657,6.570176888,190.621000000,100,1365,1215,48,4
658,6.580176726,190.621000000,100,1365,1215,48,4
659,6.590176734,190.621000000,100,1365,1215,48,4
660,6.600176261,190.621000000,100,1365,1215,48,4
661,6.610179005,205.565000000,100,1170,1215,48,4
662,6.620176478,205.565000000,100,1170,1215,48,4
663,6.630178109,205.565000000,100,1170,1215,48,4
664,6.640175452,205.565000000,100,1170,1215,48,4
665,6.650177775,205.565000000,100,1170,1215,48,4
666,6.660177492,205.565000000,100,1170,1215,48,4
667,6.670176639,205.565000000,100,1170,1215,48,4
668,6.680177048,205.565000000,100,1170,1215,48,4
669,6.690177226,205.565000000,100,1170,1215,48,4
670,6.700176704,205.565000000,100,1170,1215,48,4
671,6.710177123,184.971000000,100,1365,1215,48,4
672,6.720177201,184.971000000,100,1365,1215,48,4
673,6.730176147,184.971000000,100,1365,1215,48,4
674,6.740177588,184.971000000,100,1365,1215,48,4
675,6.750176644,184.971000000,100,1365,1215,48,4
676,6.760177835,184.971000000,100,1365,1215,48,4
677,6.770177021,184.971000000,100,1365,1215,48,4
678,6.780177450,184.971000000,100,1365,1215,48,4
679,6.790177158,184.971000000,100,1365,1215,48,4
680,6.800175653,184.971000000,100,1365,1215,48,4
681,6.810177725,184.971000000,100,1365,1215,48,4
682,6.820176311,184.971000000,100,1365,1215,48,4
683,6.830177231,184.971000000,100,1365,1215,48,4
684,6.840176537,184.971000000,100,1290,1215,48,4
685,6.850177267,230.857000000,100,1290,1215,48,4
686,6.860177065,230.857000000,100,1290,1215,48,4
687,6.870177814,230.857000000,100,1290,1215,48,4
688,6.880177662,230.857000000,100,1290,1215,48,4
689,6.890177630,230.857000000,100,1290,1215,48,4
690,6.900177749,230.857000000,100,1290,1215,48,4
691,6.910178598,192.932000000,100,1215,1215,48,4
692,6.920177575,192.932000000,100,1215,1215,48,4
693,6.930176180,192.932000000,100,1215,1215,48,4
694,6.940177461,192.932000000,100,1215,1215,48,4
695,6.950174443,192.932000000,100,1215,1215,48,4
696,6.960176786,192.932000000,100,1215,1215,48,4
697,6.970176784,192.932000000,100,1215,1215,48,4
698,6.980176882,192.932000000,100,1215,1215,48,4
699,6.990176480,192.932000000,100,1215,1215,48,4
700,7.000176939,192.932000000,100,1215,1215,48,4
701,7.010178450,203.041000000,100,1305,1215,48,4
702,7.020177576,203.041000000,100,1305,1215,48,4
703,7.030177013,203.041000000,100,1305,1215,48,4
704,7.040177232,203.041000000,100,1305,1215,48,4
705,7.050176549,203.041000000,100,1305,1215,48,4
706,7.060177338,203.041000000,100,1305,1215,48,4
707,7.070176806,203.041000000,100,1305,1215,48,4
708,7.080177034,203.041000000,100,1305,1215,48,4
709,7.090178114,203.041000000,100,1305,1215,48,4
710,7.100176680,203.041000000,100,1305,1215,48,4
711,7.110177930,204.208000000,100,1230,1215,48,4
712,7.120176125,204.208000000,100,1230,1215,48,4
713,7.130178187,204.208000000,100,1230,1215,48,4
714,7.140176492,204.208000000,100,1230,1215,48,4
715,7.150177913,204.208000000,100,1230,1215,48,4
716,7.160176819,204.208000000,100,1230,1215,48,4
717,7.170177378,204.208000000,100,1230,1215,48,4
718,7.180175984,204.208000000,100,1230,1215,48,4
719,7.190176894,204.208000000,100,1230,1215,48,4
720,7.200176491,204.208000000,100,1230,1215,48,4
721,7.210176800,197.737000000,100,1305,1215,48,4
722,7.220176227,197.737000000,100,1305,1215,48,4
723,7.230176155,197.737000000,100,1305,1215,48,4
724,7.240176924,197.737000000,100,1305,1215,48,4
725,7.250176372,197.737000000,100,1305,1215,48,4
726,7.260177131,197.737000000,100,1305,1215,48,4
727,7.270175937,197.737000000,100,1305,1215,48,4
728,7.280177488,197.737000000,100,1305,1215,48,4
729,7.290178689,197.737000000,100,1305,1215,48,4
730,7.300176963,197.737000000,100,1305,1215,48,4
731,7.310177763,209.202000000,100,1230,1215,48,4
732,7.320177340,209.202000000,100,1230,1215,48,4
733,7.330175185,209.202000000,100,1230,1215,48,4
734,7.340177698,209.202000000,100,1230,1215,48,4
735,7.350176754,209.202000000,100,1230,1215,48,4
736,7.360176582,209.202000000,100,1230,1215,48,4
737,7.370177301,209.202000000,100,1230,1215,48,4
738,7.380176979,209.202000000,100,1230,1215,48,4
739,7.390177468,209.202000000,100,1230,1215,48,4
740,7.400175983,209.202000000,100,1230,1215,48,4
741,7.410179358,192.040000000,100,1290,1215,48,4
742,7.420176951,192.040000000,100,1290,1215,48,4
743,7.430177050,192.040000000,100,1290,1215,48,4
744,7.440176878,192.040000000,100,1290,1215,48,4
745,7.450178068,192.040000000,100,1290,1215,48,4
746,7.460177365,192.040000000,100,1290,1215,48,4
747,7.470177503,192.040000000,100,1290,1215,48,4
748,7.480176620,192.040000000,100,1290,1215,48,4
749,7.490177740,192.040000000,100,1290,1215,48,4
750,7.500177768,192.040000000,100,1290,1215,48,4
751,7.510179800,218.345000000,100,1245,1215,48,4
752,7.520176302,218.345000000,100,1245,1215,48,4
753,7.530176039,218.345000000,100,1245,1215,48,4
754,7.540176929,218.345000000,100,1245,1215,48,4
755,7.550176376,218.345000000,100,1245,1215,48,4
756,7.560176915,218.345000000,100,1245,1215,48,4
757,7.570177525,218.345000000,100,1245,1215,48,4
758,7.580177483,218.345000000,100,1245,1215,48,4
759,7.590177541,218.345000000,100,1245,1215,48,4
760,7.600178090,218.345000000,100,1245,1215,48,4
761,7.610178259,189.037000000,100,1275,1215,48,4
762,7.620174951,189.037000000,100,1275,1215,48,4
763,7.630177333,189.037000000,100,1275,1215,48,4
764,7.640176710,189.037000000,100,1275,1215,48,4
765,7.650176989,189.037000000,100,1275,1215,48,4
766,7.660177348,189.037000000,100,1275,1215,48,4
767,7.670177947,189.037000000,100,1275,1215,48,4
768,7.680176633,189.037000000,100,1275,1215,48,4
769,7.690177513,189.037000000,100,1275,1215,48,4
770,7.700176850,189.037000000,100,1275,1215,48,4
771,7.710179373,218.755000000,100,1275,1215,48,4
772,7.720177637,218.755000000,100,1275,1215,48,4
773,7.730181202,218.755000000,100,1275,1215,48,4
774,7.740176702,218.755000000,100,1275,1215,48,4
775,7.750177301,218.755000000,100,1275,1215,48,4
776,7.760176017,218.755000000,100,1275,1215,48,4
777,7.770176516,218.755000000,100,1275,1215,48,4
778,7.780176254,218.755000000,100,1275,1215,48,4
779,7.790176883,218.755000000,100,1275,1215,48,4
780,7.800176501,218.755000000,100,1275,1215,48,4
781,7.810178422,189.230000000,100,1215,1215,48,4
782,7.820177909,189.230000000,100,1215,1215,48,4
783,7.830176475,189.230000000,100,1215,1215,48,4
784,7.840177816,189.230000000,100,1215,1215,48,4
785,7.850177834,189.230000000,100,1215,1215,48,4
786,7.860181699,189.230000000,100,1215,1215,48,4
787,7.870177139,189.230000000,100,1215,1215,48,4
788,7.880177377,189.230000000,100,1215,1215,48,4
789,7.890177065,189.230000000,100,1215,1215,48,4
790,7.900177594,189.230000000,100,1215,1215,48,4
791,7.910178694,204.497000000,100,1350,1215,48,4
792,7.920178141,204.497000000,100,1350,1215,48,4
793,7.930176216,204.497000000,100,1350,1215,48,4
794,7.940176845,204.497000000,100,1350,1215,48,4
795,7.950178006,204.497000000,100,1350,1215,48,4
796,7.960177002,204.497000000,100,1350,1215,48,4
797,7.970177441,204.497000000,100,1350,1215,48,4
798,7.980176698,204.497000000,100,1350,1215,48,4
799,7.990177417,204.497000000,100,1350,1215,48,4
800,8.000179249,204.497000000,100,1350,1215,48,4
801,8.010178045,204.497000000,100,1200,1215,48,4
802,8.020177963,205.534000000,100,1200,1215,48,4
803,8.030178031,205.534000000,100,1200,1215,48,4
804,8.040176015,205.534000000,100,1200,1215,48,4
805,8.050176294,205.534000000,100,1200,1215,48,4
806,8.060177615,205.534000000,100,1200,1215,48,4
807,8.070176341,205.534000000,100,1200,1215,48,4
808,8.080178673,205.534000000,100,1200,1215,48,4
809,8.090176627,205.534000000,100,1200,1215,48,4
810,8.100177337,205.534000000,100,1200,1215,48,4
811,8.110178758,205.534000000,100,1320,1215,48,4
812,8.120178345,192.700000000,100,1320,1215,48,4
813,8.130176790,192.700000000,100,1320,1215,48,4
814,8.140177490,192.700000000,100,1320,1215,48,4
815,8.150176346,192.700000000,100,1320,1215,48,4
816,8.160178047,192.700000000,100,1320,1215,48,4
817,8.170176583,192.700000000,100,1320,1215,48,4
818,8.180176931,192.700000000,100,1320,1215,48,4
819,8.190176959,192.700000000,100,1320,1215,48,4
820,8.200177288,192.700000000,100,1320,1215,48,4
821,8.210177677,215.323000000,100,1230,1215,48,4
822,8.220177435,215.323000000,100,1230,1215,48,4
823,8.230177583,215.323000000,100,1230,1215,48,4
824,8.240177061,215.323000000,100,1230,1215,48,4
825,8.250177670,215.323000000,100,1230,1215,48,4
826,8.260176215,215.323000000,100,1230,1215,48,4
827,8.270176985,215.323000000,100,1230,1215,48,4
828,8.280176001,215.323000000,100,1230,1215,48,4
829,8.290177592,215.323000000,100,1230,1215,48,4
830,8.300176458,215.323000000,100,1230,1215,48,4
831,8.310177328,173.107000000,100,1260,1215,48,4
832,8.320175773,173.107000000,100,1260,1215,48,4
833,8.330175962,173.107000000,100,1260,1215,48,4
834,8.340175139,173.107000000,100,1260,1215,48,4
835,8.350177531,173.107000000,100,1260,1215,48,4
836,8.360177329,173.107000000,100,1260,1215,48,4
837,8.370176145,173.107000000,100,1260,1215,48,4
838,8.380177135,173.107000000,100,1260,1215,48,4
839,8.390176171,173.107000000,100,1260,1215,48,4
840,8.400177592,173.107000000,100,1260,1215,48,4
841,8.410176919,252.401000000,100,1305,1215,49,4
842,8.420177178,252.401000000,100,1305,1215,49,4
843,8.430176515,252.401000000,100,1305,1215,49,4
844,8.440177655,252.401000000,100,1305,1215,49,4
845,8.450175188,252.401000000,100,1305,1215,49,4
846,8.460179815,252.401000000,100,1305,1215,49,4
847,8.470176347,252.401000000,100,1305,1215,49,4
848,8.480176886,252.401000000,100,1305,1215,49,4
849,8.490176934,252.401000000,100,1305,1215,49,4
850,8.500176812,252.401000000,100,1305,1215,49,4
851,8.510177822,160.491000000,100,1200,1215,48,4
852,8.520176408,160.491000000,100,1200,1215,48,4
853,8.530176837,160.491000000,100,1200,1215,48,4
854,8.540176624,160.491000000,100,1200,1215,48,4
855,8.550177134,160.491000000,100,1200,1215,48,4
856,8.560176881,160.491000000,100,1200,1215,48,4
857,8.570178633,160.491000000,100,1200,1215,48,4
858,8.580177729,160.491000000,100,1200,1215,48,4
859,8.590177016,160.491000000,100,1200,1215,48,4
860,8.600177605,160.491000000,100,1200,1215,48,4
861,8.610178094,247.829000000,100,1335,1215,49,4
862,8.620176800,247.829000000,100,1335,1215,49,4
863,8.630176558,247.829000000,100,1335,1215,49,4
864,8.640177387,247.829000000,100,1335,1215,49,4
865,8.650177336,247.829000000,100,1335,1215,49,4
866,8.660176943,247.829000000,100,1335,1215,49,4
867,8.670175388,247.829000000,100,1335,1215,49,4
868,8.680177831,247.829000000,100,1335,1215,49,4
869,8.690176757,247.829000000,100,1335,1215,49,4
870,8.700177447,247.829000000,100,1335,1215,49,4
871,8.710177805,162.795000000,100,1125,1215,48,4
872,8.720174077,162.795000000,100,1125,1215,48,4
873,8.730177631,162.795000000,100,1125,1215,48,4
874,8.740176848,162.795000000,100,1125,1215,48,4
875,8.750181114,162.795000000,100,1125,1215,48,4
876,8.760177926,162.795000000,100,1125,1215,48,4
877,8.770177173,162.795000000,100,1125,1215,48,4
878,8.780175799,162.795000000,100,1125,1215,48,4
879,8.790177610,162.795000000,100,1125,1215,48,4
880,8.800176717,162.795000000,100,1125,1215,48,4
881,8.810178578,241.102000000,100,1365,1215,49,4
882,8.820177865,241.102000000,100,1365,1215,49,4
883,8.830176351,241.102000000,100,1365,1215,49,4
884,8.840177641,241.102000000,100,1365,1215,49,4
885,8.850177559,241.102000000,100,1365,1215,49,4
886,8.860175924,241.102000000,100,1365,1215,49,4
887,8.870177615,241.102000000,100,1365,1215,49,4
888,8.880176552,241.102000000,100,1365,1215,49,4
889,8.890175929,241.102000000,100,1365,1215,49,4
890,8.900176528,241.102000000,100,1365,1215,49,4
891,8.910178159,189.077000000,100,1140,1215,48,4
892,8.920177356,189.077000000,100,1140,1215,48,4
893,8.930176683,189.077000000,100,1140,1215,48,4
894,8.940177442,189.077000000,100,1140,1215,48,4
895,8.950174144,189.077000000,100,1140,1215,48,4
896,8.960176958,189.077000000,100,1140,1215,48,4
897,8.970176235,189.077000000,100,1140,1215,48,4
898,8.980177124,189.077000000,100,1140,1215,48,4
899,8.990177012,189.077000000,100,1140,1215,48,4
900,9.000176409,189.077000000,100,1140,1215,48,4
901,9.010179463,217.941000000,100,1365,1215,49,4
902,9.020177378,217.941000000,100,1365,1215,49,4
903,9.030176724,217.941000000,100,1365,1215,49,4
904,9.040177033,217.941000000,100,1365,1215,49,4
905,9.050177692,217.941000000,100,1365,1215,49,4
906,9.060176749,217.941000000,100,1365,1215,49,4
907,9.070177378,217.941000000,100,1365,1215,49,4
908,9.080178198,217.941000000,100,1365,1215,49,4
909,9.090176663,217.941000000,100,1365,1215,49,4
910,9.100176681,217.941000000,100,1365,1215,49,4
911,9.110178974,191.510000000,100,1155,1215,48,4
912,9.120176167,191.510000000,100,1155,1215,48,4
913,9.130176486,191.510000000,100,1155,1215,48,4
914,9.140176293,191.510000000,100,1155,1215,48,4
915,9.150177113,191.510000000,100,1155,1215,48,4
916,9.160177592,191.510000000,100,1155,1215,48,4
917,9.170175647,191.510000000,100,1155,1215,48,4
918,9.180177118,191.510000000,100,1155,1215,48,4
919,9.190176985,191.510000000,100,1155,1215,48,4
920,9.200177615,191.510000000,100,1155,1215,48,4
921,9.210177904,201.054000000,100,1365,1215,48,4
922,9.220177150,201.054000000,100,1365,1215,48,4
923,9.230177199,201.054000000,100,1365,1215,48,4
924,9.240177998,201.054000000,100,1365,1215,48,4
925,9.250176303,201.054000000,100,1365,1215,48,4
926,9.260177153,201.054000000,100,1365,1215,48,4
927,9.270176199,201.054000000,100,1365,1215,48,4
928,9.280175196,201.054000000,100,1365,1215,48,4
929,9.290176386,201.054000000,100,1365,1215,48,4
930,9.300176655,201.054000000,100,1365,1215,48,4
931,9.310177905,225.478000000,100,1185,1215,49,4
932,9.320176841,225.478000000,100,1185,1215,49,4
933,9.330174615,225.478000000,100,1185,1215,49,4
934,9.340176136,225.478000000,100,1185,1215,49,4
935,9.350177898,225.478000000,100,1185,1215,49,4
936,9.360176664,225.478000000,100,1185,1215,49,4
937,9.370176962,225.478000000,100,1185,1215,49,4
938,9.380176620,225.478000000,100,1185,1215,49,4
939,9.390177920,225.478000000,100,1185,1215,49,4
940,9.400176736,225.478000000,100,1185,1215,49,4
941,9.410178007,163.046000000,100,1335,1215,49,4
942,9.420177093,163.046000000,100,1335,1215,47,4
943,9.430176641,163.046000000,100,1335,1215,47,4
944,9.440177420,163.046000000,100,1335,1215,47,4
945,9.450176296,163.046000000,100,1335,1215,47,4
946,9.460177026,163.046000000,100,1335,1215,47,4
947,9.470176573,163.046000000,100,1335,1215,47,4
948,9.480177633,163.046000000,100,1335,1215,47,4
949,9.490177100,163.046000000,100,1335,1215,47,4
950,9.500182038,163.046000000,100,1335,1215,47,4
951,9.510177417,240.006000000,100,1215,1215,47,4
952,9.520178027,240.006000000,100,1215,1215,49,4
953,9.530176933,240.006000000,100,1215,1215,49,4
954,9.540176069,240.006000000,100,1215,1215,49,4
955,9.550176849,240.006000000,100,1215,1215,49,4
956,9.560174823,240.006000000,100,1215,1215,49,4
957,9.570176515,240.006000000,100,1215,1215,49,4
958,9.580181592,240.006000000,100,1215,1215,49,4
959,9.590176902,240.006000000,100,1215,1215,49,4
960,9.600177100,240.006000000,100,1215,1215,49,4
961,9.610182789,240.006000000,100,1185,1215,49,4
962,9.620183158,159.797000000,100,1185,1215,48,4
963,9.630177195,159.797000000,100,1185,1215,48,4
964,9.640176923,159.797000000,100,1185,1215,48,4
965,9.650178423,159.797000000,100,1185,1215,48,4
966,9.660177630,159.797000000,100,1185,1215,48,4
967,9.670175404,159.797000000,100,1185,1215,48,4
968,9.680178127,159.797000000,100,1185,1215,48,4
969,9.690174689,159.797000000,100,1185,1215,48,4
970,9.700177092,159.797000000,100,1185,1215,48,4
971,9.710177581,159.797000000,100,1350,1215,48,4
972,9.720177409,253.364000000,100,1350,1215,49,4
973,9.730177307,253.364000000,100,1350,1215,49,4
974,9.740177575,253.364000000,100,1350,1215,49,4
975,9.750175990,253.364000000,100,1350,1215,49,4
976,9.760177141,253.364000000,100,1350,1215,49,4
977,9.770176137,253.364000000,100,1350,1215,49,4
978,9.780177087,253.364000000,100,1350,1215,49,4
979,9.790176414,253.364000000,100,1350,1215,49,4
980,9.800178195,253.364000000,100,1350,1215,49,4
981,9.810179206,253.364000000,100,1095,1215,49,4
982,9.820178162,154.184000000,100,1095,1215,48,4
983,9.830176236,154.184000000,100,1095,1215,48,4
984,9.840176545,154.184000000,100,1095,1215,48,4
985,9.850178096,154.184000000,100,1095,1215,48,4
986,9.860177012,154.184000000,100,1095,1215,48,4
987,9.870177411,154.184000000,100,1095,1215,48,4
988,9.880177560,154.184000000,100,1095,1215,48,4
989,9.890177227,154.184000000,100,1095,1215,48,4
990,9.900176534,154.184000000,100,1095,1215,48,4
991,9.910178937,253.010000000,100,1365,1215,49,4
992,9.920176650,253.010000000,100,1365,1215,49,4
993,9.930177500,253.010000000,100,1365,1215,49,4
994,9.940177508,253.010000000,100,1365,1215,49,4
995,9.950176465,253.010000000,100,1365,1215,49,4
996,9.960177455,253.010000000,100,1365,1215,49,4
997,9.970178385,253.010000000,100,1365,1215,49,4
998,9.980177992,253.010000000,100,1365,1215,49,4
999,9.990176958,253.010000000,100,1365,1215,49,4
1000,10.000177517,253.010000000,100,1365,1215,49,4
1001,10.010178638,166.460000000,100,1140,1215,48,4
1002,10.020178786,166.460000000,100,1140,1215,48,4
1003,10.030176310,166.460000000,100,1140,1215,48,4
1004,10.040177781,166.460000000,100,1140,1215,48,4
1005,10.050176065,166.460000000,100,1140,1215,48,4
1006,10.060177546,166.460000000,100,1140,1215,48,4
1007,10.070176593,166.460000000,100,1140,1215,48,4
1008,10.080175910,166.460000000,100,1140,1215,48,4
1009,10.090177160,166.460000000,100,1140,1215,48,4
1010,10.100178601,166.460000000,100,1140,1215,48,4
1011,10.110177617,238.223000000,100,1365,1215,49,4
1012,10.120176684,238.223000000,100,1365,1215,49,4
1013,10.130177874,238.223000000,100,1365,1215,49,4
1014,10.140176730,238.223000000,100,1365,1215,49,4
1015,10.150177049,238.223000000,100,1365,1215,49,4
1016,10.160176626,238.223000000,100,1365,1215,49,4
1017,10.170177205,238.223000000,100,1365,1215,49,4
1018,10.180178496,238.223000000,100,1365,1215,49,4
1019,10.190178474,238.223000000,100,1365,1215,49,4
1020,10.200176980,238.223000000,100,1365,1215,49,4
1021,10.210177749,174.234000000,100,1140,1215,48,4
1022,10.220177597,174.234000000,100,1140,1215,48,4
1023,10.230177044,174.234000000,100,1140,1215,48,4
1024,10.240177453,174.234000000,100,1140,1215,48,4
1025,10.250177952,174.234000000,100,1140,1215,48,4
1026,10.260176939,174.234000000,100,1140,1215,48,4
1027,10.270175564,174.234000000,100,1140,1215,48,4
1028,10.280176975,174.234000000,100,1140,1215,48,4
1029,10.290177073,174.234000000,100,1140,1215,48,4
1030,10.300177202,174.234000000,100,1140,1215,48,4
1031,10.310178282,207.559000000,100,1350,1215,48,4
1032,10.320177959,207.559000000,100,1350,1215,48,4
1033,10.330176805,207.559000000,100,1350,1215,48,4
1034,10.340176874,207.559000000,100,1350,1215,48,4
1035,10.350176481,207.559000000,100,1350,1215,48,4
1036,10.360326430,207.559000000,100,1350,1215,48,4
1037,10.370176307,207.559000000,100,1350,1215,48,4
1038,10.380177067,207.559000000,100,1350,1215,48,4
1039,10.390176724,207.559000000,100,1350,1215,48,4
1040,10.400176782,207.559000000,100,1350,1215,48,4
1041,10.410178484,203.591000000,100,1200,1215,48,4
1042,10.420178101,203.591000000,100,1200,1215,49,4
1043,10.430177438,203.591000000,100,1200,1215,49,4
1044,10.440178057,203.591000000,100,1200,1215,49,4
1045,10.450177244,203.591000000,100,1200,1215,49,4
1046,10.460176791,203.591000000,100,1200,1215,49,4
1047,10.470177601,203.591000000,100,1200,1215,49,4
1048,10.480176968,203.591000000,100,1200,1215,49,4
1049,10.490177337,203.591000000,100,1200,1215,49,4
1050,10.500176984,203.591000000,100,1200,1215,49,4
1051,10.510177233,188.531000000,100,1290,1215,48,4
1052,10.520177502,188.531000000,100,1290,1215,48,4
1053,10.530177009,188.531000000,100,1290,1215,48,4
1054,10.540177358,188.531000000,100,1290,1215,48,4
1055,10.550178097,188.531000000,100,1290,1215,48,4
1056,10.560177404,188.531000000,100,1290,1215,48,4
1057,10.570177492,188.531000000,100,1290,1215,48,4
1058,10.580177180,188.531000000,100,1290,1215,48,4
1059,10.590176437,188.531000000,100,1290,1215,48,4
1060,10.600176786,188.531000000,100,1290,1215,48,4
1061,10.610176433,188.531000000,100,1290,1215,48,4
1062,10.620176291,188.531000000,100,1290,1215,48,4
1063,10.630176910,188.531000000,100,1290,1215,48,4
1064,10.640175957,188.531000000,100,1290,1215,48,4
1065,10.650176616,188.531000000,100,1290,1215,48,4
1066,10.660175542,188.531000000,100,1290,1215,48,4
1067,10.670176723,188.531000000,100,1290,1215,48,4
1068,10.680178143,188.531000000,100,1275,1215,48,4
1069,10.690177901,230.884000000,100,1275,1215,48,4
1070,10.700178140,230.884000000,100,1275,1215,49,4
1071,10.710178308,230.884000000,100,1230,1215,49,4
1072,10.720176553,230.884000000,100,1230,1215,49,4
1073,10.730177383,230.884000000,100,1230,1215,49,4
1074,10.740176690,230.884000000,100,1230,1215,49,4
1075,10.750176928,230.884000000,100,1230,1215,49,4
1076,10.760176345,230.884000000,100,1230,1215,49,4
1077,10.770177225,230.884000000,100,1230,1215,49,4
1078,10.780176252,230.884000000,100,1230,1215,49,4
1079,10.790177191,230.884000000,100,1230,1215,49,4
1080,10.800175917,230.884000000,100,1230,1215,49,4
1081,10.810177769,194.883000000,100,1275,1215,49,4
1082,10.820179240,194.883000000,100,1275,1215,48,4
1083,10.830176042,194.883000000,100,1275,1215,48,4
1084,10.840176942,194.883000000,100,1275,1215,48,4
1085,10.850176118,194.883000000,100,1275,1215,48,4
1086,10.860177158,194.883000000,100,1275,1215,48,4
1087,10.870176956,194.883000000,100,1275,1215,48,4
1088,10.880177556,194.883000000,100,1275,1215,48,4
1089,10.890176372,194.883000000,100,1275,1215,48,4
1090,10.900176199,194.883000000,100,1275,1215,48,4
1091,10.910175807,199.395000000,100,1275,1215,49,4
1092,10.920177348,199.395000000,100,1275,1215,49,4
1093,10.930176214,199.395000000,100,1275,1215,49,4
1094,10.940176603,199.395000000,100,1275,1215,49,4
1095,10.950176992,199.395000000,100,1275,1215,49,4
1096,10.960176088,199.395000000,100,1275,1215,49,4
1097,10.970177008,199.395000000,100,1275,1215,49,4
1098,10.980175684,199.395000000,100,1275,1215,49,4
1099,10.990177666,199.395000000,100,1275,1215,49,4
1100,11.000176441,199.395000000,100,1275,1215,49,4
1101,11.010178283,212.657000000,100,1230,1215,49,4
1102,11.020177189,212.657000000,100,1230,1215,48,4
1103,11.030176907,212.657000000,100,1230,1215,48,4
1104,11.040176745,212.657000000,100,1230,1215,48,4
1105,11.050177164,212.657000000,100,1230,1215,48,4
1106,11.060176971,212.657000000,100,1230,1215,48,4
1107,11.070177000,212.657000000,100,1230,1215,48,4
1108,11.080177629,212.657000000,100,1230,1215,48,4
1109,11.090178008,212.657000000,100,1230,1215,48,4
1110,11.100177896,212.657000000,100,1230,1215,48,4
1111,11.110177413,186.396000000,100,1335,1215,49,4
1112,11.120177792,186.396000000,100,1335,1215,49,4
1113,11.130178371,186.396000000,100,1335,1215,49,4
1114,11.140177177,186.396000000,100,1335,1215,49,4
1115,11.150176434,186.396000000,100,1335,1215,49,4
1116,11.160176202,186.396000000,100,1335,1215,49,4
1117,11.170176751,186.396000000,100,1335,1215,49,4
1118,11.180177450,186.396000000,100,1335,1215,49,4
1119,11.190177308,186.396000000,100,1335,1215,49,4
1120,11.200177647,186.396000000,100,1335,1215,49,4
1121,11.210179028,186.396000000,100,1170,1215,49,4
1122,11.220178124,234.431000000,100,1170,1215,48,4
1123,11.230177481,234.431000000,100,1170,1215,48,4
1124,11.240176187,234.431000000,100,1170,1215,48,4
1125,11.250177287,234.431000000,100,1170,1215,48,4
1126,11.260177566,234.431000000,100,1170,1215,48,4
1127,11.270176943,234.431000000,100,1170,1215,48,4
1128,11.280178504,234.431000000,100,1170,1215,48,4
1129,11.290177340,234.431000000,100,1170,1215,48,4
1130,11.300177779,234.431000000,100,1170,1215,48,4
1131,11.310177687,234.431000000,100,1350,1215,48,4
1132,11.320178366,166.319000000,100,1350,1215,49,4
1133,11.330177322,166.319000000,100,1350,1215,49,4
1134,11.340177801,166.319000000,100,1350,1215,49,4
1135,11.350178271,166.319000000,100,1350,1215,49,4
1136,11.360176245,166.319000000,100,1350,1215,49,4
1137,11.370176143,166.319000000,100,1350,1215,49,4
1138,11.380177203,166.319000000,100,1350,1215,49,4
1139,11.390176249,166.319000000,100,1350,1215,49,4
1140,11.400178372,166.319000000,100,1350,1215,49,4
1141,11.410179161,166.319000000,100,1185,1215,49,4
1142,11.420178548,239.684000000,100,1185,1215,49,4
1143,11.430176693,239.684000000,100,1185,1215,49,4
1144,11.440176320,239.684000000,100,1185,1215,49,4
1145,11.450177070,239.684000000,100,1185,1215,49,4
1146,11.460176697,239.684000000,100,1185,1215,49,4
1147,11.470177407,239.684000000,100,1185,1215,49,4
1148,11.480176323,239.684000000,100,1185,1215,49,4
1149,11.490177614,239.684000000,100,1185,1215,49,4
1150,11.500175518,239.684000000,100,1185,1215,49,4
1151,11.510178361,171.130000000,100,1320,1215,48,4
1152,11.520176125,171.130000000,100,1320,1215,48,4
1153,11.530177706,171.130000000,100,1320,1215,48,4
1154,11.540177995,171.130000000,100,1320,1215,48,4
1155,11.550177312,171.130000000,100,1320,1215,48,4
1156,11.560176899,171.130000000,100,1320,1215,48,4
1157,11.570177579,171.130000000,100,1320,1215,48,4
1158,11.580176725,171.130000000,100,1320,1215,48,4
1159,11.590177675,171.130000000,100,1320,1215,48,4
1160,11.600177954,171.130000000,100,1320,1215,48,4
1161,11.610178513,228.383000000,100,1230,1215,49,4
1162,11.620177820,228.383000000,100,1230,1215,49,4
1163,11.630181886,228.383000000,100,1230,1215,49,4
1164,11.640178437,228.383000000,100,1230,1215,49,4
1165,11.650177935,228.383000000,100,1230,1215,49,4
1166,11.660178123,228.383000000,100,1230,1215,49,4
1167,11.670177500,228.383000000,100,1230,1215,49,4
1168,11.680177959,228.383000000,100,1230,1215,49,4
1169,11.690177777,228.383000000,100,1230,1215,49,4
1170,11.700178697,228.383000000,100,1230,1215,49,4
1171,11.710178264,187.916000000,100,1275,1215,48,4
1172,11.720177301,187.916000000,100,1275,1215,48,4
1173,11.730178221,187.916000000,100,1275,1215,48,4
1174,11.740181335,187.916000000,100,1275,1215,48,4
1175,11.750177536,187.916000000,100,1275,1215,48,4
1176,11.760178425,187.916000000,100,1275,1215,48,4
1177,11.770177983,187.916000000,100,1275,1215,48,4
1178,11.780179584,187.916000000,100,1275,1215,48,4
1179,11.790177508,187.916000000,100,1275,1215,48,4
1180,11.800177827,187.916000000,100,1275,1215,48,4
1181,11.810178116,208.146000000,100,1275,1215,49,4
1182,11.820177453,208.146000000,100,1275,1215,49,4
1183,11.830177581,208.146000000,100,1275,1215,49,4
1184,11.840178791,208.146000000,100,1275,1215,49,4
1185,11.850176706,208.146000000,100,1275,1215,49,4
1186,11.860178337,208.146000000,100,1275,1215,49,4
1187,11.870177093,208.146000000,100,1275,1215,49,4
1188,11.880177582,208.146000000,100,1275,1215,49,4
1189,11.890177580,208.146000000,100,1275,1215,49,4
1190,11.900177228,208.146000000,100,1275,1215,49,4
1191,11.910178849,201.784000000,100,1215,1215,48,4
1192,11.920181742,201.784000000,100,1215,1215,48,4
1193,11.930176982,201.784000000,100,1215,1215,48,4
1194,11.940176920,201.784000000,100,1215,1215,48,4
1195,11.950176297,201.784000000,100,1215,1215,48,4
1196,11.960176766,201.784000000,100,1215,1215,48,4
1197,11.970176904,201.784000000,100,1215,1215,48,4
1198,11.980176541,201.784000000,100,1215,1215,48,4
1199,11.990178123,201.784000000,100,1215,1215,48,4
1200,12.000177510,201.784000000,100,1215,1215,48,4
1201,12.010178640,187.659000000,100,1335,1215,50,4
1202,12.020181574,187.659000000,100,1335,1215,50,4
1203,12.030177985,187.659000000,100,1335,1215,50,4
1204,12.040177873,187.659000000,100,1335,1215,50,4
1205,12.050182329,187.659000000,100,1335,1215,50,4
1206,12.060176597,187.659000000,100,1335,1215,50,4
1207,12.070177697,187.659000000,100,1335,1215,50,4
1208,12.080177765,187.659000000,100,1335,1215,50,4
1209,12.090177483,187.659000000,100,1335,1215,50,4
1210,12.100181849,187.659000000,100,1335,1215,50,4
1211,12.110178672,231.961000000,100,1095,1215,48,4
1212,12.120177468,231.961000000,100,1095,1215,48,4
1213,12.130177626,231.961000000,100,1095,1215,48,4
1214,12.140178145,231.961000000,100,1095,1215,48,4
1215,12.150177622,231.961000000,100,1095,1215,48,4
1216,12.160178282,231.961000000,100,1095,1215,48,4
1217,12.170177498,231.961000000,100,1095,1215,48,4
1218,12.180178188,231.961000000,100,1095,1215,48,4
1219,12.190177705,231.961000000,100,1095,1215,48,4
1220,12.200182182,231.961000000,100,1095,1215,48,4
1221,12.210179094,150.645000000,100,1365,1215,49,4
1222,12.220177970,150.645000000,100,1365,1215,49,4
1223,12.230178479,150.645000000,100,1365,1215,49,4
1224,12.240178628,150.645000000,100,1365,1215,49,4
1225,12.250176953,150.645000000,100,1365,1215,49,4
1226,12.260177722,150.645000000,100,1365,1215,49,4
1227,12.270178171,150.645000000,100,1365,1215,49,4
1228,12.280181866,150.645000000,100,1365,1215,49,4
1229,12.290178628,150.645000000,100,1365,1215,49,4
1230,12.300177985,150.645000000,100,1365,1215,49,4
1231,12.310179687,247.022000000,100,1140,1215,48,4
1232,12.320182180,247.022000000,100,1140,1215,48,4
1233,12.330177579,247.022000000,100,1140,1215,48,4
1234,12.340181455,247.022000000,100,1140,1215,48,4
1235,12.350176684,247.022000000,100,1140,1215,48,4
1236,12.360177313,247.022000000,100,1140,1215,48,4
1237,12.370176961,247.022000000,100,1140,1215,48,4
1238,12.380181307,247.022000000,100,1140,1215,48,4
1239,12.390177448,247.022000000,100,1140,1215,48,4
1240,12.400176955,247.022000000,100,1140,1215,48,4
1241,12.410178296,162.397000000,100,1365,1215,48,4
1242,12.420181530,162.397000000,100,1365,1215,48,4
1243,12.430177471,162.397000000,100,1365,1215,48,4
1244,12.440177779,162.397000000,100,1365,1215,48,4
1245,12.450177387,162.397000000,100,1365,1215,48,4
1246,12.460177986,162.397000000,100,1365,1215,48,4
1247,12.470176722,162.397000000,100,1365,1215,48,4
1248,12.480181038,162.397000000,100,1365,1215,48,4
1249,12.490176919,162.397000000,100,1365,1215,48,4
1250,12.500177438,162.397000000,100,1365,1215,48,4
1251,12.510178007,253.394000000,100,1140,1215,49,4
1252,12.520177093,253.394000000,100,1140,1215,49,4
1253,12.530177973,253.394000000,100,1140,1215,49,4
1254,12.540177791,253.394000000,100,1140,1215,49,4
1255,12.550177078,253.394000000,100,1140,1215,49,4
1256,12.560176856,253.394000000,100,1140,1215,49,4
1257,12.570178497,253.394000000,100,1140,1215,49,4
1258,12.580179046,253.394000000,100,1140,1215,49,4
1259,12.590177080,253.394000000,100,1140,1215,49,4
1260,12.600179122,253.394000000,100,1140,1215,49,4
1261,12.610177668,253.394000000,100,1335,1215,49,4
1262,12.620179279,162.010000000,100,1335,1215,48,4
1263,12.630177504,162.010000000,100,1335,1215,48,4
1264,12.640178113,162.010000000,100,1335,1215,48,4
1265,12.650177390,162.010000000,100,1335,1215,48,4
1266,12.660174823,162.010000000,100,1335,1215,48,4
1267,12.670177486,162.010000000,100,1335,1215,48,4
1268,12.680177234,162.010000000,100,1335,1215,48,4
1269,12.690178234,162.010000000,100,1335,1215,48,4
1270,12.700176950,162.010000000,100,1335,1215,48,4
1271,12.710178581,162.010000000,100,1230,1215,48,4
1272,12.720178509,228.458000000,100,1230,1215,50,4
1273,12.730177475,228.458000000,100,1230,1215,50,4
1274,12.740177283,228.458000000,100,1230,1215,50,4
1275,12.750176871,228.458000000,100,1230,1215,50,4
1276,12.760177460,228.458000000,100,1230,1215,50,4
1277,12.770177879,228.458000000,100,1230,1215,50,4
1278,12.780177637,228.458000000,100,1230,1215,50,4
1279,12.790177064,228.458000000,100,1230,1215,50,4
1280,12.800177442,228.458000000,100,1230,1215,50,4
1281,12.810177962,228.458000000,100,1200,1215,50,4
1282,12.820178721,192.781000000,100,1200,1215,48,4
1283,12.830177046,192.781000000,100,1200,1215,48,4
1284,12.840177455,192.781000000,100,1200,1215,48,4
1285,12.850177644,192.781000000,100,1200,1215,48,4
1286,12.860177131,192.781000000,100,1200,1215,48,4
1287,12.870177490,192.781000000,100,1200,1215,48,4
1288,12.880177728,192.781000000,100,1200,1215,48,4
1289,12.890177296,192.781000000,100,1200,1215,48,4
1290,12.900177023,192.781000000,100,1200,1215,48,4
1291,12.910177563,192.781000000,100,1350,1215,48,4
1292,12.920177190,201.239000000,100,1350,1215,50,4
1293,12.930177579,201.239000000,100,1350,1215,50,4
1294,12.940176194,201.239000000,100,1350,1215,50,4
1295,12.950176503,201.239000000,100,1350,1215,50,4
1296,12.960176842,201.239000000,100,1350,1215,50,4
1297,12.970177441,201.239000000,100,1350,1215,50,4
1298,12.980177720,201.239000000,100,1350,1215,50,4
1299,12.990177658,201.239000000,100,1350,1215,50,4
1300,13.000178317,201.239000000,100,1350,1215,50,4
1301,13.010178686,201.239000000,100,1110,1215,50,4
1302,13.020177983,221.052000000,100,1110,1215,48,4
1303,13.030181859,221.052000000,100,1110,1215,48,4
1304,13.040177839,221.052000000,100,1110,1215,48,4
1305,13.050177667,221.052000000,100,1110,1215,48,4
1306,13.060177525,221.052000000,100,1110,1215,48,4
1307,13.070178375,221.052000000,100,1110,1215,48,4
1308,13.080182310,221.052000000,100,1110,1215,48,4
1309,13.090178732,221.052000000,100,1110,1215,48,4
1310,13.100178079,221.052000000,100,1110,1215,48,4
1311,13.110178467,162.063000000,100,1365,1215,49,4
1312,13.120177504,162.063000000,100,1365,1215,49,4
1313,13.130177712,162.063000000,100,1365,1215,49,4
1314,13.140177099,162.063000000,100,1365,1215,49,4
1315,13.150177709,162.063000000,100,1365,1215,49,4
1316,13.160177486,162.063000000,100,1365,1215,49,4
1317,13.170177615,162.063000000,100,1365,1215,49,4
1318,13.180177052,162.063000000,100,1365,1215,49,4
1319,13.190177822,162.063000000,100,1365,1215,49,4
1320,13.200178461,162.063000000,100,1365,1215,49,4
1321,13.210180273,238.126000000,100,1155,1215,49,4
1322,13.220178237,238.126000000,100,1155,1215,49,4
1323,13.230177033,238.126000000,100,1155,1215,49,4
1324,13.240176740,238.126000000,100,1155,1215,49,4
1325,13.250176999,238.126000000,100,1155,1215,49,4
1326,13.260177638,238.126000000,100,1155,1215,49,4
1327,13.270177266,238.126000000,100,1155,1215,49,4
1328,13.280178146,238.126000000,100,1155,1215,49,4
1329,13.290177863,238.126000000,100,1155,1215,49,4
1330,13.300177982,238.126000000,100,1155,1215,49,4
1331,13.310179533,167.727000000,100,1365,1215,49,4
1332,13.320177076,167.727000000,100,1365,1215,49,4
1333,13.330177415,167.727000000,100,1365,1215,49,4
1334,13.340176782,167.727000000,100,1365,1215,49,4
1335,13.350178203,167.727000000,100,1365,1215,49,4
1336,13.360177019,167.727000000,100,1365,1215,49,4
1337,13.370177548,167.727000000,100,1365,1215,49,4
1338,13.380177787,167.727000000,100,1365,1215,49,4
1339,13.390177104,167.727000000,100,1365,1215,49,4
1340,13.400181179,167.727000000,100,1365,1215,49,4
1341,13.410179074,253.679000000,100,1170,1215,49,4
1342,13.420177258,253.679000000,100,1170,1215,49,4
1343,13.430178569,253.679000000,100,1170,1215,49,4
1344,13.440177615,253.679000000,100,1170,1215,49,4
1345,13.450177012,253.679000000,100,1170,1215,49,4
1346,13.460178143,253.679000000,100,1170,1215,49,4
1347,13.470177279,253.679000000,100,1170,1215,49,4
1348,13.480177578,253.679000000,100,1170,1215,49,4
1349,13.490177746,253.679000000,100,1170,1215,49,4
1350,13.500177795,253.679000000,100,1170,1215,49,4
1351,13.510179666,158.536000000,100,1290,1215,48,4
1352,13.520182340,158.536000000,100,1290,1215,48,4
1353,13.530178541,158.536000000,100,1290,1215,48,4
1354,13.540181554,158.536000000,100,1290,1215,48,4
1355,13.550178577,158.536000000,100,1290,1215,48,4
1356,13.560179868,158.536000000,100,1290,1215,48,4
1357,13.570177111,158.536000000,100,1290,1215,48,4
1358,13.580178231,158.536000000,100,1290,1215,48,4
1359,13.590178840,158.536000000,100,1290,1215,48,4
1360,13.600177596,158.536000000,100,1290,1215,48,4
1361,13.610178666,244.490000000,100,1245,1215,50,4
1362,13.620178053,244.490000000,100,1245,1215,50,4
1363,13.630181047,244.490000000,100,1245,1215,50,4
1364,13.640177729,244.490000000,100,1245,1215,50,4
1365,13.650177527,244.490000000,100,1245,1215,50,4
1366,13.660178036,244.490000000,100,1245,1215,50,4
1367,13.670181170,244.490000000,100,1245,1215,50,4
1368,13.680177912,244.490000000,100,1245,1215,50,4
1369,13.690178371,244.490000000,100,1245,1215,50,4
1370,13.700178229,244.490000000,100,1245,1215,50,4
1371,13.710177756,173.988000000,100,1275,1215,48,4
1372,13.720177824,173.988000000,100,1275,1215,48,4
1373,13.730178183,173.988000000,100,1275,1215,48,4
1374,13.740177470,173.988000000,100,1275,1215,48,4
1375,13.750178139,173.988000000,100,1275,1215,48,4
1376,13.760177567,173.988000000,100,1275,1215,48,4
1377,13.770177855,173.988000000,100,1275,1215,48,4
1378,13.780177974,173.988000000,100,1275,1215,48,4
1379,13.790177661,173.988000000,100,1275,1215,48,4
1380,13.800181957,173.988000000,100,1275,1215,48,4
1381,13.811591059,233.182000000,100,1275,1215,50,4
1382,13.820179209,233.182000000,100,1275,1215,50,4
1383,13.830177333,233.182000000,100,1275,1215,50,4
1384,13.840177632,233.182000000,100,1275,1215,50,4
1385,13.850177169,233.182000000,100,1275,1215,50,4
1386,13.860177388,233.182000000,100,1275,1215,50,4
1387,13.870177436,233.182000000,100,1275,1215,50,4
1388,13.880177564,233.182000000,100,1275,1215,50,4
1389,13.890176461,233.182000000,100,1275,1215,50,4
1390,13.900177080,233.182000000,100,1275,1215,50,4
1391,13.910177419,184.875000000,100,1185,1215,48,4
1392,13.920177988,184.875000000,100,1185,1215,48,4
1393,13.930176964,184.875000000,100,1185,1215,48,4
1394,13.940176241,184.875000000,100,1185,1215,48,4
1395,13.950177181,184.875000000,100,1185,1215,48,4
1396,13.960175817,184.875000000,100,1185,1215,48,4
1397,13.970177348,184.875000000,100,1185,1215,48,4
1398,13.980176073,184.875000000,100,1185,1215,48,4
1399,13.990177224,184.875000000,100,1185,1215,48,4
1400,14.000176250,184.875000000,100,1185,1215,48,4
1401,14.010177911,202.723000000,100,1365,1215,50,4
1402,14.020176747,202.723000000,100,1365,1215,50,4
1403,14.030178138,202.723000000,100,1365,1215,50,4
1404,14.040177375,202.723000000,100,1365,1215,50,4
1405,14.050176521,202.723000000,100,1365,1215,50,4
1406,14.060188462,202.723000000,100,1365,1215,50,4
1407,14.070177870,202.723000000,100,1365,1215,50,4
1408,14.080177538,202.723000000,100,1365,1215,50,4
1409,14.090176805,202.723000000,100,1365,1215,50,4
1410,14.100177534,202.723000000,100,1365,1215,50,4
1411,14.110178324,229.333000000,100,1155,1215,49,4
1412,14.120177781,229.333000000,100,1155,1215,49,4
1413,14.130177699,229.333000000,100,1155,1215,49,4
1414,14.140178328,229.333000000,100,1155,1215,49,4
1415,14.150177866,229.333000000,100,1155,1215,49,4
1416,14.160177092,229.333000000,100,1155,1215,49,4
1417,14.170177281,229.333000000,100,1155,1215,49,4
1418,14.180178431,229.333000000,100,1155,1215,49,4
1419,14.190179111,229.333000000,100,1155,1215,49,4
1420,14.200177987,229.333000000,100,1155,1215,49,4
1421,14.210178075,175.560000000,100,1365,1215,49,4
1422,14.220178013,175.560000000,100,1365,1215,49,4
1423,14.230177831,175.560000000,100,1365,1215,49,4
1424,14.240177879,175.560000000,100,1365,1215,49,4
1425,14.250177907,175.560000000,100,1365,1215,49,4
1426,14.260177705,175.560000000,100,1365,1215,49,4
1427,14.270177683,175.560000000,100,1365,1215,49,4
1428,14.280177521,175.560000000,100,1365,1215,49,4
1429,14.290178020,175.560000000,100,1365,1215,49,4
1430,14.300178740,175.560000000,100,1365,1215,49,4
1431,14.310183898,175.560000000,100,1140,1215,49,4
1432,14.320178455,239.397000000,100,1140,1215,49,4
1433,14.330177602,239.397000000,100,1140,1215,49,4
1434,14.340177630,239.397000000,100,1140,1215,49,4
1435,14.350178700,239.397000000,100,1140,1215,49,4
1436,14.360177867,239.397000000,100,1140,1215,49,4
1437,14.370182384,239.397000000,100,1140,1215,49,4
1438,14.380178084,239.397000000,100,1140,1215,49,4
1439,14.390176659,239.397000000,100,1140,1215,49,4
1440,14.400181997,239.397000000,100,1140,1215,49,4
1441,14.410178780,239.397000000,100,1350,1215,49,4
1442,14.420178978,162.988000000,100,1350,1215,48,4
1443,14.430177644,162.988000000,100,1350,1215,48,4
1444,14.440177412,162.988000000,100,1350,1215,48,4
1445,14.450177951,162.988000000,100,1350,1215,48,4
1446,14.460177688,162.988000000,100,1350,1215,48,4
1447,14.470177967,162.988000000,100,1350,1215,48,4
1448,14.480178246,162.988000000,100,1350,1215,48,4
1449,14.490182001,162.988000000,100,1350,1215,48,4
1450,14.500178823,162.988000000,100,1350,1215,48,4
1451,14.510178110,162.988000000,100,1275,1215,48,4
1452,14.520179250,249.596000000,100,1275,1215,50,4
1453,14.530177665,249.596000000,100,1275,1215,50,4
1454,14.540177814,249.596000000,100,1275,1215,50,4
1455,14.550182531,249.596000000,100,1275,1215,50,4
1456,14.560177950,249.596000000,100,1275,1215,50,4
1457,14.570177999,249.596000000,100,1275,1215,50,4
1458,14.580178287,249.596000000,100,1275,1215,50,4
1459,14.590177905,249.596000000,100,1275,1215,50,4
1460,14.600177833,249.596000000,100,1275,1215,50,4
1461,14.610177991,249.596000000,100,1230,1215,50,4
1462,14.620178340,170.883000000,100,1230,1215,48,4
1463,14.630177827,170.883000000,100,1230,1215,48,4
1464,14.640177695,170.883000000,100,1230,1215,48,4
1465,14.650181701,170.883000000,100,1230,1215,48,4
1466,14.660177652,170.883000000,100,1230,1215,48,4
1467,14.670177379,170.883000000,100,1230,1215,48,4
1468,14.680177277,170.883000000,100,1230,1215,48,4
1469,14.690177886,170.883000000,100,1230,1215,48,4
1470,14.700177764,170.883000000,100,1230,1215,48,4
1471,14.710178454,170.883000000,100,1305,1215,48,4
1472,14.720178272,240.688000000,100,1305,1215,50,4
1473,14.730177699,240.688000000,100,1305,1215,50,4
1474,14.740176645,240.688000000,100,1305,1215,50,4
1475,14.750178056,240.688000000,100,1305,1215,50,4
1476,14.760177022,240.688000000,100,1305,1215,50,4
1477,14.770178623,240.688000000,100,1305,1215,50,4
1478,14.780177670,240.688000000,100,1305,1215,50,4
1479,14.790177027,240.688000000,100,1305,1215,50,4
1480,14.800177385,240.688000000,100,1305,1215,50,4
1481,14.810182383,179.603000000,100,1170,1215,50,4
1482,14.820178414,179.603000000,100,1170,1215,48,4
1483,14.830178051,179.603000000,100,1170,1215,48,4
1484,14.840182047,179.603000000,100,1170,1215,48,4
1485,14.850177496,179.603000000,100,1170,1215,48,4
1486,14.860177174,179.603000000,100,1170,1215,48,4
1487,14.870177242,179.603000000,100,1170,1215,48,4
1488,14.880177932,179.603000000,100,1170,1215,48,4
1489,14.890177719,179.603000000,100,1170,1215,48,4
1490,14.900178409,179.603000000,100,1170,1215,48,4
1491,14.910177836,211.288000000,100,1365,1215,50,4
1492,14.920177313,211.288000000,100,1365,1215,50,4
1493,14.930177782,211.288000000,100,1365,1215,50,4
1494,14.940177189,211.288000000,100,1365,1215,50,4
1495,14.950176697,211.288000000,100,1365,1215,50,4
1496,14.960177396,211.288000000,100,1365,1215,50,4
1497,14.970177645,211.288000000,100,1365,1215,50,4
1498,14.980177012,211.288000000,100,1365,1215,50,4
1499,14.990178012,211.288000000,100,1365,1215,50,4
1500,15.000177860,211.288000000,100,1365,1215,50,4
1501,15.010181825,211.967000000,100,1095,1215,49,4
1502,15.020179249,211.967000000,100,1095,1215,49,4
1503,15.030177493,211.967000000,100,1095,1215,49,4
1504,15.040176780,211.967000000,100,1095,1215,49,4
1505,15.050177660,211.967000000,100,1095,1215,49,4
1506,15.060181746,211.967000000,100,1095,1215,49,4
1507,15.070178257,211.967000000,100,1095,1215,49,4
1508,15.080178326,211.967000000,100,1095,1215,49,4
1509,15.090177753,211.967000000,100,1095,1215,49,4
1510,15.100177210,211.967000000,100,1095,1215,49,4
1511,15.110178160,184.971000000,100,1365,1215,49,4
1512,15.120177627,184.971000000,100,1365,1215,49,4
1513,15.130181553,184.971000000,100,1365,1215,49,4
1514,15.140177704,184.971000000,100,1365,1215,49,4
1515,15.150177892,184.971000000,100,1365,1215,49,4
1516,15.160178301,184.971000000,100,1365,1215,49,4
1517,15.170177788,184.971000000,100,1365,1215,49,4
1518,15.180177316,184.971000000,100,1365,1215,49,4
1519,15.190177424,184.971000000,100,1365,1215,49,4
1520,15.200177833,184.971000000,100,1365,1215,49,4
1521,15.210177661,225.799000000,100,1140,1215,49,4
1522,15.220178250,225.799000000,100,1140,1215,49,4
1523,15.230180943,225.799000000,100,1140,1215,49,4
1524,15.240177936,225.799000000,100,1140,1215,49,4
1525,15.250177513,225.799000000,100,1140,1215,49,4
1526,15.260178673,225.799000000,100,1140,1215,49,4
1527,15.270181908,225.799000000,100,1140,1215,49,4
1528,15.280177958,225.799000000,100,1140,1215,49,4
1529,15.290177616,225.799000000,100,1140,1215,49,4
1530,15.300177284,225.799000000,100,1140,1215,49,4
1531,15.310177612,163.863000000,100,1365,1215,49,4
1532,15.320181508,163.863000000,100,1365,1215,49,4
1533,15.330177989,163.863000000,100,1365,1215,49,4
1534,15.340177557,163.863000000,100,1365,1215,49,4
1535,15.350177755,163.863000000,100,1365,1215,49,4
1536,15.360177252,163.863000000,100,1365,1215,49,4
1537,15.370182130,163.863000000,100,1365,1215,49,4
1538,15.380178331,163.863000000,100,1365,1215,49,4
1539,15.390181906,163.863000000,100,1365,1215,49,4
1540,15.400178387,163.863000000,100,1365,1215,49,4
1541,15.410182473,243.020000000,100,1200,1215,50,4
1542,15.420177672,243.020000000,100,1200,1215,50,4
1543,15.430177500,243.020000000,100,1200,1215,50,4
1544,15.440176787,243.020000000,100,1200,1215,50,4
1545,15.450178128,243.020000000,100,1200,1215,50,4
1546,15.460177905,243.020000000,100,1200,1215,50,4
1547,15.470177543,243.020000000,100,1200,1215,50,4
1548,15.480177261,243.020000000,100,1200,1215,50,4
1549,15.490177229,243.020000000,100,1200,1215,50,4
1550,15.500177177,243.020000000,100,1200,1215,50,4
1551,15.510179930,153.352000000,100,1290,1215,48,4
1552,15.520177744,153.352000000,100,1290,1215,48,4
1553,15.530177191,153.352000000,100,1290,1215,48,4
1554,15.540178151,153.352000000,100,1290,1215,48,4
1555,15.550177368,153.352000000,100,1290,1215,48,4
1556,15.560178198,153.352000000,100,1290,1215,48,4
1557,15.570182704,153.352000000,100,1290,1215,48,4
1558,15.580178384,153.352000000,100,1290,1215,48,4
1559,15.590181138,153.352000000,100,1290,1215,48,4
1560,15.600177629,153.352000000,100,1290,1215,48,4
1561,15.610178459,253.158000000,100,1245,1215,50,4
1562,15.620179028,253.158000000,100,1245,1215,50,4
1563,15.630176882,253.158000000,100,1245,1215,50,4
1564,15.640178023,253.158000000,100,1245,1215,50,4
1565,15.650178121,253.158000000,100,1245,1215,50,4
1566,15.660177348,253.158000000,100,1245,1215,50,4
1567,15.670178027,253.158000000,100,1245,1215,50,4
1568,15.680177414,253.158000000,100,1245,1215,50,4
1569,15.690181921,253.158000000,100,1245,1215,50,4
1570,15.700181147,253.158000000,100,1245,1215,50,4
1571,15.710178541,158.633000000,100,1230,1215,48,4
1572,15.720181825,158.633000000,100,1230,1215,48,4
1573,15.730178677,158.633000000,100,1230,1215,48,4
1574,15.740177824,158.633000000,100,1230,1215,48,4
1575,15.750178223,158.633000000,100,1230,1215,48,4
1576,15.760177019,158.633000000,100,1230,1215,48,4
1577,15.770182708,158.633000000,100,1230,1215,48,4
1578,15.780177867,158.633000000,100,1230,1215,48,4
1579,15.790177985,158.633000000,100,1230,1215,48,4
1580,15.800177813,158.633000000,100,1230,1215,48,4
1581,15.810178372,239.648000000,100,1320,1215,50,4
1582,15.820178080,239.648000000,100,1320,1215,50,4
1583,15.830177928,239.648000000,100,1320,1215,50,4
1584,15.840177946,239.648000000,100,1320,1215,50,4
1585,15.850178224,239.648000000,100,1320,1215,50,4
1586,15.860177732,239.648000000,100,1320,1215,50,4
1587,15.870178020,239.648000000,100,1320,1215,50,4
1588,15.880178109,239.648000000,100,1320,1215,50,4
1589,15.890178377,239.648000000,100,1320,1215,50,4
1590,15.900177274,239.648000000,100,1320,1215,50,4
1591,15.910178474,172.933000000,100,1125,1215,50,4
1592,15.920177601,172.933000000,100,1125,1215,48,4
1593,15.930177108,172.933000000,100,1125,1215,48,4
1594,15.940176986,172.933000000,100,1125,1215,48,4
1595,15.950177385,172.933000000,100,1125,1215,48,4
1596,15.960176301,172.933000000,100,1125,1215,48,4
1597,15.970176920,172.933000000,100,1125,1215,48,4
1598,15.980177399,172.933000000,100,1125,1215,48,4
1599,15.990177417,172.933000000,100,1125,1215,48,4
1600,16.000177686,172.933000000,100,1125,1215,48,4
1601,16.010178576,198.607000000,100,1365,1215,49,4
1602,16.020179987,198.607000000,100,1365,1215,49,4
1603,16.030182299,198.607000000,100,1365,1215,49,4
1604,16.040177999,198.607000000,100,1365,1215,49,4
1605,16.050179961,198.607000000,100,1365,1215,49,4
1606,16.060177915,198.607000000,100,1365,1215,49,4
1607,16.070177934,198.607000000,100,1365,1215,49,4
1608,16.080177601,198.607000000,100,1365,1215,49,4
1609,16.090177339,198.607000000,100,1365,1215,49,4
1610,16.100177958,198.607000000,100,1365,1215,49,4
1611,16.110182174,198.607000000,100,1155,1215,49,4
1612,16.120301025,199.164000000,100,1155,1215,49,4
1613,16.130177342,199.164000000,100,1155,1215,49,4
1614,16.140176969,199.164000000,100,1155,1215,49,4
1615,16.150176697,199.164000000,100,1155,1215,49,4
1616,16.160177607,199.164000000,100,1155,1215,49,4
1617,16.170177965,199.164000000,100,1155,1215,49,4
1618,16.180181190,199.164000000,100,1155,1215,49,4
1619,16.190182480,199.164000000,100,1155,1215,49,4
1620,16.200177709,199.164000000,100,1155,1215,49,4
1621,16.210178980,199.164000000,100,1350,1215,49,4
1622,16.220180250,191.005000000,100,1350,1215,49,4
1623,16.230178025,191.005000000,100,1350,1215,49,4
1624,16.240371666,191.005000000,100,1350,1215,49,4
1625,16.250177530,191.005000000,100,1350,1215,49,4
1626,16.260177197,191.005000000,100,1350,1215,49,4
1627,16.270178187,191.005000000,100,1350,1215,49,4
1628,16.280177424,191.005000000,100,1350,1215,49,4
1629,16.290177913,191.005000000,100,1350,1215,49,4
1630,16.300177861,191.005000000,100,1350,1215,49,4
1631,16.310177609,191.005000000,100,1215,1215,49,4
1632,16.320178138,230.307000000,100,1215,1215,49,4
1633,16.330176764,230.307000000,100,1215,1215,49,4
1634,16.340177363,230.307000000,100,1215,1215,49,4
1635,16.350176940,230.307000000,100,1215,1215,49,4
1636,16.360177710,230.307000000,100,1215,1215,49,4
1637,16.370176736,230.307000000,100,1215,1215,49,4
1638,16.380176915,230.307000000,100,1215,1215,49,4
1639,16.390177314,230.307000000,100,1215,1215,49,4
1640,16.400177773,230.307000000,100,1215,1215,49,4
1641,16.410178422,230.307000000,100,1230,1215,49,4
1642,16.420178992,153.581000000,100,1230,1215,48,4
1643,16.430177998,153.581000000,100,1230,1215,48,4
1644,16.440178256,153.581000000,100,1230,1215,48,4
1645,16.450178215,153.581000000,100,1230,1215,48,4
1646,16.460177491,153.581000000,100,1230,1215,48,4
1647,16.470177550,153.581000000,100,1230,1215,48,4
1648,16.480177378,153.581000000,100,1230,1215,48,4
1649,16.490176995,153.581000000,100,1230,1215,48,4
1650,16.500177244,153.581000000,100,1230,1215,48,4
1651,16.510177332,242.649000000,100,1305,1215,50,4
1652,16.520177851,242.649000000,100,1305,1215,50,4
1653,16.530177659,242.649000000,100,1305,1215,50,4
1654,16.540177126,242.649000000,100,1305,1215,50,4
1655,16.550181933,242.649000000,100,1305,1215,50,4
1656,16.560177213,242.649000000,100,1305,1215,50,4
1657,16.570177812,242.649000000,100,1305,1215,50,4
1658,16.580178501,242.649000000,100,1305,1215,50,4
1659,16.590180924,242.649000000,100,1305,1215,50,4
1660,16.600178648,242.649000000,100,1305,1215,50,4
1661,16.610179197,163.527000000,100,1185,1215,50,4
1662,16.620178123,163.527000000,100,1185,1215,49,4
1663,16.630177140,163.527000000,100,1185,1215,49,4
1664,16.640178110,163.527000000,100,1185,1215,49,4
1665,16.650178168,163.527000000,100,1185,1215,49,4
1666,16.660177415,163.527000000,100,1185,1215,49,4
1667,16.670178675,163.527000000,100,1185,1215,49,4
1668,16.680367668,163.527000000,100,1185,1215,49,4
1669,16.690177840,163.527000000,100,1185,1215,49,4
1670,16.700176696,163.527000000,100,1185,1215,49,4
1671,16.710177395,232.493000000,100,1350,1215,50,4
1672,16.720176802,232.493000000,100,1350,1215,50,4
1673,16.730177512,232.493000000,100,1350,1215,50,4
1674,16.740176618,232.493000000,100,1350,1215,50,4
1675,16.750176216,232.493000000,100,1350,1215,50,4
1676,16.760176845,232.493000000,100,1350,1215,50,4
1677,16.770176653,232.493000000,100,1350,1215,50,4
1678,16.780176822,232.493000000,100,1350,1215,50,4
1679,16.790176970,232.493000000,100,1350,1215,50,4
1680,16.800177379,232.493000000,100,1350,1215,50,4
1681,16.810177547,170.725000000,100,1125,1215,50,4
1682,16.820178778,170.725000000,100,1125,1215,49,4
1683,16.830178095,170.725000000,100,1125,1215,49,4
1684,16.840177852,170.725000000,100,1125,1215,49,4
1685,16.850177881,170.725000000,100,1125,1215,49,4
1686,16.860177368,170.725000000,100,1125,1215,49,4
1687,16.870178087,170.725000000,100,1125,1215,49,4
1688,16.880178025,170.725000000,100,1125,1215,49,4
1689,16.890178244,170.725000000,100,1125,1215,49,4
1690,16.900176729,170.725000000,100,1125,1215,49,4
1691,16.910178821,215.859000000,100,1365,1215,49,4
1692,16.920177768,215.859000000,100,1365,1215,49,4
1693,16.930177155,215.859000000,100,1365,1215,49,4
1694,16.940176151,215.859000000,100,1365,1215,49,4
1695,16.950176600,215.859000000,100,1365,1215,49,4
1696,16.960176538,215.859000000,100,1365,1215,49,4
1697,16.970177538,215.859000000,100,1365,1215,49,4
1698,16.980176354,215.859000000,100,1365,1215,49,4
1699,16.990177284,215.859000000,100,1365,1215,49,4
1700,17.000177172,215.859000000,100,1365,1215,49,4
1701,17.010177821,187.716000000,100,1170,1215,49,4
1702,17.020177950,187.716000000,100,1170,1215,49,4
1703,17.030176786,187.716000000,100,1170,1215,49,4
1704,17.040178347,187.716000000,100,1170,1215,49,4
1705,17.050176842,187.716000000,100,1170,1215,49,4
1706,17.060177712,187.716000000,100,1170,1215,49,4
1707,17.070178612,187.716000000,100,1170,1215,49,4
1708,17.080178790,187.716000000,100,1170,1215,49,4
1709,17.090178037,187.716000000,100,1170,1215,49,4
1710,17.100181502,187.716000000,100,1170,1215,49,4
1711,17.110179005,202.286000000,100,1350,1215,49,4
1712,17.120178482,202.286000000,100,1350,1215,49,4
1713,17.130177659,202.286000000,100,1350,1215,49,4
1714,17.140177968,202.286000000,100,1350,1215,49,4
1715,17.150177315,202.286000000,100,1350,1215,49,4
1716,17.160177774,202.286000000,100,1350,1215,49,4
1717,17.170177892,202.286000000,100,1350,1215,49,4
1718,17.180177550,202.286000000,100,1350,1215,49,4
1719,17.190176696,202.286000000,100,1350,1215,49,4
1720,17.200177185,202.286000000,100,1350,1215,49,4
1721,17.210178426,200.336000000,100,1170,1215,49,4
1722,17.220178905,200.336000000,100,1170,1215,49,4
1723,17.230177500,200.336000000,100,1170,1215,49,4
1724,17.240177418,200.336000000,100,1170,1215,49,4
1725,17.250177126,200.336000000,100,1170,1215,49,4
1726,17.260180991,200.336000000,100,1170,1215,49,4
1727,17.270181521,200.336000000,100,1170,1215,49,4
1728,17.280177141,200.336000000,100,1170,1215,49,4
1729,17.290176648,200.336000000,100,1170,1215,49,4
1730,17.300177327,200.336000000,100,1170,1215,49,4
1731,17.310177726,182.184000000,100,1335,1215,49,4
1732,17.320177093,182.184000000,100,1335,1215,49,4
1733,17.330177252,182.184000000,100,1335,1215,49,4
1734,17.340176228,182.184000000,100,1335,1215,49,4
1735,17.350176487,182.184000000,100,1335,1215,49,4
1736,17.360178018,182.184000000,100,1335,1215,49,4
1737,17.370175241,182.184000000,100,1335,1215,49,4
1738,17.380177683,182.184000000,100,1335,1215,49,4
1739,17.390177421,182.184000000,100,1335,1215,49,4
1740,17.400177609,182.184000000,100,1335,1215,49,4
1741,17.410178459,234.027000000,100,1215,1215,49,4
1742,17.420178618,234.027000000,100,1215,1215,50,4
1743,17.430177414,234.027000000,100,1215,1215,50,4
1744,17.440178454,234.027000000,100,1215,1215,50,4
1745,17.450178262,234.027000000,100,1215,1215,50,4
1746,17.460177158,234.027000000,100,1215,1215,50,4
1747,17.470177206,234.027000000,100,1215,1215,50,4
1748,17.480177535,234.027000000,100,1215,1215,50,4
1749,17.490176922,234.027000000,100,1215,1215,50,4
1750,17.500177842,234.027000000,100,1215,1215,50,4
1751,17.510177609,176.036000000,100,1290,1215,50,4
1752,17.520178930,176.036000000,100,1290,1215,49,4
1753,17.530177315,176.036000000,100,1290,1215,49,4
1754,17.540177914,176.036000000,100,1290,1215,49,4
1755,17.550178053,176.036000000,100,1290,1215,49,4
1756,17.560178532,176.036000000,100,1290,1215,49,4
1757,17.570178460,176.036000000,100,1290,1215,49,4
1758,17.580177837,176.036000000,100,1290,1215,49,4
1759,17.590177625,176.036000000,100,1290,1215,49,4
1760,17.600182432,176.036000000,100,1290,1215,49,4
1761,17.610179384,176.036000000,100,1275,1215,49,4
1762,17.620178661,236.843000000,100,1275,1215,50,4
1763,17.630177347,236.843000000,100,1275,1215,50,4
1764,17.640177445,236.843000000,100,1275,1215,50,4
1765,17.650176431,236.843000000,100,1275,1215,50,4
1766,17.660177762,236.843000000,100,1275,1215,50,4
1767,17.670176989,236.843000000,100,1275,1215,50,4
1768,17.680177578,236.843000000,100,1275,1215,50,4
1769,17.690179059,236.843000000,100,1275,1215,50,4
1770,17.700176743,236.843000000,100,1275,1215,50,4
1771,17.710176140,236.843000000,100,1200,1215,50,4
1772,17.720180536,158.922000000,100,1200,1215,48,4
1773,17.730178341,158.922000000,100,1200,1215,48,4
1774,17.740177377,158.922000000,100,1200,1215,48,4
1775,17.750177555,158.922000000,100,1200,1215,48,4
1776,17.760177994,158.922000000,100,1200,1215,48,4
1777,17.770182260,158.922000000,100,1200,1215,48,4
1778,17.780178281,158.922000000,100,1200,1215,48,4
1779,17.790176967,158.922000000,100,1200,1215,48,4
1780,17.800177306,158.922000000,100,1200,1215,48,4
1781,17.810179017,158.922000000,100,1365,1215,48,4
1782,17.820179085,250.549000000,100,1365,1215,50,4
1783,17.830177190,250.549000000,100,1365,1215,50,4
1784,17.840176777,250.549000000,100,1365,1215,50,4
1785,17.850178088,250.549000000,100,1365,1215,50,4
1786,17.860178267,250.549000000,100,1365,1215,50,4
1787,17.870178355,250.549000000,100,1365,1215,50,4
1788,17.880177321,250.549000000,100,1365,1215,50,4
1789,17.890176898,250.549000000,100,1365,1215,50,4
1790,17.900177418,250.549000000,100,1365,1215,50,4
1791,17.910177566,250.549000000,100,1140,1215,50,4
1792,17.920177795,166.602000000,100,1140,1215,49,4
1793,17.930175949,166.602000000,100,1140,1215,49,4
1794,17.940176689,166.602000000,100,1140,1215,49,4
1795,17.950174914,166.602000000,100,1140,1215,49,4
1796,17.960176745,166.602000000,100,1140,1215,49,4
1797,17.970177094,166.602000000,100,1140,1215,49,4
1798,17.980180839,166.602000000,100,1140,1215,49,4
1799,17.990177131,166.602000000,100,1140,1215,49,4
1800,18.000181667,166.602000000,100,1140,1215,49,4
1801,18.010178930,244.984000000,100,1365,1215,49,4
1802,18.020178758,244.984000000,100,1365,1215,50,4
1803,18.030177324,244.984000000,100,1365,1215,50,4
1804,18.040177242,244.984000000,100,1365,1215,50,4
1805,18.050177651,244.984000000,100,1365,1215,50,4
1806,18.060176627,244.984000000,100,1365,1215,50,4
1807,18.070177607,244.984000000,100,1365,1215,50,4
1808,18.080181342,244.984000000,100,1365,1215,50,4
1809,18.090177383,244.984000000,100,1365,1215,50,4
1810,18.100176419,244.984000000,100,1365,1215,50,4
1811,18.110177990,167.698000000,100,1125,1215,49,4
1812,18.120177838,167.698000000,100,1125,1215,49,4
1813,18.130177726,167.698000000,100,1125,1215,49,4
1814,18.140177544,167.698000000,100,1125,1215,49,4
1815,18.150176490,167.698000000,100,1125,1215,49,4
1816,18.160177380,167.698000000,100,1125,1215,49,4
1817,18.170177118,167.698000000,100,1125,1215,49,4
1818,18.180177016,167.698000000,100,1125,1215,49,4
1819,18.190177324,167.698000000,100,1125,1215,49,4
1820,18.200177844,167.698000000,100,1125,1215,49,4
1821,18.210178984,229.746000000,100,1365,1215,50,4
1822,18.220178381,229.746000000,100,1365,1215,50,4
1823,18.230178048,229.746000000,100,1365,1215,50,4
1824,18.240177776,229.746000000,100,1365,1215,50,4
1825,18.250177183,229.746000000,100,1365,1215,50,4
1826,18.260178213,229.746000000,100,1365,1215,50,4
1827,18.270180836,229.746000000,100,1365,1215,50,4
1828,18.280178170,229.746000000,100,1365,1215,50,4
1829,18.290181143,229.746000000,100,1365,1215,50,4
1830,18.300183296,229.746000000,100,1365,1215,50,4
1831,18.310179406,194.353000000,100,1185,1215,50,4
1832,18.320177611,194.353000000,100,1185,1215,50,4
1833,18.330177419,194.353000000,100,1185,1215,50,4
1834,18.340182146,194.353000000,100,1185,1215,50,4
1835,18.350177676,194.353000000,100,1185,1215,50,4
1836,18.360176672,194.353000000,100,1185,1215,50,4
1837,18.370178534,194.353000000,100,1185,1215,50,4
1838,18.380178191,194.353000000,100,1185,1215,50,4
1839,18.390177508,194.353000000,100,1185,1215,50,4
1840,18.400177737,194.353000000,100,1185,1215,50,4
1841,18.410179047,200.932000000,100,1320,1215,49,4
1842,18.420182843,200.932000000,100,1320,1215,49,4
1843,18.430178072,200.932000000,100,1320,1215,49,4
1844,18.440174624,200.932000000,100,1320,1215,49,4
1845,18.450177347,200.932000000,100,1320,1215,49,4
1846,18.460177405,200.932000000,100,1320,1215,49,4
1847,18.470176993,200.932000000,100,1320,1215,49,4
1848,18.480181509,200.932000000,100,1320,1215,49,4
1849,18.490178081,200.932000000,100,1320,1215,49,4
1850,18.500177628,200.932000000,100,1320,1215,49,4
1851,18.510179660,213.920000000,100,1230,1215,49,4
1852,18.520178607,213.920000000,100,1230,1215,50,4
1853,18.530177693,213.920000000,100,1230,1215,50,4
1854,18.540177260,213.920000000,100,1230,1215,50,4
1855,18.550177369,213.920000000,100,1230,1215,50,4
1856,18.560177998,213.920000000,100,1230,1215,50,4
1857,18.570177776,213.920000000,100,1230,1215,50,4
1858,18.580178085,213.920000000,100,1230,1215,50,4
1859,18.590177672,213.920000000,100,1230,1215,50,4
1860,18.600177700,213.920000000,100,1230,1215,50,4
1861,18.610178350,213.920000000,100,1245,1215,50,4
1862,18.620178768,172.761000000,100,1245,1215,49,4
1863,18.630177214,172.761000000,100,1245,1215,49,4
1864,18.640177262,172.761000000,100,1245,1215,49,4
1865,18.650177501,172.761000000,100,1245,1215,49,4
1866,18.660176898,172.761000000,100,1245,1215,49,4
1867,18.670177066,172.761000000,100,1245,1215,49,4
1868,18.680178407,172.761000000,100,1245,1215,49,4
1869,18.690178435,172.761000000,100,1245,1215,49,4
1870,18.700181309,172.761000000,100,1245,1215,49,4
1871,18.710177479,172.761000000,100,1245,1215,49,4
1872,18.720176726,250.843000000,100,1335,1215,50,4
1873,18.730177766,250.843000000,100,1335,1215,50,4
1874,18.740176963,250.843000000,100,1335,1215,50,4
1875,18.750177462,250.843000000,100,1335,1215,50,4
1876,18.760176318,250.843000000,100,1335,1215,50,4
1877,18.770177689,250.843000000,100,1335,1215,50,4
1878,18.780177256,250.843000000,100,1335,1215,50,4
1879,18.790181132,250.843000000,100,1335,1215,50,4
1880,18.800178715,250.843000000,100,1335,1215,50,4
1881,18.810177792,250.843000000,100,1335,1215,50,4
1882,18.820178451,166.066000000,100,1185,1215,49,4
1883,18.830177117,166.066000000,100,1185,1215,49,4
1884,18.840177065,166.066000000,100,1185,1215,49,4
1885,18.850177915,166.066000000,100,1185,1215,49,4
1886,18.860177131,166.066000000,100,1185,1215,49,4
1887,18.870178152,166.066000000,100,1185,1215,49,4
1888,18.880177539,166.066000000,100,1185,1215,49,4
1889,18.890178739,166.066000000,100,1185,1215,49,4
1890,18.900178086,166.066000000,100,1185,1215,49,4
1891,18.910177052,166.066000000,100,1185,1215,49,4
1892,18.920178633,248.817000000,100,1350,1215,50,4
1893,18.930176548,248.817000000,100,1350,1215,50,4
1894,18.940176546,248.817000000,100,1350,1215,50,4
1895,18.950176704,248.817000000,100,1350,1215,50,4
1896,18.960177303,248.817000000,100,1350,1215,50,4
1897,18.970176871,248.817000000,100,1350,1215,50,4
1898,18.980177570,248.817000000,100,1350,1215,50,4
1899,18.990176456,248.817000000,100,1350,1215,50,4
1900,19.000177627,248.817000000,100,1350,1215,50,4
1901,19.010178767,248.817000000,100,1140,1215,50,4
1902,19.020178665,162.987000000,100,1140,1215,49,4
1903,19.030177140,162.987000000,100,1140,1215,49,4
1904,19.040177389,162.987000000,100,1140,1215,49,4
1905,19.050177898,162.987000000,100,1140,1215,49,4
1906,19.060177365,162.987000000,100,1140,1215,49,4
1907,19.070178075,162.987000000,100,1140,1215,49,4
1908,19.080177792,162.987000000,100,1140,1215,49,4
1909,19.090177751,162.987000000,100,1140,1215,49,4
1910,19.100176897,162.987000000,100,1140,1215,49,4
1911,19.110182997,162.987000000,100,1350,1215,49,4
1912,19.120176182,239.889000000,100,1350,1215,50,4
1913,19.130178044,239.889000000,100,1350,1215,50,4
1914,19.140178012,239.889000000,100,1350,1215,50,4
1915,19.150177118,239.889000000,100,1350,1215,50,4
1916,19.160177788,239.889000000,100,1350,1215,50,4
1917,19.170177626,239.889000000,100,1350,1215,50,4
1918,19.180181611,239.889000000,100,1350,1215,50,4
1919,19.190178213,239.889000000,100,1350,1215,50,4
1920,19.200177510,239.889000000,100,1350,1215,50,4
1921,19.210181856,239.889000000,100,1350,1215,50,4
1922,19.220178688,176.847000000,100,1140,1215,50,4
1923,19.230178526,176.847000000,100,1140,1215,50,4
1924,19.240177052,176.847000000,100,1140,1215,50,4
1925,19.250182250,176.847000000,100,1140,1215,50,4
1926,19.260177619,176.847000000,100,1140,1215,50,4
1927,19.270177868,176.847000000,100,1140,1215,50,4
1928,19.280176894,176.847000000,100,1140,1215,50,4
1929,19.290177614,176.847000000,100,1140,1215,50,4
1930,19.300177221,176.847000000,100,1140,1215,50,4
1931,19.310177800,176.847000000,100,1320,1215,50,4
1932,19.320178750,176.847000000,100,1320,1215,49,4
1933,19.330177526,176.847000000,100,1320,1215,49,4
1934,19.340178286,176.847000000,100,1320,1215,49,4
1935,19.350176881,176.847000000,100,1320,1215,49,4
1936,19.360181338,176.847000000,100,1320,1215,49,4
1937,19.370178130,176.847000000,100,1320,1215,49,4
1938,19.380181565,176.847000000,100,1320,1215,49,4
1939,19.390177816,176.847000000,100,1320,1215,49,4
1940,19.400177503,176.847000000,100,1320,1215,49,4
1941,19.410179085,176.847000000,100,1215,1215,49,4
1942,19.420177680,231.864000000,100,1215,1215,49,4
1943,19.430177558,231.864000000,100,1215,1215,49,4
1944,19.440181854,231.864000000,100,1215,1215,49,4
1945,19.450178266,231.864000000,100,1215,1215,49,4
1946,19.460177212,231.864000000,100,1215,1215,49,4
1947,19.470177591,231.864000000,100,1215,1215,49,4
1948,19.480181116,231.864000000,100,1215,1215,49,4
1949,19.490176946,231.864000000,100,1215,1215,49,4
1950,19.500177625,231.864000000,100,1215,1215,49,4
1951,19.510178685,231.864000000,100,1275,1215,49,4
1952,19.520177672,178.876000000,100,1275,1215,49,4
1953,19.530178662,178.876000000,100,1275,1215,49,4
1954,19.540178750,178.876000000,100,1275,1215,49,4
1955,19.550178157,178.876000000,100,1275,1215,49,4
1956,19.560178346,178.876000000,100,1275,1215,49,4
1957,19.570177943,178.876000000,100,1275,1215,49,4
1958,19.580178172,178.876000000,100,1275,1215,49,4
1959,19.590177889,178.876000000,100,1275,1215,49,4
1960,19.600177527,178.876000000,100,1275,1215,49,4
1961,19.610178176,214.598000000,100,1305,1215,49,4
1962,19.620178245,214.598000000,100,1305,1215,50,4
1963,19.630178313,214.598000000,100,1305,1215,50,4
1964,19.640178261,214.598000000,100,1305,1215,50,4
1965,19.650178009,214.598000000,100,1305,1215,50,4
1966,19.660177356,214.598000000,100,1305,1215,50,4
1967,19.670176873,214.598000000,100,1305,1215,50,4
1968,19.680177913,214.598000000,100,1305,1215,50,4
1969,19.690178041,214.598000000,100,1305,1215,50,4
1970,19.700177669,214.598000000,100,1305,1215,50,4
1971,19.710179601,219.744000000,100,1215,1215,49,4
1972,19.720178457,219.744000000,100,1215,1215,49,4
1973,19.730177703,219.744000000,100,1215,1215,49,4
1974,19.740181729,219.744000000,100,1215,1215,49,4
1975,19.750178191,219.744000000,100,1215,1215,49,4
1976,19.760178379,219.744000000,100,1215,1215,49,4
1977,19.770177786,219.744000000,100,1215,1215,49,4
1978,19.780181672,219.744000000,100,1215,1215,49,4
1979,19.790177492,219.744000000,100,1215,1215,49,4
1980,19.800178622,219.744000000,100,1215,1215,49,4
1981,19.810179412,182.435000000,100,1320,1215,49,4
1982,19.820178328,182.435000000,100,1320,1215,50,4
1983,19.830177885,182.435000000,100,1320,1215,50,4
1984,19.840178024,182.435000000,100,1320,1215,50,4
1985,19.850178433,182.435000000,100,1320,1215,50,4
1986,19.860178551,182.435000000,100,1320,1215,50,4
1987,19.870177608,182.435000000,100,1320,1215,50,4
1988,19.880177696,182.435000000,100,1320,1215,50,4
1989,19.890177734,182.435000000,100,1320,1215,50,4
1990,19.900177762,182.435000000,100,1320,1215,50,4
1991,19.910178622,228.497000000,100,1155,1215,49,4
1992,19.920178630,228.497000000,100,1155,1215,49,4
1993,19.930177597,228.497000000,100,1155,1215,49,4
1994,19.940176914,228.497000000,100,1155,1215,49,4
1995,19.950177813,228.497000000,100,1155,1215,49,4
1996,19.960176359,228.497000000,100,1155,1215,49,4
1997,19.970178471,228.497000000,100,1155,1215,49,4
1998,19.980178389,228.497000000,100,1155,1215,49,4
1999,19.990178688,228.497000000,100,1155,1215,49,4
2000,20.000176642,228.497000000,100,1155,1215,49,4
2001,20.010177963,162.788000000,100,1365,1215,49,4
2002,20.020179203,162.788000000,100,1365,1215,50,4
2003,20.030177338,162.788000000,100,1365,1215,50,4
2004,20.040177276,162.788000000,100,1365,1215,50,4
2005,20.050177845,162.788000000,100,1365,1215,50,4
2006,20.060177553,162.788000000,100,1365,1215,50,4
2007,20.070177200,162.788000000,100,1365,1215,50,4
2008,20.080176828,162.788000000,100,1365,1215,50,4
2009,20.090177447,162.788000000,100,1365,1215,50,4
2010,20.100178247,162.788000000,100,1365,1215,50,4
2011,20.110178996,249.793000000,100,1110,1215,49,4
2012,20.120177351,249.793000000,100,1110,1215,49,4
2013,20.130177380,249.793000000,100,1110,1215,49,4
2014,20.140177658,249.793000000,100,1110,1215,49,4
2015,20.150181303,249.793000000,100,1110,1215,49,4
2016,20.160177765,249.793000000,100,1110,1215,49,4
2017,20.170177272,249.793000000,100,1110,1215,49,4
2018,20.180177962,249.793000000,100,1110,1215,49,4
2019,20.190177469,249.793000000,100,1110,1215,49,4
2020,20.200177958,249.793000000,100,1110,1215,49,4
2021,20.210178217,156.761000000,100,1365,1215,49,4
2022,20.220180860,156.761000000,100,1365,1215,49,4
2023,20.230177963,156.761000000,100,1365,1215,49,4
2024,20.240177840,156.761000000,100,1365,1215,49,4
2025,20.250177348,156.761000000,100,1365,1215,49,4
2026,20.260177697,156.761000000,100,1365,1215,49,4
2027,20.270182363,156.761000000,100,1365,1215,49,4
2028,20.280177763,156.761000000,100,1365,1215,49,4
2029,20.290178042,156.761000000,100,1365,1215,49,4
2030,20.300177489,156.761000000,100,1365,1215,49,4
2031,20.310182186,247.051000000,100,1140,1215,49,4
2032,20.320178307,247.051000000,100,1140,1215,49,4
2033,20.330177904,247.051000000,100,1140,1215,49,4
2034,20.340176900,247.051000000,100,1140,1215,49,4
2035,20.350177199,247.051000000,100,1140,1215,49,4
2036,20.360178149,247.051000000,100,1140,1215,49,4
2037,20.370176905,247.051000000,100,1140,1215,49,4
2038,20.380177414,247.051000000,100,1140,1215,49,4
2039,20.390177743,247.051000000,100,1140,1215,49,4
2040,20.400177340,247.051000000,100,1140,1215,49,4
2041,20.410178461,161.759000000,100,1365,1215,49,4
2042,20.420179000,161.759000000,100,1365,1215,49,4
2043,20.430177094,161.759000000,100,1365,1215,49,4
2044,20.440177694,161.759000000,100,1365,1215,49,4
2045,20.450181820,161.759000000,100,1365,1215,49,4
2046,20.460177309,161.759000000,100,1365,1215,49,4
2047,20.470177247,161.759000000,100,1365,1215,49,4
2048,20.480177225,161.759000000,100,1365,1215,49,4
2049,20.490179388,161.759000000,100,1365,1215,49,4
2050,20.500176360,161.759000000,100,1365,1215,49,4
2051,20.510178512,247.149000000,100,1200,1215,49,4
2052,20.520178360,247.149000000,100,1200,1215,50,4
2053,20.530176816,247.149000000,100,1200,1215,50,4
2054,20.540176433,247.149000000,100,1200,1215,50,4
2055,20.550176682,247.149000000,100,1200,1215,50,4
2056,20.560176560,247.149000000,100,1200,1215,50,4
2057,20.570177499,247.149000000,100,1200,1215,50,4
2058,20.580177598,247.149000000,100,1200,1215,50,4
2059,20.590176945,247.149000000,100,1200,1215,50,4
2060,20.600177704,247.149000000,100,1200,1215,50,4
2061,20.610179115,247.149000000,100,1305,1215,50,4
2062,20.620178963,179.375000000,100,1305,1215,49,4
2063,20.630177799,179.375000000,100,1305,1215,49,4
2064,20.640178108,179.375000000,100,1305,1215,49,4
2065,20.650177395,179.375000000,100,1305,1215,49,4
2066,20.660177984,179.375000000,100,1305,1215,49,4
2067,20.670176870,179.375000000,100,1305,1215,49,4
2068,20.680177630,179.375000000,100,1305,1215,49,4
2069,20.690178289,179.375000000,100,1305,1215,49,4
2070,20.700177736,179.375000000,100,1305,1215,49,4
2071,20.710177434,179.375000000,100,1260,1215,49,4
2072,20.720179315,215.628000000,100,1260,1215,50,4
2073,20.730177971,215.628000000,100,1260,1215,50,4
2074,20.740177949,215.628000000,100,1260,1215,50,4
2075,20.750181334,215.628000000,100,1260,1215,50,4
2076,20.760177725,215.628000000,100,1260,1215,50,4
2077,20.770176822,215.628000000,100,1260,1215,50,4
2078,20.780177511,215.628000000,100,1260,1215,50,4
2079,20.790182038,215.628000000,100,1260,1215,50,4
2080,20.800176966,215.628000000,100,1260,1215,50,4
2081,20.810178367,215.628000000,100,1170,1215,50,4
2082,20.820178215,206.215000000,100,1170,1215,49,4
2083,20.830177552,206.215000000,100,1170,1215,49,4
2084,20.840176969,206.215000000,100,1170,1215,49,4
2085,20.850177999,206.215000000,100,1170,1215,49,4
2086,20.860177206,206.215000000,100,1170,1215,49,4
2087,20.870178096,206.215000000,100,1170,1215,49,4
2088,20.880177793,206.215000000,100,1170,1215,49,4
2089,20.890177551,206.215000000,100,1170,1215,49,4
2090,20.900177229,206.215000000,100,1170,1215,49,4
2091,20.910178840,206.215000000,100,1350,1215,49,4
2092,20.920178788,179.165000000,100,1350,1215,50,4
2093,20.930176592,179.165000000,100,1350,1215,50,4
2094,20.940178343,179.165000000,100,1350,1215,50,4
2095,20.950177580,179.165000000,100,1350,1215,50,4
2096,20.960178189,179.165000000,100,1350,1215,50,4
2097,20.970177777,179.165000000,100,1350,1215,50,4
2098,20.980177354,179.165000000,100,1350,1215,50,4
2099,20.990177894,179.165000000,100,1350,1215,50,4
2100,21.000178122,179.165000000,100,1350,1215,50,4
2101,21.010177800,179.165000000,100,1125,1215,50,4
2102,21.020178449,237.286000000,100,1125,1215,49,4
2103,21.030178207,237.286000000,100,1125,1215,49,4
2104,21.040181782,237.286000000,100,1125,1215,49,4
2105,21.050177662,237.286000000,100,1125,1215,49,4
2106,21.060177300,237.286000000,100,1125,1215,49,4
2107,21.070181405,237.286000000,100,1125,1215,49,4
2108,21.080178829,237.286000000,100,1125,1215,49,4
2109,21.090176583,237.286000000,100,1125,1215,49,4
2110,21.100177372,237.286000000,100,1125,1215,49,4
2111,21.110178453,154.219000000,100,1365,1215,49,4
2112,21.120178070,154.219000000,100,1365,1215,49,4
2113,21.130177968,154.219000000,100,1365,1215,49,4
2114,21.140177445,154.219000000,100,1365,1215,49,4
2115,21.150176902,154.219000000,100,1365,1215,49,4
2116,21.160177061,154.219000000,100,1365,1215,49,4
2117,21.170178362,154.219000000,100,1365,1215,49,4
2118,21.180177077,154.219000000,100,1365,1215,49,4
2119,21.190178097,154.219000000,100,1365,1215,49,4
2120,21.200177595,154.219000000,100,1365,1215,49,4
2121,21.210178304,251.058000000,100,1185,1215,49,4
2122,21.220182540,251.058000000,100,1185,1215,50,4
2123,21.230181476,251.058000000,100,1185,1215,50,4
2124,21.240177988,251.058000000,100,1185,1215,50,4
2125,21.250177355,251.058000000,100,1185,1215,50,4
2126,21.260177483,251.058000000,100,1185,1215,50,4
2127,21.270177742,251.058000000,100,1185,1215,50,4
2128,21.280177099,251.058000000,100,1185,1215,50,4
2129,21.290177829,251.058000000,100,1185,1215,50,4
2130,21.300181634,251.058000000,100,1185,1215,50,4
2131,21.310179458,164.222000000,100,1305,1215,49,4
2132,21.320178514,164.222000000,100,1305,1215,49,4
2133,21.330178072,164.222000000,100,1305,1215,49,4
2134,21.340178471,164.222000000,100,1305,1215,49,4
2135,21.350177577,164.222000000,100,1305,1215,49,4
2136,21.360178347,164.222000000,100,1305,1215,49,4
2137,21.370182172,164.222000000,100,1305,1215,49,4
2138,21.380178403,164.222000000,100,1305,1215,49,4
2139,21.390177580,164.222000000,100,1305,1215,49,4
2140,21.400177708,164.222000000,100,1305,1215,49,4
2141,21.410177867,244.698000000,100,1275,1215,49,4
2142,21.420178927,244.698000000,100,1275,1215,50,4
2143,21.430178504,244.698000000,100,1275,1215,50,4
2144,21.440178022,244.698000000,100,1275,1215,50,4
2145,21.450177238,244.698000000,100,1275,1215,50,4
2146,21.460176846,244.698000000,100,1275,1215,50,4
2147,21.470176864,244.698000000,100,1275,1215,50,4
2148,21.480176882,244.698000000,100,1275,1215,50,4
2149,21.490177802,244.698000000,100,1275,1215,50,4
2150,21.500177981,244.698000000,100,1275,1215,50,4
2151,21.510177939,183.869000000,100,1155,1215,49,4
2152,21.520177706,183.869000000,100,1155,1215,49,4
2153,21.530178556,183.869000000,100,1155,1215,49,4
2154,21.540177623,183.869000000,100,1155,1215,49,4
2155,21.550177440,183.869000000,100,1155,1215,49,4
2156,21.560176817,183.869000000,100,1155,1215,49,4
2157,21.570177467,183.869000000,100,1155,1215,49,4
2158,21.580177184,183.869000000,100,1155,1215,49,4
2159,21.590178435,183.869000000,100,1155,1215,49,4
2160,21.600177181,183.869000000,100,1155,1215,49,4
2161,21.610178622,185.527000000,100,1350,1215,49,4
2162,21.620182778,185.527000000,100,1350,1215,50,4
2163,21.630178037,185.527000000,100,1350,1215,50,4
2164,21.640178115,185.527000000,100,1350,1215,50,4
2165,21.650178374,185.527000000,100,1350,1215,50,4
2166,21.660177651,185.527000000,100,1350,1215,50,4
2167,21.670177439,185.527000000,100,1350,1215,50,4
2168,21.680177156,185.527000000,100,1350,1215,50,4
2169,21.690177545,185.527000000,100,1350,1215,50,4
2170,21.700177012,185.527000000,100,1350,1215,50,4
2171,21.710178413,216.566000000,100,1155,1215,49,4
2172,21.720178241,216.566000000,100,1155,1215,49,4
2173,21.730176917,216.566000000,100,1155,1215,49,4
2174,21.740177356,216.566000000,100,1155,1215,49,4
2175,21.750178336,216.566000000,100,1155,1215,49,4
2176,21.760177442,216.566000000,100,1155,1215,49,4
2177,21.770177470,216.566000000,100,1155,1215,49,4
2178,21.780178921,216.566000000,100,1155,1215,49,4
2179,21.790177767,216.566000000,100,1155,1215,49,4
2180,21.800177876,216.566000000,100,1155,1215,49,4
2181,21.810178826,176.777000000,100,1365,1215,49,4
2182,21.820179014,176.777000000,100,1365,1215,50,4
2183,21.830178301,176.777000000,100,1365,1215,50,4
2184,21.840178710,176.777000000,100,1365,1215,50,4
2185,21.850177786,176.777000000,100,1365,1215,50,4
2186,21.860179107,176.777000000,100,1365,1215,50,4
2187,21.870178524,176.777000000,100,1365,1215,50,4
2188,21.880178793,176.777000000,100,1365,1215,50,4
2189,21.890177589,176.777000000,100,1365,1215,50,4
2190,21.900178408,176.777000000,100,1365,1215,50,4
2191,21.910178697,241.456000000,100,1140,1215,50,4
2192,21.920177834,241.456000000,100,1140,1215,50,4
2193,21.930176349,241.456000000,100,1140,1215,50,4
2194,21.940177119,241.456000000,100,1140,1215,50,4
2195,21.950177678,241.456000000,100,1140,1215,50,4
2196,21.960176734,241.456000000,100,1140,1215,50,4
2197,21.970178255,241.456000000,100,1140,1215,50,4
2198,21.980177793,241.456000000,100,1140,1215,50,4
2199,21.990178001,241.456000000,100,1140,1215,50,4
2200,22.000177368,241.456000000,100,1140,1215,50,4
2201,22.010178969,157.992000000,100,1350,1215,50,4
2202,22.020177525,157.992000000,100,1350,1215,49,4
2203,22.030177623,157.992000000,100,1350,1215,49,4
2204,22.040178413,157.992000000,100,1350,1215,49,4
2205,22.050177599,157.992000000,100,1350,1215,49,4
2206,22.060178189,157.992000000,100,1350,1215,49,4
2207,22.070177345,157.992000000,100,1350,1215,49,4
2208,22.080178766,157.992000000,100,1350,1215,49,4
2209,22.090177732,157.992000000,100,1350,1215,49,4
2210,22.100178352,157.992000000,100,1350,1215,49,4
2211,22.110178991,157.992000000,100,1185,1215,49,4
2212,22.120178278,248.484000000,100,1185,1215,50,4
2213,22.130178086,248.484000000,100,1185,1215,50,4
2214,22.140177673,248.484000000,100,1185,1215,50,4
2215,22.150178072,248.484000000,100,1185,1215,50,4
2216,22.160181276,248.484000000,100,1185,1215,50,4
2217,22.170179311,248.484000000,100,1185,1215,50,4
2218,22.180181162,248.484000000,100,1185,1215,50,4
2219,22.190178576,248.484000000,100,1185,1215,50,4
2220,22.200181389,248.484000000,100,1185,1215,50,4
2221,22.210179063,248.484000000,100,1305,1215,50,4
2222,22.220178370,167.801000000,100,1305,1215,49,4
2223,22.230178007,167.801000000,100,1305,1215,49,4
2224,22.240177745,167.801000000,100,1305,1215,49,4
2225,22.250178044,167.801000000,100,1305,1215,49,4
2226,22.260177351,167.801000000,100,1305,1215,49,4
2227,22.270177479,167.801000000,100,1305,1215,49,4
2228,22.280177948,167.801000000,100,1305,1215,49,4
2229,22.290177926,167.801000000,100,1305,1215,49,4
2230,22.300176742,167.801000000,100,1305,1215,49,4
2231,22.310178013,167.801000000,100,1305,1215,49,4
2232,22.320178612,237.816000000,100,1245,1215,50,4
2233,22.330177128,237.816000000,100,1245,1215,50,4
2234,22.340177076,237.816000000,100,1245,1215,50,4
2235,22.350177314,237.816000000,100,1245,1215,50,4
2236,22.360181160,237.816000000,100,1245,1215,50,4
2237,22.370178232,237.816000000,100,1245,1215,50,4
2238,22.380178401,237.816000000,100,1245,1215,50,4
2239,22.390177768,237.816000000,100,1245,1215,50,4
2240,22.400182144,237.816000000,100,1245,1215,50,4
2241,22.410178896,237.816000000,100,1155,1215,50,4
2242,22.420179345,178.326000000,100,1155,1215,49,4
2243,22.430177750,178.326000000,100,1155,1215,49,4
2244,22.440177648,178.326000000,100,1155,1215,49,4
2245,22.450182566,178.326000000,100,1155,1215,49,4
2246,22.460177815,178.326000000,100,1155,1215,49,4
2247,22.470177583,178.326000000,100,1155,1215,49,4
2248,22.480177871,178.326000000,100,1155,1215,49,4
2249,22.490177639,178.326000000,100,1155,1215,49,4
2250,22.500177637,178.326000000,100,1155,1215,49,4
2251,22.510178718,178.326000000,100,1350,1215,49,4
2252,22.520179277,202.789000000,100,1350,1215,50,4
2253,22.530178534,202.789000000,100,1350,1215,50,4
2254,22.540178011,202.789000000,100,1350,1215,50,4
2255,22.550182728,202.789000000,100,1350,1215,50,4
2256,22.560177947,202.789000000,100,1350,1215,50,4
2257,22.570177865,202.789000000,100,1350,1215,50,4
2258,22.580177993,202.789000000,100,1350,1215,50,4
2259,22.590181218,202.789000000,100,1350,1215,50,4
2260,22.600177559,202.789000000,100,1350,1215,50,4
2261,22.610182587,201.735000000,100,1170,1215,50,4
2262,22.620179689,201.735000000,100,1170,1215,49,4
2263,22.630179016,201.735000000,100,1170,1215,49,4
2264,22.640183302,201.735000000,100,1170,1215,49,4
2265,22.650177530,201.735000000,100,1170,1215,49,4
2266,22.660177618,201.735000000,100,1170,1215,49,4
2267,22.670178137,201.735000000,100,1170,1215,49,4
2268,22.680178686,201.735000000,100,1170,1215,49,4
2269,22.690182532,201.735000000,100,1170,1215,49,4
2270,22.700178302,201.735000000,100,1170,1215,49,4
2271,22.710179192,194.710000000,100,1365,1215,50,4
2272,22.720183308,194.710000000,100,1365,1215,50,4
2273,22.730178056,194.710000000,100,1365,1215,50,4
2274,22.740178335,194.710000000,100,1365,1215,50,4
2275,22.750177962,194.710000000,100,1365,1215,50,4
2276,22.760177460,194.710000000,100,1365,1215,50,4
2277,22.770178740,194.710000000,100,1365,1215,50,4
2278,22.780177887,194.710000000,100,1365,1215,50,4
2279,22.790178135,194.710000000,100,1365,1215,50,4
2280,22.800182702,194.710000000,100,1365,1215,50,4
2281,22.810180316,224.582000000,100,1125,1215,50,4
2282,22.820179062,224.582000000,100,1125,1215,50,4
2283,22.830177788,224.582000000,100,1125,1215,50,4
2284,22.840178597,224.582000000,100,1125,1215,50,4
2285,22.850178876,224.582000000,100,1125,1215,50,4
2286,22.860179315,224.582000000,100,1125,1215,50,4
2287,22.870177760,224.582000000,100,1125,1215,50,4
2288,22.880178159,224.582000000,100,1125,1215,50,4
2289,22.890177777,224.582000000,100,1125,1215,50,4
2290,22.900182764,224.582000000,100,1125,1215,50,4
2291,22.910179687,153.619000000,100,1350,1215,49,4
2292,22.920182370,153.619000000,100,1350,1215,49,4
2293,22.930178270,153.619000000,100,1350,1215,49,4
2294,22.940177717,153.619000000,100,1350,1215,49,4
2295,22.950178487,153.619000000,100,1350,1215,49,4
2296,22.960176852,153.619000000,100,1350,1215,49,4
2297,22.970178213,153.619000000,100,1350,1215,49,4
2298,22.980178622,153.619000000,100,1350,1215,49,4
2299,22.990178189,153.619000000,100,1350,1215,49,4
2300,23.000178177,153.619000000,100,1350,1215,49,4
2301,23.010178706,251.792000000,100,1200,1215,49,4
2302,23.020179185,251.792000000,100,1200,1215,50,4
2303,23.030176869,251.792000000,100,1200,1215,50,4
2304,23.040177859,251.792000000,100,1200,1215,50,4
2305,23.050178599,251.792000000,100,1200,1215,50,4
2306,23.060178527,251.792000000,100,1200,1215,50,4
2307,23.070182733,251.792000000,100,1200,1215,50,4
2308,23.080178293,251.792000000,100,1200,1215,50,4
2309,23.090177730,251.792000000,100,1200,1215,50,4
2310,23.100177898,251.792000000,100,1200,1215,50,4
2311,23.110179359,162.061000000,100,1290,1215,49,4
2312,23.120182714,162.061000000,100,1290,1215,49,4
2313,23.130177923,162.061000000,100,1290,1215,49,4
2314,23.140178843,162.061000000,100,1290,1215,49,4
2315,23.150182809,162.061000000,100,1290,1215,49,4
2316,23.160177647,162.061000000,100,1290,1215,49,4
2317,23.170178086,162.061000000,100,1290,1215,49,4
2318,23.180176962,162.061000000,100,1290,1215,49,4
2319,23.190179114,162.061000000,100,1290,1215,49,4
2320,23.200177640,162.061000000,100,1290,1215,49,4
2321,23.210180133,248.896000000,100,1275,1215,49,4
2322,23.220183697,248.896000000,100,1275,1215,50,4
2323,23.230178175,248.896000000,100,1275,1215,50,4
2324,23.240178274,248.896000000,100,1275,1215,50,4
2325,23.250177701,248.896000000,100,1275,1215,50,4
2326,23.260178080,248.896000000,100,1275,1215,50,4
2327,23.270178318,248.896000000,100,1275,1215,50,4
2328,23.280177795,248.896000000,100,1275,1215,50,4
2329,23.290178054,248.896000000,100,1275,1215,50,4
2330,23.300178172,248.896000000,100,1275,1215,50,4
2331,23.310178832,164.749000000,100,1170,1215,50,4
2332,23.320179081,164.749000000,100,1170,1215,49,4
2333,23.330178177,164.749000000,100,1170,1215,49,4
2334,23.340179097,164.749000000,100,1170,1215,49,4
2335,23.350177963,164.749000000,100,1170,1215,49,4
2336,23.360182730,164.749000000,100,1170,1215,49,4
2337,23.370177739,164.749000000,100,1170,1215,49,4
2338,23.380182416,164.749000000,100,1170,1215,49,4
2339,23.390178607,164.749000000,100,1170,1215,49,4
2340,23.400177733,164.749000000,100,1170,1215,49,4
2341,23.410178924,235.519000000,100,1305,1215,49,4
2342,23.420178802,235.519000000,100,1305,1215,50,4
2343,23.430182537,235.519000000,100,1305,1215,50,4
2344,23.440178357,235.519000000,100,1305,1215,50,4
2345,23.450179658,235.519000000,100,1305,1215,50,4
2346,23.460178644,235.519000000,100,1305,1215,50,4
2347,23.470177480,235.519000000,100,1305,1215,50,4
2348,23.480181606,235.519000000,100,1305,1215,50,4
2349,23.490177887,235.519000000,100,1305,1215,50,4
2350,23.500178006,235.519000000,100,1305,1215,50,4
2351,23.510179697,235.519000000,100,1215,1215,50,4
2352,23.520179525,176.145000000,100,1215,1215,49,4
2353,23.530178100,176.145000000,100,1215,1215,49,4
2354,23.540183629,176.145000000,100,1215,1215,49,4
2355,23.550177576,176.145000000,100,1215,1215,49,4
2356,23.560178496,176.145000000,100,1215,1215,49,4
2357,23.570179145,176.145000000,100,1215,1215,49,4
2358,23.580182630,176.145000000,100,1215,1215,49,4
2359,23.590179312,176.145000000,100,1215,1215,49,4
2360,23.600178338,176.145000000,100,1215,1215,49,4
2361,23.610179328,176.145000000,100,1335,1215,49,4
2362,23.620179998,231.310000000,100,1335,1215,51,4
2363,23.630182971,231.310000000,100,1335,1215,51,4
2364,23.640179823,231.310000000,100,1335,1215,51,4
2365,23.650177377,231.310000000,100,1335,1215,51,4
2366,23.660177936,231.310000000,100,1335,1215,51,4
2367,23.670182704,231.310000000,100,1335,1215,51,4
2368,23.680177281,231.310000000,100,1335,1215,51,4
2369,23.690178111,231.310000000,100,1335,1215,51,4
2370,23.700178420,231.310000000,100,1335,1215,51,4
2371,23.710179440,187.533000000,100,1125,1215,51,4
2372,23.720184147,187.533000000,100,1125,1215,49,4
2373,23.730176922,187.533000000,100,1125,1215,49,4
2374,23.740178713,187.533000000,100,1125,1215,49,4
2375,23.750182669,187.533000000,100,1125,1215,49,4
2376,23.760176846,187.533000000,100,1125,1215,49,4
2377,23.770178417,187.533000000,100,1125,1215,49,4
2378,23.780178255,187.533000000,100,1125,1215,49,4
2379,23.790177332,187.533000000,100,1125,1215,49,4
2380,23.800182189,187.533000000,100,1125,1215,49,4
2381,23.810179793,187.533000000,100,1350,1215,49,4
2382,23.820179169,191.022000000,100,1350,1215,50,4
2383,23.830177885,191.022000000,100,1350,1215,50,4
2384,23.840179086,191.022000000,100,1350,1215,50,4
2385,23.850177802,191.022000000,100,1350,1215,50,4
2386,23.860181737,191.022000000,100,1350,1215,50,4
2387,23.870178820,191.022000000,100,1350,1215,50,4
2388,23.880178247,191.022000000,100,1350,1215,50,4
2389,23.890177804,191.022000000,100,1350,1215,50,4
2390,23.900177943,191.022000000,100,1350,1215,50,4
2391,23.910178552,191.022000000,100,1170,1215,50,4
2392,23.920179131,212.397000000,100,1170,1215,49,4
2393,23.930177607,212.397000000,100,1170,1215,49,4
2394,23.940177895,212.397000000,100,1170,1215,49,4
2395,23.950177232,212.397000000,100,1170,1215,49,4
2396,23.960182891,212.397000000,100,1170,1215,49,4
2397,23.970178721,212.397000000,100,1170,1215,49,4
2398,23.980178659,212.397000000,100,1170,1215,49,4
2399,23.990177175,212.397000000,100,1170,1215,49,4
2400,24.000178586,212.397000000,100,1170,1215,49,4
2401,24.010183243,174.000000000,100,1335,1215,49,4
2402,24.020179233,174.000000000,100,1335,1215,49,4
2403,24.030178480,174.000000000,100,1335,1215,49,4
2404,24.040178979,174.000000000,100,1335,1215,49,4
2405,24.050177424,174.000000000,100,1335,1215,49,4
2406,24.060177613,174.000000000,100,1335,1215,49,4
2407,24.070178723,174.000000000,100,1335,1215,49,4
2408,24.080181597,174.000000000,100,1335,1215,49,4
2409,24.090178489,174.000000000,100,1335,1215,49,4
2410,24.100178097,174.000000000,100,1335,1215,49,4
2411,24.110179708,247.231000000,100,1245,1215,49,4
2412,24.120179495,247.231000000,100,1245,1215,51,4
2413,24.130178171,247.231000000,100,1245,1215,51,4
2414,24.140179502,247.231000000,100,1245,1215,51,4
2415,24.150178328,247.231000000,100,1245,1215,51,4
2416,24.160178276,247.231000000,100,1245,1215,51,4
2417,24.170178515,247.231000000,100,1245,1215,51,4
2418,24.180177691,247.231000000,100,1245,1215,51,4
2419,24.190178130,247.231000000,100,1245,1215,51,4
2420,24.200182326,247.231000000,100,1245,1215,51,4
2421,24.210179679,157.660000000,100,1215,1215,51,4
2422,24.220183735,157.660000000,100,1215,1215,49,4
2423,24.230177682,157.660000000,100,1215,1215,49,4
2424,24.240178732,157.660000000,100,1215,1215,49,4
2425,24.250177778,157.660000000,100,1215,1215,49,4
2426,24.260178238,157.660000000,100,1215,1215,49,4
2427,24.270181312,157.660000000,100,1215,1215,49,4
2428,24.280178234,157.660000000,100,1215,1215,49,4
2429,24.290178392,157.660000000,100,1215,1215,49,4
2430,24.300181486,157.660000000,100,1215,1215,49,4
2431,24.310178649,255.443000000,100,1305,1215,49,4
2432,24.320179138,255.443000000,100,1305,1215,51,4
2433,24.330178175,255.443000000,100,1305,1215,51,4
2434,24.340179876,255.443000000,100,1305,1215,51,4
2435,24.350177370,255.443000000,100,1305,1215,51,4
2436,24.360178730,255.443000000,100,1305,1215,51,4
2437,24.370178348,255.443000000,100,1305,1215,51,4
2438,24.380178596,255.443000000,100,1305,1215,51,4
2439,24.390178965,255.443000000,100,1305,1215,51,4
2440,24.400177260,255.443000000,100,1305,1215,51,4
2441,24.410183210,168.027000000,100,1200,1215,51,4
2442,24.420179761,168.027000000,100,1200,1215,49,4
2443,24.430182725,168.027000000,100,1200,1215,49,4
2444,24.440179217,168.027000000,100,1200,1215,49,4
2445,24.450177241,168.027000000,100,1200,1215,49,4
2446,24.460178802,168.027000000,100,1200,1215,49,4
2447,24.470182648,168.027000000,100,1200,1215,49,4
2448,24.480178568,168.027000000,100,1200,1215,49,4
2449,24.490178035,168.027000000,100,1200,1215,49,4
2450,24.500177923,168.027000000,100,1200,1215,49,4
2451,24.510179234,246.063000000,100,1350,1215,49,4
2452,24.520179402,246.063000000,100,1350,1215,51,4
2453,24.530178519,246.063000000,100,1350,1215,51,4
2454,24.540182805,246.063000000,100,1350,1215,51,4
2455,24.550178225,246.063000000,100,1350,1215,51,4
2456,24.560181459,246.063000000,100,1350,1215,51,4
2457,24.570178311,246.063000000,100,1350,1215,51,4
2458,24.580178520,246.063000000,100,1350,1215,51,4
2459,24.590178438,246.063000000,100,1350,1215,51,4
2460,24.600182504,246.063000000,100,1350,1215,51,4
2461,24.610178665,174.385000000,100,1125,1215,51,4
2462,24.620179013,174.385000000,100,1125,1215,49,4
2463,24.630177940,174.385000000,100,1125,1215,49,4
2464,24.640178820,174.385000000,100,1125,1215,49,4
2465,24.650177285,174.385000000,100,1125,1215,49,4
2466,24.660177944,174.385000000,100,1125,1215,49,4
2467,24.670178233,174.385000000,100,1125,1215,49,4
2468,24.680177199,174.385000000,100,1125,1215,49,4
2469,24.690177378,174.385000000,100,1125,1215,49,4
2470,24.700178117,174.385000000,100,1125,1215,49,4
2471,24.710183485,214.140000000,100,1365,1215,49,4
2472,24.720179606,214.140000000,100,1365,1215,50,4
2473,24.730177891,214.140000000,100,1365,1215,50,4
2474,24.740179202,214.140000000,100,1365,1215,50,4
2475,24.750181274,214.140000000,100,1365,1215,50,4
2476,24.760178517,214.140000000,100,1365,1215,50,4
2477,24.770178074,214.140000000,100,1365,1215,50,4
2478,24.780177812,214.140000000,100,1365,1215,50,4
2479,24.790183140,214.140000000,100,1365,1215,50,4
2480,24.800178560,214.140000000,100,1365,1215,50,4
2481,24.810178528,195.267000000,100,1155,1215,50,4
2482,24.820177935,195.267000000,100,1155,1215,50,4
2483,24.830178344,195.267000000,100,1155,1215,50,4
2484,24.840179003,195.267000000,100,1155,1215,50,4
2485,24.850177769,195.267000000,100,1155,1215,50,4
2486,24.860177517,195.267000000,100,1155,1215,50,4
2487,24.870182595,195.267000000,100,1155,1215,50,4
2488,24.880177774,195.267000000,100,1155,1215,50,4
2489,24.890178032,195.267000000,100,1155,1215,50,4
2490,24.900178742,195.267000000,100,1155,1215,50,4
2491,24.910178630,197.155000000,100,1350,1215,50,4
2492,24.920179239,197.155000000,100,1350,1215,50,4
2493,24.930177524,197.155000000,100,1350,1215,50,4
2494,24.940178063,197.155000000,100,1350,1215,50,4
2495,24.950177300,197.155000000,100,1350,1215,50,4
2496,24.960178340,197.155000000,100,1350,1215,50,4
2497,24.970178990,197.155000000,100,1350,1215,50,4
2498,24.980177455,197.155000000,100,1350,1215,50,4
2499,24.990177233,197.155000000,100,1350,1215,50,4
2500,25.000178153,197.155000000,100,1350,1215,50,4
2501,25.010177850,197.155000000,100,1185,1215,50,4
2502,25.020179522,226.187000000,100,1185,1215,51,4
2503,25.030177907,226.187000000,100,1185,1215,51,4
2504,25.040178225,226.187000000,100,1185,1215,51,4
2505,25.050178324,226.187000000,100,1185,1215,51,4
2506,25.060181258,226.187000000,100,1185,1215,51,4
2507,25.070177849,226.187000000,100,1185,1215,51,4
2508,25.080178859,226.187000000,100,1185,1215,51,4
2509,25.090178236,226.187000000,100,1185,1215,51,4
2510,25.100177944,226.187000000,100,1185,1215,51,4
2511,25.110178674,226.187000000,100,1290,1215,51,4
2512,25.120179784,157.015000000,100,1290,1215,49,4
2513,25.130178650,157.015000000,100,1290,1215,49,4
2514,25.140177586,157.015000000,100,1290,1215,49,4
2515,25.150178526,157.015000000,100,1290,1215,49,4
2516,25.160181850,157.015000000,100,1290,1215,49,4
2517,25.170178643,157.015000000,100,1290,1215,49,4
2518,25.180178150,157.015000000,100,1290,1215,49,4
2519,25.190177447,157.015000000,100,1290,1215,49,4
2520,25.200181873,157.015000000,100,1290,1215,49,4
2521,25.210178365,157.015000000,100,1290,1215,49,4
2522,25.220177952,257.186000000,100,1275,1215,51,4
2523,25.230178331,257.186000000,100,1275,1215,51,4
2524,25.240183329,257.186000000,100,1275,1215,51,4
2525,25.250178498,257.186000000,100,1275,1215,51,4
2526,25.260178195,257.186000000,100,1275,1215,51,4
2527,25.270178484,257.186000000,100,1275,1215,51,4
2528,25.280178653,257.186000000,100,1275,1215,51,4
2529,25.290182778,257.186000000,100,1275,1215,51,4
2530,25.300177136,257.186000000,100,1275,1215,51,4
2531,25.310183025,257.186000000,100,1155,1215,51,4
2532,25.320178244,155.742000000,100,1155,1215,49,4
2533,25.330182451,155.742000000,100,1155,1215,49,4
2534,25.340178161,155.742000000,100,1155,1215,49,4
2535,25.350177728,155.742000000,100,1155,1215,49,4
2536,25.360177907,155.742000000,100,1155,1215,49,4
2537,25.370182734,155.742000000,100,1155,1215,49,4
2538,25.380178254,155.742000000,100,1155,1215,49,4
2539,25.390178091,155.742000000,100,1155,1215,49,4
2540,25.400178300,155.742000000,100,1155,1215,49,4
2541,25.410183268,155.742000000,100,1365,1215,49,4
2542,25.420178547,255.235000000,100,1365,1215,51,4
2543,25.430179036,255.235000000,100,1365,1215,51,4
2544,25.440178934,255.235000000,100,1365,1215,51,4
2545,25.450178591,255.235000000,100,1365,1215,51,4
2546,25.460177858,255.235000000,100,1365,1215,51,4
2547,25.470178237,255.235000000,100,1365,1215,51,4
2548,25.480178275,255.235000000,100,1365,1215,51,4
2549,25.490182472,255.235000000,100,1365,1215,51,4
2550,25.500178041,255.235000000,100,1365,1215,51,4
2551,25.510183029,255.235000000,100,1110,1215,51,4
2552,25.520178879,161.082000000,100,1110,1215,49,4
2553,25.530178557,161.082000000,100,1110,1215,49,4
2554,25.540178966,161.082000000,100,1110,1215,49,4
2555,25.550178613,161.082000000,100,1110,1215,49,4
2556,25.560179683,161.082000000,100,1110,1215,49,4
2557,25.570182888,161.082000000,100,1110,1215,49,4
2558,25.580177255,161.082000000,100,1110,1215,49,4
2559,25.590182363,161.082000000,100,1110,1215,49,4
2560,25.600177151,161.082000000,100,1110,1215,49,4
2561,25.610183822,232.644000000,100,1350,1215,49,4
2562,25.620178029,232.644000000,100,1350,1215,50,4
2563,25.630177406,232.644000000,100,1350,1215,50,4
2564,25.640179118,232.644000000,100,1350,1215,50,4
2565,25.650177804,232.644000000,100,1350,1215,50,4
2566,25.660178323,232.644000000,100,1350,1215,50,4
2567,25.670182098,232.644000000,100,1350,1215,50,4
2568,25.680178199,232.644000000,100,1350,1215,50,4
2569,25.690178277,232.644000000,100,1350,1215,50,4
2570,25.700177935,232.644000000,100,1350,1215,50,4
2571,25.710182121,198.442000000,100,1185,1215,50,4
2572,25.720179925,198.442000000,100,1185,1215,50,4
2573,25.730177799,198.442000000,100,1185,1215,50,4
2574,25.740179711,198.442000000,100,1185,1215,50,4
2575,25.750177685,198.442000000,100,1185,1215,50,4
2576,25.760178144,198.442000000,100,1185,1215,50,4
2577,25.770181288,198.442000000,100,1185,1215,50,4
2578,25.780181968,198.442000000,100,1185,1215,50,4
2579,25.790178199,198.442000000,100,1185,1215,50,4
2580,25.800178227,198.442000000,100,1185,1215,50,4
2581,25.810178776,194.213000000,100,1320,1215,50,4
2582,25.820179215,194.213000000,100,1320,1215,49,4
2583,25.830177701,194.213000000,100,1320,1215,49,4
2584,25.840178901,194.213000000,100,1320,1215,49,4
2585,25.850181684,194.213000000,100,1320,1215,49,4
2586,25.860178106,194.213000000,100,1320,1215,49,4
2587,25.870178896,194.213000000,100,1320,1215,49,4
2588,25.880177892,194.213000000,100,1320,1215,49,4
2589,25.890180545,194.213000000,100,1320,1215,49,4
2590,25.900177007,194.213000000,100,1320,1215,49,4
2591,25.910178157,226.777000000,100,1245,1215,49,4
2592,25.920178115,226.777000000,100,1245,1215,51,4
2593,25.930177973,226.777000000,100,1245,1215,51,4
2594,25.940177861,226.777000000,100,1245,1215,51,4
2595,25.950178560,226.777000000,100,1245,1215,51,4
2596,25.960180492,226.777000000,100,1245,1215,51,4
2597,25.970179058,226.777000000,100,1245,1215,51,4
2598,25.980176962,226.777000000,100,1245,1215,51,4
2599,25.990178513,226.777000000,100,1245,1215,51,4
2600,26.000178321,226.777000000,100,1245,1215,51,4
2601,26.010179672,226.777000000,100,1200,1215,51,4
2602,26.020179179,157.258000000,100,1200,1215,49,4
2603,26.030178015,157.258000000,100,1200,1215,49,4
2604,26.040182231,157.258000000,100,1200,1215,49,4
2605,26.050177380,157.258000000,100,1200,1215,49,4
2606,26.060177839,157.258000000,100,1200,1215,49,4
2607,26.070178038,157.258000000,100,1200,1215,49,4
2608,26.080179398,157.258000000,100,1200,1215,49,4
2609,26.090182222,157.258000000,100,1200,1215,49,4
2610,26.100178653,157.258000000,100,1200,1215,49,4
2611,26.110177780,157.258000000,100,1350,1215,49,4
2612,26.120179191,257.537000000,100,1350,1215,51,4
2613,26.130177926,257.537000000,100,1350,1215,51,4
2614,26.140178656,257.537000000,100,1350,1215,51,4
2615,26.150181680,257.537000000,100,1350,1215,51,4
2616,26.160177390,257.537000000,100,1350,1215,51,4
2617,26.170178390,257.537000000,100,1350,1215,51,4
2618,26.180178739,257.537000000,100,1350,1215,51,4
2619,26.190177835,257.537000000,100,1350,1215,51,4
2620,26.200182873,257.537000000,100,1350,1215,51,4
2621,26.210178914,257.537000000,100,1155,1215,51,4
2622,26.220183541,162.494000000,100,1155,1215,49,4
2623,26.230178670,162.494000000,100,1155,1215,49,4
2624,26.240178507,162.494000000,100,1155,1215,49,4
2625,26.250178055,162.494000000,100,1155,1215,49,4
2626,26.260182421,162.494000000,100,1155,1215,49,4
2627,26.270177330,162.494000000,100,1155,1215,49,4
2628,26.280182327,162.494000000,100,1155,1215,49,4
2629,26.290177927,162.494000000,100,1155,1215,49,4
2630,26.300178206,162.494000000,100,1155,1215,49,4
2631,26.310179136,247.039000000,100,1365,1215,49,4
2632,26.320178793,247.039000000,100,1365,1215,50,4
2633,26.330177740,247.039000000,100,1365,1215,50,4
2634,26.340178549,247.039000000,100,1365,1215,50,4
2635,26.350178948,247.039000000,100,1365,1215,50,4
2636,26.360177955,247.039000000,100,1365,1215,50,4
2637,26.370178654,247.039000000,100,1365,1215,50,4
2638,26.380178131,247.039000000,100,1365,1215,50,4
2639,26.390178200,247.039000000,100,1365,1215,50,4
2640,26.400177386,247.039000000,100,1365,1215,50,4
2641,26.410178637,247.039000000,100,1365,1215,50,4
2642,26.420178705,169.995000000,100,1125,1215,50,4
2643,26.430178403,169.995000000,100,1125,1215,50,4
2644,26.440178491,169.995000000,100,1125,1215,50,4
2645,26.450178720,169.995000000,100,1125,1215,50,4
2646,26.460177245,169.995000000,100,1125,1215,50,4
2647,26.470182283,169.995000000,100,1125,1215,50,4
2648,26.480177823,169.995000000,100,1125,1215,50,4
2649,26.490178041,169.995000000,100,1125,1215,50,4
2650,26.500178470,169.995000000,100,1125,1215,50,4
2651,26.510178949,169.995000000,100,1125,1215,50,4
2652,26.520179068,226.049000000,100,1365,1215,50,4
2653,26.530181370,226.049000000,100,1365,1215,50,4
2654,26.540179344,226.049000000,100,1365,1215,50,4
2655,26.550178541,226.049000000,100,1365,1215,50,4
2656,26.560181485,226.049000000,100,1365,1215,50,4
2657,26.570178237,226.049000000,100,1365,1215,50,4
2658,26.580178816,226.049000000,100,1365,1215,50,4
2659,26.590177492,226.049000000,100,1365,1215,50,4
2660,26.600178041,226.049000000,100,1365,1215,50,4
2661,26.610177548,226.049000000,100,1365,1215,50,4
2662,26.620178899,213.794000000,100,1215,1215,50,4
2663,26.630184868,213.794000000,100,1215,1215,51,4
2664,26.640179436,213.794000000,100,1215,1215,51,4
2665,26.650182711,213.794000000,100,1215,1215,51,4
2666,26.660181557,213.794000000,100,1215,1215,51,4
2667,26.670176485,213.794000000,100,1215,1215,51,4
2668,26.680177766,213.794000000,100,1215,1215,51,4
2669,26.690178345,213.794000000,100,1215,1215,51,4
2670,26.700178133,213.794000000,100,1215,1215,51,4
2671,26.710177340,213.794000000,100,1215,1215,51,4
2672,26.720178871,187.946000000,100,1290,1215,51,4
2673,26.730178939,187.946000000,100,1290,1215,49,4
2674,26.740177875,187.946000000,100,1290,1215,49,4
2675,26.750178114,187.946000000,100,1290,1215,49,4
2676,26.760177852,187.946000000,100,1290,1215,49,4
2677,26.770178631,187.946000000,100,1290,1215,49,4
2678,26.780177327,187.946000000,100,1290,1215,49,4
2679,26.790178057,187.946000000,100,1290,1215,49,4
2680,26.800181862,187.946000000,100,1290,1215,49,4
2681,26.810178644,187.946000000,100,1290,1215,49,4
2682,26.820182459,230.762000000,100,1320,1215,49,4
2683,26.830179312,230.762000000,100,1320,1215,51,4
2684,26.840179109,230.762000000,100,1320,1215,51,4
2685,26.850178236,230.762000000,100,1320,1215,51,4
2686,26.860178014,230.762000000,100,1320,1215,51,4
2687,26.870177812,230.762000000,100,1320,1215,51,4
2688,26.880177990,230.762000000,100,1320,1215,51,4
2689,26.890178880,230.762000000,100,1320,1215,51,4
2690,26.900178237,230.762000000,100,1320,1215,51,4
2691,26.910177914,230.762000000,100,1155,1215,51,4
2692,26.920178564,230.762000000,100,1155,1215,49,4
2693,26.930177059,230.762000000,100,1155,1215,49,4
2694,26.940183299,230.762000000,100,1155,1215,49,4
2695,26.950178378,230.762000000,100,1155,1215,49,4
2696,26.960177104,230.762000000,100,1155,1215,49,4
2697,26.970176751,230.762000000,100,1155,1215,49,4
2698,26.980178052,230.762000000,100,1155,1215,49,4
2699,26.990178661,230.762000000,100,1155,1215,49,4
2700,27.000177688,230.762000000,100,1155,1215,49,4
2701,27.010178988,230.762000000,100,1365,1215,49,4
2702,27.020179978,166.898000000,100,1365,1215,51,4
2703,27.030178404,166.898000000,100,1365,1215,51,4
2704,27.040178392,166.898000000,100,1365,1215,51,4
2705,27.050177668,166.898000000,100,1365,1215,51,4
2706,27.060177566,166.898000000,100,1365,1215,51,4
2707,27.070177334,166.898000000,100,1365,1215,51,4
2708,27.080182582,166.898000000,100,1365,1215,51,4
2709,27.090177591,166.898000000,100,1365,1215,51,4
2710,27.100177770,166.898000000,100,1365,1215,51,4
2711,27.110182487,256.377000000,100,1125,1215,51,4
2712,27.120179940,256.377000000,100,1125,1215,50,4
2713,27.130178105,256.377000000,100,1125,1215,50,4
2714,27.140179185,256.377000000,100,1125,1215,50,4
2715,27.150178482,256.377000000,100,1125,1215,50,4
2716,27.160178340,256.377000000,100,1125,1215,50,4
2717,27.170182185,256.377000000,100,1125,1215,50,4
2718,27.180178456,256.377000000,100,1125,1215,50,4
2719,27.190177954,256.377000000,100,1125,1215,50,4
2720,27.200178182,256.377000000,100,1125,1215,50,4
2721,27.210182528,156.665000000,100,1365,1215,50,4
2722,27.220179341,156.665000000,100,1365,1215,50,4
2723,27.230178036,156.665000000,100,1365,1215,50,4
2724,27.240178486,156.665000000,100,1365,1215,50,4
2725,27.250181539,156.665000000,100,1365,1215,50,4
2726,27.260177450,156.665000000,100,1365,1215,50,4
2727,27.270181957,156.665000000,100,1365,1215,50,4
2728,27.280182225,156.665000000,100,1365,1215,50,4
2729,27.290177575,156.665000000,100,1365,1215,50,4
2730,27.300177713,156.665000000,100,1365,1215,50,4
2731,27.310178202,249.094000000,100,1155,1215,50,4
2732,27.320179202,249.094000000,100,1155,1215,50,4
2733,27.330177948,249.094000000,100,1155,1215,50,4
2734,27.340178477,249.094000000,100,1155,1215,50,4
2735,27.350177293,249.094000000,100,1155,1215,50,4
2736,27.360182361,249.094000000,100,1155,1215,50,4
2737,27.370177971,249.094000000,100,1155,1215,50,4
2738,27.380178921,249.094000000,100,1155,1215,50,4
2739,27.390181634,249.094000000,100,1155,1215,50,4
2740,27.400178697,249.094000000,100,1155,1215,50,4
2741,27.410179366,168.824000000,100,1335,1215,50,4
2742,27.420178653,168.824000000,100,1335,1215,49,4
2743,27.430177679,168.824000000,100,1335,1215,49,4
2744,27.440179030,168.824000000,100,1335,1215,49,4
2745,27.450178437,168.824000000,100,1335,1215,49,4
2746,27.460177684,168.824000000,100,1335,1215,49,4
2747,27.470177301,168.824000000,100,1335,1215,49,4
2748,27.480177520,168.824000000,100,1335,1215,49,4
2749,27.490177729,168.824000000,100,1335,1215,49,4
2750,27.500177116,168.824000000,100,1335,1215,49,4
2751,27.510182364,229.913000000,100,1275,1215,49,4
2752,27.520183334,229.913000000,100,1275,1215,51,4
2753,27.530177852,229.913000000,100,1275,1215,51,4
2754,27.540179192,229.913000000,100,1275,1215,51,4
2755,27.550182216,229.913000000,100,1275,1215,51,4
2756,27.560177806,229.913000000,100,1275,1215,51,4
2757,27.570181882,229.913000000,100,1275,1215,51,4
2758,27.580179415,229.913000000,100,1275,1215,51,4
2759,27.590178702,229.913000000,100,1275,1215,51,4
2760,27.600177238,229.913000000,100,1275,1215,51,4
2761,27.610179891,213.981000000,100,1230,1215,51,4
2762,27.620179278,213.981000000,100,1230,1215,49,4
2763,27.630178735,213.981000000,100,1230,1215,49,4
2764,27.640182951,213.981000000,100,1230,1215,49,4
2765,27.650177639,213.981000000,100,1230,1215,49,4
2766,27.660178649,213.981000000,100,1230,1215,49,4
2767,27.670178377,213.981000000,100,1230,1215,49,4
2768,27.680179798,213.981000000,100,1230,1215,49,4
2769,27.690177562,213.981000000,100,1230,1215,49,4
2770,27.700179243,213.981000000,100,1230,1215,49,4
2771,27.710178690,184.881000000,100,1320,1215,49,4
2772,27.720178729,184.881000000,100,1320,1215,51,4
2773,27.730177635,184.881000000,100,1320,1215,51,4
2774,27.740177994,184.881000000,100,1320,1215,51,4
2775,27.750182320,184.881000000,100,1320,1215,51,4
2776,27.760177820,184.881000000,100,1320,1215,51,4
2777,27.770176896,184.881000000,100,1320,1215,51,4
2778,27.780177245,184.881000000,100,1320,1215,51,4
2779,27.790182844,184.881000000,100,1320,1215,51,4
2780,27.800178363,184.881000000,100,1320,1215,51,4
2781,27.810180015,184.881000000,100,1140,1215,51,4
2782,27.820179602,234.506000000,100,1140,1215,49,4
2783,27.830177827,234.506000000,100,1140,1215,49,4
2784,27.840179178,234.506000000,100,1140,1215,49,4
2785,27.850177913,234.506000000,100,1140,1215,49,4
2786,27.860178403,234.506000000,100,1140,1215,49,4
2787,27.870182699,234.506000000,100,1140,1215,49,4
2788,27.880177698,234.506000000,100,1140,1215,49,4
2789,27.890178066,234.506000000,100,1140,1215,49,4
2790,27.900177975,234.506000000,100,1140,1215,49,4
2791,27.910183753,158.392000000,100,1365,1215,49,4
2792,27.920178632,158.392000000,100,1365,1215,50,4
2793,27.930177929,158.392000000,100,1365,1215,50,4
2794,27.940177767,158.392000000,100,1365,1215,50,4
2795,27.950177404,158.392000000,100,1365,1215,50,4
2796,27.960178685,158.392000000,100,1365,1215,50,4
2797,27.970176850,158.392000000,100,1365,1215,50,4
2798,27.980178331,158.392000000,100,1365,1215,50,4
2799,27.990177798,158.392000000,100,1365,1215,50,4
2800,28.000177576,158.392000000,100,1365,1215,50,4
2801,28.010178025,158.392000000,100,1140,1215,50,4
2802,28.020178764,256.685000000,100,1140,1215,51,4
2803,28.030177911,256.685000000,100,1140,1215,51,4
2804,28.040178059,256.685000000,100,1140,1215,51,4
2805,28.050178899,256.685000000,100,1140,1215,51,4
2806,28.060182043,256.685000000,100,1140,1215,51,4
2807,28.070177282,256.685000000,100,1140,1215,51,4
2808,28.080178433,256.685000000,100,1140,1215,51,4
2809,28.090181897,256.685000000,100,1140,1215,51,4
2810,28.100178549,256.685000000,100,1140,1215,51,4
2811,28.110178808,256.685000000,100,1350,1215,51,4
2812,28.120183685,165.481000000,100,1350,1215,50,4
2813,28.130177752,165.481000000,100,1350,1215,50,4
2814,28.140183231,165.481000000,100,1350,1215,50,4
2815,28.150178129,165.481000000,100,1350,1215,50,4
2816,28.160178408,165.481000000,100,1350,1215,50,4
2817,28.170177855,165.481000000,100,1350,1215,50,4
2818,28.180177673,165.481000000,100,1350,1215,50,4
2819,28.190178373,165.481000000,100,1350,1215,50,4
2820,28.200181156,165.481000000,100,1350,1215,50,4
2821,28.210178589,165.481000000,100,1185,1215,50,4
2822,28.220179730,238.330000000,100,1185,1215,50,4
2823,28.230178355,238.330000000,100,1185,1215,50,4
2824,28.240177752,238.330000000,100,1185,1215,50,4
2825,28.250182099,238.330000000,100,1185,1215,50,4
2826,28.260182147,238.330000000,100,1185,1215,50,4
2827,28.270178188,238.330000000,100,1185,1215,50,4
2828,28.280178016,238.330000000,100,1185,1215,50,4
2829,28.290283722,238.330000000,100,1185,1215,50,4
2830,28.300178523,238.330000000,100,1185,1215,50,4
2831,28.310181697,238.330000000,100,1185,1215,50,4
2832,28.320179371,178.825000000,100,1305,1215,50,4
2833,28.330177566,178.825000000,100,1305,1215,50,4
2834,28.340178195,178.825000000,100,1305,1215,50,4
2835,28.350178093,178.825000000,100,1305,1215,50,4
2836,28.360178241,178.825000000,100,1305,1215,50,4
2837,28.370177228,178.825000000,100,1305,1215,50,4
2838,28.380177687,178.825000000,100,1305,1215,50,4
2839,28.390178076,178.825000000,100,1305,1215,50,4
2840,28.400178274,178.825000000,100,1305,1215,50,4
2841,28.410178793,178.825000000,100,1335,1215,50,4
2842,28.420178982,211.944000000,100,1335,1215,51,4
2843,28.430178419,211.944000000,100,1335,1215,51,4
2844,28.440179549,211.944000000,100,1335,1215,51,4
2845,28.450178515,211.944000000,100,1335,1215,51,4
2846,28.460178063,211.944000000,100,1335,1215,51,4
2847,28.470178151,211.944000000,100,1335,1215,51,4
2848,28.480182127,211.944000000,100,1335,1215,51,4
2849,28.490181905,211.944000000,100,1335,1215,51,4
2850,28.500177625,211.944000000,100,1335,1215,51,4
2851,28.510178715,211.944000000,100,1170,1215,51,4
2852,28.520182941,215.838000000,100,1170,1215,50,4
2853,28.530178441,215.838000000,100,1170,1215,50,4
2854,28.540178369,215.838000000,100,1170,1215,50,4
2855,28.550178277,215.838000000,100,1170,1215,50,4
2856,28.560177674,215.838000000,100,1170,1215,50,4
2857,28.570178554,215.838000000,100,1170,1215,50,4
2858,28.580177991,215.838000000,100,1170,1215,50,4
2859,28.590177859,215.838000000,100,1170,1215,50,4
2860,28.600177957,215.838000000,100,1170,1215,50,4
2861,28.610183205,177.417000000,100,1365,1215,50,4
2862,28.620180208,177.417000000,100,1365,1215,50,4
2863,28.630178332,177.417000000,100,1365,1215,50,4
2864,28.640178852,177.417000000,100,1365,1215,50,4
2865,28.650182346,177.417000000,100,1365,1215,50,4
2866,28.660182855,177.417000000,100,1365,1215,50,4
2867,28.670178155,177.417000000,100,1365,1215,50,4
2868,28.680177632,177.417000000,100,1365,1215,50,4
2869,28.690181808,177.417000000,100,1365,1215,50,4
2870,28.700178480,177.417000000,100,1365,1215,50,4
2871,28.710179961,241.045000000,100,1110,1215,50,4
2872,28.720178366,241.045000000,100,1110,1215,50,4
2873,28.730181701,241.045000000,100,1110,1215,50,4
2874,28.740178032,241.045000000,100,1110,1215,50,4
2875,28.750177950,241.045000000,100,1110,1215,50,4
2876,28.760182817,241.045000000,100,1110,1215,50,4
2877,28.770177165,241.045000000,100,1110,1215,50,4
2878,28.780177714,241.045000000,100,1110,1215,50,4
2879,28.790177892,241.045000000,100,1110,1215,50,4
2880,28.800177901,241.045000000,100,1110,1215,50,4
2881,28.810183159,150.830000000,100,1350,1215,50,4
2882,28.820179600,150.830000000,100,1350,1215,50,4
2883,28.830178356,150.830000000,100,1350,1215,50,4
2884,28.840178545,150.830000000,100,1350,1215,50,4
2885,28.850181729,150.830000000,100,1350,1215,50,4
2886,28.860178391,150.830000000,100,1350,1215,50,4
2887,28.870182437,150.830000000,100,1350,1215,50,4
2888,28.880177736,150.830000000,100,1350,1215,50,4
2889,28.890177153,150.830000000,100,1350,1215,50,4
2890,28.900176941,150.830000000,100,1350,1215,50,4
2891,28.910179524,246.908000000,100,1200,1215,50,4
2892,28.920178701,246.908000000,100,1200,1215,51,4
2893,28.930177897,246.908000000,100,1200,1215,51,4
2894,28.940177585,246.908000000,100,1200,1215,51,4
2895,28.950178304,246.908000000,100,1200,1215,51,4
2896,28.960177130,246.908000000,100,1200,1215,51,4
2897,28.970177810,246.908000000,100,1200,1215,51,4
2898,28.980176966,246.908000000,100,1200,1215,51,4
2899,28.990178407,246.908000000,100,1200,1215,51,4
2900,29.000178676,246.908000000,100,1200,1215,51,4
2901,29.010179355,173.022000000,100,1320,1215,51,4
2902,29.020179454,173.022000000,100,1320,1215,50,4
2903,29.030178440,173.022000000,100,1320,1215,50,4
2904,29.040177476,173.022000000,100,1320,1215,50,4
2905,29.050178376,173.022000000,100,1320,1215,50,4
2906,29.060177783,173.022000000,100,1320,1215,50,4
2907,29.070178713,173.022000000,100,1320,1215,50,4
2908,29.080177599,173.022000000,100,1320,1215,50,4
2909,29.090177898,173.022000000,100,1320,1215,50,4
2910,29.100177636,173.022000000,100,1320,1215,50,4
2911,29.110182904,241.754000000,100,1215,1215,50,4
2912,29.120179746,241.754000000,100,1215,1215,51,4
2913,29.130178252,241.754000000,100,1215,1215,51,4
2914,29.140178149,241.754000000,100,1215,1215,51,4
2915,29.150177767,241.754000000,100,1215,1215,51,4
2916,29.160177755,241.754000000,100,1215,1215,51,4
2917,29.170177082,241.754000000,100,1215,1215,51,4
2918,29.180178563,241.754000000,100,1215,1215,51,4
2919,29.190177780,241.754000000,100,1215,1215,51,4
2920,29.200182196,241.754000000,100,1215,1215,51,4
2921,29.210178127,172.488000000,100,1275,1215,51,4
2922,29.220182533,172.488000000,100,1275,1215,49,4
2923,29.230178444,172.488000000,100,1275,1215,49,4
2924,29.240178151,172.488000000,100,1275,1215,49,4
2925,29.250178650,172.488000000,100,1275,1215,49,4
2926,29.260181915,172.488000000,100,1275,1215,49,4
2927,29.270178987,172.488000000,100,1275,1215,49,4
2928,29.280178194,172.488000000,100,1275,1215,49,4
2929,29.290179785,172.488000000,100,1275,1215,49,4
2930,29.300182368,172.488000000,100,1275,1215,49,4
2931,29.310179311,230.202000000,100,1290,1215,49,4
2932,29.320179008,230.202000000,100,1290,1215,51,4
2933,29.330177864,230.202000000,100,1290,1215,51,4
2934,29.340177893,230.202000000,100,1290,1215,51,4
2935,29.350177670,230.202000000,100,1290,1215,51,4
2936,29.360178210,230.202000000,100,1290,1215,51,4
2937,29.370177546,230.202000000,100,1290,1215,51,4
2938,29.380329630,230.202000000,100,1290,1215,51,4
2939,29.390177453,230.202000000,100,1290,1215,51,4
2940,29.400177391,230.202000000,100,1290,1215,51,4
2941,29.410178822,189.654000000,100,1215,1215,51,4
2942,29.420178850,189.654000000,100,1215,1215,50,4
2943,29.430178558,189.654000000,100,1215,1215,50,4
2944,29.440182233,189.654000000,100,1215,1215,50,4
2945,29.450179576,189.654000000,100,1215,1215,50,4
2946,29.460178221,189.654000000,100,1215,1215,50,4
2947,29.470177969,189.654000000,100,1215,1215,50,4
2948,29.480315175,189.654000000,100,1215,1215,50,4
2949,29.490178306,189.654000000,100,1215,1215,50,4
2950,29.500178435,189.654000000,100,1215,1215,50,4
2951,29.510179064,201.926000000,100,1320,1215,50,4
2952,29.520179072,201.926000000,100,1320,1215,51,4
2953,29.530179812,201.926000000,100,1320,1215,51,4
2954,29.540177816,201.926000000,100,1320,1215,51,4
2955,29.550178105,201.926000000,100,1320,1215,51,4
2956,29.560177692,201.926000000,100,1320,1215,51,4
2957,29.570177180,201.926000000,100,1320,1215,51,4
2958,29.580177258,201.926000000,100,1320,1215,51,4
2959,29.590177266,201.926000000,100,1320,1215,51,4
2960,29.600178336,201.926000000,100,1320,1215,51,4
2961,29.610177753,201.926000000,100,1170,1215,51,4
2962,29.620178343,203.609000000,100,1170,1215,50,4
2963,29.630177369,203.609000000,100,1170,1215,50,4
2964,29.640177598,203.609000000,100,1170,1215,50,4
2965,29.650177806,203.609000000,100,1170,1215,50,4
2966,29.660179678,203.609000000,100,1170,1215,50,4
2967,29.670176961,203.609000000,100,1170,1215,50,4
2968,29.680176518,203.609000000,100,1170,1215,50,4
2969,29.690176166,203.609000000,100,1170,1215,50,4
2970,29.700177116,203.609000000,100,1170,1215,50,4
2971,29.710177385,203.609000000,100,1170,1215,50,4
2972,29.720177593,177.026000000,100,1365,1215,50,4
2973,29.730178172,177.026000000,100,1365,1215,50,4
2974,29.740176948,177.026000000,100,1365,1215,50,4
2975,29.750179121,177.026000000,100,1365,1215,50,4
2976,29.760177005,177.026000000,100,1365,1215,50,4
2977,29.770177754,177.026000000,100,1365,1215,50,4
2978,29.780176761,177.026000000,100,1365,1215,50,4
2979,29.790177951,177.026000000,100,1365,1215,50,4
2980,29.800176797,177.026000000,100,1365,1215,50,4
2981,29.810177997,177.026000000,100,1185,1215,50,4
2982,29.820179198,239.775000000,100,1185,1215,50,4
2983,29.830179667,239.775000000,100,1185,1215,50,4
2984,29.840177491,239.775000000,100,1185,1215,50,4
2985,29.850178261,239.775000000,100,1185,1215,50,4
2986,29.860177317,239.775000000,100,1185,1215,50,4
2987,29.870177385,239.775000000,100,1185,1215,50,4
2988,29.880177814,239.775000000,100,1185,1215,50,4
2989,29.890177021,239.775000000,100,1185,1215,50,4
2990,29.900178422,239.775000000,100,1185,1215,50,4
2991,29.910178420,239.775000000,100,1335,1215,50,4
2992,29.920178358,161.322000000,100,1335,1215,50,4
2993,29.930176974,161.322000000,100,1335,1215,50,4
2994,29.940177844,161.322000000,100,1335,1215,50,4
2995,29.950177932,161.322000000,100,1335,1215,50,4
2996,29.960176928,161.322000000,100,1335,1215,50,4
2997,29.970177417,161.322000000,100,1335,1215,50,4
2998,29.980177606,161.322000000,100,1335,1215,50,4
2999,29.990177073,161.322000000,100,1335,1215,50,4
3000,30.000177262,161.322000000,100,1335,1215,50,4
3001,30.010179474,161.322000000,100,1215,1215,50,4
3002,30.020180073,252.996000000,100,1215,1215,51,4
3003,30.030178118,252.996000000,100,1215,1215,51,4
3004,30.040177755,252.996000000,100,1215,1215,51,4
3005,30.050178926,252.996000000,100,1215,1215,51,4
3006,30.060178984,252.996000000,100,1215,1215,51,4
3007,30.070177750,252.996000000,100,1215,1215,51,4
3008,30.080294397,252.996000000,100,1215,1215,51,4
3009,30.090180601,252.996000000,100,1215,1215,51,4
3010,30.100176973,252.996000000,100,1215,1215,51,4
3011,30.110186689,160.540000000,100,1260,1215,51,4
3012,30.120178332,160.540000000,100,1260,1215,49,4
3013,30.130176807,160.540000000,100,1260,1215,49,4
3014,30.140178188,160.540000000,100,1260,1215,49,4
3015,30.150178757,160.540000000,100,1260,1215,49,4
3016,30.160178425,160.540000000,100,1260,1215,49,4
3017,30.170178223,160.540000000,100,1260,1215,49,4
3018,30.180203448,160.540000000,100,1260,1215,49,4
3019,30.190176806,160.540000000,100,1260,1215,49,4
3020,30.200177917,160.540000000,100,1260,1215,49,4
3021,30.210178245,247.322000000,100,1305,1215,49,4
3022,30.220177582,247.322000000,100,1305,1215,51,4
3023,30.230177009,247.322000000,100,1305,1215,51,4
3024,30.240189721,247.322000000,100,1305,1215,51,4
3025,30.250178238,247.322000000,100,1305,1215,51,4
3026,30.260177996,247.322000000,100,1305,1215,51,4
3027,30.270177653,247.322000000,100,1305,1215,51,4
3028,30.280189975,247.322000000,100,1305,1215,51,4
3029,30.290181407,247.322000000,100,1305,1215,51,4
3030,30.300178019,247.322000000,100,1305,1215,51,4
3031,30.310187244,247.322000000,100,1215,1215,51,4
3032,30.320178957,170.382000000,100,1215,1215,49,4
3033,30.330177422,170.382000000,100,1215,1215,49,4
3034,30.340178402,170.382000000,100,1215,1215,49,4
3035,30.350178480,170.382000000,100,1215,1215,49,4
3036,30.360177316,170.382000000,100,1215,1215,49,4
3037,30.370194206,170.382000000,100,1215,1215,49,4
3038,30.380179196,170.382000000,100,1215,1215,49,4
3039,30.390175828,170.382000000,100,1215,1215,49,4
3040,30.400179062,170.382000000,100,1215,1215,49,4
3041,30.410178469,237.064000000,100,1305,1215,49,4
3042,30.420182445,237.064000000,100,1305,1215,51,4
3043,30.430179257,237.064000000,100,1305,1215,51,4
3044,30.440177552,237.064000000,100,1305,1215,51,4
3045,30.450182500,237.064000000,100,1305,1215,51,4
3046,30.460177509,237.064000000,100,1305,1215,51,4
3047,30.470177747,237.064000000,100,1305,1215,51,4
3048,30.480178487,237.064000000,100,1305,1215,51,4
3049,30.490182172,237.064000000,100,1305,1215,51,4
3050,30.500178373,237.064000000,100,1305,1215,51,4
3051,30.510181186,175.410000000,100,1185,1215,51,4
3052,30.520178780,175.410000000,100,1185,1215,49,4
3053,30.530179440,175.410000000,100,1185,1215,49,4
3054,30.540177233,175.410000000,100,1185,1215,49,4
3055,30.550178103,175.410000000,100,1185,1215,49,4
3056,30.560177490,175.410000000,100,1185,1215,49,4
3057,30.570178070,175.410000000,100,1185,1215,49,4
3058,30.580178519,175.410000000,100,1185,1215,49,4
3059,30.590182955,175.410000000,100,1185,1215,49,4
3060,30.600178164,175.410000000,100,1185,1215,49,4
3061,30.610179225,175.410000000,100,1365,1215,49,4
3062,30.620181237,221.254000000,100,1365,1215,51,4
3063,30.630176456,221.254000000,100,1365,1215,51,4
3064,30.640177536,221.254000000,100,1365,1215,51,4
3065,30.650194095,221.254000000,100,1365,1215,51,4
3066,30.660178705,221.254000000,100,1365,1215,51,4
3067,30.670175246,221.254000000,100,1365,1215,51,4
3068,30.680175154,221.254000000,100,1365,1215,51,4
3069,30.690184680,221.254000000,100,1365,1215,51,4
3070,30.700178988,221.254000000,100,1365,1215,51,4
3071,30.710179106,221.254000000,100,1080,1215,51,4
3072,30.720179425,207.495000000,100,1080,1215,50,4
3073,30.730178341,207.495000000,100,1080,1215,50,4
3074,30.740177167,207.495000000,100,1080,1215,50,4
3075,30.750178468,207.495000000,100,1080,1215,50,4
3076,30.760176983,207.495000000,100,1080,1215,50,4
3077,30.770177262,207.495000000,100,1080,1215,50,4
3078,30.780180436,207.495000000,100,1080,1215,50,4
3079,30.790176968,207.495000000,100,1080,1215,50,4
3080,30.800176735,207.495000000,100,1080,1215,50,4
3081,30.810181523,163.829000000,100,1365,1215,50,4
3082,30.820180389,163.829000000,100,1365,1215,50,4
3083,30.830177782,163.829000000,100,1365,1215,50,4
3084,30.840181717,163.829000000,100,1365,1215,50,4
3085,30.850180353,163.829000000,100,1365,1215,50,4
3086,30.860178648,163.829000000,100,1365,1215,50,4
3087,30.870178736,163.829000000,100,1365,1215,50,4
3088,30.880183123,163.829000000,100,1365,1215,50,4
3089,30.890178883,163.829000000,100,1365,1215,50,4
3090,30.900176727,163.829000000,100,1365,1215,50,4
3091,30.910198066,163.829000000,100,1170,1215,50,4
3092,30.920179799,234.773000000,100,1170,1215,50,4
3093,30.930177674,234.773000000,100,1170,1215,50,4
3094,30.940177632,234.773000000,100,1170,1215,50,4
3095,30.950178291,234.773000000,100,1170,1215,50,4
3096,30.960178480,234.773000000,100,1170,1215,50,4
3097,30.970177235,234.773000000,100,1170,1215,50,4
3098,30.980208933,234.773000000,100,1170,1215,50,4
3099,30.990216175,234.773000000,100,1170,1215,50,4
3100,31.000178152,234.773000000,100,1170,1215,50,4
3101,31.010178320,234.773000000,100,1335,1215,50,4
3102,31.020185823,163.290000000,100,1335,1215,50,4
3103,31.030176834,163.290000000,100,1335,1215,50,4
3104,31.040541396,163.290000000,100,1335,1215,50,4
3105,31.050215232,163.290000000,100,1335,1215,50,4
3106,31.060178522,163.290000000,100,1335,1215,50,4
3107,31.070175464,163.290000000,100,1335,1215,50,4
3108,31.080234483,163.290000000,100,1335,1215,50,4
3109,31.090212630,163.290000000,100,1335,1215,50,4
3110,31.100178294,163.290000000,100,1335,1215,50,4
3111,31.110182901,163.290000000,100,1230,1215,50,4
3112,31.120177759,244.397000000,100,1230,1215,51,4
3113,31.130174481,244.397000000,100,1230,1215,51,4
3114,31.140179529,244.397000000,100,1230,1215,51,4
3115,31.150187051,244.397000000,100,1230,1215,51,4
3116,31.160176249,244.397000000,100,1230,1215,51,4
3117,31.170190043,244.397000000,100,1230,1215,51,4
3118,31.180178911,244.397000000,100,1230,1215,51,4
3119,31.190176985,244.397000000,100,1230,1215,51,4
3120,31.200176863,244.397000000,100,1230,1215,51,4
3121,31.210178775,244.397000000,100,1230,1215,51,4
3122,31.220179124,159.127000000,100,1260,1215,49,4
3123,31.230177208,159.127000000,100,1260,1215,49,4
3124,31.240177838,159.127000000,100,1260,1215,49,4
3125,31.250182695,159.127000000,100,1260,1215,49,4
3126,31.260178766,159.127000000,100,1260,1215,49,4
3127,31.270176920,159.127000000,100,1260,1215,49,4
3128,31.280183451,159.127000000,100,1260,1215,49,4
3129,31.290177037,159.127000000,100,1260,1215,49,4
3130,31.300177526,159.127000000,100,1260,1215,49,4
3131,31.310198363,159.127000000,100,1335,1215,49,4
3132,31.320179637,241.454000000,100,1335,1215,51,4
3133,31.330176168,241.454000000,100,1335,1215,51,4
3134,31.340179433,241.454000000,100,1335,1215,51,4
3135,31.350201512,241.454000000,100,1335,1215,51,4
3136,31.360179980,241.454000000,100,1335,1215,51,4
3137,31.370184567,241.454000000,100,1335,1215,51,4
3138,31.380178604,241.454000000,100,1335,1215,51,4
3139,31.390177149,241.454000000,100,1335,1215,51,4
3140,31.400178760,241.454000000,100,1335,1215,51,4
3141,31.410183177,241.454000000,100,1155,1215,51,4
3142,31.420201519,165.880000000,100,1155,1215,50,4
3143,31.430179747,165.880000000,100,1155,1215,50,4
3144,31.440183061,165.880000000,100,1155,1215,50,4
3145,31.450177068,165.880000000,100,1155,1215,50,4
3146,31.460176525,165.880000000,100,1155,1215,50,4
3147,31.470176463,165.880000000,100,1155,1215,50,4
3148,31.480178596,165.880000000,100,1155,1215,50,4
3149,31.490187831,165.880000000,100,1155,1215,50,4
3150,31.500180816,165.880000000,100,1155,1215,50,4
3151,31.510179071,165.880000000,100,1365,1215,50,4
3152,31.520178799,236.941000000,100,1365,1215,51,4
3153,31.530182023,236.941000000,100,1365,1215,51,4
3154,31.540178735,236.941000000,100,1365,1215,51,4
3155,31.550181969,236.941000000,100,1365,1215,51,4
3156,31.560184232,236.941000000,100,1365,1215,51,4
3157,31.570177167,236.941000000,100,1365,1215,51,4
3158,31.580176103,236.941000000,100,1365,1215,51,4
3159,31.590207510,236.941000000,100,1365,1215,51,4
3160,31.600180337,236.941000000,100,1365,1215,51,4
3161,31.610178903,236.941000000,100,1110,1215,51,4
3162,31.620183289,190.378000000,100,1110,1215,50,4
3163,31.630176745,190.378000000,100,1110,1215,50,4
3164,31.640174439,190.378000000,100,1110,1215,50,4
3165,31.650181831,190.378000000,100,1110,1215,50,4
3166,31.660176980,190.378000000,100,1110,1215,50,4
3167,31.670176317,190.378000000,100,1110,1215,50,4
3168,31.680176175,190.378000000,100,1110,1215,50,4
3169,31.690190279,190.378000000,100,1110,1215,50,4
3170,31.700176472,190.378000000,100,1110,1215,50,4
3171,31.710175528,190.378000000,100,1365,1215,50,4
3172,31.720183531,197.784000000,100,1365,1215,51,4
3173,31.730176677,197.784000000,100,1365,1215,51,4
3174,31.740175753,197.784000000,100,1365,1215,51,4
3175,31.750181322,197.784000000,100,1365,1215,51,4
3176,31.760198412,197.784000000,100,1365,1215,51,4
3177,31.770177321,197.784000000,100,1365,1215,51,4
3178,31.780177730,197.784000000,100,1365,1215,51,4
3179,31.790200040,197.784000000,100,1365,1215,51,4
3180,31.800176433,197.784000000,100,1365,1215,51,4
3181,31.810177824,197.784000000,100,1155,1215,51,4
3182,31.820182211,208.914000000,100,1155,1215,50,4
3183,31.830176779,208.914000000,100,1155,1215,50,4
3184,31.840176286,208.914000000,100,1155,1215,50,4
3185,31.850197243,208.914000000,100,1155,1215,50,4
3186,31.860177825,208.914000000,100,1155,1215,50,4
3187,31.870174958,208.914000000,100,1155,1215,50,4
3188,31.880181208,208.914000000,100,1155,1215,50,4
3189,31.890176628,208.914000000,100,1155,1215,50,4
3190,31.900176776,208.914000000,100,1155,1215,50,4
3191,31.910195529,208.914000000,100,1335,1215,50,4
3192,31.920176812,179.615000000,100,1335,1215,50,4
3193,31.930174677,179.615000000,100,1335,1215,50,4
3194,31.940178993,179.615000000,100,1335,1215,50,4
3195,31.950198968,179.615000000,100,1335,1215,50,4
3196,31.960178328,179.615000000,100,1335,1215,50,4
3197,31.970184197,179.615000000,100,1335,1215,50,4
3198,31.980178665,179.615000000,100,1335,1215,50,4
3199,31.990177711,179.615000000,100,1335,1215,50,4
3200,32.000176026,179.615000000,100,1335,1215,50,4
3201,32.010178449,179.615000000,100,1215,1215,50,4
3202,32.020179780,236.270000000,100,1215,1215,51,4
3203,32.030177774,236.270000000,100,1215,1215,51,4
3204,32.040178303,236.270000000,100,1215,1215,51,4
3205,32.050177821,236.270000000,100,1215,1215,51,4
3206,32.060178250,236.270000000,100,1215,1215,51,4
3207,32.070178548,236.270000000,100,1215,1215,51,4
3208,32.080181913,236.270000000,100,1215,1215,51,4
3209,32.090179577,236.270000000,100,1215,1215,51,4
3210,32.100177331,236.270000000,100,1215,1215,51,4
3211,32.110178100,236.270000000,100,1215,1215,51,4
3212,32.120183689,152.359000000,100,1215,1215,49,4
3213,32.130177987,152.359000000,100,1215,1215,49,4
3214,32.140180880,152.359000000,100,1215,1215,49,4
3215,32.150179405,152.359000000,100,1215,1215,49,4
3216,32.160177470,152.359000000,100,1215,1215,49,4
3217,32.170183520,152.359000000,100,1215,1215,49,4
3218,32.180176435,152.359000000,100,1215,1215,49,4
3219,32.190174710,152.359000000,100,1215,1215,49,4
3220,32.200176721,152.359000000,100,1215,1215,49,4
3221,32.210182470,152.359000000,100,1290,1215,49,4
3222,32.220176638,254.757000000,100,1290,1215,51,4
3223,32.230176115,254.757000000,100,1290,1215,51,4
3224,32.240174330,254.757000000,100,1290,1215,51,4
3225,32.250178345,254.757000000,100,1290,1215,51,4
3226,32.260181680,254.757000000,100,1290,1215,51,4
3227,32.270176719,254.757000000,100,1290,1215,51,4
3228,32.280176226,254.757000000,100,1290,1215,51,4
3229,32.290176926,254.757000000,100,1290,1215,51,4
3230,32.300177174,254.757000000,100,1290,1215,51,4
3231,32.310179286,254.757000000,100,1200,1215,51,4
3232,32.320179425,155.940000000,100,1200,1215,49,4
3233,32.330177489,155.940000000,100,1200,1215,49,4
3234,32.340177818,155.940000000,100,1200,1215,49,4
3235,32.350177576,155.940000000,100,1200,1215,49,4
3236,32.360176853,155.940000000,100,1200,1215,49,4
3237,32.370177883,155.940000000,100,1200,1215,49,4
3238,32.380181989,155.940000000,100,1200,1215,49,4
3239,32.390177378,155.940000000,100,1200,1215,49,4
3240,32.400177727,155.940000000,100,1200,1215,49,4
3241,32.410180510,155.940000000,100,1335,1215,49,4
3242,32.420178355,252.024000000,100,1335,1215,51,4
3243,32.430179465,252.024000000,100,1335,1215,51,4
3244,32.440177339,252.024000000,100,1335,1215,51,4
3245,32.450178399,252.024000000,100,1335,1215,51,4
3246,32.460178217,252.024000000,100,1335,1215,51,4
3247,32.470178205,252.024000000,100,1335,1215,51,4
3248,32.480179716,252.024000000,100,1335,1215,51,4
3249,32.490178202,252.024000000,100,1335,1215,51,4
3250,32.500177128,252.024000000,100,1335,1215,51,4
3251,32.510178829,252.024000000,100,1125,1215,51,4
3252,32.520179779,164.711000000,100,1125,1215,50,4
3253,32.530177223,164.711000000,100,1125,1215,50,4
3254,32.540177171,164.711000000,100,1125,1215,50,4
3255,32.550177439,164.711000000,100,1125,1215,50,4
3256,32.560178139,164.711000000,100,1125,1215,50,4
3257,32.570178438,164.711000000,100,1125,1215,50,4
3258,32.580178185,164.711000000,100,1125,1215,50,4
3259,32.590178404,164.711000000,100,1125,1215,50,4
3260,32.600178262,164.711000000,100,1125,1215,50,4
3261,32.610179011,164.711000000,100,1365,1215,50,4
3262,32.620179751,223.654000000,100,1365,1215,51,4
3263,32.630178627,223.654000000,100,1365,1215,51,4
3264,32.640178255,223.654000000,100,1365,1215,51,4
3265,32.650182751,223.654000000,100,1365,1215,51,4
3266,32.660179513,223.654000000,100,1365,1215,51,4
3267,32.670178309,223.654000000,100,1365,1215,51,4
3268,32.680177356,223.654000000,100,1365,1215,51,4
3269,32.690178356,223.654000000,100,1365,1215,51,4
3270,32.700182351,223.654000000,100,1365,1215,51,4
3271,32.710177350,223.654000000,100,1365,1215,51,4
3272,32.720183209,185.894000000,100,1140,1215,50,4
3273,32.730178839,185.894000000,100,1140,1215,50,4
3274,32.740178347,185.894000000,100,1140,1215,50,4
3275,32.750178084,185.894000000,100,1140,1215,50,4
3276,32.760178353,185.894000000,100,1140,1215,50,4
3277,32.770182319,185.894000000,100,1140,1215,50,4
3278,32.780178750,185.894000000,100,1140,1215,50,4
3279,32.790178057,185.894000000,100,1140,1215,50,4
3280,32.800178025,185.894000000,100,1140,1215,50,4
3281,32.810177061,185.894000000,100,1350,1215,50,4
3282,32.820177861,208.337000000,100,1350,1215,51,4
3283,32.830177479,208.337000000,100,1350,1215,51,4
3284,32.840178128,208.337000000,100,1350,1215,51,4
3285,32.850177846,208.337000000,100,1350,1215,51,4
3286,32.860177694,208.337000000,100,1350,1215,51,4
3287,32.870178624,208.337000000,100,1350,1215,51,4
3288,32.880177850,208.337000000,100,1350,1215,51,4
3289,32.890177869,208.337000000,100,1350,1215,51,4
3290,32.900178448,208.337000000,100,1350,1215,51,4
3291,32.910180640,208.337000000,100,1215,1215,51,4
3292,32.920179787,210.223000000,100,1215,1215,51,4
3293,32.930182881,210.223000000,100,1215,1215,51,4
3294,32.940182478,210.223000000,100,1215,1215,51,4
3295,32.950177828,210.223000000,100,1215,1215,51,4
3296,32.960177094,210.223000000,100,1215,1215,51,4
3297,32.970177824,210.223000000,100,1215,1215,51,4
3298,32.980179125,210.223000000,100,1215,1215,51,4
3299,32.990178502,210.223000000,100,1215,1215,51,4
3300,33.000177718,210.223000000,100,1215,1215,51,4
3301,33.010178568,210.223000000,100,1245,1215,51,4
3302,33.020177695,170.665000000,100,1245,1215,50,4
3303,33.030177933,170.665000000,100,1245,1215,50,4
3304,33.040178813,170.665000000,100,1245,1215,50,4
3305,33.050178651,170.665000000,100,1245,1215,50,4
3306,33.060178769,170.665000000,100,1245,1215,50,4
3307,33.070178076,170.665000000,100,1245,1215,50,4
3308,33.080182202,170.665000000,100,1245,1215,50,4
3309,33.090180637,170.665000000,100,1245,1215,50,4
3310,33.100177810,170.665000000,100,1245,1215,50,4
3311,33.110179251,170.665000000,100,1290,1215,50,4
3312,33.120179851,237.943000000,100,1290,1215,51,4
3313,33.130178316,237.943000000,100,1290,1215,51,4
3314,33.140178144,237.943000000,100,1290,1215,51,4
3315,33.150182680,237.943000000,100,1290,1215,51,4
3316,33.160178070,237.943000000,100,1290,1215,51,4
3317,33.170182196,237.943000000,100,1290,1215,51,4
3318,33.180178457,237.943000000,100,1290,1215,51,4
3319,33.190177794,237.943000000,100,1290,1215,51,4
3320,33.200181239,237.943000000,100,1290,1215,51,4
3321,33.210178442,237.943000000,100,1200,1215,51,4
3322,33.220181977,162.397000000,100,1200,1215,50,4
3323,33.230177617,162.397000000,100,1200,1215,50,4
3324,33.240177855,162.397000000,100,1200,1215,50,4
3325,33.250177913,162.397000000,100,1200,1215,50,4
3326,33.260179605,162.397000000,100,1200,1215,50,4
3327,33.270187478,162.397000000,100,1200,1215,50,4
3328,33.280178199,162.397000000,100,1200,1215,50,4
3329,33.290179349,162.397000000,100,1200,1215,50,4
3330,33.300199916,162.397000000,100,1200,1215,50,4
3331,33.310180547,162.397000000,100,1350,1215,50,4
3332,33.320179143,255.167000000,100,1350,1215,51,4
3333,33.330176857,255.167000000,100,1350,1215,51,4
3334,33.340184870,255.167000000,100,1350,1215,51,4
3335,33.350177725,255.167000000,100,1350,1215,51,4
3336,33.360177693,255.167000000,100,1350,1215,51,4
3337,33.370177822,255.167000000,100,1350,1215,51,4
3338,33.380178220,255.167000000,100,1350,1215,51,4
3339,33.390179591,255.167000000,100,1350,1215,51,4
3340,33.400175752,255.167000000,100,1350,1215,51,4
3341,33.410177574,255.167000000,100,1095,1215,51,4
3342,33.420178424,153.090000000,100,1095,1215,50,4
3343,33.430177340,153.090000000,100,1095,1215,50,4
3344,33.440177468,153.090000000,100,1095,1215,50,4
3345,33.450177877,153.090000000,100,1095,1215,50,4
3346,33.460176873,153.090000000,100,1095,1215,50,4
3347,33.470178475,153.090000000,100,1095,1215,50,4
3348,33.480176970,153.090000000,100,1095,1215,50,4
3349,33.490178471,153.090000000,100,1095,1215,50,4
3350,33.500176676,153.090000000,100,1095,1215,50,4
3351,33.510177976,153.090000000,100,1365,1215,50,4
3352,33.520180389,249.080000000,100,1365,1215,51,4
3353,33.530176600,249.080000000,100,1365,1215,51,4
3354,33.540176538,249.080000000,100,1365,1215,51,4
3355,33.550177939,249.080000000,100,1365,1215,51,4
3356,33.560177186,249.080000000,100,1365,1215,51,4
3357,33.570177555,249.080000000,100,1365,1215,51,4
3358,33.580177623,249.080000000,100,1365,1215,51,4
3359,33.590177351,249.080000000,100,1365,1215,51,4
3360,33.600178010,249.080000000,100,1365,1215,51,4
3361,33.610178339,249.080000000,100,1140,1215,51,4
3362,33.620181623,166.408000000,100,1140,1215,50,4
3363,33.630196650,166.408000000,100,1140,1215,50,4
3364,33.640177372,166.408000000,100,1140,1215,50,4
3365,33.650188601,166.408000000,100,1140,1215,50,4
3366,33.660180304,166.408000000,100,1140,1215,50,4
3367,33.670177386,166.408000000,100,1140,1215,50,4
3368,33.680179869,166.408000000,100,1140,1215,50,4
3369,33.690182933,166.408000000,100,1140,1215,50,4
3370,33.700178032,166.408000000,100,1140,1215,50,4
3371,33.710176387,166.408000000,100,1140,1215,50,4
3372,33.720179271,233.863000000,100,1365,1215,51,4
3373,33.730198335,233.863000000,100,1365,1215,51,4
3374,33.740181040,233.863000000,100,1365,1215,51,4
3375,33.750178123,233.863000000,100,1365,1215,51,4
3376,33.760187078,233.863000000,100,1365,1215,51,4
3377,33.770187657,233.863000000,100,1365,1215,51,4
3378,33.780176314,233.863000000,100,1365,1215,51,4
3379,33.790180941,233.863000000,100,1365,1215,51,4
3380,33.800176331,233.863000000,100,1365,1215,51,4
3381,33.810175958,233.863000000,100,1155,1215,51,4
3382,33.820174995,188.736000000,100,1155,1215,50,4
3383,33.830181385,188.736000000,100,1155,1215,50,4
3384,33.840176093,188.736000000,100,1155,1215,50,4
3385,33.850175160,188.736000000,100,1155,1215,50,4
3386,33.860189084,188.736000000,100,1155,1215,50,4
3387,33.870177370,188.736000000,100,1155,1215,50,4
3388,33.880176196,188.736000000,100,1155,1215,50,4
3389,33.890181414,188.736000000,100,1155,1215,50,4
3390,33.900187774,188.736000000,100,1155,1215,50,4
3391,33.910176852,188.736000000,100,1155,1215,50,4
3392,33.920175648,187.186000000,100,1245,1215,50,4
3393,33.930197637,187.186000000,100,1245,1215,50,4
3394,33.940179401,187.186000000,100,1245,1215,50,4
3395,33.950176364,187.186000000,100,1245,1215,50,4
3396,33.960182063,187.186000000,100,1245,1215,50,4
3397,33.970174977,187.186000000,100,1245,1215,50,4
3398,33.980175877,187.186000000,100,1245,1215,50,4
3399,33.990192817,187.186000000,100,1245,1215,50,4
3400,34.000177787,187.186000000,100,1245,1215,50,4
3401,34.010177395,187.186000000,100,1245,1215,50,4
3402,34.020178986,220.782000000,100,1230,1215,51,4
3403,34.030177481,220.782000000,100,1230,1215,51,4
3404,34.040203508,220.782000000,100,1230,1215,51,4
3405,34.050179081,220.782000000,100,1230,1215,51,4
3406,34.060184088,220.782000000,100,1230,1215,51,4
3407,34.070176893,220.782000000,100,1230,1215,51,4
3408,34.080175649,220.782000000,100,1230,1215,51,4
3409,34.090179394,220.782000000,100,1230,1215,51,4
3410,34.100183770,220.782000000,100,1230,1215,51,4
3411,34.110175283,220.782000000,100,1230,1215,51,4
3412,34.120176042,220.782000000,100,1200,1215,51,4
3413,34.130176341,176.393000000,100,1200,1215,50,4
3414,34.140185196,176.393000000,100,1200,1215,50,4
3415,34.150175847,176.393000000,100,1200,1215,50,4
3416,34.160175454,176.393000000,100,1200,1215,50,4
3417,34.170180431,176.393000000,100,1200,1215,50,4
3418,34.180195889,176.393000000,100,1200,1215,50,4
3419,34.190178134,176.393000000,100,1200,1215,50,4
3420,34.200180747,176.393000000,100,1200,1215,50,4
3421,34.210200602,176.393000000,100,1200,1215,50,4
3422,34.220186203,176.393000000,100,1320,1215,50,4
3423,34.230179008,242.049000000,100,1320,1215,51,4
3424,34.240178675,242.049000000,100,1320,1215,51,4
3425,34.250181519,242.049000000,100,1320,1215,51,4
3426,34.260203759,242.049000000,100,1320,1215,51,4
3427,34.270179031,242.049000000,100,1320,1215,51,4
3428,34.280184639,242.049000000,100,1320,1215,51,4
3429,34.290178316,242.049000000,100,1320,1215,51,4
3430,34.300177282,242.049000000,100,1320,1215,51,4
3431,34.310177771,242.049000000,100,1320,1215,51,4
3432,34.320184722,156.437000000,100,1125,1215,50,4
3433,34.330181274,156.437000000,100,1125,1215,50,4
3434,34.340177726,156.437000000,100,1125,1215,50,4
3435,34.350180719,156.437000000,100,1125,1215,50,4
3436,34.360196908,156.437000000,100,1125,1215,50,4
3437,34.370178411,156.437000000,100,1125,1215,50,4
3438,34.380180514,156.437000000,100,1125,1215,50,4
3439,34.390182936,156.437000000,100,1125,1215,50,4
3440,34.400211107,156.437000000,100,1125,1215,50,4
3441,34.410177613,156.437000000,100,1365,1215,50,4
3442,34.420177431,156.437000000,100,1365,1215,50,4
3443,34.430187498,254.054000000,100,1365,1215,51,4
3444,34.440216771,254.054000000,100,1365,1215,51,4
3445,34.450177976,254.054000000,100,1365,1215,51,4
3446,34.460177213,254.054000000,100,1365,1215,51,4
3447,34.470208079,254.054000000,100,1365,1215,51,4
3448,34.480182169,254.054000000,100,1365,1215,51,4
3449,34.490175925,254.054000000,100,1365,1215,51,4
3450,34.500178117,254.054000000,100,1365,1215,51,4
3451,34.510199966,254.054000000,100,1140,1215,51,4
3452,34.520178765,254.054000000,100,1140,1215,50,4
3453,34.530180196,254.054000000,100,1140,1215,50,4
3454,34.540175425,254.054000000,100,1140,1215,50,4
3455,34.550177627,254.054000000,100,1140,1215,50,4
3456,34.560176123,254.054000000,100,1140,1215,50,4
3457,34.570177884,254.054000000,100,1140,1215,50,4
3458,34.580178343,254.054000000,100,1140,1215,50,4
3459,34.590178201,254.054000000,100,1140,1215,50,4
3460,34.600177047,254.054000000,100,1140,1215,50,4
3461,34.610178749,254.054000000,100,1350,1215,50,4
3462,34.620178496,160.490000000,100,1350,1215,50,4
3463,34.630177984,160.490000000,100,1350,1215,50,4
3464,34.640176950,160.490000000,100,1350,1215,50,4
3465,34.650196094,160.490000000,100,1350,1215,50,4
3466,34.660179982,160.490000000,100,1350,1215,50,4
3467,34.670178587,160.490000000,100,1350,1215,50,4
3468,34.680178045,160.490000000,100,1350,1215,50,4
3469,34.690196047,160.490000000,100,1350,1215,50,4
3470,34.700179183,160.490000000,100,1350,1215,50,4
3471,34.710175995,160.490000000,100,1215,1215,50,4
3472,34.720181233,241.083000000,100,1215,1215,51,4
3473,34.730177504,241.083000000,100,1215,1215,51,4
3474,34.740177693,241.083000000,100,1215,1215,51,4
3475,34.750178312,241.083000000,100,1215,1215,51,4
3476,34.760178311,241.083000000,100,1215,1215,51,4
3477,34.770177948,241.083000000,100,1215,1215,51,4
3478,34.780177606,241.083000000,100,1215,1215,51,4
3479,34.790192221,241.083000000,100,1215,1215,51,4
3480,34.800176340,241.083000000,100,1215,1215,51,4
3481,34.810175156,241.083000000,100,1245,1215,51,4
3482,34.820179813,189.363000000,100,1245,1215,50,4
3483,34.830178138,189.363000000,100,1245,1215,50,4
3484,34.840178336,189.363000000,100,1245,1215,50,4
3485,34.850178625,189.363000000,100,1245,1215,50,4
3486,34.860193311,189.363000000,100,1245,1215,50,4
3487,34.870181467,189.363000000,100,1245,1215,50,4
3488,34.880178589,189.363000000,100,1245,1215,50,4
3489,34.890179159,189.363000000,100,1245,1215,50,4
3490,34.900232687,189.363000000,100,1245,1215,50,4
3491,34.910180297,189.363000000,100,1290,1215,50,4
3492,34.920203679,190.282000000,100,1290,1215,51,4
3493,34.930180434,190.282000000,100,1290,1215,51,4
3494,34.940176084,190.282000000,100,1290,1215,51,4
3495,34.950177775,190.282000000,100,1290,1215,51,4
3496,34.960186279,190.282000000,100,1290,1215,51,4
3497,34.970177541,190.282000000,100,1290,1215,51,4
3498,34.980176527,190.282000000,100,1290,1215,51,4
3499,34.990178519,190.282000000,100,1290,1215,51,4
3500,35.000177325,190.282000000,100,1290,1215,51,4
3501,35.010178015,190.282000000,100,1200,1215,51,4
3502,35.020178123,221.651000000,100,1200,1215,50,4
3503,35.030177370,221.651000000,100,1200,1215,50,4
3504,35.040178200,221.651000000,100,1200,1215,50,4
3505,35.050177537,221.651000000,100,1200,1215,50,4
3506,35.060178487,221.651000000,100,1200,1215,50,4
3507,35.070176641,221.651000000,100,1200,1215,50,4
3508,35.080178102,221.651000000,100,1200,1215,50,4
3509,35.090177650,221.651000000,100,1200,1215,50,4
3510,35.100177618,221.651000000,100,1200,1215,50,4
3511,35.110178588,221.651000000,100,1335,1215,50,4
3512,35.120195598,177.628000000,100,1335,1215,51,4
3513,35.130177803,177.628000000,100,1335,1215,51,4
3514,35.140174555,177.628000000,100,1335,1215,51,4
3515,35.150178821,177.628000000,100,1335,1215,51,4
3516,35.160211951,177.628000000,100,1335,1215,51,4
3517,35.170177936,177.628000000,100,1335,1215,51,4
3518,35.180176882,177.628000000,100,1335,1215,51,4
3519,35.190177271,177.628000000,100,1335,1215,51,4
3520,35.200177389,177.628000000,100,1335,1215,51,4
3521,35.210178349,177.628000000,100,1155,1215,51,4
3522,35.220178087,234.644000000,100,1155,1215,50,4
3523,35.230195758,234.644000000,100,1155,1215,50,4
3524,35.240179205,234.644000000,100,1155,1215,50,4
3525,35.250178292,234.644000000,100,1155,1215,50,4
3526,35.260188649,234.644000000,100,1155,1215,50,4
3527,35.270178469,234.644000000,100,1155,1215,50,4
3528,35.280177655,234.644000000,100,1155,1215,50,4
3529,35.290176762,234.644000000,100,1155,1215,50,4
3530,35.300205694,234.644000000,100,1155,1215,50,4
3531,35.310179994,234.644000000,100,1365,1215,50,4
3532,35.320181165,166.802000000,100,1365,1215,50,4
3533,35.330178157,166.802000000,100,1365,1215,50,4
3534,35.340177454,166.802000000,100,1365,1215,50,4
3535,35.350178274,166.802000000,100,1365,1215,50,4
3536,35.360196376,166.802000000,100,1365,1215,50,4
3537,35.370179272,166.802000000,100,1365,1215,50,4
3538,35.380177737,166.802000000,100,1365,1215,50,4
3539,35.390175591,166.802000000,100,1365,1215,50,4
3540,35.400175209,166.802000000,100,1365,1215,50,4
3541,35.410175778,166.802000000,100,1170,1215,50,4
3542,35.420179223,247.110000000,100,1170,1215,51,4
3543,35.430191955,247.110000000,100,1170,1215,51,4
3544,35.440178748,247.110000000,100,1170,1215,51,4
3545,35.450179658,247.110000000,100,1170,1215,51,4
3546,35.460184125,247.110000000,100,1170,1215,51,4
3547,35.470177581,247.110000000,100,1170,1215,51,4
3548,35.480177339,247.110000000,100,1170,1215,51,4
3549,35.490177317,247.110000000,100,1170,1215,51,4
3550,35.500177655,247.110000000,100,1170,1215,51,4
3551,35.510178305,247.110000000,100,1350,1215,51,4
3552,35.520178173,173.312000000,100,1350,1215,50,4
3553,35.530203278,173.312000000,100,1350,1215,50,4
3554,35.540183760,173.312000000,100,1350,1215,50,4
3555,35.550178298,173.312000000,100,1350,1215,50,4
3556,35.560182153,173.312000000,100,1350,1215,50,4
3557,35.570208010,173.312000000,100,1350,1215,50,4
3558,35.580181398,173.312000000,100,1350,1215,50,4
3559,35.590185484,173.312000000,100,1350,1215,50,4
3560,35.600226940,173.312000000,100,1350,1215,50,4
3561,35.610177976,173.312000000,100,1350,1215,50,4
3562,35.620176942,238.963000000,100,1185,1215,51,4
3563,35.630179626,238.963000000,100,1185,1215,51,4
3564,35.640221182,238.963000000,100,1185,1215,51,4
3565,35.650180584,238.963000000,100,1185,1215,51,4
3566,35.660175743,238.963000000,100,1185,1215,51,4
3567,35.670204315,238.963000000,100,1185,1215,51,4
3568,35.680176090,238.963000000,100,1185,1215,51,4
3569,35.690175457,238.963000000,100,1185,1215,51,4
3570,35.700178932,238.963000000,100,1185,1215,51,4
3571,35.710179100,238.963000000,100,1185,1215,51,4
3572,35.720178086,178.820000000,100,1215,1215,50,4
3573,35.730178345,178.820000000,100,1215,1215,50,4
3574,35.740186228,178.820000000,100,1215,1215,50,4
3575,35.750177821,178.820000000,100,1215,1215,50,4
3576,35.760177648,178.820000000,100,1215,1215,50,4
3577,35.770184740,178.820000000,100,1215,1215,50,4
3578,35.780176212,178.820000000,100,1215,1215,50,4
3579,35.790175759,178.820000000,100,1215,1215,50,4
3580,35.800184123,178.820000000,100,1215,1215,50,4
3581,35.810177790,178.820000000,100,1305,1215,50,4
3582,35.820178800,204.459000000,100,1305,1215,51,4
3583,35.830178327,204.459000000,100,1305,1215,51,4
3584,35.840177484,204.459000000,100,1305,1215,51,4
3585,35.850184996,204.459000000,100,1305,1215,51,4
3586,35.860178342,204.459000000,100,1305,1215,51,4
3587,35.870177689,204.459000000,100,1305,1215,51,4
3588,35.880182355,204.459000000,100,1305,1215,51,4
3589,35.890178026,204.459000000,100,1305,1215,51,4
3590,35.900177142,204.459000000,100,1305,1215,51,4
3591,35.910191307,204.459000000,100,1200,1215,51,4
3592,35.920178501,207.226000000,100,1200,1215,50,4
3593,35.930179431,207.226000000,100,1200,1215,50,4
3594,35.940177946,207.226000000,100,1200,1215,50,4
3595,35.950177494,207.226000000,100,1200,1215,50,4
3596,35.960177211,207.226000000,100,1200,1215,50,4
3597,35.970177901,207.226000000,100,1200,1215,50,4
3598,35.980177538,207.226000000,100,1200,1215,50,4
3599,35.990178168,207.226000000,100,1200,1215,50,4
3600,36.000177535,207.226000000,100,1200,1215,50,4
3601,36.010178855,207.226000000,100,1335,1215,50,4
3602,36.020183643,187.953000000,100,1335,1215,51,4
3603,36.030177750,187.953000000,100,1335,1215,51,4
3604,36.040177187,187.953000000,100,1335,1215,51,4
3605,36.050180181,187.953000000,100,1335,1215,51,4
3606,36.060177183,187.953000000,100,1335,1215,51,4
3607,36.070178093,187.953000000,100,1335,1215,51,4
3608,36.080178532,187.953000000,100,1335,1215,51,4
3609,36.090177739,187.953000000,100,1335,1215,51,4
3610,36.100177046,187.953000000,100,1335,1215,51,4
3611,36.110178296,187.953000000,100,1185,1215,51,4
3612,36.120179126,229.013000000,100,1185,1215,51,4
3613,36.130177642,229.013000000,100,1185,1215,51,4
3614,36.140178010,229.013000000,100,1185,1215,51,4
3615,36.150177327,229.013000000,100,1185,1215,51,4
3616,36.160182385,229.013000000,100,1185,1215,51,4
3617,36.170179197,229.013000000,100,1185,1215,51,4
3618,36.180179226,229.013000000,100,1185,1215,51,4
3619,36.190177641,229.013000000,100,1185,1215,51,4
3620,36.200178671,229.013000000,100,1185,1215,51,4
3621,36.210177627,229.013000000,100,1335,1215,51,4
3622,36.220177806,171.684000000,100,1335,1215,50,4
3623,36.230178856,171.684000000,100,1335,1215,50,4
3624,36.240176460,171.684000000,100,1335,1215,50,4
3625,36.250205602,171.684000000,100,1335,1215,50,4
3626,36.260178961,171.684000000,100,1335,1215,50,4
3627,36.270181854,171.684000000,100,1335,1215,50,4
3628,36.280199005,171.684000000,100,1335,1215,50,4
3629,36.290176541,171.684000000,100,1335,1215,50,4
3630,36.300174685,171.684000000,100,1335,1215,50,4
3631,36.310187357,171.684000000,100,1215,1215,50,4
3632,36.320180623,244.685000000,100,1215,1215,51,4
3633,36.330178447,244.685000000,100,1215,1215,51,4
3634,36.340182252,244.685000000,100,1215,1215,51,4
3635,36.350177381,244.685000000,100,1215,1215,51,4
3636,36.360176578,244.685000000,100,1215,1215,51,4
3637,36.370177468,244.685000000,100,1215,1215,51,4
3638,36.380184449,244.685000000,100,1215,1215,51,4
3639,36.390176653,244.685000000,100,1215,1215,51,4
3640,36.400176120,244.685000000,100,1215,1215,51,4
3641,36.410191998,244.685000000,100,1275,1215,51,4
3642,36.420177950,177.374000000,100,1275,1215,50,4
3643,36.430179291,177.374000000,100,1275,1215,50,4
3644,36.440182936,177.374000000,100,1275,1215,50,4
3645,36.450177934,177.374000000,100,1275,1215,50,4
3646,36.460178984,177.374000000,100,1275,1215,50,4
3647,36.470181918,177.374000000,100,1275,1215,50,4
3648,36.480175484,177.374000000,100,1275,1215,50,4
3649,36.490175983,177.374000000,100,1275,1215,50,4
3650,36.500177955,177.374000000,100,1275,1215,50,4
3651,36.510187451,177.374000000,100,1290,1215,50,4
3652,36.520178633,224.050000000,100,1290,1215,51,4
3653,36.530176687,224.050000000,100,1290,1215,51,4
3654,36.540183549,224.050000000,100,1290,1215,51,4
3655,36.550179088,224.050000000,100,1290,1215,51,4
3656,36.560177193,224.050000000,100,1290,1215,51,4
3657,36.570176480,224.050000000,100,1290,1215,51,4
3658,36.580179714,224.050000000,100,1290,1215,51,4
3659,36.590178039,224.050000000,100,1290,1215,51,4
3660,36.600177637,224.050000000,100,1290,1215,51,4
3661,36.610178236,224.050000000,100,1185,1215,51,4
3662,36.620181781,201.785000000,100,1185,1215,50,4
3663,36.630177541,201.785000000,100,1185,1215,50,4
3664,36.640177760,201.785000000,100,1185,1215,50,4
3665,36.650180413,201.785000000,100,1185,1215,50,4
3666,36.660176624,201.785000000,100,1185,1215,50,4
3667,36.670177173,201.785000000,100,1185,1215,50,4
3668,36.680175298,201.785000000,100,1185,1215,50,4
3669,36.690185886,201.785000000,100,1185,1215,50,4
3670,36.700180744,201.785000000,100,1185,1215,50,4
3671,36.710177567,201.785000000,100,1335,1215,50,4
3672,36.720183706,179.848000000,100,1335,1215,50,4
3673,36.730177383,179.848000000,100,1335,1215,50,4
3674,36.740178904,179.848000000,100,1335,1215,50,4
3675,36.750178311,179.848000000,100,1335,1215,50,4
3676,36.760176966,179.848000000,100,1335,1215,50,4
3677,36.770177135,179.848000000,100,1335,1215,50,4
3678,36.780181000,179.848000000,100,1335,1215,50,4
3679,36.790177272,179.848000000,100,1335,1215,50,4
3680,36.800176679,179.848000000,100,1335,1215,50,4
3681,36.810178029,179.848000000,100,1200,1215,50,4
3682,36.820178268,225.017000000,100,1200,1215,50,4
3683,36.830177284,225.017000000,100,1200,1215,50,4
3684,36.840177473,225.017000000,100,1200,1215,50,4
3685,36.850177321,225.017000000,100,1200,1215,50,4
3686,36.860178692,225.017000000,100,1200,1215,50,4
3687,36.870176886,225.017000000,100,1200,1215,50,4
3688,36.880177205,225.017000000,100,1200,1215,50,4
3689,36.890176903,225.017000000,100,1200,1215,50,4
3690,36.900176520,225.017000000,100,1200,1215,50,4
3691,36.910177530,225.017000000,100,1335,1215,50,4
3692,36.920177168,183.598000000,100,1335,1215,50,4
3693,36.930176755,183.598000000,100,1335,1215,50,4
3694,36.940177555,183.598000000,100,1335,1215,50,4
3695,36.950178184,183.598000000,100,1335,1215,50,4
3696,36.960176309,183.598000000,100,1335,1215,50,4
3697,36.970177630,183.598000000,100,1335,1215,50,4
3698,36.980177437,183.598000000,100,1335,1215,50,4
3699,36.990177917,183.598000000,100,1335,1215,50,4
3700,37.000177584,183.598000000,100,1335,1215,50,4
3701,37.010182451,183.598000000,100,1335,1215,50,4
3702,37.020177941,236.216000000,100,1200,1215,51,4
3703,37.030176687,236.216000000,100,1200,1215,51,4
3704,37.040177687,236.216000000,100,1200,1215,51,4
3705,37.050183156,236.216000000,100,1200,1215,51,4
3706,37.060176040,236.216000000,100,1200,1215,51,4
3707,37.070175588,236.216000000,100,1200,1215,51,4
3708,37.080196044,236.216000000,100,1200,1215,51,4
3709,37.090178920,236.216000000,100,1200,1215,51,4
3710,37.100207402,236.216000000,100,1200,1215,51,4
3711,37.110181592,236.216000000,100,1200,1215,51,4
3712,37.120178905,171.895000000,100,1275,1215,50,4
3713,37.130181177,171.895000000,100,1275,1215,50,4
3714,37.140177489,171.895000000,100,1275,1215,50,4
3715,37.150251736,171.895000000,100,1275,1215,50,4
3716,37.160213503,171.895000000,100,1275,1215,50,4
3717,37.170203231,171.895000000,100,1275,1215,50,4
3718,37.180189684,171.895000000,100,1275,1215,50,4
3719,37.190189282,171.895000000,100,1275,1215,50,4
3720,37.200177247,171.895000000,100,1275,1215,50,4
3721,37.210180662,171.895000000,100,1305,1215,50,4
3722,37.220572185,226.158000000,100,1305,1215,51,4
3723,37.230193142,226.158000000,100,1305,1215,51,4
3724,37.240436967,226.158000000,100,1305,1215,51,4
3725,37.250178120,226.158000000,100,1305,1215,51,4
3726,37.260174311,226.158000000,100,1305,1215,51,4
3727,37.270199136,226.158000000,100,1305,1215,51,4
3728,37.280196018,226.158000000,100,1305,1215,51,4
3729,37.290198731,226.158000000,100,1305,1215,51,4
3730,37.300222865,226.158000000,100,1305,1215,51,4
3731,37.310193919,226.158000000,100,1200,1215,51,4
3732,37.320197674,187.127000000,100,1200,1215,50,4
3733,37.330219894,187.127000000,100,1200,1215,50,4
3734,37.340201267,187.127000000,100,1200,1215,50,4
3735,37.350226192,187.127000000,100,1200,1215,50,4
3736,37.360187648,187.127000000,100,1200,1215,50,4
3737,37.370205269,187.127000000,100,1200,1215,50,4
3738,37.380185200,187.127000000,100,1200,1215,50,4
3739,37.390182302,187.127000000,100,1200,1215,50,4
3740,37.400233897,187.127000000,100,1200,1215,50,4
3741,37.410182239,187.127000000,100,1350,1215,50,4
3742,37.420187327,200.018000000,100,1350,1215,51,4
3743,37.430190431,200.018000000,100,1350,1215,51,4
3744,37.440180791,200.018000000,100,1350,1215,51,4
3745,37.450224140,200.018000000,100,1350,1215,51,4
3746,37.460185556,200.018000000,100,1350,1215,51,4
3747,37.470180775,200.018000000,100,1350,1215,51,4
3748,37.480178629,200.018000000,100,1350,1215,51,4
3749,37.490237368,200.018000000,100,1350,1215,51,4
3750,37.500210986,200.018000000,100,1350,1215,51,4
3751,37.510180578,200.018000000,100,1155,1215,51,4
3752,37.520190334,223.463000000,100,1155,1215,51,4
3753,37.530192326,223.463000000,100,1155,1215,51,4
3754,37.540178789,223.463000000,100,1155,1215,51,4
3755,37.550176673,223.463000000,100,1155,1215,51,4
3756,37.560190086,223.463000000,100,1155,1215,51,4
3757,37.570195605,223.463000000,100,1155,1215,51,4
3758,37.580178411,223.463000000,100,1155,1215,51,4
3759,37.590177257,223.463000000,100,1155,1215,51,4
3760,37.600181353,223.463000000,100,1155,1215,51,4
3761,37.610178846,223.463000000,100,1335,1215,51,4
3762,37.620180297,158.433000000,100,1335,1215,50,4
3763,37.630209390,158.433000000,100,1335,1215,50,4
3764,37.640193218,158.433000000,100,1335,1215,50,4
3765,37.650176805,158.433000000,100,1335,1215,50,4
3766,37.660178246,158.433000000,100,1335,1215,50,4
3767,37.670190868,158.433000000,100,1335,1215,50,4
3768,37.680177862,158.433000000,100,1335,1215,50,4
3769,37.690175215,158.433000000,100,1335,1215,50,4
3770,37.700190081,158.433000000,100,1335,1215,50,4
3771,37.710190290,158.433000000,100,1215,1215,50,4
3772,37.720178135,256.097000000,100,1215,1215,51,4
3773,37.730214111,256.097000000,100,1215,1215,51,4
3774,37.740202527,256.097000000,100,1215,1215,51,4
3775,37.750178621,256.097000000,100,1215,1215,51,4
3776,37.760187055,256.097000000,100,1215,1215,51,4
3777,37.770197973,256.097000000,100,1215,1215,51,4
3778,37.780195597,256.097000000,100,1215,1215,51,4
3779,37.790186538,256.097000000,100,1215,1215,51,4
3780,37.800184633,256.097000000,100,1215,1215,51,4
3781,37.810202965,256.097000000,100,1275,1215,51,4
3782,37.820201481,157.082000000,100,1275,1215,50,4
3783,37.830178015,157.082000000,100,1275,1215,50,4
3784,37.840202409,157.082000000,100,1275,1215,50,4
3785,37.850187629,157.082000000,100,1275,1215,50,4
3786,37.860175515,157.082000000,100,1275,1215,50,4
3787,37.870181114,157.082000000,100,1275,1215,50,4
3788,37.880175351,157.082000000,100,1275,1215,50,4
3789,37.890179878,157.082000000,100,1275,1215,50,4
3790,37.900184535,157.082000000,100,1275,1215,50,4
3791,37.910177780,157.082000000,100,1275,1215,50,4
3792,37.920178730,255.250000000,100,1275,1215,51,4
3793,37.930176123,255.250000000,100,1275,1215,51,4
3794,37.940179027,255.250000000,100,1275,1215,51,4
3795,37.950197550,255.250000000,100,1275,1215,51,4
3796,37.960178322,255.250000000,100,1275,1215,51,4
3797,37.970203638,255.250000000,100,1275,1215,51,4
3798,37.980197515,255.250000000,100,1275,1215,51,4
3799,37.990179529,255.250000000,100,1275,1215,51,4
3800,38.000180499,255.250000000,100,1275,1215,51,4
3801,38.010180708,255.250000000,100,1155,1215,51,4
3802,38.020175776,166.396000000,100,1155,1215,50,4
3803,38.030175354,166.396000000,100,1155,1215,50,4
3804,38.040199598,166.396000000,100,1155,1215,50,4
3805,38.050201319,166.396000000,100,1155,1215,50,4
3806,38.060177382,166.396000000,100,1155,1215,50,4
3807,38.070189994,166.396000000,100,1155,1215,50,4
3808,38.080211753,166.396000000,100,1155,1215,50,4
3809,38.090180893,166.396000000,100,1155,1215,50,4
3810,38.100196751,166.396000000,100,1155,1215,50,4
3811,38.110201709,166.396000000,100,1350,1215,50,4
3812,38.120180838,224.243000000,100,1350,1215,51,4
3813,38.130179173,224.243000000,100,1350,1215,51,4
3814,38.140193168,224.243000000,100,1350,1215,51,4
3815,38.150204266,224.243000000,100,1350,1215,51,4
3816,38.160179137,224.243000000,100,1350,1215,51,4
3817,38.170200776,224.243000000,100,1350,1215,51,4
3818,38.180182300,224.243000000,100,1350,1215,51,4
3819,38.190176096,224.243000000,100,1350,1215,51,4
3820,38.200206161,224.243000000,100,1350,1215,51,4
3821,38.210203164,224.243000000,100,1140,1215,51,4
3822,38.220179578,199.869000000,100,1140,1215,50,4
3823,38.230184976,199.869000000,100,1140,1215,50,4
3824,38.240200834,199.869000000,100,1140,1215,50,4
3825,38.250176086,199.869000000,100,1140,1215,50,4
3826,38.260189840,199.869000000,100,1140,1215,50,4
3827,38.270205257,199.869000000,100,1140,1215,50,4
3828,38.280179907,199.869000000,100,1140,1215,50,4
3829,38.290177942,199.869000000,100,1140,1215,50,4
3830,38.300198629,199.869000000,100,1140,1215,50,4
3831,38.310198286,199.869000000,100,1365,1215,50,4
3832,38.320180211,187.569000000,100,1365,1215,51,4
3833,38.330182363,187.569000000,100,1365,1215,51,4
3834,38.340181419,187.569000000,100,1365,1215,51,4
3835,38.350177490,187.569000000,100,1365,1215,51,4
3836,38.360182378,187.569000000,100,1365,1215,51,4
3837,38.370180302,187.569000000,100,1365,1215,51,4
3838,38.380208443,187.569000000,100,1365,1215,51,4
3839,38.390221315,187.569000000,100,1365,1215,51,4
3840,38.400179545,187.569000000,100,1365,1215,51,4
3841,38.410181146,187.569000000,100,1365,1215,51,4
3842,38.420179191,241.639000000,100,1155,1215,51,4
3843,38.430197563,241.639000000,100,1155,1215,51,4
3844,38.440201579,241.639000000,100,1155,1215,51,4
3845,38.450203381,241.639000000,100,1155,1215,51,4
3846,38.460199532,241.639000000,100,1155,1215,51,4
3847,38.470239805,241.639000000,100,1155,1215,51,4
3848,38.480204307,241.639000000,100,1155,1215,51,4
3849,38.490188415,241.639000000,100,1155,1215,51,4
3850,38.500180559,241.639000000,100,1155,1215,51,4
3851,38.510176079,241.639000000,100,1155,1215,51,4
3852,38.520176918,148.780000000,100,1305,1215,50,4
3853,38.530179922,148.780000000,100,1305,1215,50,4
3854,38.540182205,148.780000000,100,1305,1215,50,4
3855,38.550177975,148.780000000,100,1305,1215,50,4
3856,38.560182151,148.780000000,100,1305,1215,50,4
3857,38.570180827,148.780000000,100,1305,1215,50,4
3858,38.580195232,148.780000000,100,1305,1215,50,4
3859,38.590176896,148.780000000,100,1305,1215,50,4
3860,38.600184518,148.780000000,100,1305,1215,50,4
3861,38.610185548,148.780000000,100,1305,1215,50,4
3862,38.620175768,251.822000000,100,1305,1215,51,4
3863,38.630189031,251.822000000,100,1305,1215,51,4
3864,38.640204999,251.822000000,100,1305,1215,51,4
3865,38.650190270,251.822000000,100,1305,1215,51,4
3866,38.660176242,251.822000000,100,1305,1215,51,4
3867,38.670193753,251.822000000,100,1305,1215,51,4
3868,38.680183913,251.822000000,100,1305,1215,51,4
3869,38.690179362,251.822000000,100,1305,1215,51,4
3870,38.700192475,251.822000000,100,1305,1215,51,4
3871,38.710193225,251.822000000,100,1185,1215,51,4
3872,38.720177644,163.881000000,100,1185,1215,50,4
3873,38.730175017,163.881000000,100,1185,1215,50,4
3874,38.740179373,163.881000000,100,1185,1215,50,4
3875,38.750180283,163.881000000,100,1185,1215,50,4
3876,38.760194819,163.881000000,100,1185,1215,50,4
3877,38.770187683,163.881000000,100,1185,1215,50,4
3878,38.780183293,163.881000000,100,1185,1215,50,4
3879,38.790178282,163.881000000,100,1185,1215,50,4
3880,38.800175054,163.881000000,100,1185,1215,50,4
3881,38.810185422,163.881000000,100,1365,1215,50,4
3882,38.820177305,245.872000000,100,1365,1215,50,4
3883,38.830180619,245.872000000,100,1365,1215,52,4
3884,38.840177842,245.872000000,100,1365,1215,52,4
3885,38.850185996,245.872000000,100,1365,1215,52,4
3886,38.860181055,245.872000000,100,1365,1215,52,4
3887,38.870176595,245.872000000,100,1365,1215,52,4
3888,38.880175962,245.872000000,100,1365,1215,52,4
3889,38.890188694,245.872000000,100,1365,1215,52,4
3890,38.900195034,245.872000000,100,1365,1215,52,4
3891,38.910181967,245.872000000,100,1125,1215,52,4
3892,38.920189189,184.494000000,100,1125,1215,50,4
3893,38.930187184,184.494000000,100,1125,1215,50,4
3894,38.940176732,184.494000000,100,1125,1215,50,4
3895,38.950180888,184.494000000,100,1125,1215,50,4
3896,38.960177520,184.494000000,100,1125,1215,50,4
3897,38.970184511,184.494000000,100,1125,1215,50,4
3898,38.980189850,184.494000000,100,1125,1215,50,4
3899,38.990186031,184.494000000,100,1125,1215,50,4
3900,39.000185338,184.494000000,100,1125,1215,50,4
3901,39.010180306,184.494000000,100,1365,1215,50,4
3902,39.020178070,196.850000000,100,1365,1215,51,4
3903,39.030180774,196.850000000,100,1365,1215,51,4
3904,39.040176353,196.850000000,100,1365,1215,51,4
3905,39.050175791,196.850000000,100,1365,1215,51,4
3906,39.060182571,196.850000000,100,1365,1215,51,4
3907,39.070176518,196.850000000,100,1365,1215,51,4
3908,39.080178360,196.850000000,100,1365,1215,51,4
3909,39.090193767,196.850000000,100,1365,1215,51,4
3910,39.100181983,196.850000000,100,1365,1215,51,4
3911,39.110177333,196.850000000,100,1170,1215,51,4
3912,39.120177772,214.178000000,100,1170,1215,51,4
3913,39.130191055,214.178000000,100,1170,1215,51,4
3914,39.140176325,214.178000000,100,1170,1215,51,4
3915,39.150203995,214.178000000,100,1170,1215,51,4
3916,39.160196369,214.178000000,100,1170,1215,51,4
3917,39.170182522,214.178000000,100,1170,1215,51,4
3918,39.180183231,214.178000000,100,1170,1215,51,4
3919,39.190191194,214.178000000,100,1170,1215,51,4
3920,39.200177196,214.178000000,100,1170,1215,51,4
3921,39.210212591,214.178000000,100,1335,1215,51,4
3922,39.220178435,175.086000000,100,1335,1215,50,4
3923,39.230186298,175.086000000,100,1335,1215,50,4
3924,39.240176698,175.086000000,100,1335,1215,50,4
3925,39.250217553,175.086000000,100,1335,1215,50,4
3926,39.260191302,175.086000000,100,1335,1215,50,4
3927,39.270189657,175.086000000,100,1335,1215,50,4
3928,39.280178644,175.086000000,100,1335,1215,50,4
3929,39.290177510,175.086000000,100,1335,1215,50,4
3930,39.300185403,175.086000000,100,1335,1215,50,4
3931,39.310451651,175.086000000,100,1245,1215,50,4
3932,39.320186923,250.282000000,100,1245,1215,52,4
3933,39.330202500,250.282000000,100,1245,1215,52,4
3934,39.340247232,250.282000000,100,1245,1215,52,4
3935,39.350179053,250.282000000,100,1245,1215,52,4
3936,39.360181876,250.282000000,100,1245,1215,52,4
3937,39.370174761,250.282000000,100,1245,1215,52,4
3938,39.380218691,250.282000000,100,1245,1215,52,4
3939,39.390195136,250.282000000,100,1245,1215,52,4
3940,39.400176829,250.282000000,100,1245,1215,52,4
3941,39.410231540,250.282000000,100,1230,1215,52,4
3942,39.420187536,148.382000000,100,1230,1215,50,4
3943,39.430196110,148.382000000,100,1230,1215,50,4
3944,39.440179547,148.382000000,100,1230,1215,50,4
3945,39.450178794,148.382000000,100,1230,1215,50,4
3946,39.460182239,148.382000000,100,1230,1215,50,4
3947,39.470457563,148.382000000,100,1230,1215,50,4
3948,39.480178067,148.382000000,100,1230,1215,50,4
3949,39.490177024,148.382000000,100,1230,1215,50,4
3950,39.500182963,148.382000000,100,1230,1215,50,4
3951,39.510217656,148.382000000,100,1305,1215,50,4
3952,39.520179172,251.929000000,100,1305,1215,51,4
3953,39.530188097,251.929000000,100,1305,1215,51,4
3954,39.540297470,251.929000000,100,1305,1215,51,4
3955,39.550180609,251.929000000,100,1305,1215,51,4
3956,39.560181449,251.929000000,100,1305,1215,51,4
3957,39.570176739,251.929000000,100,1305,1215,51,4
3958,39.580220359,251.929000000,100,1305,1215,51,4
3959,39.590191442,251.929000000,100,1305,1215,51,4
3960,39.600195568,251.929000000,100,1305,1215,51,4
3961,39.610214492,251.929000000,100,1185,1215,51,4
3962,39.620177250,159.946000000,100,1185,1215,50,4
3963,39.630190343,159.946000000,100,1185,1215,50,4
3964,39.640206181,159.946000000,100,1185,1215,50,4
3965,39.650180702,159.946000000,100,1185,1215,50,4
3966,39.660185509,159.946000000,100,1185,1215,50,4
3967,39.670187581,159.946000000,100,1185,1215,50,4
3968,39.680179073,159.946000000,100,1185,1215,50,4
3969,39.690181315,159.946000000,100,1185,1215,50,4
3970,39.700206781,159.946000000,100,1185,1215,50,4
3971,39.710218862,159.946000000,100,1185,1215,50,4
3972,39.720178395,241.684000000,100,1335,1215,51,4
3973,39.730195294,241.684000000,100,1335,1215,51,4
3974,39.740202687,241.684000000,100,1335,1215,51,4
3975,39.750178539,241.684000000,100,1335,1215,51,4
3976,39.760176053,241.684000000,100,1335,1215,51,4
3977,39.770205306,241.684000000,100,1335,1215,51,4
3978,39.780198572,241.684000000,100,1335,1215,51,4
3979,39.790196366,241.684000000,100,1335,1215,51,4
3980,39.800183269,241.684000000,100,1335,1215,51,4
3981,39.810177096,241.684000000,100,1155,1215,51,4
3982,39.820176713,175.662000000,100,1155,1215,50,4
3983,39.830183154,175.662000000,100,1155,1215,50,4
3984,39.840193050,175.662000000,100,1155,1215,50,4
3985,39.850178291,175.662000000,100,1155,1215,50,4
3986,39.860182597,175.662000000,100,1155,1215,50,4
3987,39.870191322,175.662000000,100,1155,1215,50,4
3988,39.880179037,175.662000000,100,1155,1215,50,4
3989,39.890190176,175.662000000,100,1155,1215,50,4
3990,39.900180526,175.662000000,100,1155,1215,50,4
3991,39.910192036,175.662000000,100,1155,1215,50,4
3992,39.920178158,220.969000000,100,1350,1215,51,4
3993,39.930180661,220.969000000,100,1350,1215,51,4
3994,39.940180619,220.969000000,100,1350,1215,51,4
3995,39.950187891,220.969000000,100,1350,1215,51,4
3996,39.960183040,220.969000000,100,1350,1215,51,4
3997,39.970179321,220.969000000,100,1350,1215,51,4
3998,39.980181233,220.969000000,100,1350,1215,51,4
3999,39.990230955,220.969000000,100,1350,1215,51,4
4000,40.000197400,220.969000000,100,1350,1215,51,4
4001,40.010176919,220.969000000,100,1170,1215,51,4
4002,40.020193839,189.711000000,100,1170,1215,51,4
4003,40.030193407,189.711000000,100,1170,1215,51,4
4004,40.040197152,189.711000000,100,1170,1215,51,4
4005,40.050177063,189.711000000,100,1170,1215,51,4
4006,40.060197559,189.711000000,100,1170,1215,51,4
4007,40.070179544,189.711000000,100,1170,1215,51,4
4008,40.080175023,189.711000000,100,1170,1215,51,4
4009,40.090179730,189.711000000,100,1170,1215,51,4
4010,40.100204535,189.711000000,100,1170,1215,51,4
4011,40.110199564,189.711000000,100,1335,1215,51,4
4012,40.120175748,207.984000000,100,1335,1215,51,4
4013,40.130184182,207.984000000,100,1335,1215,51,4
4014,40.140190722,207.984000000,100,1335,1215,51,4
4015,40.150180100,207.984000000,100,1335,1215,51,4
4016,40.160200687,207.984000000,100,1335,1215,51,4
4017,40.170177532,207.984000000,100,1335,1215,51,4
4018,40.180182279,207.984000000,100,1335,1215,51,4
4019,40.190176456,207.984000000,100,1335,1215,51,4
4020,40.200193366,207.984000000,100,1335,1215,51,4
4021,40.210217870,207.984000000,100,1215,1215,51,4
4022,40.220180649,212.621000000,100,1215,1215,51,4
4023,40.230226623,212.621000000,100,1215,1215,51,4
4024,40.240364811,212.621000000,100,1215,1215,51,4
4025,40.250177668,212.621000000,100,1215,1215,51,4
4026,40.260178778,212.621000000,100,1215,1215,51,4
4027,40.270207971,212.621000000,100,1215,1215,51,4
4028,40.280180297,212.621000000,100,1215,1215,51,4
4029,40.290175977,212.621000000,100,1215,1215,51,4
4030,40.300200251,212.621000000,100,1215,1215,51,4
4031,40.310202904,212.621000000,100,1260,1215,51,4
4032,40.320177976,172.070000000,100,1260,1215,50,4
4033,40.330176261,172.070000000,100,1260,1215,50,4
4034,40.340207527,172.070000000,100,1260,1215,50,4
4035,40.350183511,172.070000000,100,1260,1215,50,4
4036,40.360179541,172.070000000,100,1260,1215,50,4
4037,40.370205628,172.070000000,100,1260,1215,50,4
4038,40.380204194,172.070000000,100,1260,1215,50,4
4039,40.390175829,172.070000000,100,1260,1215,50,4
4040,40.400175787,172.070000000,100,1260,1215,50,4
4041,40.410184973,172.070000000,100,1305,1215,50,4
4042,40.420182005,249.759000000,100,1305,1215,52,4
4043,40.430175742,249.759000000,100,1305,1215,52,4
4044,40.440193273,249.759000000,100,1305,1215,52,4
4045,40.450201306,249.759000000,100,1305,1215,52,4
4046,40.460176878,249.759000000,100,1305,1215,52,4
4047,40.470180143,249.759000000,100,1305,1215,52,4
4048,40.480189378,249.759000000,100,1305,1215,52,4
4049,40.490179147,249.759000000,100,1305,1215,52,4
4050,40.500185056,249.759000000,100,1305,1215,52,4
4051,40.510185576,249.759000000,100,1155,1215,52,4
4052,40.520181546,155.705000000,100,1155,1215,50,4
4053,40.530176956,155.705000000,100,1155,1215,50,4
4054,40.540195198,155.705000000,100,1155,1215,50,4
4055,40.550201358,155.705000000,100,1155,1215,50,4
4056,40.560191297,155.705000000,100,1155,1215,50,4
4057,40.570195674,155.705000000,100,1155,1215,50,4
4058,40.580185894,155.705000000,100,1155,1215,50,4
4059,40.590176665,155.705000000,100,1155,1215,50,4
4060,40.600178787,155.705000000,100,1155,1215,50,4
4061,40.610203191,155.705000000,100,1350,1215,50,4
4062,40.620180156,241.542000000,100,1350,1215,51,4
4063,40.630178260,241.542000000,100,1350,1215,51,4
4064,40.640200791,241.542000000,100,1350,1215,51,4
4065,40.650202292,241.542000000,100,1350,1215,51,4
4066,40.660176401,241.542000000,100,1350,1215,51,4
4067,40.670179125,241.542000000,100,1350,1215,51,4
4068,40.680183531,241.542000000,100,1350,1215,51,4
4069,40.690176246,241.542000000,100,1350,1215,51,4
4070,40.700181413,241.542000000,100,1350,1215,51,4
4071,40.710185539,241.542000000,100,1155,1215,51,4
4072,40.720178024,173.347000000,100,1155,1215,50,4
4073,40.730176960,173.347000000,100,1155,1215,50,4
4074,40.740252490,173.347000000,100,1155,1215,50,4
4075,40.750204939,173.347000000,100,1155,1215,50,4
4076,40.760189548,173.347000000,100,1155,1215,50,4
4077,40.770195978,173.347000000,100,1155,1215,50,4
4078,40.780194864,173.347000000,100,1155,1215,50,4
4079,40.790177370,173.347000000,100,1155,1215,50,4
4080,40.800184822,173.347000000,100,1155,1215,50,4
4081,40.810198396,173.347000000,100,1155,1215,50,4
4082,40.820178797,216.579000000,100,1350,1215,50,4
4083,40.830175970,216.579000000,100,1350,1215,50,4
4084,40.840180156,216.579000000,100,1350,1215,50,4
4085,40.850196074,216.579000000,100,1350,1215,50,4
4086,40.860175253,216.579000000,100,1350,1215,50,4
4087,40.870174810,216.579000000,100,1350,1215,50,4
4088,40.880200397,216.579000000,100,1350,1215,50,4
4089,40.890203751,216.579000000,100,1350,1215,50,4
4090,40.900179384,216.579000000,100,1350,1215,50,4
4091,40.910189892,216.579000000,100,1350,1215,50,4
4092,40.920179711,201.495000000,100,1185,1215,51,4
4093,40.930196771,201.495000000,100,1185,1215,51,4
4094,40.940177713,201.495000000,100,1185,1215,51,4
4095,40.950181288,201.495000000,100,1185,1215,51,4
4096,40.960197276,201.495000000,100,1185,1215,51,4
4097,40.970183960,201.495000000,100,1185,1215,51,4
4098,40.980183407,201.495000000,100,1185,1215,51,4
4099,40.990194085,201.495000000,100,1185,1215,51,4
4100,41.000178634,201.495000000,100,1185,1215,51,4
4101,41.010177120,201.495000000,100,1185,1215,51,4
4102,41.020194040,186.730000000,100,1245,1215,51,4
4103,41.030186724,186.730000000,100,1245,1215,50,4
4104,41.040181723,186.730000000,100,1245,1215,50,4
4105,41.050188123,186.730000000,100,1245,1215,50,4
4106,41.060183492,186.730000000,100,1245,1215,50,4
4107,41.070186667,186.730000000,100,1245,1215,50,4
4108,41.080182026,186.730000000,100,1245,1215,50,4
4109,41.090179089,186.730000000,100,1245,1215,50,4
4110,41.100181502,186.730000000,100,1245,1215,50,4
4111,41.110188353,186.730000000,100,1245,1215,50,4
4112,41.120176659,240.282000000,100,1335,1215,52,4
4113,41.130178761,240.282000000,100,1335,1215,52,4
4114,41.140193036,240.282000000,100,1335,1215,52,4
4115,41.150180931,240.282000000,100,1335,1215,52,4
4116,41.160211507,240.282000000,100,1335,1215,52,4
4117,41.170230821,240.282000000,100,1335,1215,52,4
4118,41.180256778,240.282000000,100,1335,1215,52,4
4119,41.190207334,240.282000000,100,1335,1215,52,4
4120,41.200183157,240.282000000,100,1335,1215,52,4
4121,41.210195348,240.282000000,100,1335,1215,52,4
4122,41.220179446,240.282000000,100,1110,1215,52,4
4123,41.230180586,155.494000000,100,1110,1215,50,4
4124,41.240204269,155.494000000,100,1110,1215,50,4
4125,41.250206752,155.494000000,100,1110,1215,50,4
4126,41.260182414,155.494000000,100,1110,1215,50,4
4127,41.270196008,155.494000000,100,1110,1215,50,4
4128,41.280201647,155.494000000,100,1110,1215,50,4
4129,41.290198980,155.494000000,100,1110,1215,50,4
4130,41.300203096,155.494000000,100,1110,1215,50,4
4131,41.310229033,155.494000000,100,1110,1215,50,4
4132,41.320211408,155.494000000,100,1365,1215,50,4
4133,41.330177893,256.123000000,100,1365,1215,51,4
4134,41.340184394,256.123000000,100,1365,1215,51,4
4135,41.350181547,256.123000000,100,1365,1215,51,4
4136,41.360194649,256.123000000,100,1365,1215,51,4
4137,41.370176874,256.123000000,100,1365,1215,51,4
4138,41.380190568,256.123000000,100,1365,1215,51,4
4139,41.390195506,256.123000000,100,1365,1215,51,4
4140,41.400179864,256.123000000,100,1365,1215,51,4
4141,41.410202716,256.123000000,100,1365,1215,51,4
4142,41.420179470,256.123000000,100,1125,1215,51,4
4143,41.430183135,158.729000000,100,1125,1215,50,4
4144,41.440177663,158.729000000,100,1125,1215,50,4
4145,41.450177882,158.729000000,100,1125,1215,50,4
4146,41.460229968,158.729000000,100,1125,1215,50,4
4147,41.470191343,158.729000000,100,1125,1215,50,4
4148,41.480191031,158.729000000,100,1125,1215,50,4
4149,41.490207280,158.729000000,100,1125,1215,50,4
4150,41.500192280,158.729000000,100,1125,1215,50,4
4151,41.510178462,158.729000000,100,1125,1215,50,4
4152,41.520180344,158.729000000,100,1365,1215,50,4
4153,41.530183438,251.616000000,100,1365,1215,51,4
4154,41.540196130,251.616000000,100,1365,1215,51,4
4155,41.550178936,251.616000000,100,1365,1215,51,4
4156,41.560187380,251.616000000,100,1365,1215,51,4
4157,41.570197437,251.616000000,100,1365,1215,51,4
4158,41.580179040,251.616000000,100,1365,1215,51,4
4159,41.590175422,251.616000000,100,1365,1215,51,4
4160,41.600200086,251.616000000,100,1365,1215,51,4
4161,41.610179015,251.616000000,100,1365,1215,51,4
4162,41.620176038,251.616000000,100,1155,1215,51,4
4163,41.630177098,176.688000000,100,1155,1215,51,4
4164,41.640181675,176.688000000,100,1155,1215,51,4
4165,41.650201360,176.688000000,100,1155,1215,51,4
4166,41.660180318,176.688000000,100,1155,1215,51,4
4167,41.670175978,176.688000000,100,1155,1215,51,4
4168,41.680205111,176.688000000,100,1155,1215,51,4
4169,41.690178971,176.688000000,100,1155,1215,51,4
4170,41.700179249,176.688000000,100,1155,1215,51,4
4171,41.710203783,176.688000000,100,1335,1215,51,4
4172,41.720180798,176.688000000,100,1335,1215,50,4
4173,41.730175376,176.688000000,100,1335,1215,50,4
4174,41.740181216,176.688000000,100,1335,1215,50,4
4175,41.750206451,176.688000000,100,1335,1215,50,4
4176,41.760179449,176.688000000,100,1335,1215,50,4
4177,41.770180639,176.688000000,100,1335,1215,50,4
4178,41.780209451,176.688000000,100,1335,1215,50,4
4179,41.790199822,176.688000000,100,1335,1215,50,4
4180,41.800176817,176.688000000,100,1335,1215,50,4
4181,41.810229474,176.688000000,100,1215,1215,50,4
4182,41.820360708,224.111000000,100,1215,1215,51,4
4183,41.830179206,224.111000000,100,1215,1215,51,4
4184,41.840209080,224.111000000,100,1215,1215,51,4
4185,41.850195523,224.111000000,100,1215,1215,51,4
4186,41.860181214,224.111000000,100,1215,1215,51,4
4187,41.870193856,224.111000000,100,1215,1215,51,4
4188,41.880376367,224.111000000,100,1215,1215,51,4
4189,41.890179676,224.111000000,100,1215,1215,51,4
4190,41.900179323,224.111000000,100,1215,1215,51,4
4191,41.910211402,224.111000000,100,1260,1215,51,4
4192,41.920194458,192.094000000,100,1260,1215,50,4
4193,41.930178376,192.094000000,100,1260,1215,50,4
4194,41.940197410,192.094000000,100,1260,1215,50,4
4195,41.950198160,192.094000000,100,1260,1215,50,4
4196,41.960179363,192.094000000,100,1260,1215,50,4
4197,41.970183138,192.094000000,100,1260,1215,50,4
4198,41.980198064,192.094000000,100,1260,1215,50,4
4199,41.990177183,192.094000000,100,1260,1215,50,4
4200,42.000180067,192.094000000,100,1260,1215,50,4
4201,42.014753474,192.094000000,100,1305,1215,50,4
4202,42.020177388,190.685000000,100,1305,1215,52,4
4203,42.030178939,190.685000000,100,1305,1215,52,4
4204,42.040185359,190.685000000,100,1305,1215,52,4
4205,42.050175108,190.685000000,100,1305,1215,52,4
4206,42.060175537,190.685000000,100,1305,1215,52,4
4207,42.070183200,190.685000000,100,1305,1215,52,4
4208,42.080176025,190.685000000,100,1305,1215,52,4
4209,42.090178317,190.685000000,100,1305,1215,52,4
4210,42.100178917,190.685000000,100,1305,1215,52,4
4211,42.110195386,190.685000000,100,1305,1215,52,4
4212,42.120177029,230.792000000,100,1155,1215,50,4
4213,42.130176376,230.792000000,100,1155,1215,50,4
4214,42.140195310,230.792000000,100,1155,1215,50,4
4215,42.150182424,230.792000000,100,1155,1215,50,4
4216,42.160178996,230.792000000,100,1155,1215,50,4
4217,42.170186779,230.792000000,100,1155,1215,50,4
4218,42.180188721,230.792000000,100,1155,1215,50,4
4219,42.190177828,230.792000000,100,1155,1215,50,4
4220,42.200176674,230.792000000,100,1155,1215,50,4
4221,42.210198113,230.792000000,100,1350,1215,50,4
4222,42.220181179,161.034000000,100,1350,1215,51,4
4223,42.230176969,161.034000000,100,1350,1215,51,4
4224,42.240179532,161.034000000,100,1350,1215,51,4
4225,42.250183789,161.034000000,100,1350,1215,51,4
4226,42.260176824,161.034000000,100,1350,1215,51,4
4227,42.270177523,161.034000000,100,1350,1215,51,4
4228,42.280187220,161.034000000,100,1350,1215,51,4
4229,42.290178021,161.034000000,100,1350,1215,51,4
4230,42.300200952,161.034000000,100,1350,1215,51,4
4231,42.310182555,161.034000000,100,1350,1215,51,4
4232,42.320205587,246.276000000,100,1125,1215,51,4
4233,42.330189946,246.276000000,100,1125,1215,51,4
4234,42.340205653,246.276000000,100,1125,1215,51,4
4235,42.350236279,246.276000000,100,1125,1215,51,4
4236,42.360196292,246.276000000,100,1125,1215,51,4
4237,42.370182224,246.276000000,100,1125,1215,51,4
4238,42.380178465,246.276000000,100,1125,1215,51,4
4239,42.390185056,246.276000000,100,1125,1215,51,4
4240,42.400178963,246.276000000,100,1125,1215,51,4
4241,42.410177137,246.276000000,100,1125,1215,51,4
4242,42.420181434,159.560000000,100,1365,1215,51,4
4243,42.430188445,159.560000000,100,1365,1215,51,4
4244,42.440179276,159.560000000,100,1365,1215,51,4
4245,42.450177731,159.560000000,100,1365,1215,51,4
4246,42.460187398,159.560000000,100,1365,1215,51,4
4247,42.470177447,159.560000000,100,1365,1215,51,4
4248,42.480176213,159.560000000,100,1365,1215,51,4
4249,42.490190208,159.560000000,100,1365,1215,51,4
4250,42.500176781,159.560000000,100,1365,1215,51,4
4251,42.510175636,159.560000000,100,1365,1215,51,4
4252,42.520198197,247.942000000,100,1125,1215,51,4
4253,42.530209847,247.942000000,100,1125,1215,51,4
4254,42.540181522,247.942000000,100,1125,1215,51,4
4255,42.550186249,247.942000000,100,1125,1215,51,4
4256,42.560206576,247.942000000,100,1125,1215,51,4
4257,42.570177239,247.942000000,100,1125,1215,51,4
4258,42.580183819,247.942000000,100,1125,1215,51,4
4259,42.590197834,247.942000000,100,1125,1215,51,4
4260,42.600180199,247.942000000,100,1125,1215,51,4
4261,42.610179025,247.942000000,100,1125,1215,51,4
4262,42.620183281,164.112000000,100,1350,1215,51,4
4263,42.630192577,164.112000000,100,1350,1215,51,4
4264,42.640180973,164.112000000,100,1350,1215,51,4
4265,42.650175221,164.112000000,100,1350,1215,51,4
4266,42.660179146,164.112000000,100,1350,1215,51,4
4267,42.670205624,164.112000000,100,1350,1215,51,4
4268,42.680176077,164.112000000,100,1350,1215,51,4
4269,42.690205530,164.112000000,100,1350,1215,51,4
4270,42.700206260,164.112000000,100,1350,1215,51,4
4271,42.710201970,164.112000000,100,1350,1215,51,4
4272,42.720179225,241.563000000,100,1155,1215,51,4
4273,42.730204100,241.563000000,100,1155,1215,51,4
4274,42.740197837,241.563000000,100,1155,1215,51,4
4275,42.750179340,241.563000000,100,1155,1215,51,4
4276,42.760176062,241.563000000,100,1155,1215,51,4
4277,42.770187652,241.563000000,100,1155,1215,51,4
4278,42.780196076,241.563000000,100,1155,1215,51,4
4279,42.790207466,241.563000000,100,1155,1215,51,4
4280,42.800177518,241.563000000,100,1155,1215,51,4
4281,42.810199808,241.563000000,100,1155,1215,51,4
4282,42.820180410,170.725000000,100,1290,1215,50,4
4283,42.830175168,170.725000000,100,1290,1215,50,4
4284,42.840182911,170.725000000,100,1290,1215,50,4
4285,42.850177649,170.725000000,100,1290,1215,50,4
4286,42.860205449,170.725000000,100,1290,1215,50,4
4287,42.870550405,170.725000000,100,1290,1215,50,4
4288,42.880182563,170.725000000,100,1290,1215,50,4
4289,42.890189464,170.725000000,100,1290,1215,50,4
4290,42.900178963,170.725000000,100,1290,1215,50,4
4291,42.910181395,170.725000000,100,1290,1215,50,4
4292,42.920198155,233.373000000,100,1275,1215,51,4
4293,42.930178356,233.373000000,100,1275,1215,51,4
4294,42.940179727,233.373000000,100,1275,1215,51,4
4295,42.950197849,233.373000000,100,1275,1215,51,4
4296,42.960181406,233.373000000,100,1275,1215,51,4
4297,42.970177637,233.373000000,100,1275,1215,51,4
4298,42.980204686,233.373000000,100,1275,1215,51,4
4299,42.990197040,233.373000000,100,1275,1215,51,4
4300,43.000177452,233.373000000,100,1275,1215,51,4
4301,43.010199722,233.373000000,100,1275,1215,51,4
4302,43.020179482,189.770000000,100,1215,1215,51,4
4303,43.030183788,189.770000000,100,1215,1215,50,4
4304,43.040176052,189.770000000,100,1215,1215,50,4
4305,43.050210665,189.770000000,100,1215,1215,50,4
4306,43.060185105,189.770000000,100,1215,1215,50,4
4307,43.070196034,189.770000000,100,1215,1215,50,4
4308,43.080224435,189.770000000,100,1215,1215,50,4
4309,43.090199928,189.770000000,100,1215,1215,50,4
4310,43.100183405,189.770000000,100,1215,1215,50,4
4311,43.110181960,189.770000000,100,1215,1215,50,4
4312,43.120177059,197.202000000,100,1320,1215,51,4
4313,43.130176497,197.202000000,100,1320,1215,51,4
4314,43.140193998,197.202000000,100,1320,1215,51,4
4315,43.150182845,197.202000000,100,1320,1215,51,4
4316,43.160176401,197.202000000,100,1320,1215,51,4
4317,43.170190786,197.202000000,100,1320,1215,51,4
4318,43.180185144,197.202000000,100,1320,1215,51,4
4319,43.190175784,197.202000000,100,1320,1215,51,4
4320,43.200303322,197.202000000,100,1320,1215,51,4
4321,43.210181542,197.202000000,100,1320,1215,51,4
4322,43.220189535,217.651000000,100,1155,1215,50,4
4323,43.230177771,217.651000000,100,1155,1215,50,4
4324,43.240204429,217.651000000,100,1155,1215,50,4
4325,43.250203345,217.651000000,100,1155,1215,50,4
4326,43.260176894,217.651000000,100,1155,1215,50,4
4327,43.270180539,217.651000000,100,1155,1215,50,4
4328,43.280182000,217.651000000,100,1155,1215,50,4
4329,43.290190925,217.651000000,100,1155,1215,50,4
4330,43.300192225,217.651000000,100,1155,1215,50,4
4331,43.310217902,217.651000000,100,1155,1215,50,4
4332,43.320180480,171.457000000,100,1365,1215,51,4
4333,43.330177192,171.457000000,100,1365,1215,51,4
4334,43.340181017,171.457000000,100,1365,1215,51,4
4335,43.350193399,171.457000000,100,1365,1215,51,4
4336,43.360179691,171.457000000,100,1365,1215,51,4
4337,43.370182485,171.457000000,100,1365,1215,51,4
4338,43.380195557,171.457000000,100,1365,1215,51,4
4339,43.390178303,171.457000000,100,1365,1215,51,4
4340,43.400176498,171.457000000,100,1365,1215,51,4
4341,43.410180023,171.457000000,100,1365,1215,51,4
4342,43.420216309,247.148000000,100,1110,1215,51,4
4343,43.430218291,247.148000000,100,1110,1215,51,4
4344,43.440187812,247.148000000,100,1110,1215,51,4
4345,43.450217957,247.148000000,100,1110,1215,51,4
4346,43.460203949,247.148000000,100,1110,1215,51,4
4347,43.470184851,247.148000000,100,1110,1215,51,4
4348,43.480200739,247.148000000,100,1110,1215,51,4
4349,43.490203663,247.148000000,100,1110,1215,51,4
4350,43.500179676,247.148000000,100,1110,1215,51,4
4351,43.510185465,247.148000000,100,1110,1215,51,4
4352,43.520194179,151.869000000,100,1365,1215,51,4
4353,43.530197404,151.869000000,100,1365,1215,51,4
4354,43.540201530,151.869000000,100,1365,1215,51,4
4355,43.550202129,151.869000000,100,1365,1215,51,4
4356,43.560178393,151.869000000,100,1365,1215,51,4
4357,43.570182579,151.869000000,100,1365,1215,51,4
4358,43.580176255,151.869000000,100,1365,1215,51,4
4359,43.590192664,151.869000000,100,1365,1215,51,4
4360,43.600180299,151.869000000,100,1365,1215,51,4
4361,43.610192761,151.869000000,100,1365,1215,51,4
4362,43.620183582,256.185000000,100,1155,1215,51,4
4363,43.630185954,256.185000000,100,1155,1215,51,4
4364,43.640231798,256.185000000,100,1155,1215,51,4
4365,43.650179148,256.185000000,100,1155,1215,51,4
4366,43.660180218,256.185000000,100,1155,1215,51,4
4367,43.670177822,256.185000000,100,1155,1215,51,4
4368,43.680190404,256.185000000,100,1155,1215,51,4
4369,43.690176987,256.185000000,100,1155,1215,51,4
4370,43.700373664,256.185000000,100,1155,1215,51,4
4371,43.710217559,256.185000000,100,1155,1215,51,4
4372,43.720178825,159.067000000,100,1350,1215,50,4
4373,43.730181668,159.067000000,100,1350,1215,50,4
4374,43.740176657,159.067000000,100,1350,1215,50,4
4375,43.750195591,159.067000000,100,1350,1215,50,4
4376,43.760177244,159.067000000,100,1350,1215,50,4
4377,43.770216867,159.067000000,100,1350,1215,50,4
4378,43.780264765,159.067000000,100,1350,1215,50,4
4379,43.790180014,159.067000000,100,1350,1215,50,4
4380,43.800193448,159.067000000,100,1350,1215,50,4
4381,43.810192755,159.067000000,100,1350,1215,50,4
4382,43.820177504,251.538000000,100,1200,1215,51,4
4383,43.830175559,251.538000000,100,1200,1215,51,4
4384,43.840212456,251.538000000,100,1200,1215,51,4
4385,43.850198448,251.538000000,100,1200,1215,51,4
4386,43.860180102,251.538000000,100,1200,1215,51,4
4387,43.870185360,251.538000000,100,1200,1215,51,4
4388,43.880177854,251.538000000,100,1200,1215,51,4
4389,43.890204252,251.538000000,100,1200,1215,51,4
4390,43.900181417,251.538000000,100,1200,1215,51,4
4391,43.910209107,251.538000000,100,1200,1215,51,4
4392,43.920179490,163.965000000,100,1290,1215,50,4
4393,43.930176863,163.965000000,100,1290,1215,50,4
4394,43.940196308,163.965000000,100,1290,1215,50,4
4395,43.950232163,163.965000000,100,1290,1215,50,4
4396,43.960179242,163.965000000,100,1290,1215,50,4
4397,43.970184070,163.965000000,100,1290,1215,50,4
4398,43.980219454,163.965000000,100,1290,1215,50,4
4399,43.990180259,163.965000000,100,1290,1215,50,4
4400,44.000179185,163.965000000,100,1290,1215,50,4
4401,44.010178312,163.965000000,100,1290,1215,50,4
4402,44.020240296,241.657000000,100,1260,1215,52,4
4403,44.030178809,241.657000000,100,1260,1215,52,4
4404,44.040210486,241.657000000,100,1260,1215,52,4
4405,44.050201247,241.657000000,100,1260,1215,52,4
4406,44.060181018,241.657000000,100,1260,1215,52,4
4407,44.070202075,241.657000000,100,1260,1215,52,4
4408,44.080203867,241.657000000,100,1260,1215,52,4
4409,44.090178968,241.657000000,100,1260,1215,52,4
4410,44.100218310,241.657000000,100,1260,1215,52,4
4411,44.110189745,241.657000000,100,1260,1215,52,4
4412,44.120178693,186.498000000,100,1215,1215,50,4
4413,44.130175054,186.498000000,100,1215,1215,50,4
4414,44.140199127,186.498000000,100,1215,1215,50,4
4415,44.150188616,186.498000000,100,1215,1215,50,4
4416,44.160175620,186.498000000,100,1215,1215,50,4
4417,44.170186328,186.498000000,100,1215,1215,50,4
4418,44.180199651,186.498000000,100,1215,1215,50,4
4419,44.190178900,186.498000000,100,1215,1215,50,4
4420,44.200180912,186.498000000,100,1215,1215,50,4
4421,44.210181802,186.498000000,100,1215,1215,50,4
4422,44.220197520,201.350000000,100,1335,1215,52,4
4423,44.230198991,201.350000000,100,1335,1215,52,4
4424,44.240184833,201.350000000,100,1335,1215,52,4
4425,44.250209798,201.350000000,100,1335,1215,52,4
4426,44.260181603,201.350000000,100,1335,1215,52,4
4427,44.270220794,201.350000000,100,1335,1215,52,4
4428,44.280218458,201.350000000,100,1335,1215,52,4
4429,44.290179293,201.350000000,100,1335,1215,52,4
4430,44.300176376,201.350000000,100,1335,1215,52,4
4431,44.310208935,201.350000000,100,1335,1215,52,4
4432,44.320180901,220.475000000,100,1155,1215,51,4
4433,44.330175439,220.475000000,100,1155,1215,51,4
4434,44.340175587,220.475000000,100,1155,1215,51,4
4435,44.350198599,220.475000000,100,1155,1215,51,4
4436,44.360182857,220.475000000,100,1155,1215,51,4
4437,44.370175962,220.475000000,100,1155,1215,51,4
4438,44.380202410,220.475000000,100,1155,1215,51,4
4439,44.390203911,220.475000000,100,1155,1215,51,4
4440,44.400178041,220.475000000,100,1155,1215,51,4
4441,44.410174683,220.475000000,100,1155,1215,51,4
4442,44.420203505,167.882000000,100,1350,1215,51,4
4443,44.430201019,167.882000000,100,1350,1215,51,4
4444,44.440191589,167.882000000,100,1350,1215,51,4
4445,44.450198230,167.882000000,100,1350,1215,51,4
4446,44.460197737,167.882000000,100,1350,1215,51,4
4447,44.470179722,167.882000000,100,1350,1215,51,4
4448,44.480176103,167.882000000,100,1350,1215,51,4
4449,44.490206007,167.882000000,100,1350,1215,51,4
4450,44.500180838,167.882000000,100,1350,1215,51,4
4451,44.510177380,167.882000000,100,1350,1215,51,4
4452,44.520201313,240.284000000,100,1170,1215,51,4
4453,44.530202263,240.284000000,100,1170,1215,51,4
4454,44.540177224,240.284000000,100,1170,1215,51,4
4455,44.550209573,240.284000000,100,1170,1215,51,4
4456,44.560209381,240.284000000,100,1170,1215,51,4
4457,44.570182699,240.284000000,100,1170,1215,51,4
4458,44.580205480,240.284000000,100,1170,1215,51,4
4459,44.590200379,240.284000000,100,1170,1215,51,4
4460,44.600181001,240.284000000,100,1170,1215,51,4
4461,44.610183904,240.284000000,100,1170,1215,51,4
4462,44.620184133,159.965000000,100,1335,1215,51,4
4463,44.630218235,159.965000000,100,1335,1215,51,4
4464,44.640202914,159.965000000,100,1335,1215,51,4
4465,44.650190058,159.965000000,100,1335,1215,51,4
4466,44.660211447,159.965000000,100,1335,1215,51,4
4467,44.670196517,159.965000000,100,1335,1215,51,4
4468,44.680180415,159.965000000,100,1335,1215,51,4
4469,44.690183790,159.965000000,100,1335,1215,51,4
4470,44.700200379,159.965000000,100,1335,1215,51,4
4471,44.710180079,159.965000000,100,1335,1215,51,4
4472,44.720176470,255.347000000,100,1230,1215,52,4
4473,44.730191457,255.347000000,100,1230,1215,52,4
4474,44.740203778,255.347000000,100,1230,1215,52,4
4475,44.750178669,255.347000000,100,1230,1215,52,4
4476,44.760175532,255.347000000,100,1230,1215,52,4
4477,44.770190648,255.347000000,100,1230,1215,52,4
4478,44.780181399,255.347000000,100,1230,1215,52,4
4479,44.790180075,255.347000000,100,1230,1215,52,4
4480,44.800193698,255.347000000,100,1230,1215,52,4
4481,44.810206891,255.347000000,100,1230,1215,52,4
4482,44.820179638,161.036000000,100,1215,1215,50,4
4483,44.830178354,161.036000000,100,1215,1215,50,4
4484,44.840206746,161.036000000,100,1215,1215,50,4
4485,44.850182609,161.036000000,100,1215,1215,50,4
4486,44.860177708,161.036000000,100,1215,1215,50,4
4487,44.870189458,161.036000000,100,1215,1215,50,4
4488,44.880180379,161.036000000,100,1215,1215,50,4
4489,44.890178073,161.036000000,100,1215,1215,50,4
4490,44.900201355,161.036000000,100,1215,1215,50,4
4491,44.910203898,161.036000000,100,1215,1215,50,4
4492,44.920177747,235.973000000,100,1290,1215,51,4
4493,44.930179528,235.973000000,100,1290,1215,51,4
4494,44.940189866,235.973000000,100,1290,1215,51,4
4495,44.950177190,235.973000000,100,1290,1215,51,4
4496,44.960183971,235.973000000,100,1290,1215,51,4
4497,44.970189530,235.973000000,100,1290,1215,51,4
4498,44.980179730,235.973000000,100,1290,1215,51,4
4499,44.990189356,235.973000000,100,1290,1215,51,4
4500,45.000204573,235.973000000,100,1290,1215,51,4
4501,45.010177600,235.973000000,100,1290,1215,51,4
4502,45.020181115,179.031000000,100,1215,1215,50,4
4503,45.030198897,179.031000000,100,1215,1215,50,4
4504,45.040196761,179.031000000,100,1215,1215,50,4
4505,45.050176682,179.031000000,100,1215,1215,50,4
4506,45.060201646,179.031000000,100,1215,1215,50,4
4507,45.070203809,179.031000000,100,1215,1215,50,4
4508,45.080176646,179.031000000,100,1215,1215,50,4
4509,45.090191923,179.031000000,100,1215,1215,50,4
4510,45.100185649,179.031000000,100,1215,1215,50,4
4511,45.110179506,179.031000000,100,1215,1215,50,4
4512,45.120180125,225.115000000,100,1335,1215,52,4
4513,45.130188539,225.115000000,100,1335,1215,52,4
4514,45.140178188,225.115000000,100,1335,1215,52,4
4515,45.150180891,225.115000000,100,1335,1215,52,4
4516,45.160193203,225.115000000,100,1335,1215,52,4
4517,45.170202007,225.115000000,100,1335,1215,52,4
4518,45.180180155,225.115000000,100,1335,1215,52,4
4519,45.190204238,225.115000000,100,1335,1215,52,4
4520,45.200180632,225.115000000,100,1335,1215,52,4
4521,45.210176202,225.115000000,100,1335,1215,52,4
4522,45.220195446,183.752000000,100,1125,1215,50,4
4523,45.230199091,183.752000000,100,1125,1215,50,4
4524,45.240175555,183.752000000,100,1125,1215,50,4
4525,45.250190682,183.752000000,100,1125,1215,50,4
4526,45.260199547,183.752000000,100,1125,1215,50,4
4527,45.270177173,183.752000000,100,1125,1215,50,4
4528,45.280178494,183.752000000,100,1125,1215,50,4
4529,45.290191456,183.752000000,100,1125,1215,50,4
4530,45.300177087,183.752000000,100,1125,1215,50,4
4531,45.310191282,183.752000000,100,1125,1215,50,4
4532,45.320232357,191.658000000,100,1365,1215,51,4
4533,45.330180138,191.658000000,100,1365,1215,51,4
4534,45.340178122,191.658000000,100,1365,1215,51,4
4535,45.350210451,191.658000000,100,1365,1215,51,4
4536,45.360206842,191.658000000,100,1365,1215,51,4
4537,45.370187324,191.658000000,100,1365,1215,51,4
4538,45.380182764,191.658000000,100,1365,1215,51,4
4539,45.390201056,191.658000000,100,1365,1215,51,4
4540,45.400180987,191.658000000,100,1365,1215,51,4
4541,45.410176136,191.658000000,100,1365,1215,51,4
4542,45.420191873,210.605000000,100,1155,1215,51,4
4543,45.430181061,210.605000000,100,1155,1215,51,4
4544,45.440177793,210.605000000,100,1155,1215,51,4
4545,45.450181559,210.605000000,100,1155,1215,51,4
4546,45.460189492,210.605000000,100,1155,1215,51,4
4547,45.470177828,210.605000000,100,1155,1215,51,4
4548,45.480182054,210.605000000,100,1155,1215,51,4
4549,45.490177123,210.605000000,100,1155,1215,51,4
4550,45.500182351,210.605000000,100,1155,1215,51,4
4551,45.510175186,210.605000000,100,1155,1215,51,4
4552,45.520195602,178.422000000,100,1350,1215,51,4
4553,45.530200069,178.422000000,100,1350,1215,51,4
4554,45.540178807,178.422000000,100,1350,1215,51,4
4555,45.550182633,178.422000000,100,1350,1215,51,4
4556,45.560180357,178.422000000,100,1350,1215,51,4
4557,45.570177199,178.422000000,100,1350,1215,51,4
4558,45.580178269,178.422000000,100,1350,1215,51,4
4559,45.590203936,178.422000000,100,1350,1215,51,4
4560,45.600176592,178.422000000,100,1350,1215,51,4
4561,45.610181580,178.422000000,100,1350,1215,51,4
4562,45.620196366,246.543000000,100,1155,1215,52,4
4563,45.630190734,246.543000000,100,1155,1215,52,4
4564,45.640178809,246.543000000,100,1155,1215,52,4
4565,45.650181823,246.543000000,100,1155,1215,52,4
4566,45.660197471,246.543000000,100,1155,1215,52,4
4567,45.670178744,246.543000000,100,1155,1215,52,4
4568,45.680235118,246.543000000,100,1155,1215,52,4
4569,45.690210881,246.543000000,100,1155,1215,52,4
4570,45.700201792,246.543000000,100,1155,1215,52,4
4571,45.710213372,246.543000000,100,1155,1215,52,4
4572,45.720202429,145.735000000,100,1230,1215,50,4
4573,45.730183171,145.735000000,100,1230,1215,50,4
4574,45.740212865,145.735000000,100,1230,1215,50,4
4575,45.750203606,145.735000000,100,1230,1215,50,4
4576,45.760205107,145.735000000,100,1230,1215,50,4
4577,45.770206318,145.735000000,100,1230,1215,50,4
4578,45.780198301,145.735000000,100,1230,1215,50,4
4579,45.790203699,145.735000000,100,1230,1215,50,4
4580,45.800189421,145.735000000,100,1230,1215,50,4
4581,45.810200009,145.735000000,100,1230,1215,50,4
4582,45.820176994,241.103000000,100,1275,1215,50,4
4583,45.830179096,241.103000000,100,1275,1215,51,4
4584,45.840194884,241.103000000,100,1275,1215,51,4
4585,45.850225078,241.103000000,100,1275,1215,51,4
4586,45.860178529,241.103000000,100,1275,1215,51,4
4587,45.870191903,241.103000000,100,1275,1215,51,4
4588,45.880187302,241.103000000,100,1275,1215,51,4
4589,45.890176240,241.103000000,100,1275,1215,51,4
4590,45.900197518,241.103000000,100,1275,1215,51,4
4591,45.910185463,241.103000000,100,1275,1215,51,4
4592,45.920199788,160.540000000,100,1215,1215,50,4
4593,45.930190409,160.540000000,100,1215,1215,50,4
4594,45.940181430,160.540000000,100,1215,1215,50,4
4595,45.950176489,160.540000000,100,1215,1215,50,4
4596,45.960175325,160.540000000,100,1215,1215,50,4
4597,45.970184230,160.540000000,100,1215,1215,50,4
4598,45.980183086,160.540000000,100,1215,1215,50,4
4599,45.990180460,160.540000000,100,1215,1215,50,4
4600,46.000196247,160.540000000,100,1215,1215,50,4
4601,46.010190755,160.540000000,100,1215,1215,50,4
4602,46.020177939,240.687000000,100,1335,1215,52,4
4603,46.030191573,240.687000000,100,1335,1215,52,4
4604,46.040199777,240.687000000,100,1335,1215,52,4
4605,46.050195637,240.687000000,100,1335,1215,52,4
4606,46.060215202,240.687000000,100,1335,1215,52,4
4607,46.070181387,240.687000000,100,1335,1215,52,4
4608,46.080186525,240.687000000,100,1335,1215,52,4
4609,46.090175993,240.687000000,100,1335,1215,52,4
4610,46.100179799,240.687000000,100,1335,1215,52,4
4611,46.110190146,240.687000000,100,1335,1215,52,4
4612,46.120176809,168.186000000,100,1125,1215,50,4
4613,46.130182909,168.186000000,100,1125,1215,50,4
4614,46.140191614,168.186000000,100,1125,1215,50,4
4615,46.150179128,168.186000000,100,1125,1215,50,4
4616,46.160176411,168.186000000,100,1125,1215,50,4
4617,46.170192700,168.186000000,100,1125,1215,50,4
4618,46.180190675,168.186000000,100,1125,1215,50,4
4619,46.190178169,168.186000000,100,1125,1215,50,4
4620,46.200200069,168.186000000,100,1125,1215,50,4
4621,46.210201269,168.186000000,100,1125,1215,50,4
4622,46.220176671,226.654000000,100,1365,1215,51,4
4623,46.230179865,226.654000000,100,1365,1215,51,4
4624,46.240192587,226.654000000,100,1365,1215,51,4
4625,46.250197585,226.654000000,100,1365,1215,51,4
4626,46.260179720,226.654000000,100,1365,1215,51,4
4627,46.270196810,226.654000000,100,1365,1215,51,4
4628,46.280201537,226.654000000,100,1365,1215,51,4
4629,46.290176258,226.654000000,100,1365,1215,51,4
4630,46.300217363,226.654000000,100,1365,1215,51,4
4631,46.310208645,226.654000000,100,1365,1215,51,4
4632,46.320202622,184.400000000,100,1140,1215,51,4
4633,46.330179196,184.400000000,100,1140,1215,51,4
4634,46.340202408,184.400000000,100,1140,1215,51,4
4635,46.350183090,184.400000000,100,1140,1215,51,4
4636,46.360176375,184.400000000,100,1140,1215,51,4
4637,46.370181203,184.400000000,100,1140,1215,51,4
4638,46.380184116,184.400000000,100,1140,1215,51,4
4639,46.390177131,184.400000000,100,1140,1215,51,4
4640,46.400183321,184.400000000,100,1140,1215,51,4
4641,46.410183430,184.400000000,100,1140,1215,51,4
4642,46.420180172,205.900000000,100,1350,1215,51,4
4643,46.430175982,205.900000000,100,1350,1215,51,4
4644,46.440195036,205.900000000,100,1350,1215,51,4
4645,46.450185747,205.900000000,100,1350,1215,51,4
4646,46.460176909,205.900000000,100,1350,1215,51,4
4647,46.470193798,205.900000000,100,1350,1215,51,4
4648,46.480193736,205.900000000,100,1350,1215,51,4
4649,46.490178356,205.900000000,100,1350,1215,51,4
4650,46.500178504,205.900000000,100,1350,1215,51,4
4651,46.510197338,205.900000000,100,1350,1215,51,4
4652,46.520189561,210.779000000,100,1155,1215,51,4
4653,46.530179360,210.779000000,100,1155,1215,51,4
4654,46.540202522,210.779000000,100,1155,1215,51,4
4655,46.550200026,210.779000000,100,1155,1215,51,4
4656,46.560178103,210.779000000,100,1155,1215,51,4
4657,46.570181157,210.779000000,100,1155,1215,51,4
4658,46.580181716,210.779000000,100,1155,1215,51,4
4659,46.590198806,210.779000000,100,1155,1215,51,4
4660,46.600184558,210.779000000,100,1155,1215,51,4
4661,46.610182913,210.779000000,100,1155,1215,51,4
4662,46.620179144,166.460000000,100,1335,1215,51,4
4663,46.630178170,166.460000000,100,1335,1215,51,4
4664,46.640180483,166.460000000,100,1335,1215,51,4
4665,46.650179339,166.460000000,100,1335,1215,51,4
4666,46.660196549,166.460000000,100,1335,1215,51,4
4667,46.670185357,166.460000000,100,1335,1215,51,4
4668,46.680181467,166.460000000,100,1335,1215,51,4
4669,46.690176997,166.460000000,100,1335,1215,51,4
4670,46.700176665,166.460000000,100,1335,1215,51,4
4671,46.710190930,166.460000000,100,1335,1215,51,4
4672,46.720188433,230.971000000,100,1215,1215,51,4
4673,46.730195775,230.971000000,100,1215,1215,51,4
4674,46.740181908,230.971000000,100,1215,1215,51,4
4675,46.750199178,230.971000000,100,1215,1215,51,4
4676,46.760195279,230.971000000,100,1215,1215,51,4
4677,46.770188575,230.971000000,100,1215,1215,51,4
4678,46.780195105,230.971000000,100,1215,1215,51,4
4679,46.790179204,230.971000000,100,1215,1215,51,4
4680,46.800199179,230.971000000,100,1215,1215,51,4
4681,46.810203415,230.971000000,100,1215,1215,51,4
4682,46.820186281,163.934000000,100,1275,1215,50,4
4683,46.830182723,163.934000000,100,1275,1215,50,4
4684,46.840192099,163.934000000,100,1275,1215,50,4
4685,46.850185404,163.934000000,100,1275,1215,50,4
4686,46.860184210,163.934000000,100,1275,1215,50,4
4687,46.870196191,163.934000000,100,1275,1215,50,4
4688,46.880196329,163.934000000,100,1275,1215,50,4
4689,46.890730730,163.934000000,100,1275,1215,50,4
4690,46.900204381,163.934000000,100,1275,1215,50,4
4691,46.911825440,163.934000000,100,1275,1215,50,4
4692,46.920208655,250.277000000,100,1350,1215,52,4
4693,46.930204386,250.277000000,100,1350,1215,52,4
4694,46.940198092,250.277000000,100,1350,1215,52,4
4695,46.950219941,250.277000000,100,1350,1215,52,4
4696,46.960192478,250.277000000,100,1350,1215,52,4
4697,46.970176156,250.277000000,100,1350,1215,52,4
4698,46.980179129,250.277000000,100,1350,1215,52,4
4699,46.990197332,250.277000000,100,1350,1215,52,4
4700,47.000192411,250.277000000,100,1350,1215,52,4
4701,47.010182230,250.277000000,100,1350,1215,52,4
4702,47.020194391,160.009000000,100,1140,1215,50,4
4703,47.030180503,160.009000000,100,1140,1215,50,4
4704,47.040175892,160.009000000,100,1140,1215,50,4
4705,47.050180229,160.009000000,100,1140,1215,50,4
4706,47.060178063,160.009000000,100,1140,1215,50,4
4707,47.070180616,160.009000000,100,1140,1215,50,4
4708,47.080182508,160.009000000,100,1140,1215,50,4
4709,47.090176224,160.009000000,100,1140,1215,50,4
4710,47.100175481,160.009000000,100,1140,1215,50,4
4711,47.110179236,160.009000000,100,1140,1215,50,4
4712,47.120179435,233.447000000,100,1350,1215,50,4
4713,47.130188861,233.447000000,100,1350,1215,51,4
4714,47.140177107,233.447000000,100,1350,1215,51,4
4715,47.150178357,233.447000000,100,1350,1215,51,4
4716,47.160193314,233.447000000,100,1350,1215,51,4
4717,47.170176600,233.447000000,100,1350,1215,51,4
4718,47.180176108,233.447000000,100,1350,1215,51,4
4719,47.190180554,233.447000000,100,1350,1215,51,4
4720,47.200176405,233.447000000,100,1350,1215,51,4
4721,47.210177605,233.447000000,100,1350,1215,51,4
4722,47.220242595,181.711000000,100,1155,1215,51,4
4723,47.230223437,181.711000000,100,1155,1215,51,4
4724,47.240180134,181.711000000,100,1155,1215,51,4
4725,47.250178840,181.711000000,100,1155,1215,51,4
4726,47.260181073,181.711000000,100,1155,1215,51,4
4727,47.270177734,181.711000000,100,1155,1215,51,4
4728,47.280178985,181.711000000,100,1155,1215,51,4
4729,47.290177480,181.711000000,100,1155,1215,51,4
4730,47.300181306,181.711000000,100,1155,1215,51,4
4731,47.310179000,181.711000000,100,1155,1215,51,4
4732,47.320179158,214.730000000,100,1350,1215,51,4
4733,47.330182954,214.730000000,100,1350,1215,51,4
4734,47.340177972,214.730000000,100,1350,1215,51,4
4735,47.350178842,214.730000000,100,1350,1215,51,4
4736,47.360181676,214.730000000,100,1350,1215,51,4
4737,47.370177266,214.730000000,100,1350,1215,51,4
4738,47.380177244,214.730000000,100,1350,1215,51,4
4739,47.390178024,214.730000000,100,1350,1215,51,4
4740,47.400175537,214.730000000,100,1350,1215,51,4
4741,47.410178631,214.730000000,100,1350,1215,51,4
4742,47.420205319,206.762000000,100,1185,1215,51,4
4743,47.430189768,206.762000000,100,1185,1215,51,4
4744,47.440190728,206.762000000,100,1185,1215,51,4
4745,47.450179886,206.762000000,100,1185,1215,51,4
4746,47.460186727,206.762000000,100,1185,1215,51,4
4747,47.470175995,206.762000000,100,1185,1215,51,4
4748,47.480181043,206.762000000,100,1185,1215,51,4
4749,47.490191040,206.762000000,100,1185,1215,51,4
4750,47.500176411,206.762000000,100,1185,1215,51,4
4751,47.510216324,206.762000000,100,1185,1215,51,4
4752,47.520186376,173.656000000,100,1305,1215,50,4
4753,47.530203456,173.656000000,100,1305,1215,50,4
4754,47.540223201,173.656000000,100,1305,1215,50,4
4755,47.550188364,173.656000000,100,1305,1215,50,4
4756,47.560199293,173.656000000,100,1305,1215,50,4
4757,47.570196756,173.656000000,100,1305,1215,50,4
4758,47.580198518,173.656000000,100,1305,1215,50,4
4759,47.590186504,173.656000000,100,1305,1215,50,4
4760,47.600248638,173.656000000,100,1305,1215,50,4
4761,47.610204404,173.656000000,100,1305,1215,50,4
4762,47.620178714,230.107000000,100,1245,1215,52,4
4763,47.630178030,230.107000000,100,1245,1215,52,4
4764,47.640204639,230.107000000,100,1245,1215,52,4
4765,47.650181493,230.107000000,100,1245,1215,52,4
4766,47.660175490,230.107000000,100,1245,1215,52,4
4767,47.670179827,230.107000000,100,1245,1215,52,4
4768,47.680182319,230.107000000,100,1245,1215,52,4
4769,47.690176707,230.107000000,100,1245,1215,52,4
4770,47.700403821,230.107000000,100,1245,1215,52,4
4771,47.710188926,230.107000000,100,1245,1215,52,4
4772,47.720198944,170.437000000,100,1230,1215,50,4
4773,47.730201216,170.437000000,100,1230,1215,50,4
4774,47.740196656,170.437000000,100,1230,1215,50,4
4775,47.750195391,170.437000000,100,1230,1215,50,4
4776,47.760176975,170.437000000,100,1230,1215,50,4
4777,47.770190419,170.437000000,100,1230,1215,50,4
4778,47.780187091,170.437000000,100,1230,1215,50,4
4779,47.790175607,170.437000000,100,1230,1215,50,4
4780,47.800216492,170.437000000,100,1230,1215,50,4
4781,47.810187666,170.437000000,100,1230,1215,50,4
4782,47.820179740,255.235000000,100,1335,1215,52,4
4783,47.830177133,255.235000000,100,1335,1215,52,4
4784,47.840184826,255.235000000,100,1335,1215,52,4
4785,47.850197778,255.235000000,100,1335,1215,52,4
4786,47.860177438,255.235000000,100,1335,1215,52,4
4787,47.870190881,255.235000000,100,1335,1215,52,4
4788,47.880227749,255.235000000,100,1335,1215,52,4
4789,47.890189095,255.235000000,100,1335,1215,52,4
4790,47.900203650,255.235000000,100,1335,1215,52,4
4791,47.910182378,255.235000000,100,1335,1215,52,4
4792,47.920180102,154.624000000,100,1155,1215,50,4
4793,47.930183817,154.624000000,100,1155,1215,50,4
4794,47.940203332,154.624000000,100,1155,1215,50,4
4795,47.950210263,154.624000000,100,1155,1215,50,4
4796,47.960239997,154.624000000,100,1155,1215,50,4
4797,47.970236860,154.624000000,100,1155,1215,50,4
4798,47.980179500,154.624000000,100,1155,1215,50,4
4799,47.990178767,154.624000000,100,1155,1215,50,4
4800,48.000215364,154.624000000,100,1155,1215,50,4
4801,48.010174796,154.624000000,100,1155,1215,50,4
4802,48.020179974,243.217000000,100,1350,1215,51,4
4803,48.030231258,243.217000000,100,1350,1215,51,4
4804,48.040180532,243.217000000,100,1350,1215,51,4
4805,48.050178756,243.217000000,100,1350,1215,51,4
4806,48.060306304,243.217000000,100,1350,1215,51,4
4807,48.070178913,243.217000000,100,1350,1215,51,4
4808,48.080181386,243.217000000,100,1350,1215,51,4
4809,48.090224776,243.217000000,100,1350,1215,51,4
4810,48.100181432,243.217000000,100,1350,1215,51,4
4811,48.110181361,243.217000000,100,1350,1215,51,4
4812,48.120179345,165.438000000,100,1140,1215,50,4
4813,48.130197167,165.438000000,100,1140,1215,50,4
4814,48.140181395,165.438000000,100,1140,1215,50,4
4815,48.150209706,165.438000000,100,1140,1215,50,4
4816,48.160179979,165.438000000,100,1140,1215,50,4
4817,48.170177102,165.438000000,100,1140,1215,50,4
4818,48.180202548,165.438000000,100,1140,1215,50,4
4819,48.190609539,165.438000000,100,1140,1215,50,4
4820,48.200178228,165.438000000,100,1140,1215,50,4
4821,48.210183016,165.438000000,100,1140,1215,50,4
4822,48.220205526,236.970000000,100,1350,1215,51,4
4823,48.230179616,236.970000000,100,1350,1215,51,4
4824,48.240180706,236.970000000,100,1350,1215,51,4
4825,48.250199710,236.970000000,100,1350,1215,51,4
4826,48.260178158,236.970000000,100,1350,1215,51,4
4827,48.270175381,236.970000000,100,1350,1215,51,4
4828,48.280201398,236.970000000,100,1350,1215,51,4
4829,48.290179895,236.970000000,100,1350,1215,51,4
4830,48.300179353,236.970000000,100,1350,1215,51,4
4831,48.310181425,236.970000000,100,1350,1215,51,4
4832,48.320197744,184.783000000,100,1185,1215,51,4
4833,48.330180960,184.783000000,100,1185,1215,51,4
4834,48.340177502,184.783000000,100,1185,1215,51,4
4835,48.350203669,184.783000000,100,1185,1215,51,4
4836,48.360182568,184.783000000,100,1185,1215,51,4
4837,48.370175132,184.783000000,100,1185,1215,51,4
4838,48.380179609,184.783000000,100,1185,1215,51,4
4839,48.390210204,184.783000000,100,1185,1215,51,4
4840,48.400180567,184.783000000,100,1185,1215,51,4
4841,48.410175536,184.783000000,100,1185,1215,51,4
4842,48.420185012,184.783000000,100,1260,1215,51,4
4843,48.430182866,186.100000000,100,1260,1215,50,4
4844,48.440178696,186.100000000,100,1260,1215,50,4
4845,48.450176861,186.100000000,100,1260,1215,50,4
4846,48.460202076,186.100000000,100,1260,1215,50,4
4847,48.470180114,186.100000000,100,1260,1215,50,4
4848,48.480176976,186.100000000,100,1260,1215,50,4
4849,48.490199657,186.100000000,100,1260,1215,50,4
4850,48.500199274,186.100000000,100,1260,1215,50,4
4851,48.510175788,186.100000000,100,1260,1215,50,4
4852,48.520175546,186.100000000,100,1275,1215,50,4
4853,48.530183539,216.946000000,100,1275,1215,51,4
4854,48.540185040,216.946000000,100,1275,1215,51,4
4855,48.550178576,216.946000000,100,1275,1215,51,4
4856,48.560181019,216.946000000,100,1275,1215,51,4
4857,48.570186447,216.946000000,100,1275,1215,51,4
4858,48.580179563,216.946000000,100,1275,1215,51,4
4859,48.590177898,216.946000000,100,1275,1215,51,4
4860,48.600193545,216.946000000,100,1275,1215,51,4
4861,48.610202030,216.946000000,100,1275,1215,51,4
4862,48.620179906,216.946000000,100,1215,1215,51,4
4863,48.630177179,179.265000000,100,1215,1215,51,4
4864,48.640183449,179.265000000,100,1215,1215,51,4
4865,48.650198526,179.265000000,100,1215,1215,51,4
4866,48.660178426,179.265000000,100,1215,1215,51,4
4867,48.670176320,179.265000000,100,1215,1215,51,4
4868,48.680202818,179.265000000,100,1215,1215,51,4
4869,48.690180865,179.265000000,100,1215,1215,51,4
4870,48.700180683,179.265000000,100,1215,1215,51,4
4871,48.710180040,179.265000000,100,1215,1215,51,4
4872,48.720194716,179.265000000,100,1335,1215,51,4
4873,48.730178444,236.482000000,100,1335,1215,52,4
4874,48.740175436,236.482000000,100,1335,1215,52,4
4875,48.750176767,236.482000000,100,1335,1215,52,4
4876,48.760204006,236.482000000,100,1335,1215,52,4
4877,48.770180881,236.482000000,100,1335,1215,52,4
4878,48.780177804,236.482000000,100,1335,1215,52,4
4879,48.790205925,236.482000000,100,1335,1215,52,4
4880,48.800183020,236.482000000,100,1335,1215,52,4
4881,48.810178399,236.482000000,100,1335,1215,52,4
4882,48.820177997,163.816000000,100,1140,1215,51,4
4883,48.830181001,163.816000000,100,1140,1215,51,4
4884,48.840200475,163.816000000,100,1140,1215,51,4
4885,48.850180797,163.816000000,100,1140,1215,51,4
4886,48.860178100,163.816000000,100,1140,1215,51,4
4887,48.870202884,163.816000000,100,1140,1215,51,4
4888,48.880180571,163.816000000,100,1140,1215,51,4
4889,48.890175550,163.816000000,100,1140,1215,51,4
4890,48.900211085,163.816000000,100,1140,1215,51,4
4891,48.910179293,163.816000000,100,1140,1215,51,4
4892,48.920175715,163.816000000,100,1350,1215,51,4
4893,48.930190921,163.816000000,100,1350,1215,51,4
4894,48.940188184,163.816000000,100,1350,1215,51,4
4895,48.950178334,163.816000000,100,1350,1215,51,4
4896,48.960182300,163.816000000,100,1350,1215,51,4
4897,48.970206894,163.816000000,100,1350,1215,51,4
4898,48.980179952,163.816000000,100,1350,1215,51,4
4899,48.990179609,163.816000000,100,1350,1215,51,4
4900,49.000207880,163.816000000,100,1350,1215,51,4
4901,49.010177462,163.816000000,100,1350,1215,51,4
4902,49.020180826,238.234000000,100,1185,1215,51,4
4903,49.030200962,238.234000000,100,1185,1215,51,4
4904,49.040182295,238.234000000,100,1185,1215,51,4
4905,49.050176022,238.234000000,100,1185,1215,51,4
4906,49.060213160,238.234000000,100,1185,1215,51,4
4907,49.070200845,238.234000000,100,1185,1215,51,4
4908,49.080177479,238.234000000,100,1185,1215,51,4
4909,49.090188618,238.234000000,100,1185,1215,51,4
4910,49.100210678,238.234000000,100,1185,1215,51,4
4911,49.110180620,238.234000000,100,1185,1215,51,4
4912,49.120185707,179.332000000,100,1320,1215,51,4
4913,49.130203239,179.332000000,100,1320,1215,51,4
4914,49.140201243,179.332000000,100,1320,1215,51,4
4915,49.150181394,179.332000000,100,1320,1215,51,4
4916,49.160176463,179.332000000,100,1320,1215,51,4
4917,49.170184847,179.332000000,100,1320,1215,51,4
4918,49.180178193,179.332000000,100,1320,1215,51,4
4919,49.190179403,179.332000000,100,1320,1215,51,4
4920,49.200180022,179.332000000,100,1320,1215,51,4
4921,49.210195129,179.332000000,100,1320,1215,51,4
4922,49.220177364,217.429000000,100,1230,1215,52,4
4923,49.230176210,217.429000000,100,1230,1215,52,4
4924,49.240203910,217.429000000,100,1230,1215,52,4
4925,49.250179743,217.429000000,100,1230,1215,52,4
4926,49.260177337,217.429000000,100,1230,1215,52,4
4927,49.270179198,217.429000000,100,1230,1215,52,4
4928,49.280195187,217.429000000,100,1230,1215,52,4
4929,49.290177091,217.429000000,100,1230,1215,52,4
4930,49.300177780,217.429000000,100,1230,1215,52,4
4931,49.310184902,217.429000000,100,1230,1215,52,4
4932,49.320179260,199.534000000,100,1230,1215,50,4
4933,49.330177675,199.534000000,100,1230,1215,50,4
4934,49.340180108,199.534000000,100,1230,1215,50,4
4935,49.350199322,199.534000000,100,1230,1215,50,4
4936,49.360178311,199.534000000,100,1230,1215,50,4
4937,49.370178289,199.534000000,100,1230,1215,50,4
4938,49.380193455,199.534000000,100,1230,1215,50,4
4939,49.390180048,199.534000000,100,1230,1215,50,4
4940,49.400178063,199.534000000,100,1230,1215,50,4
4941,49.410180796,199.534000000,100,1230,1215,50,4
4942,49.420177618,182.679000000,100,1305,1215,52,4
4943,49.430179701,182.679000000,100,1305,1215,52,4
4944,49.440179438,182.679000000,100,1305,1215,52,4
4945,49.450186269,182.679000000,100,1305,1215,52,4
4946,49.460177611,182.679000000,100,1305,1215,52,4
4947,49.470178110,182.679000000,100,1305,1215,52,4
4948,49.480181044,182.679000000,100,1305,1215,52,4
4949,49.490184649,182.679000000,100,1305,1215,52,4
4950,49.500178346,182.679000000,100,1305,1215,52,4
4951,49.510179867,182.679000000,100,1305,1215,52,4
4952,49.520179694,224.626000000,100,1200,1215,51,4
4953,49.530177729,224.626000000,100,1200,1215,51,4
4954,49.540191723,224.626000000,100,1200,1215,51,4
4955,49.550179709,224.626000000,100,1200,1215,51,4
4956,49.560177052,224.626000000,100,1200,1215,51,4
4957,49.570183623,224.626000000,100,1200,1215,51,4
4958,49.580190003,224.626000000,100,1200,1215,51,4
4959,49.590193558,224.626000000,100,1200,1215,51,4
4960,49.600192294,224.626000000,100,1200,1215,51,4
4961,49.610195057,224.626000000,100,1200,1215,51,4
4962,49.620178194,177.628000000,100,1350,1215,52,4
4963,49.630201946,177.628000000,100,1350,1215,52,4
4964,49.640201814,177.628000000,100,1350,1215,52,4
4965,49.650178329,177.628000000,100,1350,1215,52,4
4966,49.660182915,177.628000000,100,1350,1215,52,4
4967,49.670213190,177.628000000,100,1350,1215,52,4
4968,49.680182050,177.628000000,100,1350,1215,52,4
4969,49.690191446,177.628000000,100,1350,1215,52,4
4970,49.700202785,177.628000000,100,1350,1215,52,4
4971,49.710178037,177.628000000,100,1350,1215,52,4
4972,49.720177534,241.734000000,100,1125,1215,51,4
4973,49.730188263,241.734000000,100,1125,1215,51,4
4974,49.740202598,241.734000000,100,1125,1215,51,4
4975,49.750180024,241.734000000,100,1125,1215,51,4
4976,49.760202925,241.734000000,100,1125,1215,51,4
4977,49.770202412,241.734000000,100,1125,1215,51,4
4978,49.780179618,241.734000000,100,1125,1215,51,4
4979,49.790177372,241.734000000,100,1125,1215,51,4
4980,49.800203208,241.734000000,100,1125,1215,51,4
4981,49.810205170,241.734000000,100,1125,1215,51,4
4982,49.820177486,162.061000000,100,1350,1215,51,4
4983,49.830190118,162.061000000,100,1350,1215,51,4
4984,49.840189495,162.061000000,100,1350,1215,51,4
4985,49.850177191,162.061000000,100,1350,1215,51,4
4986,49.860181677,162.061000000,100,1350,1215,51,4
4987,49.870190051,162.061000000,100,1350,1215,51,4
4988,49.880187184,162.061000000,100,1350,1215,51,4
4989,49.890182674,162.061000000,100,1350,1215,51,4
4990,49.900178394,162.061000000,100,1350,1215,51,4
4991,49.910194222,162.061000000,100,1350,1215,51,4
4992,49.920176938,233.788000000,100,1185,1215,51,4
4993,49.930181725,233.788000000,100,1185,1215,51,4
4994,49.940184358,233.788000000,100,1185,1215,51,4
4995,49.950200186,233.788000000,100,1185,1215,51,4
4996,49.960184725,233.788000000,100,1185,1215,51,4
4997,49.970186467,233.788000000,100,1185,1215,51,4
4998,49.980175584,233.788000000,100,1185,1215,51,4
4999,49.990175282,233.788000000,100,1185,1215,51,4
5000,50.000181442,233.788000000,100,1185,1215,51,4
5001,50.010185848,233.788000000,100,1185,1215,51,4
5002,50.020183732,183.314000000,100,1260,1215,51,4
5003,50.030183560,183.314000000,100,1260,1215,50,4
5004,50.040181254,183.314000000,100,1260,1215,50,4
5005,50.050196711,183.314000000,100,1260,1215,50,4
5006,50.060177664,183.314000000,100,1260,1215,50,4
5007,50.070193342,183.314000000,100,1260,1215,50,4
5008,50.080182379,183.314000000,100,1260,1215,50,4
5009,50.090178390,183.314000000,100,1260,1215,50,4
5010,50.100196913,183.314000000,100,1260,1215,50,4
5011,50.110185951,183.314000000,100,1260,1215,50,4
5012,50.120182442,211.258000000,100,1305,1215,50,4
5013,50.130182120,211.258000000,100,1305,1215,52,4
5014,50.140199721,211.258000000,100,1305,1215,52,4
5015,50.150189750,211.258000000,100,1305,1215,52,4
5016,50.160179499,211.258000000,100,1305,1215,52,4
5017,50.170202390,211.258000000,100,1305,1215,52,4
5018,50.180202669,211.258000000,100,1305,1215,52,4
5019,50.190210051,211.258000000,100,1305,1215,52,4
5020,50.200197075,211.258000000,100,1305,1215,52,4
5021,50.210190361,211.258000000,100,1305,1215,52,4
5022,50.220215997,207.718000000,100,1140,1215,50,4
5023,50.230206748,207.718000000,100,1140,1215,50,4
5024,50.240233156,207.718000000,100,1140,1215,50,4
5025,50.250197046,207.718000000,100,1140,1215,50,4
5026,50.260177418,207.718000000,100,1140,1215,50,4
5027,50.270183898,207.718000000,100,1140,1215,50,4
5028,50.280189106,207.718000000,100,1140,1215,50,4
5029,50.290179025,207.718000000,100,1140,1215,50,4
5030,50.300193430,207.718000000,100,1140,1215,50,4
5031,50.310199169,207.718000000,100,1140,1215,50,4
5032,50.320178809,176.688000000,100,1335,1215,52,4
5033,50.330182474,176.688000000,100,1335,1215,52,4
5034,50.340196279,176.688000000,100,1335,1215,52,4
5035,50.350200705,176.688000000,100,1335,1215,52,4
5036,50.360176247,176.688000000,100,1335,1215,52,4
5037,50.370183199,176.688000000,100,1335,1215,52,4
5038,50.380183047,176.688000000,100,1335,1215,52,4
5039,50.390177154,176.688000000,100,1335,1215,52,4
5040,50.400175980,176.688000000,100,1335,1215,52,4
5041,50.410186818,176.688000000,100,1335,1215,52,4
5042,50.420188389,225.503000000,100,1170,1215,51,4
5043,50.430196673,225.503000000,100,1170,1215,51,4
5044,50.440182805,225.503000000,100,1170,1215,51,4
5045,50.450183525,225.503000000,100,1170,1215,51,4
5046,50.460175127,225.503000000,100,1170,1215,51,4
5047,50.470176839,225.503000000,100,1170,1215,51,4
5048,50.480183079,225.503000000,100,1170,1215,51,4
5049,50.490183217,225.503000000,100,1170,1215,51,4
5050,50.500177475,225.503000000,100,1170,1215,51,4
5051,50.510184496,225.503000000,100,1170,1215,51,4
5052,50.520191608,175.554000000,100,1350,1215,51,4
5053,50.530180495,175.554000000,100,1350,1215,51,4
5054,50.540176676,175.554000000,100,1350,1215,51,4
5055,50.550191021,175.554000000,100,1350,1215,51,4
5056,50.560195748,175.554000000,100,1350,1215,51,4
5057,50.570193202,175.554000000,100,1350,1215,51,4
5058,50.580205713,175.554000000,100,1350,1215,51,4
5059,50.590198879,175.554000000,100,1350,1215,51,4
5060,50.600177397,175.554000000,100,1350,1215,51,4
5061,50.610183096,175.554000000,100,1350,1215,51,4
5062,50.620179747,242.137000000,100,1155,1215,51,4
5063,50.630193051,242.137000000,100,1155,1215,51,4
5064,50.640185464,242.137000000,100,1155,1215,51,4
5065,50.650182487,242.137000000,100,1155,1215,51,4
5066,50.660197574,242.137000000,100,1155,1215,51,4
5067,50.670177604,242.137000000,100,1155,1215,51,4
5068,50.680179556,242.137000000,100,1155,1215,51,4
5069,50.690182139,242.137000000,100,1155,1215,51,4
5070,50.700178160,242.137000000,100,1155,1215,51,4
5071,50.710181655,242.137000000,100,1155,1215,51,4
5072,50.720190289,159.373000000,100,1350,1215,50,4
5073,50.730178365,159.373000000,100,1350,1215,50,4
5074,50.740174807,159.373000000,100,1350,1215,50,4
5075,50.750186867,159.373000000,100,1350,1215,50,4
5076,50.760189641,159.373000000,100,1350,1215,50,4
5077,50.770178087,159.373000000,100,1350,1215,50,4
5078,50.780208583,159.373000000,100,1350,1215,50,4
5079,50.790194805,159.373000000,100,1350,1215,50,4
5080,50.800177361,159.373000000,100,1350,1215,50,4
5081,50.810180124,159.373000000,100,1350,1215,50,4
5082,50.820204959,249.676000000,100,1185,1215,51,4
5083,50.830182345,249.676000000,100,1185,1215,51,4
5084,50.840177995,249.676000000,100,1185,1215,51,4
5085,50.850188563,249.676000000,100,1185,1215,51,4
5086,50.860187158,249.676000000,100,1185,1215,51,4
5087,50.870178310,249.676000000,100,1185,1215,51,4
5088,50.880178078,249.676000000,100,1185,1215,51,4
5089,50.890191902,249.676000000,100,1185,1215,51,4
5090,50.900182412,249.676000000,100,1185,1215,51,4
5091,50.910178483,249.676000000,100,1185,1215,51,4
5092,50.920192668,166.607000000,100,1320,1215,51,4
5093,50.930180453,166.607000000,100,1320,1215,51,4
5094,50.940188306,166.607000000,100,1320,1215,51,4
5095,50.950182203,166.607000000,100,1320,1215,51,4
5096,50.960178073,166.607000000,100,1320,1215,51,4
5097,50.970180045,166.607000000,100,1320,1215,51,4
5098,50.980181656,166.607000000,100,1320,1215,51,4
5099,50.990188818,166.607000000,100,1320,1215,51,4
5100,51.000182585,166.607000000,100,1320,1215,51,4
5101,51.010176051,166.607000000,100,1320,1215,51,4
5102,51.020178513,244.411000000,100,1230,1215,52,4
5103,51.030197888,244.411000000,100,1230,1215,52,4
5104,51.040193308,244.411000000,100,1230,1215,52,4
5105,51.050181704,244.411000000,100,1230,1215,52,4
5106,51.060202451,244.411000000,100,1230,1215,52,4
5107,51.070199293,244.411000000,100,1230,1215,52,4
5108,51.080190024,244.411000000,100,1230,1215,52,4
5109,51.090181096,244.411000000,100,1230,1215,52,4
5110,51.100181515,244.411000000,100,1230,1215,52,4
5111,51.110176974,244.411000000,100,1230,1215,52,4
5112,51.120179948,181.818000000,100,1215,1215,50,4
5113,51.130176991,181.818000000,100,1215,1215,50,4
5114,51.140178231,181.818000000,100,1215,1215,50,4
5115,51.150177999,181.818000000,100,1215,1215,50,4
5116,51.160178068,181.818000000,100,1215,1215,50,4
5117,51.170178316,181.818000000,100,1215,1215,50,4
5118,51.180227286,181.818000000,100,1215,1215,50,4
5119,51.190180046,181.818000000,100,1215,1215,50,4
5120,51.200200833,181.818000000,100,1215,1215,50,4
5121,51.210181385,181.818000000,100,1215,1215,50,4
5122,51.220181183,201.817000000,100,1335,1215,52,4
5123,51.230206498,201.817000000,100,1335,1215,52,4
5124,51.240211646,201.817000000,100,1335,1215,52,4
5125,51.250186798,201.817000000,100,1335,1215,52,4
5126,51.260182017,201.817000000,100,1335,1215,52,4
5127,51.270227871,201.817000000,100,1335,1215,52,4
5128,51.280180310,201.817000000,100,1335,1215,52,4
5129,51.290189646,201.817000000,100,1335,1215,52,4
5130,51.300242523,201.817000000,100,1335,1215,52,4
5131,51.310195223,201.817000000,100,1335,1215,52,4
5132,51.320213095,217.070000000,100,1185,1215,51,4
5133,51.330202613,217.070000000,100,1185,1215,51,4
5134,51.340202651,217.070000000,100,1185,1215,51,4
5135,51.350193002,217.070000000,100,1185,1215,51,4
5136,51.360516857,217.070000000,100,1185,1215,51,4
5137,51.370258030,217.070000000,100,1185,1215,51,4
5138,51.380833307,217.070000000,100,1185,1215,51,4
5139,51.390199226,217.070000000,100,1185,1215,51,4
5140,51.400208211,217.070000000,100,1185,1215,51,4
5141,51.410198631,217.070000000,100,1185,1215,51,4
5142,51.420176779,184.784000000,100,1350,1215,52,4
5143,51.430183449,184.784000000,100,1350,1215,52,4
5144,51.440194007,184.784000000,100,1350,1215,52,4
5145,51.450194266,184.784000000,100,1350,1215,52,4
5146,51.460188784,184.784000000,100,1350,1215,52,4
5147,51.470196036,184.784000000,100,1350,1215,52,4
5148,51.480176337,184.784000000,100,1350,1215,52,4
5149,51.490177137,184.784000000,100,1350,1215,52,4
5150,51.500180461,184.784000000,100,1350,1215,52,4
5151,51.510194856,184.784000000,100,1350,1215,52,4
5152,51.520178574,237.945000000,100,1125,1215,51,4
5153,51.530180035,237.945000000,100,1125,1215,51,4
5154,51.540202405,237.945000000,100,1125,1215,51,4
5155,51.550180062,237.945000000,100,1125,1215,51,4
5156,51.560176273,237.945000000,100,1125,1215,51,4
5157,51.570192692,237.945000000,100,1125,1215,51,4
5158,51.580205273,237.945000000,100,1125,1215,51,4
5159,51.590177910,237.945000000,100,1125,1215,51,4
5160,51.600199479,237.945000000,100,1125,1215,51,4
5161,51.610205869,237.945000000,100,1125,1215,51,4
5162,51.620177484,160.890000000,100,1335,1215,51,4
5163,51.630175989,160.890000000,100,1335,1215,51,4
5164,51.640181688,160.890000000,100,1335,1215,51,4
5165,51.650212184,160.890000000,100,1335,1215,51,4
5166,51.660176956,160.890000000,100,1335,1215,51,4
5167,51.670181252,160.890000000,100,1335,1215,51,4
5168,51.680207710,160.890000000,100,1335,1215,51,4
5169,51.690179305,160.890000000,100,1335,1215,51,4
5170,51.700175736,160.890000000,100,1335,1215,51,4
5171,51.710189631,160.890000000,100,1335,1215,51,4
5172,51.720181133,255.331000000,100,1230,1215,51,4
5173,51.730179097,255.331000000,100,1230,1215,51,4
5174,51.740194354,255.331000000,100,1230,1215,51,4
5175,51.750212506,255.331000000,100,1230,1215,51,4
5176,51.760180034,255.331000000,100,1230,1215,51,4
5177,51.770180333,255.331000000,100,1230,1215,51,4
5178,51.780184378,255.331000000,100,1230,1215,51,4
5179,51.790181431,255.331000000,100,1230,1215,51,4
5180,51.800175719,255.331000000,100,1230,1215,51,4
5181,51.810184754,255.331000000,100,1230,1215,51,4
5182,51.820253962,165.245000000,100,1275,1215,51,4
5183,51.830181724,165.245000000,100,1275,1215,51,4
5184,51.840174740,165.245000000,100,1275,1215,51,4
5185,51.850181530,165.245000000,100,1275,1215,51,4
5186,51.860217747,165.245000000,100,1275,1215,51,4
5187,51.870181547,165.245000000,100,1275,1215,51,4
5188,51.880180173,165.245000000,100,1275,1215,51,4
5189,51.890205168,165.245000000,100,1275,1215,51,4
5190,51.900180490,165.245000000,100,1275,1215,51,4
5191,51.910175058,165.245000000,100,1275,1215,51,4
5192,51.920179915,165.245000000,100,1275,1215,51,4
5193,51.930179713,239.877000000,100,1275,1215,52,4
5194,51.940205549,239.877000000,100,1275,1215,52,4
5195,51.950180200,239.877000000,100,1275,1215,52,4
5196,51.960174397,239.877000000,100,1275,1215,52,4
5197,51.970181048,239.877000000,100,1275,1215,52,4
5198,51.980178051,239.877000000,100,1275,1215,52,4
5199,51.990176736,239.877000000,100,1275,1215,52,4
5200,52.000174551,239.877000000,100,1275,1215,52,4
5201,52.010236866,239.877000000,100,1275,1215,52,4
5202,52.020181700,179.281000000,100,1185,1215,50,4
5203,52.030179394,179.281000000,100,1185,1215,50,4
5204,52.040214568,179.281000000,100,1185,1215,50,4
5205,52.050208545,179.281000000,100,1185,1215,50,4
5206,52.060178748,179.281000000,100,1185,1215,50,4
5207,52.070181782,179.281000000,100,1185,1215,50,4
5208,52.080213169,179.281000000,100,1185,1215,50,4
5209,52.090184052,179.281000000,100,1185,1215,50,4
5210,52.100178330,179.281000000,100,1185,1215,50,4
5211,52.110227741,179.281000000,100,1185,1215,50,4
5212,52.120191511,220.879000000,100,1350,1215,52,4
5213,52.130175659,220.879000000,100,1350,1215,52,4
5214,52.140200805,220.879000000,100,1350,1215,52,4
5215,52.150193018,220.879000000,100,1350,1215,52,4
5216,52.160177638,220.879000000,100,1350,1215,52,4
5217,52.170183517,220.879000000,100,1350,1215,52,4
5218,52.180210686,220.879000000,100,1350,1215,52,4
5219,52.190179145,220.879000000,100,1350,1215,52,4
5220,52.200182189,220.879000000,100,1350,1215,52,4
5221,52.210205902,220.879000000,100,1350,1215,52,4
5222,52.220195571,203.188000000,100,1170,1215,51,4
5223,52.230176924,203.188000000,100,1170,1215,51,4
5224,52.240199735,203.188000000,100,1170,1215,51,4
5225,52.250204312,203.188000000,100,1170,1215,51,4
5226,52.260177680,203.188000000,100,1170,1215,51,4
5227,52.270179802,203.188000000,100,1170,1215,51,4
5228,52.280185070,203.188000000,100,1170,1215,51,4
5229,52.290205667,203.188000000,100,1170,1215,51,4
5230,52.300204373,203.188000000,100,1170,1215,51,4
5231,52.310182320,203.188000000,100,1170,1215,51,4
5232,52.320235728,197.262000000,100,1350,1215,52,4
5233,52.330183077,197.262000000,100,1350,1215,52,4
5234,52.340181793,197.262000000,100,1350,1215,52,4
5235,52.350217899,197.262000000,100,1350,1215,52,4
5236,52.360178924,197.262000000,100,1350,1215,52,4
5237,52.370178271,197.262000000,100,1350,1215,52,4
5238,52.380182067,197.262000000,100,1350,1215,52,4
5239,52.390202974,197.262000000,100,1350,1215,52,4
5240,52.400176994,197.262000000,100,1350,1215,52,4
5241,52.410191379,197.262000000,100,1350,1215,52,4
5242,52.420210022,215.686000000,100,1170,1215,51,4
5243,52.430179102,215.686000000,100,1170,1215,51,4
5244,52.440180102,215.686000000,100,1170,1215,51,4
5245,52.450207903,215.686000000,100,1170,1215,51,4
5246,52.460186080,215.686000000,100,1170,1215,51,4
5247,52.470180047,215.686000000,100,1170,1215,51,4
5248,52.480192779,215.686000000,100,1170,1215,51,4
5249,52.490180634,215.686000000,100,1170,1215,51,4
5250,52.500178849,215.686000000,100,1170,1215,51,4
5251,52.510206900,215.686000000,100,1170,1215,51,4
5252,52.520197941,180.213000000,100,1350,1215,51,4
5253,52.530178082,180.213000000,100,1350,1215,51,4
5254,52.540184142,180.213000000,100,1350,1215,51,4
5255,52.550179151,180.213000000,100,1350,1215,51,4
5256,52.560178578,180.213000000,100,1350,1215,51,4
5257,52.570182974,180.213000000,100,1350,1215,51,4
5258,52.580195586,180.213000000,100,1350,1215,51,4
5259,52.590177410,180.213000000,100,1350,1215,51,4
5260,52.600177819,180.213000000,100,1350,1215,51,4
5261,52.610190351,180.213000000,100,1350,1215,51,4
5262,52.620180501,238.117000000,100,1185,1215,51,4
5263,52.630177964,238.117000000,100,1185,1215,51,4
5264,52.640179085,238.117000000,100,1185,1215,51,4
5265,52.650189102,238.117000000,100,1185,1215,51,4
5266,52.660176837,238.117000000,100,1185,1215,51,4
5267,52.670174681,238.117000000,100,1185,1215,51,4
5268,52.680184137,238.117000000,100,1185,1215,51,4
5269,52.690178364,238.117000000,100,1185,1215,51,4
5270,52.700176238,238.117000000,100,1185,1215,51,4
5271,52.710178290,238.117000000,100,1185,1215,51,4
5272,52.720197865,173.601000000,100,1320,1215,51,4
5273,52.730178227,173.601000000,100,1320,1215,51,4
5274,52.740176321,173.601000000,100,1320,1215,51,4
5275,52.750184665,173.601000000,100,1320,1215,51,4
5276,52.760205994,173.601000000,100,1320,1215,51,4
5277,52.770178450,173.601000000,100,1320,1215,51,4
5278,52.780193687,173.601000000,100,1320,1215,51,4
5279,52.790178877,173.601000000,100,1320,1215,51,4
5280,52.800174868,173.601000000,100,1320,1215,51,4
5281,52.810179214,173.601000000,100,1320,1215,51,4
5282,52.820204079,246.256000000,100,1215,1215,52,4
5283,52.830180503,246.256000000,100,1215,1215,52,4
5284,52.840180742,246.256000000,100,1215,1215,52,4
5285,52.850221436,246.256000000,100,1215,1215,52,4
5286,52.860198291,246.256000000,100,1215,1215,52,4
5287,52.870176809,246.256000000,100,1215,1215,52,4
5288,52.880187658,246.256000000,100,1215,1215,52,4
5289,52.890202844,246.256000000,100,1215,1215,52,4
5290,52.900197753,246.256000000,100,1215,1215,52,4
5291,52.910179767,246.256000000,100,1215,1215,52,4
5292,52.920201166,169.687000000,100,1275,1215,51,4
5293,52.930203388,169.687000000,100,1275,1215,51,4
5294,52.940178861,169.687000000,100,1275,1215,51,4
5295,52.950184028,169.687000000,100,1275,1215,51,4
5296,52.960182233,169.687000000,100,1275,1215,51,4
5297,52.970174717,169.687000000,100,1275,1215,51,4
5298,52.980181558,169.687000000,100,1275,1215,51,4
5299,52.990182679,169.687000000,100,1275,1215,51,4
5300,53.000176245,169.687000000,100,1275,1215,51,4
5301,53.010177746,169.687000000,100,1275,1215,51,4
5302,53.020196109,246.903000000,100,1290,1215,52,4
5303,53.030189565,246.903000000,100,1290,1215,52,4
5304,53.040180977,246.903000000,100,1290,1215,52,4
5305,53.050186235,246.903000000,100,1290,1215,52,4
5306,53.060194829,246.903000000,100,1290,1215,52,4
5307,53.070188115,246.903000000,100,1290,1215,52,4
5308,53.080178335,246.903000000,100,1290,1215,52,4
5309,53.090182961,246.903000000,100,1290,1215,52,4
5310,53.100190203,246.903000000,100,1290,1215,52,4
5311,53.110187246,246.903000000,100,1290,1215,52,4
5312,53.120178458,174.493000000,100,1170,1215,50,4
5313,53.130228199,174.493000000,100,1170,1215,50,4
5314,53.140189104,174.493000000,100,1170,1215,50,4
5315,53.150202497,174.493000000,100,1170,1215,50,4
5316,53.160182298,174.493000000,100,1170,1215,50,4
5317,53.170197935,174.493000000,100,1170,1215,50,4
5318,53.180180561,174.493000000,100,1170,1215,50,4
5319,53.190181300,174.493000000,100,1170,1215,50,4
5320,53.200190396,174.493000000,100,1170,1215,50,4
5321,53.210180626,174.493000000,100,1170,1215,50,4
5322,53.220176266,223.464000000,100,1335,1215,50,4
5323,53.230176995,223.464000000,100,1335,1215,52,4
5324,53.240190699,223.464000000,100,1335,1215,52,4
5325,53.250183424,223.464000000,100,1335,1215,52,4
5326,53.260180086,223.464000000,100,1335,1215,52,4
5327,53.270191726,223.464000000,100,1335,1215,52,4
5328,53.280180823,223.464000000,100,1335,1215,52,4
5329,53.290179088,223.464000000,100,1335,1215,52,4
5330,53.300188805,223.464000000,100,1335,1215,52,4
5331,53.310177201,223.464000000,100,1335,1215,52,4
5332,53.320184503,194.195000000,100,1140,1215,52,4
5333,53.330189701,194.195000000,100,1140,1215,51,4
5334,53.340177557,194.195000000,100,1140,1215,51,4
5335,53.350188916,194.195000000,100,1140,1215,51,4
5336,53.360178074,194.195000000,100,1140,1215,51,4
5337,53.370183803,194.195000000,100,1140,1215,51,4
5338,53.380178922,194.195000000,100,1140,1215,51,4
5339,53.390191854,194.195000000,100,1140,1215,51,4
5340,53.400186392,194.195000000,100,1140,1215,51,4
5341,53.410181752,194.195000000,100,1140,1215,51,4
5342,53.420189084,205.427000000,100,1350,1215,51,4
5343,53.430176549,205.427000000,100,1350,1215,51,4
5344,53.440180735,205.427000000,100,1350,1215,51,4
5345,53.450181955,205.427000000,100,1350,1215,51,4
5346,53.460190790,205.427000000,100,1350,1215,51,4
5347,53.470183434,205.427000000,100,1350,1215,51,4
5348,53.480182952,205.427000000,100,1350,1215,51,4
5349,53.490179814,205.427000000,100,1350,1215,51,4
5350,53.500176015,205.427000000,100,1350,1215,51,4
5351,53.510229774,205.427000000,100,1350,1215,51,4
5352,53.520194496,205.427000000,100,1155,1215,51,4
5353,53.530184335,216.057000000,100,1155,1215,51,4
5354,53.540193300,216.057000000,100,1155,1215,51,4
5355,53.550213186,216.057000000,100,1155,1215,51,4
5356,53.560179421,216.057000000,100,1155,1215,51,4
5357,53.570179339,216.057000000,100,1155,1215,51,4
5358,53.580202260,216.057000000,100,1155,1215,51,4
5359,53.590219671,216.057000000,100,1155,1215,51,4
5360,53.600198099,216.057000000,100,1155,1215,51,4
5361,53.610202886,216.057000000,100,1155,1215,51,4
5362,53.620198345,165.000000000,100,1335,1215,51,4
5363,53.630178436,165.000000000,100,1335,1215,51,4
5364,53.640175048,165.000000000,100,1335,1215,51,4
5365,53.650196216,165.000000000,100,1335,1215,51,4
5366,53.660234586,165.000000000,100,1335,1215,51,4
5367,53.670206261,165.000000000,100,1335,1215,51,4
5368,53.680228932,165.000000000,100,1335,1215,51,4
5369,53.690193554,165.000000000,100,1335,1215,51,4
5370,53.700203801,165.000000000,100,1335,1215,51,4
5371,53.710194542,165.000000000,100,1335,1215,51,4
5372,53.720196865,245.079000000,100,1215,1215,52,4
5373,53.730191252,245.079000000,100,1215,1215,52,4
5374,53.740194567,245.079000000,100,1215,1215,52,4
5375,53.750193693,245.079000000,100,1215,1215,52,4
5376,53.760197990,245.079000000,100,1215,1215,52,4
5377,53.770177309,245.079000000,100,1215,1215,52,4
5378,53.780180924,245.079000000,100,1215,1215,52,4
5379,53.790194678,245.079000000,100,1215,1215,52,4
5380,53.800200497,245.079000000,100,1215,1215,52,4
5381,53.810183183,245.079000000,100,1215,1215,52,4
5382,53.820179845,158.343000000,100,1275,1215,51,4
5383,53.830188049,158.343000000,100,1275,1215,51,4
5384,53.840176756,158.343000000,100,1275,1215,51,4
5385,53.850181312,158.343000000,100,1275,1215,51,4
5386,53.860181521,158.343000000,100,1275,1215,51,4
5387,53.870198080,158.343000000,100,1275,1215,51,4
5388,53.880181087,158.343000000,100,1275,1215,51,4
5389,53.890190212,158.343000000,100,1275,1215,51,4
5390,53.900189248,158.343000000,100,1275,1215,51,4
5391,53.910191481,158.343000000,100,1275,1215,51,4
5392,53.920193282,256.398000000,100,1290,1215,52,4
5393,53.930199903,256.398000000,100,1290,1215,52,4
5394,53.940178621,256.398000000,100,1290,1215,52,4
5395,53.950208155,256.398000000,100,1290,1215,52,4
5396,53.960201310,256.398000000,100,1290,1215,52,4
5397,53.970188795,256.398000000,100,1290,1215,52,4
5398,53.980180678,256.398000000,100,1290,1215,52,4
5399,53.990181067,256.398000000,100,1290,1215,52,4
5400,54.000176727,256.398000000,100,1290,1215,52,4
5401,54.010187395,256.398000000,100,1290,1215,52,4
5402,54.020187173,154.708000000,100,1125,1215,50,4
5403,54.030195737,154.708000000,100,1125,1215,50,4
5404,54.040181359,154.708000000,100,1125,1215,50,4
5405,54.050194541,154.708000000,100,1125,1215,50,4
5406,54.060184892,154.708000000,100,1125,1215,50,4
5407,54.070184770,154.708000000,100,1125,1215,50,4
5408,54.080195388,154.708000000,100,1125,1215,50,4
5409,54.090189094,154.708000000,100,1125,1215,50,4
5410,54.100177941,154.708000000,100,1125,1215,50,4
5411,54.110180574,154.708000000,100,1125,1215,50,4
5412,54.120180052,242.554000000,100,1350,1215,52,4
5413,54.130195409,242.554000000,100,1350,1215,52,4
5414,54.140185859,242.554000000,100,1350,1215,52,4
5415,54.150186719,242.554000000,100,1350,1215,52,4
5416,54.160177119,242.554000000,100,1350,1215,52,4
5417,54.170178360,242.554000000,100,1350,1215,52,4
5418,54.180195320,242.554000000,100,1350,1215,52,4
5419,54.190201089,242.554000000,100,1350,1215,52,4
5420,54.200181340,242.554000000,100,1350,1215,52,4
5421,54.210200774,242.554000000,100,1350,1215,52,4
5422,54.220203057,177.326000000,100,1125,1215,51,4
5423,54.230178569,177.326000000,100,1125,1215,51,4
5424,54.240270129,177.326000000,100,1125,1215,51,4
5425,54.250203272,177.326000000,100,1125,1215,51,4
5426,54.260208670,177.326000000,100,1125,1215,51,4
5427,54.270201675,177.326000000,100,1125,1215,51,4
5428,54.280183089,177.326000000,100,1125,1215,51,4
5429,54.290180232,177.326000000,100,1125,1215,51,4
5430,54.300177064,177.326000000,100,1125,1215,51,4
5431,54.310180469,177.326000000,100,1125,1215,51,4
5432,54.320179435,216.263000000,100,1350,1215,51,4
5433,54.330199521,216.263000000,100,1350,1215,51,4
5434,54.340185132,216.263000000,100,1350,1215,51,4
5435,54.350183978,216.263000000,100,1350,1215,51,4
5436,54.360181502,216.263000000,100,1350,1215,51,4
5437,54.370176160,216.263000000,100,1350,1215,51,4
5438,54.380187269,216.263000000,100,1350,1215,51,4
5439,54.390180895,216.263000000,100,1350,1215,51,4
5440,54.400183007,216.263000000,100,1350,1215,51,4
5441,54.410193024,216.263000000,100,1350,1215,51,4
5442,54.420186430,204.848000000,100,1140,1215,51,4
5443,54.430176239,204.848000000,100,1140,1215,51,4
5444,54.440181417,204.848000000,100,1140,1215,51,4
5445,54.450197425,204.848000000,100,1140,1215,51,4
5446,54.460191402,204.848000000,100,1140,1215,51,4
5447,54.470180330,204.848000000,100,1140,1215,51,4
5448,54.480214051,204.848000000,100,1140,1215,51,4
5449,54.490179515,204.848000000,100,1140,1215,51,4
5450,54.500179563,204.848000000,100,1140,1215,51,4
5451,54.510182727,204.848000000,100,1140,1215,51,4
5452,54.520203073,182.011000000,100,1350,1215,51,4
5453,54.530536878,182.011000000,100,1350,1215,51,4
5454,54.540184705,182.011000000,100,1350,1215,51,4
5455,54.550201726,182.011000000,100,1350,1215,51,4
5456,54.560208897,182.011000000,100,1350,1215,51,4
5457,54.570183959,182.011000000,100,1350,1215,51,4
5458,54.580194276,182.011000000,100,1350,1215,51,4
5459,54.590198643,182.011000000,100,1350,1215,51,4
5460,54.600180076,182.011000000,100,1350,1215,51,4
5461,54.610184372,182.011000000,100,1350,1215,51,4
5462,54.620179742,227.128000000,100,1185,1215,52,4
5463,54.630194698,227.128000000,100,1185,1215,52,4
5464,54.640176051,227.128000000,100,1185,1215,52,4
5465,54.650212949,227.128000000,100,1185,1215,52,4
5466,54.660211214,227.128000000,100,1185,1215,52,4
5467,54.670177960,227.128000000,100,1185,1215,52,4
5468,54.680187115,227.128000000,100,1185,1215,52,4
5469,54.690203444,227.128000000,100,1185,1215,52,4
5470,54.700177012,227.128000000,100,1185,1215,52,4
5471,54.710179084,227.128000000,100,1185,1215,52,4
5472,54.720182068,172.498000000,100,1335,1215,51,4
5473,54.730206623,172.498000000,100,1335,1215,51,4
5474,54.740213554,172.498000000,100,1335,1215,51,4
5475,54.750241294,172.498000000,100,1335,1215,51,4
5476,54.760209172,172.498000000,100,1335,1215,51,4
5477,54.770177150,172.498000000,100,1335,1215,51,4
5478,54.780190183,172.498000000,100,1335,1215,51,4
5479,54.790552931,172.498000000,100,1335,1215,51,4
5480,54.800179810,172.498000000,100,1335,1215,51,4
5481,54.810176893,172.498000000,100,1335,1215,51,4
5482,54.820179626,241.857000000,100,1215,1215,52,4
5483,54.830209670,241.857000000,100,1215,1215,52,4
5484,54.840189601,241.857000000,100,1215,1215,52,4
5485,54.850177076,241.857000000,100,1215,1215,52,4
5486,54.860177074,241.857000000,100,1215,1215,52,4
5487,54.870214963,241.857000000,100,1215,1215,52,4
5488,54.880179455,241.857000000,100,1215,1215,52,4
5489,54.890177680,241.857000000,100,1215,1215,52,4
5490,54.900204849,241.857000000,100,1215,1215,52,4
5491,54.910180401,241.857000000,100,1215,1215,52,4
5492,54.920176652,155.747000000,100,1170,1215,50,4
5493,54.930178735,155.747000000,100,1170,1215,50,4
5494,54.940216193,155.747000000,100,1170,1215,50,4
5495,54.950181676,155.747000000,100,1170,1215,50,4
5496,54.960182045,155.747000000,100,1170,1215,50,4
5497,54.970216548,155.747000000,100,1170,1215,50,4
5498,54.980179086,155.747000000,100,1170,1215,50,4
5499,54.990175197,155.747000000,100,1170,1215,50,4
5500,55.000180505,155.747000000,100,1170,1215,50,4
5501,55.010212233,155.747000000,100,1170,1215,50,4
5502,55.020178618,252.100000000,100,1335,1215,50,4
5503,55.030179749,252.100000000,100,1335,1215,52,4
5504,55.040226314,252.100000000,100,1335,1215,52,4
5505,55.050202989,252.100000000,100,1335,1215,52,4
5506,55.060177339,252.100000000,100,1335,1215,52,4
5507,55.070175533,252.100000000,100,1335,1215,52,4
5508,55.080202933,252.100000000,100,1335,1215,52,4
5509,55.090181251,252.100000000,100,1335,1215,52,4
5510,55.100176991,252.100000000,100,1335,1215,52,4
5511,55.110206625,252.100000000,100,1335,1215,52,4
5512,55.120181476,252.100000000,100,1170,1215,52,4
5513,55.130176935,163.051000000,100,1170,1215,51,4
5514,55.140179999,163.051000000,100,1170,1215,51,4
5515,55.150199664,163.051000000,100,1170,1215,51,4
5516,55.160204331,163.051000000,100,1170,1215,51,4
5517,55.170182549,163.051000000,100,1170,1215,51,4
5518,55.180185823,163.051000000,100,1170,1215,51,4
5519,55.190181894,163.051000000,100,1170,1215,51,4
5520,55.200178496,163.051000000,100,1170,1215,51,4
5521,55.210182201,163.051000000,100,1170,1215,51,4
5522,55.220177150,250.742000000,100,1365,1215,52,4
5523,55.230180023,250.742000000,100,1365,1215,52,4
5524,55.240178489,250.742000000,100,1365,1215,52,4
5525,55.250192644,250.742000000,100,1365,1215,52,4
5526,55.260180709,250.742000000,100,1365,1215,52,4
5527,55.270176890,250.742000000,100,1365,1215,52,4
5528,55.280180796,250.742000000,100,1365,1215,52,4
5529,55.290183700,250.742000000,100,1365,1215,52,4
5530,55.300196101,250.742000000,100,1365,1215,52,4
5531,55.310182394,250.742000000,100,1365,1215,52,4
5532,55.320182923,172.177000000,100,1110,1215,51,4
5533,55.330195995,172.177000000,100,1110,1215,51,4
5534,55.340181306,172.177000000,100,1110,1215,51,4
5535,55.350181455,172.177000000,100,1110,1215,51,4
5536,55.360193065,172.177000000,100,1110,1215,51,4
5537,55.370200697,172.177000000,100,1110,1215,51,4
5538,55.380184345,172.177000000,100,1110,1215,51,4
5539,55.390183692,172.177000000,100,1110,1215,51,4
5540,55.400176436,172.177000000,100,1110,1215,51,4
5541,55.410177977,172.177000000,100,1110,1215,51,4
5542,55.420194026,220.784000000,100,1350,1215,51,4
5543,55.430184316,220.784000000,100,1350,1215,51,4
5544,55.440211916,220.784000000,100,1350,1215,51,4
5545,55.450197727,220.784000000,100,1350,1215,51,4
5546,55.460227782,220.784000000,100,1350,1215,51,4
5547,55.470179660,220.784000000,100,1350,1215,51,4
5548,55.480175731,220.784000000,100,1350,1215,51,4
5549,55.490179326,220.784000000,100,1350,1215,51,4
5550,55.500200814,220.784000000,100,1350,1215,51,4
5551,55.510186636,220.784000000,100,1350,1215,51,4
5552,55.520212022,198.084000000,100,1170,1215,51,4
5553,55.530206189,198.084000000,100,1170,1215,51,4
5554,55.540176652,198.084000000,100,1170,1215,51,4
5555,55.550182180,198.084000000,100,1170,1215,51,4
5556,55.560226381,198.084000000,100,1170,1215,51,4
5557,55.570179151,198.084000000,100,1170,1215,51,4
5558,55.580175643,198.084000000,100,1170,1215,51,4
5559,55.590185760,198.084000000,100,1170,1215,51,4
5560,55.600175970,198.084000000,100,1170,1215,51,4
5561,55.610176008,198.084000000,100,1170,1215,51,4
5562,55.620193749,196.577000000,100,1335,1215,51,4
5563,55.630194048,196.577000000,100,1335,1215,51,4
5564,55.640179479,196.577000000,100,1335,1215,51,4
5565,55.650202050,196.577000000,100,1335,1215,51,4
5566,55.660177512,196.577000000,100,1335,1215,51,4
5567,55.670176077,196.577000000,100,1335,1215,51,4
5568,55.680180825,196.577000000,100,1335,1215,51,4
5569,55.690184840,196.577000000,100,1335,1215,51,4
5570,55.700176312,196.577000000,100,1335,1215,51,4
5571,55.710184947,196.577000000,100,1335,1215,51,4
5572,55.720177271,216.260000000,100,1215,1215,52,4
5573,55.730206404,216.260000000,100,1215,1215,52,4
5574,55.740179632,216.260000000,100,1215,1215,52,4
5575,55.750186052,216.260000000,100,1215,1215,52,4
5576,55.760183485,216.260000000,100,1215,1215,52,4
5577,55.770208400,216.260000000,100,1215,1215,52,4
5578,55.780199141,216.260000000,100,1215,1215,52,4
5579,55.790223104,216.260000000,100,1215,1215,52,4
5580,55.800179130,216.260000000,100,1215,1215,52,4
5581,55.810181593,216.260000000,100,1215,1215,52,4
5582,55.820193523,177.716000000,100,1275,1215,51,4
5583,55.830190486,177.716000000,100,1275,1215,51,4
5584,55.840205282,177.716000000,100,1275,1215,51,4
5585,55.852824543,177.716000000,100,1275,1215,51,4
5586,55.860204767,177.716000000,100,1275,1215,51,4
5587,55.870186812,177.716000000,100,1275,1215,51,4
5588,55.881822148,177.716000000,100,1275,1215,51,4
5589,55.890208519,177.716000000,100,1275,1215,51,4
5590,55.900189131,177.716000000,100,1275,1215,51,4
5591,55.910224996,177.716000000,100,1275,1215,51,4
5592,55.920199076,247.213000000,100,1305,1215,52,4
5593,55.930194395,247.213000000,100,1305,1215,52,4
5594,55.940176710,247.213000000,100,1305,1215,52,4
5595,55.950177600,247.213000000,100,1305,1215,52,4
5596,55.960181706,247.213000000,100,1305,1215,52,4
5597,55.970176475,247.213000000,100,1305,1215,52,4
5598,55.980175571,247.213000000,100,1305,1215,52,4
5599,55.990188383,247.213000000,100,1305,1215,52,4
5600,56.000176509,247.213000000,100,1305,1215,52,4
5601,56.010175686,247.213000000,100,1305,1215,52,4
5602,56.020177277,169.988000000,100,1215,1215,51,4
5603,56.030190440,169.988000000,100,1215,1215,51,4
5604,56.040178596,169.988000000,100,1215,1215,51,4
5605,56.050180317,169.988000000,100,1215,1215,51,4
5606,56.060201896,169.988000000,100,1215,1215,51,4
5607,56.070179062,169.988000000,100,1215,1215,51,4
5608,56.080177988,169.988000000,100,1215,1215,51,4
5609,56.090185139,169.988000000,100,1215,1215,51,4
5610,56.100179056,169.988000000,100,1215,1215,51,4
5611,56.110189955,169.988000000,100,1215,1215,51,4
5612,56.120205382,250.261000000,100,1320,1215,52,4
5613,56.130180283,250.261000000,100,1320,1215,52,4
5614,56.140178729,250.261000000,100,1320,1215,52,4
5615,56.150178396,250.261000000,100,1320,1215,52,4
5616,56.160177913,250.261000000,100,1320,1215,52,4
5617,56.170178753,250.261000000,100,1320,1215,52,4
5618,56.180178411,250.261000000,100,1320,1215,52,4
5619,56.190205720,250.261000000,100,1320,1215,52,4
5620,56.200176834,250.261000000,100,1320,1215,52,4
5621,56.210176632,250.261000000,100,1320,1215,52,4
5622,56.220177291,158.748000000,100,1140,1215,51,4
5623,56.230195634,158.748000000,100,1140,1215,51,4
5624,56.240177148,158.748000000,100,1140,1215,51,4
5625,56.250177066,158.748000000,100,1140,1215,51,4
5626,56.260200037,158.748000000,100,1140,1215,51,4
5627,56.270175730,158.748000000,100,1140,1215,51,4
5628,56.280175227,158.748000000,100,1140,1215,51,4
5629,56.290181747,158.748000000,100,1140,1215,51,4
5630,56.300177728,158.748000000,100,1140,1215,51,4
5631,56.310177536,158.748000000,100,1140,1215,51,4
5632,56.320212189,254.254000000,100,1365,1215,52,4
5633,56.330179095,254.254000000,100,1365,1215,52,4
5634,56.340180025,254.254000000,100,1365,1215,52,4
5635,56.350203928,254.254000000,100,1365,1215,52,4
5636,56.360198186,254.254000000,100,1365,1215,52,4
5637,56.370177976,254.254000000,100,1365,1215,52,4
5638,56.380213731,254.254000000,100,1365,1215,52,4
5639,56.390181028,254.254000000,100,1365,1215,52,4
5640,56.400175296,254.254000000,100,1365,1215,52,4
5641,56.410188729,254.254000000,100,1365,1215,52,4
5642,56.420199037,168.176000000,100,1125,1215,51,4
5643,56.430177745,168.176000000,100,1125,1215,51,4
5644,56.440181981,168.176000000,100,1125,1215,51,4
5645,56.450202969,168.176000000,100,1125,1215,51,4
5646,56.460175816,168.176000000,100,1125,1215,51,4
5647,56.470174922,168.176000000,100,1125,1215,51,4
5648,56.480190540,168.176000000,100,1125,1215,51,4
5649,56.490183004,168.176000000,100,1125,1215,51,4
5650,56.500176831,168.176000000,100,1125,1215,51,4
5651,56.510198970,168.176000000,100,1125,1215,51,4
5652,56.520181836,237.263000000,100,1350,1215,52,4
5653,56.530176785,237.263000000,100,1350,1215,52,4
5654,56.540225204,237.263000000,100,1350,1215,52,4
5655,56.550202580,237.263000000,100,1350,1215,52,4
5656,56.560178363,237.263000000,100,1350,1215,52,4
5657,56.570232853,237.263000000,100,1350,1215,52,4
5658,56.580191243,237.263000000,100,1350,1215,52,4
5659,56.590182155,237.263000000,100,1350,1215,52,4
5660,56.600180820,237.263000000,100,1350,1215,52,4
5661,56.610211847,237.263000000,100,1350,1215,52,4
5662,56.620182019,185.547000000,100,1185,1215,52,4
5663,56.630178320,185.547000000,100,1185,1215,51,4
5664,56.640179420,185.547000000,100,1185,1215,51,4
5665,56.650199126,185.547000000,100,1185,1215,51,4
5666,56.660179657,185.547000000,100,1185,1215,51,4
5667,56.670178373,185.547000000,100,1185,1215,51,4
5668,56.680201274,185.547000000,100,1185,1215,51,4
5669,56.690187938,185.547000000,100,1185,1215,51,4
5670,56.700180652,185.547000000,100,1185,1215,51,4
5671,56.710197272,185.547000000,100,1185,1215,51,4
5672,56.720186730,185.547000000,100,1305,1215,51,4
5673,56.730176910,206.457000000,100,1305,1215,51,4
5674,56.740179242,206.457000000,100,1305,1215,51,4
5675,56.750195221,206.457000000,100,1305,1215,51,4
5676,56.760184168,206.457000000,100,1305,1215,51,4
5677,56.770180179,206.457000000,100,1305,1215,51,4
5678,56.780191027,206.457000000,100,1305,1215,51,4
5679,56.790189473,206.457000000,100,1305,1215,51,4
5680,56.800179863,206.457000000,100,1305,1215,51,4
5681,56.810182786,206.457000000,100,1305,1215,51,4
5682,56.820177435,206.457000000,100,1275,1215,51,4
5683,56.830217698,220.686000000,100,1275,1215,52,4
5684,56.840178623,220.686000000,100,1275,1215,52,4
5685,56.850183861,220.686000000,100,1275,1215,52,4
5686,56.860182667,220.686000000,100,1275,1215,52,4
5687,56.870177636,220.686000000,100,1275,1215,52,4
5688,56.880177113,220.686000000,100,1275,1215,52,4
5689,56.890191729,220.686000000,100,1275,1215,52,4
5690,56.900198931,220.686000000,100,1275,1215,52,4
5691,56.910217283,220.686000000,100,1275,1215,52,4
5692,56.920201211,220.686000000,100,1200,1215,52,4
5693,56.930180601,169.791000000,100,1200,1215,51,4
5694,56.940198763,169.791000000,100,1200,1215,51,4
5695,56.950177361,169.791000000,100,1200,1215,51,4
5696,56.960179874,169.791000000,100,1200,1215,51,4
5697,56.970206773,169.791000000,100,1200,1215,51,4
5698,56.980188898,169.791000000,100,1200,1215,51,4
5699,56.990209364,169.791000000,100,1200,1215,51,4
5700,57.000199804,169.791000000,100,1200,1215,51,4
5701,57.010177842,169.791000000,100,1200,1215,51,4
5702,57.020183350,169.791000000,100,1335,1215,51,4
5703,57.030175844,243.312000000,100,1335,1215,52,4
5704,57.040191622,243.312000000,100,1335,1215,52,4
5705,57.050191109,243.312000000,100,1335,1215,52,4
5706,57.060180117,243.312000000,100,1335,1215,52,4
5707,57.070282397,243.312000000,100,1335,1215,52,4
5708,57.080224146,243.312000000,100,1335,1215,52,4
5709,57.090178869,243.312000000,100,1335,1215,52,4
5710,57.100181322,243.312000000,100,1335,1215,52,4
5711,57.110177593,243.312000000,100,1335,1215,52,4
5712,57.120222586,161.083000000,100,1140,1215,51,4
5713,57.130183681,161.083000000,100,1140,1215,51,4
5714,57.140204048,161.083000000,100,1140,1215,51,4
5715,57.150201150,161.083000000,100,1140,1215,51,4
5716,57.160177785,161.083000000,100,1140,1215,51,4
5717,57.170178544,161.083000000,100,1140,1215,51,4
5718,57.180201085,161.083000000,100,1140,1215,51,4
5719,57.190178841,161.083000000,100,1140,1215,51,4
5720,57.200198426,161.083000000,100,1140,1215,51,4
5721,57.210195489,161.083000000,100,1140,1215,51,4
5722,57.220177113,255.920000000,100,1365,1215,51,4
5723,57.230175618,255.920000000,100,1365,1215,52,4
5724,57.240195985,255.920000000,100,1365,1215,52,4
5725,57.250196233,255.920000000,100,1365,1215,52,4
5726,57.260176945,255.920000000,100,1365,1215,52,4
5727,57.270191661,255.920000000,100,1365,1215,52,4
5728,57.280191319,255.920000000,100,1365,1215,52,4
5729,57.290177030,255.920000000,100,1365,1215,52,4
5730,57.300175966,255.920000000,100,1365,1215,52,4
5731,57.310182527,255.920000000,100,1365,1215,52,4
5732,57.320178618,255.920000000,100,1110,1215,51,4
5733,57.330175410,255.920000000,100,1110,1215,51,4
5734,57.340177242,255.920000000,100,1110,1215,51,4
5735,57.350212766,255.920000000,100,1110,1215,51,4
5736,57.360184121,255.920000000,100,1110,1215,51,4
5737,57.370179300,255.920000000,100,1110,1215,51,4
5738,57.380184057,255.920000000,100,1110,1215,51,4
5739,57.390183044,255.920000000,100,1110,1215,51,4
5740,57.400177571,255.920000000,100,1110,1215,51,4
5741,57.410183100,255.920000000,100,1110,1215,51,4
5742,57.420177768,163.676000000,100,1350,1215,52,4
5743,57.430176133,163.676000000,100,1350,1215,52,4
5744,57.440176362,163.676000000,100,1350,1215,52,4
5745,57.450201077,163.676000000,100,1350,1215,52,4
5746,57.460179955,163.676000000,100,1350,1215,52,4
5747,57.470175435,163.676000000,100,1350,1215,52,4
5748,57.480205970,163.676000000,100,1350,1215,52,4
5749,57.490181573,163.676000000,100,1350,1215,52,4
5750,57.500175760,163.676000000,100,1350,1215,52,4
5751,57.510228477,163.676000000,100,1350,1215,52,4
5752,57.520208929,235.876000000,100,1185,1215,52,4
5753,57.530179442,235.876000000,100,1185,1215,52,4
5754,57.540181764,235.876000000,100,1185,1215,52,4
5755,57.550220605,235.876000000,100,1185,1215,52,4
5756,57.560178314,235.876000000,100,1185,1215,52,4
5757,57.570178553,235.876000000,100,1185,1215,52,4
5758,57.580189361,235.876000000,100,1185,1215,52,4
5759,57.590176305,235.876000000,100,1185,1215,52,4
5760,57.600181673,235.876000000,100,1185,1215,52,4
5761,57.610228039,235.876000000,100,1185,1215,52,4
5762,57.620194774,186.149000000,100,1305,1215,51,4
5763,57.630177170,186.149000000,100,1305,1215,51,4
5764,57.640178921,186.149000000,100,1305,1215,51,4
5765,57.650208385,186.149000000,100,1305,1215,51,4
5766,57.660178847,186.149000000,100,1305,1215,51,4
5767,57.670177253,186.149000000,100,1305,1215,51,4
5768,57.680214651,186.149000000,100,1305,1215,51,4
5769,57.690179694,186.149000000,100,1305,1215,51,4
5770,57.700175434,186.149000000,100,1305,1215,51,4
5771,57.710191192,186.149000000,100,1305,1215,51,4
5772,57.720206899,204.644000000,100,1275,1215,52,4
5773,57.730177563,204.644000000,100,1275,1215,52,4
5774,57.740179164,204.644000000,100,1275,1215,52,4
5775,57.750206193,204.644000000,100,1275,1215,52,4
5776,57.760180823,204.644000000,100,1275,1215,52,4
5777,57.770186562,204.644000000,100,1275,1215,52,4
5778,57.780184747,204.644000000,100,1275,1215,52,4
5779,57.790179175,204.644000000,100,1275,1215,52,4
5780,57.800175206,204.644000000,100,1275,1215,52,4
5781,57.810182728,204.644000000,100,1275,1215,52,4
5782,57.820178128,221.071000000,100,1155,1215,50,4
5783,57.830176533,221.071000000,100,1155,1215,50,4
5784,57.840174637,221.071000000,100,1155,1215,50,4
5785,57.850180437,221.071000000,100,1155,1215,50,4
5786,57.860178651,221.071000000,100,1155,1215,50,4
5787,57.870177007,221.071000000,100,1155,1215,50,4
5788,57.880178357,221.071000000,100,1155,1215,50,4
5789,57.890179508,221.071000000,100,1155,1215,50,4
5790,57.900180508,221.071000000,100,1155,1215,50,4
5791,57.910180656,221.071000000,100,1155,1215,50,4
5792,57.920181626,160.545000000,100,1335,1215,52,4
5793,57.930176455,160.545000000,100,1335,1215,52,4
5794,57.940179439,160.545000000,100,1335,1215,52,4
5795,57.950179056,160.545000000,100,1335,1215,52,4
5796,57.960179205,160.545000000,100,1335,1215,52,4
5797,57.970177820,160.545000000,100,1335,1215,52,4
5798,57.980178690,160.545000000,100,1335,1215,52,4
5799,57.990178097,160.545000000,100,1335,1215,52,4
5800,58.000177474,160.545000000,100,1335,1215,52,4
5801,58.010203611,160.545000000,100,1335,1215,52,4
5802,58.020179905,243.772000000,100,1170,1215,52,4
5803,58.030181196,243.772000000,100,1170,1215,51,4
5804,58.040178850,243.772000000,100,1170,1215,51,4
5805,58.050235835,243.772000000,100,1170,1215,51,4
5806,58.060179127,243.772000000,100,1170,1215,51,4
5807,58.070181269,243.772000000,100,1170,1215,51,4
5808,58.080187409,243.772000000,100,1170,1215,51,4
5809,58.090177278,243.772000000,100,1170,1215,51,4
5810,58.100174451,243.772000000,100,1170,1215,51,4
5811,58.110184578,243.772000000,100,1170,1215,51,4
5812,58.120218219,167.181000000,100,1365,1215,52,4
5813,58.130180517,167.181000000,100,1365,1215,52,4
5814,58.140234757,167.181000000,100,1365,1215,52,4
5815,58.150200140,167.181000000,100,1365,1215,52,4
5816,58.160176925,167.181000000,100,1365,1215,52,4
5817,58.170174859,167.181000000,100,1365,1215,52,4
5818,58.180180869,167.181000000,100,1365,1215,52,4
5819,58.190176579,167.181000000,100,1365,1215,52,4
5820,58.200178080,167.181000000,100,1365,1215,52,4
5821,58.210182707,167.181000000,100,1365,1215,52,4
5822,58.220176613,251.447000000,100,1170,1215,52,4
5823,58.230175730,251.447000000,100,1170,1215,52,4
5824,58.240180237,251.447000000,100,1170,1215,52,4
5825,58.250179083,251.447000000,100,1170,1215,52,4
5826,58.260192937,251.447000000,100,1170,1215,52,4
5827,58.270178678,251.447000000,100,1170,1215,52,4
5828,58.280176713,251.447000000,100,1170,1215,52,4
5829,58.290198773,251.447000000,100,1170,1215,52,4
5830,58.300180066,251.447000000,100,1170,1215,52,4
5831,58.310179533,251.447000000,100,1170,1215,52,4
5832,58.320178659,168.047000000,100,1305,1215,52,4
5833,58.330194988,168.047000000,100,1305,1215,51,4
5834,58.340176722,168.047000000,100,1305,1215,51,4
5835,58.350176811,168.047000000,100,1305,1215,51,4
5836,58.360191116,168.047000000,100,1305,1215,51,4
5837,58.370177518,168.047000000,100,1305,1215,51,4
5838,58.380175543,168.047000000,100,1305,1215,51,4
5839,58.390183436,168.047000000,100,1305,1215,51,4
5840,58.400178014,168.047000000,100,1305,1215,51,4
5841,58.410176760,168.047000000,100,1305,1215,51,4
5842,58.420176728,168.047000000,100,1245,1215,51,4
5843,58.430182597,225.784000000,100,1245,1215,52,4
5844,58.440188787,225.784000000,100,1245,1215,52,4
5845,58.450181452,225.784000000,100,1245,1215,52,4
5846,58.460176941,225.784000000,100,1245,1215,52,4
5847,58.470181478,225.784000000,100,1245,1215,52,4
5848,58.480178982,225.784000000,100,1245,1215,52,4
5849,58.490179070,225.784000000,100,1245,1215,52,4
5850,58.500181573,225.784000000,100,1245,1215,52,4
5851,58.510177864,225.784000000,100,1245,1215,52,4
5852,58.520178944,189.956000000,100,1245,1215,51,4
5853,58.530177069,189.956000000,100,1245,1215,51,4
5854,58.540178069,189.956000000,100,1245,1215,51,4
5855,58.550189639,189.956000000,100,1245,1215,51,4
5856,58.560176783,189.956000000,100,1245,1215,51,4
5857,58.570174597,189.956000000,100,1245,1215,51,4
5858,58.580183071,189.956000000,100,1245,1215,51,4
5859,58.590283879,189.956000000,100,1245,1215,51,4
5860,58.600177808,189.956000000,100,1245,1215,51,4
5861,58.610220797,189.956000000,100,1245,1215,51,4
5862,58.620181101,208.112000000,100,1305,1215,52,4
5863,58.630178414,208.112000000,100,1305,1215,52,4
5864,58.640186567,208.112000000,100,1305,1215,52,4
5865,58.650177789,208.112000000,100,1305,1215,52,4
5866,58.660178308,208.112000000,100,1305,1215,52,4
5867,58.670177355,208.112000000,100,1305,1215,52,4
5868,58.680182322,208.112000000,100,1305,1215,52,4
5869,58.690175508,208.112000000,100,1305,1215,52,4
5870,58.700174464,208.112000000,100,1305,1215,52,4
5871,58.710184561,208.112000000,100,1305,1215,52,4
5872,58.720176604,209.401000000,100,1185,1215,51,4
5873,58.730179738,209.401000000,100,1185,1215,51,4
5874,58.740190827,209.401000000,100,1185,1215,51,4
5875,58.750199292,209.401000000,100,1185,1215,51,4
5876,58.760175756,209.401000000,100,1185,1215,51,4
5877,58.770182476,209.401000000,100,1185,1215,51,4
5878,58.780176153,209.401000000,100,1185,1215,51,4
5879,58.790174849,209.401000000,100,1185,1215,51,4
5880,58.800175348,209.401000000,100,1185,1215,51,4
5881,58.810185775,209.401000000,100,1185,1215,51,4
5882,58.820177859,186.536000000,100,1320,1215,52,4
5883,58.830177356,186.536000000,100,1320,1215,52,4
5884,58.840184748,186.536000000,100,1320,1215,52,4
5885,58.850176521,186.536000000,100,1320,1215,52,4
5886,58.860174876,186.536000000,100,1320,1215,52,4
5887,58.870180214,186.536000000,100,1320,1215,52,4
5888,58.880199348,186.536000000,100,1320,1215,52,4
5889,58.890178438,186.536000000,100,1320,1215,52,4
5890,58.900190128,186.536000000,100,1320,1215,52,4
5891,58.910177402,186.536000000,100,1320,1215,52,4
5892,58.920177300,221.941000000,100,1200,1215,51,4
5893,58.930177378,221.941000000,100,1200,1215,51,4
5894,58.940178238,221.941000000,100,1200,1215,51,4
5895,58.950178176,221.941000000,100,1200,1215,51,4
5896,58.960177193,221.941000000,100,1200,1215,51,4
5897,58.970176800,221.941000000,100,1200,1215,51,4
5898,58.980184984,221.941000000,100,1200,1215,51,4
5899,58.990179211,221.941000000,100,1200,1215,51,4
5900,59.000178608,221.941000000,100,1200,1215,51,4
5901,59.010178777,221.941000000,100,1200,1215,51,4
5902,59.020179677,182.409000000,100,1320,1215,51,4
5903,59.030177270,182.409000000,100,1320,1215,51,4
5904,59.040184131,182.409000000,100,1320,1215,51,4
5905,59.050195521,182.409000000,100,1320,1215,51,4
5906,59.060179710,182.409000000,100,1320,1215,51,4
5907,59.070199495,182.409000000,100,1320,1215,51,4
5908,59.080201146,182.409000000,100,1320,1215,51,4
5909,59.090177991,182.409000000,100,1320,1215,51,4
5910,59.100195181,182.409000000,100,1320,1215,51,4
5911,59.110179661,182.409000000,100,1320,1215,51,4
5912,59.120178146,227.293000000,100,1200,1215,52,4
5913,59.130179266,227.293000000,100,1200,1215,52,4
5914,59.140181459,227.293000000,100,1200,1215,52,4
5915,59.150206333,227.293000000,100,1200,1215,52,4
5916,59.160177107,227.293000000,100,1200,1215,52,4
5917,59.170182746,227.293000000,100,1200,1215,52,4
5918,59.180177223,227.293000000,100,1200,1215,52,4
5919,59.190179236,227.293000000,100,1200,1215,52,4
5920,59.200178172,227.293000000,100,1200,1215,52,4
5921,59.210212985,227.293000000,100,1200,1215,52,4
5922,59.220212272,179.229000000,100,1290,1215,51,4
5923,59.230191732,179.229000000,100,1290,1215,51,4
5924,59.240246563,179.229000000,100,1290,1215,51,4
5925,59.250204472,179.229000000,100,1290,1215,51,4
5926,59.260177570,179.229000000,100,1290,1215,51,4
5927,59.270177207,179.229000000,100,1290,1215,51,4
5928,59.280203575,179.229000000,100,1290,1215,51,4
5929,59.290196771,179.229000000,100,1290,1215,51,4
5930,59.300178104,179.229000000,100,1290,1215,51,4
5931,59.310184113,179.229000000,100,1290,1215,51,4
5932,59.320179653,221.776000000,100,1245,1215,52,4
5933,59.330178148,221.776000000,100,1245,1215,52,4
5934,59.340176393,221.776000000,100,1245,1215,52,4
5935,59.350189637,221.776000000,100,1245,1215,52,4
5936,59.360180097,221.776000000,100,1245,1215,52,4
5937,59.370178282,221.776000000,100,1245,1215,52,4
5938,59.380196494,221.776000000,100,1245,1215,52,4
5939,59.390177657,221.776000000,100,1245,1215,52,4
5940,59.400174609,221.776000000,100,1245,1215,52,4
5941,59.410185318,221.776000000,100,1245,1215,52,4
5942,59.420177882,190.643000000,100,1275,1215,51,4
5943,59.430177189,190.643000000,100,1275,1215,51,4
5944,59.440189831,190.643000000,100,1275,1215,51,4
5945,59.450179259,190.643000000,100,1275,1215,51,4
5946,59.460177023,190.643000000,100,1275,1215,51,4
5947,59.470178464,190.643000000,100,1275,1215,51,4
5948,59.480187349,190.643000000,100,1275,1215,51,4
5949,59.490176006,190.643000000,100,1275,1215,51,4
5950,59.500175243,190.643000000,100,1275,1215,51,4
5951,59.510189237,190.643000000,100,1275,1215,51,4
5952,59.520177594,214.106000000,100,1275,1215,52,4
5953,59.530178293,214.106000000,100,1275,1215,52,4
5954,59.540179754,214.106000000,100,1275,1215,52,4
5955,59.550186285,214.106000000,100,1275,1215,52,4
5956,59.560178578,214.106000000,100,1275,1215,52,4
5957,59.570178607,214.106000000,100,1275,1215,52,4
5958,59.580191158,214.106000000,100,1275,1215,52,4
5959,59.590176739,214.106000000,100,1275,1215,52,4
5960,59.600176046,214.106000000,100,1275,1215,52,4
5961,59.610176025,214.106000000,100,1275,1215,52,4
5962,59.620184639,198.380000000,100,1230,1215,51,4
5963,59.630177103,198.380000000,100,1230,1215,51,4
5964,59.640174987,198.380000000,100,1230,1215,51,4
5965,59.650182700,198.380000000,100,1230,1215,51,4
5966,59.660180123,198.380000000,100,1230,1215,51,4
5967,59.670178248,198.380000000,100,1230,1215,51,4
5968,59.680179108,198.380000000,100,1230,1215,51,4
5969,59.690182483,198.380000000,100,1230,1215,51,4
5970,59.700176800,198.380000000,100,1230,1215,51,4
5971,59.710175796,198.380000000,100,1230,1215,51,4
5972,59.720181245,199.100000000,100,1350,1215,52,4
5973,59.730176404,199.100000000,100,1350,1215,52,4
5974,59.740175571,199.100000000,100,1350,1215,52,4
5975,59.750178975,199.100000000,100,1350,1215,52,4
5976,59.760188722,199.100000000,100,1350,1215,52,4
5977,59.770178160,199.100000000,100,1350,1215,52,4
5978,59.780178850,199.100000000,100,1350,1215,52,4
5979,59.790197914,199.100000000,100,1350,1215,52,4
5980,59.800178075,199.100000000,100,1350,1215,52,4
5981,59.810174847,199.100000000,100,1350,1215,52,4
5982,59.820179744,228.136000000,100,1170,1215,52,4
5983,59.830184081,228.136000000,100,1170,1215,51,4
5984,59.840179460,228.136000000,100,1170,1215,51,4
5985,59.850180550,228.136000000,100,1170,1215,51,4
5986,59.860195907,228.136000000,100,1170,1215,51,4
5987,59.870180557,228.136000000,100,1170,1215,51,4
5988,59.880177609,228.136000000,100,1170,1215,51,4
5989,59.890181635,228.136000000,100,1170,1215,51,4
5990,59.900177075,228.136000000,100,1170,1215,51,4
5991,59.910177073,228.136000000,100,1170,1215,51,4
5992,59.920177853,177.075000000,100,1365,1215,51,4
5993,59.930189212,177.075000000,100,1365,1215,52,4
5994,59.940177018,177.075000000,100,1365,1215,52,4
5995,59.950178980,177.075000000,100,1365,1215,52,4
5996,59.960180821,177.075000000,100,1365,1215,52,4
5997,59.970179297,177.075000000,100,1365,1215,52,4
5998,59.980176860,177.075000000,100,1365,1215,52,4
5999,59.990184633,177.075000000,100,1365,1215,52,4
6000,60.000177398,177.075000000,100,1365,1215,52,4
6001,60.010178779,177.075000000,100,1365,1215,52,4
6002,60.020178246,177.075000000,100,1140,1215,52,4
6003,60.030182823,237.249000000,100,1140,1215,51,4
6004,60.040177361,237.249000000,100,1140,1215,51,4
6005,60.050178471,237.249000000,100,1140,1215,51,4
6006,60.060184230,237.249000000,100,1140,1215,51,4
6007,60.070177976,237.249000000,100,1140,1215,51,4
6008,60.080178075,237.249000000,100,1140,1215,51,4
6009,60.090179005,237.249000000,100,1140,1215,51,4
6010,60.100194642,237.249000000,100,1140,1215,51,4
6011,60.110178510,237.249000000,100,1140,1215,51,4
6012,60.120176865,157.914000000,100,1350,1215,51,4
6013,60.130181152,157.914000000,100,1350,1215,52,4
6014,60.140177623,157.914000000,100,1350,1215,52,4
6015,60.150175548,157.914000000,100,1350,1215,52,4
6016,60.160176437,157.914000000,100,1350,1215,52,4
6017,60.170183609,157.914000000,100,1350,1215,52,4
6018,60.180176344,157.914000000,100,1350,1215,52,4
6019,60.190176232,157.914000000,100,1350,1215,52,4
6020,60.200191689,157.914000000,100,1350,1215,52,4
6021,60.210176248,157.914000000,100,1350,1215,52,4
6022,60.220179402,247.338000000,100,1215,1215,52,4
6023,60.230183879,247.338000000,100,1215,1215,52,4
6024,60.240177986,247.338000000,100,1215,1215,52,4
6025,60.250177103,247.338000000,100,1215,1215,52,4
6026,60.260184675,247.338000000,100,1215,1215,52,4
6027,60.270179444,247.338000000,100,1215,1215,52,4
6028,60.280176797,247.338000000,100,1215,1215,52,4
6029,60.290178789,247.338000000,100,1215,1215,52,4
6030,60.300191691,247.338000000,100,1215,1215,52,4
6031,60.310178615,247.338000000,100,1215,1215,52,4
6032,60.320180296,171.145000000,100,1290,1215,51,4
6033,60.330200202,171.145000000,100,1290,1215,51,4
6034,60.340193538,171.145000000,100,1290,1215,51,4
6035,60.350176945,171.145000000,100,1290,1215,51,4
6036,60.360180510,171.145000000,100,1290,1215,51,4
6037,60.370202148,171.145000000,100,1290,1215,51,4
6038,60.380177821,171.145000000,100,1290,1215,51,4
6039,60.390185353,171.145000000,100,1290,1215,51,4
6040,60.400186464,171.145000000,100,1290,1215,51,4
6041,60.410176142,171.145000000,100,1290,1215,51,4
6042,60.420182923,240.407000000,100,1245,1215,52,4
6043,60.430197188,240.407000000,100,1245,1215,52,4
6044,60.440177830,240.407000000,100,1245,1215,52,4
6045,60.450194440,240.407000000,100,1245,1215,52,4
6046,60.460177626,240.407000000,100,1245,1215,52,4
6047,60.470177484,240.407000000,100,1245,1215,52,4
6048,60.480177663,240.407000000,100,1245,1215,52,4
6049,60.490179244,240.407000000,100,1245,1215,52,4
6050,60.500182007,240.407000000,100,1245,1215,52,4
6051,60.510177327,240.407000000,100,1245,1215,52,4
6052,60.520178908,172.385000000,100,1230,1215,51,4
6053,60.530176061,172.385000000,100,1230,1215,51,4
6054,60.540175228,172.385000000,100,1230,1215,51,4
6055,60.550178001,172.385000000,100,1230,1215,51,4
6056,60.560178039,172.385000000,100,1230,1215,51,4
6057,60.570188377,172.385000000,100,1230,1215,51,4
6058,60.580176713,172.385000000,100,1230,1215,51,4
6059,60.590177152,172.385000000,100,1230,1215,51,4
6060,60.600177391,172.385000000,100,1230,1215,51,4
6061,60.610176798,172.385000000,100,1230,1215,51,4
6062,60.620178810,232.955000000,100,1320,1215,52,4
6063,60.630177726,232.955000000,100,1320,1215,52,4
6064,60.640372039,232.955000000,100,1320,1215,52,4
6065,60.650181430,232.955000000,100,1320,1215,52,4
6066,60.660180426,232.955000000,100,1320,1215,52,4
6067,60.670178901,232.955000000,100,1320,1215,52,4
6068,60.680177637,232.955000000,100,1320,1215,52,4
6069,60.690178397,232.955000000,100,1320,1215,52,4
6070,60.700182613,232.955000000,100,1320,1215,52,4
6071,60.710176650,232.955000000,100,1320,1215,52,4
6072,60.720178912,194.592000000,100,1185,1215,51,4
6073,60.730176887,194.592000000,100,1185,1215,51,4
6074,60.740178278,194.592000000,100,1185,1215,51,4
6075,60.750177454,194.592000000,100,1185,1215,51,4
6076,60.760178094,194.592000000,100,1185,1215,51,4
6077,60.770182590,194.592000000,100,1185,1215,51,4
6078,60.780177720,194.592000000,100,1185,1215,51,4
6079,60.790184320,194.592000000,100,1185,1215,51,4
6080,60.800177716,194.592000000,100,1185,1215,51,4
6081,60.810179277,194.592000000,100,1185,1215,51,4
6082,60.820184325,212.372000000,100,1320,1215,52,4
6083,60.830178362,212.372000000,100,1320,1215,52,4
6084,60.840177659,212.372000000,100,1320,1215,52,4
6085,60.850177827,212.372000000,100,1320,1215,52,4
6086,60.860204566,212.372000000,100,1320,1215,52,4
6087,60.870180940,212.372000000,100,1320,1215,52,4
6088,60.880178593,212.372000000,100,1320,1215,52,4
6089,60.890177860,212.372000000,100,1320,1215,52,4
6090,60.900177929,212.372000000,100,1320,1215,52,4
6091,60.910177205,212.372000000,100,1320,1215,52,4
6092,60.920179197,196.630000000,100,1185,1215,51,4
6093,60.930178554,196.630000000,100,1185,1215,51,4
6094,60.940176759,196.630000000,100,1185,1215,51,4
6095,60.950178481,196.630000000,100,1185,1215,51,4
6096,60.960178208,196.630000000,100,1185,1215,51,4
6097,60.970182264,196.630000000,100,1185,1215,51,4
6098,60.980177584,196.630000000,100,1185,1215,51,4
6099,60.990185617,196.630000000,100,1185,1215,51,4
6100,61.000178041,196.630000000,100,1185,1215,51,4
6101,61.010178320,196.630000000,100,1185,1215,51,4
6102,61.020178148,202.844000000,100,1350,1215,52,4
6103,61.030178406,202.844000000,100,1350,1215,52,4
6104,61.040176781,202.844000000,100,1350,1215,52,4
6105,61.050178273,202.844000000,100,1350,1215,52,4
6106,61.060182649,202.844000000,100,1350,1215,52,4
6107,61.070177488,202.844000000,100,1350,1215,52,4
6108,61.080182716,202.844000000,100,1350,1215,52,4
6109,61.090178275,202.844000000,100,1350,1215,52,4
6110,61.100176741,202.844000000,100,1350,1215,52,4
6111,61.110196045,202.844000000,100,1350,1215,52,4
6112,61.120179132,222.420000000,100,1125,1215,51,4
6113,61.130180082,222.420000000,100,1125,1215,51,4
6114,61.140186893,222.420000000,100,1125,1215,51,4
6115,61.150177112,222.420000000,100,1125,1215,51,4
6116,61.160181539,222.420000000,100,1125,1215,51,4
6117,61.170177440,222.420000000,100,1125,1215,51,4
6118,61.180178590,222.420000000,100,1125,1215,51,4
6119,61.190177196,222.420000000,100,1125,1215,51,4
6120,61.200177544,222.420000000,100,1125,1215,51,4
6121,61.210177182,222.420000000,100,1125,1215,51,4
6122,61.220178793,164.557000000,100,1350,1215,51,4
6123,61.230176978,164.557000000,100,1350,1215,51,4
6124,61.240178299,164.557000000,100,1350,1215,51,4
6125,61.250177666,164.557000000,100,1350,1215,51,4
6126,61.260178986,164.557000000,100,1350,1215,51,4
6127,61.270178494,164.557000000,100,1350,1215,51,4
6128,61.280177290,164.557000000,100,1350,1215,51,4
6129,61.290178480,164.557000000,100,1350,1215,51,4
6130,61.300177917,164.557000000,100,1350,1215,51,4
6131,61.310178236,164.557000000,100,1350,1215,51,4
6132,61.320177733,239.697000000,100,1185,1215,51,4
6133,61.330177882,239.697000000,100,1185,1215,51,4
6134,61.340182278,239.697000000,100,1185,1215,51,4
6135,61.350179642,239.697000000,100,1185,1215,51,4
6136,61.360178838,239.697000000,100,1185,1215,51,4
6137,61.370178666,239.697000000,100,1185,1215,51,4
6138,61.380177442,239.697000000,100,1185,1215,51,4
6139,61.390177050,239.697000000,100,1185,1215,51,4
6140,61.400177970,239.697000000,100,1185,1215,51,4
6141,61.410177417,239.697000000,100,1185,1215,51,4
6142,61.420178547,166.954000000,100,1335,1215,51,4
6143,61.430177373,166.954000000,100,1335,1215,51,4
6144,61.440175378,166.954000000,100,1335,1215,51,4
6145,61.450177139,166.954000000,100,1335,1215,51,4
6146,61.460192005,166.954000000,100,1335,1215,51,4
6147,61.470179620,166.954000000,100,1335,1215,51,4
6148,61.480190840,166.954000000,100,1335,1215,51,4
6149,61.490198753,166.954000000,100,1335,1215,51,4
6150,61.500179214,166.954000000,100,1335,1215,51,4
6151,61.510180254,166.954000000,100,1335,1215,51,4
6152,61.520178559,251.726000000,100,1200,1215,52,4
6153,61.530179209,251.726000000,100,1200,1215,52,4
6154,61.540177534,251.726000000,100,1200,1215,52,4
6155,61.550177833,251.726000000,100,1200,1215,52,4
6156,61.560177611,251.726000000,100,1200,1215,52,4
6157,61.570178350,251.726000000,100,1200,1215,52,4
6158,61.580177346,251.726000000,100,1200,1215,52,4
6159,61.590178587,251.726000000,100,1200,1215,52,4
6160,61.600177042,251.726000000,100,1200,1215,52,4
6161,61.610177852,251.726000000,100,1200,1215,52,4
6162,61.623858955,157.789000000,100,1260,1215,52,4
6163,61.630179401,157.789000000,100,1260,1215,51,4
6164,61.640177636,157.789000000,100,1260,1215,51,4
6165,61.650179298,157.789000000,100,1260,1215,51,4
6166,61.660178124,157.789000000,100,1260,1215,51,4
6167,61.670177531,157.789000000,100,1260,1215,51,4
6168,61.680177319,157.789000000,100,1260,1215,51,4
6169,61.690176966,157.789000000,100,1260,1215,51,4
6170,61.700176794,157.789000000,100,1260,1215,51,4
6171,61.710176973,157.789000000,100,1260,1215,51,4
6172,61.720178243,157.789000000,100,1320,1215,51,4
6173,61.730178332,242.918000000,100,1320,1215,52,4
6174,61.740177869,242.918000000,100,1320,1215,52,4
6175,61.750178699,242.918000000,100,1320,1215,52,4
6176,61.760182284,242.918000000,100,1320,1215,52,4
6177,61.770177293,242.918000000,100,1320,1215,52,4
6178,61.780177090,242.918000000,100,1320,1215,52,4
6179,61.790182699,242.918000000,100,1320,1215,52,4
6180,61.800176877,242.918000000,100,1320,1215,52,4
6181,61.810178468,242.918000000,100,1320,1215,52,4
6182,61.820177184,242.918000000,100,1185,1215,52,4
6183,61.830183083,181.471000000,100,1185,1215,51,4
6184,61.840176789,181.471000000,100,1185,1215,51,4
6185,61.850178390,181.471000000,100,1185,1215,51,4
6186,61.860178519,181.471000000,100,1185,1215,51,4
6187,61.870178547,181.471000000,100,1185,1215,51,4
6188,61.880177073,181.471000000,100,1185,1215,51,4
6189,61.890177912,181.471000000,100,1185,1215,51,4
6190,61.900176899,181.471000000,100,1185,1215,51,4
6191,61.910179121,181.471000000,100,1185,1215,51,4
6192,61.920178939,181.471000000,100,1350,1215,51,4
6193,61.930179308,229.162000000,100,1350,1215,52,4
6194,61.940178174,229.162000000,100,1350,1215,52,4
6195,61.950177832,229.162000000,100,1350,1215,52,4
6196,61.960178401,229.162000000,100,1350,1215,52,4
6197,61.970178069,229.162000000,100,1350,1215,52,4
6198,61.980177886,229.162000000,100,1350,1215,52,4
6199,61.990177835,229.162000000,100,1350,1215,52,4
6200,62.000179295,229.162000000,100,1350,1215,52,4
6201,62.010177941,229.162000000,100,1350,1215,52,4
6202,62.020179011,191.276000000,100,1140,1215,51,4
6203,62.030176996,191.276000000,100,1140,1215,51,4
6204,62.040178487,191.276000000,100,1140,1215,51,4
6205,62.050182573,191.276000000,100,1140,1215,51,4
6206,62.060177812,191.276000000,100,1140,1215,51,4
6207,62.070178962,191.276000000,100,1140,1215,51,4
6208,62.080178329,191.276000000,100,1140,1215,51,4
6209,62.090182355,191.276000000,100,1140,1215,51,4
6210,62.100178987,191.276000000,100,1140,1215,51,4
6211,62.110178224,191.276000000,100,1140,1215,51,4
6212,62.120179705,201.830000000,100,1365,1215,52,4
6213,62.130179192,201.830000000,100,1365,1215,52,4
6214,62.140176846,201.830000000,100,1365,1215,52,4
6215,62.150178167,201.830000000,100,1365,1215,52,4
6216,62.160178225,201.830000000,100,1365,1215,52,4
6217,62.170183072,201.830000000,100,1365,1215,52,4
6218,62.180178021,201.830000000,100,1365,1215,52,4
6219,62.190175965,201.830000000,100,1365,1215,52,4
6220,62.200181975,201.830000000,100,1365,1215,52,4
6221,62.210182815,201.830000000,100,1365,1215,52,4
6222,62.220179437,204.509000000,100,1170,1215,51,4
6223,62.230182641,204.509000000,100,1170,1215,51,4
6224,62.240179423,204.509000000,100,1170,1215,51,4
6225,62.250177337,204.509000000,100,1170,1215,51,4
6226,62.260177887,204.509000000,100,1170,1215,51,4
6227,62.270177494,204.509000000,100,1170,1215,51,4
6228,62.280177913,204.509000000,100,1170,1215,51,4
6229,62.290181318,204.509000000,100,1170,1215,51,4
6230,62.300178350,204.509000000,100,1170,1215,51,4
6231,62.310177116,204.509000000,100,1170,1215,51,4
6232,62.320180341,194.374000000,100,1350,1215,52,4
6233,62.330178966,194.374000000,100,1350,1215,52,4
6234,62.340178784,194.374000000,100,1350,1215,52,4
6235,62.350181948,194.374000000,100,1350,1215,52,4
6236,62.360177428,194.374000000,100,1350,1215,52,4
6237,62.370182015,194.374000000,100,1350,1215,52,4
6238,62.380178026,194.374000000,100,1350,1215,52,4
6239,62.390179076,194.374000000,100,1350,1215,52,4
6240,62.400177050,194.374000000,100,1350,1215,52,4
6241,62.410177569,194.374000000,100,1350,1215,52,4
6242,62.420177888,217.667000000,100,1170,1215,52,4
6243,62.430181834,217.667000000,100,1170,1215,52,4
6244,62.440177804,217.667000000,100,1170,1215,52,4
6245,62.450177312,217.667000000,100,1170,1215,52,4
6246,62.460177450,217.667000000,100,1170,1215,52,4
6247,62.470181446,217.667000000,100,1170,1215,52,4
6248,62.480177577,217.667000000,100,1170,1215,52,4
6249,62.490178096,217.667000000,100,1170,1215,52,4
6250,62.500177543,217.667000000,100,1170,1215,52,4
6251,62.510177411,217.667000000,100,1170,1215,52,4
6252,62.520178642,176.777000000,100,1335,1215,51,4
6253,62.530178059,176.777000000,100,1335,1215,51,4
6254,62.540178217,176.777000000,100,1335,1215,51,4
6255,62.550177705,176.777000000,100,1335,1215,51,4
6256,62.560177963,176.777000000,100,1335,1215,51,4
6257,62.570178402,176.777000000,100,1335,1215,51,4
6258,62.580177559,176.777000000,100,1335,1215,51,4
6259,62.590178319,176.777000000,100,1335,1215,51,4
6260,62.600178117,176.777000000,100,1335,1215,51,4
6261,62.610178305,176.777000000,100,1335,1215,51,4
6262,62.620179285,251.410000000,100,1230,1215,52,4
6263,62.630188601,251.410000000,100,1230,1215,52,4
6264,62.640179472,251.410000000,100,1230,1215,52,4
6265,62.650176575,251.410000000,100,1230,1215,52,4
6266,62.660181512,251.410000000,100,1230,1215,52,4
6267,62.670176762,251.410000000,100,1230,1215,52,4
6268,62.680176129,251.410000000,100,1230,1215,52,4
6269,62.690178391,251.410000000,100,1230,1215,52,4
6270,62.700177398,251.410000000,100,1230,1215,52,4
6271,62.710178057,251.410000000,100,1230,1215,52,4
6272,62.720177674,169.049000000,100,1275,1215,51,4
6273,62.730177673,169.049000000,100,1275,1215,51,4
6274,62.740176909,169.049000000,100,1275,1215,51,4
6275,62.750177479,169.049000000,100,1275,1215,51,4
6276,62.760181875,169.049000000,100,1275,1215,51,4
6277,62.770177615,169.049000000,100,1275,1215,51,4
6278,62.780177543,169.049000000,100,1275,1215,51,4
6279,62.790177592,169.049000000,100,1275,1215,51,4
6280,62.800181638,169.049000000,100,1275,1215,51,4
6281,62.810178370,169.049000000,100,1275,1215,51,4
6282,62.820178118,240.127000000,100,1275,1215,52,4
6283,62.830176603,240.127000000,100,1275,1215,52,4
6284,62.840177723,240.127000000,100,1275,1215,52,4
6285,62.850178593,240.127000000,100,1275,1215,52,4
6286,62.860176878,240.127000000,100,1275,1215,52,4
6287,62.870177898,240.127000000,100,1275,1215,52,4
6288,62.880177366,240.127000000,100,1275,1215,52,4
6289,62.890177103,240.127000000,100,1275,1215,52,4
6290,62.900177192,240.127000000,100,1275,1215,52,4
6291,62.910177160,240.127000000,100,1275,1215,52,4
6292,62.920177879,167.256000000,100,1185,1215,51,4
6293,62.930178699,167.256000000,100,1185,1215,51,4
6294,62.940177605,167.256000000,100,1185,1215,51,4
6295,62.950178144,167.256000000,100,1185,1215,51,4
6296,62.960178624,167.256000000,100,1185,1215,51,4
6297,62.970182309,167.256000000,100,1185,1215,51,4
6298,62.980177959,167.256000000,100,1185,1215,51,4
6299,62.990178238,167.256000000,100,1185,1215,51,4
6300,63.000178526,167.256000000,100,1185,1215,51,4
6301,63.010178384,167.256000000,100,1185,1215,51,4
6302,63.020179104,231.401000000,100,1350,1215,52,4
6303,63.030178571,231.401000000,100,1350,1215,52,4
6304,63.040177948,231.401000000,100,1350,1215,52,4
6305,63.050182555,231.401000000,100,1350,1215,52,4
6306,63.060178666,231.401000000,100,1350,1215,52,4
6307,63.070182441,231.401000000,100,1350,1215,52,4
6308,63.080178823,231.401000000,100,1350,1215,52,4
6309,63.090179011,231.401000000,100,1350,1215,52,4
6310,63.100178559,231.401000000,100,1350,1215,52,4
6311,63.110186712,231.401000000,100,1350,1215,52,4
6312,63.120180338,183.923000000,100,1170,1215,51,4
6313,63.130186408,183.923000000,100,1170,1215,51,4
6314,63.140178181,183.923000000,100,1170,1215,51,4
6315,63.150178019,183.923000000,100,1170,1215,51,4
6316,63.160177656,183.923000000,100,1170,1215,51,4
6317,63.170178877,183.923000000,100,1170,1215,51,4
6318,63.180177372,183.923000000,100,1170,1215,51,4
6319,63.190177050,183.923000000,100,1170,1215,51,4
6320,63.200177278,183.923000000,100,1170,1215,51,4
6321,63.210178058,183.923000000,100,1170,1215,51,4
6322,63.220178116,216.784000000,100,1350,1215,52,4
6323,63.230178045,216.784000000,100,1350,1215,52,4
6324,63.240178644,216.784000000,100,1350,1215,52,4
6325,63.250178682,216.784000000,100,1350,1215,52,4
6326,63.260178841,216.784000000,100,1350,1215,52,4
6327,63.270182907,216.784000000,100,1350,1215,52,4
6328,63.280178787,216.784000000,100,1350,1215,52,4
6329,63.290178014,216.784000000,100,1350,1215,52,4
6330,63.300176740,216.784000000,100,1350,1215,52,4
6331,63.310177349,216.784000000,100,1350,1215,52,4
6332,63.320179491,216.784000000,100,1170,1215,52,4
6333,63.330178968,197.495000000,100,1170,1215,52,4
6334,63.340178706,197.495000000,100,1170,1215,52,4
6335,63.350178203,197.495000000,100,1170,1215,52,4
6336,63.360177641,197.495000000,100,1170,1215,52,4
6337,63.370187537,197.495000000,100,1170,1215,52,4
6338,63.380180052,197.495000000,100,1170,1215,52,4
6339,63.390177715,197.495000000,100,1170,1215,52,4
6340,63.400178425,197.495000000,100,1170,1215,52,4
6341,63.410177321,197.495000000,100,1170,1215,52,4
6342,63.420177520,197.495000000,100,1335,1215,52,4
6343,63.430179311,182.688000000,100,1335,1215,51,4
6344,63.440177206,182.688000000,100,1335,1215,51,4
6345,63.450177925,182.688000000,100,1335,1215,51,4
6346,63.460177643,182.688000000,100,1335,1215,51,4
6347,63.470177230,182.688000000,100,1335,1215,51,4
6348,63.480179142,182.688000000,100,1335,1215,51,4
6349,63.490178169,182.688000000,100,1335,1215,51,4
6350,63.500177415,182.688000000,100,1335,1215,51,4
6351,63.510178596,182.688000000,100,1335,1215,51,4
6352,63.520178674,182.688000000,100,1230,1215,51,4
6353,63.530177500,234.436000000,100,1230,1215,52,4
6354,63.540177098,234.436000000,100,1230,1215,52,4
6355,63.550182326,234.436000000,100,1230,1215,52,4
6356,63.560178657,234.436000000,100,1230,1215,52,4
6357,63.570177784,234.436000000,100,1230,1215,52,4
6358,63.580177020,234.436000000,100,1230,1215,52,4
6359,63.590177680,234.436000000,100,1230,1215,52,4
6360,63.600178249,234.436000000,100,1230,1215,52,4
6361,63.610177656,234.436000000,100,1230,1215,52,4
6362,63.620179468,173.890000000,100,1275,1215,51,4
6363,63.630178204,173.890000000,100,1275,1215,51,4
6364,63.640178993,173.890000000,100,1275,1215,51,4
6365,63.650178551,173.890000000,100,1275,1215,51,4
6366,63.660178499,173.890000000,100,1275,1215,51,4
6367,63.670178387,173.890000000,100,1275,1215,51,4
6368,63.680181932,173.890000000,100,1275,1215,51,4
6369,63.690178163,173.890000000,100,1275,1215,51,4
6370,63.700179133,173.890000000,100,1275,1215,51,4
6371,63.710179251,173.890000000,100,1275,1215,51,4
6372,63.720178679,233.242000000,100,1275,1215,52,4
6373,63.730177054,233.242000000,100,1275,1215,52,4
6374,63.740177022,233.242000000,100,1275,1215,52,4
6375,63.750178042,233.242000000,100,1275,1215,52,4
6376,63.760178311,233.242000000,100,1275,1215,52,4
6377,63.770184050,233.242000000,100,1275,1215,52,4
6378,63.780177606,233.242000000,100,1275,1215,52,4
6379,63.790179648,233.242000000,100,1275,1215,52,4
6380,63.800177923,233.242000000,100,1275,1215,52,4
6381,63.810177560,233.242000000,100,1275,1215,52,4
6382,63.820178260,166.428000000,100,1215,1215,51,4
6383,63.830178108,166.428000000,100,1215,1215,51,4
6384,63.840177545,166.428000000,100,1215,1215,51,4
6385,63.850177233,166.428000000,100,1215,1215,51,4
6386,63.860177502,166.428000000,100,1215,1215,51,4
6387,63.870177520,166.428000000,100,1215,1215,51,4
6388,63.880177909,166.428000000,100,1215,1215,51,4
6389,63.890177346,166.428000000,100,1215,1215,51,4
6390,63.900178927,166.428000000,100,1215,1215,51,4
6391,63.910178705,166.428000000,100,1215,1215,51,4
6392,63.920178914,242.871000000,100,1335,1215,52,4
6393,63.930182248,242.871000000,100,1335,1215,52,4
6394,63.940178469,242.871000000,100,1335,1215,52,4
6395,63.950182405,242.871000000,100,1335,1215,52,4
6396,63.960181561,242.871000000,100,1335,1215,52,4
6397,63.970177622,242.871000000,100,1335,1215,52,4
6398,63.980177089,242.871000000,100,1335,1215,52,4
6399,63.990177829,242.871000000,100,1335,1215,52,4
6400,64.000231398,242.871000000,100,1335,1215,52,4
6401,64.010178477,242.871000000,100,1335,1215,52,4
6402,64.020179617,158.469000000,100,1095,1215,51,4
6403,64.030178042,158.469000000,100,1095,1215,51,4
6404,64.040180405,158.469000000,100,1095,1215,51,4
6405,64.050177808,158.469000000,100,1095,1215,51,4
6406,64.060462380,158.469000000,100,1095,1215,51,4
6407,64.070177334,158.469000000,100,1095,1215,51,4
6408,64.080177643,158.469000000,100,1095,1215,51,4
6409,64.090178062,158.469000000,100,1095,1215,51,4
6410,64.100177309,158.469000000,100,1095,1215,51,4
6411,64.110179781,158.469000000,100,1095,1215,51,4
6412,64.120178016,244.207000000,100,1365,1215,52,4
6413,64.130177694,244.207000000,100,1365,1215,52,4
6414,64.140178363,244.207000000,100,1365,1215,52,4
6415,64.150177340,244.207000000,100,1365,1215,52,4
6416,64.160177949,244.207000000,100,1365,1215,52,4
6417,64.170178288,244.207000000,100,1365,1215,52,4
6418,64.180177264,244.207000000,100,1365,1215,52,4
6419,64.190177112,244.207000000,100,1365,1215,52,4
6420,64.200182641,244.207000000,100,1365,1215,52,4
6421,64.210178521,244.207000000,100,1365,1215,52,4
6422,64.220179121,175.752000000,100,1125,1215,51,4
6423,64.230183657,175.752000000,100,1125,1215,51,4
6424,64.240177083,175.752000000,100,1125,1215,51,4
6425,64.250177592,175.752000000,100,1125,1215,51,4
6426,64.260178102,175.752000000,100,1125,1215,51,4
6427,64.270177889,175.752000000,100,1125,1215,51,4
6428,64.280176405,175.752000000,100,1125,1215,51,4
6429,64.290178577,175.752000000,100,1125,1215,51,4
6430,64.300194205,175.752000000,100,1125,1215,51,4
6431,64.310179295,175.752000000,100,1125,1215,51,4
6432,64.320178502,206.616000000,100,1365,1215,52,4
6433,64.330196103,206.616000000,100,1365,1215,52,4
6434,64.340178638,206.616000000,100,1365,1215,52,4
6435,64.350179528,206.616000000,100,1365,1215,52,4
6436,64.360177773,206.616000000,100,1365,1215,52,4
6437,64.370195294,206.616000000,100,1365,1215,52,4
6438,64.380178050,206.616000000,100,1365,1215,52,4
6439,64.390179461,206.616000000,100,1365,1215,52,4
6440,64.400178287,206.616000000,100,1365,1215,52,4
6441,64.410177384,206.616000000,100,1365,1215,52,4
6442,64.420178754,210.734000000,100,1170,1215,52,4
6443,64.430177220,210.734000000,100,1170,1215,52,4
6444,64.440178801,210.734000000,100,1170,1215,52,4
6445,64.450177377,210.734000000,100,1170,1215,52,4
6446,64.460177946,210.734000000,100,1170,1215,52,4
6447,64.470178174,210.734000000,100,1170,1215,52,4
6448,64.480178233,210.734000000,100,1170,1215,52,4
6449,64.490177439,210.734000000,100,1170,1215,52,4
6450,64.500189591,210.734000000,100,1170,1215,52,4
6451,64.510176474,210.734000000,100,1170,1215,52,4
6452,64.520179258,163.482000000,100,1305,1215,51,4
6453,64.530178234,163.482000000,100,1305,1215,51,4
6454,64.540177761,163.482000000,100,1305,1215,51,4
6455,64.550177840,163.482000000,100,1305,1215,51,4
6456,64.560177307,163.482000000,100,1305,1215,51,4
6457,64.570190209,163.482000000,100,1305,1215,51,4
6458,64.580190568,163.482000000,100,1305,1215,51,4
6459,64.590179826,163.482000000,100,1305,1215,51,4
6460,64.600178021,163.482000000,100,1305,1215,51,4
6461,64.610178150,163.482000000,100,1305,1215,51,4
6462,64.620178859,230.140000000,100,1230,1215,52,4
6463,64.630177385,230.140000000,100,1230,1215,52,4
6464,64.640189696,230.140000000,100,1230,1215,52,4
6465,64.650182821,230.140000000,100,1230,1215,52,4
6466,64.660177529,230.140000000,100,1230,1215,52,4
6467,64.670185984,230.140000000,100,1230,1215,52,4
6468,64.680181002,230.140000000,100,1230,1215,52,4
6469,64.690178666,230.140000000,100,1230,1215,52,4
6470,64.700181790,230.140000000,100,1230,1215,52,4
6471,64.710177601,230.140000000,100,1230,1215,52,4
6472,64.720179052,167.356000000,100,1245,1215,51,4
6473,64.730179431,167.356000000,100,1245,1215,51,4
6474,64.740183376,167.356000000,100,1245,1215,51,4
6475,64.750179136,167.356000000,100,1245,1215,51,4
6476,64.760178123,167.356000000,100,1245,1215,51,4
6477,64.770212405,167.356000000,100,1245,1215,51,4
6478,64.780178690,167.356000000,100,1245,1215,51,4
6479,64.790178679,167.356000000,100,1245,1215,51,4
6480,64.800178927,167.356000000,100,1245,1215,51,4
6481,64.810179256,167.356000000,100,1245,1215,51,4
6482,64.820178513,245.271000000,100,1305,1215,51,4
6483,64.830178180,245.271000000,100,1305,1215,52,4
6484,64.840177487,245.271000000,100,1305,1215,52,4
6485,64.850198685,245.271000000,100,1305,1215,52,4
6486,64.860179918,245.271000000,100,1305,1215,52,4
6487,64.870200646,245.271000000,100,1305,1215,52,4
6488,64.880189543,245.271000000,100,1305,1215,52,4
6489,64.890176607,245.271000000,100,1305,1215,52,4
6490,64.900177757,245.271000000,100,1305,1215,52,4
6491,64.910206419,245.271000000,100,1305,1215,52,4
6492,64.920181491,245.271000000,100,1125,1215,52,4
6493,64.930182581,153.585000000,100,1125,1215,51,4
6494,64.940185715,153.585000000,100,1125,1215,51,4
6495,64.950191384,153.585000000,100,1125,1215,51,4
6496,64.960206721,153.585000000,100,1125,1215,51,4
6497,64.970178817,153.585000000,100,1125,1215,51,4
6498,64.980180669,153.585000000,100,1125,1215,51,4
6499,64.990176539,153.585000000,100,1125,1215,51,4
6500,65.000177519,153.585000000,100,1125,1215,51,4
6501,65.010183418,153.585000000,100,1125,1215,51,4
6502,65.020179700,240.127000000,100,1350,1215,52,4
6503,65.030177694,240.127000000,100,1350,1215,52,4
6504,65.040178604,240.127000000,100,1350,1215,52,4
6505,65.050183602,240.127000000,100,1350,1215,52,4
6506,65.060176787,240.127000000,100,1350,1215,52,4
6507,65.070175673,240.127000000,100,1350,1215,52,4
6508,65.080185370,240.127000000,100,1350,1215,52,4
6509,65.090177824,240.127000000,100,1350,1215,52,4
6510,65.100176960,240.127000000,100,1350,1215,52,4
6511,65.110180365,240.127000000,100,1350,1215,52,4
6512,65.120197415,172.336000000,100,1155,1215,51,4
6513,65.130179349,172.336000000,100,1155,1215,51,4
6514,65.140183926,172.336000000,100,1155,1215,51,4
6515,65.150188984,172.336000000,100,1155,1215,51,4
6516,65.160176729,172.336000000,100,1155,1215,51,4
6517,65.170179673,172.336000000,100,1155,1215,51,4
6518,65.180191153,172.336000000,100,1155,1215,51,4
6519,65.190179309,172.336000000,100,1155,1215,51,4
6520,65.200179467,172.336000000,100,1155,1215,51,4
6521,65.210195425,172.336000000,100,1155,1215,51,4
6522,65.220177350,172.336000000,100,1350,1215,51,4
6523,65.230180394,224.147000000,100,1350,1215,52,4
6524,65.240178548,224.147000000,100,1350,1215,52,4
6525,65.250192884,224.147000000,100,1350,1215,52,4
6526,65.260178214,224.147000000,100,1350,1215,52,4
6527,65.270176269,224.147000000,100,1350,1215,52,4
6528,65.280195563,224.147000000,100,1350,1215,52,4
6529,65.290180894,224.147000000,100,1350,1215,52,4
6530,65.300177175,224.147000000,100,1350,1215,52,4
6531,65.310179648,224.147000000,100,1350,1215,52,4
6532,65.320200024,189.325000000,100,1185,1215,52,4
6533,65.330179043,189.325000000,100,1185,1215,52,4
6534,65.340176126,189.325000000,100,1185,1215,52,4
6535,65.350190692,189.325000000,100,1185,1215,52,4
6536,65.360177275,189.325000000,100,1185,1215,52,4
6537,65.370175339,189.325000000,100,1185,1215,52,4
6538,65.380182781,189.325000000,100,1185,1215,52,4
6539,65.390178081,189.325000000,100,1185,1215,52,4
6540,65.400178440,189.325000000,100,1185,1215,52,4
6541,65.410181494,189.325000000,100,1185,1215,52,4
6542,65.421750726,193.353000000,100,1290,1215,51,4
6543,65.430177132,193.353000000,100,1290,1215,51,4
6544,65.440179926,193.353000000,100,1290,1215,51,4
6545,65.450190353,193.353000000,100,1290,1215,51,4
6546,65.460191013,193.353000000,100,1290,1215,51,4
6547,65.470177956,193.353000000,100,1290,1215,51,4
6548,65.480183154,193.353000000,100,1290,1215,51,4
6549,65.490179656,193.353000000,100,1290,1215,51,4
6550,65.500176819,193.353000000,100,1290,1215,51,4
6551,65.510178520,193.353000000,100,1290,1215,51,4
6552,65.520184841,204.067000000,100,1230,1215,52,4
6553,65.530179980,204.067000000,100,1230,1215,52,4
6554,65.540178615,204.067000000,100,1230,1215,52,4
6555,65.550185977,204.067000000,100,1230,1215,52,4
6556,65.560178371,204.067000000,100,1230,1215,52,4
6557,65.570177037,204.067000000,100,1230,1215,52,4
6558,65.580179780,204.067000000,100,1230,1215,52,4
6559,65.590195258,204.067000000,100,1230,1215,52,4
6560,65.600177523,204.067000000,100,1230,1215,52,4
6561,65.610177110,204.067000000,100,1230,1215,52,4
6562,65.620198839,191.409000000,100,1275,1215,52,4
6563,65.630181435,191.409000000,100,1275,1215,51,4
6564,65.640177826,191.409000000,100,1275,1215,51,4
6565,65.650180619,191.409000000,100,1275,1215,51,4
6566,65.660194424,191.409000000,100,1275,1215,51,4
6567,65.670177179,191.409000000,100,1275,1215,51,4
6568,65.680179432,191.409000000,100,1275,1215,51,4
6569,65.690199207,191.409000000,100,1275,1215,51,4
6570,65.700177986,191.409000000,100,1275,1215,51,4
6571,65.710177212,191.409000000,100,1275,1215,51,4
6572,65.720190706,191.409000000,100,1275,1215,51,4
6573,65.730181427,221.492000000,100,1275,1215,52,4
6574,65.740177498,221.492000000,100,1275,1215,52,4
6575,65.750192274,221.492000000,100,1275,1215,52,4
6576,65.760179227,221.492000000,100,1275,1215,52,4
6577,65.770178214,221.492000000,100,1275,1215,52,4
6578,65.780178583,221.492000000,100,1275,1215,52,4
6579,65.790199520,221.492000000,100,1275,1215,52,4
6580,65.800180513,221.492000000,100,1275,1215,52,4
6581,65.810179549,221.492000000,100,1275,1215,52,4
6582,65.820200727,159.514000000,100,1170,1215,52,4
6583,65.830178113,159.514000000,100,1170,1215,51,4
6584,65.840178662,159.514000000,100,1170,1215,51,4
6585,65.850179502,159.514000000,100,1170,1215,51,4
6586,65.860185612,159.514000000,100,1170,1215,51,4
6587,65.870176222,159.514000000,100,1170,1215,51,4
6588,65.880177272,159.514000000,100,1170,1215,51,4
6589,65.890184604,159.514000000,100,1170,1215,51,4
6590,65.900177970,159.514000000,100,1170,1215,51,4
6591,65.910175253,159.514000000,100,1170,1215,51,4
6592,65.920179389,159.514000000,100,1365,1215,51,4
6593,65.930188545,256.015000000,100,1365,1215,52,4
6594,65.940177652,256.015000000,100,1365,1215,52,4
6595,65.950178031,256.015000000,100,1365,1215,52,4
6596,65.960187848,256.015000000,100,1365,1215,52,4
6597,65.970180012,256.015000000,100,1365,1215,52,4
6598,65.980178357,256.015000000,100,1365,1215,52,4
6599,65.990176121,256.015000000,100,1365,1215,52,4
6600,66.000183964,256.015000000,100,1365,1215,52,4
6601,66.010396450,256.015000000,100,1365,1215,52,4
6602,66.020177388,256.015000000,100,1140,1215,51,4
6603,66.030186293,256.015000000,100,1140,1215,51,4
6604,66.040232998,256.015000000,100,1140,1215,51,4
6605,66.050176170,256.015000000,100,1140,1215,51,4
6606,66.060176890,256.015000000,100,1140,1215,51,4
6607,66.070200362,256.015000000,100,1140,1215,51,4
6608,66.080176125,256.015000000,100,1140,1215,51,4
6609,66.090175572,256.015000000,100,1140,1215,51,4
6610,66.100195598,256.015000000,100,1140,1215,51,4
6611,66.110176801,256.015000000,100,1140,1215,51,4
6612,66.120175256,156.490000000,100,1350,1215,52,4
6613,66.130218525,156.490000000,100,1350,1215,52,4
6614,66.140177978,156.490000000,100,1350,1215,52,4
6615,66.150179449,156.490000000,100,1350,1215,52,4
6616,66.160178154,156.490000000,100,1350,1215,52,4
6617,66.170177171,156.490000000,100,1350,1215,52,4
6618,66.180176848,156.490000000,100,1350,1215,52,4
6619,66.190185753,156.490000000,100,1350,1215,52,4
6620,66.200178267,156.490000000,100,1350,1215,52,4
6621,66.210176983,156.490000000,100,1350,1215,52,4
6622,66.220178354,245.309000000,100,1125,1215,51,4
6623,66.230185987,245.309000000,100,1125,1215,51,4
6624,66.240179523,245.309000000,100,1125,1215,51,4
6625,66.250177958,245.309000000,100,1125,1215,51,4
6626,66.260177125,245.309000000,100,1125,1215,51,4
6627,66.270178495,245.309000000,100,1125,1215,51,4
6628,66.280176981,245.309000000,100,1125,1215,51,4
6629,66.290191516,245.309000000,100,1125,1215,51,4
6630,66.300178921,245.309000000,100,1125,1215,51,4
6631,66.310178609,245.309000000,100,1125,1215,51,4
6632,66.320178376,164.063000000,100,1350,1215,51,4
6633,66.330184095,164.063000000,100,1350,1215,51,4
6634,66.340178984,164.063000000,100,1350,1215,51,4
6635,66.350177530,164.063000000,100,1350,1215,51,4
6636,66.360178800,164.063000000,100,1350,1215,51,4
6637,66.370177897,164.063000000,100,1350,1215,51,4
6638,66.380178065,164.063000000,100,1350,1215,51,4
6639,66.390177102,164.063000000,100,1350,1215,51,4
6640,66.400198099,164.063000000,100,1350,1215,51,4
6641,66.410180905,164.063000000,100,1350,1215,51,4
6642,66.420178258,231.203000000,100,1200,1215,51,4
6643,66.430178687,231.203000000,100,1200,1215,52,4
6644,66.440177984,231.203000000,100,1200,1215,52,4
6645,66.450177462,231.203000000,100,1200,1215,52,4
6646,66.460183962,231.203000000,100,1200,1215,52,4
6647,66.470189481,231.203000000,100,1200,1215,52,4
6648,66.480177617,231.203000000,100,1200,1215,52,4
6649,66.490186151,231.203000000,100,1200,1215,52,4
6650,66.500177022,231.203000000,100,1200,1215,52,4
6651,66.510179134,231.203000000,100,1200,1215,52,4
6652,66.520178261,231.203000000,100,1305,1215,52,4
6653,66.530189921,194.496000000,100,1305,1215,51,4
6654,66.540181173,194.496000000,100,1305,1215,51,4
6655,66.550177364,194.496000000,100,1305,1215,51,4
6656,66.560180217,194.496000000,100,1305,1215,51,4
6657,66.570179865,194.496000000,100,1305,1215,51,4
6658,66.580177869,194.496000000,100,1305,1215,51,4
6659,66.590177697,194.496000000,100,1305,1215,51,4
6660,66.600200388,194.496000000,100,1305,1215,51,4
6661,66.610285075,194.496000000,100,1305,1215,51,4
6662,66.620178033,194.496000000,100,1290,1215,51,4
6663,66.630181557,204.336000000,100,1290,1215,52,4
6664,66.640175254,204.336000000,100,1290,1215,52,4
6665,66.650174631,204.336000000,100,1290,1215,52,4
6666,66.660179809,204.336000000,100,1290,1215,52,4
6667,66.670186369,204.336000000,100,1290,1215,52,4
6668,66.680178162,204.336000000,100,1290,1215,52,4
6669,66.690176217,204.336000000,100,1290,1215,52,4
6670,66.700184541,204.336000000,100,1290,1215,52,4
6671,66.710178758,204.336000000,100,1290,1215,52,4
6672,66.720177965,204.336000000,100,1185,1215,52,4
6673,66.730178955,207.647000000,100,1185,1215,51,4
6674,66.740178282,207.647000000,100,1185,1215,51,4
6675,66.750182618,207.647000000,100,1185,1215,51,4
6676,66.760180382,207.647000000,100,1185,1215,51,4
6677,66.770176072,207.647000000,100,1185,1215,51,4
6678,66.780188123,207.647000000,100,1185,1215,51,4
6679,66.790176870,207.647000000,100,1185,1215,51,4
6680,66.800176398,207.647000000,100,1185,1215,51,4
6681,66.810183249,207.647000000,100,1185,1215,51,4
6682,66.820190040,207.647000000,100,1365,1215,51,4
6683,66.830178176,180.143000000,100,1365,1215,52,4
6684,66.840177242,180.143000000,100,1365,1215,52,4
6685,66.850190114,180.143000000,100,1365,1215,52,4
6686,66.860177689,180.143000000,100,1365,1215,52,4
6687,66.870175794,180.143000000,100,1365,1215,52,4
6688,66.880181763,180.143000000,100,1365,1215,52,4
6689,66.890180369,180.143000000,100,1365,1215,52,4
6690,66.900176510,180.143000000,100,1365,1215,52,4
6691,66.910187910,180.143000000,100,1365,1215,52,4
6692,66.920177047,252.201000000,100,1155,1215,52,4
6693,66.930176344,252.201000000,100,1155,1215,52,4
6694,66.940178867,252.201000000,100,1155,1215,52,4
6695,66.950180950,252.201000000,100,1155,1215,52,4
6696,66.960178343,252.201000000,100,1155,1215,52,4
6697,66.970177349,252.201000000,100,1155,1215,52,4
6698,66.980183479,252.201000000,100,1155,1215,52,4
6699,66.990177486,252.201000000,100,1155,1215,52,4
6700,67.000178767,252.201000000,100,1155,1215,52,4
6701,67.010179767,252.201000000,100,1155,1215,52,4
6702,67.020199883,167.727000000,100,1350,1215,52,4
6703,67.030179743,167.727000000,100,1350,1215,52,4
6704,67.040178459,167.727000000,100,1350,1215,52,4
6705,67.050198084,167.727000000,100,1350,1215,52,4
6706,67.060179487,167.727000000,100,1350,1215,52,4
6707,67.070177121,167.727000000,100,1350,1215,52,4
6708,67.080180455,167.727000000,100,1350,1215,52,4
6709,67.090178360,167.727000000,100,1350,1215,52,4
6710,67.100177787,167.727000000,100,1350,1215,52,4
6711,67.110194186,167.727000000,100,1350,1215,52,4
6712,67.120179216,241.191000000,100,1170,1215,52,4
6713,67.130202779,241.191000000,100,1170,1215,52,4
6714,67.140207646,241.191000000,100,1170,1215,52,4
6715,67.150188508,241.191000000,100,1170,1215,52,4
6716,67.160218843,241.191000000,100,1170,1215,52,4
6717,67.170183055,241.191000000,100,1170,1215,52,4
6718,67.180177202,241.191000000,100,1170,1215,52,4
6719,67.190189643,241.191000000,100,1170,1215,52,4
6720,67.200176928,241.191000000,100,1170,1215,52,4
6721,67.210178328,241.191000000,100,1170,1215,52,4
6722,67.220182665,165.881000000,100,1335,1215,51,4
6723,67.230191259,165.881000000,100,1335,1215,51,4
6724,67.240175999,165.881000000,100,1335,1215,51,4
6725,67.250189332,165.881000000,100,1335,1215,51,4
6726,67.260179873,165.881000000,100,1335,1215,51,4
6727,67.270177166,165.881000000,100,1335,1215,51,4
6728,67.280183546,165.881000000,100,1335,1215,51,4
6729,67.290176411,165.881000000,100,1335,1215,51,4
6730,67.300176399,165.881000000,100,1335,1215,51,4
6731,67.310190674,165.881000000,100,1335,1215,51,4
6732,67.320176355,241.959000000,100,1230,1215,52,4
6733,67.330175993,241.959000000,100,1230,1215,52,4
6734,67.340177173,241.959000000,100,1230,1215,52,4
6735,67.350191889,241.959000000,100,1230,1215,52,4
6736,67.360178462,241.959000000,100,1230,1215,52,4
6737,67.370183440,241.959000000,100,1230,1215,52,4
6738,67.380194098,241.959000000,100,1230,1215,52,4
6739,67.390178447,241.959000000,100,1230,1215,52,4
6740,67.400177373,241.959000000,100,1230,1215,52,4
6741,67.410190766,241.959000000,100,1230,1215,52,4
6742,67.420177860,187.799000000,100,1275,1215,51,4
6743,67.430176426,187.799000000,100,1275,1215,51,4
6744,67.440192043,187.799000000,100,1275,1215,51,4
6745,67.450177935,187.799000000,100,1275,1215,51,4
6746,67.460177703,187.799000000,100,1275,1215,51,4
6747,67.470184474,187.799000000,100,1275,1215,51,4
6748,67.480190303,187.799000000,100,1275,1215,51,4
6749,67.490178159,187.799000000,100,1275,1215,51,4
6750,67.500179710,187.799000000,100,1275,1215,51,4
6751,67.510202330,187.799000000,100,1275,1215,51,4
6752,67.520177983,216.975000000,100,1275,1215,52,4
6753,67.530176058,216.975000000,100,1275,1215,52,4
6754,67.540225739,216.975000000,100,1275,1215,52,4
6755,67.550179420,216.975000000,100,1275,1215,52,4
6756,67.560177325,216.975000000,100,1275,1215,52,4
6757,67.570178435,216.975000000,100,1275,1215,52,4
6758,67.580177441,216.975000000,100,1275,1215,52,4
6759,67.590177019,216.975000000,100,1275,1215,52,4
6760,67.600177949,216.975000000,100,1275,1215,52,4
6761,67.610192915,216.975000000,100,1275,1215,52,4
6762,67.620179137,197.455000000,100,1215,1215,51,4
6763,67.630179075,197.455000000,100,1215,1215,51,4
6764,67.640191016,197.455000000,100,1215,1215,51,4
6765,67.650178140,197.455000000,100,1215,1215,51,4
6766,67.660177367,197.455000000,100,1215,1215,51,4
6767,67.670178517,197.455000000,100,1215,1215,51,4
6768,67.680189997,197.455000000,100,1215,1215,51,4
6769,67.690177883,197.455000000,100,1215,1215,51,4
6770,67.700178241,197.455000000,100,1215,1215,51,4
6771,67.710181836,197.455000000,100,1215,1215,51,4
6772,67.720178889,192.643000000,100,1335,1215,52,4
6773,67.730178647,192.643000000,100,1335,1215,52,4
6774,67.740178545,192.643000000,100,1335,1215,52,4
6775,67.750177381,192.643000000,100,1335,1215,52,4
6776,67.760178551,192.643000000,100,1335,1215,52,4
6777,67.770178239,192.643000000,100,1335,1215,52,4
6778,67.780178588,192.643000000,100,1335,1215,52,4
6779,67.790178496,192.643000000,100,1335,1215,52,4
6780,67.800183073,192.643000000,100,1335,1215,52,4
6781,67.810177440,192.643000000,100,1335,1215,52,4
6782,67.820179342,227.416000000,100,1170,1215,51,4
6783,67.830183849,227.416000000,100,1170,1215,51,4
6784,67.840178798,227.416000000,100,1170,1215,51,4
6785,67.850178185,227.416000000,100,1170,1215,51,4
6786,67.860178504,227.416000000,100,1170,1215,51,4
6787,67.870178271,227.416000000,100,1170,1215,51,4
6788,67.880178951,227.416000000,100,1170,1215,51,4
6789,67.890178168,227.416000000,100,1170,1215,51,4
6790,67.900177294,227.416000000,100,1170,1215,51,4
6791,67.910177433,227.416000000,100,1170,1215,51,4
6792,67.920179826,175.934000000,100,1350,1215,52,4
6793,67.930177830,175.934000000,100,1350,1215,52,4
6794,67.940178109,175.934000000,100,1350,1215,52,4
6795,67.950177796,175.934000000,100,1350,1215,52,4
6796,67.960176853,175.934000000,100,1350,1215,52,4
6797,67.970178945,175.934000000,100,1350,1215,52,4
6798,67.980177921,175.934000000,100,1350,1215,52,4
6799,67.990176577,175.934000000,100,1350,1215,52,4
6800,68.000177788,175.934000000,100,1350,1215,52,4
6801,68.010177615,175.934000000,100,1350,1215,52,4
6802,68.020178625,241.204000000,100,1155,1215,52,4
6803,68.030177552,241.204000000,100,1155,1215,52,4
6804,68.040177470,241.204000000,100,1155,1215,52,4
6805,68.050178841,241.204000000,100,1155,1215,52,4
6806,68.060176965,241.204000000,100,1155,1215,52,4
6807,68.070181712,241.204000000,100,1155,1215,52,4
6808,68.080342112,241.204000000,100,1155,1215,52,4
6809,68.090178212,241.204000000,100,1155,1215,52,4
6810,68.100178431,241.204000000,100,1155,1215,52,4
6811,68.110178610,241.204000000,100,1155,1215,52,4
6812,68.120179499,241.204000000,100,1350,1215,52,4
6813,68.130178616,168.489000000,100,1350,1215,51,4
6814,68.140189655,168.489000000,100,1350,1215,51,4
6815,68.150178322,168.489000000,100,1350,1215,51,4
6816,68.160177338,168.489000000,100,1350,1215,51,4
6817,68.170178208,168.489000000,100,1350,1215,51,4
6818,68.180177265,168.489000000,100,1350,1215,51,4
6819,68.190178876,168.489000000,100,1350,1215,51,4
6820,68.200177902,168.489000000,100,1350,1215,51,4
6821,68.210182339,168.489000000,100,1350,1215,51,4
6822,68.220179301,168.489000000,100,1230,1215,51,4
6823,68.230197103,241.562000000,100,1230,1215,52,4
6824,68.240179378,241.562000000,100,1230,1215,52,4
6825,68.250178154,241.562000000,100,1230,1215,52,4
6826,68.260190245,241.562000000,100,1230,1215,52,4
6827,68.270178241,241.562000000,100,1230,1215,52,4
6828,68.280178108,241.562000000,100,1230,1215,52,4
6829,68.290182194,241.562000000,100,1230,1215,52,4
6830,68.300177293,241.562000000,100,1230,1215,52,4
6831,68.310176320,241.562000000,100,1230,1215,52,4
6832,68.320178713,241.562000000,100,1260,1215,52,4
6833,68.330178100,171.049000000,100,1260,1215,51,4
6834,68.340175152,171.049000000,100,1260,1215,51,4
6835,68.350179368,171.049000000,100,1260,1215,51,4
6836,68.360176802,171.049000000,100,1260,1215,51,4
6837,68.370176339,171.049000000,100,1260,1215,51,4
6838,68.380179193,171.049000000,100,1260,1215,51,4
6839,68.390177889,171.049000000,100,1260,1215,51,4
6840,68.400178758,171.049000000,100,1260,1215,51,4
6841,68.410178065,171.049000000,100,1260,1215,51,4
6842,68.420178745,171.049000000,100,1290,1215,51,4
6843,68.430182761,229.538000000,100,1290,1215,52,4
6844,68.440182699,229.538000000,100,1290,1215,52,4
6845,68.450181906,229.538000000,100,1290,1215,52,4
6846,68.460177726,229.538000000,100,1290,1215,52,4
6847,68.470177043,229.538000000,100,1290,1215,52,4
6848,68.480177782,229.538000000,100,1290,1215,52,4
6849,68.490177029,229.538000000,100,1290,1215,52,4
6850,68.500178100,229.538000000,100,1290,1215,52,4
6851,68.510178879,229.538000000,100,1290,1215,52,4
6852,68.520178366,189.133000000,100,1185,1215,51,4
6853,68.530178224,189.133000000,100,1185,1215,51,4
6854,68.540178122,189.133000000,100,1185,1215,51,4
6855,68.550183040,189.133000000,100,1185,1215,51,4
6856,68.560178419,189.133000000,100,1185,1215,51,4
6857,68.570177536,189.133000000,100,1185,1215,51,4
6858,68.580179177,189.133000000,100,1185,1215,51,4
6859,68.590178184,189.133000000,100,1185,1215,51,4
6860,68.600178753,189.133000000,100,1185,1215,51,4
6861,68.610178280,189.133000000,100,1185,1215,51,4
6862,68.620183669,202.729000000,100,1350,1215,52,4
6863,68.630179719,202.729000000,100,1350,1215,52,4
6864,68.640177604,202.729000000,100,1350,1215,52,4
6865,68.650182471,202.729000000,100,1350,1215,52,4
6866,68.660182610,202.729000000,100,1350,1215,52,4
6867,68.670182628,202.729000000,100,1350,1215,52,4
6868,68.680177416,202.729000000,100,1350,1215,52,4
6869,68.690177535,202.729000000,100,1350,1215,52,4
6870,68.700178284,202.729000000,100,1350,1215,52,4
6871,68.710181128,202.729000000,100,1350,1215,52,4
6872,68.720179203,224.889000000,100,1110,1215,51,4
6873,68.730178530,224.889000000,100,1110,1215,51,4
6874,68.740174490,224.889000000,100,1110,1215,51,4
6875,68.750176051,224.889000000,100,1110,1215,51,4
6876,68.760177793,224.889000000,100,1110,1215,51,4
6877,68.770177070,224.889000000,100,1110,1215,51,4
6878,68.780177218,224.889000000,100,1110,1215,51,4
6879,68.790177517,224.889000000,100,1110,1215,51,4
6880,68.800177916,224.889000000,100,1110,1215,51,4
6881,68.810177544,224.889000000,100,1110,1215,51,4
6882,68.820179886,158.283000000,100,1350,1215,52,4
6883,68.830182329,158.283000000,100,1350,1215,52,4
6884,68.840177538,158.283000000,100,1350,1215,52,4
6885,68.850182095,158.283000000,100,1350,1215,52,4
6886,68.860177976,158.283000000,100,1350,1215,52,4
6887,68.870177092,158.283000000,100,1350,1215,52,4
6888,68.880178423,158.283000000,100,1350,1215,52,4
6889,68.890178531,158.283000000,100,1350,1215,52,4
6890,68.900181625,158.283000000,100,1350,1215,52,4
6891,68.910177766,158.283000000,100,1350,1215,52,4
6892,68.920179167,237.366000000,100,1170,1215,52,4
6893,68.930177773,237.366000000,100,1170,1215,52,4
6894,68.940181458,237.366000000,100,1170,1215,52,4
6895,68.950178531,237.366000000,100,1170,1215,52,4
6896,68.960181484,237.366000000,100,1170,1215,52,4
6897,68.970178036,237.366000000,100,1170,1215,52,4
6898,68.980178145,237.366000000,100,1170,1215,52,4
6899,68.990182471,237.366000000,100,1170,1215,52,4
6900,69.000177520,237.366000000,100,1170,1215,52,4
6901,69.010177388,237.366000000,100,1170,1215,52,4
6902,69.020178508,168.374000000,100,1335,1215,51,4
6903,69.030177945,168.374000000,100,1335,1215,51,4
6904,69.040183985,168.374000000,100,1335,1215,51,4
6905,69.050179324,168.374000000,100,1335,1215,51,4
6906,69.060178211,168.374000000,100,1335,1215,51,4
6907,69.070178720,168.374000000,100,1335,1215,51,4
6908,69.080178167,168.374000000,100,1335,1215,51,4
6909,69.090183265,168.374000000,100,1335,1215,51,4
6910,69.100178224,168.374000000,100,1335,1215,51,4
6911,69.110182420,168.374000000,100,1335,1215,51,4
6912,69.120180685,254.963000000,100,1200,1215,52,4
6913,69.130177246,254.963000000,100,1200,1215,52,4
6914,69.140178848,254.963000000,100,1200,1215,52,4
6915,69.150178666,254.963000000,100,1200,1215,52,4
6916,69.160175468,254.963000000,100,1200,1215,52,4
6917,69.170179904,254.963000000,100,1200,1215,52,4
6918,69.180178029,254.963000000,100,1200,1215,52,4
6919,69.190177576,254.963000000,100,1200,1215,52,4
6920,69.200181943,254.963000000,100,1200,1215,52,4
6921,69.210178294,254.963000000,100,1200,1215,52,4
6922,69.220178783,159.952000000,100,1230,1215,51,4
6923,69.230177840,159.952000000,100,1230,1215,51,4
6924,69.240178239,159.952000000,100,1230,1215,51,4
6925,69.250179419,159.952000000,100,1230,1215,51,4
6926,69.260178937,159.952000000,100,1230,1215,51,4
6927,69.270178284,159.952000000,100,1230,1215,51,4
6928,69.280177641,159.952000000,100,1230,1215,51,4
6929,69.290177759,159.952000000,100,1230,1215,51,4
6930,69.300181624,159.952000000,100,1230,1215,51,4
6931,69.310181953,159.952000000,100,1230,1215,51,4
6932,69.320178996,236.165000000,100,1275,1215,52,4
6933,69.330177371,236.165000000,100,1275,1215,52,4
6934,69.340178041,236.165000000,100,1275,1215,52,4
6935,69.350197636,236.165000000,100,1275,1215,52,4
6936,69.360180512,236.165000000,100,1275,1215,52,4
6937,69.370177725,236.165000000,100,1275,1215,52,4
6938,69.380180488,236.165000000,100,1275,1215,52,4
6939,69.390197869,236.165000000,100,1275,1215,52,4
6940,69.400175656,236.165000000,100,1275,1215,52,4
6941,69.410190141,236.165000000,100,1275,1215,52,4
6942,69.421324347,178.243000000,100,1215,1215,51,4
6943,69.430179407,178.243000000,100,1215,1215,51,4
6944,69.440176931,178.243000000,100,1215,1215,51,4
6945,69.450177220,178.243000000,100,1215,1215,51,4
6946,69.460177989,178.243000000,100,1215,1215,51,4
6947,69.470177667,178.243000000,100,1215,1215,51,4
6948,69.480176573,178.243000000,100,1215,1215,51,4
6949,69.490177543,178.243000000,100,1215,1215,51,4
6950,69.500178603,178.243000000,100,1215,1215,51,4
6951,69.510178061,178.243000000,100,1215,1215,51,4
6952,69.520178410,215.966000000,100,1335,1215,52,4
6953,69.530179169,215.966000000,100,1335,1215,52,4
6954,69.540177975,215.966000000,100,1335,1215,52,4
6955,69.550178564,215.966000000,100,1335,1215,52,4
6956,69.560177250,215.966000000,100,1335,1215,52,4
6957,69.570177319,215.966000000,100,1335,1215,52,4
6958,69.580177127,215.966000000,100,1335,1215,52,4
6959,69.590177566,215.966000000,100,1335,1215,52,4
6960,69.600178065,215.966000000,100,1335,1215,52,4
6961,69.610177201,215.966000000,100,1335,1215,52,4
6962,69.620178241,203.298000000,100,1125,1215,51,4
6963,69.630177919,203.298000000,100,1125,1215,51,4
6964,69.640178188,203.298000000,100,1125,1215,51,4
6965,69.650178106,203.298000000,100,1125,1215,51,4
6966,69.660178194,203.298000000,100,1125,1215,51,4
6967,69.670178924,203.298000000,100,1125,1215,51,4
6968,69.680182248,203.298000000,100,1125,1215,51,4
6969,69.690178890,203.298000000,100,1125,1215,51,4
6970,69.700229894,203.298000000,100,1125,1215,51,4
6971,69.710177023,203.298000000,100,1125,1215,51,4
6972,69.720179015,179.507000000,100,1350,1215,52,4
6973,69.730177841,179.507000000,100,1350,1215,52,4
6974,69.740177839,179.507000000,100,1350,1215,52,4
6975,69.750178599,179.507000000,100,1350,1215,52,4
6976,69.760178227,179.507000000,100,1350,1215,52,4
6977,69.770182783,179.507000000,100,1350,1215,52,4
6978,69.780178814,179.507000000,100,1350,1215,52,4
6979,69.790177290,179.507000000,100,1350,1215,52,4
6980,69.800177959,179.507000000,100,1350,1215,52,4
6981,69.810185572,179.507000000,100,1350,1215,52,4
6982,69.820179248,221.379000000,100,1170,1215,51,4
6983,69.830177242,221.379000000,100,1170,1215,51,4
6984,69.840180066,221.379000000,100,1170,1215,51,4
6985,69.850176598,221.379000000,100,1170,1215,51,4
6986,69.860177417,221.379000000,100,1170,1215,51,4
6987,69.870178948,221.379000000,100,1170,1215,51,4
6988,69.880178155,221.379000000,100,1170,1215,51,4
6989,69.890177242,221.379000000,100,1170,1215,51,4
6990,69.900178362,221.379000000,100,1170,1215,51,4
6991,69.910178651,221.379000000,100,1170,1215,51,4
6992,69.920178769,221.379000000,100,1335,1215,51,4
6993,69.930179539,180.678000000,100,1335,1215,51,4
6994,69.940183705,180.678000000,100,1335,1215,51,4
6995,69.950178063,180.678000000,100,1335,1215,51,4
6996,69.960178562,180.678000000,100,1335,1215,51,4
6997,69.970179432,180.678000000,100,1335,1215,51,4
6998,69.980178007,180.678000000,100,1335,1215,51,4
6999,69.990182694,180.678000000,100,1335,1215,51,4
7000,70.000177823,180.678000000,100,1335,1215,51,4
7001,70.010181729,180.678000000,100,1335,1215,51,4
7002,70.020177690,180.678000000,100,1200,1215,51,4
7003,70.030179201,233.247000000,100,1200,1215,52,4
7004,70.040193185,233.247000000,100,1200,1215,52,4
7005,70.050180239,233.247000000,100,1200,1215,52,4
7006,70.060185728,233.247000000,100,1200,1215,52,4
7007,70.070178623,233.247000000,100,1200,1215,52,4
7008,70.080181717,233.247000000,100,1200,1215,52,4
7009,70.090175774,233.247000000,100,1200,1215,52,4
7010,70.100179419,233.247000000,100,1200,1215,52,4
7011,70.110176932,233.247000000,100,1200,1215,52,4
7012,70.120179255,233.247000000,100,1275,1215,52,4
7013,70.130179433,161.908000000,100,1275,1215,51,4
7014,70.140182157,161.908000000,100,1275,1215,51,4
7015,70.150177446,161.908000000,100,1275,1215,51,4
7016,70.160177985,161.908000000,100,1275,1215,51,4
7017,70.170178324,161.908000000,100,1275,1215,51,4
7018,70.180178443,161.908000000,100,1275,1215,51,4
7019,70.190179413,161.908000000,100,1275,1215,51,4
7020,70.200179341,161.908000000,100,1275,1215,51,4
7021,70.210182194,161.908000000,100,1275,1215,51,4
7022,70.220183635,242.437000000,100,1260,1215,52,4
7023,70.230179406,242.437000000,100,1260,1215,52,4
7024,70.240178582,242.437000000,100,1260,1215,52,4
7025,70.250178801,242.437000000,100,1260,1215,52,4
7026,70.260178749,242.437000000,100,1260,1215,52,4
7027,70.270177886,242.437000000,100,1260,1215,52,4
7028,70.280182132,242.437000000,100,1260,1215,52,4
7029,70.290178193,242.437000000,100,1260,1215,52,4
7030,70.300181187,242.437000000,100,1260,1215,52,4
7031,70.310178840,242.437000000,100,1260,1215,52,4
7032,70.320179881,180.001000000,100,1230,1215,51,4
7033,70.330178085,180.001000000,100,1230,1215,51,4
7034,70.340180568,180.001000000,100,1230,1215,51,4
7035,70.350180096,180.001000000,100,1230,1215,51,4
7036,70.360191445,180.001000000,100,1230,1215,51,4
7037,70.370180964,180.001000000,100,1230,1215,51,4
7038,70.380175402,180.001000000,100,1230,1215,51,4
7039,70.390179578,180.001000000,100,1230,1215,51,4
7040,70.400176300,180.001000000,100,1230,1215,51,4
7041,70.410178031,180.001000000,100,1230,1215,51,4
7042,70.420179532,223.132000000,100,1320,1215,52,4
7043,70.430179090,223.132000000,100,1320,1215,52,4
7044,70.440177625,223.132000000,100,1320,1215,52,4
7045,70.450179036,223.132000000,100,1320,1215,52,4
7046,70.460179094,223.132000000,100,1320,1215,52,4
7047,70.470183751,223.132000000,100,1320,1215,52,4
7048,70.480177117,223.132000000,100,1320,1215,52,4
7049,70.490179159,223.132000000,100,1320,1215,52,4
7050,70.500207711,223.132000000,100,1320,1215,52,4
7051,70.510180298,223.132000000,100,1320,1215,52,4
7052,70.520175227,193.455000000,100,1155,1215,51,4
7053,70.530181977,193.455000000,100,1155,1215,51,4
7054,70.540182617,193.455000000,100,1155,1215,51,4
7055,70.550176784,193.455000000,100,1155,1215,51,4
7056,70.560175961,193.455000000,100,1155,1215,51,4
7057,70.570194995,193.455000000,100,1155,1215,51,4
7058,70.580177791,193.455000000,100,1155,1215,51,4
7059,70.590176216,193.455000000,100,1155,1215,51,4
7060,70.600199107,193.455000000,100,1155,1215,51,4
7061,70.610181422,193.455000000,100,1155,1215,51,4
7062,70.620178765,195.734000000,100,1365,1215,52,4
7063,70.630181539,195.734000000,100,1365,1215,52,4
7064,70.640176117,195.734000000,100,1365,1215,52,4
7065,70.650175955,195.734000000,100,1365,1215,52,4
7066,70.660181283,195.734000000,100,1365,1215,52,4
7067,70.670177083,195.734000000,100,1365,1215,52,4
7068,70.680176611,195.734000000,100,1365,1215,52,4
7069,70.690180005,195.734000000,100,1365,1215,52,4
7070,70.700175726,195.734000000,100,1365,1215,52,4
7071,70.710179932,195.734000000,100,1365,1215,52,4
7072,70.720188326,228.497000000,100,1155,1215,52,4
7073,70.730180159,228.497000000,100,1155,1215,52,4
7074,70.740178764,228.497000000,100,1155,1215,52,4
7075,70.750181297,228.497000000,100,1155,1215,52,4
7076,70.760176476,228.497000000,100,1155,1215,52,4
7077,70.770177376,228.497000000,100,1155,1215,52,4
7078,70.780175852,228.497000000,100,1155,1215,52,4
7079,70.790193413,228.497000000,100,1155,1215,52,4
7080,70.800177251,228.497000000,100,1155,1215,52,4
7081,70.810176367,228.497000000,100,1155,1215,52,4
7082,70.820181716,177.622000000,100,1350,1215,51,4
7083,70.830190400,177.622000000,100,1350,1215,51,4
7084,70.840178897,177.622000000,100,1350,1215,51,4
7085,70.850178655,177.622000000,100,1350,1215,51,4
7086,70.860183282,177.622000000,100,1350,1215,51,4
7087,70.870179453,177.622000000,100,1350,1215,51,4
7088,70.880177167,177.622000000,100,1350,1215,51,4
7089,70.890176083,177.622000000,100,1350,1215,51,4
7090,70.900182723,177.622000000,100,1350,1215,51,4
7091,70.910179225,177.622000000,100,1350,1215,51,4
7092,70.920178592,230.332000000,100,1200,1215,52,4
7093,70.930188198,230.332000000,100,1200,1215,52,4
7094,70.940178749,230.332000000,100,1200,1215,52,4
7095,70.950179108,230.332000000,100,1200,1215,52,4
7096,70.960177874,230.332000000,100,1200,1215,52,4
7097,70.970178263,230.332000000,100,1200,1215,52,4
7098,70.980177970,230.332000000,100,1200,1215,52,4
7099,70.990190302,230.332000000,100,1200,1215,52,4
7100,71.000179630,230.332000000,100,1200,1215,52,4
7101,71.010178476,230.332000000,100,1200,1215,52,4
7102,71.020179336,170.340000000,100,1305,1215,51,4
7103,71.030189363,170.340000000,100,1305,1215,51,4
7104,71.040177298,170.340000000,100,1305,1215,51,4
7105,71.050178218,170.340000000,100,1305,1215,51,4
7106,71.060198595,170.340000000,100,1305,1215,51,4
7107,71.070179317,170.340000000,100,1305,1215,51,4
7108,71.080176550,170.340000000,100,1305,1215,51,4
7109,71.090183551,170.340000000,100,1305,1215,51,4
7110,71.100178751,170.340000000,100,1305,1215,51,4
7111,71.110179160,170.340000000,100,1305,1215,51,4
7112,71.120190569,247.697000000,100,1275,1215,52,4
7113,71.130179807,247.697000000,100,1275,1215,52,4
7114,71.140177421,247.697000000,100,1275,1215,52,4
7115,71.150181427,247.697000000,100,1275,1215,52,4
7116,71.160175674,247.697000000,100,1275,1215,52,4
7117,71.170176314,247.697000000,100,1275,1215,52,4
7118,71.180194015,247.697000000,100,1275,1215,52,4
7119,71.190177893,247.697000000,100,1275,1215,52,4
7120,71.200178152,247.697000000,100,1275,1215,52,4
7121,71.210188690,247.697000000,100,1275,1215,52,4
7122,71.220179621,172.672000000,100,1245,1215,51,4
7123,71.230185330,172.672000000,100,1245,1215,51,4
7124,71.240179337,172.672000000,100,1245,1215,51,4
7125,71.250177542,172.672000000,100,1245,1215,51,4
7126,71.260178382,172.672000000,100,1245,1215,51,4
7127,71.270183459,172.672000000,100,1245,1215,51,4
7128,71.280178508,172.672000000,100,1245,1215,51,4
7129,71.290178196,172.672000000,100,1245,1215,51,4
7130,71.300175669,172.672000000,100,1245,1215,51,4
7131,71.310177331,172.672000000,100,1245,1215,51,4
7132,71.320192027,235.672000000,100,1305,1215,52,4
7133,71.330175824,235.672000000,100,1305,1215,52,4
7134,71.340180902,235.672000000,100,1305,1215,52,4
7135,71.350178836,235.672000000,100,1305,1215,52,4
7136,71.360177673,235.672000000,100,1305,1215,52,4
7137,71.370178883,235.672000000,100,1305,1215,52,4
7138,71.380177839,235.672000000,100,1305,1215,52,4
7139,71.390195100,235.672000000,100,1305,1215,52,4
7140,71.400178277,235.672000000,100,1305,1215,52,4
7141,71.410177413,235.672000000,100,1305,1215,52,4
7142,71.420175849,183.179000000,100,1170,1215,52,4
7143,71.430178221,183.179000000,100,1170,1215,51,4
7144,71.440178039,183.179000000,100,1170,1215,51,4
7145,71.450179129,183.179000000,100,1170,1215,51,4
7146,71.460176473,183.179000000,100,1170,1215,51,4
7147,71.470177934,183.179000000,100,1170,1215,51,4
7148,71.480182911,183.179000000,100,1170,1215,51,4
7149,71.490177830,183.179000000,100,1170,1215,51,4
7150,71.500177748,183.179000000,100,1170,1215,51,4
7151,71.510186823,183.179000000,100,1170,1215,51,4
7152,71.520178636,183.179000000,100,1365,1215,51,4
7153,71.530178965,212.959000000,100,1365,1215,52,4
7154,71.540178372,212.959000000,100,1365,1215,52,4
7155,71.550182248,212.959000000,100,1365,1215,52,4
7156,71.560177507,212.959000000,100,1365,1215,52,4
7157,71.570177475,212.959000000,100,1365,1215,52,4
7158,71.580183084,212.959000000,100,1365,1215,52,4
7159,71.590177993,212.959000000,100,1365,1215,52,4
7160,71.600175236,212.959000000,100,1365,1215,52,4
7161,71.610211863,212.959000000,100,1365,1215,52,4
7162,71.620178608,212.959000000,100,1155,1215,52,4
7163,71.630179548,214.890000000,100,1155,1215,52,4
7164,71.640177653,214.890000000,100,1155,1215,52,4
7165,71.650180998,214.890000000,100,1155,1215,52,4
7166,71.660203859,214.890000000,100,1155,1215,52,4
7167,71.670217062,214.890000000,100,1155,1215,52,4
7168,71.680177997,214.890000000,100,1155,1215,52,4
7169,71.690205817,214.890000000,100,1155,1215,52,4
7170,71.700175068,214.890000000,100,1155,1215,52,4
7171,71.710180396,214.890000000,100,1155,1215,52,4
7172,71.720199790,214.890000000,100,1335,1215,52,4
7173,71.730180512,185.606000000,100,1335,1215,51,4
7174,71.740176583,185.606000000,100,1335,1215,51,4
7175,71.750179517,185.606000000,100,1335,1215,51,4
7176,71.760176109,185.606000000,100,1335,1215,51,4
7177,71.770177430,185.606000000,100,1335,1215,51,4
7178,71.780178660,185.606000000,100,1335,1215,51,4
7179,71.790193256,185.606000000,100,1335,1215,51,4
7180,71.800177545,185.606000000,100,1335,1215,51,4
7181,71.810178094,185.606000000,100,1335,1215,51,4
7182,71.820179314,185.606000000,100,1215,1215,51,4
7183,71.830177890,225.792000000,100,1215,1215,52,4
7184,71.840178239,225.792000000,100,1215,1215,52,4
7185,71.850177576,225.792000000,100,1215,1215,52,4
7186,71.860216156,225.792000000,100,1215,1215,52,4
7187,71.870179957,225.792000000,100,1215,1215,52,4
7188,71.880177320,225.792000000,100,1215,1215,52,4
7189,71.890537644,225.792000000,100,1215,1215,52,4
7190,71.900177567,225.792000000,100,1215,1215,52,4
7191,71.910178657,225.792000000,100,1215,1215,52,4
7192,71.920179737,174.940000000,100,1275,1215,51,4
7193,71.930185456,174.940000000,100,1275,1215,51,4
7194,71.940181597,174.940000000,100,1275,1215,51,4
7195,71.950179812,174.940000000,100,1275,1215,51,4
7196,71.960178779,174.940000000,100,1275,1215,51,4
7197,71.970178116,174.940000000,100,1275,1215,51,4
7198,71.980177102,174.940000000,100,1275,1215,51,4
7199,71.990177791,174.940000000,100,1275,1215,51,4
7200,72.000177068,174.940000000,100,1275,1215,51,4
7201,72.010178229,174.940000000,100,1275,1215,51,4
7202,72.020179249,250.373000000,100,1305,1215,53,4
7203,72.030177384,250.373000000,100,1305,1215,53,4
7204,72.040178123,250.373000000,100,1305,1215,53,4
7205,72.050177120,250.373000000,100,1305,1215,53,4
7206,72.060177498,250.373000000,100,1305,1215,53,4
7207,72.070178208,250.373000000,100,1305,1215,53,4
7208,72.080178437,250.373000000,100,1305,1215,53,4
7209,72.090177303,250.373000000,100,1305,1215,53,4
7210,72.100177982,250.373000000,100,1305,1215,53,4
7211,72.110179483,250.373000000,100,1305,1215,53,4
7212,72.120178560,159.513000000,100,1200,1215,51,4
7213,72.130178318,159.513000000,100,1200,1215,51,4
7214,72.140178166,159.513000000,100,1200,1215,51,4
7215,72.150175018,159.513000000,100,1200,1215,51,4
7216,72.160177851,159.513000000,100,1200,1215,51,4
7217,72.170178311,159.513000000,100,1200,1215,51,4
7218,72.180176746,159.513000000,100,1200,1215,51,4
7219,72.190178487,159.513000000,100,1200,1215,51,4
7220,72.200177945,159.513000000,100,1200,1215,51,4
7221,72.210177482,159.513000000,100,1200,1215,51,4
7222,72.220177981,246.051000000,100,1320,1215,52,4
7223,72.230177859,246.051000000,100,1320,1215,52,4
7224,72.240177937,246.051000000,100,1320,1215,52,4
7225,72.250178817,246.051000000,100,1320,1215,52,4
7226,72.260177172,246.051000000,100,1320,1215,52,4
7227,72.270177351,246.051000000,100,1320,1215,52,4
7228,72.280178482,246.051000000,100,1320,1215,52,4
7229,72.290178640,246.051000000,100,1320,1215,52,4
7230,72.300177847,246.051000000,100,1320,1215,52,4
7231,72.310182454,246.051000000,100,1320,1215,52,4
7232,72.320179336,169.068000000,100,1170,1215,51,4
7233,72.330177591,169.068000000,100,1170,1215,51,4
7234,72.340180284,169.068000000,100,1170,1215,51,4
7235,72.350177537,169.068000000,100,1170,1215,51,4
7236,72.360177245,169.068000000,100,1170,1215,51,4
7237,72.370178105,169.068000000,100,1170,1215,51,4
7238,72.380179616,169.068000000,100,1170,1215,51,4
7239,72.390177731,169.068000000,100,1170,1215,51,4
7240,72.400178220,169.068000000,100,1170,1215,51,4
7241,72.410179300,169.068000000,100,1170,1215,51,4
7242,72.420177926,236.212000000,100,1365,1215,52,4
7243,72.430177723,236.212000000,100,1365,1215,52,4
7244,72.440177792,236.212000000,100,1365,1215,52,4
7245,72.450178912,236.212000000,100,1365,1215,52,4
7246,72.460176857,236.212000000,100,1365,1215,52,4
7247,72.470178087,236.212000000,100,1365,1215,52,4
7248,72.480178536,236.212000000,100,1365,1215,52,4
7249,72.490177963,236.212000000,100,1365,1215,52,4
7250,72.500178002,236.212000000,100,1365,1215,52,4
7251,72.510178200,236.212000000,100,1365,1215,52,4
7252,72.520182817,190.094000000,100,1110,1215,52,4
7253,72.530179950,190.094000000,100,1110,1215,52,4
7254,72.540179718,190.094000000,100,1110,1215,52,4
7255,72.550177342,190.094000000,100,1110,1215,52,4
7256,72.560177149,190.094000000,100,1110,1215,52,4
7257,72.570177288,190.094000000,100,1110,1215,52,4
7258,72.580177076,190.094000000,100,1110,1215,52,4
7259,72.590176914,190.094000000,100,1110,1215,52,4
7260,72.600178094,190.094000000,100,1110,1215,52,4
7261,72.610176670,190.094000000,100,1110,1215,52,4
7262,72.620178381,208.030000000,100,1350,1215,51,4
7263,72.630178810,208.030000000,100,1350,1215,51,4
7264,72.640178648,208.030000000,100,1350,1215,51,4
7265,72.650177715,208.030000000,100,1350,1215,51,4
7266,72.660178775,208.030000000,100,1350,1215,51,4
7267,72.670177731,208.030000000,100,1350,1215,51,4
7268,72.680182849,208.030000000,100,1350,1215,51,4
7269,72.690182977,208.030000000,100,1350,1215,51,4
7270,72.700179139,208.030000000,100,1350,1215,51,4
7271,72.710178375,208.030000000,100,1350,1215,51,4
7272,72.720180367,203.687000000,100,1170,1215,52,4
7273,72.730177420,203.687000000,100,1170,1215,52,4
7274,72.740179993,203.687000000,100,1170,1215,52,4
7275,72.750178989,203.687000000,100,1170,1215,52,4
7276,72.760177916,203.687000000,100,1170,1215,52,4
7277,72.770178134,203.687000000,100,1170,1215,52,4
7278,72.780177812,203.687000000,100,1170,1215,52,4
7279,72.790177950,203.687000000,100,1170,1215,52,4
7280,72.800177397,203.687000000,100,1170,1215,52,4
7281,72.810177215,203.687000000,100,1170,1215,52,4
7282,72.820178346,182.590000000,100,1335,1215,52,4
7283,72.830181811,182.590000000,100,1335,1215,51,4
7284,72.840178022,182.590000000,100,1335,1215,51,4
7285,72.850177549,182.590000000,100,1335,1215,51,4
7286,72.860177287,182.590000000,100,1335,1215,51,4
7287,72.870178287,182.590000000,100,1335,1215,51,4
7288,72.880178295,182.590000000,100,1335,1215,51,4
7289,72.890176891,182.590000000,100,1335,1215,51,4
7290,72.900177791,182.590000000,100,1335,1215,51,4
7291,72.910177388,182.590000000,100,1335,1215,51,4
7292,72.920178138,241.084000000,100,1230,1215,51,4
7293,72.930177545,241.084000000,100,1230,1215,53,4
7294,72.940179747,241.084000000,100,1230,1215,53,4
7295,72.950178303,241.084000000,100,1230,1215,53,4
7296,72.960180675,241.084000000,100,1230,1215,53,4
7297,72.970176997,241.084000000,100,1230,1215,53,4
7298,72.980177045,241.084000000,100,1230,1215,53,4
7299,72.990181532,241.084000000,100,1230,1215,53,4
7300,73.000177062,241.084000000,100,1230,1215,53,4
7301,73.010178312,241.084000000,100,1230,1215,53,4
7302,73.020177990,241.084000000,100,1230,1215,53,4
7303,73.030183629,152.932000000,100,1230,1215,51,4
7304,73.040177115,152.932000000,100,1230,1215,51,4
7305,73.050178485,152.932000000,100,1230,1215,51,4
7306,73.060177362,152.932000000,100,1230,1215,51,4
7307,73.070178151,152.932000000,100,1230,1215,51,4
7308,73.080178320,152.932000000,100,1230,1215,51,4
7309,73.090178228,152.932000000,100,1230,1215,51,4
7310,73.100205187,152.932000000,100,1230,1215,51,4
7311,73.110180078,152.932000000,100,1230,1215,51,4
7312,73.120185506,152.932000000,100,1350,1215,51,4
7313,73.130176548,250.838000000,100,1350,1215,52,4
7314,73.140174682,250.838000000,100,1350,1215,52,4
7315,73.150175933,250.838000000,100,1350,1215,52,4
7316,73.160195328,250.838000000,100,1350,1215,52,4
7317,73.170177743,250.838000000,100,1350,1215,52,4
7318,73.180180186,250.838000000,100,1350,1215,52,4
7319,73.190179613,250.838000000,100,1350,1215,52,4
7320,73.200178519,250.838000000,100,1350,1215,52,4
7321,73.210180541,250.838000000,100,1350,1215,52,4
7322,73.220196359,250.838000000,100,1125,1215,52,4
7323,73.230180347,157.655000000,100,1125,1215,51,4
7324,73.240177189,157.655000000,100,1125,1215,51,4
7325,73.250185393,157.655000000,100,1125,1215,51,4
7326,73.260176635,157.655000000,100,1125,1215,51,4
7327,73.270178747,157.655000000,100,1125,1215,51,4
7328,73.280178845,157.655000000,100,1125,1215,51,4
7329,73.290192670,157.655000000,100,1125,1215,51,4
7330,73.300177239,157.655000000,100,1125,1215,51,4
7331,73.310175684,157.655000000,100,1125,1215,51,4
7332,73.320197724,157.655000000,100,1365,1215,51,4
7333,73.330181351,254.569000000,100,1365,1215,52,4
7334,73.340177803,254.569000000,100,1365,1215,52,4
7335,73.350178282,254.569000000,100,1365,1215,52,4
7336,73.360179182,254.569000000,100,1365,1215,52,4
7337,73.370197495,254.569000000,100,1365,1215,52,4
7338,73.380177375,254.569000000,100,1365,1215,52,4
7339,73.390175530,254.569000000,100,1365,1215,52,4
7340,73.400197960,254.569000000,100,1365,1215,52,4
7341,73.410178512,254.569000000,100,1365,1215,52,4
7342,73.420178009,167.404000000,100,1110,1215,52,4
7343,73.430176244,167.404000000,100,1110,1215,51,4
7344,73.440188636,167.404000000,100,1110,1215,51,4
7345,73.450177232,167.404000000,100,1110,1215,51,4
7346,73.460176078,167.404000000,100,1110,1215,51,4
7347,73.470197848,167.404000000,100,1110,1215,51,4
7348,73.480181205,167.404000000,100,1110,1215,51,4
7349,73.490279357,167.404000000,100,1110,1215,51,4
7350,73.500176212,167.404000000,100,1110,1215,51,4
7351,73.510183383,167.404000000,100,1110,1215,51,4
7352,73.520177180,239.012000000,100,1365,1215,52,4
7353,73.530179122,239.012000000,100,1365,1215,52,4
7354,73.540185933,239.012000000,100,1365,1215,52,4
7355,73.550178277,239.012000000,100,1365,1215,52,4
7356,73.560177784,239.012000000,100,1365,1215,52,4
7357,73.570180157,239.012000000,100,1365,1215,52,4
7358,73.580198850,239.012000000,100,1365,1215,52,4
7359,73.590178430,239.012000000,100,1365,1215,52,4
7360,73.600180772,239.012000000,100,1365,1215,52,4
7361,73.610178917,239.012000000,100,1365,1215,52,4
7362,73.620177613,181.471000000,100,1155,1215,52,4
7363,73.630179475,181.471000000,100,1155,1215,52,4
7364,73.640196655,181.471000000,100,1155,1215,52,4
7365,73.650178089,181.471000000,100,1155,1215,52,4
7366,73.660180712,181.471000000,100,1155,1215,52,4
7367,73.670198644,181.471000000,100,1155,1215,52,4
7368,73.680175899,181.471000000,100,1155,1215,52,4
7369,73.690179254,181.471000000,100,1155,1215,52,4
7370,73.700180985,181.471000000,100,1155,1215,52,4
7371,73.710200490,181.471000000,100,1155,1215,52,4
7372,73.720181573,222.423000000,100,1350,1215,51,4
7373,73.730178916,222.423000000,100,1350,1215,51,4
7374,73.740199884,222.423000000,100,1350,1215,51,4
7375,73.750177560,222.423000000,100,1350,1215,51,4
7376,73.760178931,222.423000000,100,1350,1215,51,4
7377,73.770183057,222.423000000,100,1350,1215,51,4
7378,73.780178076,222.423000000,100,1350,1215,51,4
7379,73.790177473,222.423000000,100,1350,1215,51,4
7380,73.800186588,222.423000000,100,1350,1215,51,4
7381,73.810177399,222.423000000,100,1350,1215,51,4
7382,73.820178109,200.958000000,100,1200,1215,51,4
7383,73.830180592,200.958000000,100,1200,1215,52,4
7384,73.840191280,200.958000000,100,1200,1215,52,4
7385,73.850181309,200.958000000,100,1200,1215,52,4
7386,73.860178693,200.958000000,100,1200,1215,52,4
7387,73.870207044,200.958000000,100,1200,1215,52,4
7388,73.880181004,200.958000000,100,1200,1215,52,4
7389,73.890178106,200.958000000,100,1200,1215,52,4
7390,73.900182322,200.958000000,100,1200,1215,52,4
7391,73.910201527,200.958000000,100,1200,1215,52,4
7392,73.920178492,182.256000000,100,1260,1215,52,4
7393,73.930183299,182.256000000,100,1260,1215,51,4
7394,73.940176244,182.256000000,100,1260,1215,51,4
7395,73.950174760,182.256000000,100,1260,1215,51,4
7396,73.960180709,182.256000000,100,1260,1215,51,4
7397,73.970195014,182.256000000,100,1260,1215,51,4
7398,73.980175425,182.256000000,100,1260,1215,51,4
7399,73.990177528,182.256000000,100,1260,1215,51,4
7400,74.000199567,182.256000000,100,1260,1215,51,4
7401,74.010180349,182.256000000,100,1260,1215,51,4
7402,74.020178795,182.256000000,100,1275,1215,51,4
7403,74.030178933,228.907000000,100,1275,1215,52,4
7404,74.040191936,228.907000000,100,1275,1215,52,4
7405,74.050178218,228.907000000,100,1275,1215,52,4
7406,74.060178527,228.907000000,100,1275,1215,52,4
7407,74.070180609,228.907000000,100,1275,1215,52,4
7408,74.080178664,228.907000000,100,1275,1215,52,4
7409,74.090178682,228.907000000,100,1275,1215,52,4
7410,74.100177999,228.907000000,100,1275,1215,52,4
7411,74.110179811,228.907000000,100,1275,1215,52,4
7412,74.120177855,228.907000000,100,1215,1215,52,4
7413,74.130179877,171.691000000,100,1215,1215,51,4
7414,74.140179615,171.691000000,100,1215,1215,51,4
7415,74.150177840,171.691000000,100,1215,1215,51,4
7416,74.160176796,171.691000000,100,1215,1215,51,4
7417,74.170178738,171.691000000,100,1215,1215,51,4
7418,74.180177304,171.691000000,100,1215,1215,51,4
7419,74.190177663,171.691000000,100,1215,1215,51,4
7420,74.200176519,171.691000000,100,1215,1215,51,4
7421,74.210177008,171.691000000,100,1215,1215,51,4
7422,74.220177136,171.691000000,100,1335,1215,51,4
7423,74.230177756,252.125000000,100,1335,1215,53,4
7424,74.240177644,252.125000000,100,1335,1215,53,4
7425,74.250177572,252.125000000,100,1335,1215,53,4
7426,74.260177640,252.125000000,100,1335,1215,53,4
7427,74.270177348,252.125000000,100,1335,1215,53,4
7428,74.280179270,252.125000000,100,1335,1215,53,4
7429,74.290177465,252.125000000,100,1335,1215,53,4
7430,74.300178304,252.125000000,100,1335,1215,53,4
7431,74.310176690,252.125000000,100,1335,1215,53,4
7432,74.320181948,252.125000000,100,1110,1215,51,4
7433,74.330178028,252.125000000,100,1110,1215,51,4
7434,74.340179399,252.125000000,100,1110,1215,51,4
7435,74.350178306,252.125000000,100,1110,1215,51,4
7436,74.360176250,252.125000000,100,1110,1215,51,4
7437,74.370177701,252.125000000,100,1110,1215,51,4
7438,74.380176988,252.125000000,100,1110,1215,51,4
7439,74.390177377,252.125000000,100,1110,1215,51,4
7440,74.400177195,252.125000000,100,1110,1215,51,4
7441,74.410178175,252.125000000,100,1110,1215,51,4
7442,74.420178253,155.144000000,100,1365,1215,51,4
7443,74.430178141,155.144000000,100,1365,1215,52,4
7444,74.440177408,155.144000000,100,1365,1215,52,4
7445,74.450178348,155.144000000,100,1365,1215,52,4
7446,74.460177054,155.144000000,100,1365,1215,52,4
7447,74.470178274,155.144000000,100,1365,1215,52,4
7448,74.480178693,155.144000000,100,1365,1215,52,4
7449,74.490178201,155.144000000,100,1365,1215,52,4
7450,74.500178199,155.144000000,100,1365,1215,52,4
7451,74.510177295,155.144000000,100,1365,1215,52,4
7452,74.520179157,256.029000000,100,1140,1215,51,4
7453,74.530181961,256.029000000,100,1140,1215,51,4
7454,74.540180556,256.029000000,100,1140,1215,51,4
7455,74.550177879,256.029000000,100,1140,1215,51,4
7456,74.560178369,256.029000000,100,1140,1215,51,4
7457,74.570177625,256.029000000,100,1140,1215,51,4
7458,74.580178846,256.029000000,100,1140,1215,51,4
7459,74.590177432,256.029000000,100,1140,1215,51,4
7460,74.600176999,256.029000000,100,1140,1215,51,4
7461,74.610177608,256.029000000,100,1140,1215,51,4
7462,74.620179150,162.362000000,100,1350,1215,52,4
7463,74.630182905,162.362000000,100,1350,1215,52,4
7464,74.640178905,162.362000000,100,1350,1215,52,4
7465,74.650178804,162.362000000,100,1350,1215,52,4
7466,74.660177119,162.362000000,100,1350,1215,52,4
7467,74.670177628,162.362000000,100,1350,1215,52,4
7468,74.680181704,162.362000000,100,1350,1215,52,4
7469,74.690179147,162.362000000,100,1350,1215,52,4
7470,74.700178174,162.362000000,100,1350,1215,52,4
7471,74.710178673,162.362000000,100,1350,1215,52,4
7472,74.720177809,162.362000000,100,1140,1215,52,4
7473,74.730178860,241.371000000,100,1140,1215,52,4
7474,74.740179769,241.371000000,100,1140,1215,52,4
7475,74.750177513,241.371000000,100,1140,1215,52,4
7476,74.760177081,241.371000000,100,1140,1215,52,4
7477,74.770177710,241.371000000,100,1140,1215,52,4
7478,74.780178109,241.371000000,100,1140,1215,52,4
7479,74.790177246,241.371000000,100,1140,1215,52,4
7480,74.800177675,241.371000000,100,1140,1215,52,4
7481,74.810177904,241.371000000,100,1140,1215,52,4
7482,74.820178593,241.371000000,100,1290,1215,52,4
7483,74.830178221,174.399000000,100,1290,1215,51,4
7484,74.840180764,174.399000000,100,1290,1215,51,4
7485,74.850178598,174.399000000,100,1290,1215,51,4
7486,74.860178125,174.399000000,100,1290,1215,51,4
7487,74.870178264,174.399000000,100,1290,1215,51,4
7488,74.880178823,174.399000000,100,1290,1215,51,4
7489,74.890183330,174.399000000,100,1290,1215,51,4
7490,74.900179912,174.399000000,100,1290,1215,51,4
7491,74.910178227,174.399000000,100,1290,1215,51,4
7492,74.920178054,174.399000000,100,1260,1215,51,4
7493,74.930178073,223.282000000,100,1260,1215,52,4
7494,74.940180065,223.282000000,100,1260,1215,52,4
7495,74.950178520,223.282000000,100,1260,1215,52,4
7496,74.960192525,223.282000000,100,1260,1215,52,4
7497,74.970181322,223.282000000,100,1260,1215,52,4
7498,74.980177613,223.282000000,100,1260,1215,52,4
7499,74.990179004,223.282000000,100,1260,1215,52,4
7500,75.000181697,223.282000000,100,1260,1215,52,4
7501,75.010176436,223.282000000,100,1260,1215,52,4
7502,75.020177937,223.282000000,100,1245,1215,52,4
7503,75.030178125,199.741000000,100,1245,1215,52,4
7504,75.040180287,199.741000000,100,1245,1215,51,4
7505,75.050176779,199.741000000,100,1245,1215,51,4
7506,75.060177829,199.741000000,100,1245,1215,51,4
7507,75.070177898,199.741000000,100,1245,1215,51,4
7508,75.080177465,199.741000000,100,1245,1215,51,4
7509,75.090177774,199.741000000,100,1245,1215,51,4
7510,75.100177612,199.741000000,100,1245,1215,51,4
7511,75.110177410,199.741000000,100,1245,1215,51,4
7512,75.120177658,204.656000000,100,1305,1215,52,4
7513,75.130178919,204.656000000,100,1305,1215,52,4
7514,75.140203674,204.656000000,100,1305,1215,52,4
7515,75.150178845,204.656000000,100,1305,1215,52,4
7516,75.160184053,204.656000000,100,1305,1215,52,4
7517,75.170177379,204.656000000,100,1305,1215,52,4
7518,75.180176556,204.656000000,100,1305,1215,52,4
7519,75.190179059,204.656000000,100,1305,1215,52,4
7520,75.200183926,204.656000000,100,1305,1215,52,4
7521,75.210177412,204.656000000,100,1305,1215,52,4
7522,75.220177450,221.581000000,100,1170,1215,52,4
7523,75.230183791,221.581000000,100,1170,1215,51,4
7524,75.240177788,221.581000000,100,1170,1215,51,4
7525,75.250179238,221.581000000,100,1170,1215,51,4
7526,75.260177093,221.581000000,100,1170,1215,51,4
7527,75.270182451,221.581000000,100,1170,1215,51,4
7528,75.280176137,221.581000000,100,1170,1215,51,4
7529,75.290179071,221.581000000,100,1170,1215,51,4
7530,75.300192334,221.581000000,100,1170,1215,51,4
7531,75.310177735,221.581000000,100,1170,1215,51,4
7532,75.320178735,172.280000000,100,1365,1215,52,4
7533,75.330178012,172.280000000,100,1365,1215,52,4
7534,75.340199521,172.280000000,100,1365,1215,52,4
7535,75.350178860,172.280000000,100,1365,1215,52,4
7536,75.360183026,172.280000000,100,1365,1215,52,4
7537,75.370177043,172.280000000,100,1365,1215,52,4
7538,75.380175789,172.280000000,100,1365,1215,52,4
7539,75.390176449,172.280000000,100,1365,1215,52,4
7540,75.400186886,172.280000000,100,1365,1215,52,4
7541,75.410177487,172.280000000,100,1365,1215,52,4
7542,75.420180280,255.824000000,100,1140,1215,51,4
7543,75.430178235,255.824000000,100,1140,1215,51,4
7544,75.440177722,255.824000000,100,1140,1215,51,4
7545,75.450177800,255.824000000,100,1140,1215,51,4
7546,75.460177238,255.824000000,100,1140,1215,51,4
7547,75.470178699,255.824000000,100,1140,1215,51,4
7548,75.480178877,255.824000000,100,1140,1215,51,4
7549,75.490177854,255.824000000,100,1140,1215,51,4
7550,75.500204602,255.824000000,100,1140,1215,51,4
7551,75.510179453,255.824000000,100,1140,1215,51,4
7552,75.520179682,164.441000000,100,1350,1215,52,4
7553,75.530178107,164.441000000,100,1350,1215,52,4
7554,75.540189446,164.441000000,100,1350,1215,52,4
7555,75.550179576,164.441000000,100,1350,1215,52,4
7556,75.560178352,164.441000000,100,1350,1215,52,4
7557,75.570177890,164.441000000,100,1350,1215,52,4
7558,75.580177196,164.441000000,100,1350,1215,52,4
7559,75.590177616,164.441000000,100,1350,1215,52,4
7560,75.600182703,164.441000000,100,1350,1215,52,4
7561,75.610204282,164.441000000,100,1350,1215,52,4
7562,75.620180806,245.643000000,100,1140,1215,52,4
7563,75.630177749,245.643000000,100,1140,1215,52,4
7564,75.640193286,245.643000000,100,1140,1215,52,4
7565,75.650178076,245.643000000,100,1140,1215,52,4
7566,75.660177994,245.643000000,100,1140,1215,52,4
7567,75.670219269,245.643000000,100,1140,1215,52,4
7568,75.680179864,245.643000000,100,1140,1215,52,4
7569,75.690178560,245.643000000,100,1140,1215,52,4
7570,75.700177015,245.643000000,100,1140,1215,52,4
7571,75.710178075,245.643000000,100,1140,1215,52,4
7572,75.720177773,161.323000000,100,1350,1215,52,4
7573,75.730178843,161.323000000,100,1350,1215,52,4
7574,75.740179382,161.323000000,100,1350,1215,52,4
7575,75.750179090,161.323000000,100,1350,1215,52,4
7576,75.760178387,161.323000000,100,1350,1215,52,4
7577,75.770184827,161.323000000,100,1350,1215,52,4
7578,75.780176881,161.323000000,100,1350,1215,52,4
7579,75.790179053,161.323000000,100,1350,1215,52,4
7580,75.800180113,161.323000000,100,1350,1215,52,4
7581,75.810200570,161.323000000,100,1350,1215,52,4
7582,75.820177976,241.108000000,100,1200,1215,52,4
7583,75.830186440,241.108000000,100,1200,1215,52,4
7584,75.840179014,241.108000000,100,1200,1215,52,4
7585,75.850179253,241.108000000,100,1200,1215,52,4
7586,75.860178049,241.108000000,100,1200,1215,52,4
7587,75.870182806,241.108000000,100,1200,1215,52,4
7588,75.880175571,241.108000000,100,1200,1215,52,4
7589,75.890175799,241.108000000,100,1200,1215,52,4
7590,75.900185676,241.108000000,100,1200,1215,52,4
7591,75.910176547,241.108000000,100,1200,1215,52,4
7592,75.920180132,182.832000000,100,1290,1215,51,4
7593,75.930178858,182.832000000,100,1290,1215,51,4
7594,75.940183645,182.832000000,100,1290,1215,51,4
7595,75.950178083,182.832000000,100,1290,1215,51,4
7596,75.960177149,182.832000000,100,1290,1215,51,4
7597,75.970185724,182.832000000,100,1290,1215,51,4
7598,75.980176915,182.832000000,100,1290,1215,51,4
7599,75.990179218,182.832000000,100,1290,1215,51,4
7600,76.000176601,182.832000000,100,1290,1215,51,4
7601,76.010191487,182.832000000,100,1290,1215,51,4
7602,76.020179323,220.763000000,100,1245,1215,51,4
7603,76.030178159,220.763000000,100,1245,1215,52,4
7604,76.040188356,220.763000000,100,1245,1215,52,4
7605,76.050189817,220.763000000,100,1245,1215,52,4
7606,76.060177122,220.763000000,100,1245,1215,52,4
7607,76.070176549,220.763000000,100,1245,1215,52,4
7608,76.080187718,220.763000000,100,1245,1215,52,4
7609,76.090176225,220.763000000,100,1245,1215,52,4
7610,76.100186182,220.763000000,100,1245,1215,52,4
7611,76.110194315,220.763000000,100,1245,1215,52,4
7612,76.120179866,195.109000000,100,1245,1215,52,4
7613,76.130179885,195.109000000,100,1245,1215,51,4
7614,76.140193218,195.109000000,100,1245,1215,51,4
7615,76.150184099,195.109000000,100,1245,1215,51,4
7616,76.160228561,195.109000000,100,1245,1215,51,4
7617,76.170176802,195.109000000,100,1245,1215,51,4
7618,76.180187781,195.109000000,100,1245,1215,51,4
7619,76.190180144,195.109000000,100,1245,1215,51,4
7620,76.200181114,195.109000000,100,1245,1215,51,4
7621,76.210193065,195.109000000,100,1245,1215,51,4
7622,76.220210847,195.109000000,100,1305,1215,51,4
7623,76.230178935,201.965000000,100,1305,1215,52,4
7624,76.240183602,201.965000000,100,1305,1215,52,4
7625,76.250178110,201.965000000,100,1305,1215,52,4
7626,76.260184370,201.965000000,100,1305,1215,52,4
7627,76.270178066,201.965000000,100,1305,1215,52,4
7628,76.280179207,201.965000000,100,1305,1215,52,4
7629,76.290200365,201.965000000,100,1305,1215,52,4
7630,76.300179864,201.965000000,100,1305,1215,52,4
7631,76.310185694,201.965000000,100,1305,1215,52,4
7632,76.320177787,201.965000000,100,1200,1215,52,4
7633,76.330177936,218.133000000,100,1200,1215,51,4
7634,76.340176792,218.133000000,100,1200,1215,51,4
7635,76.350180236,218.133000000,100,1200,1215,51,4
7636,76.360197096,218.133000000,100,1200,1215,51,4
7637,76.370177588,218.133000000,100,1200,1215,51,4
7638,76.380181033,218.133000000,100,1200,1215,51,4
7639,76.390174959,218.133000000,100,1200,1215,51,4
7640,76.400176050,218.133000000,100,1200,1215,51,4
7641,76.410176359,218.133000000,100,1200,1215,51,4
7642,76.420183620,218.133000000,100,1365,1215,51,4
7643,76.430176996,185.909000000,100,1365,1215,52,4
7644,76.440178006,185.909000000,100,1365,1215,52,4
7645,76.450188454,185.909000000,100,1365,1215,52,4
7646,76.460177662,185.909000000,100,1365,1215,52,4
7647,76.470177761,185.909000000,100,1365,1215,52,4
7648,76.480188399,185.909000000,100,1365,1215,52,4
7649,76.490177917,185.909000000,100,1365,1215,52,4
7650,76.500178777,185.909000000,100,1365,1215,52,4
7651,76.510194084,185.909000000,100,1365,1215,52,4
7652,76.520178994,185.909000000,100,1110,1215,52,4
7653,76.530179133,235.192000000,100,1110,1215,51,4
7654,76.540178490,235.192000000,100,1110,1215,51,4
7655,76.550193546,235.192000000,100,1110,1215,51,4
7656,76.560176873,235.192000000,100,1110,1215,51,4
7657,76.570175489,235.192000000,100,1110,1215,51,4
7658,76.580194954,235.192000000,100,1110,1215,51,4
7659,76.590176106,235.192000000,100,1110,1215,51,4
7660,76.600177918,235.192000000,100,1110,1215,51,4
7661,76.610181162,235.192000000,100,1110,1215,51,4
7662,76.620177945,159.919000000,100,1365,1215,51,4
7663,76.630179185,159.919000000,100,1365,1215,52,4
7664,76.640181758,159.919000000,100,1365,1215,52,4
7665,76.650188579,159.919000000,100,1365,1215,52,4
7666,76.660176405,159.919000000,100,1365,1215,52,4
7667,76.670180671,159.919000000,100,1365,1215,52,4
7668,76.680198843,159.919000000,100,1365,1215,52,4
7669,76.690178273,159.919000000,100,1365,1215,52,4
7670,76.700191676,159.919000000,100,1365,1215,52,4
7671,76.710176536,159.919000000,100,1365,1215,52,4
7672,76.720179941,256.698000000,100,1155,1215,52,4
7673,76.730181101,256.698000000,100,1155,1215,52,4
7674,76.740180809,256.698000000,100,1155,1215,52,4
7675,76.750187660,256.698000000,100,1155,1215,52,4
7676,76.760182719,256.698000000,100,1155,1215,52,4
7677,76.770190932,256.698000000,100,1155,1215,52,4
7678,76.780209485,256.698000000,100,1155,1215,52,4
7679,76.790211167,256.698000000,100,1155,1215,52,4
7680,76.800201447,256.698000000,100,1155,1215,52,4
7681,76.810208699,256.698000000,100,1155,1215,52,4
7682,76.820207505,155.651000000,100,1335,1215,52,4
7683,76.830178058,155.651000000,100,1335,1215,51,4
7684,76.840199306,155.651000000,100,1335,1215,51,4
7685,76.850199114,155.651000000,100,1335,1215,51,4
7686,76.860176019,155.651000000,100,1335,1215,51,4
7687,76.870180385,155.651000000,100,1335,1215,51,4
7688,76.880186625,155.651000000,100,1335,1215,51,4
7689,76.890177737,155.651000000,100,1335,1215,51,4
7690,76.900184708,155.651000000,100,1335,1215,51,4
7691,76.910182772,155.651000000,100,1335,1215,51,4
7692,76.920177491,241.454000000,100,1230,1215,52,4
7693,76.930178611,241.454000000,100,1230,1215,52,4
7694,76.940203196,241.454000000,100,1230,1215,52,4
7695,76.950178407,241.454000000,100,1230,1215,52,4
7696,76.960176342,241.454000000,100,1230,1215,52,4
7697,76.970205735,241.454000000,100,1230,1215,52,4
7698,76.980204371,241.454000000,100,1230,1215,52,4
7699,76.990179282,241.454000000,100,1230,1215,52,4
7700,77.000201642,241.454000000,100,1230,1215,52,4
7701,77.010204165,241.454000000,100,1230,1215,52,4
7702,77.020179567,176.832000000,100,1245,1215,52,4
7703,77.030185907,176.832000000,100,1245,1215,51,4
7704,77.040180926,176.832000000,100,1245,1215,51,4
7705,77.050194259,176.832000000,100,1245,1215,51,4
7706,77.060179951,176.832000000,100,1245,1215,51,4
7707,77.070203944,176.832000000,100,1245,1215,51,4
7708,77.080194825,176.832000000,100,1245,1215,51,4
7709,77.090178823,176.832000000,100,1245,1215,51,4
7710,77.100200743,176.832000000,100,1245,1215,51,4
7711,77.110197284,176.832000000,100,1245,1215,51,4
7712,77.120177936,220.745000000,100,1320,1215,52,4
7713,77.130185258,220.745000000,100,1320,1215,52,4
7714,77.140199343,220.745000000,100,1320,1215,52,4
7715,77.150178212,220.745000000,100,1320,1215,52,4
7716,77.160182408,220.745000000,100,1320,1215,52,4
7717,77.170181965,220.745000000,100,1320,1215,52,4
7718,77.180178246,220.745000000,100,1320,1215,52,4
7719,77.190177393,220.745000000,100,1320,1215,52,4
7720,77.200206045,220.745000000,100,1320,1215,52,4
7721,77.210193900,220.745000000,100,1320,1215,52,4
7722,77.220178139,201.800000000,100,1125,1215,52,4
7723,77.230185662,201.800000000,100,1125,1215,51,4
7724,77.240178196,201.800000000,100,1125,1215,51,4
7725,77.250197129,201.800000000,100,1125,1215,51,4
7726,77.260178753,201.800000000,100,1125,1215,51,4
7727,77.270197617,201.800000000,100,1125,1215,51,4
7728,77.280197745,201.800000000,100,1125,1215,51,4
7729,77.290182535,201.800000000,100,1125,1215,51,4
7730,77.300205256,201.800000000,100,1125,1215,51,4
7731,77.310181079,201.800000000,100,1125,1215,51,4
7732,77.320177029,177.423000000,100,1365,1215,52,4
7733,77.330203016,177.423000000,100,1365,1215,52,4
7734,77.340178990,177.423000000,100,1365,1215,52,4
7735,77.350178587,177.423000000,100,1365,1215,52,4
7736,77.360177814,177.423000000,100,1365,1215,52,4
7737,77.370179876,177.423000000,100,1365,1215,52,4
7738,77.380177530,177.423000000,100,1365,1215,52,4
7739,77.390178239,177.423000000,100,1365,1215,52,4
7740,77.400177025,177.423000000,100,1365,1215,52,4
7741,77.410178226,177.423000000,100,1365,1215,52,4
7742,77.420178074,233.350000000,100,1140,1215,52,4
7743,77.430178643,233.350000000,100,1140,1215,52,4
7744,77.440177068,233.350000000,100,1140,1215,52,4
7745,77.450178770,233.350000000,100,1140,1215,52,4
7746,77.460178297,233.350000000,100,1140,1215,52,4
7747,77.470177404,233.350000000,100,1140,1215,52,4
7748,77.480177983,233.350000000,100,1140,1215,52,4
7749,77.490177520,233.350000000,100,1140,1215,52,4
7750,77.500177929,233.350000000,100,1140,1215,52,4
7751,77.510181875,233.350000000,100,1140,1215,52,4
7752,77.520177645,170.093000000,100,1365,1215,52,4
7753,77.530180359,170.093000000,100,1365,1215,52,4
7754,77.540201998,170.093000000,100,1365,1215,52,4
7755,77.550177490,170.093000000,100,1365,1215,52,4
7756,77.560181205,170.093000000,100,1365,1215,52,4
7757,77.570175082,170.093000000,100,1365,1215,52,4
7758,77.580175020,170.093000000,100,1365,1215,52,4
7759,77.590176491,170.093000000,100,1365,1215,52,4
7760,77.600194022,170.093000000,100,1365,1215,52,4
7761,77.610176658,170.093000000,100,1365,1215,52,4
7762,77.620176756,253.391000000,100,1125,1215,52,4
7763,77.630189278,253.391000000,100,1125,1215,52,4
7764,77.640175991,253.391000000,100,1125,1215,52,4
7765,77.650175418,253.391000000,100,1125,1215,52,4
7766,77.660178001,253.391000000,100,1125,1215,52,4
7767,77.670183841,253.391000000,100,1125,1215,52,4
7768,77.680179491,253.391000000,100,1125,1215,52,4
7769,77.690178848,253.391000000,100,1125,1215,52,4
7770,77.700180810,253.391000000,100,1125,1215,52,4
7771,77.710197399,253.391000000,100,1125,1215,52,4
7772,77.720179924,145.827000000,100,1350,1215,52,4
7773,77.730177248,145.827000000,100,1350,1215,51,4
7774,77.740213965,145.827000000,100,1350,1215,51,4
7775,77.750180630,145.827000000,100,1350,1215,51,4
7776,77.760176791,145.827000000,100,1350,1215,51,4
7777,77.770565449,145.827000000,100,1350,1215,51,4
7778,77.780178812,145.827000000,100,1350,1215,51,4
7779,77.790177758,145.827000000,100,1350,1215,51,4
7780,77.800177947,145.827000000,100,1350,1215,51,4
7781,77.810177634,145.827000000,100,1350,1215,51,4
7782,77.820178424,145.827000000,100,1230,1215,51,4
7783,77.830177981,242.651000000,100,1230,1215,52,4
7784,77.840177869,242.651000000,100,1230,1215,52,4
7785,77.850177026,242.651000000,100,1230,1215,52,4
7786,77.860176624,242.651000000,100,1230,1215,52,4
7787,77.870178024,242.651000000,100,1230,1215,52,4
7788,77.880178063,242.651000000,100,1230,1215,52,4
7789,77.890177280,242.651000000,100,1230,1215,52,4
7790,77.900205731,242.651000000,100,1230,1215,52,4
7791,77.910182135,242.651000000,100,1230,1215,52,4
7792,77.920178136,242.651000000,100,1260,1215,52,4
7793,77.930180128,176.981000000,100,1260,1215,51,4
7794,77.940195004,176.981000000,100,1260,1215,51,4
7795,77.950181266,176.981000000,100,1260,1215,51,4
7796,77.960183860,176.981000000,100,1260,1215,51,4
7797,77.970178838,176.981000000,100,1260,1215,51,4
7798,77.980176763,176.981000000,100,1260,1215,51,4
7799,77.990177452,176.981000000,100,1260,1215,51,4
7800,78.000181187,176.981000000,100,1260,1215,51,4
7801,78.010175675,176.981000000,100,1260,1215,51,4
7802,78.020178769,176.981000000,100,1335,1215,51,4
7803,78.030193545,227.772000000,100,1335,1215,52,4
7804,78.040178385,227.772000000,100,1335,1215,52,4
7805,78.050177371,227.772000000,100,1335,1215,52,4
7806,78.060178943,227.772000000,100,1335,1215,52,4
7807,78.070178781,227.772000000,100,1335,1215,52,4
7808,78.080178368,227.772000000,100,1335,1215,52,4
7809,78.090176994,227.772000000,100,1335,1215,52,4
7810,78.100195847,227.772000000,100,1335,1215,52,4
7811,78.110177421,227.772000000,100,1335,1215,52,4
7812,78.120175796,227.772000000,100,1125,1215,52,4
7813,78.130177107,197.207000000,100,1125,1215,51,4
7814,78.140184740,197.207000000,100,1125,1215,51,4
7815,78.150280938,197.207000000,100,1125,1215,51,4
7816,78.160178665,197.207000000,100,1125,1215,51,4
7817,78.170191307,197.207000000,100,1125,1215,51,4
7818,78.180179463,197.207000000,100,1125,1215,51,4
7819,78.190178409,197.207000000,100,1125,1215,51,4
7820,78.200178297,197.207000000,100,1125,1215,51,4
7821,78.210188394,197.207000000,100,1125,1215,51,4
7822,78.220176189,197.207000000,100,1365,1215,51,4
7823,78.230181468,189.953000000,100,1365,1215,52,4
7824,78.240196284,189.953000000,100,1365,1215,52,4
7825,78.250177076,189.953000000,100,1365,1215,52,4
7826,78.260175371,189.953000000,100,1365,1215,52,4
7827,78.270180489,189.953000000,100,1365,1215,52,4
7828,78.280175838,189.953000000,100,1365,1215,52,4
7829,78.290179653,189.953000000,100,1365,1215,52,4
7830,78.300187346,189.953000000,100,1365,1215,52,4
7831,78.310175693,189.953000000,100,1365,1215,52,4
7832,78.320176222,222.164000000,100,1140,1215,52,4
7833,78.330179356,222.164000000,100,1140,1215,52,4
7834,78.340187760,222.164000000,100,1140,1215,52,4
7835,78.350195092,222.164000000,100,1140,1215,52,4
7836,78.360178449,222.164000000,100,1140,1215,52,4
7837,78.370209596,222.164000000,100,1140,1215,52,4
7838,78.380180790,222.164000000,100,1140,1215,52,4
7839,78.390179205,222.164000000,100,1140,1215,52,4
7840,78.400179183,222.164000000,100,1140,1215,52,4
7841,78.410188850,222.164000000,100,1140,1215,52,4
7842,78.420180693,179.265000000,100,1365,1215,52,4
7843,78.430177846,179.265000000,100,1365,1215,52,4
7844,78.440181150,179.265000000,100,1365,1215,52,4
7845,78.450199743,179.265000000,100,1365,1215,52,4
7846,78.460178051,179.265000000,100,1365,1215,52,4
7847,78.470180353,179.265000000,100,1365,1215,52,4
7848,78.480188617,179.265000000,100,1365,1215,52,4
7849,78.490180470,179.265000000,100,1365,1215,52,4
7850,78.500180428,179.265000000,100,1365,1215,52,4
7851,78.510199973,179.265000000,100,1365,1215,52,4
7852,78.520178962,244.015000000,100,1170,1215,52,4
7853,78.530177647,244.015000000,100,1170,1215,52,4
7854,78.540180271,244.015000000,100,1170,1215,52,4
7855,78.550200908,244.015000000,100,1170,1215,52,4
7856,78.560181630,244.015000000,100,1170,1215,52,4
7857,78.570182049,244.015000000,100,1170,1215,52,4
7858,78.580177408,244.015000000,100,1170,1215,52,4
7859,78.590177687,244.015000000,100,1170,1215,52,4
7860,78.600177074,244.015000000,100,1170,1215,52,4
7861,78.610184015,244.015000000,100,1170,1215,52,4
7862,78.620176660,156.760000000,100,1305,1215,52,4
7863,78.630176438,156.760000000,100,1305,1215,51,4
7864,78.640188669,156.760000000,100,1305,1215,51,4
7865,78.650176925,156.760000000,100,1305,1215,51,4
7866,78.660174859,156.760000000,100,1305,1215,51,4
7867,78.670188804,156.760000000,100,1305,1215,51,4
7868,78.680179785,156.760000000,100,1305,1215,51,4
7869,78.690179703,156.760000000,100,1305,1215,51,4
7870,78.700199459,156.760000000,100,1305,1215,51,4
7871,78.710179379,156.760000000,100,1305,1215,51,4
7872,78.720179177,242.150000000,100,1230,1215,52,4
7873,78.730184084,242.150000000,100,1230,1215,52,4
7874,78.740177761,242.150000000,100,1230,1215,52,4
7875,78.750177849,242.150000000,100,1230,1215,52,4
7876,78.760176916,242.150000000,100,1230,1215,52,4
7877,78.770190559,242.150000000,100,1230,1215,52,4
7878,78.780177403,242.150000000,100,1230,1215,52,4
7879,78.790177832,242.150000000,100,1230,1215,52,4
7880,78.800185465,242.150000000,100,1230,1215,52,4
7881,78.810178861,242.150000000,100,1230,1215,52,4
7882,78.820178197,166.679000000,100,1275,1215,52,4
7883,78.830181542,166.679000000,100,1275,1215,51,4
7884,78.840176391,166.679000000,100,1275,1215,51,4
7885,78.850178393,166.679000000,100,1275,1215,51,4
7886,78.860181376,166.679000000,100,1275,1215,51,4
7887,78.870177137,166.679000000,100,1275,1215,51,4
7888,78.880175772,166.679000000,100,1275,1215,51,4
7889,78.890184737,166.679000000,100,1275,1215,51,4
7890,78.900178233,166.679000000,100,1275,1215,51,4
7891,78.910179264,166.679000000,100,1275,1215,51,4
7892,78.920180284,241.071000000,100,1290,1215,52,4
7893,78.930191964,241.071000000,100,1290,1215,52,4
7894,78.940179659,241.071000000,100,1290,1215,52,4
7895,78.950178165,241.071000000,100,1290,1215,52,4
7896,78.960188101,241.071000000,100,1290,1215,52,4
7897,78.970179223,241.071000000,100,1290,1215,52,4
7898,78.980178340,241.071000000,100,1290,1215,52,4
7899,78.990183197,241.071000000,100,1290,1215,52,4
7900,79.000177745,241.071000000,100,1290,1215,52,4
7901,79.010179226,241.071000000,100,1290,1215,52,4
7902,79.020191417,177.266000000,100,1185,1215,52,4
7903,79.030178842,177.266000000,100,1185,1215,51,4
7904,79.040176516,177.266000000,100,1185,1215,51,4
7905,79.050178708,177.266000000,100,1185,1215,51,4
7906,79.060198053,177.266000000,100,1185,1215,51,4
7907,79.070180247,177.266000000,100,1185,1215,51,4
7908,79.080183191,177.266000000,100,1185,1215,51,4
7909,79.090188960,177.266000000,100,1185,1215,51,4
7910,79.100175854,177.266000000,100,1185,1215,51,4
7911,79.110175582,177.266000000,100,1185,1215,51,4
7912,79.120185869,223.653000000,100,1350,1215,52,4
7913,79.130178283,223.653000000,100,1350,1215,52,4
7914,79.140177871,223.653000000,100,1350,1215,52,4
7915,79.150194300,223.653000000,100,1350,1215,52,4
7916,79.160196903,223.653000000,100,1350,1215,52,4
7917,79.170179188,223.653000000,100,1350,1215,52,4
7918,79.180182262,223.653000000,100,1350,1215,52,4
7919,79.190175688,223.653000000,100,1350,1215,52,4
7920,79.200175496,223.653000000,100,1350,1215,52,4
7921,79.210180393,223.653000000,100,1350,1215,52,4
7922,79.220176624,196.823000000,100,1170,1215,52,4
7923,79.230176312,196.823000000,100,1170,1215,52,4
7924,79.240178634,196.823000000,100,1170,1215,52,4
7925,79.250183121,196.823000000,100,1170,1215,52,4
7926,79.260175726,196.823000000,100,1170,1215,52,4
7927,79.270176265,196.823000000,100,1170,1215,52,4
7928,79.280186823,196.823000000,100,1170,1215,52,4
7929,79.290176321,196.823000000,100,1170,1215,52,4
7930,79.300176350,196.823000000,100,1170,1215,52,4
7931,79.310185675,196.823000000,100,1170,1215,52,4
7932,79.320188759,204.814000000,100,1350,1215,52,4
7933,79.330181985,204.814000000,100,1350,1215,52,4
7934,79.340181332,204.814000000,100,1350,1215,52,4
7935,79.350177864,204.814000000,100,1350,1215,52,4
7936,79.360177662,204.814000000,100,1350,1215,52,4
7937,79.370177580,204.814000000,100,1350,1215,52,4
7938,79.380182317,204.814000000,100,1350,1215,52,4
7939,79.390177336,204.814000000,100,1350,1215,52,4
7940,79.400179738,204.814000000,100,1350,1215,52,4
7941,79.410187732,204.814000000,100,1350,1215,52,4
7942,79.420178953,204.814000000,100,1140,1215,52,4
7943,79.430177990,217.298000000,100,1140,1215,52,4
7944,79.440176976,217.298000000,100,1140,1215,52,4
7945,79.450185190,217.298000000,100,1140,1215,52,4
7946,79.460176271,217.298000000,100,1140,1215,52,4
7947,79.470178434,217.298000000,100,1140,1215,52,4
7948,79.480200553,217.298000000,100,1140,1215,52,4
7949,79.490175915,217.298000000,100,1140,1215,52,4
7950,79.500178478,217.298000000,100,1140,1215,52,4
7951,79.510180450,217.298000000,100,1140,1215,52,4
7952,79.520190117,217.298000000,100,1350,1215,52,4
7953,79.530181248,171.298000000,100,1350,1215,51,4
7954,79.540178071,171.298000000,100,1350,1215,51,4
7955,79.550199038,171.298000000,100,1350,1215,51,4
7956,79.560177887,171.298000000,100,1350,1215,51,4
7957,79.570179458,171.298000000,100,1350,1215,51,4
7958,79.580180939,171.298000000,100,1350,1215,51,4
7959,79.590195645,171.298000000,100,1350,1215,51,4
7960,79.600177038,171.298000000,100,1350,1215,51,4
7961,79.610176786,171.298000000,100,1350,1215,51,4
7962,79.620197473,171.298000000,100,1215,1215,51,4
7963,79.630181391,241.389000000,100,1215,1215,52,4
7964,79.640179456,241.389000000,100,1215,1215,52,4
7965,79.650181027,241.389000000,100,1215,1215,52,4
7966,79.660202195,241.389000000,100,1215,1215,52,4
7967,79.670179310,241.389000000,100,1215,1215,52,4
7968,79.680184017,241.389000000,100,1215,1215,52,4
7969,79.690177303,241.389000000,100,1215,1215,52,4
7970,79.700176910,241.389000000,100,1215,1215,52,4
7971,79.710178271,241.389000000,100,1215,1215,52,4
7972,79.720198928,241.389000000,100,1215,1215,52,4
7973,79.730177887,171.883000000,100,1290,1215,51,4
7974,79.740174819,171.883000000,100,1290,1215,51,4
7975,79.750192070,171.883000000,100,1290,1215,51,4
7976,79.760177511,171.883000000,100,1290,1215,51,4
7977,79.770176798,171.883000000,100,1290,1215,51,4
7978,79.780183298,171.883000000,100,1290,1215,51,4
7979,79.790176003,171.883000000,100,1290,1215,51,4
7980,79.800176602,171.883000000,100,1290,1215,51,4
7981,79.810187210,171.883000000,100,1290,1215,51,4
7982,79.820178292,171.883000000,100,1305,1215,51,4
7983,79.830176226,240.196000000,100,1305,1215,52,4
7984,79.840181875,240.196000000,100,1305,1215,52,4
7985,79.850178677,240.196000000,100,1305,1215,52,4
7986,79.860177433,240.196000000,100,1305,1215,52,4
7987,79.870180207,240.196000000,100,1305,1215,52,4
7988,79.880193400,240.196000000,100,1305,1215,52,4
7989,79.890177588,240.196000000,100,1305,1215,52,4
7990,79.900179480,240.196000000,100,1305,1215,52,4
7991,79.910182193,240.196000000,100,1305,1215,52,4
7992,79.920180929,240.196000000,100,1185,1215,52,4
7993,79.930179224,172.974000000,100,1185,1215,51,4
7994,79.940178561,172.974000000,100,1185,1215,51,4
7995,79.950196203,172.974000000,100,1185,1215,51,4
7996,79.960181032,172.974000000,100,1185,1215,51,4
7997,79.970176692,172.974000000,100,1185,1215,51,4
7998,79.980181129,172.974000000,100,1185,1215,51,4
7999,79.990207266,172.974000000,100,1185,1215,51,4
8000,80.000179422,172.974000000,100,1185,1215,51,4
8001,80.010176856,172.974000000,100,1185,1215,51,4
8002,80.020192243,172.974000000,100,1350,1215,51,4
8003,80.030177153,243.024000000,100,1350,1215,52,4
8004,80.040178944,243.024000000,100,1350,1215,52,4
8005,80.050180656,243.024000000,100,1350,1215,52,4
8006,80.060181095,243.024000000,100,1350,1215,52,4
8007,80.070176685,243.024000000,100,1350,1215,52,4
8008,80.080175441,243.024000000,100,1350,1215,52,4
8009,80.090179767,243.024000000,100,1350,1215,52,4
8010,80.100177491,243.024000000,100,1350,1215,52,4
8011,80.110178361,243.024000000,100,1350,1215,52,4
8012,80.120177568,179.225000000,100,1110,1215,52,4
8013,80.130178367,179.225000000,100,1110,1215,52,4
8014,80.140178867,179.225000000,100,1110,1215,52,4
8015,80.150180648,179.225000000,100,1110,1215,52,4
8016,80.160177701,179.225000000,100,1110,1215,52,4
8017,80.170178541,179.225000000,100,1110,1215,52,4
8018,80.180177948,179.225000000,100,1110,1215,52,4
8019,80.190178407,179.225000000,100,1110,1215,52,4
8020,80.200180970,179.225000000,100,1110,1215,52,4
8021,80.210177752,179.225000000,100,1110,1215,52,4
8022,80.220178792,229.538000000,100,1350,1215,52,4
8023,80.230178731,229.538000000,100,1350,1215,52,4
8024,80.240178268,229.538000000,100,1350,1215,52,4
8025,80.250180751,229.538000000,100,1350,1215,52,4
8026,80.260179006,229.538000000,100,1350,1215,52,4
8027,80.270177471,229.538000000,100,1350,1215,52,4
8028,80.280178050,229.538000000,100,1350,1215,52,4
8029,80.290178630,229.538000000,100,1350,1215,52,4
8030,80.300177055,229.538000000,100,1350,1215,52,4
8031,80.310177434,229.538000000,100,1350,1215,52,4
8032,80.320179396,191.461000000,100,1155,1215,52,4
8033,80.330178152,191.461000000,100,1155,1215,52,4
8034,80.340178120,191.461000000,100,1155,1215,52,4
8035,80.350180262,191.461000000,100,1155,1215,52,4
8036,80.360179028,191.461000000,100,1155,1215,52,4
8037,80.370178275,191.461000000,100,1155,1215,52,4
8038,80.380178724,191.461000000,100,1155,1215,52,4
8039,80.390178292,191.461000000,100,1155,1215,52,4
8040,80.400177258,191.461000000,100,1155,1215,52,4
8041,80.410180051,191.461000000,100,1155,1215,52,4
8042,80.420178607,205.277000000,100,1365,1215,52,4
8043,80.430179547,205.277000000,100,1365,1215,52,4
8044,80.440178032,205.277000000,100,1365,1215,52,4
8045,80.450178872,205.277000000,100,1365,1215,52,4
8046,80.460178620,205.277000000,100,1365,1215,52,4
8047,80.470177817,205.277000000,100,1365,1215,52,4
8048,80.480179037,205.277000000,100,1365,1215,52,4
8049,80.490178464,205.277000000,100,1365,1215,52,4
8050,80.500177391,205.277000000,100,1365,1215,52,4
8051,80.510176557,205.277000000,100,1365,1215,52,4
8052,80.520178579,218.474000000,100,1170,1215,52,4
8053,80.530178167,218.474000000,100,1170,1215,52,4
8054,80.540177584,218.474000000,100,1170,1215,52,4
8055,80.550182050,218.474000000,100,1170,1215,52,4
8056,80.560178151,218.474000000,100,1170,1215,52,4
8057,80.570176937,218.474000000,100,1170,1215,52,4
8058,80.580178829,218.474000000,100,1170,1215,52,4
8059,80.590178046,218.474000000,100,1170,1215,52,4
8060,80.600178886,218.474000000,100,1170,1215,52,4
8061,80.610177421,218.474000000,100,1170,1215,52,4
8062,80.620177900,165.785000000,100,1305,1215,52,4
8063,80.630179101,165.785000000,100,1305,1215,51,4
8064,80.640176865,165.785000000,100,1305,1215,51,4
8065,80.650178356,165.785000000,100,1305,1215,51,4
8066,80.660177042,165.785000000,100,1305,1215,51,4
8067,80.670178022,165.785000000,100,1305,1215,51,4
8068,80.680176728,165.785000000,100,1305,1215,51,4
8069,80.690178399,165.785000000,100,1305,1215,51,4
8070,80.700174811,165.785000000,100,1305,1215,51,4
8071,80.710177253,165.785000000,100,1305,1215,51,4
8072,80.720179997,232.468000000,100,1230,1215,51,4
8073,80.730182460,232.468000000,100,1230,1215,52,4
8074,80.740177939,232.468000000,100,1230,1215,52,4
8075,80.750201692,232.468000000,100,1230,1215,52,4
8076,80.760181843,232.468000000,100,1230,1215,52,4
8077,80.770178255,232.468000000,100,1230,1215,52,4
8078,80.780177652,232.468000000,100,1230,1215,52,4
8079,80.790178181,232.468000000,100,1230,1215,52,4
8080,80.800175695,232.468000000,100,1230,1215,52,4
8081,80.810179089,232.468000000,100,1230,1215,52,4
8082,80.820178466,169.201000000,100,1260,1215,52,4
8083,80.830179527,169.201000000,100,1260,1215,51,4
8084,80.840180827,169.201000000,100,1260,1215,51,4
8085,80.850177960,169.201000000,100,1260,1215,51,4
8086,80.860177147,169.201000000,100,1260,1215,51,4
8087,80.870176714,169.201000000,100,1260,1215,51,4
8088,80.880178566,169.201000000,100,1260,1215,51,4
8089,80.890177703,169.201000000,100,1260,1215,51,4
8090,80.900180716,169.201000000,100,1260,1215,51,4
8091,80.910178841,169.201000000,100,1260,1215,51,4
8092,80.920179451,255.249000000,100,1305,1215,51,4
8093,80.930177836,255.249000000,100,1305,1215,53,4
8094,80.940177213,255.249000000,100,1305,1215,53,4
8095,80.950200685,255.249000000,100,1305,1215,53,4
8096,80.960178031,255.249000000,100,1305,1215,53,4
8097,80.970177839,255.249000000,100,1305,1215,53,4
8098,80.980176374,255.249000000,100,1305,1215,53,4
8099,80.990176984,255.249000000,100,1305,1215,53,4
8100,81.000176581,255.249000000,100,1305,1215,53,4
8101,81.010177371,255.249000000,100,1305,1215,53,4
8102,81.020182258,156.490000000,100,1125,1215,53,4
8103,81.030180062,156.490000000,100,1125,1215,51,4
8104,81.040175432,156.490000000,100,1125,1215,51,4
8105,81.050198443,156.490000000,100,1125,1215,51,4
8106,81.060178254,156.490000000,100,1125,1215,51,4
8107,81.070175757,156.490000000,100,1125,1215,51,4
8108,81.080188970,156.490000000,100,1125,1215,51,4
8109,81.090176575,156.490000000,100,1125,1215,51,4
8110,81.100193475,156.490000000,100,1125,1215,51,4
8111,81.110205977,156.490000000,100,1125,1215,51,4
8112,81.120179255,156.490000000,100,1350,1215,51,4
8113,81.130180906,251.647000000,100,1350,1215,52,4
8114,81.140179001,251.647000000,100,1350,1215,52,4
8115,81.150189038,251.647000000,100,1350,1215,52,4
8116,81.160180300,251.647000000,100,1350,1215,52,4
8117,81.170177764,251.647000000,100,1350,1215,52,4
8118,81.180176990,251.647000000,100,1350,1215,52,4
8119,81.190178702,251.647000000,100,1350,1215,52,4
8120,81.200177257,251.647000000,100,1350,1215,52,4
8121,81.210177075,251.647000000,100,1350,1215,52,4
8122,81.220177825,251.647000000,100,1140,1215,52,4
8123,81.230178484,166.801000000,100,1140,1215,51,4
8124,81.240177220,166.801000000,100,1140,1215,51,4
8125,81.250178371,166.801000000,100,1140,1215,51,4
8126,81.260176776,166.801000000,100,1140,1215,51,4
8127,81.270177115,166.801000000,100,1140,1215,51,4
8128,81.280194215,166.801000000,100,1140,1215,51,4
8129,81.290181109,166.801000000,100,1140,1215,51,4
8130,81.300176999,166.801000000,100,1140,1215,51,4
8131,81.310177619,166.801000000,100,1140,1215,51,4
8132,81.320217472,166.801000000,100,1140,1215,51,4
8133,81.330181222,229.435000000,100,1365,1215,52,4
8134,81.340176411,229.435000000,100,1365,1215,52,4
8135,81.350195736,229.435000000,100,1365,1215,52,4
8136,81.360198078,229.435000000,100,1365,1215,52,4
8137,81.370179191,229.435000000,100,1365,1215,52,4
8138,81.380179871,229.435000000,100,1365,1215,52,4
8139,81.390182013,229.435000000,100,1365,1215,52,4
8140,81.400208180,229.435000000,100,1365,1215,52,4
8141,81.410183041,229.435000000,100,1365,1215,52,4
8142,81.420196916,229.435000000,100,1170,1215,52,4
8143,81.430179752,195.020000000,100,1170,1215,52,4
8144,81.440202402,195.020000000,100,1170,1215,52,4
8145,81.450179768,195.020000000,100,1170,1215,52,4
8146,81.460195406,195.020000000,100,1170,1215,52,4
8147,81.470206254,195.020000000,100,1170,1215,52,4
8148,81.480177328,195.020000000,100,1170,1215,52,4
8149,81.490182797,195.020000000,100,1170,1215,52,4
8150,81.500216899,195.020000000,100,1170,1215,52,4
8151,81.510177724,195.020000000,100,1170,1215,52,4
8152,81.520181509,195.020000000,100,1275,1215,52,4
8153,81.530179043,175.016000000,100,1275,1215,51,4
8154,81.540208907,175.016000000,100,1275,1215,51,4
8155,81.550179310,175.016000000,100,1275,1215,51,4
8156,81.560189256,175.016000000,100,1275,1215,51,4
8157,81.570209753,175.016000000,100,1275,1215,51,4
8158,81.580183051,175.016000000,100,1275,1215,51,4
8159,81.590177088,175.016000000,100,1275,1215,51,4
8160,81.600181295,175.016000000,100,1275,1215,51,4
8161,81.610198124,175.016000000,100,1275,1215,51,4
8162,81.620183124,175.016000000,100,1275,1215,51,4
8163,81.630179085,236.656000000,100,1275,1215,52,4
8164,81.640192188,236.656000000,100,1275,1215,52,4
8165,81.650189070,236.656000000,100,1275,1215,52,4
8166,81.660177246,236.656000000,100,1275,1215,52,4
8167,81.670177746,236.656000000,100,1275,1215,52,4
8168,81.680204424,236.656000000,100,1275,1215,52,4
8169,81.690185857,236.656000000,100,1275,1215,52,4
8170,81.700181748,236.656000000,100,1275,1215,52,4
8171,81.710873945,236.656000000,100,1275,1215,52,4
8172,81.720180111,162.299000000,100,1200,1215,52,4
8173,81.730179568,162.299000000,100,1200,1215,51,4
8174,81.740178986,162.299000000,100,1200,1215,51,4
8175,81.750179585,162.299000000,100,1200,1215,51,4
8176,81.760177900,162.299000000,100,1200,1215,51,4
8177,81.770178940,162.299000000,100,1200,1215,51,4
8178,81.780180541,162.299000000,100,1200,1215,51,4
8179,81.790178526,162.299000000,100,1200,1215,51,4
8180,81.800178374,162.299000000,100,1200,1215,51,4
8181,81.810179815,162.299000000,100,1200,1215,51,4
8182,81.820179823,255.429000000,100,1335,1215,51,4
8183,81.830177808,255.429000000,100,1335,1215,53,4
8184,81.840179459,255.429000000,100,1335,1215,53,4
8185,81.850180078,255.429000000,100,1335,1215,53,4
8186,81.860177632,255.429000000,100,1335,1215,53,4
8187,81.870178742,255.429000000,100,1335,1215,53,4
8188,81.880178600,255.429000000,100,1335,1215,53,4
8189,81.890205399,255.429000000,100,1335,1215,53,4
8190,81.900178757,255.429000000,100,1335,1215,53,4
8191,81.910178164,255.429000000,100,1335,1215,53,4
8192,81.920179315,152.325000000,100,1095,1215,53,4
8193,81.930194131,152.325000000,100,1095,1215,51,4
8194,81.940183118,152.325000000,100,1095,1215,51,4
8195,81.950179780,152.325000000,100,1095,1215,51,4
8196,81.960179167,152.325000000,100,1095,1215,51,4
8197,81.970179626,152.325000000,100,1095,1215,51,4
8198,81.980178893,152.325000000,100,1095,1215,51,4
8199,81.990179352,152.325000000,100,1095,1215,51,4
8200,82.000176846,152.325000000,100,1095,1215,51,4
8201,82.010359868,152.325000000,100,1095,1215,51,4
8202,82.020175871,246.472000000,100,1350,1215,51,4
8203,82.030180167,246.472000000,100,1350,1215,52,4
8204,82.040178933,246.472000000,100,1350,1215,52,4
8205,82.050182979,246.472000000,100,1350,1215,52,4
8206,82.060176755,246.472000000,100,1350,1215,52,4
8207,82.070179729,246.472000000,100,1350,1215,52,4
8208,82.080175760,246.472000000,100,1350,1215,52,4
8209,82.090174385,246.472000000,100,1350,1215,52,4
8210,82.100177910,246.472000000,100,1350,1215,52,4
8211,82.110182517,246.472000000,100,1350,1215,52,4
8212,82.120176755,173.842000000,100,1155,1215,52,4
8213,82.130179849,173.842000000,100,1155,1215,52,4
8214,82.140209733,173.842000000,100,1155,1215,52,4
8215,82.150180336,173.842000000,100,1155,1215,52,4
8216,82.160175535,173.842000000,100,1155,1215,52,4
8217,82.170214717,173.842000000,100,1155,1215,52,4
8218,82.180178147,173.842000000,100,1155,1215,52,4
8219,82.190177935,173.842000000,100,1155,1215,52,4
8220,82.200177442,173.842000000,100,1155,1215,52,4
8221,82.210182931,173.842000000,100,1155,1215,52,4
8222,82.220178210,230.401000000,100,1350,1215,52,4
8223,82.230197154,230.401000000,100,1350,1215,52,4
8224,82.240179178,230.401000000,100,1350,1215,52,4
8225,82.250178124,230.401000000,100,1350,1215,52,4
8226,82.260177361,230.401000000,100,1350,1215,52,4
8227,82.270209039,230.401000000,100,1350,1215,52,4
8228,82.280180794,230.401000000,100,1350,1215,52,4
8229,82.290177707,230.401000000,100,1350,1215,52,4
8230,82.300200458,230.401000000,100,1350,1215,52,4
8231,82.310179717,230.401000000,100,1350,1215,52,4
8232,82.320180416,230.401000000,100,1170,1215,52,4
8233,82.330179533,185.129000000,100,1170,1215,52,4
8234,82.340198186,185.129000000,100,1170,1215,52,4
8235,82.350176634,185.129000000,100,1170,1215,52,4
8236,82.360179878,185.129000000,100,1170,1215,52,4
8237,82.370176420,185.129000000,100,1170,1215,52,4
8238,82.380182089,185.129000000,100,1170,1215,52,4
8239,82.390189311,185.129000000,100,1170,1215,52,4
8240,82.400179641,185.129000000,100,1170,1215,52,4
8241,82.410181372,185.129000000,100,1170,1215,52,4
8242,82.420289023,185.129000000,100,1335,1215,52,4
8243,82.430212918,208.561000000,100,1335,1215,51,4
8244,82.440178842,208.561000000,100,1335,1215,51,4
8245,82.450178440,208.561000000,100,1335,1215,51,4
8246,82.460177647,208.561000000,100,1335,1215,51,4
8247,82.470177445,208.561000000,100,1335,1215,51,4
8248,82.480177272,208.561000000,100,1335,1215,51,4
8249,82.490177702,208.561000000,100,1335,1215,51,4
8250,82.500178221,208.561000000,100,1335,1215,51,4
8251,82.510177177,208.561000000,100,1335,1215,51,4
8252,82.520176955,208.561000000,100,1335,1215,51,4
8253,82.530178837,211.917000000,100,1215,1215,53,4
8254,82.540177292,211.917000000,100,1215,1215,53,4
8255,82.550180697,211.917000000,100,1215,1215,53,4
8256,82.560179422,211.917000000,100,1215,1215,53,4
8257,82.570188097,211.917000000,100,1215,1215,53,4
8258,82.580179990,211.917000000,100,1215,1215,53,4
8259,82.590178305,211.917000000,100,1215,1215,53,4
8260,82.600179496,211.917000000,100,1215,1215,53,4
8261,82.610177740,211.917000000,100,1215,1215,53,4
8262,82.620177929,211.917000000,100,1275,1215,53,4
8263,82.630178098,178.876000000,100,1275,1215,51,4
8264,82.640177134,178.876000000,100,1275,1215,51,4
8265,82.650177814,178.876000000,100,1275,1215,51,4
8266,82.660176479,178.876000000,100,1275,1215,51,4
8267,82.670194882,178.876000000,100,1275,1215,51,4
8268,82.680177357,178.876000000,100,1275,1215,51,4
8269,82.690179680,178.876000000,100,1275,1215,51,4
8270,82.700203723,178.876000000,100,1275,1215,51,4
8271,82.710180157,178.876000000,100,1275,1215,51,4
8272,82.720180206,178.876000000,100,1275,1215,51,4
8273,82.730179312,231.793000000,100,1275,1215,53,4
8274,82.740179511,231.793000000,100,1275,1215,53,4
8275,82.750174971,231.793000000,100,1275,1215,53,4
8276,82.760174979,231.793000000,100,1275,1215,53,4
8277,82.770179626,231.793000000,100,1275,1215,53,4
8278,82.780178051,231.793000000,100,1275,1215,53,4
8279,82.790177629,231.793000000,100,1275,1215,53,4
8280,82.800177737,231.793000000,100,1275,1215,53,4
8281,82.810239531,231.793000000,100,1275,1215,53,4
8282,82.820179266,231.793000000,100,1170,1215,53,4
8283,82.830178964,157.510000000,100,1170,1215,51,4
8284,82.840178051,157.510000000,100,1170,1215,51,4
8285,82.850178580,157.510000000,100,1170,1215,51,4
8286,82.860177446,157.510000000,100,1170,1215,51,4
8287,82.870178847,157.510000000,100,1170,1215,51,4
8288,82.880177964,157.510000000,100,1170,1215,51,4
8289,82.890177240,157.510000000,100,1170,1215,51,4
8290,82.900177519,157.510000000,100,1170,1215,51,4
8291,82.910177628,157.510000000,100,1170,1215,51,4
8292,82.920209325,157.510000000,100,1365,1215,51,4
8293,82.930177784,157.510000000,100,1365,1215,53,4
8294,82.940179576,157.510000000,100,1365,1215,53,4
8295,82.950218377,157.510000000,100,1365,1215,53,4
8296,82.960180665,157.510000000,100,1365,1215,53,4
8297,82.970179410,157.510000000,100,1365,1215,53,4
8298,82.980193004,157.510000000,100,1365,1215,53,4
8299,82.990178054,157.510000000,100,1365,1215,53,4
8300,83.000176760,157.510000000,100,1365,1215,53,4
8301,83.010180004,157.510000000,100,1365,1215,53,4
8302,83.020181225,157.510000000,100,1365,1215,53,4
8303,83.030177837,160.949000000,100,1140,1215,52,4
8304,83.040178947,160.949000000,100,1140,1215,52,4
8305,83.050186941,160.949000000,100,1140,1215,52,4
8306,83.060211625,160.949000000,100,1140,1215,52,4
8307,83.070178201,160.949000000,100,1140,1215,52,4
8308,83.080180062,160.949000000,100,1140,1215,52,4
8309,83.090178207,160.949000000,100,1140,1215,52,4
8310,83.100207350,160.949000000,100,1140,1215,52,4
8311,83.110178945,160.949000000,100,1140,1215,52,4
8312,83.120177350,160.949000000,100,1350,1215,52,4
8313,83.130177739,160.949000000,100,1350,1215,52,4
8314,83.140177236,160.949000000,100,1350,1215,52,4
8315,83.150179018,160.949000000,100,1350,1215,52,4
8316,83.160177914,160.949000000,100,1350,1215,52,4
8317,83.170177612,160.949000000,100,1350,1215,52,4
8318,83.180181578,160.949000000,100,1350,1215,52,4
8319,83.190178139,160.949000000,100,1350,1215,52,4
8320,83.200180151,160.949000000,100,1350,1215,52,4
8321,83.210179378,160.949000000,100,1350,1215,52,4
8322,83.220178846,160.949000000,100,1170,1215,52,4
8323,83.230178223,241.283000000,100,1170,1215,52,4
8324,83.240178261,241.283000000,100,1170,1215,52,4
8325,83.250177598,241.283000000,100,1170,1215,52,4
8326,83.260178728,241.283000000,100,1170,1215,52,4
8327,83.270187333,241.283000000,100,1170,1215,52,4
8328,83.280180408,241.283000000,100,1170,1215,52,4
8329,83.290177330,241.283000000,100,1170,1215,52,4
8330,83.300179022,241.283000000,100,1170,1215,52,4
8331,83.310186865,241.283000000,100,1170,1215,52,4
8332,83.320179279,241.283000000,100,1320,1215,52,4
8333,83.330176452,167.751000000,100,1320,1215,51,4
8334,83.340182672,167.751000000,100,1320,1215,51,4
8335,83.350176007,167.751000000,100,1320,1215,51,4
8336,83.360175284,167.751000000,100,1320,1215,51,4
8337,83.370175283,167.751000000,100,1320,1215,51,4
8338,83.380182905,167.751000000,100,1320,1215,51,4
8339,83.390179958,167.751000000,100,1320,1215,51,4
8340,83.400176249,167.751000000,100,1320,1215,51,4
8341,83.410187879,167.751000000,100,1320,1215,51,4
8342,83.420178921,223.269000000,100,1275,1215,51,4
8343,83.430178488,223.269000000,100,1275,1215,53,4
8344,83.440178626,223.269000000,100,1275,1215,53,4
8345,83.450183173,223.269000000,100,1275,1215,53,4
8346,83.460180186,223.269000000,100,1275,1215,53,4
8347,83.470177239,223.269000000,100,1275,1215,53,4
8348,83.480183899,223.269000000,100,1275,1215,53,4
8349,83.490179489,223.269000000,100,1275,1215,53,4
8350,83.500176572,223.269000000,100,1275,1215,53,4
8351,83.510179566,223.269000000,100,1275,1215,53,4
8352,83.520191256,202.910000000,100,1230,1215,53,4
8353,83.530176887,202.910000000,100,1230,1215,51,4
8354,83.540177627,202.910000000,100,1230,1215,51,4
8355,83.550198204,202.910000000,100,1230,1215,51,4
8356,83.560177032,202.910000000,100,1230,1215,51,4
8357,83.570174907,202.910000000,100,1230,1215,51,4
8358,83.580183491,202.910000000,100,1230,1215,51,4
8359,83.590178169,202.910000000,100,1230,1215,51,4
8360,83.600177837,202.910000000,100,1230,1215,51,4
8361,83.610189938,202.910000000,100,1230,1215,51,4
8362,83.620177683,202.910000000,100,1305,1215,51,4
8363,83.630179425,190.660000000,100,1305,1215,53,4
8364,83.640179363,190.660000000,100,1305,1215,53,4
8365,83.650204097,190.660000000,100,1305,1215,53,4
8366,83.660180461,190.660000000,100,1305,1215,53,4
8367,83.670182654,190.660000000,100,1305,1215,53,4
8368,83.680176019,190.660000000,100,1305,1215,53,4
8369,83.690176539,190.660000000,100,1305,1215,53,4
8370,83.700192968,190.660000000,100,1305,1215,53,4
8371,83.710177557,190.660000000,100,1305,1215,53,4
8372,83.720179789,190.660000000,100,1155,1215,53,4
8373,83.730183595,219.379000000,100,1155,1215,51,4
8374,83.740175127,219.379000000,100,1155,1215,51,4
8375,83.750179945,219.379000000,100,1155,1215,51,4
8376,83.760179061,219.379000000,100,1155,1215,51,4
8377,83.770183628,219.379000000,100,1155,1215,51,4
8378,83.780178897,219.379000000,100,1155,1215,51,4
8379,83.790179146,219.379000000,100,1155,1215,51,4
8380,83.800179815,219.379000000,100,1155,1215,51,4
8381,83.810194231,219.379000000,100,1155,1215,51,4
8382,83.820179491,219.379000000,100,1350,1215,51,4
8383,83.830178738,168.364000000,100,1350,1215,52,4
8384,83.840177955,168.364000000,100,1350,1215,52,4
8385,83.850199714,168.364000000,100,1350,1215,52,4
8386,83.860177130,168.364000000,100,1350,1215,52,4
8387,83.870175846,168.364000000,100,1350,1215,52,4
8388,83.880190892,168.364000000,100,1350,1215,52,4
8389,83.890177075,168.364000000,100,1350,1215,52,4
8390,83.900175350,168.364000000,100,1350,1215,52,4
8391,83.910180407,168.364000000,100,1350,1215,52,4
8392,83.920177510,168.364000000,100,1155,1215,52,4
8393,83.930178911,236.001000000,100,1155,1215,52,4
8394,83.940183097,236.001000000,100,1155,1215,52,4
8395,83.950189347,236.001000000,100,1155,1215,52,4
8396,83.960180058,236.001000000,100,1155,1215,52,4
8397,83.970178824,236.001000000,100,1155,1215,52,4
8398,83.980186897,236.001000000,100,1155,1215,52,4
8399,83.990177989,236.001000000,100,1155,1215,52,4
8400,84.000177616,236.001000000,100,1155,1215,52,4
8401,84.010196169,236.001000000,100,1155,1215,52,4
8402,84.020178965,162.157000000,100,1350,1215,52,4
8403,84.030177521,162.157000000,100,1350,1215,52,4
8404,84.040178160,162.157000000,100,1350,1215,52,4
8405,84.050199779,162.157000000,100,1350,1215,52,4
8406,84.060179810,162.157000000,100,1350,1215,52,4
8407,84.070176933,162.157000000,100,1350,1215,52,4
8408,84.080184375,162.157000000,100,1350,1215,52,4
8409,84.090177260,162.157000000,100,1350,1215,52,4
8410,84.100177659,162.157000000,100,1350,1215,52,4
8411,84.110178208,162.157000000,100,1350,1215,52,4
8412,84.120201480,162.157000000,100,1140,1215,52,4
8413,84.130179277,242.726000000,100,1140,1215,52,4
8414,84.140176259,242.726000000,100,1140,1215,52,4
8415,84.150185515,242.726000000,100,1140,1215,52,4
8416,84.160178540,242.726000000,100,1140,1215,52,4
8417,84.170178759,242.726000000,100,1140,1215,52,4
8418,84.180178957,242.726000000,100,1140,1215,52,4
8419,84.190194134,242.726000000,100,1140,1215,52,4
8420,84.200178693,242.726000000,100,1140,1215,52,4
8421,84.210174794,242.726000000,100,1140,1215,52,4
8422,84.220182487,158.874000000,100,1350,1215,52,4
8423,84.230176504,158.874000000,100,1350,1215,52,4
8424,84.240179137,158.874000000,100,1350,1215,52,4
8425,84.250178664,158.874000000,100,1350,1215,52,4
8426,84.260184343,158.874000000,100,1350,1215,52,4
8427,84.270175595,158.874000000,100,1350,1215,52,4
8428,84.280175463,158.874000000,100,1350,1215,52,4
8429,84.290185240,158.874000000,100,1350,1215,52,4
8430,84.300180619,158.874000000,100,1350,1215,52,4
8431,84.310177281,158.874000000,100,1350,1215,52,4
8432,84.320179013,158.874000000,100,1185,1215,52,4
8433,84.330185854,240.177000000,100,1185,1215,53,4
8434,84.340179350,240.177000000,100,1185,1215,53,4
8435,84.350177154,240.177000000,100,1185,1215,53,4
8436,84.360186540,240.177000000,100,1185,1215,53,4
8437,84.370180136,240.177000000,100,1185,1215,53,4
8438,84.380177780,240.177000000,100,1185,1215,53,4
8439,84.390178169,240.177000000,100,1185,1215,53,4
8440,84.400194558,240.177000000,100,1185,1215,53,4
8441,84.410180289,240.177000000,100,1185,1215,53,4
8442,84.420178905,240.177000000,100,1320,1215,53,4
8443,84.430180817,175.084000000,100,1320,1215,51,4
8444,84.440178250,175.084000000,100,1320,1215,51,4
8445,84.450177217,175.084000000,100,1320,1215,51,4
8446,84.460180671,175.084000000,100,1320,1215,51,4
8447,84.470181331,175.084000000,100,1320,1215,51,4
8448,84.480177522,175.084000000,100,1320,1215,51,4
8449,84.490175597,175.084000000,100,1320,1215,51,4
8450,84.500180995,175.084000000,100,1320,1215,51,4
8451,84.510200650,175.084000000,100,1320,1215,51,4
8452,84.520177986,175.084000000,100,1320,1215,51,4
8453,84.530176621,227.868000000,100,1215,1215,52,4
8454,84.540179415,227.868000000,100,1215,1215,52,4
8455,84.550195012,227.868000000,100,1215,1215,52,4
8456,84.560178059,227.868000000,100,1215,1215,52,4
8457,84.570177075,227.868000000,100,1215,1215,52,4
8458,84.580188415,227.868000000,100,1215,1215,52,4
8459,84.590177132,227.868000000,100,1215,1215,52,4
8460,84.600176990,227.868000000,100,1215,1215,52,4
8461,84.610179884,227.868000000,100,1215,1215,52,4
8462,84.620183398,227.868000000,100,1215,1215,52,4
8463,84.630178077,181.709000000,100,1275,1215,51,4
8464,84.640174618,181.709000000,100,1275,1215,51,4
8465,84.650185928,181.709000000,100,1275,1215,51,4
8466,84.660179594,181.709000000,100,1275,1215,51,4
8467,84.670179242,181.709000000,100,1275,1215,51,4
8468,84.680178258,181.709000000,100,1275,1215,51,4
8469,84.690190550,181.709000000,100,1275,1215,51,4
8470,84.700179988,181.709000000,100,1275,1215,51,4
8471,84.710179024,181.709000000,100,1275,1215,51,4
8472,84.720183351,181.709000000,100,1335,1215,51,4
8473,84.730177789,207.090000000,100,1335,1215,53,4
8474,84.740176705,207.090000000,100,1335,1215,53,4
8475,84.750179729,207.090000000,100,1335,1215,53,4
8476,84.760182672,207.090000000,100,1335,1215,53,4
8477,84.770178984,207.090000000,100,1335,1215,53,4
8478,84.780178521,207.090000000,100,1335,1215,53,4
8479,84.790183238,207.090000000,100,1335,1215,53,4
8480,84.800176223,207.090000000,100,1335,1215,53,4
8481,84.810174348,207.090000000,100,1335,1215,53,4
8482,84.820179456,207.090000000,100,1095,1215,53,4
8483,84.830179695,206.029000000,100,1095,1215,51,4
8484,84.840195513,206.029000000,100,1095,1215,51,4
8485,84.850180833,206.029000000,100,1095,1215,51,4
8486,84.860178948,206.029000000,100,1095,1215,51,4
8487,84.870199805,206.029000000,100,1095,1215,51,4
8488,84.880177121,206.029000000,100,1095,1215,51,4
8489,84.890180826,206.029000000,100,1095,1215,51,4
8490,84.900183069,206.029000000,100,1095,1215,51,4
8491,84.910175503,206.029000000,100,1095,1215,51,4
8492,84.920176343,206.029000000,100,1365,1215,51,4
8493,84.930183494,172.481000000,100,1365,1215,52,4
8494,84.940176269,172.481000000,100,1365,1215,52,4
8495,84.950175596,172.481000000,100,1365,1215,52,4
8496,84.960176546,172.481000000,100,1365,1215,52,4
8497,84.970197373,172.481000000,100,1365,1215,52,4
8498,84.980179137,172.481000000,100,1365,1215,52,4
8499,84.990179667,172.481000000,100,1365,1215,52,4
8500,85.000198881,172.481000000,100,1365,1215,52,4
8501,85.010177279,172.481000000,100,1365,1215,52,4
8502,85.020175243,172.481000000,100,1125,1215,52,4
8503,85.030180661,235.172000000,100,1125,1215,51,4
8504,85.040202962,235.172000000,100,1125,1215,51,4
8505,85.050180117,235.172000000,100,1125,1215,51,4
8506,85.060177851,235.172000000,100,1125,1215,51,4
8507,85.070194500,235.172000000,100,1125,1215,51,4
8508,85.080177737,235.172000000,100,1125,1215,51,4
8509,85.090174589,235.172000000,100,1125,1215,51,4
8510,85.100181751,235.172000000,100,1125,1215,51,4
8511,85.110177592,235.172000000,100,1125,1215,51,4
8512,85.120178301,235.172000000,100,1350,1215,51,4
8513,85.130178790,162.441000000,100,1350,1215,52,4
8514,85.140192925,162.441000000,100,1350,1215,52,4
8515,85.150177695,162.441000000,100,1350,1215,52,4
8516,85.160178314,162.441000000,100,1350,1215,52,4
8517,85.170176830,162.441000000,100,1350,1215,52,4
8518,85.180178521,162.441000000,100,1350,1215,52,4
8519,85.190177277,162.441000000,100,1350,1215,52,4
8520,85.200176704,162.441000000,100,1350,1215,52,4
8521,85.210177444,162.441000000,100,1350,1215,52,4
8522,85.220207949,162.441000000,100,1170,1215,52,4
8523,85.230181909,239.781000000,100,1170,1215,52,4
8524,85.240177689,239.781000000,100,1170,1215,52,4
8525,85.250183178,239.781000000,100,1170,1215,52,4
8526,85.260202652,239.781000000,100,1170,1215,52,4
8527,85.270178936,239.781000000,100,1170,1215,52,4
8528,85.280184164,239.781000000,100,1170,1215,52,4
8529,85.290179013,239.781000000,100,1170,1215,52,4
8530,85.300177178,239.781000000,100,1170,1215,52,4
8531,85.310178889,239.781000000,100,1170,1215,52,4
8532,85.320185640,239.781000000,100,1320,1215,52,4
8533,85.330178485,159.114000000,100,1320,1215,52,4
8534,85.340177872,159.114000000,100,1320,1215,52,4
8535,85.350198479,159.114000000,100,1320,1215,52,4
8536,85.360178149,159.114000000,100,1320,1215,52,4
8537,85.370177195,159.114000000,100,1320,1215,52,4
8538,85.380183555,159.114000000,100,1320,1215,52,4
8539,85.390177012,159.114000000,100,1320,1215,52,4
8540,85.400177761,159.114000000,100,1320,1215,52,4
8541,85.410184051,159.114000000,100,1320,1215,52,4
8542,85.420178199,159.114000000,100,1215,1215,52,4
8543,85.430177455,243.015000000,100,1215,1215,52,4
8544,85.440179057,243.015000000,100,1215,1215,52,4
8545,85.450182201,243.015000000,100,1215,1215,52,4
8546,85.460175767,243.015000000,100,1215,1215,52,4
8547,85.470175144,243.015000000,100,1215,1215,52,4
8548,85.480188227,243.015000000,100,1215,1215,52,4
8549,85.490177114,243.015000000,100,1215,1215,52,4
8550,85.500178886,243.015000000,100,1215,1215,52,4
8551,85.510178433,243.015000000,100,1215,1215,52,4
8552,85.520192338,243.015000000,100,1275,1215,52,4
8553,85.530177919,164.652000000,100,1275,1215,51,4
8554,85.540176935,164.652000000,100,1275,1215,51,4
8555,85.550202241,164.652000000,100,1275,1215,51,4
8556,85.560177042,164.652000000,100,1275,1215,51,4
8557,85.570175738,164.652000000,100,1275,1215,51,4
8558,85.580182539,164.652000000,100,1275,1215,51,4
8559,85.590188638,164.652000000,100,1275,1215,51,4
8560,85.600176424,164.652000000,100,1275,1215,51,4
8561,85.610342884,164.652000000,100,1275,1215,51,4
8562,85.620176270,164.652000000,100,1275,1215,51,4
8563,85.630176258,239.299000000,100,1275,1215,53,4
8564,85.640179222,239.299000000,100,1275,1215,53,4
8565,85.650183348,239.299000000,100,1275,1215,53,4
8566,85.660178287,239.299000000,100,1275,1215,53,4
8567,85.670177363,239.299000000,100,1275,1215,53,4
8568,85.680184385,239.299000000,100,1275,1215,53,4
8569,85.690181067,239.299000000,100,1275,1215,53,4
8570,85.700180594,239.299000000,100,1275,1215,53,4
8571,85.710217101,239.299000000,100,1275,1215,53,4
8572,85.720180540,239.299000000,100,1140,1215,53,4
8573,85.730178795,181.624000000,100,1140,1215,51,4
8574,85.740177010,181.624000000,100,1140,1215,51,4
8575,85.750177379,181.624000000,100,1140,1215,51,4
8576,85.760176957,181.624000000,100,1140,1215,51,4
8577,85.770177606,181.624000000,100,1140,1215,51,4
8578,85.780189056,181.624000000,100,1140,1215,51,4
8579,85.790176500,181.624000000,100,1140,1215,51,4
8580,85.800178352,181.624000000,100,1140,1215,51,4
8581,85.810200993,181.624000000,100,1140,1215,51,4
8582,85.820177126,181.624000000,100,1350,1215,51,4
8583,85.830176313,190.294000000,100,1350,1215,52,4
8584,85.840174849,190.294000000,100,1350,1215,52,4
8585,85.850196808,190.294000000,100,1350,1215,52,4
8586,85.860178171,190.294000000,100,1350,1215,52,4
8587,85.870229045,190.294000000,100,1350,1215,52,4
8588,85.880179120,190.294000000,100,1350,1215,52,4
8589,85.890179188,190.294000000,100,1350,1215,52,4
8590,85.900179096,190.294000000,100,1350,1215,52,4
8591,85.910182791,190.294000000,100,1350,1215,52,4
8592,85.920178091,190.294000000,100,1140,1215,52,4
8593,85.930178279,214.188000000,100,1140,1215,51,4
8594,85.940192344,214.188000000,100,1140,1215,51,4
8595,85.950178606,214.188000000,100,1140,1215,51,4
8596,85.960178304,214.188000000,100,1140,1215,51,4
8597,85.970179635,214.188000000,100,1140,1215,51,4
8598,85.980188369,214.188000000,100,1140,1215,51,4
8599,85.990176305,214.188000000,100,1140,1215,51,4
8600,86.000177245,214.188000000,100,1140,1215,51,4
8601,86.010199886,214.188000000,100,1140,1215,51,4
8602,86.020177742,214.188000000,100,1350,1215,51,4
8603,86.030175957,175.836000000,100,1350,1215,52,4
8604,86.040189150,175.836000000,100,1350,1215,52,4
8605,86.050178669,175.836000000,100,1350,1215,52,4
8606,86.060177215,175.836000000,100,1350,1215,52,4
8607,86.070179307,175.836000000,100,1350,1215,52,4
8608,86.080185807,175.836000000,100,1350,1215,52,4
8609,86.090179103,175.836000000,100,1350,1215,52,4
8610,86.100179091,175.836000000,100,1350,1215,52,4
8611,86.110177196,175.836000000,100,1350,1215,52,4
8612,86.120181372,175.836000000,100,1350,1215,52,4
8613,86.130177633,234.492000000,100,1125,1215,52,4
8614,86.140177281,234.492000000,100,1125,1215,52,4
8615,86.150215621,234.492000000,100,1125,1215,52,4
8616,86.160178399,234.492000000,100,1125,1215,52,4
8617,86.170179580,234.492000000,100,1125,1215,52,4
8618,86.180179057,234.492000000,100,1125,1215,52,4
8619,86.190186519,234.492000000,100,1125,1215,52,4
8620,86.200177571,234.492000000,100,1125,1215,52,4
8621,86.210177849,234.492000000,100,1125,1215,52,4
8622,86.220178880,234.492000000,100,1290,1215,52,4
8623,86.230178016,151.773000000,100,1290,1215,51,4
8624,86.240178024,151.773000000,100,1290,1215,51,4
8625,86.250178293,151.773000000,100,1290,1215,51,4
8626,86.260177660,151.773000000,100,1290,1215,51,4
8627,86.270177548,151.773000000,100,1290,1215,51,4
8628,86.280178288,151.773000000,100,1290,1215,51,4
8629,86.290179098,151.773000000,100,1290,1215,51,4
8630,86.300177383,151.773000000,100,1290,1215,51,4
8631,86.310246481,151.773000000,100,1290,1215,51,4
8632,86.320180655,151.773000000,100,1260,1215,51,4
8633,86.330177959,238.842000000,100,1260,1215,52,4
8634,86.340176985,238.842000000,100,1260,1215,52,4
8635,86.350178166,238.842000000,100,1260,1215,52,4
8636,86.360178344,238.842000000,100,1260,1215,52,4
8637,86.370177601,238.842000000,100,1260,1215,52,4
8638,86.380178000,238.842000000,100,1260,1215,52,4
8639,86.390177187,238.842000000,100,1260,1215,52,4
8640,86.400176944,238.842000000,100,1260,1215,52,4
8641,86.410186931,238.842000000,100,1260,1215,52,4
8642,86.420179586,238.842000000,100,1230,1215,52,4
8643,86.430180215,170.726000000,100,1230,1215,51,4
8644,86.440179452,170.726000000,100,1230,1215,51,4
8645,86.450210388,170.726000000,100,1230,1215,51,4
8646,86.460175451,170.726000000,100,1230,1215,51,4
8647,86.470178335,170.726000000,100,1230,1215,51,4
8648,86.480178624,170.726000000,100,1230,1215,51,4
8649,86.490187549,170.726000000,100,1230,1215,51,4
8650,86.500179913,170.726000000,100,1230,1215,51,4
8651,86.510178618,170.726000000,100,1230,1215,51,4
8652,86.520180330,170.726000000,100,1335,1215,51,4
8653,86.530180779,235.283000000,100,1335,1215,53,4
8654,86.540177932,235.283000000,100,1335,1215,53,4
8655,86.550179543,235.283000000,100,1335,1215,53,4
8656,86.560175664,235.283000000,100,1335,1215,53,4
8657,86.570177586,235.283000000,100,1335,1215,53,4
8658,86.580179858,235.283000000,100,1335,1215,53,4
8659,86.590177823,235.283000000,100,1335,1215,53,4
8660,86.600198670,235.283000000,100,1335,1215,53,4
8661,86.610176687,235.283000000,100,1335,1215,53,4
8662,86.620181054,235.283000000,100,1110,1215,53,4
8663,86.630180240,175.956000000,100,1110,1215,51,4
8664,86.640191079,175.956000000,100,1110,1215,51,4
8665,86.650178924,175.956000000,100,1110,1215,51,4
8666,86.660175957,175.956000000,100,1110,1215,51,4
8667,86.670194630,175.956000000,100,1110,1215,51,4
8668,86.680177266,175.956000000,100,1110,1215,51,4
8669,86.690176994,175.956000000,100,1110,1215,51,4
8670,86.700178685,175.956000000,100,1110,1215,51,4
8671,86.710178693,175.956000000,100,1110,1215,51,4
8672,86.720183651,175.956000000,100,1365,1215,51,4
8673,86.730176326,201.945000000,100,1365,1215,52,4
8674,86.740178939,201.945000000,100,1365,1215,52,4
8675,86.750180710,201.945000000,100,1365,1215,52,4
8676,86.760178885,201.945000000,100,1365,1215,52,4
8677,86.770179504,201.945000000,100,1365,1215,52,4
8678,86.780177248,201.945000000,100,1365,1215,52,4
8679,86.790182827,201.945000000,100,1365,1215,52,4
8680,86.800177385,201.945000000,100,1365,1215,52,4
8681,86.810176842,201.945000000,100,1365,1215,52,4
8682,86.820179125,201.945000000,100,1155,1215,52,4
8683,86.830178592,197.984000000,100,1155,1215,51,4
8684,86.840182608,197.984000000,100,1155,1215,51,4
8685,86.850179681,197.984000000,100,1155,1215,51,4
8686,86.860177164,197.984000000,100,1155,1215,51,4
8687,86.870177724,197.984000000,100,1155,1215,51,4
8688,86.880177832,197.984000000,100,1155,1215,51,4
8689,86.890177910,197.984000000,100,1155,1215,51,4
8690,86.900182477,197.984000000,100,1155,1215,51,4
8691,86.910179760,197.984000000,100,1155,1215,51,4
8692,86.920183185,197.984000000,100,1350,1215,51,4
8693,86.930180258,193.941000000,100,1350,1215,52,4
8694,86.940178172,193.941000000,100,1350,1215,52,4
8695,86.950178892,193.941000000,100,1350,1215,52,4
8696,86.960177157,193.941000000,100,1350,1215,52,4
8697,86.970177245,193.941000000,100,1350,1215,52,4
8698,86.980176712,193.941000000,100,1350,1215,52,4
8699,86.990182692,193.941000000,100,1350,1215,52,4
8700,87.000177180,193.941000000,100,1350,1215,52,4
8701,87.010178541,193.941000000,100,1350,1215,52,4
8702,87.020178409,193.941000000,100,1140,1215,52,4
8703,87.030183316,217.924000000,100,1140,1215,52,4
8704,87.040179137,217.924000000,100,1140,1215,52,4
8705,87.050179315,217.924000000,100,1140,1215,52,4
8706,87.060179153,217.924000000,100,1140,1215,52,4
8707,87.070182618,217.924000000,100,1140,1215,52,4
8708,87.080184920,217.924000000,100,1140,1215,52,4
8709,87.090180029,217.924000000,100,1140,1215,52,4
8710,87.100179286,217.924000000,100,1140,1215,52,4
8711,87.110178112,217.924000000,100,1140,1215,52,4
8712,87.120178561,217.924000000,100,1350,1215,52,4
8713,87.130178540,164.158000000,100,1350,1215,52,4
8714,87.140178919,164.158000000,100,1350,1215,52,4
8715,87.150177364,164.158000000,100,1350,1215,52,4
8716,87.160177573,164.158000000,100,1350,1215,52,4
8717,87.170179324,164.158000000,100,1350,1215,52,4
8718,87.180178591,164.158000000,100,1350,1215,52,4
8719,87.190178950,164.158000000,100,1350,1215,52,4
8720,87.200177986,164.158000000,100,1350,1215,52,4
8721,87.210179117,164.158000000,100,1350,1215,52,4
8722,87.220180999,164.158000000,100,1200,1215,52,4
8723,87.230180065,228.555000000,100,1200,1215,52,4
8724,87.240175855,228.555000000,100,1200,1215,52,4
8725,87.250178549,228.555000000,100,1200,1215,52,4
8726,87.260346853,228.555000000,100,1200,1215,52,4
8727,87.270185358,228.555000000,100,1200,1215,52,4
8728,87.280176359,228.555000000,100,1200,1215,52,4
8729,87.290177399,228.555000000,100,1200,1215,52,4
8730,87.300179482,228.555000000,100,1200,1215,52,4
8731,87.310177526,228.555000000,100,1200,1215,52,4
8732,87.320182333,228.555000000,100,1305,1215,52,4
8733,87.330181841,175.415000000,100,1305,1215,51,4
8734,87.340178964,175.415000000,100,1305,1215,51,4
8735,87.350177249,175.415000000,100,1305,1215,51,4
8736,87.360174772,175.415000000,100,1305,1215,51,4
8737,87.370178958,175.415000000,100,1305,1215,51,4
8738,87.380202260,175.415000000,100,1305,1215,51,4
8739,87.390183373,175.415000000,100,1305,1215,51,4
8740,87.400180466,175.415000000,100,1305,1215,51,4
8741,87.410175886,175.415000000,100,1305,1215,51,4
8742,87.420178709,175.415000000,100,1230,1215,51,4
8743,87.430175962,243.326000000,100,1230,1215,52,4
8744,87.440179387,243.326000000,100,1230,1215,52,4
8745,87.450180026,243.326000000,100,1230,1215,52,4
8746,87.460175677,243.326000000,100,1230,1215,52,4
8747,87.470179342,243.326000000,100,1230,1215,52,4
8748,87.480178368,243.326000000,100,1230,1215,52,4
8749,87.490200718,243.326000000,100,1230,1215,52,4
8750,87.500179547,243.326000000,100,1230,1215,52,4
8751,87.510180397,243.326000000,100,1230,1215,52,4
8752,87.520176898,243.326000000,100,1230,1215,52,4
8753,87.530175784,167.534000000,100,1230,1215,51,4
8754,87.540179259,167.534000000,100,1230,1215,51,4
8755,87.550178346,167.534000000,100,1230,1215,51,4
8756,87.560179757,167.534000000,100,1230,1215,51,4
8757,87.570210523,167.534000000,100,1230,1215,51,4
8758,87.580178300,167.534000000,100,1230,1215,51,4
8759,87.590179481,167.534000000,100,1230,1215,51,4
8760,87.600178627,167.534000000,100,1230,1215,51,4
8761,87.610179758,167.534000000,100,1230,1215,51,4
8762,87.620179015,167.534000000,100,1335,1215,51,4
8763,87.630178843,239.433000000,100,1335,1215,53,4
8764,87.640178450,239.433000000,100,1335,1215,53,4
8765,87.650195611,239.433000000,100,1335,1215,53,4
8766,87.660176904,239.433000000,100,1335,1215,53,4
8767,87.670175820,239.433000000,100,1335,1215,53,4
8768,87.680174947,239.433000000,100,1335,1215,53,4
8769,87.690177991,239.433000000,100,1335,1215,53,4
8770,87.700178259,239.433000000,100,1335,1215,53,4
8771,87.710178298,239.433000000,100,1335,1215,53,4
8772,87.720183025,239.433000000,100,1335,1215,53,4
8773,87.730181921,181.779000000,100,1170,1215,51,4
8774,87.740177220,181.779000000,100,1170,1215,51,4
8775,87.750177920,181.779000000,100,1170,1215,51,4
8776,87.760177608,181.779000000,100,1170,1215,51,4
8777,87.770178117,181.779000000,100,1170,1215,51,4
8778,87.780177674,181.779000000,100,1170,1215,51,4
8779,87.790178484,181.779000000,100,1170,1215,51,4
8780,87.800176909,181.779000000,100,1170,1215,51,4
8781,87.810176387,181.779000000,100,1170,1215,51,4
8782,87.820176766,181.779000000,100,1170,1215,51,4
8783,87.830178798,217.547000000,100,1365,1215,52,4
8784,87.840177764,217.547000000,100,1365,1215,52,4
8785,87.850176860,217.547000000,100,1365,1215,52,4
8786,87.860177390,217.547000000,100,1365,1215,52,4
8787,87.870177498,217.547000000,100,1365,1215,52,4
8788,87.880177116,217.547000000,100,1365,1215,52,4
8789,87.890178376,217.547000000,100,1365,1215,52,4
8790,87.900179246,217.547000000,100,1365,1215,52,4
8791,87.910178162,217.547000000,100,1365,1215,52,4
8792,87.920179032,217.547000000,100,1140,1215,52,4
8793,87.930179802,197.760000000,100,1140,1215,51,4
8794,87.940177356,197.760000000,100,1140,1215,51,4
8795,87.950178025,197.760000000,100,1140,1215,51,4
8796,87.960179907,197.760000000,100,1140,1215,51,4
8797,87.970175818,197.760000000,100,1140,1215,51,4
8798,87.980174974,197.760000000,100,1140,1215,51,4
8799,87.990178599,197.760000000,100,1140,1215,51,4
8800,88.000179379,197.760000000,100,1140,1215,51,4
8801,88.010180109,197.760000000,100,1140,1215,51,4
8802,88.020179906,197.760000000,100,1350,1215,51,4
8803,88.030180656,185.063000000,100,1350,1215,52,4
8804,88.040179071,185.063000000,100,1350,1215,52,4
8805,88.050178549,185.063000000,100,1350,1215,52,4
8806,88.060175511,185.063000000,100,1350,1215,52,4
8807,88.070177573,185.063000000,100,1350,1215,52,4
8808,88.080179776,185.063000000,100,1350,1215,52,4
8809,88.090181567,185.063000000,100,1350,1215,52,4
8810,88.100178510,185.063000000,100,1350,1215,52,4
8811,88.110180201,185.063000000,100,1350,1215,52,4
8812,88.120180179,185.063000000,100,1215,1215,52,4
8813,88.130185367,236.183000000,100,1215,1215,53,4
8814,88.140181298,236.183000000,100,1215,1215,53,4
8815,88.150178070,236.183000000,100,1215,1215,53,4
8816,88.160204979,236.183000000,100,1215,1215,53,4
8817,88.170177255,236.183000000,100,1215,1215,53,4
8818,88.180178856,236.183000000,100,1215,1215,53,4
8819,88.190176330,236.183000000,100,1215,1215,53,4
8820,88.200180897,236.183000000,100,1215,1215,53,4
8821,88.210174774,236.183000000,100,1215,1215,53,4
8822,88.220181144,236.183000000,100,1275,1215,53,4
8823,88.230178828,174.898000000,100,1275,1215,51,4
8824,88.240178656,174.898000000,100,1275,1215,51,4
8825,88.250178904,174.898000000,100,1275,1215,51,4
8826,88.260179343,174.898000000,100,1275,1215,51,4
8827,88.270179833,174.898000000,100,1275,1215,51,4
8828,88.280178669,174.898000000,100,1275,1215,51,4
8829,88.290179849,174.898000000,100,1275,1215,51,4
8830,88.300179637,174.898000000,100,1275,1215,51,4
8831,88.310179315,174.898000000,100,1275,1215,51,4
8832,88.320179994,174.898000000,100,1275,1215,51,4
8833,88.330178219,240.295000000,100,1275,1215,52,4
8834,88.340177806,240.295000000,100,1275,1215,52,4
8835,88.350182514,240.295000000,100,1275,1215,52,4
8836,88.360178915,240.295000000,100,1275,1215,52,4
8837,88.370175276,240.295000000,100,1275,1215,52,4
8838,88.380174513,240.295000000,100,1275,1215,52,4
8839,88.390192475,240.295000000,100,1275,1215,52,4
8840,88.400181433,240.295000000,100,1275,1215,52,4
8841,88.410178145,240.295000000,100,1275,1215,52,4
8842,88.420181920,240.295000000,100,1200,1215,52,4
8843,88.430178292,164.158000000,100,1200,1215,51,4
8844,88.440178300,164.158000000,100,1200,1215,51,4
8845,88.450177066,164.158000000,100,1200,1215,51,4
8846,88.460178938,164.158000000,100,1200,1215,51,4
8847,88.470178315,164.158000000,100,1200,1215,51,4
8848,88.480177021,164.158000000,100,1200,1215,51,4
8849,88.490177790,164.158000000,100,1200,1215,51,4
8850,88.500182547,164.158000000,100,1200,1215,51,4
8851,88.510177767,164.158000000,100,1200,1215,51,4
8852,88.520177625,164.158000000,100,1350,1215,51,4
8853,88.530178635,239.513000000,100,1350,1215,52,4
8854,88.540199482,239.513000000,100,1350,1215,52,4
8855,88.550181036,239.513000000,100,1350,1215,52,4
8856,88.560193217,239.513000000,100,1350,1215,52,4
8857,88.570180081,239.513000000,100,1350,1215,52,4
8858,88.580174979,239.513000000,100,1350,1215,52,4
8859,88.590174987,239.513000000,100,1350,1215,52,4
8860,88.600180867,239.513000000,100,1350,1215,52,4
8861,88.610177408,239.513000000,100,1350,1215,52,4
8862,88.620179190,239.513000000,100,1155,1215,52,4
8863,88.630180060,178.743000000,100,1155,1215,51,4
8864,88.640200537,178.743000000,100,1155,1215,51,4
8865,88.650182872,178.743000000,100,1155,1215,51,4
8866,88.660178321,178.743000000,100,1155,1215,51,4
8867,88.670196534,178.743000000,100,1155,1215,51,4
8868,88.680179320,178.743000000,100,1155,1215,51,4
8869,88.690177234,178.743000000,100,1155,1215,51,4
8870,88.700191770,178.743000000,100,1155,1215,51,4
8871,88.710180196,178.743000000,100,1155,1215,51,4
8872,88.720181317,178.743000000,100,1365,1215,51,4
8873,88.730179141,216.000000000,100,1365,1215,52,4
8874,88.740186783,216.000000000,100,1365,1215,52,4
8875,88.750180359,216.000000000,100,1365,1215,52,4
8876,88.760177492,216.000000000,100,1365,1215,52,4
8877,88.770190996,216.000000000,100,1365,1215,52,4
8878,88.780177870,216.000000000,100,1365,1215,52,4
8879,88.790179581,216.000000000,100,1365,1215,52,4
8880,88.800177956,216.000000000,100,1365,1215,52,4
8881,88.810181772,216.000000000,100,1365,1215,52,4
8882,88.820176780,216.000000000,100,1140,1215,52,4
8883,88.830179604,198.390000000,100,1140,1215,52,4
8884,88.840185874,198.390000000,100,1140,1215,52,4
8885,88.850178599,198.390000000,100,1140,1215,52,4
8886,88.860176142,198.390000000,100,1140,1215,52,4
8887,88.870178846,198.390000000,100,1140,1215,52,4
8888,88.880179365,198.390000000,100,1140,1215,52,4
8889,88.890177450,198.390000000,100,1140,1215,52,4
8890,88.900177358,198.390000000,100,1140,1215,52,4
8891,88.910210728,198.390000000,100,1140,1215,52,4
8892,88.920180580,198.390000000,100,1350,1215,52,4
8893,88.930177262,182.414000000,100,1350,1215,52,4
8894,88.940185125,182.414000000,100,1350,1215,52,4
8895,88.950179202,182.414000000,100,1350,1215,52,4
8896,88.960176275,182.414000000,100,1350,1215,52,4
8897,88.970212070,182.414000000,100,1350,1215,52,4
8898,88.980176873,182.414000000,100,1350,1215,52,4
8899,88.990177963,182.414000000,100,1350,1215,52,4
8900,89.000178292,182.414000000,100,1350,1215,52,4
8901,89.010178801,182.414000000,100,1350,1215,52,4
8902,89.020178699,182.414000000,100,1230,1215,52,4
8903,89.030177956,232.161000000,100,1230,1215,53,4
8904,89.040206428,232.161000000,100,1230,1215,53,4
8905,89.050180287,232.161000000,100,1230,1215,53,4
8906,89.060178492,232.161000000,100,1230,1215,53,4
8907,89.070221190,232.161000000,100,1230,1215,53,4
8908,89.080183147,232.161000000,100,1230,1215,53,4
8909,89.090180340,232.161000000,100,1230,1215,53,4
8910,89.100179567,232.161000000,100,1230,1215,53,4
8911,89.110177832,232.161000000,100,1230,1215,53,4
8912,89.120179022,232.161000000,100,1260,1215,53,4
8913,89.130178289,174.482000000,100,1260,1215,51,4
8914,89.140177255,174.482000000,100,1260,1215,51,4
8915,89.150177304,174.482000000,100,1260,1215,51,4
8916,89.160177502,174.482000000,100,1260,1215,51,4
8917,89.170177851,174.482000000,100,1260,1215,51,4
8918,89.180179272,174.482000000,100,1260,1215,51,4
8919,89.190178108,174.482000000,100,1260,1215,51,4
8920,89.200177596,174.482000000,100,1260,1215,51,4
8921,89.210177123,174.482000000,100,1260,1215,51,4
8922,89.220178273,174.482000000,100,1275,1215,51,4
8923,89.230179584,231.787000000,100,1275,1215,52,4
8924,89.240178621,231.787000000,100,1275,1215,52,4
8925,89.250178699,231.787000000,100,1275,1215,52,4
8926,89.260182274,231.787000000,100,1275,1215,52,4
8927,89.270178655,231.787000000,100,1275,1215,52,4
8928,89.280182771,231.787000000,100,1275,1215,52,4
8929,89.290177650,231.787000000,100,1275,1215,52,4
8930,89.300178229,231.787000000,100,1275,1215,52,4
8931,89.310178869,231.787000000,100,1275,1215,52,4
8932,89.320178697,231.787000000,100,1275,1215,52,4
8933,89.330182402,176.833000000,100,1215,1215,52,4
8934,89.340177421,176.833000000,100,1215,1215,52,4
8935,89.350182969,176.833000000,100,1215,1215,52,4
8936,89.360176666,176.833000000,100,1215,1215,52,4
8937,89.370178087,176.833000000,100,1215,1215,52,4
8938,89.380177604,176.833000000,100,1215,1215,52,4
8939,89.390178224,176.833000000,100,1215,1215,52,4
8940,89.400182249,176.833000000,100,1215,1215,52,4
8941,89.410178110,176.833000000,100,1215,1215,52,4
8942,89.420178569,176.833000000,100,1350,1215,52,4
8943,89.430178697,231.195000000,100,1350,1215,52,4
8944,89.440181992,231.195000000,100,1350,1215,52,4
8945,89.450178003,231.195000000,100,1350,1215,52,4
8946,89.460177991,231.195000000,100,1350,1215,52,4
8947,89.470182157,231.195000000,100,1350,1215,52,4
8948,89.480178027,231.195000000,100,1350,1215,52,4
8949,89.490178627,231.195000000,100,1350,1215,52,4
8950,89.500178264,231.195000000,100,1350,1215,52,4
8951,89.510178463,231.195000000,100,1350,1215,52,4
8952,89.520180084,231.195000000,100,1155,1215,52,4
8953,89.530183078,188.887000000,100,1155,1215,52,4
8954,89.540177566,188.887000000,100,1155,1215,52,4
8955,89.550177374,188.887000000,100,1155,1215,52,4
8956,89.560177502,188.887000000,100,1155,1215,52,4
8957,89.570177240,188.887000000,100,1155,1215,52,4
8958,89.580178180,188.887000000,100,1155,1215,52,4
8959,89.590178800,188.887000000,100,1155,1215,52,4
8960,89.600179209,188.887000000,100,1155,1215,52,4
8961,89.610177494,188.887000000,100,1155,1215,52,4
8962,89.620178945,188.887000000,100,1335,1215,52,4
8963,89.630178161,203.972000000,100,1335,1215,52,4
8964,89.640177158,203.972000000,100,1335,1215,52,4
8965,89.650177627,203.972000000,100,1335,1215,52,4
8966,89.660176633,203.972000000,100,1335,1215,52,4
8967,89.670177403,203.972000000,100,1335,1215,52,4
8968,89.680176580,203.972000000,100,1335,1215,52,4
8969,89.690177039,203.972000000,100,1335,1215,52,4
8970,89.700177067,203.972000000,100,1335,1215,52,4
8971,89.710176795,203.972000000,100,1335,1215,52,4
8972,89.720177805,203.972000000,100,1215,1215,52,4
8973,89.730178014,208.180000000,100,1215,1215,52,4
8974,89.740178803,208.180000000,100,1215,1215,52,4
8975,89.750177830,208.180000000,100,1215,1215,52,4
8976,89.760178489,208.180000000,100,1215,1215,52,4
8977,89.770181884,208.180000000,100,1215,1215,52,4
8978,89.780178776,208.180000000,100,1215,1215,52,4
8979,89.790177021,208.180000000,100,1215,1215,52,4
8980,89.800177871,208.180000000,100,1215,1215,52,4
8981,89.810177248,208.180000000,100,1215,1215,52,4
8982,89.820178188,208.180000000,100,1275,1215,52,4
8983,89.830178367,189.204000000,100,1275,1215,52,4
8984,89.840177493,189.204000000,100,1275,1215,52,4
8985,89.850177351,189.204000000,100,1275,1215,52,4
8986,89.860178131,189.204000000,100,1275,1215,52,4
8987,89.870177017,189.204000000,100,1275,1215,52,4
8988,89.880177607,189.204000000,100,1275,1215,52,4
8989,89.890177966,189.204000000,100,1275,1215,52,4
8990,89.900178575,189.204000000,100,1275,1215,52,4
8991,89.910184023,189.204000000,100,1275,1215,52,4
8992,89.920179373,189.204000000,100,1290,1215,52,4
8993,89.930179151,235.877000000,100,1290,1215,53,4
8994,89.940178047,235.877000000,100,1290,1215,53,4
8995,89.950178927,235.877000000,100,1290,1215,53,4
8996,89.960179116,235.877000000,100,1290,1215,53,4
8997,89.970178082,235.877000000,100,1290,1215,53,4
8998,89.980182759,235.877000000,100,1290,1215,53,4
8999,89.990177467,235.877000000,100,1290,1215,53,4
9000,90.000178648,235.877000000,100,1290,1215,53,4
9001,90.010177524,235.877000000,100,1290,1215,53,4
9002,90.020178434,235.877000000,100,1215,1215,53,4
9003,90.030178773,175.420000000,100,1215,1215,52,4
9004,90.040178110,175.420000000,100,1215,1215,52,4
9005,90.050178579,175.420000000,100,1215,1215,52,4
9006,90.060177876,175.420000000,100,1215,1215,52,4
9007,90.070179056,175.420000000,100,1215,1215,52,4
9008,90.080178113,175.420000000,100,1215,1215,52,4
9009,90.090177840,175.420000000,100,1215,1215,52,4
9010,90.100177398,175.420000000,100,1215,1215,52,4
9011,90.110178328,175.420000000,100,1215,1215,52,4
9012,90.120179568,175.420000000,100,1305,1215,52,4
9013,90.130178805,233.479000000,100,1305,1215,52,4
9014,90.140176970,233.479000000,100,1305,1215,52,4
9015,90.150177750,233.479000000,100,1305,1215,52,4
9016,90.160177197,233.479000000,100,1305,1215,52,4
9017,90.170177917,233.479000000,100,1305,1215,52,4
9018,90.180177073,233.479000000,100,1305,1215,52,4
9019,90.190178995,233.479000000,100,1305,1215,52,4
9020,90.200178112,233.479000000,100,1305,1215,52,4
9021,90.210177970,233.479000000,100,1305,1215,52,4
9022,90.220178208,233.479000000,100,1185,1215,52,4
9023,90.230179188,174.194000000,100,1185,1215,52,4
9024,90.240182553,174.194000000,100,1185,1215,52,4
9025,90.250179536,174.194000000,100,1185,1215,52,4
9026,90.260177250,174.194000000,100,1185,1215,52,4
9027,90.270178250,174.194000000,100,1185,1215,52,4
9028,90.280181745,174.194000000,100,1185,1215,52,4
9029,90.290178587,174.194000000,100,1185,1215,52,4
9030,90.300177353,174.194000000,100,1185,1215,52,4
9031,90.310186618,174.194000000,100,1185,1215,52,4
9032,90.320177900,174.194000000,100,1185,1215,52,4
9033,90.330179702,231.790000000,100,1350,1215,52,4
9034,90.340177105,231.790000000,100,1350,1215,52,4
9035,90.350179258,231.790000000,100,1350,1215,52,4
9036,90.360177422,231.790000000,100,1350,1215,52,4
9037,90.370177781,231.790000000,100,1350,1215,52,4
9038,90.380177169,231.790000000,100,1350,1215,52,4
9039,90.390177778,231.790000000,100,1350,1215,52,4
9040,90.400178097,231.790000000,100,1350,1215,52,4
9041,90.410178135,231.790000000,100,1350,1215,52,4
9042,90.420177923,231.790000000,100,1350,1215,52,4
9043,90.430178973,184.322000000,100,1155,1215,52,4
9044,90.440178991,184.322000000,100,1155,1215,52,4
9045,90.450183117,184.322000000,100,1155,1215,52,4
9046,90.460177826,184.322000000,100,1155,1215,52,4
9047,90.470178836,184.322000000,100,1155,1215,52,4
9048,90.480178183,184.322000000,100,1155,1215,52,4
9049,90.490182269,184.322000000,100,1155,1215,52,4
9050,90.500178821,184.322000000,100,1155,1215,52,4
9051,90.510183037,184.322000000,100,1155,1215,52,4
9052,90.520177505,184.322000000,100,1155,1215,52,4
9053,90.530179346,214.774000000,100,1335,1215,52,4
9054,90.540182510,214.774000000,100,1335,1215,52,4
9055,90.550177399,214.774000000,100,1335,1215,52,4
9056,90.560178019,214.774000000,100,1335,1215,52,4
9057,90.570177606,214.774000000,100,1335,1215,52,4
9058,90.580179227,214.774000000,100,1335,1215,52,4
9059,90.590177983,214.774000000,100,1335,1215,52,4
9060,90.600179414,214.774000000,100,1335,1215,52,4
9061,90.610176116,214.774000000,100,1335,1215,52,4
9062,90.620177076,214.774000000,100,1335,1215,52,4
9063,90.630178587,201.027000000,100,1200,1215,52,4
9064,90.640178756,201.027000000,100,1200,1215,52,4
9065,90.650178203,201.027000000,100,1200,1215,52,4
9066,90.660177290,201.027000000,100,1200,1215,52,4
9067,90.670178150,201.027000000,100,1200,1215,52,4
9068,90.680178368,201.027000000,100,1200,1215,52,4
9069,90.690177014,201.027000000,100,1200,1215,52,4
9070,90.700182422,201.027000000,100,1200,1215,52,4
9071,90.710179184,201.027000000,100,1200,1215,52,4
9072,90.720177199,201.027000000,100,1200,1215,52,4
9073,90.730178029,191.847000000,100,1290,1215,52,4
9074,90.740177757,191.847000000,100,1290,1215,52,4
9075,90.750211077,191.847000000,100,1290,1215,52,4
9076,90.760179396,191.847000000,100,1290,1215,52,4
9077,90.770178753,191.847000000,100,1290,1215,52,4
9078,90.780176828,191.847000000,100,1290,1215,52,4
9079,90.790177487,191.847000000,100,1290,1215,52,4
9080,90.800177466,191.847000000,100,1290,1215,52,4
9081,90.810178416,191.847000000,100,1290,1215,52,4
9082,90.820181750,191.847000000,100,1290,1215,52,4
9083,90.830178332,191.847000000,100,1275,1215,52,4
9084,90.840179352,233.235000000,100,1275,1215,53,4
9085,90.850177817,233.235000000,100,1275,1215,53,4
9086,90.860333197,233.235000000,100,1275,1215,53,4
9087,90.870178185,233.235000000,100,1275,1215,53,4
9088,90.880179295,233.235000000,100,1275,1215,53,4
9089,90.890177610,233.235000000,100,1275,1215,53,4
9090,90.900178069,233.235000000,100,1275,1215,53,4
9091,90.910182396,233.235000000,100,1275,1215,53,4
9092,90.920178987,233.235000000,100,1185,1215,53,4
9093,90.930178314,233.235000000,100,1185,1215,51,4
9094,90.940178774,233.235000000,100,1185,1215,51,4
9095,90.950178431,233.235000000,100,1185,1215,51,4
9096,90.960293074,233.235000000,100,1185,1215,51,4
9097,90.970178758,233.235000000,100,1185,1215,51,4
9098,90.980177935,233.235000000,100,1185,1215,51,4
9099,90.990178554,233.235000000,100,1185,1215,51,4
9100,91.000178583,233.235000000,100,1185,1215,51,4
9101,91.010177088,233.235000000,100,1185,1215,51,4
9102,91.020178589,233.235000000,100,1350,1215,51,4
9103,91.030177205,174.868000000,100,1350,1215,51,4
9104,91.040177784,174.868000000,100,1350,1215,53,4
9105,91.050178424,174.868000000,100,1350,1215,53,4
9106,91.060181528,174.868000000,100,1350,1215,53,4
9107,91.070179262,174.868000000,100,1350,1215,53,4
9108,91.080177697,174.868000000,100,1350,1215,53,4
9109,91.090179188,174.868000000,100,1350,1215,53,4
9110,91.100178485,174.868000000,100,1350,1215,53,4
9111,91.110179105,174.868000000,100,1350,1215,53,4
9112,91.120179744,174.868000000,100,1125,1215,53,4
9113,91.130178149,241.390000000,100,1125,1215,52,4
9114,91.140182776,241.390000000,100,1125,1215,52,4
9115,91.150181572,241.390000000,100,1125,1215,52,4
9116,91.160180338,241.390000000,100,1125,1215,52,4
9117,91.170176760,241.390000000,100,1125,1215,52,4
9118,91.180180304,241.390000000,100,1125,1215,52,4
9119,91.190181415,241.390000000,100,1125,1215,52,4
9120,91.200179790,241.390000000,100,1125,1215,52,4
9121,91.210176462,241.390000000,100,1125,1215,52,4
9122,91.220178063,241.390000000,100,1350,1215,52,4
9123,91.230181548,159.365000000,100,1350,1215,52,4
9124,91.240177298,159.365000000,100,1350,1215,52,4
9125,91.250178679,159.365000000,100,1350,1215,52,4
9126,91.260177786,159.365000000,100,1350,1215,52,4
9127,91.270177063,159.365000000,100,1350,1215,52,4
9128,91.280181960,159.365000000,100,1350,1215,52,4
9129,91.290178131,159.365000000,100,1350,1215,52,4
9130,91.300178160,159.365000000,100,1350,1215,52,4
9131,91.310177386,159.365000000,100,1350,1215,52,4
9132,91.320178707,159.365000000,100,1170,1215,52,4
9133,91.330178705,243.537000000,100,1170,1215,52,4
9134,91.340176990,243.537000000,100,1170,1215,52,4
9135,91.350177930,243.537000000,100,1170,1215,52,4
9136,91.360177307,243.537000000,100,1170,1215,52,4
9137,91.370177596,243.537000000,100,1170,1215,52,4
9138,91.380178055,243.537000000,100,1170,1215,52,4
9139,91.390177653,243.537000000,100,1170,1215,52,4
9140,91.400177571,243.537000000,100,1170,1215,52,4
9141,91.410176497,243.537000000,100,1170,1215,52,4
9142,91.420177768,243.537000000,100,1335,1215,52,4
9143,91.430177465,175.994000000,100,1335,1215,52,4
9144,91.440177875,175.994000000,100,1335,1215,52,4
9145,91.450177863,175.994000000,100,1335,1215,52,4
9146,91.460177390,175.994000000,100,1335,1215,52,4
9147,91.470181977,175.994000000,100,1335,1215,52,4
9148,91.480178288,175.994000000,100,1335,1215,52,4
9149,91.490177876,175.994000000,100,1335,1215,52,4
9150,91.500178916,175.994000000,100,1335,1215,52,4
9151,91.510178033,175.994000000,100,1335,1215,52,4
9152,91.520179313,175.994000000,100,1215,1215,52,4
9153,91.530178340,230.499000000,100,1215,1215,53,4
9154,91.540178538,230.499000000,100,1215,1215,53,4
9155,91.550178016,230.499000000,100,1215,1215,53,4
9156,91.560178244,230.499000000,100,1215,1215,53,4
9157,91.570181809,230.499000000,100,1215,1215,53,4
9158,91.580199771,230.499000000,100,1215,1215,53,4
9159,91.590179782,230.499000000,100,1215,1215,53,4
9160,91.600176284,230.499000000,100,1215,1215,53,4
9161,91.610210496,230.499000000,100,1215,1215,53,4
9162,91.620177021,230.499000000,100,1275,1215,53,4
9163,91.630179825,186.838000000,100,1275,1215,52,4
9164,91.640178110,186.838000000,100,1275,1215,52,4
9165,91.650178579,186.838000000,100,1275,1215,52,4
9166,91.660177946,186.838000000,100,1275,1215,52,4
9167,91.670177213,186.838000000,100,1275,1215,52,4
9168,91.680177141,186.838000000,100,1275,1215,52,4
9169,91.690177861,186.838000000,100,1275,1215,52,4
9170,91.700177649,186.838000000,100,1275,1215,52,4
9171,91.710178148,186.838000000,100,1275,1215,52,4
9172,91.720178006,186.838000000,100,1290,1215,52,4
9173,91.730178936,207.267000000,100,1290,1215,53,4
9174,91.740177772,207.267000000,100,1290,1215,53,4
9175,91.750178041,207.267000000,100,1290,1215,53,4
9176,91.760177298,207.267000000,100,1290,1215,53,4
9177,91.770178438,207.267000000,100,1290,1215,53,4
9178,91.780181292,207.267000000,100,1290,1215,53,4
9179,91.790178184,207.267000000,100,1290,1215,53,4
9180,91.800178012,207.267000000,100,1290,1215,53,4
9181,91.810178311,207.267000000,100,1290,1215,53,4
9182,91.820178459,207.267000000,100,1200,1215,53,4
9183,91.830179930,221.662000000,100,1200,1215,51,4
9184,91.840176953,221.662000000,100,1200,1215,51,4
9185,91.850179837,221.662000000,100,1200,1215,51,4
9186,91.860179614,221.662000000,100,1200,1215,51,4
9187,91.870182909,221.662000000,100,1200,1215,51,4
9188,91.880177637,221.662000000,100,1200,1215,51,4
9189,91.890176644,221.662000000,100,1200,1215,51,4
9190,91.900176261,221.662000000,100,1200,1215,51,4
9191,91.910176620,221.662000000,100,1200,1215,51,4
9192,91.920179343,221.662000000,100,1335,1215,51,4
9193,91.930178029,176.045000000,100,1335,1215,53,4
9194,91.940177336,176.045000000,100,1335,1215,53,4
9195,91.950176833,176.045000000,100,1335,1215,53,4
9196,91.960177523,176.045000000,100,1335,1215,53,4
9197,91.970177932,176.045000000,100,1335,1215,53,4
9198,91.980177249,176.045000000,100,1335,1215,53,4
9199,91.990179902,176.045000000,100,1335,1215,53,4
9200,92.000179059,176.045000000,100,1335,1215,53,4
9201,92.010178306,176.045000000,100,1335,1215,53,4
9202,92.020178404,176.045000000,100,1335,1215,53,4
9203,92.030179254,241.059000000,100,1140,1215,52,4
9204,92.040183060,241.059000000,100,1140,1215,52,4
9205,92.050180543,241.059000000,100,1140,1215,52,4
9206,92.060176925,241.059000000,100,1140,1215,52,4
9207,92.070178175,241.059000000,100,1140,1215,52,4
9208,92.080180478,241.059000000,100,1140,1215,52,4
9209,92.090178673,241.059000000,100,1140,1215,52,4
9210,92.100178821,241.059000000,100,1140,1215,52,4
9211,92.110177888,241.059000000,100,1140,1215,52,4
9212,92.120179639,241.059000000,100,1365,1215,52,4
9213,92.130178736,162.171000000,100,1365,1215,52,4
9214,92.140187240,162.171000000,100,1365,1215,52,4
9215,92.150182509,162.171000000,100,1365,1215,52,4
9216,92.160178710,162.171000000,100,1365,1215,52,4
9217,92.170177246,162.171000000,100,1365,1215,52,4
9218,92.180176613,162.171000000,100,1365,1215,52,4
9219,92.190178094,162.171000000,100,1365,1215,52,4
9220,92.200178663,162.171000000,100,1365,1215,52,4
9221,92.210177239,162.171000000,100,1365,1215,52,4
9222,92.220178970,162.171000000,100,1365,1215,52,4
9223,92.230193937,253.313000000,100,1110,1215,52,4
9224,92.240175711,253.313000000,100,1110,1215,52,4
9225,92.250178444,253.313000000,100,1110,1215,52,4
9226,92.260178503,253.313000000,100,1110,1215,52,4
9227,92.270178761,253.313000000,100,1110,1215,52,4
9228,92.280178950,253.313000000,100,1110,1215,52,4
9229,92.290178387,253.313000000,100,1110,1215,52,4
9230,92.300178265,253.313000000,100,1110,1215,52,4
9231,92.310182762,253.313000000,100,1110,1215,52,4
9232,92.320178733,253.313000000,100,1335,1215,52,4
9233,92.330179051,157.799000000,100,1335,1215,52,4
9234,92.340178328,157.799000000,100,1335,1215,52,4
9235,92.350177755,157.799000000,100,1335,1215,52,4
9236,92.360178375,157.799000000,100,1335,1215,52,4
9237,92.370177461,157.799000000,100,1335,1215,52,4
9238,92.380178261,157.799000000,100,1335,1215,52,4
9239,92.390177218,157.799000000,100,1335,1215,52,4
9240,92.400176855,157.799000000,100,1335,1215,52,4
9241,92.410178046,157.799000000,100,1335,1215,52,4
9242,92.420178535,157.799000000,100,1215,1215,52,4
9243,92.430177952,243.996000000,100,1215,1215,52,4
9244,92.440179182,243.996000000,100,1215,1215,52,4
9245,92.450178970,243.996000000,100,1215,1215,52,4
9246,92.460178167,243.996000000,100,1215,1215,52,4
9247,92.470178716,243.996000000,100,1215,1215,52,4
9248,92.480182361,243.996000000,100,1215,1215,52,4
9249,92.490178863,243.996000000,100,1215,1215,52,4
9250,92.500178741,243.996000000,100,1215,1215,52,4
9251,92.510178188,243.996000000,100,1215,1215,52,4
9252,92.520183266,243.996000000,100,1275,1215,52,4
9253,92.530179157,172.047000000,100,1275,1215,52,4
9254,92.540179075,172.047000000,100,1275,1215,52,4
9255,92.550178752,172.047000000,100,1275,1215,52,4
9256,92.560178220,172.047000000,100,1275,1215,52,4
9257,92.570184259,172.047000000,100,1275,1215,52,4
9258,92.580176874,172.047000000,100,1275,1215,52,4
9259,92.590177683,172.047000000,100,1275,1215,52,4
9260,92.600178293,172.047000000,100,1275,1215,52,4
9261,92.610178672,172.047000000,100,1275,1215,52,4
9262,92.620183078,172.047000000,100,1305,1215,52,4
9263,92.630179009,231.311000000,100,1305,1215,53,4
9264,92.640177635,231.311000000,100,1305,1215,53,4
9265,92.650179426,231.311000000,100,1305,1215,53,4
9266,92.660178262,231.311000000,100,1305,1215,53,4
9267,92.670178411,231.311000000,100,1305,1215,53,4
9268,92.680178068,231.311000000,100,1305,1215,53,4
9269,92.690180050,231.311000000,100,1305,1215,53,4
9270,92.700178235,231.311000000,100,1305,1215,53,4
9271,92.710178053,231.311000000,100,1305,1215,53,4
9272,92.720178853,231.311000000,100,1215,1215,53,4
9273,92.730179432,199.355000000,100,1215,1215,52,4
9274,92.740177988,199.355000000,100,1215,1215,52,4
9275,92.750178737,199.355000000,100,1215,1215,52,4
9276,92.760178465,199.355000000,100,1215,1215,52,4
9277,92.770177171,199.355000000,100,1215,1215,52,4
9278,92.780177941,199.355000000,100,1215,1215,52,4
9279,92.790178410,199.355000000,100,1215,1215,52,4
9280,92.800177987,199.355000000,100,1215,1215,52,4
9281,92.810177064,199.355000000,100,1215,1215,52,4
9282,92.820178385,199.355000000,100,1305,1215,52,4
9283,92.830182711,203.907000000,100,1305,1215,53,4
9284,92.840177439,203.907000000,100,1305,1215,53,4
9285,92.850182697,203.907000000,100,1305,1215,53,4
9286,92.860176885,203.907000000,100,1305,1215,53,4
9287,92.870177073,203.907000000,100,1305,1215,53,4
9288,92.880177983,203.907000000,100,1305,1215,53,4
9289,92.890178112,203.907000000,100,1305,1215,53,4
9290,92.900177128,203.907000000,100,1305,1215,53,4
9291,92.910177708,203.907000000,100,1305,1215,53,4
9292,92.920178497,203.907000000,100,1200,1215,53,4
9293,92.930178866,203.971000000,100,1200,1215,52,4
9294,92.940177742,203.971000000,100,1200,1215,52,4
9295,92.950182209,203.971000000,100,1200,1215,52,4
9296,92.960178681,203.971000000,100,1200,1215,52,4
9297,92.970177076,203.971000000,100,1200,1215,52,4
9298,92.980178266,203.971000000,100,1200,1215,52,4
9299,92.990178565,203.971000000,100,1200,1215,52,4
9300,93.000177962,203.971000000,100,1200,1215,52,4
9301,93.010182579,203.971000000,100,1200,1215,52,4
9302,93.020179151,203.971000000,100,1350,1215,52,4
9303,93.030179200,190.776000000,100,1350,1215,52,4
9304,93.040177985,190.776000000,100,1350,1215,52,4
9305,93.050178545,190.776000000,100,1350,1215,52,4
9306,93.060182160,190.776000000,100,1350,1215,52,4
9307,93.070178421,190.776000000,100,1350,1215,52,4
9308,93.080178499,190.776000000,100,1350,1215,52,4
9309,93.090178388,190.776000000,100,1350,1215,52,4
9310,93.100182694,190.776000000,100,1350,1215,52,4
9311,93.110178955,190.776000000,100,1350,1215,52,4
9312,93.120179264,190.776000000,100,1125,1215,52,4
9313,93.130178611,240.131000000,100,1125,1215,52,4
9314,93.140177056,240.131000000,100,1125,1215,52,4
9315,93.150178217,240.131000000,100,1125,1215,52,4
9316,93.160176923,240.131000000,100,1125,1215,52,4
9317,93.170178233,240.131000000,100,1125,1215,52,4
9318,93.180177360,240.131000000,100,1125,1215,52,4
9319,93.190181075,240.131000000,100,1125,1215,52,4
9320,93.200183177,240.131000000,100,1125,1215,52,4
9321,93.210178657,240.131000000,100,1125,1215,52,4
9322,93.220178074,240.131000000,100,1350,1215,52,4
9323,93.230177521,152.705000000,100,1350,1215,52,4
9324,93.240176247,152.705000000,100,1350,1215,52,4
9325,93.250187156,152.705000000,100,1350,1215,52,4
9326,93.260178308,152.705000000,100,1350,1215,52,4
9327,93.270177314,152.705000000,100,1350,1215,52,4
9328,93.280177042,152.705000000,100,1350,1215,52,4
9329,93.290177471,152.705000000,100,1350,1215,52,4
9330,93.300177499,152.705000000,100,1350,1215,52,4
9331,93.310192375,152.705000000,100,1350,1215,52,4
9332,93.320176594,152.705000000,100,1170,1215,52,4
9333,93.330177173,248.515000000,100,1170,1215,52,4
9334,93.340178214,248.515000000,100,1170,1215,52,4
9335,93.350177641,248.515000000,100,1170,1215,52,4
9336,93.360177960,248.515000000,100,1170,1215,52,4
9337,93.370177988,248.515000000,100,1170,1215,52,4
9338,93.380177746,248.515000000,100,1170,1215,52,4
9339,93.390178896,248.515000000,100,1170,1215,52,4
9340,93.400178383,248.515000000,100,1170,1215,52,4
9341,93.410182409,248.515000000,100,1170,1215,52,4
9342,93.420178610,248.515000000,100,1335,1215,52,4
9343,93.430178969,167.988000000,100,1335,1215,52,4
9344,93.440177495,167.988000000,100,1335,1215,52,4
9345,93.450182523,167.988000000,100,1335,1215,52,4
9346,93.460177692,167.988000000,100,1335,1215,52,4
9347,93.470177219,167.988000000,100,1335,1215,52,4
9348,93.480177638,167.988000000,100,1335,1215,52,4
9349,93.490178588,167.988000000,100,1335,1215,52,4
9350,93.500177975,167.988000000,100,1335,1215,52,4
9351,93.510177232,167.988000000,100,1335,1215,52,4
9352,93.520178443,167.988000000,100,1230,1215,52,4
9353,93.530183360,241.071000000,100,1230,1215,53,4
9354,93.540177838,241.071000000,100,1230,1215,53,4
9355,93.550177997,241.071000000,100,1230,1215,53,4
9356,93.560178285,241.071000000,100,1230,1215,53,4
9357,93.570182251,241.071000000,100,1230,1215,53,4
9358,93.580177691,241.071000000,100,1230,1215,53,4
9359,93.590178140,241.071000000,100,1230,1215,53,4
9360,93.600177848,241.071000000,100,1230,1215,53,4
9361,93.610177896,241.071000000,100,1230,1215,53,4
9362,93.620177634,241.071000000,100,1230,1215,53,4
9363,93.630178003,173.518000000,100,1245,1215,51,4
9364,93.640177500,173.518000000,100,1245,1215,51,4
9365,93.650178771,173.518000000,100,1245,1215,51,4
9366,93.660178308,173.518000000,100,1245,1215,51,4
9367,93.670181953,173.518000000,100,1245,1215,51,4
9368,93.680177854,173.518000000,100,1245,1215,51,4
9369,93.690178934,173.518000000,100,1245,1215,51,4
9370,93.700177760,173.518000000,100,1245,1215,51,4
9371,93.710178069,173.518000000,100,1245,1215,51,4
9372,93.720177316,173.518000000,100,1245,1215,51,4
9373,93.730181362,225.805000000,100,1290,1215,53,4
9374,93.740175409,225.805000000,100,1290,1215,53,4
9375,93.750178723,225.805000000,100,1290,1215,53,4
9376,93.760182078,225.805000000,100,1290,1215,53,4
9377,93.770175714,225.805000000,100,1290,1215,53,4
9378,93.780176033,225.805000000,100,1290,1215,53,4
9379,93.790179267,225.805000000,100,1290,1215,53,4
9380,93.800179386,225.805000000,100,1290,1215,53,4
9381,93.810175707,225.805000000,100,1290,1215,53,4
9382,93.820175565,225.805000000,100,1290,1215,53,4
9383,93.830178298,198.284000000,100,1200,1215,52,4
9384,93.840178026,198.284000000,100,1200,1215,52,4
9385,93.850178415,198.284000000,100,1200,1215,52,4
9386,93.860177892,198.284000000,100,1200,1215,52,4
9387,93.870178021,198.284000000,100,1200,1215,52,4
9388,93.880178550,198.284000000,100,1200,1215,52,4
9389,93.890176975,198.284000000,100,1200,1215,52,4
9390,93.900178316,198.284000000,100,1200,1215,52,4
9391,93.910177513,198.284000000,100,1200,1215,52,4
9392,93.920176770,198.284000000,100,1350,1215,52,4
9393,93.930179082,195.144000000,100,1350,1215,52,4
9394,93.940178389,195.144000000,100,1350,1215,52,4
9395,93.950177676,195.144000000,100,1350,1215,52,4
9396,93.960176963,195.144000000,100,1350,1215,52,4
9397,93.970177893,195.144000000,100,1350,1215,52,4
9398,93.980177350,195.144000000,100,1350,1215,52,4
9399,93.990187438,195.144000000,100,1350,1215,52,4
9400,94.000177938,195.144000000,100,1350,1215,52,4
9401,94.010178217,195.144000000,100,1350,1215,52,4
9402,94.020178085,195.144000000,100,1155,1215,52,4
9403,94.030182912,231.672000000,100,1155,1215,52,4
9404,94.040178983,231.672000000,100,1155,1215,52,4
9405,94.050177188,231.672000000,100,1155,1215,52,4
9406,94.060176835,231.672000000,100,1155,1215,52,4
9407,94.070177816,231.672000000,100,1155,1215,52,4
9408,94.080176441,231.672000000,100,1155,1215,52,4
9409,94.090177612,231.672000000,100,1155,1215,52,4
9410,94.100177961,231.672000000,100,1155,1215,52,4
9411,94.110177217,231.672000000,100,1155,1215,52,4
9412,94.120178809,231.672000000,100,1335,1215,52,4
9413,94.130178026,158.585000000,100,1335,1215,51,4
9414,94.140177613,158.585000000,100,1335,1215,51,4
9415,94.150190636,158.585000000,100,1335,1215,51,4
9416,94.160177459,158.585000000,100,1335,1215,51,4
9417,94.170180553,158.585000000,100,1335,1215,51,4
9418,94.180189057,158.585000000,100,1335,1215,51,4
9419,94.190178316,158.585000000,100,1335,1215,51,4
9420,94.200178254,158.585000000,100,1335,1215,51,4
9421,94.210188451,158.585000000,100,1335,1215,51,4
9422,94.220178461,158.585000000,100,1215,1215,51,4
9423,94.230178058,253.967000000,100,1215,1215,53,4
9424,94.240184799,253.967000000,100,1215,1215,53,4
9425,94.250176161,253.967000000,100,1215,1215,53,4
9426,94.260175508,253.967000000,100,1215,1215,53,4
9427,94.270183151,253.967000000,100,1215,1215,53,4
9428,94.280177408,253.967000000,100,1215,1215,53,4
9429,94.290178689,253.967000000,100,1215,1215,53,4
9430,94.300179068,253.967000000,100,1215,1215,53,4
9431,94.310199494,253.967000000,100,1215,1215,53,4
9432,94.320179966,253.967000000,100,1275,1215,53,4
9433,94.330177169,160.159000000,100,1275,1215,51,4
9434,94.340187406,160.159000000,100,1275,1215,51,4
9435,94.350176745,160.159000000,100,1275,1215,51,4
9436,94.360176332,160.159000000,100,1275,1215,51,4
9437,94.370186309,160.159000000,100,1275,1215,51,4
9438,94.380180787,160.159000000,100,1275,1215,51,4
9439,94.390177910,160.159000000,100,1275,1215,51,4
9440,94.400189971,160.159000000,100,1275,1215,51,4
9441,94.410192273,160.159000000,100,1275,1215,51,4
9442,94.420177865,160.159000000,100,1275,1215,51,4
9443,94.430180788,255.037000000,100,1275,1215,53,4
9444,94.440180316,255.037000000,100,1275,1215,53,4
9445,94.450194390,255.037000000,100,1275,1215,53,4
9446,94.460179631,255.037000000,100,1275,1215,53,4
9447,94.470181423,255.037000000,100,1275,1215,53,4
9448,94.480175730,255.037000000,100,1275,1215,53,4
9449,94.490175939,255.037000000,100,1275,1215,53,4
9450,94.500177390,255.037000000,100,1275,1215,53,4
9451,94.510193178,255.037000000,100,1275,1215,53,4
9452,94.520178959,255.037000000,100,1140,1215,53,4
9453,94.530183887,166.414000000,100,1140,1215,51,4
9454,94.540184015,166.414000000,100,1140,1215,51,4
9455,94.550179044,166.414000000,100,1140,1215,51,4
9456,94.560177750,166.414000000,100,1140,1215,51,4
9457,94.570184050,166.414000000,100,1140,1215,51,4
9458,94.580176013,166.414000000,100,1140,1215,51,4
9459,94.590175260,166.414000000,100,1140,1215,51,4
9460,94.600181280,166.414000000,100,1140,1215,51,4
9461,94.610176779,166.414000000,100,1140,1215,51,4
9462,94.620175335,166.414000000,100,1350,1215,51,4
9463,94.630190902,219.343000000,100,1350,1215,53,4
9464,94.640198866,219.343000000,100,1350,1215,53,4
9465,94.650179718,219.343000000,100,1350,1215,53,4
9466,94.660182652,219.343000000,100,1350,1215,53,4
9467,94.670175717,219.343000000,100,1350,1215,53,4
9468,94.680175124,219.343000000,100,1350,1215,53,4
9469,94.690182025,219.343000000,100,1350,1215,53,4
9470,94.700198494,219.343000000,100,1350,1215,53,4
9471,94.710177223,219.343000000,100,1350,1215,53,4
9472,94.720181279,219.343000000,100,1155,1215,53,4
9473,94.730175857,199.266000000,100,1155,1215,52,4
9474,94.740178720,199.266000000,100,1155,1215,52,4
9475,94.750176334,199.266000000,100,1155,1215,52,4
9476,94.760184207,199.266000000,100,1155,1215,52,4
9477,94.770179507,199.266000000,100,1155,1215,52,4
9478,94.780178393,199.266000000,100,1155,1215,52,4
9479,94.790188580,199.266000000,100,1155,1215,52,4
9480,94.800187757,199.266000000,100,1155,1215,52,4
9481,94.810179430,199.266000000,100,1155,1215,52,4
9482,94.820181361,199.266000000,100,1350,1215,52,4
9483,94.830179977,193.642000000,100,1350,1215,52,4
9484,94.840197959,193.642000000,100,1350,1215,52,4
9485,94.850186205,193.642000000,100,1350,1215,52,4
9486,94.860179922,193.642000000,100,1350,1215,52,4
9487,94.870181102,193.642000000,100,1350,1215,52,4
9488,94.880177323,193.642000000,100,1350,1215,52,4
9489,94.890184245,193.642000000,100,1350,1215,52,4
9490,94.900177731,193.642000000,100,1350,1215,52,4
9491,94.910176857,193.642000000,100,1350,1215,52,4
9492,94.920195621,193.642000000,100,1155,1215,52,4
9493,94.930181232,223.138000000,100,1155,1215,52,4
9494,94.940177704,223.138000000,100,1155,1215,52,4
9495,94.950191207,223.138000000,100,1155,1215,52,4
9496,94.960179203,223.138000000,100,1155,1215,52,4
9497,94.970175835,223.138000000,100,1155,1215,52,4
9498,94.980183137,223.138000000,100,1155,1215,52,4
9499,94.990176613,223.138000000,100,1155,1215,52,4
9500,95.000176491,223.138000000,100,1155,1215,52,4
9501,95.010180918,223.138000000,100,1155,1215,52,4
9502,95.020175596,223.138000000,100,1335,1215,52,4
9503,95.030176305,165.495000000,100,1335,1215,52,4
9504,95.040184509,165.495000000,100,1335,1215,52,4
9505,95.050177885,165.495000000,100,1335,1215,52,4
9506,95.060175228,165.495000000,100,1335,1215,52,4
9507,95.070182009,165.495000000,100,1335,1215,52,4
9508,95.080175625,165.495000000,100,1335,1215,52,4
9509,95.090179491,165.495000000,100,1335,1215,52,4
9510,95.100185671,165.495000000,100,1335,1215,52,4
9511,95.110178566,165.495000000,100,1335,1215,52,4
9512,95.120177803,165.495000000,100,1335,1215,52,4
9513,95.130180345,249.477000000,100,1200,1215,53,4
9514,95.140194300,249.477000000,100,1200,1215,53,4
9515,95.150177707,249.477000000,100,1200,1215,53,4
9516,95.160176453,249.477000000,100,1200,1215,53,4
9517,95.170195928,249.477000000,100,1200,1215,53,4
9518,95.180177151,249.477000000,100,1200,1215,53,4
9519,95.190174314,249.477000000,100,1200,1215,53,4
9520,95.200187026,249.477000000,100,1200,1215,53,4
9521,95.210176094,249.477000000,100,1200,1215,53,4
9522,95.220174830,249.477000000,100,1200,1215,53,4
9523,95.230179967,160.955000000,100,1305,1215,51,4
9524,95.240187720,160.955000000,100,1305,1215,51,4
9525,95.250175425,160.955000000,100,1305,1215,51,4
9526,95.260181315,160.955000000,100,1305,1215,51,4
9527,95.270176344,160.955000000,100,1305,1215,51,4
9528,95.280178035,160.955000000,100,1305,1215,51,4
9529,95.290177482,160.955000000,100,1305,1215,51,4
9530,95.300185075,160.955000000,100,1305,1215,51,4
9531,95.310175545,160.955000000,100,1305,1215,51,4
9532,95.320175012,160.955000000,100,1305,1215,51,4
9533,95.330179860,257.864000000,100,1245,1215,53,4
9534,95.340192913,257.864000000,100,1245,1215,53,4
9535,95.350179546,257.864000000,100,1245,1215,53,4
9536,95.360177530,257.864000000,100,1245,1215,53,4
9537,95.370182979,257.864000000,100,1245,1215,53,4
9538,95.380176294,257.864000000,100,1245,1215,53,4
9539,95.390176754,257.864000000,100,1245,1215,53,4
9540,95.400199424,257.864000000,100,1245,1215,53,4
9541,95.410202248,257.864000000,100,1245,1215,53,4
9542,95.420179774,257.864000000,100,1110,1215,53,4
9543,95.430177648,155.699000000,100,1110,1215,51,4
9544,95.440212772,155.699000000,100,1110,1215,51,4
9545,95.450179849,155.699000000,100,1110,1215,51,4
9546,95.460175258,155.699000000,100,1110,1215,51,4
9547,95.470186919,155.699000000,100,1110,1215,51,4
9548,95.480177790,155.699000000,100,1110,1215,51,4
9549,95.490176526,155.699000000,100,1110,1215,51,4
9550,95.500179920,155.699000000,100,1110,1215,51,4
9551,95.510198834,155.699000000,100,1110,1215,51,4
9552,95.520179336,155.699000000,100,1365,1215,51,4
9553,95.530177891,240.317000000,100,1365,1215,53,4
9554,95.540619458,240.317000000,100,1365,1215,53,4
9555,95.550181535,240.317000000,100,1365,1215,53,4
9556,95.560177285,240.317000000,100,1365,1215,53,4
9557,95.570177974,240.317000000,100,1365,1215,53,4
9558,95.580182451,240.317000000,100,1365,1215,53,4
9559,95.590177410,240.317000000,100,1365,1215,53,4
9560,95.600176877,240.317000000,100,1365,1215,53,4
9561,95.610184510,240.317000000,100,1365,1215,53,4
9562,95.620177795,240.317000000,100,1140,1215,53,4
9563,95.630178956,178.934000000,100,1140,1215,53,4
9564,95.640178593,178.934000000,100,1140,1215,52,4
9565,95.650181066,178.934000000,100,1140,1215,52,4
9566,95.660177768,178.934000000,100,1140,1215,52,4
9567,95.670177867,178.934000000,100,1140,1215,52,4
9568,95.680178005,178.934000000,100,1140,1215,52,4
9569,95.690177282,178.934000000,100,1140,1215,52,4
9570,95.700177200,178.934000000,100,1140,1215,52,4
9571,95.710176898,178.934000000,100,1140,1215,52,4
9572,95.720188077,178.934000000,100,1350,1215,52,4
9573,95.730179069,217.727000000,100,1350,1215,52,4
9574,95.740180159,217.727000000,100,1350,1215,52,4
9575,95.750198512,217.727000000,100,1350,1215,52,4
9576,95.760176579,217.727000000,100,1350,1215,52,4
9577,95.770179462,217.727000000,100,1350,1215,52,4
9578,95.780186614,217.727000000,100,1350,1215,52,4
9579,95.790176574,217.727000000,100,1350,1215,52,4
9580,95.800176131,217.727000000,100,1350,1215,52,4
9581,95.810193402,217.727000000,100,1350,1215,52,4
9582,95.820177380,217.727000000,100,1170,1215,52,4
9583,95.830175755,214.044000000,100,1170,1215,52,4
9584,95.840178478,214.044000000,100,1170,1215,52,4
9585,95.850192773,214.044000000,100,1170,1215,52,4
9586,95.860177984,214.044000000,100,1170,1215,52,4
9587,95.870180487,214.044000000,100,1170,1215,52,4
9588,95.880202506,214.044000000,100,1170,1215,52,4
9589,95.890180644,214.044000000,100,1170,1215,52,4
9590,95.900180241,214.044000000,100,1170,1215,52,4
9591,95.910185600,214.044000000,100,1170,1215,52,4
9592,95.920177082,214.044000000,100,1305,1215,52,4
9593,95.930180456,165.989000000,100,1305,1215,51,4
9594,95.940187999,165.989000000,100,1305,1215,51,4
9595,95.950200551,165.989000000,100,1305,1215,51,4
9596,95.960177977,165.989000000,100,1305,1215,51,4
9597,95.970183485,165.989000000,100,1305,1215,51,4
9598,95.980176009,165.989000000,100,1305,1215,51,4
9599,95.990178663,165.989000000,100,1305,1215,51,4
9600,96.000191154,165.989000000,100,1305,1215,51,4
9601,96.010176425,165.989000000,100,1305,1215,51,4
9602,96.020175672,165.989000000,100,1230,1215,51,4
9603,96.030180048,251.004000000,100,1230,1215,53,4
9604,96.040198992,251.004000000,100,1230,1215,53,4
9605,96.050179804,251.004000000,100,1230,1215,53,4
9606,96.060179302,251.004000000,100,1230,1215,53,4
9607,96.070194198,251.004000000,100,1230,1215,53,4
9608,96.080177114,251.004000000,100,1230,1215,53,4
9609,96.090177613,251.004000000,100,1230,1215,53,4
9610,96.100198431,251.004000000,100,1230,1215,53,4
9611,96.110180175,251.004000000,100,1230,1215,53,4
9612,96.120180834,251.004000000,100,1245,1215,53,4
9613,96.130199367,156.038000000,100,1245,1215,51,4
9614,96.140180270,156.038000000,100,1245,1215,51,4
9615,96.150178364,156.038000000,100,1245,1215,51,4
9616,96.160194022,156.038000000,100,1245,1215,51,4
9617,96.170178521,156.038000000,100,1245,1215,51,4
9618,96.180175914,156.038000000,100,1245,1215,51,4
9619,96.190194257,156.038000000,100,1245,1215,51,4
9620,96.200180159,156.038000000,100,1245,1215,51,4
9621,96.210178484,156.038000000,100,1245,1215,51,4
9622,96.220184183,156.038000000,100,1305,1215,51,4
9623,96.230179092,257.616000000,100,1305,1215,53,4
9624,96.240176305,257.616000000,100,1305,1215,53,4
9625,96.250183096,257.616000000,100,1305,1215,53,4
9626,96.260175610,257.616000000,100,1305,1215,53,4
9627,96.270178664,257.616000000,100,1305,1215,53,4
9628,96.280181337,257.616000000,100,1305,1215,53,4
9629,96.290200972,257.616000000,100,1305,1215,53,4
9630,96.300176955,257.616000000,100,1305,1215,53,4
9631,96.310179138,257.616000000,100,1305,1215,53,4
9632,96.320178695,257.616000000,100,1125,1215,53,4
9633,96.330182721,157.545000000,100,1125,1215,51,4
9634,96.340178892,157.545000000,100,1125,1215,51,4
9635,96.350178560,157.545000000,100,1125,1215,51,4
9636,96.360176123,157.545000000,100,1125,1215,51,4
9637,96.370178286,157.545000000,100,1125,1215,51,4
9638,96.380177092,157.545000000,100,1125,1215,51,4
9639,96.390204241,157.545000000,100,1125,1215,51,4
9640,96.400178922,157.545000000,100,1125,1215,51,4
9641,96.410178199,157.545000000,100,1125,1215,51,4
9642,96.420182154,157.545000000,100,1350,1215,51,4
9643,96.430179077,249.844000000,100,1350,1215,53,4
9644,96.440176590,249.844000000,100,1350,1215,53,4
9645,96.450178733,249.844000000,100,1350,1215,53,4
9646,96.460202556,249.844000000,100,1350,1215,53,4
9647,96.470179380,249.844000000,100,1350,1215,53,4
9648,96.480179589,249.844000000,100,1350,1215,53,4
9649,96.490201979,249.844000000,100,1350,1215,53,4
9650,96.500178634,249.844000000,100,1350,1215,53,4
9651,96.510178983,249.844000000,100,1350,1215,53,4
9652,96.520183690,249.844000000,100,1155,1215,53,4
9653,96.530178538,168.330000000,100,1155,1215,52,4
9654,96.540177084,168.330000000,100,1155,1215,52,4
9655,96.550183655,168.330000000,100,1155,1215,52,4
9656,96.560191177,168.330000000,100,1155,1215,52,4
9657,96.570178952,168.330000000,100,1155,1215,52,4
9658,96.580190061,168.330000000,100,1155,1215,52,4
9659,96.590195079,168.330000000,100,1155,1215,52,4
9660,96.600177043,168.330000000,100,1155,1215,52,4
9661,96.610177392,168.330000000,100,1155,1215,52,4
9662,96.620189533,168.330000000,100,1350,1215,52,4
9663,96.630178210,240.917000000,100,1350,1215,52,4
9664,96.640177507,240.917000000,100,1350,1215,52,4
9665,96.650196762,240.917000000,100,1350,1215,52,4
9666,96.660187272,240.917000000,100,1350,1215,52,4
9667,96.670179386,240.917000000,100,1350,1215,52,4
9668,96.680183932,240.917000000,100,1350,1215,52,4
9669,96.690178070,240.917000000,100,1350,1215,52,4
9670,96.700177687,240.917000000,100,1350,1215,52,4
9671,96.710189888,240.917000000,100,1350,1215,52,4
9672,96.720179868,240.917000000,100,1350,1215,52,4
9673,96.730178433,177.816000000,100,1140,1215,52,4
9674,96.740184974,177.816000000,100,1140,1215,52,4
9675,96.750177939,177.816000000,100,1140,1215,52,4
9676,96.760177787,177.816000000,100,1140,1215,52,4
9677,96.770187223,177.816000000,100,1140,1215,52,4
9678,96.780178254,177.816000000,100,1140,1215,52,4
9679,96.790177321,177.816000000,100,1140,1215,52,4
9680,96.800186226,177.816000000,100,1140,1215,52,4
9681,96.810177277,177.816000000,100,1140,1215,52,4
9682,96.820177145,177.816000000,100,1350,1215,52,4
9683,96.830177164,211.224000000,100,1350,1215,52,4
9684,96.840186900,211.224000000,100,1350,1215,52,4
9685,96.850177521,211.224000000,100,1350,1215,52,4
9686,96.860178831,211.224000000,100,1350,1215,52,4
9687,96.870184911,211.224000000,100,1350,1215,52,4
9688,96.880178557,211.224000000,100,1350,1215,52,4
9689,96.890175971,211.224000000,100,1350,1215,52,4
9690,96.900186008,211.224000000,100,1350,1215,52,4
9691,96.910177140,211.224000000,100,1350,1215,52,4
9692,96.920178220,211.224000000,100,1350,1215,52,4
9693,96.930179050,214.413000000,100,1185,1215,52,4
9694,96.940205297,214.413000000,100,1185,1215,52,4
9695,96.950179828,214.413000000,100,1185,1215,52,4
9696,96.960184224,214.413000000,100,1185,1215,52,4
9697,96.970205042,214.413000000,100,1185,1215,52,4
9698,96.980179051,214.413000000,100,1185,1215,52,4
9699,96.990175413,214.413000000,100,1185,1215,52,4
9700,97.000181813,214.413000000,100,1185,1215,52,4
9701,97.010175940,214.413000000,100,1185,1215,52,4
9702,97.020176199,214.413000000,100,1185,1215,52,4
9703,97.030180144,183.180000000,100,1275,1215,52,4
9704,97.040192496,183.180000000,100,1275,1215,52,4
9705,97.050180732,183.180000000,100,1275,1215,52,4
9706,97.060178035,183.180000000,100,1275,1215,52,4
9707,97.070188263,183.180000000,100,1275,1215,52,4
9708,97.080176579,183.180000000,100,1275,1215,52,4
9709,97.090176247,183.180000000,100,1275,1215,52,4
9710,97.100189249,183.180000000,100,1275,1215,52,4
9711,97.110176524,183.180000000,100,1275,1215,52,4
9712,97.120175710,183.180000000,100,1275,1215,52,4
9713,97.130177963,230.296000000,100,1290,1215,53,4
9714,97.140188110,230.296000000,100,1290,1215,53,4
9715,97.150177599,230.296000000,100,1290,1215,53,4
9716,97.160181134,230.296000000,100,1290,1215,53,4
9717,97.170181833,230.296000000,100,1290,1215,53,4
9718,97.180176171,230.296000000,100,1290,1215,53,4
9719,97.190175007,230.296000000,100,1290,1215,53,4
9720,97.200183141,230.296000000,100,1290,1215,53,4
9721,97.210175394,230.296000000,100,1290,1215,53,4
9722,97.220175402,230.296000000,100,1290,1215,53,4
9723,97.230176433,176.158000000,100,1200,1215,53,4
9724,97.240179156,176.158000000,100,1200,1215,52,4
9725,97.250190806,176.158000000,100,1200,1215,52,4
9726,97.260177189,176.158000000,100,1200,1215,52,4
9727,97.270179902,176.158000000,100,1200,1215,52,4
9728,97.280195500,176.158000000,100,1200,1215,52,4
9729,97.290176462,176.158000000,100,1200,1215,52,4
9730,97.300174968,176.158000000,100,1200,1215,52,4
9731,97.310191627,176.158000000,100,1200,1215,52,4
9732,97.320178000,176.158000000,100,1350,1215,52,4
9733,97.330177768,239.647000000,100,1350,1215,53,4
9734,97.340186943,239.647000000,100,1350,1215,53,4
9735,97.350176442,239.647000000,100,1350,1215,53,4
9736,97.360174076,239.647000000,100,1350,1215,53,4
9737,97.370181197,239.647000000,100,1350,1215,53,4
9738,97.380195633,239.647000000,100,1350,1215,53,4
9739,97.390176846,239.647000000,100,1350,1215,53,4
9740,97.400175031,239.647000000,100,1350,1215,53,4
9741,97.410181982,239.647000000,100,1350,1215,53,4
9742,97.420176730,239.647000000,100,1185,1215,53,4
9743,97.430176198,178.941000000,100,1185,1215,52,4
9744,97.440179462,178.941000000,100,1185,1215,52,4
9745,97.450176274,178.941000000,100,1185,1215,52,4
9746,97.460175631,178.941000000,100,1185,1215,52,4
9747,97.470179196,178.941000000,100,1185,1215,52,4
9748,97.480189604,178.941000000,100,1185,1215,52,4
9749,97.490177730,178.941000000,100,1185,1215,52,4
9750,97.500176957,178.941000000,100,1185,1215,52,4
9751,97.510198075,178.941000000,100,1185,1215,52,4
9752,97.520177745,178.941000000,100,1350,1215,52,4
9753,97.530182302,234.705000000,100,1350,1215,52,4
9754,97.540199402,234.705000000,100,1350,1215,52,4
9755,97.550179272,234.705000000,100,1350,1215,52,4
9756,97.560178770,234.705000000,100,1350,1215,52,4
9757,97.570201310,234.705000000,100,1350,1215,52,4
9758,97.580188434,234.705000000,100,1350,1215,52,4
9759,97.590220613,234.705000000,100,1350,1215,52,4
9760,97.600180807,234.705000000,100,1350,1215,52,4
9761,97.610175745,234.705000000,100,1350,1215,52,4
9762,97.620178639,234.705000000,100,1350,1215,52,4
9763,97.630575101,189.475000000,100,1170,1215,52,4
9764,97.640182453,189.475000000,100,1170,1215,52,4
9765,97.650179165,189.475000000,100,1170,1215,52,4
9766,97.660206514,189.475000000,100,1170,1215,52,4
9767,97.670192606,189.475000000,100,1170,1215,52,4
9768,97.680175322,189.475000000,100,1170,1215,52,4
9769,97.690181642,189.475000000,100,1170,1215,52,4
9770,97.700176190,189.475000000,100,1170,1215,52,4
9771,97.710175528,189.475000000,100,1170,1215,52,4
9772,97.720184362,189.475000000,100,1170,1215,52,4
9773,97.730176786,204.579000000,100,1335,1215,52,4
9774,97.740175522,204.579000000,100,1335,1215,52,4
9775,97.750182854,204.579000000,100,1335,1215,52,4
9776,97.760178274,204.579000000,100,1335,1215,52,4
9777,97.770177421,204.579000000,100,1335,1215,52,4
9778,97.780182188,204.579000000,100,1335,1215,52,4
9779,97.790178459,204.579000000,100,1335,1215,52,4
9780,97.800177065,204.579000000,100,1335,1215,52,4
9781,97.810178325,204.579000000,100,1335,1215,52,4
9782,97.820188092,204.579000000,100,1335,1215,52,4
9783,97.830178723,218.729000000,100,1230,1215,52,4
9784,97.840176396,218.729000000,100,1230,1215,52,4
9785,97.850180182,218.729000000,100,1230,1215,52,4
9786,97.860200077,218.729000000,100,1230,1215,52,4
9787,97.870177654,218.729000000,100,1230,1215,52,4
9788,97.880174215,218.729000000,100,1230,1215,52,4
9789,97.890196145,218.729000000,100,1230,1215,52,4
9790,97.900178881,218.729000000,100,1230,1215,52,4
9791,97.910179630,218.729000000,100,1230,1215,52,4
9792,97.920199867,218.729000000,100,1230,1215,52,4
9793,97.930179096,191.072000000,100,1230,1215,52,4
9794,97.940177671,191.072000000,100,1230,1215,52,4
9795,97.950180435,191.072000000,100,1230,1215,52,4
9796,97.960202765,191.072000000,100,1230,1215,52,4
9797,97.970178418,191.072000000,100,1230,1215,52,4
9798,97.980185790,191.072000000,100,1230,1215,52,4
9799,97.990177843,191.072000000,100,1230,1215,52,4
9800,98.000191467,191.072000000,100,1230,1215,52,4
9801,98.010180164,191.072000000,100,1230,1215,52,4
9802,98.020179591,191.072000000,100,1230,1215,52,4
9803,98.030234252,221.678000000,100,1275,1215,52,4
9804,98.040178796,221.678000000,100,1275,1215,52,4
9805,98.050181540,221.678000000,100,1275,1215,52,4
9806,98.060181237,221.678000000,100,1275,1215,52,4
9807,98.070177008,221.678000000,100,1275,1215,52,4
9808,98.080176184,221.678000000,100,1275,1215,52,4
9809,98.090182665,221.678000000,100,1275,1215,52,4
9810,98.100180479,221.678000000,100,1275,1215,52,4
9811,98.110178604,221.678000000,100,1275,1215,52,4
9812,98.120194051,221.678000000,100,1275,1215,52,4
9813,98.130179963,180.771000000,100,1200,1215,52,4
9814,98.140178218,180.771000000,100,1200,1215,52,4
9815,98.150180310,180.771000000,100,1200,1215,52,4
9816,98.160191629,180.771000000,100,1200,1215,52,4
9817,98.170178122,180.771000000,100,1200,1215,52,4
9818,98.180178592,180.771000000,100,1200,1215,52,4
9819,98.190200371,180.771000000,100,1200,1215,52,4
9820,98.200181003,180.771000000,100,1200,1215,52,4
9821,98.210178366,180.771000000,100,1200,1215,52,4
9822,98.220199514,180.771000000,100,1200,1215,52,4
9823,98.230179575,230.886000000,100,1335,1215,52,4
9824,98.240177589,230.886000000,100,1335,1215,52,4
9825,98.250263819,230.886000000,100,1335,1215,52,4
9826,98.260180912,230.886000000,100,1335,1215,52,4
9827,98.270177354,230.886000000,100,1335,1215,52,4
9828,98.280193572,230.886000000,100,1335,1215,52,4
9829,98.290177801,230.886000000,100,1335,1215,52,4
9830,98.300176857,230.886000000,100,1335,1215,52,4
9831,98.310182887,230.886000000,100,1335,1215,52,4
9832,98.320176483,230.886000000,100,1335,1215,52,4
9833,98.330175450,230.886000000,100,1215,1215,52,4
9834,98.340176189,184.971000000,100,1215,1215,52,4
9835,98.350186367,184.971000000,100,1215,1215,52,4
9836,98.360176005,184.971000000,100,1215,1215,52,4
9837,98.370174872,184.971000000,100,1215,1215,52,4
9838,98.380188395,184.971000000,100,1215,1215,52,4
9839,98.390181220,184.971000000,100,1215,1215,52,4
9840,98.400177080,184.971000000,100,1215,1215,52,4
9841,98.410181417,184.971000000,100,1215,1215,52,4
9842,98.420201513,184.971000000,100,1215,1215,52,4
9843,98.430180983,184.971000000,100,1320,1215,52,4
9844,98.440178085,210.188000000,100,1320,1215,52,4
9845,98.450178104,210.188000000,100,1320,1215,52,4
9846,98.460197869,210.188000000,100,1320,1215,52,4
9847,98.470179974,210.188000000,100,1320,1215,52,4
9848,98.480178079,210.188000000,100,1320,1215,52,4
9849,98.490184910,210.188000000,100,1320,1215,52,4
9850,98.500175600,210.188000000,100,1320,1215,52,4
9851,98.510175078,210.188000000,100,1320,1215,52,4
9852,98.520179434,210.188000000,100,1320,1215,52,4
9853,98.530196715,210.188000000,100,1260,1215,52,4
9854,98.540178829,202.214000000,100,1260,1215,53,4
9855,98.550176994,202.214000000,100,1260,1215,53,4
9856,98.560177173,202.214000000,100,1260,1215,53,4
9857,98.570183242,202.214000000,100,1260,1215,53,4
9858,98.580177650,202.214000000,100,1260,1215,53,4
9859,98.590176647,202.214000000,100,1260,1215,53,4
9860,98.600184019,202.214000000,100,1260,1215,53,4
9861,98.610177425,202.214000000,100,1260,1215,53,4
9862,98.620177874,202.214000000,100,1260,1215,53,4
9863,98.630179756,202.214000000,100,1215,1215,53,4
9864,98.640178732,183.674000000,100,1215,1215,52,4
9865,98.650200100,183.674000000,100,1215,1215,52,4
9866,98.660179019,183.674000000,100,1215,1215,52,4
9867,98.670206869,183.674000000,100,1215,1215,52,4
9868,98.680209623,183.674000000,100,1215,1215,52,4
9869,98.690177010,183.674000000,100,1215,1215,52,4
9870,98.700180745,183.674000000,100,1215,1215,52,4
9871,98.710204869,183.674000000,100,1215,1215,52,4
9872,98.720181343,183.674000000,100,1215,1215,52,4
9873,98.730178376,183.674000000,100,1350,1215,52,4
9874,98.740182431,183.674000000,100,1350,1215,53,4
9875,98.750203980,183.674000000,100,1350,1215,53,4
9876,98.760226460,183.674000000,100,1350,1215,53,4
9877,98.770178950,183.674000000,100,1350,1215,53,4
9878,98.780186352,183.674000000,100,1350,1215,53,4
9879,98.790175800,183.674000000,100,1350,1215,53,4
9880,98.800180297,183.674000000,100,1350,1215,53,4
9881,98.810185074,183.674000000,100,1350,1215,53,4
9882,98.820174803,183.674000000,100,1350,1215,53,4
9883,98.830179991,242.549000000,100,1155,1215,52,4
9884,98.840180801,242.549000000,100,1155,1215,52,4
9885,98.850194585,242.549000000,100,1155,1215,52,4
9886,98.860177602,242.549000000,100,1155,1215,52,4
9887,98.870178672,242.549000000,100,1155,1215,52,4
9888,98.880190833,242.549000000,100,1155,1215,52,4
9889,98.890178137,242.549000000,100,1155,1215,52,4
9890,98.900213612,242.549000000,100,1155,1215,52,4
9891,98.910202910,242.549000000,100,1155,1215,52,4
9892,98.920187570,242.549000000,100,1155,1215,52,4
9893,98.930179884,164.813000000,100,1350,1215,52,4
9894,98.940181455,164.813000000,100,1350,1215,52,4
9895,98.950176824,164.813000000,100,1350,1215,52,4
9896,98.960176542,164.813000000,100,1350,1215,52,4
9897,98.970177863,164.813000000,100,1350,1215,52,4
9898,98.980177681,164.813000000,100,1350,1215,52,4
9899,98.990177338,164.813000000,100,1350,1215,52,4
9900,99.000178218,164.813000000,100,1350,1215,52,4
9901,99.010177495,164.813000000,100,1350,1215,52,4
9902,99.020177293,164.813000000,100,1350,1215,52,4
9903,99.030179856,243.422000000,100,1155,1215,52,4
9904,99.040177600,243.422000000,100,1155,1215,52,4
9905,99.050177358,243.422000000,100,1155,1215,52,4
9906,99.060190120,243.422000000,100,1155,1215,52,4
9907,99.070179539,243.422000000,100,1155,1215,52,4
9908,99.080175559,243.422000000,100,1155,1215,52,4
9909,99.090178674,243.422000000,100,1155,1215,52,4
9910,99.100203058,243.422000000,100,1155,1215,52,4
9911,99.110179251,243.422000000,100,1155,1215,52,4
9912,99.120174490,243.422000000,100,1155,1215,52,4
9913,99.130183816,168.233000000,100,1335,1215,52,4
9914,99.140190537,168.233000000,100,1335,1215,52,4
9915,99.150177160,168.233000000,100,1335,1215,52,4
9916,99.160175896,168.233000000,100,1335,1215,52,4
9917,99.170179371,168.233000000,100,1335,1215,52,4
9918,99.180177906,168.233000000,100,1335,1215,52,4
9919,99.190178426,168.233000000,100,1335,1215,52,4
9920,99.200177853,168.233000000,100,1335,1215,52,4
9921,99.210178693,168.233000000,100,1335,1215,52,4
9922,99.220177328,168.233000000,100,1335,1215,52,4
9923,99.230178820,230.300000000,100,1200,1215,52,4
9924,99.240221358,230.300000000,100,1200,1215,52,4
9925,99.250179447,230.300000000,100,1200,1215,52,4
9926,99.260179916,230.300000000,100,1200,1215,52,4
9927,99.270183040,230.300000000,100,1200,1215,52,4
9928,99.280177779,230.300000000,100,1200,1215,52,4
9929,99.290177186,230.300000000,100,1200,1215,52,4
9930,99.300178617,230.300000000,100,1200,1215,52,4
9931,99.310177483,230.300000000,100,1200,1215,52,4
9932,99.320177361,230.300000000,100,1200,1215,52,4
9933,99.330190464,177.912000000,100,1305,1215,52,4
9934,99.340177147,177.912000000,100,1305,1215,52,4
9935,99.350176214,177.912000000,100,1305,1215,52,4
9936,99.360177575,177.912000000,100,1305,1215,52,4
9937,99.370178174,177.912000000,100,1305,1215,52,4
9938,99.380177721,177.912000000,100,1305,1215,52,4
9939,99.390177539,177.912000000,100,1305,1215,52,4
9940,99.400180854,177.912000000,100,1305,1215,52,4
9941,99.410177726,177.912000000,100,1305,1215,52,4
9942,99.420176793,177.912000000,100,1305,1215,52,4
9943,99.430423564,217.467000000,100,1245,1215,53,4
9944,99.440178232,217.467000000,100,1245,1215,53,4
9945,99.450177799,217.467000000,100,1245,1215,53,4
9946,99.460177217,217.467000000,100,1245,1215,53,4
9947,99.470209465,217.467000000,100,1245,1215,53,4
9948,99.480178576,217.467000000,100,1245,1215,53,4
9949,99.490177572,217.467000000,100,1245,1215,53,4
9950,99.500177660,217.467000000,100,1245,1215,53,4
9951,99.510177478,217.467000000,100,1245,1215,53,4
9952,99.520176495,217.467000000,100,1245,1215,53,4
9953,99.530179028,199.803000000,100,1230,1215,52,4
9954,99.540177102,199.803000000,100,1230,1215,52,4
9955,99.550177381,199.803000000,100,1230,1215,52,4
9956,99.560178311,199.803000000,100,1230,1215,52,4
9957,99.570177227,199.803000000,100,1230,1215,52,4
9958,99.580177767,199.803000000,100,1230,1215,52,4
9959,99.590176793,199.803000000,100,1230,1215,52,4
9960,99.600247795,199.803000000,100,1230,1215,52,4
9961,99.610182641,199.803000000,100,1230,1215,52,4
9962,99.620178191,199.803000000,100,1230,1215,52,4
9963,99.630178870,189.800000000,100,1335,1215,53,4
9964,99.640181433,189.800000000,100,1335,1215,53,4
9965,99.650178796,189.800000000,100,1335,1215,53,4
9966,99.660245600,189.800000000,100,1335,1215,53,4
9967,99.670181398,189.800000000,100,1335,1215,53,4
9968,99.680177839,189.800000000,100,1335,1215,53,4
9969,99.690177978,189.800000000,100,1335,1215,53,4
9970,99.700178427,189.800000000,100,1335,1215,53,4
9971,99.710178465,189.800000000,100,1335,1215,53,4
9972,99.720178093,189.800000000,100,1335,1215,53,4
9973,99.730179644,233.671000000,100,1170,1215,52,4
9974,99.740176957,233.671000000,100,1170,1215,52,4
9975,99.750178468,233.671000000,100,1170,1215,52,4
9976,99.760185941,233.671000000,100,1170,1215,52,4
9977,99.770179347,233.671000000,100,1170,1215,52,4
9978,99.780187069,233.671000000,100,1170,1215,52,4
9979,99.790178812,233.671000000,100,1170,1215,52,4
9980,99.800177969,233.671000000,100,1170,1215,52,4
9981,99.810193286,233.671000000,100,1170,1215,52,4
9982,99.820179278,233.671000000,100,1170,1215,52,4
9983,99.830176210,167.237000000,100,1350,1215,52,4
9984,99.840179695,167.237000000,100,1350,1215,52,4
9985,99.850203729,167.237000000,100,1350,1215,52,4
9986,99.860177498,167.237000000,100,1350,1215,52,4
9987,99.870174791,167.237000000,100,1350,1215,52,4
9988,99.880183505,167.237000000,100,1350,1215,52,4
9989,99.890176420,167.237000000,100,1350,1215,52,4
9990,99.900175677,167.237000000,100,1350,1215,52,4
9991,99.910188660,167.237000000,100,1350,1215,52,4
9992,99.920177537,167.237000000,100,1350,1215,52,4
9993,99.930177355,245.171000000,100,1155,1215,52,4
9994,99.940176883,245.171000000,100,1155,1215,52,4
9995,99.950185166,245.171000000,100,1155,1215,52,4
9996,99.960190234,245.171000000,100,1155,1215,52,4
9997,99.970176937,245.171000000,100,1155,1215,52,4
9998,99.980180422,245.171000000,100,1155,1215,52,4
9999,99.990177445,245.171000000,100,1155,1215,52,4
10000,100.000175940,245.171000000,100,1155,1215,52,4
10001,100.010185336,245.171000000,100,1155,1215,52,4
10002,100.020176458,245.171000000,100,1155,1215,52,4
10003,100.030175855,167.212000000,100,1275,1215,52,4
10004,100.040180392,167.212000000,100,1275,1215,52,4
10005,100.050198384,167.212000000,100,1275,1215,52,4
10006,100.060179216,167.212000000,100,1275,1215,52,4
10007,100.070181799,167.212000000,100,1275,1215,52,4
10008,100.080176908,167.212000000,100,1275,1215,52,4
10009,100.090174903,167.212000000,100,1275,1215,52,4
10010,100.100181323,167.212000000,100,1275,1215,52,4
10011,100.110198203,167.212000000,100,1275,1215,52,4
10012,100.120184265,167.212000000,100,1275,1215,52,4
10013,100.130180707,223.848000000,100,1275,1215,52,4
10014,100.140235097,223.848000000,100,1275,1215,53,4
10015,100.150194429,223.848000000,100,1275,1215,53,4
10016,100.160179299,223.848000000,100,1275,1215,53,4
10017,100.170195457,223.848000000,100,1275,1215,53,4
10018,100.180228397,223.848000000,100,1275,1215,53,4
10019,100.190179664,223.848000000,100,1275,1215,53,4
10020,100.200180334,223.848000000,100,1275,1215,53,4
10021,100.210179671,223.848000000,100,1275,1215,53,4
10022,100.220190880,223.848000000,100,1275,1215,53,4
10023,100.230179557,190.150000000,100,1215,1215,52,4
10024,100.240177431,190.150000000,100,1215,1215,52,4
10025,100.250198589,190.150000000,100,1215,1215,52,4
10026,100.260177187,190.150000000,100,1215,1215,52,4
10027,100.270174881,190.150000000,100,1215,1215,52,4
10028,100.280188666,190.150000000,100,1215,1215,52,4
10029,100.290176030,190.150000000,100,1215,1215,52,4
10030,100.300175057,190.150000000,100,1215,1215,52,4
10031,100.310187628,190.150000000,100,1215,1215,52,4
10032,100.320176536,190.150000000,100,1215,1215,52,4
10033,100.330175983,197.456000000,100,1350,1215,53,4
10034,100.340182233,197.456000000,100,1350,1215,53,4
10035,100.350175879,197.456000000,100,1350,1215,53,4
10036,100.360175978,197.456000000,100,1350,1215,53,4
10037,100.370200823,197.456000000,100,1350,1215,53,4
10038,100.380180102,197.456000000,100,1350,1215,53,4
10039,100.390179539,197.456000000,100,1350,1215,53,4
10040,100.400203593,197.456000000,100,1350,1215,53,4
10041,100.410180658,197.456000000,100,1350,1215,53,4
10042,100.420182379,197.456000000,100,1350,1215,53,4
10043,100.430178631,225.623000000,100,1125,1215,52,4
10044,100.440178819,225.623000000,100,1125,1215,52,4
10045,100.450185189,225.623000000,100,1125,1215,52,4
10046,100.460175309,225.623000000,100,1125,1215,52,4
10047,100.470174276,225.623000000,100,1125,1215,52,4
10048,100.480178442,225.623000000,100,1125,1215,52,4
10049,100.490197175,225.623000000,100,1125,1215,52,4
10050,100.500177807,225.623000000,100,1125,1215,52,4
10051,100.510179338,225.623000000,100,1125,1215,52,4
10052,100.520199905,225.623000000,100,1125,1215,52,4
10053,100.530177341,160.461000000,100,1350,1215,52,4
10054,100.540174955,160.461000000,100,1350,1215,52,4
10055,100.550222913,160.461000000,100,1350,1215,52,4
10056,100.560178939,160.461000000,100,1350,1215,52,4
10057,100.570178115,160.461000000,100,1350,1215,52,4
10058,100.580176891,160.461000000,100,1350,1215,52,4
10059,100.590182630,160.461000000,100,1350,1215,52,4
10060,100.600175756,160.461000000,100,1350,1215,52,4
10061,100.610176866,160.461000000,100,1350,1215,52,4
10062,100.620182144,160.461000000,100,1350,1215,52,4
10063,100.630177153,242.925000000,100,1170,1215,52,4
10064,100.640176941,242.925000000,100,1170,1215,52,4
10065,100.650178051,242.925000000,100,1170,1215,52,4
10066,100.660178420,242.925000000,100,1170,1215,52,4
10067,100.670176575,242.925000000,100,1170,1215,52,4
10068,100.680177425,242.925000000,100,1170,1215,52,4
10069,100.690178054,242.925000000,100,1170,1215,52,4
10070,100.700177973,242.925000000,100,1170,1215,52,4
10071,100.710176338,242.925000000,100,1170,1215,52,4
10072,100.720177328,242.925000000,100,1170,1215,52,4
10073,100.730182987,164.062000000,100,1335,1215,52,4
10074,100.740177495,164.062000000,100,1335,1215,52,4
10075,100.750182182,164.062000000,100,1335,1215,52,4
10076,100.760178303,164.062000000,100,1335,1215,52,4
10077,100.770178441,164.062000000,100,1335,1215,52,4
10078,100.780177277,164.062000000,100,1335,1215,52,4
10079,100.790183427,164.062000000,100,1335,1215,52,4
10080,100.800178426,164.062000000,100,1335,1215,52,4
10081,100.810177853,164.062000000,100,1335,1215,52,4
10082,100.820176930,164.062000000,100,1335,1215,52,4
10083,100.830179513,244.589000000,100,1215,1215,52,4
10084,100.840177608,244.589000000,100,1215,1215,52,4
10085,100.850185781,244.589000000,100,1215,1215,52,4
10086,100.860177213,244.589000000,100,1215,1215,52,4
10087,100.870196077,244.589000000,100,1215,1215,52,4
10088,100.880179384,244.589000000,100,1215,1215,52,4
10089,100.890177409,244.589000000,100,1215,1215,52,4
10090,100.900187927,244.589000000,100,1215,1215,52,4
10091,100.910179930,244.589000000,100,1215,1215,52,4
10092,100.920178415,244.589000000,100,1215,1215,52,4
10093,100.930178043,169.842000000,100,1260,1215,51,4
10094,100.940192969,169.842000000,100,1260,1215,51,4
10095,100.950176667,169.842000000,100,1260,1215,51,4
10096,100.960176034,169.842000000,100,1260,1215,51,4
10097,100.970178507,169.842000000,100,1260,1215,51,4
10098,100.980194856,169.842000000,100,1260,1215,51,4
10099,100.990176369,169.842000000,100,1260,1215,51,4
10100,101.000179143,169.842000000,100,1260,1215,51,4
10101,101.010186335,169.842000000,100,1260,1215,51,4
10102,101.020175513,169.842000000,100,1260,1215,51,4
10103,101.030176332,231.238000000,100,1260,1215,53,4
10104,101.040180559,231.238000000,100,1260,1215,53,4
10105,101.050199773,231.238000000,100,1260,1215,53,4
10106,101.060179934,231.238000000,100,1260,1215,53,4
10107,101.070179521,231.238000000,100,1260,1215,53,4
10108,101.080202513,231.238000000,100,1260,1215,53,4
10109,101.090178256,231.238000000,100,1260,1215,53,4
10110,101.100177362,231.238000000,100,1260,1215,53,4
10111,101.110188702,231.238000000,100,1260,1215,53,4
10112,101.120176046,231.238000000,100,1260,1215,53,4
10113,101.130178739,182.255000000,100,1245,1215,52,4
10114,101.140181443,182.255000000,100,1245,1215,52,4
10115,101.150178896,182.255000000,100,1245,1215,52,4
10116,101.160175839,182.255000000,100,1245,1215,52,4
10117,101.170179724,182.255000000,100,1245,1215,52,4
10118,101.180194400,182.255000000,100,1245,1215,52,4
10119,101.190177827,182.255000000,100,1245,1215,52,4
10120,101.200186782,182.255000000,100,1245,1215,52,4
10121,101.210213942,182.255000000,100,1245,1215,52,4
10122,101.220181018,182.255000000,100,1245,1215,52,4
10123,101.230177309,221.878000000,100,1290,1215,53,4
10124,101.240180654,221.878000000,100,1290,1215,53,4
10125,101.250207442,221.878000000,100,1290,1215,53,4
10126,101.260179108,221.878000000,100,1290,1215,53,4
10127,101.270175519,221.878000000,100,1290,1215,53,4
10128,101.280182791,221.878000000,100,1290,1215,53,4
10129,101.290185114,221.878000000,100,1290,1215,53,4
10130,101.300176716,221.878000000,100,1290,1215,53,4
10131,101.310180291,221.878000000,100,1290,1215,53,4
10132,101.320176783,221.878000000,100,1290,1215,53,4
10133,101.330176100,194.423000000,100,1185,1215,52,4
10134,101.340176599,194.423000000,100,1185,1215,52,4
10135,101.350184081,194.423000000,100,1185,1215,52,4
10136,101.360175674,194.423000000,100,1185,1215,52,4
10137,101.370176063,194.423000000,100,1185,1215,52,4
10138,101.380190458,194.423000000,100,1185,1215,52,4
10139,101.390180728,194.423000000,100,1185,1215,52,4
10140,101.400180736,194.423000000,100,1185,1215,52,4
10141,101.410202105,194.423000000,100,1185,1215,52,4
10142,101.420179370,194.423000000,100,1185,1215,52,4
10143,101.430177545,193.954000000,100,1365,1215,53,4
10144,101.440184957,193.954000000,100,1365,1215,53,4
10145,101.450175949,193.954000000,100,1365,1215,53,4
10146,101.460175005,193.954000000,100,1365,1215,53,4
10147,101.470184541,193.954000000,100,1365,1215,53,4
10148,101.480180071,193.954000000,100,1365,1215,53,4
10149,101.490177304,193.954000000,100,1365,1215,53,4
10150,101.500182803,193.954000000,100,1365,1215,53,4
10151,101.510191548,193.954000000,100,1365,1215,53,4
10152,101.520178892,193.954000000,100,1365,1215,53,4
10153,101.530180083,237.818000000,100,1155,1215,52,4
10154,101.540184740,237.818000000,100,1155,1215,52,4
10155,101.550175541,237.818000000,100,1155,1215,52,4
10156,101.560175419,237.818000000,100,1155,1215,52,4
10157,101.570179875,237.818000000,100,1155,1215,52,4
10158,101.580175836,237.818000000,100,1155,1215,52,4
10159,101.590176285,237.818000000,100,1155,1215,52,4
10160,101.600186863,237.818000000,100,1155,1215,52,4
10161,101.610177434,237.818000000,100,1155,1215,52,4
10162,101.620175819,237.818000000,100,1155,1215,52,4
10163,101.630181678,166.665000000,100,1350,1215,52,4
10164,101.640193218,166.665000000,100,1350,1215,52,4
10165,101.650178639,166.665000000,100,1350,1215,52,4
10166,101.660177134,166.665000000,100,1350,1215,52,4
10167,101.670196629,166.665000000,100,1350,1215,52,4
10168,101.680177652,166.665000000,100,1350,1215,52,4
10169,101.690176558,166.665000000,100,1350,1215,52,4
10170,101.700182558,166.665000000,100,1350,1215,52,4
10171,101.710177116,166.665000000,100,1350,1215,52,4
10172,101.720178216,166.665000000,100,1350,1215,52,4
10173,101.730180368,247.617000000,100,1215,1215,52,4
10174,101.740183422,247.617000000,100,1215,1215,52,4
10175,101.750178071,247.617000000,100,1215,1215,52,4
10176,101.760176155,247.617000000,100,1215,1215,52,4
10177,101.770191512,247.617000000,100,1215,1215,52,4
10178,101.780178927,247.617000000,100,1215,1215,52,4
10179,101.790178835,247.617000000,100,1215,1215,52,4
10180,101.800196026,247.617000000,100,1215,1215,52,4
10181,101.810176357,247.617000000,100,1215,1215,52,4
10182,101.820178980,247.617000000,100,1215,1215,52,4
10183,101.830190630,162.795000000,100,1245,1215,52,4
10184,101.840177784,162.795000000,100,1245,1215,52,4
10185,101.850177462,162.795000000,100,1245,1215,52,4
10186,101.860194863,162.795000000,100,1245,1215,52,4
10187,101.870177669,162.795000000,100,1245,1215,52,4
10188,101.880180533,162.795000000,100,1245,1215,52,4
10189,101.890234242,162.795000000,100,1245,1215,52,4
10190,101.900180128,162.795000000,100,1245,1215,52,4
10191,101.910212517,162.795000000,100,1245,1215,52,4
10192,101.920195494,162.795000000,100,1245,1215,52,4
10193,101.930190833,239.230000000,100,1335,1215,53,4
10194,101.940198937,239.230000000,100,1335,1215,53,4
10195,101.950311446,239.230000000,100,1335,1215,53,4
10196,101.960180920,239.230000000,100,1335,1215,53,4
10197,101.970179375,239.230000000,100,1335,1215,53,4
10198,101.980176247,239.230000000,100,1335,1215,53,4
10199,101.990179582,239.230000000,100,1335,1215,53,4
10200,102.000176003,239.230000000,100,1335,1215,53,4
10201,102.010178246,239.230000000,100,1335,1215,53,4
10202,102.020179877,239.230000000,100,1335,1215,53,4
10203,102.030179114,184.039000000,100,1170,1215,52,4
10204,102.040179403,184.039000000,100,1170,1215,52,4
10205,102.050178770,184.039000000,100,1170,1215,52,4
10206,102.060176143,184.039000000,100,1170,1215,52,4
10207,102.070179538,184.039000000,100,1170,1215,52,4
10208,102.080179516,184.039000000,100,1170,1215,52,4
10209,102.090178963,184.039000000,100,1170,1215,52,4
10210,102.100178260,184.039000000,100,1170,1215,52,4
10211,102.110174922,184.039000000,100,1170,1215,52,4
10212,102.120178918,184.039000000,100,1170,1215,52,4
10213,102.130179467,203.202000000,100,1350,1215,53,4
10214,102.140178464,203.202000000,100,1350,1215,53,4
10215,102.150179293,203.202000000,100,1350,1215,53,4
10216,102.160179212,203.202000000,100,1350,1215,53,4
10217,102.170179430,203.202000000,100,1350,1215,53,4
10218,102.180178867,203.202000000,100,1350,1215,53,4
10219,102.190179126,203.202000000,100,1350,1215,53,4
10220,102.200178373,203.202000000,100,1350,1215,53,4
10221,102.210179874,203.202000000,100,1350,1215,53,4
10222,102.220178850,203.202000000,100,1350,1215,53,4
10223,102.230179710,208.884000000,100,1155,1215,52,4
10224,102.240177374,208.884000000,100,1155,1215,52,4
10225,102.250179166,208.884000000,100,1155,1215,52,4
10226,102.260177160,208.884000000,100,1155,1215,52,4
10227,102.270184843,208.884000000,100,1155,1215,52,4
10228,102.280182256,208.884000000,100,1155,1215,52,4
10229,102.290177576,208.884000000,100,1155,1215,52,4
10230,102.300177644,208.884000000,100,1155,1215,52,4
10231,102.310177001,208.884000000,100,1155,1215,52,4
10232,102.320177200,208.884000000,100,1155,1215,52,4
10233,102.330178290,170.822000000,100,1365,1215,52,4
10234,102.340178078,170.822000000,100,1365,1215,52,4
10235,102.350177535,170.822000000,100,1365,1215,52,4
10236,102.360176852,170.822000000,100,1365,1215,52,4
10237,102.370177392,170.822000000,100,1365,1215,52,4
10238,102.380176318,170.822000000,100,1365,1215,52,4
10239,102.390178210,170.822000000,100,1365,1215,52,4
10240,102.400177006,170.822000000,100,1365,1215,52,4
10241,102.410177705,170.822000000,100,1365,1215,52,4
10242,102.420177173,170.822000000,100,1365,1215,52,4
10243,102.430179375,258.363000000,100,1185,1215,53,4
10244,102.440177059,258.363000000,100,1185,1215,53,4
10245,102.450178310,258.363000000,100,1185,1215,53,4
10246,102.460177045,258.363000000,100,1185,1215,53,4
10247,102.470178897,258.363000000,100,1185,1215,53,4
10248,102.480177172,258.363000000,100,1185,1215,53,4
10249,102.490177872,258.363000000,100,1185,1215,53,4
10250,102.500178151,258.363000000,100,1185,1215,53,4
10251,102.510177728,258.363000000,100,1185,1215,53,4
10252,102.520182074,258.363000000,100,1185,1215,53,4
10253,102.530178997,156.423000000,100,1305,1215,51,4
10254,102.540178474,156.423000000,100,1305,1215,51,4
10255,102.550178613,156.423000000,100,1305,1215,51,4
10256,102.560178541,156.423000000,100,1305,1215,51,4
10257,102.570178249,156.423000000,100,1305,1215,51,4
10258,102.580178317,156.423000000,100,1305,1215,51,4
10259,102.590177424,156.423000000,100,1305,1215,51,4
10260,102.600178183,156.423000000,100,1305,1215,51,4
10261,102.610178011,156.423000000,100,1305,1215,51,4
10262,102.620182849,156.423000000,100,1305,1215,51,4
10263,102.630178198,256.989000000,100,1260,1215,53,4
10264,102.640177345,256.989000000,100,1260,1215,53,4
10265,102.650179527,256.989000000,100,1260,1215,53,4
10266,102.660176349,256.989000000,100,1260,1215,53,4
10267,102.670178011,256.989000000,100,1260,1215,53,4
10268,102.680177949,256.989000000,100,1260,1215,53,4
10269,102.690178097,256.989000000,100,1260,1215,53,4
10270,102.700178006,256.989000000,100,1260,1215,53,4
10271,102.710178395,256.989000000,100,1260,1215,53,4
10272,102.720177701,256.989000000,100,1260,1215,53,4
10273,102.730178802,162.455000000,100,1185,1215,51,4
10274,102.740182327,162.455000000,100,1185,1215,51,4
10275,102.750178328,162.455000000,100,1185,1215,51,4
10276,102.760178596,162.455000000,100,1185,1215,51,4
10277,102.770177673,162.455000000,100,1185,1215,51,4
10278,102.780177691,162.455000000,100,1185,1215,51,4
10279,102.790177429,162.455000000,100,1185,1215,51,4
10280,102.800177958,162.455000000,100,1185,1215,51,4
10281,102.810181703,162.455000000,100,1185,1215,51,4
10282,102.820177734,162.455000000,100,1185,1215,51,4
10283,102.830177212,249.788000000,100,1350,1215,53,4
10284,102.840178061,249.788000000,100,1350,1215,53,4
10285,102.850177409,249.788000000,100,1350,1215,53,4
10286,102.860177337,249.788000000,100,1350,1215,53,4
10287,102.870177275,249.788000000,100,1350,1215,53,4
10288,102.880177694,249.788000000,100,1350,1215,53,4
10289,102.890176349,249.788000000,100,1350,1215,53,4
10290,102.900176939,249.788000000,100,1350,1215,53,4
10291,102.910176937,249.788000000,100,1350,1215,53,4
10292,102.920176054,249.788000000,100,1350,1215,53,4
10293,102.930177956,178.633000000,100,1140,1215,52,4
10294,102.940177172,178.633000000,100,1140,1215,52,4
10295,102.950177842,178.633000000,100,1140,1215,52,4
10296,102.960176658,178.633000000,100,1140,1215,52,4
10297,102.970177708,178.633000000,100,1140,1215,52,4
10298,102.980181534,178.633000000,100,1140,1215,52,4
10299,102.990178246,178.633000000,100,1140,1215,52,4
10300,103.000178525,178.633000000,100,1140,1215,52,4
10301,103.010182180,178.633000000,100,1140,1215,52,4
10302,103.020177479,178.633000000,100,1140,1215,52,4
10303,103.030178660,216.949000000,100,1365,1215,53,4
10304,103.040177596,216.949000000,100,1365,1215,53,4
10305,103.050182032,216.949000000,100,1365,1215,53,4
10306,103.060177131,216.949000000,100,1365,1215,53,4
10307,103.070178072,216.949000000,100,1365,1215,53,4
10308,103.080178100,216.949000000,100,1365,1215,53,4
10309,103.090178168,216.949000000,100,1365,1215,53,4
10310,103.100177786,216.949000000,100,1365,1215,53,4
10311,103.110178245,216.949000000,100,1365,1215,53,4
10312,103.120182020,216.949000000,100,1365,1215,53,4
10313,103.130179223,214.111000000,100,1155,1215,53,4
10314,103.140178210,214.111000000,100,1155,1215,52,4
10315,103.150178729,214.111000000,100,1155,1215,52,4
10316,103.160177565,214.111000000,100,1155,1215,52,4
10317,103.170177683,214.111000000,100,1155,1215,52,4
10318,103.180182000,214.111000000,100,1155,1215,52,4
10319,103.190178271,214.111000000,100,1155,1215,52,4
10320,103.200182427,214.111000000,100,1155,1215,52,4
10321,103.210177416,214.111000000,100,1155,1215,52,4
10322,103.220178005,214.111000000,100,1155,1215,52,4
10323,103.230179286,162.687000000,100,1290,1215,52,4
10324,103.240177421,162.687000000,100,1290,1215,52,4
10325,103.250178301,162.687000000,100,1290,1215,52,4
10326,103.260178509,162.687000000,100,1290,1215,52,4
10327,103.270178097,162.687000000,100,1290,1215,52,4
10328,103.280177825,162.687000000,100,1290,1215,52,4
10329,103.290178314,162.687000000,100,1290,1215,52,4
10330,103.300181548,162.687000000,100,1290,1215,52,4
10331,103.310178020,162.687000000,100,1290,1215,52,4
10332,103.320178068,162.687000000,100,1290,1215,52,4
10333,103.330178247,254.293000000,100,1275,1215,53,4
10334,103.340178946,254.293000000,100,1275,1215,53,4
10335,103.350178103,254.293000000,100,1275,1215,53,4
10336,103.360178031,254.293000000,100,1275,1215,53,4
10337,103.370177248,254.293000000,100,1275,1215,53,4
10338,103.380177557,254.293000000,100,1275,1215,53,4
10339,103.390176964,254.293000000,100,1275,1215,53,4
10340,103.400177503,254.293000000,100,1275,1215,53,4
10341,103.410177031,254.293000000,100,1275,1215,53,4
10342,103.420177720,254.293000000,100,1275,1215,53,4
10343,103.430178059,162.023000000,100,1215,1215,52,4
10344,103.440176675,162.023000000,100,1215,1215,52,4
10345,103.450177755,162.023000000,100,1215,1215,52,4
10346,103.460178154,162.023000000,100,1215,1215,52,4
10347,103.470177441,162.023000000,100,1215,1215,52,4
10348,103.480178301,162.023000000,100,1215,1215,52,4
10349,103.490178980,162.023000000,100,1215,1215,52,4
10350,103.500177706,162.023000000,100,1215,1215,52,4
10351,103.510182544,162.023000000,100,1215,1215,52,4
10352,103.520177923,162.023000000,100,1215,1215,52,4
10353,103.530183462,252.097000000,100,1320,1215,53,4
10354,103.540177529,252.097000000,100,1320,1215,53,4
10355,103.550178629,252.097000000,100,1320,1215,53,4
10356,103.560178087,252.097000000,100,1320,1215,53,4
10357,103.570178395,252.097000000,100,1320,1215,53,4
10358,103.580177432,252.097000000,100,1320,1215,53,4
10359,103.590177701,252.097000000,100,1320,1215,53,4
10360,103.600182338,252.097000000,100,1320,1215,53,4
10361,103.610177056,252.097000000,100,1320,1215,53,4
10362,103.620182024,252.097000000,100,1320,1215,53,4
10363,103.630178495,167.985000000,100,1140,1215,52,4
10364,103.640182361,167.985000000,100,1140,1215,52,4
10365,103.650178422,167.985000000,100,1140,1215,52,4
10366,103.660177879,167.985000000,100,1140,1215,52,4
10367,103.670176795,167.985000000,100,1140,1215,52,4
10368,103.680178116,167.985000000,100,1140,1215,52,4
10369,103.690178044,167.985000000,100,1140,1215,52,4
10370,103.700178553,167.985000000,100,1140,1215,52,4
10371,103.710177720,167.985000000,100,1140,1215,52,4
10372,103.720178560,167.985000000,100,1140,1215,52,4
10373,103.730179249,229.547000000,100,1350,1215,52,4
10374,103.740181802,229.547000000,100,1350,1215,52,4
10375,103.750178464,229.547000000,100,1350,1215,52,4
10376,103.760178823,229.547000000,100,1350,1215,52,4
10377,103.770178301,229.547000000,100,1350,1215,52,4
10378,103.780177537,229.547000000,100,1350,1215,52,4
10379,103.790177646,229.547000000,100,1350,1215,52,4
10380,103.800177935,229.547000000,100,1350,1215,52,4
10381,103.810181319,229.547000000,100,1350,1215,52,4
10382,103.820176889,229.547000000,100,1350,1215,52,4
10383,103.830178270,185.278000000,100,1185,1215,52,4
10384,103.840177357,185.278000000,100,1185,1215,52,4
10385,103.850176754,185.278000000,100,1185,1215,52,4
10386,103.860178085,185.278000000,100,1185,1215,52,4
10387,103.870177572,185.278000000,100,1185,1215,52,4
10388,103.880176979,185.278000000,100,1185,1215,52,4
10389,103.890176817,185.278000000,100,1185,1215,52,4
10390,103.900177977,185.278000000,100,1185,1215,52,4
10391,103.910181041,185.278000000,100,1185,1215,52,4
10392,103.920177744,185.278000000,100,1185,1215,52,4
10393,103.930177872,203.433000000,100,1335,1215,52,4
10394,103.940177239,203.433000000,100,1335,1215,52,4
10395,103.950177548,203.433000000,100,1335,1215,52,4
10396,103.960178999,203.433000000,100,1335,1215,52,4
10397,103.970177204,203.433000000,100,1335,1215,52,4
10398,103.980178074,203.433000000,100,1335,1215,52,4
10399,103.990177561,203.433000000,100,1335,1215,52,4
10400,104.000177068,203.433000000,100,1335,1215,52,4
10401,104.010176986,203.433000000,100,1335,1215,52,4
10402,104.020177035,203.433000000,100,1335,1215,52,4
10403,104.030178706,218.152000000,100,1215,1215,53,4
10404,104.040177853,218.152000000,100,1215,1215,53,4
10405,104.050177891,218.152000000,100,1215,1215,53,4
10406,104.060178811,218.152000000,100,1215,1215,53,4
10407,104.070178880,218.152000000,100,1215,1215,53,4
10408,104.080177816,218.152000000,100,1215,1215,53,4
10409,104.090178335,218.152000000,100,1215,1215,53,4
10410,104.100177111,218.152000000,100,1215,1215,53,4
10411,104.110177741,218.152000000,100,1215,1215,53,4
10412,104.120177799,218.152000000,100,1215,1215,53,4
10413,104.130176986,167.784000000,100,1245,1215,52,4
10414,104.140176854,167.784000000,100,1245,1215,52,4
10415,104.150176071,167.784000000,100,1245,1215,52,4
10416,104.160176970,167.784000000,100,1245,1215,52,4
10417,104.170177259,167.784000000,100,1245,1215,52,4
10418,104.180178219,167.784000000,100,1245,1215,52,4
10419,104.190176184,167.784000000,100,1245,1215,52,4
10420,104.200177815,167.784000000,100,1245,1215,52,4
10421,104.210176491,167.784000000,100,1245,1215,52,4
10422,104.220175537,167.784000000,100,1245,1215,52,4
10423,104.230178040,255.168000000,100,1290,1215,53,4
10424,104.240175915,255.168000000,100,1290,1215,53,4
10425,104.250176604,255.168000000,100,1290,1215,53,4
10426,104.260175671,255.168000000,100,1290,1215,53,4
10427,104.270174457,255.168000000,100,1290,1215,53,4
10428,104.280176549,255.168000000,100,1290,1215,53,4
10429,104.290176437,255.168000000,100,1290,1215,53,4
10430,104.300177056,255.168000000,100,1290,1215,53,4
10431,104.310177956,255.168000000,100,1290,1215,53,4
10432,104.320180359,255.168000000,100,1290,1215,53,4
10433,104.330178744,168.771000000,100,1155,1215,52,4
10434,104.340178863,168.771000000,100,1155,1215,52,4
10435,104.350175895,168.771000000,100,1155,1215,52,4
10436,104.360178208,168.771000000,100,1155,1215,52,4
10437,104.370176663,168.771000000,100,1155,1215,52,4
10438,104.380177854,168.771000000,100,1155,1215,52,4
10439,104.390178554,168.771000000,100,1155,1215,52,4
10440,104.400175596,168.771000000,100,1155,1215,52,4
10441,104.410177097,168.771000000,100,1155,1215,52,4
10442,104.420175533,168.771000000,100,1155,1215,52,4
10443,104.430177605,241.389000000,100,1365,1215,52,4
10444,104.440176651,241.389000000,100,1365,1215,53,4
10445,104.450177110,241.389000000,100,1365,1215,53,4
10446,104.460176959,241.389000000,100,1365,1215,53,4
10447,104.470177357,241.389000000,100,1365,1215,53,4
10448,104.480176965,241.389000000,100,1365,1215,53,4
10449,104.490176052,241.389000000,100,1365,1215,53,4
10450,104.500178174,241.389000000,100,1365,1215,53,4
10451,104.510177070,241.389000000,100,1365,1215,53,4
10452,104.520177359,241.389000000,100,1365,1215,53,4
10453,104.530178379,183.706000000,100,1140,1215,52,4
10454,104.540176173,183.706000000,100,1140,1215,52,4
10455,104.550175901,183.706000000,100,1140,1215,52,4
10456,104.560176751,183.706000000,100,1140,1215,52,4
10457,104.570176889,183.706000000,100,1140,1215,52,4
10458,104.580178440,183.706000000,100,1140,1215,52,4
10459,104.590177437,183.706000000,100,1140,1215,52,4
10460,104.600177966,183.706000000,100,1140,1215,52,4
10461,104.610176121,183.706000000,100,1140,1215,52,4
10462,104.620176830,183.706000000,100,1140,1215,52,4
10463,104.630179153,192.191000000,100,1320,1215,52,4
10464,104.640176005,192.191000000,100,1320,1215,52,4
10465,104.650178198,192.191000000,100,1320,1215,52,4
10466,104.660176543,192.191000000,100,1320,1215,52,4
10467,104.670174978,192.191000000,100,1320,1215,52,4
10468,104.680177111,192.191000000,100,1320,1215,52,4
10469,104.690177009,192.191000000,100,1320,1215,52,4
10470,104.700175654,192.191000000,100,1320,1215,52,4
10471,104.710178508,192.191000000,100,1320,1215,52,4
10472,104.720177595,192.191000000,100,1320,1215,52,4
10473,104.730176942,226.960000000,100,1245,1215,53,4
10474,104.740178012,226.960000000,100,1245,1215,53,4
10475,104.750176157,226.960000000,100,1245,1215,53,4
10476,104.760177728,226.960000000,100,1245,1215,53,4
10477,104.770177205,226.960000000,100,1245,1215,53,4
10478,104.780176272,226.960000000,100,1245,1215,53,4
10479,104.790177783,226.960000000,100,1245,1215,53,4
10480,104.800176559,226.960000000,100,1245,1215,53,4
10481,104.810178140,226.960000000,100,1245,1215,53,4
10482,104.820176836,226.960000000,100,1245,1215,53,4
10483,104.830177806,169.461000000,100,1215,1215,52,4
10484,104.840184988,169.461000000,100,1215,1215,52,4
10485,104.850182732,169.461000000,100,1215,1215,52,4
10486,104.860175526,169.461000000,100,1215,1215,52,4
10487,104.870178841,169.461000000,100,1215,1215,52,4
10488,104.880179541,169.461000000,100,1215,1215,52,4
10489,104.890179228,169.461000000,100,1215,1215,52,4
10490,104.900176862,169.461000000,100,1215,1215,52,4
10491,104.910177331,169.461000000,100,1215,1215,52,4
10492,104.920179974,169.461000000,100,1215,1215,52,4
10493,104.930179963,255.270000000,100,1365,1215,53,4
10494,104.940179250,255.270000000,100,1365,1215,53,4
10495,104.950178917,255.270000000,100,1365,1215,53,4
10496,104.960178625,255.270000000,100,1365,1215,53,4
10497,104.970178523,255.270000000,100,1365,1215,53,4
10498,104.980177449,255.270000000,100,1365,1215,53,4
10499,104.990178520,255.270000000,100,1365,1215,53,4
10500,105.000177586,255.270000000,100,1365,1215,53,4
10501,105.010178827,255.270000000,100,1365,1215,53,4
10502,105.020179316,255.270000000,100,1365,1215,53,4
10503,105.030179575,255.270000000,100,1110,1215,53,4
10504,105.040179914,156.423000000,100,1110,1215,52,4
10505,105.050181585,156.423000000,100,1110,1215,52,4
10506,105.060178998,156.423000000,100,1110,1215,52,4
10507,105.070179427,156.423000000,100,1110,1215,52,4
10508,105.080177772,156.423000000,100,1110,1215,52,4
10509,105.090178021,156.423000000,100,1110,1215,52,4
10510,105.100176196,156.423000000,100,1110,1215,52,4
10511,105.110175092,156.423000000,100,1110,1215,52,4
10512,105.120177154,156.423000000,100,1110,1215,52,4
10513,105.130179056,255.715000000,100,1365,1215,53,4
10514,105.140179576,255.715000000,100,1365,1215,53,4
10515,105.150178021,255.715000000,100,1365,1215,53,4
10516,105.160176977,255.715000000,100,1365,1215,53,4
10517,105.170178047,255.715000000,100,1365,1215,53,4
10518,105.180177925,255.715000000,100,1365,1215,53,4
10519,105.190177834,255.715000000,100,1365,1215,53,4
10520,105.200177531,255.715000000,100,1365,1215,53,4
10521,105.210177900,255.715000000,100,1365,1215,53,4
10522,105.220182257,255.715000000,100,1365,1215,53,4
10523,105.230177656,255.715000000,100,1140,1215,53,4
10524,105.240179007,162.074000000,100,1140,1215,52,4
10525,105.250178374,162.074000000,100,1140,1215,52,4
10526,105.260178312,162.074000000,100,1140,1215,52,4
10527,105.270177229,162.074000000,100,1140,1215,52,4
10528,105.280177738,162.074000000,100,1140,1215,52,4
10529,105.290177876,162.074000000,100,1140,1215,52,4
10530,105.300181201,162.074000000,100,1140,1215,52,4
10531,105.310178244,162.074000000,100,1140,1215,52,4
10532,105.320176669,162.074000000,100,1140,1215,52,4
10533,105.330176898,162.074000000,100,1140,1215,52,4
10534,105.340177958,240.610000000,100,1350,1215,52,4
10535,105.350178317,240.610000000,100,1350,1215,52,4
10536,105.360177483,240.610000000,100,1350,1215,52,4
10537,105.370177452,240.610000000,100,1350,1215,52,4
10538,105.380178071,240.610000000,100,1350,1215,52,4
10539,105.390180855,240.610000000,100,1350,1215,52,4
10540,105.400177727,240.610000000,100,1350,1215,52,4
10541,105.410178006,240.610000000,100,1350,1215,52,4
10542,105.420177784,240.610000000,100,1350,1215,52,4
10543,105.430177942,240.610000000,100,1350,1215,52,4
10544,105.440177800,196.673000000,100,1230,1215,52,4
10545,105.450179442,196.673000000,100,1230,1215,53,4
10546,105.460176364,196.673000000,100,1230,1215,53,4
10547,105.470177595,196.673000000,100,1230,1215,53,4
10548,105.480178194,196.673000000,100,1230,1215,53,4
10549,105.490177421,196.673000000,100,1230,1215,53,4
10550,105.500177209,196.673000000,100,1230,1215,53,4
10551,105.510177638,196.673000000,100,1230,1215,53,4
10552,105.520176434,196.673000000,100,1230,1215,53,4
10553,105.530177484,196.673000000,100,1260,1215,53,4
10554,105.540176781,196.673000000,100,1260,1215,53,4
10555,105.550177751,200.556000000,100,1260,1215,52,4
10556,105.560177689,200.556000000,100,1260,1215,52,4
10557,105.570177096,200.556000000,100,1260,1215,52,4
10558,105.580177986,200.556000000,100,1260,1215,52,4
10559,105.590181321,200.556000000,100,1260,1215,52,4
10560,105.600177752,200.556000000,100,1260,1215,52,4
10561,105.610177781,200.556000000,100,1260,1215,52,4
10562,105.620178430,200.556000000,100,1260,1215,52,4
10563,105.630179070,200.556000000,100,1275,1215,52,4
10564,105.640178667,200.556000000,100,1275,1215,52,4
10565,105.650179858,207.363000000,100,1275,1215,52,4
10566,105.660178103,207.363000000,100,1275,1215,52,4
10567,105.670177870,207.363000000,100,1275,1215,52,4
10568,105.680177188,207.363000000,100,1275,1215,52,4
10569,105.690178468,207.363000000,100,1275,1215,52,4
10570,105.700177044,207.363000000,100,1275,1215,52,4
10571,105.710177864,207.363000000,100,1275,1215,52,4
10572,105.720176690,207.363000000,100,1275,1215,52,4
10573,105.730177930,207.363000000,100,1215,1215,52,4
10574,105.740176215,207.363000000,100,1215,1215,52,4
10575,105.750177336,207.363000000,100,1215,1215,52,4
10576,105.760176302,207.363000000,100,1215,1215,52,4
10577,105.770177392,207.363000000,100,1215,1215,52,4
10578,105.780177080,207.363000000,100,1215,1215,52,4
10579,105.790177229,207.363000000,100,1215,1215,52,4
10580,105.800177217,207.363000000,100,1215,1215,52,4
10581,105.810182144,207.363000000,100,1215,1215,52,4
10582,105.820178185,207.363000000,100,1215,1215,52,4
10583,105.830177031,182.333000000,100,1335,1215,52,4
10584,105.840176649,182.333000000,100,1335,1215,52,4
10585,105.850177398,182.333000000,100,1335,1215,52,4
10586,105.860176936,182.333000000,100,1335,1215,52,4
10587,105.870176704,182.333000000,100,1335,1215,52,4
10588,105.880177333,182.333000000,100,1335,1215,52,4
10589,105.890183082,182.333000000,100,1335,1215,52,4
10590,105.900174414,182.333000000,100,1335,1215,52,4
10591,105.910179893,182.333000000,100,1335,1215,52,4
10592,105.920179140,182.333000000,100,1335,1215,52,4
10593,105.930177735,235.698000000,100,1185,1215,52,4
10594,105.940178786,235.698000000,100,1185,1215,52,4
10595,105.950180096,235.698000000,100,1185,1215,52,4
10596,105.960178682,235.698000000,100,1185,1215,52,4
10597,105.970175755,235.698000000,100,1185,1215,52,4
10598,105.980177035,235.698000000,100,1185,1215,52,4
10599,105.990177144,235.698000000,100,1185,1215,52,4
10600,106.000177593,235.698000000,100,1185,1215,52,4
10601,106.010177771,235.698000000,100,1185,1215,52,4
10602,106.020177710,235.698000000,100,1185,1215,52,4
10603,106.030178970,177.622000000,100,1320,1215,52,4
10604,106.040178478,177.622000000,100,1320,1215,52,4
10605,106.050178376,177.622000000,100,1320,1215,52,4
10606,106.060177823,177.622000000,100,1320,1215,52,4
10607,106.070176849,177.622000000,100,1320,1215,52,4
10608,106.080178130,177.622000000,100,1320,1215,52,4
10609,106.090177627,177.622000000,100,1320,1215,52,4
10610,106.100176854,177.622000000,100,1320,1215,52,4
10611,106.110180840,177.622000000,100,1320,1215,52,4
10612,106.120179245,177.622000000,100,1320,1215,52,4
10613,106.130177801,227.177000000,100,1215,1215,52,4
10614,106.140180444,227.177000000,100,1215,1215,52,4
10615,106.150179140,227.177000000,100,1215,1215,52,4
10616,106.160176704,227.177000000,100,1215,1215,52,4
10617,106.170191079,227.177000000,100,1215,1215,52,4
10618,106.180179916,227.177000000,100,1215,1215,52,4
10619,106.190179464,227.177000000,100,1215,1215,52,4
10620,106.200182157,227.177000000,100,1215,1215,52,4
10621,106.210182666,227.177000000,100,1215,1215,52,4
10622,106.220177114,227.177000000,100,1215,1215,52,4
10623,106.230179076,185.368000000,100,1290,1215,52,4
10624,106.240178593,185.368000000,100,1290,1215,52,4
10625,106.250179914,185.368000000,100,1290,1215,52,4
10626,106.260178960,185.368000000,100,1290,1215,52,4
10627,106.270175943,185.368000000,100,1290,1215,52,4
10628,106.280178616,185.368000000,100,1290,1215,52,4
10629,106.290174737,185.368000000,100,1290,1215,52,4
10630,106.300178002,185.368000000,100,1290,1215,52,4
10631,106.310174914,185.368000000,100,1290,1215,52,4
10632,106.320178098,185.368000000,100,1290,1215,52,4
10633,106.330180882,214.298000000,100,1260,1215,53,4
10634,106.340178215,214.298000000,100,1260,1215,53,4
10635,106.350176160,214.298000000,100,1260,1215,53,4
10636,106.360179234,214.298000000,100,1260,1215,53,4
10637,106.370178290,214.298000000,100,1260,1215,53,4
10638,106.380178168,214.298000000,100,1260,1215,53,4
10639,106.390182014,214.298000000,100,1260,1215,53,4
10640,106.400181872,214.298000000,100,1260,1215,53,4
10641,106.410178894,214.298000000,100,1260,1215,53,4
10642,106.420178943,214.298000000,100,1260,1215,53,4
10643,106.430179522,207.129000000,100,1245,1215,52,4
10644,106.440178258,207.129000000,100,1245,1215,52,4
10645,106.450175321,207.129000000,100,1245,1215,52,4
10646,106.460178134,207.129000000,100,1245,1215,52,4
10647,106.470177451,207.129000000,100,1245,1215,52,4
10648,106.480174734,207.129000000,100,1245,1215,52,4
10649,106.490178660,207.129000000,100,1245,1215,52,4
10650,106.500178598,207.129000000,100,1245,1215,52,4
10651,106.510179057,207.129000000,100,1245,1215,52,4
10652,106.520179557,207.129000000,100,1245,1215,52,4
10653,106.530200745,193.995000000,100,1290,1215,53,4
10654,106.540176608,193.995000000,100,1290,1215,53,4
10655,106.550178650,193.995000000,100,1290,1215,53,4
10656,106.560178297,193.995000000,100,1290,1215,53,4
10657,106.570177033,193.995000000,100,1290,1215,53,4
10658,106.580177843,193.995000000,100,1290,1215,53,4
10659,106.590179394,193.995000000,100,1290,1215,53,4
10660,106.600176517,193.995000000,100,1290,1215,53,4
10661,106.610177758,193.995000000,100,1290,1215,53,4
10662,106.620178988,193.995000000,100,1290,1215,53,4
10663,106.630177904,216.742000000,100,1215,1215,52,4
10664,106.640179886,216.742000000,100,1215,1215,52,4
10665,106.650179554,216.742000000,100,1215,1215,52,4
10666,106.660177769,216.742000000,100,1215,1215,52,4
10667,106.670176545,216.742000000,100,1215,1215,52,4
10668,106.680178417,216.742000000,100,1215,1215,52,4
10669,106.690178074,216.742000000,100,1215,1215,52,4
10670,106.700178794,216.742000000,100,1215,1215,52,4
10671,106.710174925,216.742000000,100,1215,1215,52,4
10672,106.720178280,216.742000000,100,1215,1215,52,4
10673,106.730180863,184.350000000,100,1335,1215,52,4
10674,106.740174559,184.350000000,100,1335,1215,52,4
10675,106.750178445,184.350000000,100,1335,1215,52,4
10676,106.760175537,184.350000000,100,1335,1215,52,4
10677,106.770175376,184.350000000,100,1335,1215,52,4
10678,106.780178299,184.350000000,100,1335,1215,52,4
10679,106.790178378,184.350000000,100,1335,1215,52,4
10680,106.800175531,184.350000000,100,1335,1215,52,4
10681,106.810179416,184.350000000,100,1335,1215,52,4
10682,106.820178092,184.350000000,100,1335,1215,52,4
10683,106.830178401,232.496000000,100,1215,1215,52,4
10684,106.840177598,232.496000000,100,1215,1215,52,4
10685,106.850178357,232.496000000,100,1215,1215,52,4
10686,106.860178075,232.496000000,100,1215,1215,52,4
10687,106.870175208,232.496000000,100,1215,1215,52,4
10688,106.880179444,232.496000000,100,1215,1215,52,4
10689,106.890177789,232.496000000,100,1215,1215,52,4
10690,106.900174441,232.496000000,100,1215,1215,52,4
10691,106.910178327,232.496000000,100,1215,1215,52,4
10692,106.920179738,232.496000000,100,1215,1215,52,4
10693,106.930177271,180.592000000,100,1305,1215,52,4
10694,106.940180786,180.592000000,100,1305,1215,52,4
10695,106.950177779,180.592000000,100,1305,1215,52,4
10696,106.960179560,180.592000000,100,1305,1215,52,4
10697,106.970178196,180.592000000,100,1305,1215,52,4
10698,106.980177974,180.592000000,100,1305,1215,52,4
10699,106.990174776,180.592000000,100,1305,1215,52,4
10700,107.000174234,180.592000000,100,1305,1215,52,4
10701,107.010178309,180.592000000,100,1305,1215,52,4
10702,107.020176564,180.592000000,100,1305,1215,52,4
10703,107.030179729,228.457000000,100,1215,1215,52,4
10704,107.040178485,228.457000000,100,1215,1215,52,4
10705,107.050178814,228.457000000,100,1215,1215,52,4
10706,107.060177449,228.457000000,100,1215,1215,52,4
10707,107.070178730,228.457000000,100,1215,1215,52,4
10708,107.080178608,228.457000000,100,1215,1215,52,4
10709,107.090177604,228.457000000,100,1215,1215,52,4
10710,107.100174386,228.457000000,100,1215,1215,52,4
10711,107.110179094,228.457000000,100,1215,1215,52,4
10712,107.120178310,228.457000000,100,1215,1215,52,4
10713,107.130179511,177.620000000,100,1275,1215,52,4
10714,107.140177786,177.620000000,100,1275,1215,52,4
10715,107.150180319,177.620000000,100,1275,1215,52,4
10716,107.160175348,177.620000000,100,1275,1215,52,4
10717,107.170179274,177.620000000,100,1275,1215,52,4
10718,107.180178300,177.620000000,100,1275,1215,52,4
10719,107.190178799,177.620000000,100,1275,1215,52,4
10720,107.200179509,177.620000000,100,1275,1215,52,4
10721,107.210177664,177.620000000,100,1275,1215,52,4
10722,107.220179285,177.620000000,100,1275,1215,52,4
10723,107.230179013,224.220000000,100,1305,1215,53,4
10724,107.240180494,224.220000000,100,1305,1215,53,4
10725,107.250178789,224.220000000,100,1305,1215,53,4
10726,107.260178777,224.220000000,100,1305,1215,53,4
10727,107.270177122,224.220000000,100,1305,1215,53,4
10728,107.280179485,224.220000000,100,1305,1215,53,4
10729,107.290180044,224.220000000,100,1305,1215,53,4
10730,107.300177047,224.220000000,100,1305,1215,53,4
10731,107.310178899,224.220000000,100,1305,1215,53,4
10732,107.320178887,224.220000000,100,1305,1215,53,4
10733,107.330179667,203.873000000,100,1200,1215,52,4
10734,107.340174696,203.873000000,100,1200,1215,52,4
10735,107.350175465,203.873000000,100,1200,1215,52,4
10736,107.360178559,203.873000000,100,1200,1215,52,4
10737,107.370178868,203.873000000,100,1200,1215,52,4
10738,107.380178055,203.873000000,100,1200,1215,52,4
10739,107.390178364,203.873000000,100,1200,1215,52,4
10740,107.400178492,203.873000000,100,1200,1215,52,4
10741,107.410178791,203.873000000,100,1200,1215,52,4
10742,107.420178669,203.873000000,100,1200,1215,52,4
10743,107.430179709,195.541000000,100,1335,1215,53,4
10744,107.440179357,195.541000000,100,1335,1215,53,4
10745,107.450179155,195.541000000,100,1335,1215,53,4
10746,107.460179634,195.541000000,100,1335,1215,53,4
10747,107.470179001,195.541000000,100,1335,1215,53,4
10748,107.480179300,195.541000000,100,1335,1215,53,4
10749,107.490178537,195.541000000,100,1335,1215,53,4
10750,107.500178786,195.541000000,100,1335,1215,53,4
10751,107.510178794,195.541000000,100,1335,1215,53,4
10752,107.520175145,195.541000000,100,1335,1215,53,4
10753,107.530180514,221.128000000,100,1170,1215,52,4
10754,107.540177326,221.128000000,100,1170,1215,52,4
10755,107.550178997,221.128000000,100,1170,1215,52,4
10756,107.560176060,221.128000000,100,1170,1215,52,4
10757,107.570176329,221.128000000,100,1170,1215,52,4
10758,107.580177720,221.128000000,100,1170,1215,52,4
10759,107.590179251,221.128000000,100,1170,1215,52,4
10760,107.600178989,221.128000000,100,1170,1215,52,4
10761,107.610179468,221.128000000,100,1170,1215,52,4
10762,107.620179426,221.128000000,100,1170,1215,52,4
10763,107.630179084,174.043000000,100,1350,1215,52,4
10764,107.640178180,174.043000000,100,1350,1215,52,4
10765,107.650178960,174.043000000,100,1350,1215,52,4
10766,107.660177085,174.043000000,100,1350,1215,52,4
10767,107.670179137,174.043000000,100,1350,1215,52,4
10768,107.680179255,174.043000000,100,1350,1215,52,4
10769,107.690179093,174.043000000,100,1350,1215,52,4
10770,107.700176657,174.043000000,100,1350,1215,52,4
10771,107.710178599,174.043000000,100,1350,1215,52,4
10772,107.720174449,174.043000000,100,1350,1215,52,4
10773,107.730180188,243.809000000,100,1170,1215,53,4
10774,107.740179325,243.809000000,100,1170,1215,53,4
10775,107.750178862,243.809000000,100,1170,1215,53,4
10776,107.760178360,243.809000000,100,1170,1215,53,4
10777,107.770178438,243.809000000,100,1170,1215,53,4
10778,107.780184378,243.809000000,100,1170,1215,53,4
10779,107.790178795,243.809000000,100,1170,1215,53,4
10780,107.800175488,243.809000000,100,1170,1215,53,4
10781,107.810176428,243.809000000,100,1170,1215,53,4
10782,107.820178179,243.809000000,100,1170,1215,53,4
10783,107.830179480,172.673000000,100,1320,1215,52,4
10784,107.840176683,172.673000000,100,1320,1215,52,4
10785,107.850176040,172.673000000,100,1320,1215,52,4
10786,107.860178252,172.673000000,100,1320,1215,52,4
10787,107.870179423,172.673000000,100,1320,1215,52,4
10788,107.880178229,172.673000000,100,1320,1215,52,4
10789,107.890179840,172.673000000,100,1320,1215,52,4
10790,107.900177183,172.673000000,100,1320,1215,52,4
10791,107.910177933,172.673000000,100,1320,1215,52,4
10792,107.920176970,172.673000000,100,1320,1215,52,4
10793,107.930180114,238.058000000,100,1215,1215,53,4
10794,107.940183478,238.058000000,100,1215,1215,53,4
10795,107.950179249,238.058000000,100,1215,1215,53,4
10796,107.960178145,238.058000000,100,1215,1215,53,4
10797,107.970175428,238.058000000,100,1215,1215,53,4
10798,107.980178071,238.058000000,100,1215,1215,53,4
10799,107.990174673,238.058000000,100,1215,1215,53,4
10800,108.000179701,238.058000000,100,1215,1215,53,4
10801,108.010174068,238.058000000,100,1215,1215,53,4
10802,108.020176491,238.058000000,100,1215,1215,53,4
10803,108.030178644,177.367000000,100,1245,1215,52,4
10804,108.040179203,177.367000000,100,1245,1215,52,4
10805,108.050179582,177.367000000,100,1245,1215,52,4
10806,108.060178228,177.367000000,100,1245,1215,52,4
10807,108.070177224,177.367000000,100,1245,1215,52,4
10808,108.080177884,177.367000000,100,1245,1215,52,4
10809,108.090178393,177.367000000,100,1245,1215,52,4
10810,108.100178161,177.367000000,100,1245,1215,52,4
10811,108.110178239,177.367000000,100,1245,1215,52,4
10812,108.120177185,177.367000000,100,1245,1215,52,4
10813,108.130179558,217.136000000,100,1320,1215,53,4
10814,108.140174677,217.136000000,100,1320,1215,53,4
10815,108.150179154,217.136000000,100,1320,1215,53,4
10816,108.160186095,217.136000000,100,1320,1215,53,4
10817,108.170178249,217.136000000,100,1320,1215,53,4
10818,108.180178828,217.136000000,100,1320,1215,53,4
10819,108.190179868,217.136000000,100,1320,1215,53,4
10820,108.200177602,217.136000000,100,1320,1215,53,4
10821,108.210179174,217.136000000,100,1320,1215,53,4
10822,108.220177599,217.136000000,100,1320,1215,53,4
10823,108.230178920,214.206000000,100,1170,1215,53,4
10824,108.240178477,214.206000000,100,1170,1215,52,4
10825,108.250178656,214.206000000,100,1170,1215,52,4
10826,108.260182511,214.206000000,100,1170,1215,52,4
10827,108.270178692,214.206000000,100,1170,1215,52,4
10828,108.280178640,214.206000000,100,1170,1215,52,4
10829,108.290183297,214.206000000,100,1170,1215,52,4
10830,108.300181943,214.206000000,100,1170,1215,52,4
10831,108.310179276,214.206000000,100,1170,1215,52,4
10832,108.320177171,214.206000000,100,1170,1215,52,4
10833,108.330182519,188.632000000,100,1350,1215,53,4
10834,108.340178440,188.632000000,100,1350,1215,53,4
10835,108.350178608,188.632000000,100,1350,1215,53,4
10836,108.360176643,188.632000000,100,1350,1215,53,4
10837,108.370177423,188.632000000,100,1350,1215,53,4
10838,108.380177571,188.632000000,100,1350,1215,53,4
10839,108.390178341,188.632000000,100,1350,1215,53,4
10840,108.400181305,188.632000000,100,1350,1215,53,4
10841,108.410177646,188.632000000,100,1350,1215,53,4
10842,108.420178105,188.632000000,100,1350,1215,53,4
10843,108.430178094,188.632000000,100,1155,1215,53,4
10844,108.440179043,238.232000000,100,1155,1215,52,4
10845,108.450177178,238.232000000,100,1155,1215,52,4
10846,108.460182667,238.232000000,100,1155,1215,52,4
10847,108.470178177,238.232000000,100,1155,1215,52,4
10848,108.480177043,238.232000000,100,1155,1215,52,4
10849,108.490176470,238.232000000,100,1155,1215,52,4
10850,108.500177400,238.232000000,100,1155,1215,52,4
10851,108.510177148,238.232000000,100,1155,1215,52,4
10852,108.520176264,238.232000000,100,1155,1215,52,4
10853,108.530178196,161.817000000,100,1335,1215,52,4
10854,108.540177664,161.817000000,100,1335,1215,52,4
10855,108.550179035,161.817000000,100,1335,1215,52,4
10856,108.560177971,161.817000000,100,1335,1215,52,4
10857,108.570183029,161.817000000,100,1335,1215,52,4
10858,108.580177517,161.817000000,100,1335,1215,52,4
10859,108.590178196,161.817000000,100,1335,1215,52,4
10860,108.600177984,161.817000000,100,1335,1215,52,4
10861,108.610181669,161.817000000,100,1335,1215,52,4
10862,108.620178832,161.817000000,100,1335,1215,52,4
10863,108.630179461,248.005000000,100,1200,1215,52,4
10864,108.640177496,248.005000000,100,1200,1215,52,4
10865,108.650178456,248.005000000,100,1200,1215,52,4
10866,108.660182572,248.005000000,100,1200,1215,52,4
10867,108.670178964,248.005000000,100,1200,1215,52,4
10868,108.680178591,248.005000000,100,1200,1215,52,4
10869,108.690178549,248.005000000,100,1200,1215,52,4
10870,108.700177736,248.005000000,100,1200,1215,52,4
10871,108.710178315,248.005000000,100,1200,1215,52,4
10872,108.720177312,248.005000000,100,1200,1215,52,4
10873,108.730178472,165.159000000,100,1320,1215,52,4
10874,108.740177599,165.159000000,100,1320,1215,52,4
10875,108.750177707,165.159000000,100,1320,1215,52,4
10876,108.760177575,165.159000000,100,1320,1215,52,4
10877,108.770177704,165.159000000,100,1320,1215,52,4
10878,108.780177452,165.159000000,100,1320,1215,52,4
10879,108.790177410,165.159000000,100,1320,1215,52,4
10880,108.800177278,165.159000000,100,1320,1215,52,4
10881,108.810178749,165.159000000,100,1320,1215,52,4
10882,108.820178887,165.159000000,100,1320,1215,52,4
10883,108.830179166,247.637000000,100,1230,1215,53,4
10884,108.840180447,247.637000000,100,1230,1215,53,4
10885,108.850177229,247.637000000,100,1230,1215,53,4
10886,108.860177518,247.637000000,100,1230,1215,53,4
10887,108.870176845,247.637000000,100,1230,1215,53,4
10888,108.880177755,247.637000000,100,1230,1215,53,4
10889,108.890180839,247.637000000,100,1230,1215,53,4
10890,108.900176830,247.637000000,100,1230,1215,53,4
10891,108.910177479,247.637000000,100,1230,1215,53,4
10892,108.920176696,247.637000000,100,1230,1215,53,4
10893,108.930177356,166.891000000,100,1230,1215,52,4
10894,108.940176462,166.891000000,100,1230,1215,52,4
10895,108.950178013,166.891000000,100,1230,1215,52,4
10896,108.960177982,166.891000000,100,1230,1215,52,4
10897,108.970177599,166.891000000,100,1230,1215,52,4
10898,108.980184090,166.891000000,100,1230,1215,52,4
10899,108.990179399,166.891000000,100,1230,1215,52,4
10900,109.000175941,166.891000000,100,1230,1215,52,4
10901,109.010179476,166.891000000,100,1230,1215,52,4
10902,109.020179053,166.891000000,100,1230,1215,52,4
10903,109.030176958,235.501000000,100,1320,1215,53,4
10904,109.040177808,235.501000000,100,1320,1215,53,4
10905,109.050178016,235.501000000,100,1320,1215,53,4
10906,109.060174498,235.501000000,100,1320,1215,53,4
10907,109.070176710,235.501000000,100,1320,1215,53,4
10908,109.080181738,235.501000000,100,1320,1215,53,4
10909,109.090179742,235.501000000,100,1320,1215,53,4
10910,109.100176895,235.501000000,100,1320,1215,53,4
10911,109.110183857,235.501000000,100,1320,1215,53,4
10912,109.120178816,235.501000000,100,1320,1215,53,4
10913,109.130178293,191.462000000,100,1200,1215,52,4
10914,109.140178421,191.462000000,100,1200,1215,52,4
10915,109.150179732,191.462000000,100,1200,1215,52,4
10916,109.160177476,191.462000000,100,1200,1215,52,4
10917,109.170176893,191.462000000,100,1200,1215,52,4
10918,109.180178304,191.462000000,100,1200,1215,52,4
10919,109.190178232,191.462000000,100,1200,1215,52,4
10920,109.200178802,191.462000000,100,1200,1215,52,4
10921,109.210177668,191.462000000,100,1200,1215,52,4
10922,109.220178247,191.462000000,100,1200,1215,52,4
10923,109.230178586,214.769000000,100,1320,1215,53,4
10924,109.240178484,214.769000000,100,1320,1215,53,4
10925,109.250177951,214.769000000,100,1320,1215,53,4
10926,109.260177850,214.769000000,100,1320,1215,53,4
10927,109.270177557,214.769000000,100,1320,1215,53,4
10928,109.280177676,214.769000000,100,1320,1215,53,4
10929,109.290177283,214.769000000,100,1320,1215,53,4
10930,109.300177151,214.769000000,100,1320,1215,53,4
10931,109.310178532,214.769000000,100,1320,1215,53,4
10932,109.320182568,214.769000000,100,1320,1215,53,4
10933,109.330179330,205.847000000,100,1155,1215,52,4
10934,109.340177946,205.847000000,100,1155,1215,52,4
10935,109.350178525,205.847000000,100,1155,1215,52,4
10936,109.360177662,205.847000000,100,1155,1215,52,4
10937,109.370177520,205.847000000,100,1155,1215,52,4
10938,109.380177678,205.847000000,100,1155,1215,52,4
10939,109.390182305,205.847000000,100,1155,1215,52,4
10940,109.400178266,205.847000000,100,1155,1215,52,4
10941,109.410178104,205.847000000,100,1155,1215,52,4
10942,109.420183192,205.847000000,100,1155,1215,52,4
10943,109.430183330,184.098000000,100,1365,1215,52,4
10944,109.440177798,184.098000000,100,1365,1215,52,4
10945,109.450178959,184.098000000,100,1365,1215,52,4
10946,109.460177935,184.098000000,100,1365,1215,52,4
10947,109.470177923,184.098000000,100,1365,1215,52,4
10948,109.480182330,184.098000000,100,1365,1215,52,4
10949,109.490183100,184.098000000,100,1365,1215,52,4
10950,109.500178459,184.098000000,100,1365,1215,52,4
10951,109.510179209,184.098000000,100,1365,1215,52,4
10952,109.520178295,184.098000000,100,1365,1215,52,4
10953,109.530179666,245.762000000,100,1140,1215,52,4
10954,109.540175787,245.762000000,100,1140,1215,52,4
10955,109.550178070,245.762000000,100,1140,1215,52,4
10956,109.560178098,245.762000000,100,1140,1215,52,4
10957,109.570178427,245.762000000,100,1140,1215,52,4
10958,109.580178245,245.762000000,100,1140,1215,52,4
10959,109.590183653,245.762000000,100,1140,1215,52,4
10960,109.600178222,245.762000000,100,1140,1215,52,4
10961,109.610178721,245.762000000,100,1140,1215,52,4
10962,109.620178438,245.762000000,100,1140,1215,52,4
10963,109.630179689,161.965000000,100,1290,1215,52,4
10964,109.640179557,161.965000000,100,1290,1215,52,4
10965,109.650178293,161.965000000,100,1290,1215,52,4
10966,109.660178842,161.965000000,100,1290,1215,52,4
10967,109.670177298,161.965000000,100,1290,1215,52,4
10968,109.680177747,161.965000000,100,1290,1215,52,4
10969,109.690178236,161.965000000,100,1290,1215,52,4
10970,109.700177653,161.965000000,100,1290,1215,52,4
10971,109.710178443,161.965000000,100,1290,1215,52,4
10972,109.720179012,161.965000000,100,1290,1215,52,4
10973,109.730182838,248.515000000,100,1275,1215,52,4
10974,109.740183617,248.515000000,100,1275,1215,53,4
10975,109.750179418,248.515000000,100,1275,1215,53,4
10976,109.760178024,248.515000000,100,1275,1215,53,4
10977,109.770174715,248.515000000,100,1275,1215,53,4
10978,109.780175305,248.515000000,100,1275,1215,53,4
10979,109.790179782,248.515000000,100,1275,1215,53,4
10980,109.800180451,248.515000000,100,1275,1215,53,4
10981,109.810178255,248.515000000,100,1275,1215,53,4
10982,109.820175138,248.515000000,100,1275,1215,53,4
10983,109.830180075,248.515000000,100,1185,1215,53,4
10984,109.840175365,166.472000000,100,1185,1215,52,4
10985,109.850179891,166.472000000,100,1185,1215,52,4
10986,109.860177555,166.472000000,100,1185,1215,52,4
10987,109.870176952,166.472000000,100,1185,1215,52,4
10988,109.880176159,166.472000000,100,1185,1215,52,4
10989,109.890179614,166.472000000,100,1185,1215,52,4
10990,109.900179622,166.472000000,100,1185,1215,52,4
10991,109.910179140,166.472000000,100,1185,1215,52,4
10992,109.920179539,166.472000000,100,1185,1215,52,4
10993,109.930180278,240.976000000,100,1350,1215,53,4
10994,109.940179245,240.976000000,100,1350,1215,53,4
10995,109.950180315,240.976000000,100,1350,1215,53,4
10996,109.960179011,240.976000000,100,1350,1215,53,4
10997,109.970178739,240.976000000,100,1350,1215,53,4
10998,109.980179037,240.976000000,100,1350,1215,53,4
10999,109.990177202,240.976000000,100,1350,1215,53,4
11000,110.000178252,240.976000000,100,1350,1215,53,4
11001,110.010178090,240.976000000,100,1350,1215,53,4
11002,110.020179251,240.976000000,100,1350,1215,53,4
11003,110.030179910,174.296000000,100,1185,1215,52,4
11004,110.040180941,174.296000000,100,1185,1215,52,4
11005,110.050177192,174.296000000,100,1185,1215,52,4
11006,110.060178623,174.296000000,100,1185,1215,52,4
11007,110.070179332,174.296000000,100,1185,1215,52,4
11008,110.080178840,174.296000000,100,1185,1215,52,4
11009,110.090178638,174.296000000,100,1185,1215,52,4
11010,110.100178706,174.296000000,100,1185,1215,52,4
11011,110.110178133,174.296000000,100,1185,1215,52,4
11012,110.120178903,174.296000000,100,1185,1215,52,4
11013,110.130179563,237.994000000,100,1335,1215,53,4
11014,110.140178118,237.994000000,100,1335,1215,53,4
11015,110.150178697,237.994000000,100,1335,1215,53,4
11016,110.160176441,237.994000000,100,1335,1215,53,4
11017,110.170178974,237.994000000,100,1335,1215,53,4
11018,110.180174725,237.994000000,100,1335,1215,53,4
11019,110.190179973,237.994000000,100,1335,1215,53,4
11020,110.200178889,237.994000000,100,1335,1215,53,4
11021,110.210177475,237.994000000,100,1335,1215,53,4
11022,110.220179827,237.994000000,100,1335,1215,53,4
11023,110.230180206,181.169000000,100,1155,1215,52,4
11024,110.240175816,181.169000000,100,1155,1215,52,4
11025,110.250178961,181.169000000,100,1155,1215,52,4
11026,110.260179119,181.169000000,100,1155,1215,52,4
11027,110.270180210,181.169000000,100,1155,1215,52,4
11028,110.280177493,181.169000000,100,1155,1215,52,4
11029,110.290178753,181.169000000,100,1155,1215,52,4
11030,110.300178792,181.169000000,100,1155,1215,52,4
11031,110.310179662,181.169000000,100,1155,1215,52,4
11032,110.320178448,181.169000000,100,1155,1215,52,4
11033,110.330179889,208.789000000,100,1350,1215,52,4
11034,110.340176881,208.789000000,100,1350,1215,52,4
11035,110.350174695,208.789000000,100,1350,1215,52,4
11036,110.360178180,208.789000000,100,1350,1215,52,4
11037,110.370177487,208.789000000,100,1350,1215,52,4
11038,110.380179078,208.789000000,100,1350,1215,52,4
11039,110.390177353,208.789000000,100,1350,1215,52,4
11040,110.400174667,208.789000000,100,1350,1215,52,4
11041,110.410178823,208.789000000,100,1350,1215,52,4
11042,110.420178540,208.789000000,100,1350,1215,52,4
11043,110.430180152,216.390000000,100,1170,1215,52,4
11044,110.440179198,216.390000000,100,1170,1215,52,4
11045,110.450178675,216.390000000,100,1170,1215,52,4
11046,110.460175448,216.390000000,100,1170,1215,52,4
11047,110.470178181,216.390000000,100,1170,1215,52,4
11048,110.480179312,216.390000000,100,1170,1215,52,4
11049,110.490176955,216.390000000,100,1170,1215,52,4
11050,110.500180260,216.390000000,100,1170,1215,52,4
11051,110.510179276,216.390000000,100,1170,1215,52,4
11052,110.520176980,216.390000000,100,1170,1215,52,4
11053,110.530175225,185.857000000,100,1335,1215,52,4
11054,110.540179121,185.857000000,100,1335,1215,52,4
11055,110.550179069,185.857000000,100,1335,1215,52,4
11056,110.560177975,185.857000000,100,1335,1215,52,4
11057,110.570178995,185.857000000,100,1335,1215,52,4
11058,110.580178202,185.857000000,100,1335,1215,52,4
11059,110.590179343,185.857000000,100,1335,1215,52,4
11060,110.600178379,185.857000000,100,1335,1215,52,4
11061,110.610180000,185.857000000,100,1335,1215,52,4
11062,110.620177544,185.857000000,100,1335,1215,52,4
11063,110.630180939,227.758000000,100,1215,1215,53,4
11064,110.640178713,227.758000000,100,1215,1215,53,4
11065,110.650179533,227.758000000,100,1215,1215,53,4
11066,110.660179160,227.758000000,100,1215,1215,53,4
11067,110.670175732,227.758000000,100,1215,1215,53,4
11068,110.680179037,227.758000000,100,1215,1215,53,4
11069,110.690178303,227.758000000,100,1215,1215,53,4
11070,110.700175106,227.758000000,100,1215,1215,53,4
11071,110.710176897,227.758000000,100,1215,1215,53,4
11072,110.720176946,227.758000000,100,1215,1215,53,4
11073,110.730178286,166.471000000,100,1260,1215,52,4
11074,110.740179838,166.471000000,100,1260,1215,52,4
11075,110.750180217,166.471000000,100,1260,1215,52,4
11076,110.760176288,166.471000000,100,1260,1215,52,4
11077,110.770182387,166.471000000,100,1260,1215,52,4
11078,110.780180282,166.471000000,100,1260,1215,52,4
11079,110.790178306,166.471000000,100,1260,1215,52,4
11080,110.800178705,166.471000000,100,1260,1215,52,4
11081,110.810177581,166.471000000,100,1260,1215,52,4
11082,110.820180084,166.471000000,100,1260,1215,52,4
11083,110.830180493,238.822000000,100,1290,1215,53,4
11084,110.840175111,238.822000000,100,1290,1215,53,4
11085,110.850179538,238.822000000,100,1290,1215,53,4
11086,110.860175499,238.822000000,100,1290,1215,53,4
11087,110.870175207,238.822000000,100,1290,1215,53,4
11088,110.880178681,238.822000000,100,1290,1215,53,4
11089,110.890177487,238.822000000,100,1290,1215,53,4
11090,110.900179009,238.822000000,100,1290,1215,53,4
11091,110.910176432,238.822000000,100,1290,1215,53,4
11092,110.920177653,238.822000000,100,1290,1215,53,4
11093,110.930180757,178.975000000,100,1215,1215,52,4
11094,110.940179913,178.975000000,100,1215,1215,52,4
11095,110.950179701,178.975000000,100,1215,1215,52,4
11096,110.960178487,178.975000000,100,1215,1215,52,4
11097,110.970179026,178.975000000,100,1215,1215,52,4
11098,110.980180047,178.975000000,100,1215,1215,52,4
11099,110.990179273,178.975000000,100,1215,1215,52,4
11100,111.000179422,178.975000000,100,1215,1215,52,4
11101,111.010178909,178.975000000,100,1215,1215,52,4
11102,111.020176663,178.975000000,100,1215,1215,52,4
11103,111.030180799,228.838000000,100,1335,1215,52,4
11104,111.040179565,228.838000000,100,1335,1215,53,4
11105,111.050177059,228.838000000,100,1335,1215,53,4
11106,111.060179852,228.838000000,100,1335,1215,53,4
11107,111.070180833,228.838000000,100,1335,1215,53,4
11108,111.080179709,228.838000000,100,1335,1215,53,4
11109,111.090178585,228.838000000,100,1335,1215,53,4
11110,111.100179635,228.838000000,100,1335,1215,53,4
11111,111.110178702,228.838000000,100,1335,1215,53,4
11112,111.120178580,228.838000000,100,1335,1215,53,4
11113,111.130179560,172.787000000,100,1155,1215,53,4
11114,111.140175911,172.787000000,100,1155,1215,52,4
11115,111.150179466,172.787000000,100,1155,1215,52,4
11116,111.160178663,172.787000000,100,1155,1215,52,4
11117,111.170178701,172.787000000,100,1155,1215,52,4
11118,111.180178750,172.787000000,100,1155,1215,52,4
11119,111.190178838,172.787000000,100,1155,1215,52,4
11120,111.200178426,172.787000000,100,1155,1215,52,4
11121,111.210179055,172.787000000,100,1155,1215,52,4
11122,111.220178372,172.787000000,100,1155,1215,52,4
11123,111.230177008,220.521000000,100,1350,1215,52,4
11124,111.240179411,220.521000000,100,1350,1215,52,4
11125,111.250177175,220.521000000,100,1350,1215,52,4
11126,111.260177774,220.521000000,100,1350,1215,52,4
11127,111.270175648,220.521000000,100,1350,1215,52,4
11128,111.280179624,220.521000000,100,1350,1215,52,4
11129,111.290180083,220.521000000,100,1350,1215,52,4
11130,111.300176906,220.521000000,100,1350,1215,52,4
11131,111.310178577,220.521000000,100,1350,1215,52,4
11132,111.320180369,220.521000000,100,1350,1215,52,4
11133,111.330179315,197.784000000,100,1185,1215,52,4
11134,111.340176538,197.784000000,100,1185,1215,52,4
11135,111.350178129,197.784000000,100,1185,1215,52,4
11136,111.360179781,197.784000000,100,1185,1215,52,4
11137,111.370178056,197.784000000,100,1185,1215,52,4
11138,111.380179026,197.784000000,100,1185,1215,52,4
11139,111.390177521,197.784000000,100,1185,1215,52,4
11140,111.400179243,197.784000000,100,1185,1215,52,4
11141,111.410179481,197.784000000,100,1185,1215,52,4
11142,111.420178438,197.784000000,100,1185,1215,52,4
11143,111.430179237,194.532000000,100,1305,1215,52,4
11144,111.440178825,194.532000000,100,1305,1215,52,4
11145,111.450180116,194.532000000,100,1305,1215,52,4
11146,111.460178771,194.532000000,100,1305,1215,52,4
11147,111.470180242,194.532000000,100,1305,1215,52,4
11148,111.480178618,194.532000000,100,1305,1215,52,4
11149,111.490178275,194.532000000,100,1305,1215,52,4
11150,111.500179085,194.532000000,100,1305,1215,52,4
11151,111.510175126,194.532000000,100,1305,1215,52,4
11152,111.520178340,194.532000000,100,1305,1215,52,4
11153,111.530179180,224.012000000,100,1245,1215,53,4
11154,111.540179349,224.012000000,100,1245,1215,53,4
11155,111.550217078,224.012000000,100,1245,1215,53,4
11156,111.560179165,224.012000000,100,1245,1215,53,4
11157,111.570179534,224.012000000,100,1245,1215,53,4
11158,111.580180073,224.012000000,100,1245,1215,53,4
11159,111.590176855,224.012000000,100,1245,1215,53,4
11160,111.600179659,224.012000000,100,1245,1215,53,4
11161,111.610179627,224.012000000,100,1245,1215,53,4
11162,111.620178303,224.012000000,100,1245,1215,53,4
11163,111.630184212,164.508000000,100,1215,1215,52,4
11164,111.640179943,164.508000000,100,1215,1215,52,4
11165,111.650368515,164.508000000,100,1215,1215,52,4
11166,111.660179258,164.508000000,100,1215,1215,52,4
11167,111.670181320,164.508000000,100,1215,1215,52,4
11168,111.680177451,164.508000000,100,1215,1215,52,4
11169,111.690180495,164.508000000,100,1215,1215,52,4
11170,111.700179051,164.508000000,100,1215,1215,52,4
11171,111.710175101,164.508000000,100,1215,1215,52,4
11172,111.720178276,164.508000000,100,1215,1215,52,4
11173,111.730180137,246.434000000,100,1305,1215,53,4
11174,111.740177791,246.434000000,100,1305,1215,53,4
11175,111.750179182,246.434000000,100,1305,1215,53,4
11176,111.760178860,246.434000000,100,1305,1215,53,4
11177,111.770179329,246.434000000,100,1305,1215,53,4
11178,111.780179017,246.434000000,100,1305,1215,53,4
11179,111.790174306,246.434000000,100,1305,1215,53,4
11180,111.800180125,246.434000000,100,1305,1215,53,4
11181,111.810178781,246.434000000,100,1305,1215,53,4
11182,111.820179721,246.434000000,100,1305,1215,53,4
11183,111.830179800,171.544000000,100,1185,1215,52,4
11184,111.840179527,171.544000000,100,1185,1215,52,4
11185,111.850179856,171.544000000,100,1185,1215,52,4
11186,111.860179474,171.544000000,100,1185,1215,52,4
11187,111.870178801,171.544000000,100,1185,1215,52,4
11188,111.880178949,171.544000000,100,1185,1215,52,4
11189,111.890179258,171.544000000,100,1185,1215,52,4
11190,111.900178495,171.544000000,100,1185,1215,52,4
11191,111.910178864,171.544000000,100,1185,1215,52,4
11192,111.920177610,171.544000000,100,1185,1215,52,4
11193,111.930180544,238.424000000,100,1335,1215,53,4
11194,111.940178558,238.424000000,100,1335,1215,53,4
11195,111.950175601,238.424000000,100,1335,1215,53,4
11196,111.960178865,238.424000000,100,1335,1215,53,4
11197,111.970177591,238.424000000,100,1335,1215,53,4
11198,111.980179273,238.424000000,100,1335,1215,53,4
11199,111.990179642,238.424000000,100,1335,1215,53,4
11200,112.000179610,238.424000000,100,1335,1215,53,4
11201,112.010179087,238.424000000,100,1335,1215,53,4
11202,112.020178885,238.424000000,100,1335,1215,53,4
11203,112.030183061,176.337000000,100,1155,1215,53,4
11204,112.040178441,176.337000000,100,1155,1215,52,4
11205,112.050179541,176.337000000,100,1155,1215,52,4
11206,112.060179018,176.337000000,100,1155,1215,52,4
11207,112.070176973,176.337000000,100,1155,1215,52,4
11208,112.080179376,176.337000000,100,1155,1215,52,4
11209,112.090179234,176.337000000,100,1155,1215,52,4
11210,112.100180113,176.337000000,100,1155,1215,52,4
11211,112.110179080,176.337000000,100,1155,1215,52,4
11212,112.120179128,176.337000000,100,1155,1215,52,4
11213,112.130179317,176.337000000,100,1335,1215,52,4
11214,112.140180828,225.498000000,100,1335,1215,52,4
11215,112.150179384,225.498000000,100,1335,1215,52,4
11216,112.160178881,225.498000000,100,1335,1215,52,4
11217,112.170240294,225.498000000,100,1335,1215,52,4
11218,112.180179208,225.498000000,100,1335,1215,52,4
11219,112.190177333,225.498000000,100,1335,1215,52,4
11220,112.200178894,225.498000000,100,1335,1215,52,4
11221,112.210175766,225.498000000,100,1335,1215,52,4
11222,112.220178630,225.498000000,100,1335,1215,52,4
11223,112.230180281,225.498000000,100,1230,1215,52,4
11224,112.240177645,199.053000000,100,1230,1215,52,4
11225,112.250180498,199.053000000,100,1230,1215,52,4
11226,112.260176980,199.053000000,100,1230,1215,52,4
11227,112.270176067,199.053000000,100,1230,1215,52,4
11228,112.280175203,199.053000000,100,1230,1215,52,4
11229,112.290178738,199.053000000,100,1230,1215,52,4
11230,112.300178867,199.053000000,100,1230,1215,52,4
11231,112.310179206,199.053000000,100,1230,1215,52,4
11232,112.320178432,199.053000000,100,1230,1215,52,4
11233,112.330177800,199.053000000,100,1260,1215,52,4
11234,112.340179451,192.631000000,100,1260,1215,52,4
11235,112.350177606,192.631000000,100,1260,1215,52,4
11236,112.360179347,192.631000000,100,1260,1215,52,4
11237,112.370178574,192.631000000,100,1260,1215,52,4
11238,112.380177480,192.631000000,100,1260,1215,52,4
11239,112.390178891,192.631000000,100,1260,1215,52,4
11240,112.400175884,192.631000000,100,1260,1215,52,4
11241,112.410178367,192.631000000,100,1260,1215,52,4
11242,112.420178936,192.631000000,100,1260,1215,52,4
11243,112.430175698,192.631000000,100,1305,1215,52,4
11244,112.440176087,228.918000000,100,1305,1215,53,4
11245,112.450178069,228.918000000,100,1305,1215,53,4
11246,112.460179951,228.918000000,100,1305,1215,53,4
11247,112.470178597,228.918000000,100,1305,1215,53,4
11248,112.480177423,228.918000000,100,1305,1215,53,4
11249,112.490178593,228.918000000,100,1305,1215,53,4
11250,112.500178792,228.918000000,100,1305,1215,53,4
11251,112.510177979,228.918000000,100,1305,1215,53,4
11252,112.520174911,228.918000000,100,1305,1215,53,4
11253,112.530177985,228.918000000,100,1305,1215,53,4
11254,112.540177643,169.460000000,100,1170,1215,52,4
11255,112.550176389,169.460000000,100,1170,1215,52,4
11256,112.560177780,169.460000000,100,1170,1215,52,4
11257,112.570179121,169.460000000,100,1170,1215,52,4
11258,112.580177897,169.460000000,100,1170,1215,52,4
11259,112.590179177,169.460000000,100,1170,1215,52,4
11260,112.600179206,169.460000000,100,1170,1215,52,4
11261,112.610179795,169.460000000,100,1170,1215,52,4
11262,112.620179483,169.460000000,100,1170,1215,52,4
11263,112.630179160,169.460000000,100,1350,1215,52,4
11264,112.640178247,242.252000000,100,1350,1215,53,4
11265,112.650179588,242.252000000,100,1350,1215,53,4
11266,112.660178213,242.252000000,100,1350,1215,53,4
11267,112.670179073,242.252000000,100,1350,1215,53,4
11268,112.680178470,242.252000000,100,1350,1215,53,4
11269,112.690178960,242.252000000,100,1350,1215,53,4
11270,112.700177335,242.252000000,100,1350,1215,53,4
11271,112.710178896,242.252000000,100,1350,1215,53,4
11272,112.720180066,242.252000000,100,1350,1215,53,4
11273,112.730178752,169.294000000,100,1155,1215,53,4
11274,112.740178160,169.294000000,100,1155,1215,52,4
11275,112.750179490,169.294000000,100,1155,1215,52,4
11276,112.760179358,169.294000000,100,1155,1215,52,4
11277,112.770177884,169.294000000,100,1155,1215,52,4
11278,112.780178143,169.294000000,100,1155,1215,52,4
11279,112.790179924,169.294000000,100,1155,1215,52,4
11280,112.800178460,169.294000000,100,1155,1215,52,4
11281,112.810178769,169.294000000,100,1155,1215,52,4
11282,112.820178957,169.294000000,100,1155,1215,52,4
11283,112.830180318,169.294000000,100,1365,1215,53,4
11284,112.840178252,169.294000000,100,1365,1215,53,4
11285,112.850179263,169.294000000,100,1365,1215,53,4
11286,112.860174742,169.294000000,100,1365,1215,53,4
11287,112.870179600,169.294000000,100,1365,1215,53,4
11288,112.880174739,169.294000000,100,1365,1215,53,4
11289,112.890174928,169.294000000,100,1365,1215,53,4
11290,112.900178973,169.294000000,100,1365,1215,53,4
11291,112.910178821,169.294000000,100,1365,1215,53,4
11292,112.920179641,169.294000000,100,1365,1215,53,4
11293,112.930178848,253.583000000,100,1140,1215,52,4
11294,112.940179608,253.583000000,100,1140,1215,52,4
11295,112.950177472,253.583000000,100,1140,1215,52,4
11296,112.960179334,253.583000000,100,1140,1215,52,4
11297,112.970178070,253.583000000,100,1140,1215,52,4
11298,112.980178679,253.583000000,100,1140,1215,52,4
11299,112.990178377,253.583000000,100,1140,1215,52,4
11300,113.000178285,253.583000000,100,1140,1215,52,4
11301,113.010178774,253.583000000,100,1140,1215,52,4
11302,113.020178883,253.583000000,100,1140,1215,52,4
11303,113.030179021,167.751000000,100,1350,1215,52,4
11304,113.040175022,167.751000000,100,1350,1215,52,4
11305,113.050179990,167.751000000,100,1350,1215,52,4
11306,113.060179126,167.751000000,100,1350,1215,52,4
11307,113.070179465,167.751000000,100,1350,1215,52,4
11308,113.080179033,167.751000000,100,1350,1215,52,4
11309,113.090178440,167.751000000,100,1350,1215,52,4
11310,113.100179500,167.751000000,100,1350,1215,52,4
11311,113.110177294,167.751000000,100,1350,1215,52,4
11312,113.120178525,167.751000000,100,1350,1215,52,4
11313,113.130182210,228.523000000,100,1215,1215,53,4
11314,113.140175045,228.523000000,100,1215,1215,53,4
11315,113.150177367,228.523000000,100,1215,1215,53,4
11316,113.160180151,228.523000000,100,1215,1215,53,4
11317,113.170280327,228.523000000,100,1215,1215,53,4
11318,113.180174817,228.523000000,100,1215,1215,53,4
11319,113.190178503,228.523000000,100,1215,1215,53,4
11320,113.200178982,228.523000000,100,1215,1215,53,4
11321,113.210179741,228.523000000,100,1215,1215,53,4
11322,113.220179780,228.523000000,100,1215,1215,53,4
11323,113.230178185,195.335000000,100,1290,1215,52,4
11324,113.240178995,195.335000000,100,1290,1215,52,4
11325,113.250179654,195.335000000,100,1290,1215,52,4
11326,113.260178571,195.335000000,100,1290,1215,52,4
11327,113.270178819,195.335000000,100,1290,1215,52,4
11328,113.280179048,195.335000000,100,1290,1215,52,4
11329,113.290179908,195.335000000,100,1290,1215,52,4
11330,113.300178964,195.335000000,100,1290,1215,52,4
11331,113.310179474,195.335000000,100,1290,1215,52,4
11332,113.320179312,195.335000000,100,1290,1215,52,4
11333,113.330180763,207.276000000,100,1260,1215,53,4
11334,113.340178767,207.276000000,100,1260,1215,53,4
11335,113.350179226,207.276000000,100,1260,1215,53,4
11336,113.360178583,207.276000000,100,1260,1215,53,4
11337,113.370179323,207.276000000,100,1260,1215,53,4
11338,113.380179041,207.276000000,100,1260,1215,53,4
11339,113.390178698,207.276000000,100,1260,1215,53,4
11340,113.400178707,207.276000000,100,1260,1215,53,4
11341,113.410176872,207.276000000,100,1260,1215,53,4
11342,113.420178623,207.276000000,100,1260,1215,53,4
11343,113.430178822,212.724000000,100,1200,1215,52,4
11344,113.440179291,212.724000000,100,1200,1215,52,4
11345,113.450177386,212.724000000,100,1200,1215,52,4
11346,113.460179418,212.724000000,100,1200,1215,52,4
11347,113.470178765,212.724000000,100,1200,1215,52,4
11348,113.480179635,212.724000000,100,1200,1215,52,4
11349,113.490178751,212.724000000,100,1200,1215,52,4
11350,113.500177838,212.724000000,100,1200,1215,52,4
11351,113.510175341,212.724000000,100,1200,1215,52,4
11352,113.520179007,212.724000000,100,1200,1215,52,4
11353,113.530178103,174.833000000,100,1335,1215,53,4
11354,113.540178252,174.833000000,100,1335,1215,53,4
11355,113.550176837,174.833000000,100,1335,1215,53,4
11356,113.560184610,174.833000000,100,1335,1215,53,4
11357,113.570178206,174.833000000,100,1335,1215,53,4
11358,113.580175349,174.833000000,100,1335,1215,53,4
11359,113.590179886,174.833000000,100,1335,1215,53,4
11360,113.600180716,174.833000000,100,1335,1215,53,4
11361,113.610180023,174.833000000,100,1335,1215,53,4
11362,113.620174150,174.833000000,100,1335,1215,53,4
11363,113.630179989,238.356000000,100,1185,1215,52,4
11364,113.640177082,238.356000000,100,1185,1215,52,4
11365,113.650176149,238.356000000,100,1185,1215,52,4
11366,113.660174955,238.356000000,100,1185,1215,52,4
11367,113.670176987,238.356000000,100,1185,1215,52,4
11368,113.680174551,238.356000000,100,1185,1215,52,4
11369,113.690178496,238.356000000,100,1185,1215,52,4
11370,113.700180378,238.356000000,100,1185,1215,52,4
11371,113.710178904,238.356000000,100,1185,1215,52,4
11372,113.720180295,238.356000000,100,1185,1215,52,4
11373,113.730179441,172.338000000,100,1335,1215,52,4
11374,113.740185551,172.338000000,100,1335,1215,53,4
11375,113.750175811,172.338000000,100,1335,1215,53,4
11376,113.760178795,172.338000000,100,1335,1215,53,4
11377,113.770179424,172.338000000,100,1335,1215,53,4
11378,113.780178090,172.338000000,100,1335,1215,53,4
11379,113.790179721,172.338000000,100,1335,1215,53,4
11380,113.800177586,172.338000000,100,1335,1215,53,4
11381,113.810176251,172.338000000,100,1335,1215,53,4
11382,113.820179075,172.338000000,100,1335,1215,53,4
11383,113.830178312,237.344000000,100,1155,1215,53,4
11384,113.840179723,237.344000000,100,1155,1215,52,4
11385,113.850179901,237.344000000,100,1155,1215,52,4
11386,113.860179539,237.344000000,100,1155,1215,52,4
11387,113.870178044,237.344000000,100,1155,1215,52,4
11388,113.880178884,237.344000000,100,1155,1215,52,4
11389,113.890179404,237.344000000,100,1155,1215,52,4
11390,113.900179462,237.344000000,100,1155,1215,52,4
11391,113.910178008,237.344000000,100,1155,1215,52,4
11392,113.920175040,237.344000000,100,1155,1215,52,4
11393,113.930175519,237.344000000,100,1335,1215,52,4
11394,113.940180146,166.376000000,100,1335,1215,52,4
11395,113.950177770,166.376000000,100,1335,1215,52,4
11396,113.960178720,166.376000000,100,1335,1215,52,4
11397,113.970180642,166.376000000,100,1335,1215,52,4
11398,113.980175380,166.376000000,100,1335,1215,52,4
11399,113.990178294,166.376000000,100,1335,1215,52,4
11400,114.000180146,166.376000000,100,1335,1215,52,4
11401,114.010180034,166.376000000,100,1335,1215,52,4
11402,114.020174652,166.376000000,100,1335,1215,52,4
11403,114.030178828,166.376000000,100,1230,1215,52,4
11404,114.040179057,240.484000000,100,1230,1215,53,4
11405,114.050178725,240.484000000,100,1230,1215,53,4
11406,114.060177190,240.484000000,100,1230,1215,53,4
11407,114.070184622,240.484000000,100,1230,1215,53,4
11408,114.080180172,240.484000000,100,1230,1215,53,4
11409,114.090179770,240.484000000,100,1230,1215,53,4
11410,114.100175791,240.484000000,100,1230,1215,53,4
11411,114.110179606,240.484000000,100,1230,1215,53,4
11412,114.120179204,240.484000000,100,1230,1215,53,4
11413,114.130181085,240.484000000,100,1260,1215,53,4
11414,114.140180392,185.953000000,100,1260,1215,52,4
11415,114.150182585,185.953000000,100,1260,1215,52,4
11416,114.160178876,185.953000000,100,1260,1215,52,4
11417,114.170179255,185.953000000,100,1260,1215,52,4
11418,114.180178011,185.953000000,100,1260,1215,52,4
11419,114.190182077,185.953000000,100,1260,1215,52,4
11420,114.200179390,185.953000000,100,1260,1215,52,4
11421,114.210179038,185.953000000,100,1260,1215,52,4
11422,114.220177363,185.953000000,100,1260,1215,52,4
11423,114.230179796,212.665000000,100,1305,1215,53,4
11424,114.240178842,212.665000000,100,1305,1215,53,4
11425,114.250177228,212.665000000,100,1305,1215,53,4
11426,114.260179680,212.665000000,100,1305,1215,53,4
11427,114.270179268,212.665000000,100,1305,1215,53,4
11428,114.280180278,212.665000000,100,1305,1215,53,4
11429,114.290178643,212.665000000,100,1305,1215,53,4
11430,114.300180014,212.665000000,100,1305,1215,53,4
11431,114.310178800,212.665000000,100,1305,1215,53,4
11432,114.320179500,212.665000000,100,1305,1215,53,4
11433,114.330178296,208.769000000,100,1155,1215,52,4
11434,114.340179997,208.769000000,100,1155,1215,52,4
11435,114.350179374,208.769000000,100,1155,1215,52,4
11436,114.360179583,208.769000000,100,1155,1215,52,4
11437,114.370179261,208.769000000,100,1155,1215,52,4
11438,114.380178698,208.769000000,100,1155,1215,52,4
11439,114.390179578,208.769000000,100,1155,1215,52,4
11440,114.400175238,208.769000000,100,1155,1215,52,4
11441,114.410179164,208.769000000,100,1155,1215,52,4
11442,114.420179032,208.769000000,100,1155,1215,52,4
11443,114.430180633,172.089000000,100,1365,1215,53,4
11444,114.440179008,172.089000000,100,1365,1215,53,4
11445,114.450180088,172.089000000,100,1365,1215,53,4
11446,114.460178874,172.089000000,100,1365,1215,53,4
11447,114.470179624,172.089000000,100,1365,1215,53,4
11448,114.480176206,172.089000000,100,1365,1215,53,4
11449,114.490177837,172.089000000,100,1365,1215,53,4
11450,114.500178657,172.089000000,100,1365,1215,53,4
11451,114.510179086,172.089000000,100,1365,1215,53,4
11452,114.520180968,172.089000000,100,1365,1215,53,4
11453,114.530177831,252.244000000,100,1140,1215,52,4
11454,114.540179632,252.244000000,100,1140,1215,52,4
11455,114.550179610,252.244000000,100,1140,1215,52,4
11456,114.560179839,252.244000000,100,1140,1215,52,4
11457,114.570178986,252.244000000,100,1140,1215,52,4
11458,114.580178743,252.244000000,100,1140,1215,52,4
11459,114.590178602,252.244000000,100,1140,1215,52,4
11460,114.600178269,252.244000000,100,1140,1215,52,4
11461,114.610179550,252.244000000,100,1140,1215,52,4
11462,114.620179047,252.244000000,100,1140,1215,52,4
11463,114.630179256,168.290000000,100,1365,1215,53,4
11464,114.640177972,168.290000000,100,1365,1215,53,4
11465,114.650176898,168.290000000,100,1365,1215,53,4
11466,114.660179852,168.290000000,100,1365,1215,53,4
11467,114.670179590,168.290000000,100,1365,1215,53,4
11468,114.680178676,168.290000000,100,1365,1215,53,4
11469,114.690178143,168.290000000,100,1365,1215,53,4
11470,114.700175216,168.290000000,100,1365,1215,53,4
11471,114.710179553,168.290000000,100,1365,1215,53,4
11472,114.720178759,168.290000000,100,1365,1215,53,4
11473,114.730175572,253.281000000,100,1140,1215,52,4
11474,114.740178976,253.281000000,100,1140,1215,52,4
11475,114.750179586,253.281000000,100,1140,1215,52,4
11476,114.760179123,253.281000000,100,1140,1215,52,4
11477,114.770179262,253.281000000,100,1140,1215,52,4
11478,114.780178539,253.281000000,100,1140,1215,52,4
11479,114.790178617,253.281000000,100,1140,1215,52,4
11480,114.800174818,253.281000000,100,1140,1215,52,4
11481,114.810178413,253.281000000,100,1140,1215,52,4
11482,114.820179934,253.281000000,100,1140,1215,52,4
11483,114.830178831,158.457000000,100,1350,1215,52,4
11484,114.840179029,158.457000000,100,1350,1215,52,4
11485,114.850175681,158.457000000,100,1350,1215,52,4
11486,114.860178585,158.457000000,100,1350,1215,52,4
11487,114.870178152,158.457000000,100,1350,1215,52,4
11488,114.880178481,158.457000000,100,1350,1215,52,4
11489,114.890174462,158.457000000,100,1350,1215,52,4
11490,114.900178799,158.457000000,100,1350,1215,52,4
11491,114.910178667,158.457000000,100,1350,1215,52,4
11492,114.920178895,158.457000000,100,1350,1215,52,4
11493,114.930179174,251.631000000,100,1230,1215,53,4
11494,114.940178872,251.631000000,100,1230,1215,53,4
11495,114.950178990,251.631000000,100,1230,1215,53,4
11496,114.960178087,251.631000000,100,1230,1215,53,4
11497,114.970178927,251.631000000,100,1230,1215,53,4
11498,114.980179075,251.631000000,100,1230,1215,53,4
11499,114.990178953,251.631000000,100,1230,1215,53,4
11500,115.000178360,251.631000000,100,1230,1215,53,4
11501,115.010173750,251.631000000,100,1230,1215,53,4
11502,115.020177856,251.631000000,100,1230,1215,53,4
11503,115.030180049,184.938000000,100,1275,1215,52,4
11504,115.040178654,184.938000000,100,1275,1215,52,4
11505,115.050175236,184.938000000,100,1275,1215,52,4
11506,115.060178681,184.938000000,100,1275,1215,52,4
11507,115.070178859,184.938000000,100,1275,1215,52,4
11508,115.080179679,184.938000000,100,1275,1215,52,4
11509,115.090174438,184.938000000,100,1275,1215,52,4
11510,115.100177542,184.938000000,100,1275,1215,52,4
11511,115.110179173,184.938000000,100,1275,1215,52,4
11512,115.120179011,184.938000000,100,1275,1215,52,4
11513,115.130178559,222.588000000,100,1275,1215,53,4
11514,115.140178647,222.588000000,100,1275,1215,53,4
11515,115.150178675,222.588000000,100,1275,1215,53,4
11516,115.160176409,222.588000000,100,1275,1215,53,4
11517,115.170180555,222.588000000,100,1275,1215,53,4
11518,115.180337939,222.588000000,100,1275,1215,53,4
11519,115.190181373,222.588000000,100,1275,1215,53,4
11520,115.200177274,222.588000000,100,1275,1215,53,4
11521,115.210178004,222.588000000,100,1275,1215,53,4
11522,115.220177701,222.588000000,100,1275,1215,53,4
11523,115.230179052,196.101000000,100,1200,1215,53,4
11524,115.240178259,196.101000000,100,1200,1215,52,4
11525,115.250178087,196.101000000,100,1200,1215,52,4
11526,115.260177614,196.101000000,100,1200,1215,52,4
11527,115.270181179,196.101000000,100,1200,1215,52,4
11528,115.280177180,196.101000000,100,1200,1215,52,4
11529,115.290177248,196.101000000,100,1200,1215,52,4
11530,115.300177137,196.101000000,100,1200,1215,52,4
11531,115.310177686,196.101000000,100,1200,1215,52,4
11532,115.320177253,196.101000000,100,1200,1215,52,4
11533,115.330179225,193.545000000,100,1365,1215,52,4
11534,115.340179244,193.545000000,100,1365,1215,53,4
11535,115.350179062,193.545000000,100,1365,1215,53,4
11536,115.360182416,193.545000000,100,1365,1215,53,4
11537,115.370178507,193.545000000,100,1365,1215,53,4
11538,115.380177994,193.545000000,100,1365,1215,53,4
11539,115.390177943,193.545000000,100,1365,1215,53,4
11540,115.400181157,193.545000000,100,1365,1215,53,4
11541,115.410177749,193.545000000,100,1365,1215,53,4
11542,115.420181805,193.545000000,100,1365,1215,53,4
11543,115.430178376,193.545000000,100,1155,1215,53,4
11544,115.440178585,230.003000000,100,1155,1215,52,4
11545,115.450178964,230.003000000,100,1155,1215,52,4
11546,115.460177931,230.003000000,100,1155,1215,52,4
11547,115.470178299,230.003000000,100,1155,1215,52,4
11548,115.480181123,230.003000000,100,1155,1215,52,4
11549,115.490178747,230.003000000,100,1155,1215,52,4
11550,115.500181951,230.003000000,100,1155,1215,52,4
11551,115.510178503,230.003000000,100,1155,1215,52,4
11552,115.520181136,230.003000000,100,1155,1215,52,4
11553,115.530178259,179.565000000,100,1350,1215,53,4
11554,115.540183036,179.565000000,100,1350,1215,53,4
11555,115.550179247,179.565000000,100,1350,1215,53,4
11556,115.560176711,179.565000000,100,1350,1215,53,4
11557,115.570178032,179.565000000,100,1350,1215,53,4
11558,115.580177960,179.565000000,100,1350,1215,53,4
11559,115.590182497,179.565000000,100,1350,1215,53,4
11560,115.600177997,179.565000000,100,1350,1215,53,4
11561,115.610178225,179.565000000,100,1350,1215,53,4
11562,115.620178043,179.565000000,100,1350,1215,53,4
11563,115.630179073,234.903000000,100,1155,1215,52,4
11564,115.640178260,234.903000000,100,1155,1215,52,4
11565,115.650178940,234.903000000,100,1155,1215,52,4
11566,115.660179539,234.903000000,100,1155,1215,52,4
11567,115.670178846,234.903000000,100,1155,1215,52,4
11568,115.680181940,234.903000000,100,1155,1215,52,4
11569,115.690178312,234.903000000,100,1155,1215,52,4
11570,115.700178560,234.903000000,100,1155,1215,52,4
11571,115.710181113,234.903000000,100,1155,1215,52,4
11572,115.720182895,234.903000000,100,1155,1215,52,4
11573,115.730177974,159.127000000,100,1350,1215,52,4
11574,115.740176409,159.127000000,100,1350,1215,52,4
11575,115.750178021,159.127000000,100,1350,1215,52,4
11576,115.760178019,159.127000000,100,1350,1215,52,4
11577,115.770178298,159.127000000,100,1350,1215,52,4
11578,115.780178046,159.127000000,100,1350,1215,52,4
11579,115.790182102,159.127000000,100,1350,1215,52,4
11580,115.800178613,159.127000000,100,1350,1215,52,4
11581,115.810182519,159.127000000,100,1350,1215,52,4
11582,115.820177868,159.127000000,100,1350,1215,52,4
11583,115.830180121,251.500000000,100,1185,1215,52,4
11584,115.840178246,251.500000000,100,1185,1215,52,4
11585,115.850178224,251.500000000,100,1185,1215,52,4
11586,115.860178152,251.500000000,100,1185,1215,52,4
11587,115.870178471,251.500000000,100,1185,1215,52,4
11588,115.880178379,251.500000000,100,1185,1215,52,4
11589,115.890179329,251.500000000,100,1185,1215,52,4
11590,115.900182814,251.500000000,100,1185,1215,52,4
11591,115.910178644,251.500000000,100,1185,1215,52,4
11592,115.920178462,251.500000000,100,1185,1215,52,4
11593,115.930179272,161.275000000,100,1320,1215,52,4
11594,115.940178519,161.275000000,100,1320,1215,52,4
11595,115.950183346,161.275000000,100,1320,1215,52,4
11596,115.960177373,161.275000000,100,1320,1215,52,4
11597,115.970177271,161.275000000,100,1320,1215,52,4
11598,115.980178863,161.275000000,100,1320,1215,52,4
11599,115.990177889,161.275000000,100,1320,1215,52,4
11600,116.000178539,161.275000000,100,1320,1215,52,4
11601,116.010178617,161.275000000,100,1320,1215,52,4
11602,116.020178205,161.275000000,100,1320,1215,52,4
11603,116.030179004,252.999000000,100,1230,1215,53,4
11604,116.040182750,252.999000000,100,1230,1215,53,4
11605,116.050179221,252.999000000,100,1230,1215,53,4
11606,116.060177697,252.999000000,100,1230,1215,53,4
11607,116.070178627,252.999000000,100,1230,1215,53,4
11608,116.080178214,252.999000000,100,1230,1215,53,4
11609,116.090178323,252.999000000,100,1230,1215,53,4
11610,116.100181237,252.999000000,100,1230,1215,53,4
11611,116.110178189,252.999000000,100,1230,1215,53,4
11612,116.120178909,252.999000000,100,1230,1215,53,4
11613,116.130183626,165.050000000,100,1245,1215,52,4
11614,116.140177453,165.050000000,100,1245,1215,52,4
11615,116.150178874,165.050000000,100,1245,1215,52,4
11616,116.160178351,165.050000000,100,1245,1215,52,4
11617,116.170182818,165.050000000,100,1245,1215,52,4
11618,116.180177696,165.050000000,100,1245,1215,52,4
11619,116.190178346,165.050000000,100,1245,1215,52,4
11620,116.200178314,165.050000000,100,1245,1215,52,4
11621,116.210178553,165.050000000,100,1245,1215,52,4
11622,116.220177920,165.050000000,100,1245,1215,52,4
11623,116.230180453,240.149000000,100,1305,1215,53,4
11624,116.240178127,240.149000000,100,1305,1215,53,4
11625,116.250179027,240.149000000,100,1305,1215,53,4
11626,116.260181570,240.149000000,100,1305,1215,53,4
11627,116.270178001,240.149000000,100,1305,1215,53,4
11628,116.280181967,240.149000000,100,1305,1215,53,4
11629,116.290178659,240.149000000,100,1305,1215,53,4
11630,116.300181963,240.149000000,100,1305,1215,53,4
11631,116.310178125,240.149000000,100,1305,1215,53,4
11632,116.320177952,240.149000000,100,1305,1215,53,4
11633,116.330178963,183.656000000,100,1215,1215,52,4
11634,116.340178580,183.656000000,100,1215,1215,52,4
11635,116.350178819,183.656000000,100,1215,1215,52,4
11636,116.360178407,183.656000000,100,1215,1215,52,4
11637,116.370178084,183.656000000,100,1215,1215,52,4
11638,116.380178243,183.656000000,100,1215,1215,52,4
11639,116.390177700,183.656000000,100,1215,1215,52,4
11640,116.400178159,183.656000000,100,1215,1215,52,4
11641,116.410178548,183.656000000,100,1215,1215,52,4
11642,116.420178116,183.656000000,100,1215,1215,52,4
11643,116.430179537,225.926000000,100,1305,1215,53,4
11644,116.440178162,225.926000000,100,1305,1215,53,4
11645,116.450178591,225.926000000,100,1305,1215,53,4
11646,116.460178349,225.926000000,100,1305,1215,53,4
11647,116.470178668,225.926000000,100,1305,1215,53,4
11648,116.480182704,225.926000000,100,1305,1215,53,4
11649,116.490179216,225.926000000,100,1305,1215,53,4
11650,116.500178292,225.926000000,100,1305,1215,53,4
11651,116.510178371,225.926000000,100,1305,1215,53,4
11652,116.520178309,225.926000000,100,1305,1215,53,4
11653,116.530179349,193.808000000,100,1185,1215,52,4
11654,116.540177704,193.808000000,100,1185,1215,52,4
11655,116.550178935,193.808000000,100,1185,1215,52,4
11656,116.560178803,193.808000000,100,1185,1215,52,4
11657,116.570182468,193.808000000,100,1185,1215,52,4
11658,116.580182266,193.808000000,100,1185,1215,52,4
11659,116.590177976,193.808000000,100,1185,1215,52,4
11660,116.600177193,193.808000000,100,1185,1215,52,4
11661,116.610178614,193.808000000,100,1185,1215,52,4
11662,116.620177560,193.808000000,100,1185,1215,52,4
11663,116.630178951,207.515000000,100,1350,1215,53,4
11664,116.640178629,207.515000000,100,1350,1215,53,4
11665,116.650178777,207.515000000,100,1350,1215,53,4
11666,116.660178024,207.515000000,100,1350,1215,53,4
11667,116.670177952,207.515000000,100,1350,1215,53,4
11668,116.680178231,207.515000000,100,1350,1215,53,4
11669,116.690179121,207.515000000,100,1350,1215,53,4
11670,116.700178137,207.515000000,100,1350,1215,53,4
11671,116.710182684,207.515000000,100,1350,1215,53,4
11672,116.720182893,207.515000000,100,1350,1215,53,4
11673,116.730179034,215.960000000,100,1155,1215,53,4
11674,116.740179473,215.960000000,100,1155,1215,52,4
11675,116.750181595,215.960000000,100,1155,1215,52,4
11676,116.760177957,215.960000000,100,1155,1215,52,4
11677,116.770176813,215.960000000,100,1155,1215,52,4
11678,116.780179005,215.960000000,100,1155,1215,52,4
11679,116.790178222,215.960000000,100,1155,1215,52,4
11680,116.800182128,215.960000000,100,1155,1215,52,4
11681,116.810178399,215.960000000,100,1155,1215,52,4
11682,116.820178257,215.960000000,100,1155,1215,52,4
11683,116.830179237,215.960000000,100,1350,1215,52,4
11684,116.840179516,183.862000000,100,1350,1215,52,4
11685,116.850178723,183.862000000,100,1350,1215,52,4
11686,116.860176757,183.862000000,100,1350,1215,52,4
11687,116.870178168,183.862000000,100,1350,1215,52,4
11688,116.880178888,183.862000000,100,1350,1215,52,4
11689,116.890179067,183.862000000,100,1350,1215,52,4
11690,116.900179015,183.862000000,100,1350,1215,52,4
11691,116.910177931,183.862000000,100,1350,1215,52,4
11692,116.920177539,183.862000000,100,1350,1215,52,4
11693,116.930178929,183.862000000,100,1200,1215,52,4
11694,116.940179218,223.823000000,100,1200,1215,53,4
11695,116.950178445,223.823000000,100,1200,1215,53,4
11696,116.960178614,223.823000000,100,1200,1215,53,4
11697,116.970181257,223.823000000,100,1200,1215,53,4
11698,116.980178119,223.823000000,100,1200,1215,53,4
11699,116.990178098,223.823000000,100,1200,1215,53,4
11700,117.000178226,223.823000000,100,1200,1215,53,4
11701,117.010182903,223.823000000,100,1200,1215,53,4
11702,117.020178904,223.823000000,100,1200,1215,53,4
11703,117.030177049,179.907000000,100,1290,1215,52,4
11704,117.040178029,179.907000000,100,1290,1215,52,4
11705,117.050178648,179.907000000,100,1290,1215,52,4
11706,117.060182113,179.907000000,100,1290,1215,52,4
11707,117.070182482,179.907000000,100,1290,1215,52,4
11708,117.080183452,179.907000000,100,1290,1215,52,4
11709,117.090181837,179.907000000,100,1290,1215,52,4
11710,117.100180673,179.907000000,100,1290,1215,52,4
11711,117.110176454,179.907000000,100,1290,1215,52,4
11712,117.120177985,179.907000000,100,1290,1215,52,4
11713,117.130178114,243.804000000,100,1275,1215,53,4
11714,117.140181999,243.804000000,100,1275,1215,53,4
11715,117.150178341,243.804000000,100,1275,1215,53,4
11716,117.160177497,243.804000000,100,1275,1215,53,4
11717,117.170178197,243.804000000,100,1275,1215,53,4
11718,117.180182253,243.804000000,100,1275,1215,53,4
11719,117.190178243,243.804000000,100,1275,1215,53,4
11720,117.200181628,243.804000000,100,1275,1215,53,4
11721,117.210178140,243.804000000,100,1275,1215,53,4
11722,117.220177597,243.804000000,100,1275,1215,53,4
11723,117.230178888,160.794000000,100,1230,1215,52,4
11724,117.240177503,160.794000000,100,1230,1215,52,4
11725,117.250178494,160.794000000,100,1230,1215,52,4
11726,117.260178482,160.794000000,100,1230,1215,52,4
11727,117.270179212,160.794000000,100,1230,1215,52,4
11728,117.280181324,160.794000000,100,1230,1215,52,4
11729,117.290178847,160.794000000,100,1230,1215,52,4
11730,117.300177974,160.794000000,100,1230,1215,52,4
11731,117.310178073,160.794000000,100,1230,1215,52,4
11732,117.320177790,160.794000000,100,1230,1215,52,4
11733,117.330178460,252.723000000,100,1290,1215,53,4
11734,117.340178117,252.723000000,100,1290,1215,53,4
11735,117.350178466,252.723000000,100,1290,1215,53,4
11736,117.360181981,252.723000000,100,1290,1215,53,4
11737,117.370178052,252.723000000,100,1290,1215,53,4
11738,117.380181998,252.723000000,100,1290,1215,53,4
11739,117.390177718,252.723000000,100,1290,1215,53,4
11740,117.400241536,252.723000000,100,1290,1215,53,4
11741,117.410178847,252.723000000,100,1290,1215,53,4
11742,117.420202209,252.723000000,100,1290,1215,53,4
11743,117.430180156,160.839000000,100,1200,1215,52,4
11744,117.440176948,160.839000000,100,1200,1215,52,4
11745,117.450182116,160.839000000,100,1200,1215,52,4
11746,117.460176083,160.839000000,100,1200,1215,52,4
11747,117.470176392,160.839000000,100,1200,1215,52,4
11748,117.480176921,160.839000000,100,1200,1215,52,4
11749,117.490179795,160.839000000,100,1200,1215,52,4
11750,117.500179302,160.839000000,100,1200,1215,52,4
11751,117.510182987,160.839000000,100,1200,1215,52,4
11752,117.520207572,160.839000000,100,1200,1215,52,4
11753,117.530178956,251.633000000,100,1335,1215,53,4
11754,117.540177923,251.633000000,100,1335,1215,53,4
11755,117.550177971,251.633000000,100,1335,1215,53,4
11756,117.560178200,251.633000000,100,1335,1215,53,4
11757,117.570177096,251.633000000,100,1335,1215,53,4
11758,117.580182665,251.633000000,100,1335,1215,53,4
11759,117.590178916,251.633000000,100,1335,1215,53,4
11760,117.600176931,251.633000000,100,1335,1215,53,4
11761,117.610178321,251.633000000,100,1335,1215,53,4
11762,117.620177799,251.633000000,100,1335,1215,53,4
11763,117.630178969,172.244000000,100,1095,1215,52,4
11764,117.640177665,172.244000000,100,1095,1215,52,4
11765,117.650178535,172.244000000,100,1095,1215,52,4
11766,117.660178062,172.244000000,100,1095,1215,52,4
11767,117.670177960,172.244000000,100,1095,1215,52,4
11768,117.680182317,172.244000000,100,1095,1215,52,4
11769,117.690178077,172.244000000,100,1095,1215,52,4
11770,117.700177835,172.244000000,100,1095,1215,52,4
11771,117.710177623,172.244000000,100,1095,1215,52,4
11772,117.720177962,172.244000000,100,1095,1215,52,4
11773,117.730178792,223.816000000,100,1350,1215,53,4
11774,117.740178670,223.816000000,100,1350,1215,53,4
11775,117.750177997,223.816000000,100,1350,1215,53,4
11776,117.760179107,223.816000000,100,1350,1215,53,4
11777,117.770177943,223.816000000,100,1350,1215,53,4
11778,117.780182470,223.816000000,100,1350,1215,53,4
11779,117.790178591,223.816000000,100,1350,1215,53,4
11780,117.800178669,223.816000000,100,1350,1215,53,4
11781,117.810177495,223.816000000,100,1350,1215,53,4
11782,117.820178145,223.816000000,100,1350,1215,53,4
11783,117.830179636,197.948000000,100,1140,1215,52,4
11784,117.840182640,197.948000000,100,1140,1215,52,4
11785,117.850180735,197.948000000,100,1140,1215,52,4
11786,117.860177387,197.948000000,100,1140,1215,52,4
11787,117.870178126,197.948000000,100,1140,1215,52,4
11788,117.880178836,197.948000000,100,1140,1215,52,4
11789,117.890245048,197.948000000,100,1140,1215,52,4
11790,117.900181237,197.948000000,100,1140,1215,52,4
11791,117.910178069,197.948000000,100,1140,1215,52,4
11792,117.920177126,197.948000000,100,1140,1215,52,4
11793,117.930178437,193.197000000,100,1350,1215,53,4
11794,117.940177914,193.197000000,100,1350,1215,53,4
11795,117.950178012,193.197000000,100,1350,1215,53,4
11796,117.960181247,193.197000000,100,1350,1215,53,4
11797,117.970177839,193.197000000,100,1350,1215,53,4
11798,117.980181724,193.197000000,100,1350,1215,53,4
11799,117.990287471,193.197000000,100,1350,1215,53,4
11800,118.000177593,193.197000000,100,1350,1215,53,4
11801,118.010182000,193.197000000,100,1350,1215,53,4
11802,118.020176888,193.197000000,100,1350,1215,53,4
11803,118.030178860,224.818000000,100,1185,1215,53,4
11804,118.040179109,224.818000000,100,1185,1215,53,4
11805,118.050176512,224.818000000,100,1185,1215,53,4
11806,118.060178424,224.818000000,100,1185,1215,53,4
11807,118.070177170,224.818000000,100,1185,1215,53,4
11808,118.080178090,224.818000000,100,1185,1215,53,4
11809,118.090181665,224.818000000,100,1185,1215,53,4
11810,118.100178588,224.818000000,100,1185,1215,53,4
11811,118.110177724,224.818000000,100,1185,1215,53,4
11812,118.120177823,224.818000000,100,1185,1215,53,4
11813,118.130178312,170.514000000,100,1290,1215,52,4
11814,118.140179032,170.514000000,100,1290,1215,52,4
11815,118.150177747,170.514000000,100,1290,1215,52,4
11816,118.160178467,170.514000000,100,1290,1215,52,4
11817,118.170181982,170.514000000,100,1290,1215,52,4
11818,118.180177612,170.514000000,100,1290,1215,52,4
11819,118.190182419,170.514000000,100,1290,1215,52,4
11820,118.200179071,170.514000000,100,1290,1215,52,4
11821,118.210177928,170.514000000,100,1290,1215,52,4
11822,118.220181753,170.514000000,100,1290,1215,52,4
11823,118.230180469,238.725000000,100,1245,1215,52,4
11824,118.240184184,238.725000000,100,1245,1215,53,4
11825,118.250178191,238.725000000,100,1245,1215,53,4
11826,118.260180484,238.725000000,100,1245,1215,53,4
11827,118.270177717,238.725000000,100,1245,1215,53,4
11828,118.280176643,238.725000000,100,1245,1215,53,4
11829,118.290177603,238.725000000,100,1245,1215,53,4
11830,118.300178253,238.725000000,100,1245,1215,53,4
11831,118.310178241,238.725000000,100,1245,1215,53,4
11832,118.320178169,238.725000000,100,1245,1215,53,4
11833,118.330179099,169.783000000,100,1200,1215,53,4
11834,118.340178947,169.783000000,100,1200,1215,52,4
11835,118.350178434,169.783000000,100,1200,1215,52,4
11836,118.360178343,169.783000000,100,1200,1215,52,4
11837,118.370177359,169.783000000,100,1200,1215,52,4
11838,118.380178810,169.783000000,100,1200,1215,52,4
11839,118.390181583,169.783000000,100,1200,1215,52,4
11840,118.400179217,169.783000000,100,1200,1215,52,4
11841,118.410177362,169.783000000,100,1200,1215,52,4
11842,118.420177991,169.783000000,100,1200,1215,52,4
11843,118.430183129,169.783000000,100,1335,1215,52,4
11844,118.440183879,246.926000000,100,1335,1215,53,4
11845,118.450177756,246.926000000,100,1335,1215,53,4
11846,118.460177043,246.926000000,100,1335,1215,53,4
11847,118.470177943,246.926000000,100,1335,1215,53,4
11848,118.480178212,246.926000000,100,1335,1215,53,4
11849,118.490180895,246.926000000,100,1335,1215,53,4
11850,118.500177647,246.926000000,100,1335,1215,53,4
11851,118.510178657,246.926000000,100,1335,1215,53,4
11852,118.520178385,246.926000000,100,1335,1215,53,4
11853,118.530183713,246.926000000,100,1125,1215,53,4
11854,118.540178312,170.049000000,100,1125,1215,52,4
11855,118.550178280,170.049000000,100,1125,1215,52,4
11856,118.560182706,170.049000000,100,1125,1215,52,4
11857,118.570178667,170.049000000,100,1125,1215,52,4
11858,118.580180749,170.049000000,100,1125,1215,52,4
11859,118.590177411,170.049000000,100,1125,1215,52,4
11860,118.600178912,170.049000000,100,1125,1215,52,4
11861,118.610178991,170.049000000,100,1125,1215,52,4
11862,118.620179029,170.049000000,100,1125,1215,52,4
11863,118.630180119,232.689000000,100,1350,1215,53,4
11864,118.640177984,232.689000000,100,1350,1215,53,4
11865,118.650178212,232.689000000,100,1350,1215,53,4
11866,118.660178932,232.689000000,100,1350,1215,53,4
11867,118.670182517,232.689000000,100,1350,1215,53,4
11868,118.680178438,232.689000000,100,1350,1215,53,4
11869,118.690178055,232.689000000,100,1350,1215,53,4
11870,118.700177823,232.689000000,100,1350,1215,53,4
11871,118.710202087,232.689000000,100,1350,1215,53,4
11872,118.720178832,232.689000000,100,1350,1215,53,4
11873,118.730179180,182.300000000,100,1155,1215,52,4
11874,118.740180050,182.300000000,100,1155,1215,52,4
11875,118.750177814,182.300000000,100,1155,1215,52,4
11876,118.760177272,182.300000000,100,1155,1215,52,4
11877,118.770178232,182.300000000,100,1155,1215,52,4
11878,118.780177228,182.300000000,100,1155,1215,52,4
11879,118.790178048,182.300000000,100,1155,1215,52,4
11880,118.800178096,182.300000000,100,1155,1215,52,4
11881,118.810177904,182.300000000,100,1155,1215,52,4
11882,118.820177762,182.300000000,100,1155,1215,52,4
11883,118.830179434,223.873000000,100,1350,1215,53,4
11884,118.840177749,223.873000000,100,1350,1215,53,4
11885,118.850178308,223.873000000,100,1350,1215,53,4
11886,118.860176984,223.873000000,100,1350,1215,53,4
11887,118.870178315,223.873000000,100,1350,1215,53,4
11888,118.880177892,223.873000000,100,1350,1215,53,4
11889,118.890176779,223.873000000,100,1350,1215,53,4
11890,118.900177729,223.873000000,100,1350,1215,53,4
11891,118.910177627,223.873000000,100,1350,1215,53,4
11892,118.920179258,223.873000000,100,1350,1215,53,4
11893,118.930178986,193.458000000,100,1155,1215,52,4
11894,118.940178684,193.458000000,100,1155,1215,52,4
11895,118.950179303,193.458000000,100,1155,1215,52,4
11896,118.960177899,193.458000000,100,1155,1215,52,4
11897,118.970177757,193.458000000,100,1155,1215,52,4
11898,118.980178626,193.458000000,100,1155,1215,52,4
11899,118.990182642,193.458000000,100,1155,1215,52,4
11900,119.000183011,193.458000000,100,1155,1215,52,4
11901,119.010177670,193.458000000,100,1155,1215,52,4
11902,119.020179211,193.458000000,100,1155,1215,52,4
11903,119.030178758,195.638000000,100,1335,1215,52,4
11904,119.040178426,195.638000000,100,1335,1215,52,4
11905,119.050177613,195.638000000,100,1335,1215,52,4
11906,119.060347349,195.638000000,100,1335,1215,52,4
11907,119.070178781,195.638000000,100,1335,1215,52,4
11908,119.080183088,195.638000000,100,1335,1215,52,4
11909,119.090177616,195.638000000,100,1335,1215,52,4
11910,119.100178626,195.638000000,100,1335,1215,52,4
11911,119.110178364,195.638000000,100,1335,1215,52,4
11912,119.120178112,195.638000000,100,1335,1215,52,4
11913,119.130178300,225.246000000,100,1215,1215,53,4
11914,119.140177958,225.246000000,100,1215,1215,53,4
11915,119.150178447,225.246000000,100,1215,1215,53,4
11916,119.160177844,225.246000000,100,1215,1215,53,4
11917,119.170178864,225.246000000,100,1215,1215,53,4
11918,119.180179133,225.246000000,100,1215,1215,53,4
11919,119.190178460,225.246000000,100,1215,1215,53,4
11920,119.200177907,225.246000000,100,1215,1215,53,4
11921,119.210178326,225.246000000,100,1215,1215,53,4
11922,119.220179467,225.246000000,100,1215,1215,53,4
11923,119.230179074,178.782000000,100,1275,1215,52,4
11924,119.240180926,178.782000000,100,1275,1215,52,4
11925,119.250184672,178.782000000,100,1275,1215,52,4
11926,119.260177687,178.782000000,100,1275,1215,52,4
11927,119.270177795,178.782000000,100,1275,1215,52,4
11928,119.280177884,178.782000000,100,1275,1215,52,4
11929,119.290181970,178.782000000,100,1275,1215,52,4
11930,119.300177109,178.782000000,100,1275,1215,52,4
11931,119.310178329,178.782000000,100,1275,1215,52,4
11932,119.320178658,178.782000000,100,1275,1215,52,4
11933,119.330179708,235.703000000,100,1275,1215,53,4
11934,119.340176741,235.703000000,100,1275,1215,53,4
11935,119.350178743,235.703000000,100,1275,1215,53,4
11936,119.360176728,235.703000000,100,1275,1215,53,4
11937,119.370178149,235.703000000,100,1275,1215,53,4
11938,119.380177656,235.703000000,100,1275,1215,53,4
11939,119.390176642,235.703000000,100,1275,1215,53,4
11940,119.400177893,235.703000000,100,1275,1215,53,4
11941,119.410178703,235.703000000,100,1275,1215,53,4
11942,119.420177789,235.703000000,100,1275,1215,53,4
11943,119.430178228,165.598000000,100,1200,1215,52,4
11944,119.440177946,165.598000000,100,1200,1215,52,4
11945,119.450177574,165.598000000,100,1200,1215,52,4
11946,119.460177632,165.598000000,100,1200,1215,52,4
11947,119.470177059,165.598000000,100,1200,1215,52,4
11948,119.480178100,165.598000000,100,1200,1215,52,4
11949,119.490176535,165.598000000,100,1200,1215,52,4
11950,119.500177074,165.598000000,100,1200,1215,52,4
11951,119.510229872,165.598000000,100,1200,1215,52,4
11952,119.520178433,165.598000000,100,1200,1215,52,4
11953,119.530178271,247.230000000,100,1335,1215,53,4
11954,119.540176637,247.230000000,100,1335,1215,53,4
11955,119.550177026,247.230000000,100,1335,1215,53,4
11956,119.560178296,247.230000000,100,1335,1215,53,4
11957,119.570178725,247.230000000,100,1335,1215,53,4
11958,119.580178133,247.230000000,100,1335,1215,53,4
11959,119.590178101,247.230000000,100,1335,1215,53,4
11960,119.600177107,247.230000000,100,1335,1215,53,4
11961,119.610352194,247.230000000,100,1335,1215,53,4
11962,119.620177034,247.230000000,100,1335,1215,53,4
11963,119.630178795,167.634000000,100,1170,1215,52,4
11964,119.640178162,167.634000000,100,1170,1215,52,4
11965,119.650178271,167.634000000,100,1170,1215,52,4
11966,119.660178600,167.634000000,100,1170,1215,52,4
11967,119.670177816,167.634000000,100,1170,1215,52,4
11968,119.680178276,167.634000000,100,1170,1215,52,4
11969,119.690178394,167.634000000,100,1170,1215,52,4
11970,119.700182400,167.634000000,100,1170,1215,52,4
11971,119.710177910,167.634000000,100,1170,1215,52,4
11972,119.720178860,167.634000000,100,1170,1215,52,4
11973,119.730183577,241.870000000,100,1350,1215,53,4
11974,119.740177724,241.870000000,100,1350,1215,53,4
11975,119.750176891,241.870000000,100,1350,1215,53,4
11976,119.760177961,241.870000000,100,1350,1215,53,4
11977,119.770178571,241.870000000,100,1350,1215,53,4
11978,119.780178168,241.870000000,100,1350,1215,53,4
11979,119.790177746,241.870000000,100,1350,1215,53,4
11980,119.800177684,241.870000000,100,1350,1215,53,4
11981,119.810182712,241.870000000,100,1350,1215,53,4
11982,119.820178522,241.870000000,100,1350,1215,53,4
11983,119.830180364,177.463000000,100,1140,1215,53,4
11984,119.840179651,177.463000000,100,1140,1215,52,4
11985,119.850178116,177.463000000,100,1140,1215,52,4
11986,119.860177293,177.463000000,100,1140,1215,52,4
11987,119.870178884,177.463000000,100,1140,1215,52,4
11988,119.880176748,177.463000000,100,1140,1215,52,4
11989,119.890177819,177.463000000,100,1140,1215,52,4
11990,119.900176655,177.463000000,100,1140,1215,52,4
11991,119.910177384,177.463000000,100,1140,1215,52,4
11992,119.920177192,177.463000000,100,1140,1215,52,4
11993,119.930180417,177.463000000,100,1335,1215,52,4
11994,119.940178822,224.105000000,100,1335,1215,52,4
11995,119.950182868,224.105000000,100,1335,1215,52,4
11996,119.960176805,224.105000000,100,1335,1215,52,4
11997,119.970177985,224.105000000,100,1335,1215,52,4
11998,119.980178474,224.105000000,100,1335,1215,52,4
11999,119.990182059,224.105000000,100,1335,1215,52,4
12000,120.000178992,224.105000000,100,1335,1215,52,4
12001,120.010182517,224.105000000,100,1335,1215,52,4
12002,120.020178217,224.105000000,100,1335,1215,52,4
12003,120.030182944,224.105000000,100,1230,1215,52,4
12004,120.040177943,203.060000000,100,1230,1215,53,4
12005,120.050177961,203.060000000,100,1230,1215,53,4
12006,120.060177459,203.060000000,100,1230,1215,53,4
12007,120.070177147,203.060000000,100,1230,1215,53,4
12008,120.080178557,203.060000000,100,1230,1215,53,4
12009,120.090178205,203.060000000,100,1230,1215,53,4
12010,120.100177863,203.060000000,100,1230,1215,53,4
12011,120.110177901,203.060000000,100,1230,1215,53,4
12012,120.120182438,203.060000000,100,1230,1215,53,4
12013,120.130179150,203.060000000,100,1275,1215,53,4
12014,120.140179479,201.785000000,100,1275,1215,52,4
12015,120.150178145,201.785000000,100,1275,1215,52,4
12016,120.160177963,201.785000000,100,1275,1215,52,4
12017,120.170182359,201.785000000,100,1275,1215,52,4
12018,120.180178680,201.785000000,100,1275,1215,52,4
12019,120.190178689,201.785000000,100,1275,1215,52,4
12020,120.200183256,201.785000000,100,1275,1215,52,4
12021,120.210178695,201.785000000,100,1275,1215,52,4
12022,120.220178273,201.785000000,100,1275,1215,52,4
12023,120.230179053,201.785000000,100,1275,1215,52,4
12024,120.240203497,209.996000000,100,1275,1215,53,4
12025,120.250174811,209.996000000,100,1275,1215,53,4
12026,120.260177695,209.996000000,100,1275,1215,53,4
12027,120.270176812,209.996000000,100,1275,1215,53,4
12028,120.280181288,209.996000000,100,1275,1215,53,4
12029,120.290178211,209.996000000,100,1275,1215,53,4
12030,120.300176826,209.996000000,100,1275,1215,53,4
12031,120.310182585,209.996000000,100,1275,1215,53,4
12032,120.320179949,209.996000000,100,1275,1215,53,4
12033,120.330177222,209.996000000,100,1230,1215,53,4
12034,120.340178072,186.678000000,100,1230,1215,52,4
12035,120.350177950,186.678000000,100,1230,1215,52,4
12036,120.360178279,186.678000000,100,1230,1215,52,4
12037,120.370178217,186.678000000,100,1230,1215,52,4
12038,120.380178816,186.678000000,100,1230,1215,52,4
12039,120.390178163,186.678000000,100,1230,1215,52,4
12040,120.400178853,186.678000000,100,1230,1215,52,4
12041,120.410178370,186.678000000,100,1230,1215,52,4
12042,120.420178248,186.678000000,100,1230,1215,52,4
12043,120.430180180,242.832000000,100,1335,1215,52,4
12044,120.440179798,242.832000000,100,1335,1215,53,4
12045,120.450178794,242.832000000,100,1335,1215,53,4
12046,120.460181538,242.832000000,100,1335,1215,53,4
12047,120.470178831,242.832000000,100,1335,1215,53,4
12048,120.480178368,242.832000000,100,1335,1215,53,4
12049,120.490178377,242.832000000,100,1335,1215,53,4
12050,120.500177073,242.832000000,100,1335,1215,53,4
12051,120.510177762,242.832000000,100,1335,1215,53,4
12052,120.520178281,242.832000000,100,1335,1215,53,4
12053,120.530179482,167.625000000,100,1170,1215,53,4
12054,120.540178368,167.625000000,100,1170,1215,52,4
12055,120.550178637,167.625000000,100,1170,1215,52,4
12056,120.560178204,167.625000000,100,1170,1215,52,4
12057,120.570178653,167.625000000,100,1170,1215,52,4
12058,120.580178481,167.625000000,100,1170,1215,52,4
12059,120.590178309,167.625000000,100,1170,1215,52,4
12060,120.600178027,167.625000000,100,1170,1215,52,4
12061,120.610178567,167.625000000,100,1170,1215,52,4
12062,120.620182121,167.625000000,100,1170,1215,52,4
12063,120.630179415,167.625000000,100,1350,1215,52,4
12064,120.640182589,167.625000000,100,1350,1215,53,4
12065,120.650178339,167.625000000,100,1350,1215,53,4
12066,120.660178378,167.625000000,100,1350,1215,53,4
12067,120.670177815,167.625000000,100,1350,1215,53,4
12068,120.680178645,167.625000000,100,1350,1215,53,4
12069,120.690181739,167.625000000,100,1350,1215,53,4
12070,120.700182448,167.625000000,100,1350,1215,53,4
12071,120.710177978,167.625000000,100,1350,1215,53,4
12072,120.720178718,167.625000000,100,1350,1215,53,4
12073,120.730179628,251.152000000,100,1125,1215,52,4
12074,120.740177883,251.152000000,100,1125,1215,52,4
12075,120.750178142,251.152000000,100,1125,1215,52,4
12076,120.760179212,251.152000000,100,1125,1215,52,4
12077,120.770182577,251.152000000,100,1125,1215,52,4
12078,120.780178116,251.152000000,100,1125,1215,52,4
12079,120.790183004,251.152000000,100,1125,1215,52,4
12080,120.800178864,251.152000000,100,1125,1215,52,4
12081,120.810180245,251.152000000,100,1125,1215,52,4
12082,120.820178009,251.152000000,100,1125,1215,52,4
12083,120.830178298,159.127000000,100,1350,1215,52,4
12084,120.840178046,159.127000000,100,1350,1215,52,4
12085,120.850177403,159.127000000,100,1350,1215,52,4
12086,120.860178183,159.127000000,100,1350,1215,52,4
12087,120.870177580,159.127000000,100,1350,1215,52,4
12088,120.880176807,159.127000000,100,1350,1215,52,4
12089,120.890342205,159.127000000,100,1350,1215,52,4
12090,120.900176783,159.127000000,100,1350,1215,52,4
12091,120.910178435,159.127000000,100,1350,1215,52,4
12092,120.920178032,159.127000000,100,1350,1215,52,4
12093,120.930179433,246.738000000,100,1140,1215,52,4
12094,120.940178339,246.738000000,100,1140,1215,52,4
12095,120.950177646,246.738000000,100,1140,1215,52,4
12096,120.960178236,246.738000000,100,1140,1215,52,4
12097,120.970183053,246.738000000,100,1140,1215,52,4
12098,120.980178333,246.738000000,100,1140,1215,52,4
12099,120.990182949,246.738000000,100,1140,1215,52,4
12100,121.000177337,246.738000000,100,1140,1215,52,4
12101,121.010178167,246.738000000,100,1140,1215,52,4
12102,121.020179287,246.738000000,100,1140,1215,52,4
12103,121.030183133,172.927000000,100,1350,1215,52,4
12104,121.040176789,172.927000000,100,1350,1215,52,4
12105,121.050182508,172.927000000,100,1350,1215,52,4
12106,121.060177678,172.927000000,100,1350,1215,52,4
12107,121.070182695,172.927000000,100,1350,1215,52,4
12108,121.080178275,172.927000000,100,1350,1215,52,4
12109,121.090177041,172.927000000,100,1350,1215,52,4
12110,121.100177901,172.927000000,100,1350,1215,52,4
12111,121.110178250,172.927000000,100,1350,1215,52,4
12112,121.120177337,172.927000000,100,1350,1215,52,4
12113,121.130178708,235.096000000,100,1185,1215,53,4
12114,121.140177824,235.096000000,100,1185,1215,53,4
12115,121.150181910,235.096000000,100,1185,1215,53,4
12116,121.160178382,235.096000000,100,1185,1215,53,4
12117,121.170177999,235.096000000,100,1185,1215,53,4
12118,121.180177717,235.096000000,100,1185,1215,53,4
12119,121.190177816,235.096000000,100,1185,1215,53,4
12120,121.200178225,235.096000000,100,1185,1215,53,4
12121,121.210177191,235.096000000,100,1185,1215,53,4
12122,121.220178412,235.096000000,100,1185,1215,53,4
12123,121.230179522,182.980000000,100,1305,1215,53,4
12124,121.240179039,182.980000000,100,1305,1215,52,4
12125,121.250178376,182.980000000,100,1305,1215,52,4
12126,121.260178264,182.980000000,100,1305,1215,52,4
12127,121.270177772,182.980000000,100,1305,1215,52,4
12128,121.280182469,182.980000000,100,1305,1215,52,4
12129,121.290178119,182.980000000,100,1305,1215,52,4
12130,121.300177847,182.980000000,100,1305,1215,52,4
12131,121.310177574,182.980000000,100,1305,1215,52,4
12132,121.320178765,182.980000000,100,1305,1215,52,4
12133,121.330178904,206.496000000,100,1275,1215,53,4
12134,121.340182068,206.496000000,100,1275,1215,53,4
12135,121.350178660,206.496000000,100,1275,1215,53,4
12136,121.360177486,206.496000000,100,1275,1215,53,4
12137,121.370177314,206.496000000,100,1275,1215,53,4
12138,121.380177933,206.496000000,100,1275,1215,53,4
12139,121.390177952,206.496000000,100,1275,1215,53,4
12140,121.400181807,206.496000000,100,1275,1215,53,4
12141,121.410181946,206.496000000,100,1275,1215,53,4
12142,121.420178317,206.496000000,100,1275,1215,53,4
12143,121.430182784,223.168000000,100,1140,1215,53,4
12144,121.440178043,223.168000000,100,1140,1215,52,4
12145,121.450182420,223.168000000,100,1140,1215,52,4
12146,121.460177258,223.168000000,100,1140,1215,52,4
12147,121.470177587,223.168000000,100,1140,1215,52,4
12148,121.480178086,223.168000000,100,1140,1215,52,4
12149,121.490182934,223.168000000,100,1140,1215,52,4
12150,121.500177482,223.168000000,100,1140,1215,52,4
12151,121.510178091,223.168000000,100,1140,1215,52,4
12152,121.520178049,223.168000000,100,1140,1215,52,4
12153,121.530182706,157.124000000,100,1335,1215,52,4
12154,121.540179028,157.124000000,100,1335,1215,53,4
12155,121.550178255,157.124000000,100,1335,1215,53,4
12156,121.560179676,157.124000000,100,1335,1215,53,4
12157,121.570179554,157.124000000,100,1335,1215,53,4
12158,121.580177658,157.124000000,100,1335,1215,53,4
12159,121.590177727,157.124000000,100,1335,1215,53,4
12160,121.600178196,157.124000000,100,1335,1215,53,4
12161,121.610182031,157.124000000,100,1335,1215,53,4
12162,121.620177321,157.124000000,100,1335,1215,53,4
12163,121.630179102,243.917000000,100,1140,1215,53,4
12164,121.640182778,243.917000000,100,1140,1215,52,4
12165,121.650178207,243.917000000,100,1140,1215,52,4
12166,121.660177124,243.917000000,100,1140,1215,52,4
12167,121.670178545,243.917000000,100,1140,1215,52,4
12168,121.680182089,243.917000000,100,1140,1215,52,4
12169,121.690181907,243.917000000,100,1140,1215,52,4
12170,121.700177678,243.917000000,100,1140,1215,52,4
12171,121.710178177,243.917000000,100,1140,1215,52,4
12172,121.720178015,243.917000000,100,1140,1215,52,4
12173,121.730179336,166.369000000,100,1350,1215,53,4
12174,121.740178783,166.369000000,100,1350,1215,53,4
12175,121.750178521,166.369000000,100,1350,1215,53,4
12176,121.760178459,166.369000000,100,1350,1215,53,4
12177,121.770178036,166.369000000,100,1350,1215,53,4
12178,121.780180329,166.369000000,100,1350,1215,53,4
12179,121.790177662,166.369000000,100,1350,1215,53,4
12180,121.800181097,166.369000000,100,1350,1215,53,4
12181,121.810178721,166.369000000,100,1350,1215,53,4
12182,121.820177567,166.369000000,100,1350,1215,53,4
12183,121.830179188,166.369000000,100,1155,1215,53,4
12184,121.840178706,247.637000000,100,1155,1215,52,4
12185,121.850178413,247.637000000,100,1155,1215,52,4
12186,121.860181037,247.637000000,100,1155,1215,52,4
12187,121.870177068,247.637000000,100,1155,1215,52,4
12188,121.880177487,247.637000000,100,1155,1215,52,4
12189,121.890177355,247.637000000,100,1155,1215,52,4
12190,121.900177784,247.637000000,100,1155,1215,52,4
12191,121.910177131,247.637000000,100,1155,1215,52,4
12192,121.920178131,247.637000000,100,1155,1215,52,4
12193,121.930178169,165.290000000,100,1320,1215,52,4
12194,121.940178027,165.290000000,100,1320,1215,52,4
12195,121.950177434,165.290000000,100,1320,1215,52,4
12196,121.960176671,165.290000000,100,1320,1215,52,4
12197,121.970177020,165.290000000,100,1320,1215,52,4
12198,121.980177620,165.290000000,100,1320,1215,52,4
12199,121.990177858,165.290000000,100,1320,1215,52,4
12200,122.000177877,165.290000000,100,1320,1215,52,4
12201,122.010178286,165.290000000,100,1320,1215,52,4
12202,122.020177974,165.290000000,100,1320,1215,52,4
12203,122.030183091,233.814000000,100,1230,1215,53,4
12204,122.040179062,233.814000000,100,1230,1215,53,4
12205,122.050178940,233.814000000,100,1230,1215,53,4
12206,122.060183086,233.814000000,100,1230,1215,53,4
12207,122.070179748,233.814000000,100,1230,1215,53,4
12208,122.080182963,233.814000000,100,1230,1215,53,4
12209,122.090178422,233.814000000,100,1230,1215,53,4
12210,122.100177018,233.814000000,100,1230,1215,53,4
12211,122.110178990,233.814000000,100,1230,1215,53,4
12212,122.120177105,233.814000000,100,1230,1215,53,4
12213,122.130179508,187.847000000,100,1260,1215,52,4
12214,122.140178564,187.847000000,100,1260,1215,52,4
12215,122.150178923,187.847000000,100,1260,1215,52,4
12216,122.160178140,187.847000000,100,1260,1215,52,4
12217,122.170178889,187.847000000,100,1260,1215,52,4
12218,122.180259198,187.847000000,100,1260,1215,52,4
12219,122.190178706,187.847000000,100,1260,1215,52,4
12220,122.200178504,187.847000000,100,1260,1215,52,4
12221,122.210178322,187.847000000,100,1260,1215,52,4
12222,122.220182848,187.847000000,100,1260,1215,52,4
12223,122.230178899,218.153000000,100,1290,1215,53,4
12224,122.240181813,218.153000000,100,1290,1215,53,4
12225,122.250177674,218.153000000,100,1290,1215,53,4
12226,122.260178864,218.153000000,100,1290,1215,53,4
12227,122.270178392,218.153000000,100,1290,1215,53,4
12228,122.280178530,218.153000000,100,1290,1215,53,4
12229,122.290178468,218.153000000,100,1290,1215,53,4
12230,122.300181192,218.153000000,100,1290,1215,53,4
12231,122.310178304,218.153000000,100,1290,1215,53,4
12232,122.320182290,218.153000000,100,1290,1215,53,4
12233,122.330179092,204.066000000,100,1185,1215,52,4
12234,122.340178119,204.066000000,100,1185,1215,52,4
12235,122.350178708,204.066000000,100,1185,1215,52,4
12236,122.360181662,204.066000000,100,1185,1215,52,4
12237,122.370178815,204.066000000,100,1185,1215,52,4
12238,122.380177972,204.066000000,100,1185,1215,52,4
12239,122.390177920,204.066000000,100,1185,1215,52,4
12240,122.400181515,204.066000000,100,1185,1215,52,4
12241,122.410178598,204.066000000,100,1185,1215,52,4
12242,122.420177694,204.066000000,100,1185,1215,52,4
12243,122.430179566,185.164000000,100,1350,1215,53,4
12244,122.440177691,185.164000000,100,1350,1215,53,4
12245,122.450182669,185.164000000,100,1350,1215,53,4
12246,122.460177868,185.164000000,100,1350,1215,53,4
12247,122.470182284,185.164000000,100,1350,1215,53,4
12248,122.480180529,185.164000000,100,1350,1215,53,4
12249,122.490178023,185.164000000,100,1350,1215,53,4
12250,122.500178512,185.164000000,100,1350,1215,53,4
12251,122.510178541,185.164000000,100,1350,1215,53,4
12252,122.520177417,185.164000000,100,1350,1215,53,4
12253,122.530179719,231.792000000,100,1155,1215,52,4
12254,122.540178505,231.792000000,100,1155,1215,52,4
12255,122.550179095,231.792000000,100,1155,1215,52,4
12256,122.560178792,231.792000000,100,1155,1215,52,4
12257,122.570178250,231.792000000,100,1155,1215,52,4
12258,122.580178018,231.792000000,100,1155,1215,52,4
12259,122.590177996,231.792000000,100,1155,1215,52,4
12260,122.600181681,231.792000000,100,1155,1215,52,4
12261,122.610178203,231.792000000,100,1155,1215,52,4
12262,122.620178091,231.792000000,100,1155,1215,52,4
12263,122.630179382,171.316000000,100,1350,1215,53,4
12264,122.640182125,171.316000000,100,1350,1215,53,4
12265,122.650179088,171.316000000,100,1350,1215,53,4
12266,122.660178314,171.316000000,100,1350,1215,53,4
12267,122.670179224,171.316000000,100,1350,1215,53,4
12268,122.680177920,171.316000000,100,1350,1215,53,4
12269,122.690177858,171.316000000,100,1350,1215,53,4
12270,122.700182786,171.316000000,100,1350,1215,53,4
12271,122.710178416,171.316000000,100,1350,1215,53,4
12272,122.720182712,171.316000000,100,1350,1215,53,4
12273,122.730178883,241.051000000,100,1110,1215,52,4
12274,122.740177369,241.051000000,100,1110,1215,52,4
12275,122.750178610,241.051000000,100,1110,1215,52,4
12276,122.760178508,241.051000000,100,1110,1215,52,4
12277,122.770368773,241.051000000,100,1110,1215,52,4
12278,122.780178935,241.051000000,100,1110,1215,52,4
12279,122.790176749,241.051000000,100,1110,1215,52,4
12280,122.800181266,241.051000000,100,1110,1215,52,4
12281,122.810176996,241.051000000,100,1110,1215,52,4
12282,122.820176985,241.051000000,100,1110,1215,52,4
12283,122.830178856,154.631000000,100,1365,1215,53,4
12284,122.840176701,154.631000000,100,1365,1215,53,4
12285,122.850178102,154.631000000,100,1365,1215,53,4
12286,122.860177118,154.631000000,100,1365,1215,53,4
12287,122.870177617,154.631000000,100,1365,1215,53,4
12288,122.880181242,154.631000000,100,1365,1215,53,4
12289,122.890178065,154.631000000,100,1365,1215,53,4
12290,122.900177442,154.631000000,100,1365,1215,53,4
12291,122.910176678,154.631000000,100,1365,1215,53,4
12292,122.920176917,154.631000000,100,1365,1215,53,4
12293,122.930178278,257.795000000,100,1155,1215,53,4
12294,122.940176944,257.795000000,100,1155,1215,53,4
12295,122.950178746,257.795000000,100,1155,1215,53,4
12296,122.960181900,257.795000000,100,1155,1215,53,4
12297,122.970178191,257.795000000,100,1155,1215,53,4
12298,122.980178119,257.795000000,100,1155,1215,53,4
12299,122.990182967,257.795000000,100,1155,1215,53,4
12300,123.000180450,257.795000000,100,1155,1215,53,4
12301,123.010178064,257.795000000,100,1155,1215,53,4
12302,123.020177982,257.795000000,100,1155,1215,53,4
12303,123.030178121,164.120000000,100,1350,1215,52,4
12304,123.040177187,164.120000000,100,1350,1215,52,4
12305,123.050178308,164.120000000,100,1350,1215,52,4
12306,123.060177584,164.120000000,100,1350,1215,52,4
12307,123.070176992,164.120000000,100,1350,1215,52,4
12308,123.080177070,164.120000000,100,1350,1215,52,4
12309,123.090177329,164.120000000,100,1350,1215,52,4
12310,123.100176516,164.120000000,100,1350,1215,52,4
12311,123.110178367,164.120000000,100,1350,1215,52,4
12312,123.120178696,164.120000000,100,1350,1215,52,4
12313,123.130179226,246.829000000,100,1185,1215,53,4
12314,123.140177491,246.829000000,100,1185,1215,53,4
12315,123.150179122,246.829000000,100,1185,1215,53,4
12316,123.160176605,246.829000000,100,1185,1215,53,4
12317,123.170177616,246.829000000,100,1185,1215,53,4
12318,123.180177854,246.829000000,100,1185,1215,53,4
12319,123.190177242,246.829000000,100,1185,1215,53,4
12320,123.200177550,246.829000000,100,1185,1215,53,4
12321,123.210177599,246.829000000,100,1185,1215,53,4
12322,123.220177477,246.829000000,100,1185,1215,53,4
12323,123.230182875,173.167000000,100,1305,1215,53,4
12324,123.240179006,173.167000000,100,1305,1215,52,4
12325,123.250177432,173.167000000,100,1305,1215,52,4
12326,123.260177751,173.167000000,100,1305,1215,52,4
12327,123.270229826,173.167000000,100,1305,1215,52,4
12328,123.280179110,173.167000000,100,1305,1215,52,4
12329,123.290178517,173.167000000,100,1305,1215,52,4
12330,123.300179407,173.167000000,100,1305,1215,52,4
12331,123.310175428,173.167000000,100,1305,1215,52,4
12332,123.320175496,173.167000000,100,1305,1215,52,4
12333,123.330179321,230.328000000,100,1275,1215,52,4
12334,123.340178588,230.328000000,100,1275,1215,53,4
12335,123.350178146,230.328000000,100,1275,1215,53,4
12336,123.360177262,230.328000000,100,1275,1215,53,4
12337,123.370181619,230.328000000,100,1275,1215,53,4
12338,123.380178231,230.328000000,100,1275,1215,53,4
12339,123.390181285,230.328000000,100,1275,1215,53,4
12340,123.400178638,230.328000000,100,1275,1215,53,4
12341,123.410182263,230.328000000,100,1275,1215,53,4
12342,123.420179877,230.328000000,100,1275,1215,53,4
12343,123.430182861,230.328000000,100,1155,1215,53,4
12344,123.440179413,195.601000000,100,1155,1215,52,4
12345,123.450178610,195.601000000,100,1155,1215,52,4
12346,123.460178057,195.601000000,100,1155,1215,52,4
12347,123.470177765,195.601000000,100,1155,1215,52,4
12348,123.480178524,195.601000000,100,1155,1215,52,4
12349,123.490177721,195.601000000,100,1155,1215,52,4
12350,123.500178290,195.601000000,100,1155,1215,52,4
12351,123.510178058,195.601000000,100,1155,1215,52,4
12352,123.520178347,195.601000000,100,1155,1215,52,4
12353,123.530178576,195.601000000,100,1335,1215,52,4
12354,123.540179416,206.644000000,100,1335,1215,53,4
12355,123.550177831,206.644000000,100,1335,1215,53,4
12356,123.560178360,206.644000000,100,1335,1215,53,4
12357,123.570181815,206.644000000,100,1335,1215,53,4
12358,123.580178497,206.644000000,100,1335,1215,53,4
12359,123.590177974,206.644000000,100,1335,1215,53,4
12360,123.600181870,206.644000000,100,1335,1215,53,4
12361,123.610179013,206.644000000,100,1335,1215,53,4
12362,123.620177068,206.644000000,100,1335,1215,53,4
12363,123.630179521,206.644000000,100,1155,1215,53,4
12364,123.640179429,212.038000000,100,1155,1215,52,4
12365,123.650179217,212.038000000,100,1155,1215,52,4
12366,123.660177872,212.038000000,100,1155,1215,52,4
12367,123.670182239,212.038000000,100,1155,1215,52,4
12368,123.680178781,212.038000000,100,1155,1215,52,4
12369,123.690181714,212.038000000,100,1155,1215,52,4
12370,123.700177916,212.038000000,100,1155,1215,52,4
12371,123.710178495,212.038000000,100,1155,1215,52,4
12372,123.720177862,212.038000000,100,1155,1215,52,4
12373,123.730178451,184.161000000,100,1350,1215,53,4
12374,123.740178039,184.161000000,100,1350,1215,53,4
12375,123.750178197,184.161000000,100,1350,1215,53,4
12376,123.760178146,184.161000000,100,1350,1215,53,4
12377,123.770181470,184.161000000,100,1350,1215,53,4
12378,123.780178413,184.161000000,100,1350,1215,53,4
12379,123.790182218,184.161000000,100,1350,1215,53,4
12380,123.800178530,184.161000000,100,1350,1215,53,4
12381,123.810177606,184.161000000,100,1350,1215,53,4
12382,123.820177815,184.161000000,100,1350,1215,53,4
12383,123.830179997,240.859000000,100,1140,1215,53,4
12384,123.840178412,240.859000000,100,1140,1215,53,4
12385,123.850177679,240.859000000,100,1140,1215,53,4
12386,123.860176806,240.859000000,100,1140,1215,53,4
12387,123.870176814,240.859000000,100,1140,1215,53,4
12388,123.880176853,240.859000000,100,1140,1215,53,4
12389,123.890177542,240.859000000,100,1140,1215,53,4
12390,123.900178983,240.859000000,100,1140,1215,53,4
12391,123.910182528,240.859000000,100,1140,1215,53,4
12392,123.920178078,240.859000000,100,1140,1215,53,4
12393,123.930178788,155.109000000,100,1350,1215,52,4
12394,123.940177914,155.109000000,100,1350,1215,52,4
12395,123.950182381,155.109000000,100,1350,1215,52,4
12396,123.960178632,155.109000000,100,1350,1215,52,4
12397,123.970178490,155.109000000,100,1350,1215,52,4
12398,123.980178609,155.109000000,100,1350,1215,52,4
12399,123.990177806,155.109000000,100,1350,1215,52,4
12400,124.000177173,155.109000000,100,1350,1215,52,4
12401,124.010182070,155.109000000,100,1350,1215,52,4
12402,124.020178101,155.109000000,100,1350,1215,52,4
12403,124.030179121,244.110000000,100,1215,1215,53,4
12404,124.040176985,244.110000000,100,1215,1215,53,4
12405,124.050176874,244.110000000,100,1215,1215,53,4
12406,124.060177894,244.110000000,100,1215,1215,53,4
12407,124.070177221,244.110000000,100,1215,1215,53,4
12408,124.080178281,244.110000000,100,1215,1215,53,4
12409,124.090178590,244.110000000,100,1215,1215,53,4
12410,124.100182616,244.110000000,100,1215,1215,53,4
12411,124.110181532,244.110000000,100,1215,1215,53,4
12412,124.120176912,244.110000000,100,1215,1215,53,4
12413,124.130179585,171.092000000,100,1275,1215,52,4
12414,124.140177149,171.092000000,100,1275,1215,52,4
12415,124.150177828,171.092000000,100,1275,1215,52,4
12416,124.160176644,171.092000000,100,1275,1215,52,4
12417,124.170178085,171.092000000,100,1275,1215,52,4
12418,124.180178494,171.092000000,100,1275,1215,52,4
12419,124.190177651,171.092000000,100,1275,1215,52,4
12420,124.200178280,171.092000000,100,1275,1215,52,4
12421,124.210178058,171.092000000,100,1275,1215,52,4
12422,124.220179039,171.092000000,100,1275,1215,52,4
12423,124.230180139,241.371000000,100,1290,1215,53,4
12424,124.240178464,241.371000000,100,1290,1215,53,4
12425,124.250178683,241.371000000,100,1290,1215,53,4
12426,124.260178791,241.371000000,100,1290,1215,53,4
12427,124.270180934,241.371000000,100,1290,1215,53,4
12428,124.280175752,241.371000000,100,1290,1215,53,4
12429,124.290174728,241.371000000,100,1290,1215,53,4
12430,124.300178995,241.371000000,100,1290,1215,53,4
12431,124.310177520,241.371000000,100,1290,1215,53,4
12432,124.320184722,241.371000000,100,1290,1215,53,4
12433,124.330182747,184.301000000,100,1140,1215,52,4
12434,124.340179489,184.301000000,100,1140,1215,52,4
12435,124.350176481,184.301000000,100,1140,1215,52,4
12436,124.360182311,184.301000000,100,1140,1215,52,4
12437,124.370174975,184.301000000,100,1140,1215,52,4
12438,124.380174573,184.301000000,100,1140,1215,52,4
12439,124.390286762,184.301000000,100,1140,1215,52,4
12440,124.400178326,184.301000000,100,1140,1215,52,4
12441,124.410178535,184.301000000,100,1140,1215,52,4
12442,124.420177742,184.301000000,100,1140,1215,52,4
12443,124.430178281,208.435000000,100,1350,1215,53,4
12444,124.440177328,208.435000000,100,1350,1215,53,4
12445,124.450177797,208.435000000,100,1350,1215,53,4
12446,124.460177224,208.435000000,100,1350,1215,53,4
12447,124.470178034,208.435000000,100,1350,1215,53,4
12448,124.480177201,208.435000000,100,1350,1215,53,4
12449,124.490177620,208.435000000,100,1350,1215,53,4
12450,124.500176786,208.435000000,100,1350,1215,53,4
12451,124.510177606,208.435000000,100,1350,1215,53,4
12452,124.520177083,208.435000000,100,1350,1215,53,4
12453,124.530178524,210.350000000,100,1140,1215,52,4
12454,124.540176960,210.350000000,100,1140,1215,52,4
12455,124.550177309,210.350000000,100,1140,1215,52,4
12456,124.560177177,210.350000000,100,1140,1215,52,4
12457,124.570177876,210.350000000,100,1140,1215,52,4
12458,124.580177163,210.350000000,100,1140,1215,52,4
12459,124.590177803,210.350000000,100,1140,1215,52,4
12460,124.600182350,210.350000000,100,1140,1215,52,4
12461,124.610178551,210.350000000,100,1140,1215,52,4
12462,124.620177928,210.350000000,100,1140,1215,52,4
12463,124.630179549,186.934000000,100,1365,1215,53,4
12464,124.640177464,186.934000000,100,1365,1215,53,4
12465,124.650178193,186.934000000,100,1365,1215,53,4
12466,124.660177971,186.934000000,100,1365,1215,53,4
12467,124.670177118,186.934000000,100,1365,1215,53,4
12468,124.680176685,186.934000000,100,1365,1215,53,4
12469,124.690182665,186.934000000,100,1365,1215,53,4
12470,124.700179607,186.934000000,100,1365,1215,53,4
12471,124.710177111,186.934000000,100,1365,1215,53,4
12472,124.720177159,186.934000000,100,1365,1215,53,4
12473,124.730179672,236.865000000,100,1110,1215,53,4
12474,124.740178068,236.865000000,100,1110,1215,53,4
12475,124.750178246,236.865000000,100,1110,1215,53,4
12476,124.760181240,236.865000000,100,1110,1215,53,4
12477,124.770178694,236.865000000,100,1110,1215,53,4
12478,124.780178562,236.865000000,100,1110,1215,53,4
12479,124.790177648,236.865000000,100,1110,1215,53,4
12480,124.800179019,236.865000000,100,1110,1215,53,4
12481,124.810178246,236.865000000,100,1110,1215,53,4
12482,124.820179407,236.865000000,100,1110,1215,53,4
12483,124.830178453,152.325000000,100,1365,1215,53,4
12484,124.840178361,152.325000000,100,1365,1215,52,4
12485,124.850178199,152.325000000,100,1365,1215,52,4
12486,124.860177426,152.325000000,100,1365,1215,52,4
12487,124.870178005,152.325000000,100,1365,1215,52,4
12488,124.880177503,152.325000000,100,1365,1215,52,4
12489,124.890179785,152.325000000,100,1365,1215,52,4
12490,124.900177289,152.325000000,100,1365,1215,52,4
12491,124.910177758,152.325000000,100,1365,1215,52,4
12492,124.920179159,152.325000000,100,1365,1215,52,4
12493,124.930178306,253.585000000,100,1170,1215,52,4
12494,124.940179146,253.585000000,100,1170,1215,53,4
12495,124.950178442,253.585000000,100,1170,1215,53,4
12496,124.960177679,253.585000000,100,1170,1215,53,4
12497,124.970179842,253.585000000,100,1170,1215,53,4
12498,124.980177526,253.585000000,100,1170,1215,53,4
12499,124.990178436,253.585000000,100,1170,1215,53,4
12500,125.000182021,253.585000000,100,1170,1215,53,4
12501,125.010182971,253.585000000,100,1170,1215,53,4
12502,125.020182378,253.585000000,100,1170,1215,53,4
12503,125.030180422,253.585000000,100,1335,1215,53,4
12504,125.040178567,157.354000000,100,1335,1215,52,4
12505,125.050178786,157.354000000,100,1335,1215,52,4
12506,125.060182401,157.354000000,100,1335,1215,52,4
12507,125.070177931,157.354000000,100,1335,1215,52,4
12508,125.080177529,157.354000000,100,1335,1215,52,4
12509,125.090178228,157.354000000,100,1335,1215,52,4
12510,125.100176954,157.354000000,100,1335,1215,52,4
12511,125.110177343,157.354000000,100,1335,1215,52,4
12512,125.120178023,157.354000000,100,1335,1215,52,4
12513,125.130179604,157.354000000,100,1290,1215,52,4
12514,125.140179031,247.141000000,100,1290,1215,53,4
12515,125.150178408,247.141000000,100,1290,1215,53,4
12516,125.160179348,247.141000000,100,1290,1215,53,4
12517,125.170177363,247.141000000,100,1290,1215,53,4
12518,125.180177591,247.141000000,100,1290,1215,53,4
12519,125.190177389,247.141000000,100,1290,1215,53,4
12520,125.200178109,247.141000000,100,1290,1215,53,4
12521,125.210177596,247.141000000,100,1290,1215,53,4
12522,125.220178136,247.141000000,100,1290,1215,53,4
12523,125.230180128,247.141000000,100,1140,1215,53,4
12524,125.240179575,171.015000000,100,1140,1215,52,4
12525,125.250179443,171.015000000,100,1140,1215,52,4
12526,125.260180233,171.015000000,100,1140,1215,52,4
12527,125.270182706,171.015000000,100,1140,1215,52,4
12528,125.280180600,171.015000000,100,1140,1215,52,4
12529,125.290177623,171.015000000,100,1140,1215,52,4
12530,125.300178102,171.015000000,100,1140,1215,52,4
12531,125.310177990,171.015000000,100,1140,1215,52,4
12532,125.320177327,171.015000000,100,1140,1215,52,4
12533,125.330178598,171.015000000,100,1350,1215,52,4
12534,125.340178987,223.632000000,100,1350,1215,53,4
12535,125.350177031,223.632000000,100,1350,1215,53,4
12536,125.360177290,223.632000000,100,1350,1215,53,4
12537,125.370177649,223.632000000,100,1350,1215,53,4
12538,125.380177697,223.632000000,100,1350,1215,53,4
12539,125.390176554,223.632000000,100,1350,1215,53,4
12540,125.400177634,223.632000000,100,1350,1215,53,4
12541,125.410177923,223.632000000,100,1350,1215,53,4
12542,125.420182480,223.632000000,100,1350,1215,53,4
12543,125.430179132,190.343000000,100,1170,1215,52,4
12544,125.440178639,190.343000000,100,1170,1215,52,4
12545,125.450178798,190.343000000,100,1170,1215,52,4
12546,125.460178125,190.343000000,100,1170,1215,52,4
12547,125.470178423,190.343000000,100,1170,1215,52,4
12548,125.480179083,190.343000000,100,1170,1215,52,4
12549,125.490182708,190.343000000,100,1170,1215,52,4
12550,125.500177266,190.343000000,100,1170,1215,52,4
12551,125.510181683,190.343000000,100,1170,1215,52,4
12552,125.520178074,190.343000000,100,1170,1215,52,4
12553,125.530178694,209.328000000,100,1350,1215,53,4
12554,125.540178662,209.328000000,100,1350,1215,53,4
12555,125.550178209,209.328000000,100,1350,1215,53,4
12556,125.560178448,209.328000000,100,1350,1215,53,4
12557,125.570181923,209.328000000,100,1350,1215,53,4
12558,125.580178735,209.328000000,100,1350,1215,53,4
12559,125.590178182,209.328000000,100,1350,1215,53,4
12560,125.600178441,209.328000000,100,1350,1215,53,4
12561,125.610182247,209.328000000,100,1350,1215,53,4
12562,125.620178388,209.328000000,100,1350,1215,53,4
12563,125.630179197,211.547000000,100,1140,1215,52,4
12564,125.640178935,211.547000000,100,1140,1215,52,4
12565,125.650178663,211.547000000,100,1140,1215,52,4
12566,125.660182118,211.547000000,100,1140,1215,52,4
12567,125.670178399,211.547000000,100,1140,1215,52,4
12568,125.680177957,211.547000000,100,1140,1215,52,4
12569,125.690178806,211.547000000,100,1140,1215,52,4
12570,125.700182311,211.547000000,100,1140,1215,52,4
12571,125.710178913,211.547000000,100,1140,1215,52,4
12572,125.720178070,211.547000000,100,1140,1215,52,4
12573,125.730179481,175.609000000,100,1350,1215,53,4
12574,125.740177545,175.609000000,100,1350,1215,53,4
12575,125.750178496,175.609000000,100,1350,1215,53,4
12576,125.760183183,175.609000000,100,1350,1215,53,4
12577,125.770183482,175.609000000,100,1350,1215,53,4
12578,125.780177669,175.609000000,100,1350,1215,53,4
12579,125.790177286,175.609000000,100,1350,1215,53,4
12580,125.800180561,175.609000000,100,1350,1215,53,4
12581,125.810180790,175.609000000,100,1350,1215,53,4
12582,125.820178544,175.609000000,100,1350,1215,53,4
12583,125.830178312,228.551000000,100,1185,1215,53,4
12584,125.840176807,228.551000000,100,1185,1215,53,4
12585,125.850177867,228.551000000,100,1185,1215,53,4
12586,125.860176663,228.551000000,100,1185,1215,53,4
12587,125.870177133,228.551000000,100,1185,1215,53,4
12588,125.880177141,228.551000000,100,1185,1215,53,4
12589,125.890178912,228.551000000,100,1185,1215,53,4
12590,125.900178470,228.551000000,100,1185,1215,53,4
12591,125.910178628,228.551000000,100,1185,1215,53,4
12592,125.920177785,228.551000000,100,1185,1215,53,4
12593,125.930179006,175.223000000,100,1335,1215,52,4
12594,125.940178353,175.223000000,100,1335,1215,52,4
12595,125.950178471,175.223000000,100,1335,1215,52,4
12596,125.960177458,175.223000000,100,1335,1215,52,4
12597,125.970178668,175.223000000,100,1335,1215,52,4
12598,125.980182955,175.223000000,100,1335,1215,52,4
12599,125.990178424,175.223000000,100,1335,1215,52,4
12600,126.000181619,175.223000000,100,1335,1215,52,4
12601,126.010177429,175.223000000,100,1335,1215,52,4
12602,126.020178880,175.223000000,100,1335,1215,52,4
12603,126.030179049,236.291000000,100,1215,1215,53,4
12604,126.040178496,236.291000000,100,1215,1215,53,4
12605,126.050177152,236.291000000,100,1215,1215,53,4
12606,126.060177100,236.291000000,100,1215,1215,53,4
12607,126.070183019,236.291000000,100,1215,1215,53,4
12608,126.080180974,236.291000000,100,1215,1215,53,4
12609,126.090177355,236.291000000,100,1215,1215,53,4
12610,126.100179628,236.291000000,100,1215,1215,53,4
12611,126.110177833,236.291000000,100,1215,1215,53,4
12612,126.120178402,236.291000000,100,1215,1215,53,4
12613,126.130179322,165.944000000,100,1275,1215,52,4
12614,126.140182016,165.944000000,100,1275,1215,52,4
12615,126.150179138,165.944000000,100,1275,1215,52,4
12616,126.160178205,165.944000000,100,1275,1215,52,4
12617,126.170178674,165.944000000,100,1275,1215,52,4
12618,126.180182339,165.944000000,100,1275,1215,52,4
12619,126.190177749,165.944000000,100,1275,1215,52,4
12620,126.200177296,165.944000000,100,1275,1215,52,4
12621,126.210177585,165.944000000,100,1275,1215,52,4
12622,126.220182352,165.944000000,100,1275,1215,52,4
12623,126.230180507,246.926000000,100,1275,1215,53,4
12624,126.240178342,246.926000000,100,1275,1215,53,4
12625,126.250179863,246.926000000,100,1275,1215,53,4
12626,126.260179170,246.926000000,100,1275,1215,53,4
12627,126.270177635,246.926000000,100,1275,1215,53,4
12628,126.280179747,246.926000000,100,1275,1215,53,4
12629,126.290178203,246.926000000,100,1275,1215,53,4
12630,126.300178993,246.926000000,100,1275,1215,53,4
12631,126.310178810,246.926000000,100,1275,1215,53,4
12632,126.320178418,246.926000000,100,1275,1215,53,4
12633,126.330179739,167.546000000,100,1230,1215,52,4
12634,126.340178815,167.546000000,100,1230,1215,52,4
12635,126.350179104,167.546000000,100,1230,1215,52,4
12636,126.360178311,167.546000000,100,1230,1215,52,4
12637,126.370178670,167.546000000,100,1230,1215,52,4
12638,126.380178979,167.546000000,100,1230,1215,52,4
12639,126.390178256,167.546000000,100,1230,1215,52,4
12640,126.400182422,167.546000000,100,1230,1215,52,4
12641,126.410178372,167.546000000,100,1230,1215,52,4
12642,126.420179343,167.546000000,100,1230,1215,52,4
12643,126.430184531,245.669000000,100,1290,1215,52,4
12644,126.440179700,245.669000000,100,1290,1215,53,4
12645,126.450177744,245.669000000,100,1290,1215,53,4
12646,126.460178464,245.669000000,100,1290,1215,53,4
12647,126.470178322,245.669000000,100,1290,1215,53,4
12648,126.480178651,245.669000000,100,1290,1215,53,4
12649,126.490178459,245.669000000,100,1290,1215,53,4
12650,126.500182114,245.669000000,100,1290,1215,53,4
12651,126.510178636,245.669000000,100,1290,1215,53,4
12652,126.520178193,245.669000000,100,1290,1215,53,4
12653,126.530180065,245.669000000,100,1185,1215,53,4
12654,126.540179913,166.705000000,100,1185,1215,52,4
12655,126.550179030,166.705000000,100,1185,1215,52,4
12656,126.560178447,166.705000000,100,1185,1215,52,4
12657,126.570178345,166.705000000,100,1185,1215,52,4
12658,126.580182050,166.705000000,100,1185,1215,52,4
12659,126.590177129,166.705000000,100,1185,1215,52,4
12660,126.600178530,166.705000000,100,1185,1215,52,4
12661,126.610178729,166.705000000,100,1185,1215,52,4
12662,126.620182825,166.705000000,100,1185,1215,52,4
12663,126.630179587,233.837000000,100,1365,1215,52,4
12664,126.640179676,233.837000000,100,1365,1215,53,4
12665,126.650178973,233.837000000,100,1365,1215,53,4
12666,126.660178480,233.837000000,100,1365,1215,53,4
12667,126.670177817,233.837000000,100,1365,1215,53,4
12668,126.680178567,233.837000000,100,1365,1215,53,4
12669,126.690178425,233.837000000,100,1365,1215,53,4
12670,126.700178854,233.837000000,100,1365,1215,53,4
12671,126.710182789,233.837000000,100,1365,1215,53,4
12672,126.720182928,233.837000000,100,1365,1215,53,4
12673,126.730177827,233.837000000,100,1155,1215,53,4
12674,126.740178156,194.290000000,100,1155,1215,52,4
12675,126.750178084,194.290000000,100,1155,1215,52,4
12676,126.760178593,194.290000000,100,1155,1215,52,4
12677,126.770181938,194.290000000,100,1155,1215,52,4
12678,126.780179341,194.290000000,100,1155,1215,52,4
12679,126.790177095,194.290000000,100,1155,1215,52,4
12680,126.800177975,194.290000000,100,1155,1215,52,4
12681,126.810177001,194.290000000,100,1155,1215,52,4
12682,126.820178082,194.290000000,100,1155,1215,52,4
12683,126.830178050,194.290000000,100,1350,1215,52,4
12684,126.840179000,203.266000000,100,1350,1215,52,4
12685,126.850177155,203.266000000,100,1350,1215,52,4
12686,126.860177494,203.266000000,100,1350,1215,52,4
12687,126.870178093,203.266000000,100,1350,1215,52,4
12688,126.880178743,203.266000000,100,1350,1215,52,4
12689,126.890177068,203.266000000,100,1350,1215,52,4
12690,126.900177517,203.266000000,100,1350,1215,52,4
12691,126.910177796,203.266000000,100,1350,1215,52,4
12692,126.920180479,203.266000000,100,1350,1215,52,4
12693,126.930179445,203.266000000,100,1185,1215,52,4
12694,126.940178302,210.482000000,100,1185,1215,53,4
12695,126.950178570,210.482000000,100,1185,1215,53,4
12696,126.960182646,210.482000000,100,1185,1215,53,4
12697,126.970178186,210.482000000,100,1185,1215,53,4
12698,126.980176862,210.482000000,100,1185,1215,53,4
12699,126.990177862,210.482000000,100,1185,1215,53,4
12700,127.000178031,210.482000000,100,1185,1215,53,4
12701,127.010178771,210.482000000,100,1185,1215,53,4
12702,127.020182326,210.482000000,100,1185,1215,53,4
12703,127.030179018,180.598000000,100,1305,1215,52,4
12704,127.040178475,180.598000000,100,1305,1215,52,4
12705,127.050178353,180.598000000,100,1305,1215,52,4
12706,127.060177720,180.598000000,100,1305,1215,52,4
12707,127.070176797,180.598000000,100,1305,1215,52,4
12708,127.080179249,180.598000000,100,1305,1215,52,4
12709,127.090178697,180.598000000,100,1305,1215,52,4
12710,127.100177783,180.598000000,100,1305,1215,52,4
12711,127.110178623,180.598000000,100,1305,1215,52,4
12712,127.120182288,180.598000000,100,1305,1215,52,4
12713,127.130179672,238.015000000,100,1275,1215,53,4
12714,127.140178598,238.015000000,100,1275,1215,53,4
12715,127.150178386,238.015000000,100,1275,1215,53,4
12716,127.160182201,238.015000000,100,1275,1215,53,4
12717,127.170178092,238.015000000,100,1275,1215,53,4
12718,127.180179022,238.015000000,100,1275,1215,53,4
12719,127.190178369,238.015000000,100,1275,1215,53,4
12720,127.200177486,238.015000000,100,1275,1215,53,4
12721,127.210179307,238.015000000,100,1275,1215,53,4
12722,127.220182882,238.015000000,100,1275,1215,53,4
12723,127.230179304,159.418000000,100,1230,1215,52,4
12724,127.240179643,159.418000000,100,1230,1215,52,4
12725,127.250179140,159.418000000,100,1230,1215,52,4
12726,127.260183286,159.418000000,100,1230,1215,52,4
12727,127.270177273,159.418000000,100,1230,1215,52,4
12728,127.280182311,159.418000000,100,1230,1215,52,4
12729,127.290177621,159.418000000,100,1230,1215,52,4
12730,127.300182738,159.418000000,100,1230,1215,52,4
12731,127.310177717,159.418000000,100,1230,1215,52,4
12732,127.320178928,159.418000000,100,1230,1215,52,4
12733,127.330180429,235.774000000,100,1290,1215,53,4
12734,127.340178934,235.774000000,100,1290,1215,53,4
12735,127.350179063,235.774000000,100,1290,1215,53,4
12736,127.360178841,235.774000000,100,1290,1215,53,4
12737,127.370178689,235.774000000,100,1290,1215,53,4
12738,127.380179058,235.774000000,100,1290,1215,53,4
12739,127.390178716,235.774000000,100,1290,1215,53,4
12740,127.400179215,235.774000000,100,1290,1215,53,4
12741,127.410178842,235.774000000,100,1290,1215,53,4
12742,127.420178710,235.774000000,100,1290,1215,53,4
12743,127.430184129,169.499000000,100,1200,1215,52,4
12744,127.440178797,169.499000000,100,1200,1215,52,4
12745,127.450179487,169.499000000,100,1200,1215,52,4
12746,127.460178383,169.499000000,100,1200,1215,52,4
12747,127.470178592,169.499000000,100,1200,1215,52,4
12748,127.480178770,169.499000000,100,1200,1215,52,4
12749,127.490179089,169.499000000,100,1200,1215,52,4
12750,127.500183345,169.499000000,100,1200,1215,52,4
12751,127.510179727,169.499000000,100,1200,1215,52,4
12752,127.520178152,169.499000000,100,1200,1215,52,4
12753,127.530180034,242.631000000,100,1335,1215,53,4
12754,127.540179191,242.631000000,100,1335,1215,53,4
12755,127.550179099,242.631000000,100,1335,1215,53,4
12756,127.560179137,242.631000000,100,1335,1215,53,4
12757,127.570179456,242.631000000,100,1335,1215,53,4
12758,127.580182460,242.631000000,100,1335,1215,53,4
12759,127.590178691,242.631000000,100,1335,1215,53,4
12760,127.600178439,242.631000000,100,1335,1215,53,4
12761,127.610178688,242.631000000,100,1335,1215,53,4
12762,127.620179788,242.631000000,100,1335,1215,53,4
12763,127.630180167,169.500000000,100,1125,1215,52,4
12764,127.640178422,169.500000000,100,1125,1215,52,4
12765,127.650179152,169.500000000,100,1125,1215,52,4
12766,127.660182717,169.500000000,100,1125,1215,52,4
12767,127.670178808,169.500000000,100,1125,1215,52,4
12768,127.680178105,169.500000000,100,1125,1215,52,4
12769,127.690178404,169.500000000,100,1125,1215,52,4
12770,127.700182389,169.500000000,100,1125,1215,52,4
12771,127.710178500,169.500000000,100,1125,1215,52,4
12772,127.720178388,169.500000000,100,1125,1215,52,4
12773,127.730179639,228.745000000,100,1350,1215,52,4
12774,127.740181962,228.745000000,100,1350,1215,52,4
12775,127.750178564,228.745000000,100,1350,1215,52,4
12776,127.760178021,228.745000000,100,1350,1215,52,4
12777,127.770178320,228.745000000,100,1350,1215,52,4
12778,127.780183127,228.745000000,100,1350,1215,52,4
12779,127.790178246,228.745000000,100,1350,1215,52,4
12780,127.800179517,228.745000000,100,1350,1215,52,4
12781,127.810178473,228.745000000,100,1350,1215,52,4
12782,127.820183090,228.745000000,100,1350,1215,52,4
12783,127.830178630,181.226000000,100,1155,1215,52,4
12784,127.840178478,181.226000000,100,1155,1215,52,4
12785,127.850178346,181.226000000,100,1155,1215,52,4
12786,127.860178585,181.226000000,100,1155,1215,52,4
12787,127.870177381,181.226000000,100,1155,1215,52,4
12788,127.880178541,181.226000000,100,1155,1215,52,4
12789,127.890177327,181.226000000,100,1155,1215,52,4
12790,127.900178077,181.226000000,100,1155,1215,52,4
12791,127.910177124,181.226000000,100,1155,1215,52,4
12792,127.920181530,181.226000000,100,1155,1215,52,4
12793,127.930178322,217.562000000,100,1365,1215,53,4
12794,127.940177760,217.562000000,100,1365,1215,53,4
12795,127.950177878,217.562000000,100,1365,1215,53,4
12796,127.960178257,217.562000000,100,1365,1215,53,4
12797,127.970179197,217.562000000,100,1365,1215,53,4
12798,127.980182301,217.562000000,100,1365,1215,53,4
12799,127.990179003,217.562000000,100,1365,1215,53,4
12800,128.000182869,217.562000000,100,1365,1215,53,4
12801,128.010245415,217.562000000,100,1365,1215,53,4
12802,128.020180311,217.562000000,100,1365,1215,53,4
12803,128.030179017,194.826000000,100,1155,1215,53,4
12804,128.040178785,194.826000000,100,1155,1215,53,4
12805,128.050178903,194.826000000,100,1155,1215,53,4
12806,128.060179132,194.826000000,100,1155,1215,53,4
12807,128.070178148,194.826000000,100,1155,1215,53,4
12808,128.080177585,194.826000000,100,1155,1215,53,4
12809,128.090177754,194.826000000,100,1155,1215,53,4
12810,128.100177131,194.826000000,100,1155,1215,53,4
12811,128.110178131,194.826000000,100,1155,1215,53,4
12812,128.120179232,194.826000000,100,1155,1215,53,4
12813,128.130180172,179.169000000,100,1320,1215,53,4
12814,128.140179118,179.169000000,100,1320,1215,52,4
12815,128.150178706,179.169000000,100,1320,1215,52,4
12816,128.160182772,179.169000000,100,1320,1215,52,4
12817,128.170183070,179.169000000,100,1320,1215,52,4
12818,128.180177849,179.169000000,100,1320,1215,52,4
12819,128.190177066,179.169000000,100,1320,1215,52,4
12820,128.200177966,179.169000000,100,1320,1215,52,4
12821,128.210178876,179.169000000,100,1320,1215,52,4
12822,128.220178714,179.169000000,100,1320,1215,52,4
12823,128.230178962,179.169000000,100,1215,1215,52,4
12824,128.240178710,216.056000000,100,1215,1215,53,4
12825,128.250180011,216.056000000,100,1215,1215,53,4
12826,128.260177955,216.056000000,100,1215,1215,53,4
12827,128.270177703,216.056000000,100,1215,1215,53,4
12828,128.280177681,216.056000000,100,1215,1215,53,4
12829,128.290178772,216.056000000,100,1215,1215,53,4
12830,128.300205039,216.056000000,100,1215,1215,53,4
12831,128.310180371,216.056000000,100,1215,1215,53,4
12832,128.320177865,216.056000000,100,1215,1215,53,4
12833,128.330183564,216.056000000,100,1290,1215,53,4
12834,128.340178142,179.964000000,100,1290,1215,52,4
12835,128.350178201,179.964000000,100,1290,1215,52,4
12836,128.360178339,179.964000000,100,1290,1215,52,4
12837,128.370178237,179.964000000,100,1290,1215,52,4
12838,128.380177905,179.964000000,100,1290,1215,52,4
12839,128.390177593,179.964000000,100,1290,1215,52,4
12840,128.400178703,179.964000000,100,1290,1215,52,4
12841,128.410177810,179.964000000,100,1290,1215,52,4
12842,128.420178078,179.964000000,100,1290,1215,52,4
12843,128.430178547,179.964000000,100,1320,1215,52,4
12844,128.440179688,238.846000000,100,1320,1215,53,4
12845,128.450178865,238.846000000,100,1320,1215,53,4
12846,128.460178432,238.846000000,100,1320,1215,53,4
12847,128.470178861,238.846000000,100,1320,1215,53,4
12848,128.480177507,238.846000000,100,1320,1215,53,4
12849,128.490178066,238.846000000,100,1320,1215,53,4
12850,128.500177614,238.846000000,100,1320,1215,53,4
12851,128.510178454,238.846000000,100,1320,1215,53,4
12852,128.520183271,238.846000000,100,1320,1215,53,4
12853,128.530179673,238.846000000,100,1125,1215,53,4
12854,128.540184159,157.402000000,100,1125,1215,52,4
12855,128.550178597,157.402000000,100,1125,1215,52,4
12856,128.560182152,157.402000000,100,1125,1215,52,4
12857,128.570178483,157.402000000,100,1125,1215,52,4
12858,128.580176879,157.402000000,100,1125,1215,52,4
12859,128.590178730,157.402000000,100,1125,1215,52,4
12860,128.600179310,157.402000000,100,1125,1215,52,4
12861,128.610205447,157.402000000,100,1125,1215,52,4
12862,128.620180869,157.402000000,100,1125,1215,52,4
12863,128.630179996,157.402000000,100,1350,1215,52,4
12864,128.640180115,243.806000000,100,1350,1215,53,4
12865,128.650179091,243.806000000,100,1350,1215,53,4
12866,128.660178889,243.806000000,100,1350,1215,53,4
12867,128.670179117,243.806000000,100,1350,1215,53,4
12868,128.680178915,243.806000000,100,1350,1215,53,4
12869,128.690182440,243.806000000,100,1350,1215,53,4
12870,128.700179343,243.806000000,100,1350,1215,53,4
12871,128.710178620,243.806000000,100,1350,1215,53,4
12872,128.720177937,243.806000000,100,1350,1215,53,4
12873,128.730179398,165.989000000,100,1155,1215,52,4
12874,128.740180468,165.989000000,100,1155,1215,52,4
12875,128.750177791,165.989000000,100,1155,1215,52,4
12876,128.760177098,165.989000000,100,1155,1215,52,4
12877,128.770176926,165.989000000,100,1155,1215,52,4
12878,128.780177065,165.989000000,100,1155,1215,52,4
12879,128.790178416,165.989000000,100,1155,1215,52,4
12880,128.800177502,165.989000000,100,1155,1215,52,4
12881,128.810177681,165.989000000,100,1155,1215,52,4
12882,128.820176697,165.989000000,100,1155,1215,52,4
12883,128.830178720,234.602000000,100,1350,1215,52,4
12884,128.840178097,234.602000000,100,1350,1215,53,4
12885,128.850178405,234.602000000,100,1350,1215,53,4
12886,128.860177462,234.602000000,100,1350,1215,53,4
12887,128.870179204,234.602000000,100,1350,1215,53,4
12888,128.880176787,234.602000000,100,1350,1215,53,4
12889,128.890177948,234.602000000,100,1350,1215,53,4
12890,128.900177636,234.602000000,100,1350,1215,53,4
12891,128.910177534,234.602000000,100,1350,1215,53,4
12892,128.920177301,234.602000000,100,1350,1215,53,4
12893,128.930178883,178.002000000,100,1155,1215,53,4
12894,128.940178631,178.002000000,100,1155,1215,53,4
12895,128.950178929,178.002000000,100,1155,1215,53,4
12896,128.960177976,178.002000000,100,1155,1215,53,4
12897,128.970178205,178.002000000,100,1155,1215,53,4
12898,128.980179926,178.002000000,100,1155,1215,53,4
12899,128.990177610,178.002000000,100,1155,1215,53,4
12900,129.000177919,178.002000000,100,1155,1215,53,4
12901,129.010176885,178.002000000,100,1155,1215,53,4
12902,129.020177655,178.002000000,100,1155,1215,53,4
12903,129.030179757,178.002000000,100,1335,1215,53,4
12904,129.040179685,208.721000000,100,1335,1215,52,4
12905,129.050178502,208.721000000,100,1335,1215,52,4
12906,129.060179371,208.721000000,100,1335,1215,52,4
12907,129.070177937,208.721000000,100,1335,1215,52,4
12908,129.080182985,208.721000000,100,1335,1215,52,4
12909,129.090178595,208.721000000,100,1335,1215,52,4
12910,129.100182541,208.721000000,100,1335,1215,52,4
12911,129.110178261,208.721000000,100,1335,1215,52,4
12912,129.120177167,208.721000000,100,1335,1215,52,4
12913,129.130178167,208.721000000,100,1215,1215,52,4
12914,129.140179678,199.438000000,100,1215,1215,53,4
12915,129.150179336,199.438000000,100,1215,1215,53,4
12916,129.160178352,199.438000000,100,1215,1215,53,4
12917,129.170177960,199.438000000,100,1215,1215,53,4
12918,129.180178129,199.438000000,100,1215,1215,53,4
12919,129.190178297,199.438000000,100,1215,1215,53,4
12920,129.200178887,199.438000000,100,1215,1215,53,4
12921,129.210178254,199.438000000,100,1215,1215,53,4
12922,129.220178022,199.438000000,100,1215,1215,53,4
12923,129.230181356,199.438000000,100,1290,1215,53,4
12924,129.240179180,203.985000000,100,1290,1215,52,4
12925,129.250179199,203.985000000,100,1290,1215,52,4
12926,129.260177263,203.985000000,100,1290,1215,52,4
12927,129.270179255,203.985000000,100,1290,1215,52,4
12928,129.280178061,203.985000000,100,1290,1215,52,4
12929,129.290177449,203.985000000,100,1290,1215,52,4
12930,129.300176826,203.985000000,100,1290,1215,52,4
12931,129.310178106,203.985000000,100,1290,1215,52,4
12932,129.320178676,203.985000000,100,1290,1215,52,4
12933,129.330179666,203.985000000,100,1245,1215,53,4
12934,129.340180015,203.985000000,100,1245,1215,53,4
12935,129.350179152,203.985000000,100,1245,1215,53,4
12936,129.360178849,203.985000000,100,1245,1215,53,4
12937,129.370178116,203.985000000,100,1245,1215,53,4
12938,129.380178275,203.985000000,100,1245,1215,53,4
12939,129.390179956,203.985000000,100,1245,1215,53,4
12940,129.400178081,203.985000000,100,1245,1215,53,4
12941,129.410178320,203.985000000,100,1245,1215,53,4
12942,129.420177226,203.985000000,100,1245,1215,53,4
12943,129.430178998,207.813000000,100,1230,1215,53,4
12944,129.440182933,207.813000000,100,1230,1215,52,4
12945,129.450177672,207.813000000,100,1230,1215,52,4
12946,129.460177179,207.813000000,100,1230,1215,52,4
12947,129.470178089,207.813000000,100,1230,1215,52,4
12948,129.480176855,207.813000000,100,1230,1215,52,4
12949,129.490176713,207.813000000,100,1230,1215,52,4
12950,129.500179406,207.813000000,100,1230,1215,52,4
12951,129.510177020,207.813000000,100,1230,1215,52,4
12952,129.520178351,207.813000000,100,1230,1215,52,4
12953,129.530177788,182.602000000,100,1320,1215,53,4
12954,129.540177586,182.602000000,100,1320,1215,53,4
12955,129.550178035,182.602000000,100,1320,1215,53,4
12956,129.560178765,182.602000000,100,1320,1215,53,4
12957,129.570178924,182.602000000,100,1320,1215,53,4
12958,129.580177499,182.602000000,100,1320,1215,53,4
12959,129.590177277,182.602000000,100,1320,1215,53,4
12960,129.600178357,182.602000000,100,1320,1215,53,4
12961,129.610178446,182.602000000,100,1320,1215,53,4
12962,129.620178644,182.602000000,100,1320,1215,53,4
12963,129.630178783,235.218000000,100,1185,1215,52,4
12964,129.640179713,235.218000000,100,1185,1215,52,4
12965,129.650178389,235.218000000,100,1185,1215,52,4
12966,129.660178658,235.218000000,100,1185,1215,52,4
12967,129.670177524,235.218000000,100,1185,1215,52,4
12968,129.680178263,235.218000000,100,1185,1215,52,4
12969,129.690178733,235.218000000,100,1185,1215,52,4
12970,129.700178801,235.218000000,100,1185,1215,52,4
12971,129.710182616,235.218000000,100,1185,1215,52,4
12972,129.720178858,235.218000000,100,1185,1215,52,4
12973,129.730178626,169.736000000,100,1335,1215,53,4
12974,129.740179055,169.736000000,100,1335,1215,53,4
12975,129.750178492,169.736000000,100,1335,1215,53,4
12976,129.760178751,169.736000000,100,1335,1215,53,4
12977,129.770178869,169.736000000,100,1335,1215,53,4
12978,129.780178697,169.736000000,100,1335,1215,53,4
12979,129.790178445,169.736000000,100,1335,1215,53,4
12980,129.800178714,169.736000000,100,1335,1215,53,4
12981,129.810180065,169.736000000,100,1335,1215,53,4
12982,129.820178680,169.736000000,100,1335,1215,53,4
12983,129.830182456,240.988000000,100,1140,1215,53,4
12984,129.840178907,240.988000000,100,1140,1215,53,4
12985,129.850178244,240.988000000,100,1140,1215,53,4
12986,129.860178032,240.988000000,100,1140,1215,53,4
12987,129.870177239,240.988000000,100,1140,1215,53,4
12988,129.880178550,240.988000000,100,1140,1215,53,4
12989,129.890178308,240.988000000,100,1140,1215,53,4
12990,129.900177344,240.988000000,100,1140,1215,53,4
12991,129.910178194,240.988000000,100,1140,1215,53,4
12992,129.920178102,240.988000000,100,1140,1215,53,4
12993,129.930179082,240.988000000,100,1350,1215,53,4
12994,129.940184210,165.501000000,100,1350,1215,53,4
12995,129.950178748,165.501000000,100,1350,1215,53,4
12996,129.960175641,165.501000000,100,1350,1215,53,4
12997,129.970177963,165.501000000,100,1350,1215,53,4
12998,129.980177411,165.501000000,100,1350,1215,53,4
12999,129.990181497,165.501000000,100,1350,1215,53,4
13000,130.000178399,165.501000000,100,1350,1215,53,4
13001,130.010177385,165.501000000,100,1350,1215,53,4
13002,130.020177424,165.501000000,100,1350,1215,53,4
13003,130.030178134,165.501000000,100,1170,1215,53,4
13004,130.040180085,234.026000000,100,1170,1215,53,4
13005,130.050178461,234.026000000,100,1170,1215,53,4
13006,130.060178820,234.026000000,100,1170,1215,53,4
13007,130.070179339,234.026000000,100,1170,1215,53,4
13008,130.080178886,234.026000000,100,1170,1215,53,4
13009,130.090178594,234.026000000,100,1170,1215,53,4
13010,130.100179023,234.026000000,100,1170,1215,53,4
13011,130.110178010,234.026000000,100,1170,1215,53,4
13012,130.120179080,234.026000000,100,1170,1215,53,4
13013,130.130179088,234.026000000,100,1290,1215,53,4
13014,130.140183495,181.381000000,100,1290,1215,52,4
13015,130.150178043,181.381000000,100,1290,1215,52,4
13016,130.160178672,181.381000000,100,1290,1215,52,4
13017,130.170178340,181.381000000,100,1290,1215,52,4
13018,130.180182536,181.381000000,100,1290,1215,52,4
13019,130.190177545,181.381000000,100,1290,1215,52,4
13020,130.200178225,181.381000000,100,1290,1215,52,4
13021,130.210191077,181.381000000,100,1290,1215,52,4
13022,130.220179093,181.381000000,100,1290,1215,52,4
13023,130.230180143,181.381000000,100,1245,1215,52,4
13024,130.240179310,219.855000000,100,1245,1215,53,4
13025,130.250184197,219.855000000,100,1245,1215,53,4
13026,130.260177603,219.855000000,100,1245,1215,53,4
13027,130.270176590,219.855000000,100,1245,1215,53,4
13028,130.280177750,219.855000000,100,1245,1215,53,4
13029,130.290177358,219.855000000,100,1245,1215,53,4
13030,130.300178087,219.855000000,100,1245,1215,53,4
13031,130.310178356,219.855000000,100,1245,1215,53,4
13032,130.320181771,219.855000000,100,1245,1215,53,4
13033,130.330178313,219.855000000,100,1230,1215,53,4
13034,130.340179633,191.632000000,100,1230,1215,52,4
13035,130.350179511,191.632000000,100,1230,1215,52,4
13036,130.360177767,191.632000000,100,1230,1215,52,4
13037,130.370178446,191.632000000,100,1230,1215,52,4
13038,130.380178925,191.632000000,100,1230,1215,52,4
13039,130.390178843,191.632000000,100,1230,1215,52,4
13040,130.400182078,191.632000000,100,1230,1215,52,4
13041,130.410177858,191.632000000,100,1230,1215,52,4
13042,130.420182445,191.632000000,100,1230,1215,52,4
13043,130.430178466,199.485000000,100,1320,1215,52,4
13044,130.440177933,199.485000000,100,1320,1215,53,4
13045,130.450179434,199.485000000,100,1320,1215,53,4
13046,130.460177840,199.485000000,100,1320,1215,53,4
13047,130.470178750,199.485000000,100,1320,1215,53,4
13048,130.480178167,199.485000000,100,1320,1215,53,4
13049,130.490177634,199.485000000,100,1320,1215,53,4
13050,130.500178233,199.485000000,100,1320,1215,53,4
13051,130.510182410,199.485000000,100,1320,1215,53,4
13052,130.520184602,199.485000000,100,1320,1215,53,4
13053,130.530178118,221.383000000,100,1125,1215,52,4
13054,130.540178738,221.383000000,100,1125,1215,52,4
13055,130.550178586,221.383000000,100,1125,1215,52,4
13056,130.560178003,221.383000000,100,1125,1215,52,4
13057,130.570177199,221.383000000,100,1125,1215,52,4
13058,130.580181806,221.383000000,100,1125,1215,52,4
13059,130.590181424,221.383000000,100,1125,1215,52,4
13060,130.600177986,221.383000000,100,1125,1215,52,4
13061,130.610178375,221.383000000,100,1125,1215,52,4
13062,130.620177882,221.383000000,100,1125,1215,52,4
13063,130.630182569,163.632000000,100,1350,1215,52,4
13064,130.640178670,163.632000000,100,1350,1215,53,4
13065,130.650178368,163.632000000,100,1350,1215,53,4
13066,130.660178917,163.632000000,100,1350,1215,53,4
13067,130.670178355,163.632000000,100,1350,1215,53,4
13068,130.680178774,163.632000000,100,1350,1215,53,4
13069,130.690178672,163.632000000,100,1350,1215,53,4
13070,130.700178550,163.632000000,100,1350,1215,53,4
13071,130.710178718,163.632000000,100,1350,1215,53,4
13072,130.720178887,163.632000000,100,1350,1215,53,4
13073,130.730183514,241.454000000,100,1140,1215,52,4
13074,130.740179204,241.454000000,100,1140,1215,52,4
13075,130.750178782,241.454000000,100,1140,1215,52,4
13076,130.760178359,241.454000000,100,1140,1215,52,4
13077,130.770178538,241.454000000,100,1140,1215,52,4
13078,130.780177234,241.454000000,100,1140,1215,52,4
13079,130.790177342,241.454000000,100,1140,1215,52,4
13080,130.800177020,241.454000000,100,1140,1215,52,4
13081,130.810178491,241.454000000,100,1140,1215,52,4
13082,130.820177387,241.454000000,100,1140,1215,52,4
13083,130.830177876,161.759000000,100,1350,1215,53,4
13084,130.840177805,161.759000000,100,1350,1215,53,4
13085,130.850179025,161.759000000,100,1350,1215,53,4
13086,130.860178022,161.759000000,100,1350,1215,53,4
13087,130.870177749,161.759000000,100,1350,1215,53,4
13088,130.880177828,161.759000000,100,1350,1215,53,4
13089,130.890178878,161.759000000,100,1350,1215,53,4
13090,130.900178446,161.759000000,100,1350,1215,53,4
13091,130.910178314,161.759000000,100,1350,1215,53,4
13092,130.920178512,161.759000000,100,1350,1215,53,4
13093,130.930179913,247.213000000,100,1125,1215,52,4
13094,130.940179611,247.213000000,100,1125,1215,52,4
13095,130.950178988,247.213000000,100,1125,1215,52,4
13096,130.960179046,247.213000000,100,1125,1215,52,4
13097,130.970178073,247.213000000,100,1125,1215,52,4
13098,130.980178041,247.213000000,100,1125,1215,52,4
13099,130.990178380,247.213000000,100,1125,1215,52,4
13100,131.000178719,247.213000000,100,1125,1215,52,4
13101,131.010178437,247.213000000,100,1125,1215,52,4
13102,131.020178004,247.213000000,100,1125,1215,52,4
13103,131.030179776,153.536000000,100,1350,1215,52,4
13104,131.040177570,153.536000000,100,1350,1215,52,4
13105,131.050178670,153.536000000,100,1350,1215,52,4
13106,131.060178398,153.536000000,100,1350,1215,52,4
13107,131.070177465,153.536000000,100,1350,1215,52,4
13108,131.080178665,153.536000000,100,1350,1215,52,4
13109,131.090179305,153.536000000,100,1350,1215,52,4
13110,131.100178772,153.536000000,100,1350,1215,52,4
13111,131.110178760,153.536000000,100,1350,1215,52,4
13112,131.120178909,153.536000000,100,1350,1215,52,4
13113,131.130179659,246.944000000,100,1200,1215,53,4
13114,131.140191469,246.944000000,100,1200,1215,53,4
13115,131.150178743,246.944000000,100,1200,1215,53,4
13116,131.160178271,246.944000000,100,1200,1215,53,4
13117,131.170183128,246.944000000,100,1200,1215,53,4
13118,131.180178658,246.944000000,100,1200,1215,53,4
13119,131.190177354,246.944000000,100,1200,1215,53,4
13120,131.200178104,246.944000000,100,1200,1215,53,4
13121,131.210178343,246.944000000,100,1200,1215,53,4
13122,131.220182689,246.944000000,100,1200,1215,53,4
13123,131.230179902,176.302000000,100,1305,1215,52,4
13124,131.240179580,176.302000000,100,1305,1215,52,4
13125,131.250179277,176.302000000,100,1305,1215,52,4
13126,131.260181119,176.302000000,100,1305,1215,52,4
13127,131.270177992,176.302000000,100,1305,1215,52,4
13128,131.280178270,176.302000000,100,1305,1215,52,4
13129,131.290178359,176.302000000,100,1305,1215,52,4
13130,131.300178578,176.302000000,100,1305,1215,52,4
13131,131.310178436,176.302000000,100,1305,1215,52,4
13132,131.320177542,176.302000000,100,1305,1215,52,4
13133,131.330180135,229.922000000,100,1245,1215,53,4
13134,131.340179002,229.922000000,100,1245,1215,53,4
13135,131.350179431,229.922000000,100,1245,1215,53,4
13136,131.360178587,229.922000000,100,1245,1215,53,4
13137,131.370183124,229.922000000,100,1245,1215,53,4
13138,131.380177642,229.922000000,100,1245,1215,53,4
13139,131.390178622,229.922000000,100,1245,1215,53,4
13140,131.400178621,229.922000000,100,1245,1215,53,4
13141,131.410178268,229.922000000,100,1245,1215,53,4
13142,131.420179198,229.922000000,100,1245,1215,53,4
13143,131.430183715,187.558000000,100,1215,1215,52,4
13144,131.440178914,187.558000000,100,1215,1215,52,4
13145,131.450179033,187.558000000,100,1215,1215,52,4
13146,131.460178430,187.558000000,100,1215,1215,52,4
13147,131.470178799,187.558000000,100,1215,1215,52,4
13148,131.480178246,187.558000000,100,1215,1215,52,4
13149,131.490178385,187.558000000,100,1215,1215,52,4
13150,131.500177912,187.558000000,100,1215,1215,52,4
13151,131.510183511,187.558000000,100,1215,1215,52,4
13152,131.520178700,187.558000000,100,1215,1215,52,4
13153,131.530178598,194.443000000,100,1305,1215,53,4
13154,131.540182905,194.443000000,100,1305,1215,53,4
13155,131.550178415,194.443000000,100,1305,1215,53,4
13156,131.560178553,194.443000000,100,1305,1215,53,4
13157,131.570177640,194.443000000,100,1305,1215,53,4
13158,131.580178780,194.443000000,100,1305,1215,53,4
13159,131.590178879,194.443000000,100,1305,1215,53,4
13160,131.600179338,194.443000000,100,1305,1215,53,4
13161,131.610178495,194.443000000,100,1305,1215,53,4
13162,131.620182350,194.443000000,100,1305,1215,53,4
13163,131.630179543,216.282000000,100,1185,1215,53,4
13164,131.640178980,216.282000000,100,1185,1215,52,4
13165,131.650178959,216.282000000,100,1185,1215,52,4
13166,131.660177995,216.282000000,100,1185,1215,52,4
13167,131.670178324,216.282000000,100,1185,1215,52,4
13168,131.680178172,216.282000000,100,1185,1215,52,4
13169,131.690185534,216.282000000,100,1185,1215,52,4
13170,131.700178670,216.282000000,100,1185,1215,52,4
13171,131.710178608,216.282000000,100,1185,1215,52,4
13172,131.720178786,216.282000000,100,1185,1215,52,4
13173,131.730182722,179.525000000,100,1335,1215,52,4
13174,131.740180115,179.525000000,100,1335,1215,53,4
13175,131.750183751,179.525000000,100,1335,1215,53,4
13176,131.760177597,179.525000000,100,1335,1215,53,4
13177,131.770177606,179.525000000,100,1335,1215,53,4
13178,131.780177915,179.525000000,100,1335,1215,53,4
13179,131.790178875,179.525000000,100,1335,1215,53,4
13180,131.800178492,179.525000000,100,1335,1215,53,4
13181,131.810181907,179.525000000,100,1335,1215,53,4
13182,131.820178529,179.525000000,100,1335,1215,53,4
13183,131.830179098,229.418000000,100,1125,1215,52,4
13184,131.840179627,229.418000000,100,1125,1215,52,4
13185,131.850178884,229.418000000,100,1125,1215,52,4
13186,131.860179013,229.418000000,100,1125,1215,52,4
13187,131.870178821,229.418000000,100,1125,1215,52,4
13188,131.880179100,229.418000000,100,1125,1215,52,4
13189,131.890178086,229.418000000,100,1125,1215,52,4
13190,131.900178615,229.418000000,100,1125,1215,52,4
13191,131.910182411,229.418000000,100,1125,1215,52,4
13192,131.920178943,229.418000000,100,1125,1215,52,4
13193,131.930179502,158.748000000,100,1350,1215,52,4
13194,131.940180071,158.748000000,100,1350,1215,52,4
13195,131.950183165,158.748000000,100,1350,1215,52,4
13196,131.960178234,158.748000000,100,1350,1215,52,4
13197,131.970179485,158.748000000,100,1350,1215,52,4
13198,131.980178972,158.748000000,100,1350,1215,52,4
13199,131.990183289,158.748000000,100,1350,1215,52,4
13200,132.000178158,158.748000000,100,1350,1215,52,4
13201,132.010179238,158.748000000,100,1350,1215,52,4
13202,132.020178615,158.748000000,100,1350,1215,52,4
13203,132.030182901,158.748000000,100,1200,1215,52,4
13204,132.040179133,247.512000000,100,1200,1215,53,4
13205,132.050178399,247.512000000,100,1200,1215,53,4
13206,132.060178638,247.512000000,100,1200,1215,53,4
13207,132.070178687,247.512000000,100,1200,1215,53,4
13208,132.080183043,247.512000000,100,1200,1215,53,4
13209,132.090181218,247.512000000,100,1200,1215,53,4
13210,132.100177950,247.512000000,100,1200,1215,53,4
13211,132.110179261,247.512000000,100,1200,1215,53,4
13212,132.120178959,247.512000000,100,1200,1215,53,4
13213,132.130179348,247.512000000,100,1305,1215,53,4
13214,132.140179626,165.739000000,100,1305,1215,52,4
13215,132.150179945,165.739000000,100,1305,1215,52,4
13216,132.160182899,165.739000000,100,1305,1215,52,4
13217,132.170177617,165.739000000,100,1305,1215,52,4
13218,132.180178928,165.739000000,100,1305,1215,52,4
13219,132.190178576,165.739000000,100,1305,1215,52,4
13220,132.200178514,165.739000000,100,1305,1215,52,4
13221,132.210178683,165.739000000,100,1305,1215,52,4
13222,132.220177990,165.739000000,100,1305,1215,52,4
13223,132.230179421,165.739000000,100,1245,1215,52,4
13224,132.240179860,248.138000000,100,1245,1215,53,4
13225,132.250179658,248.138000000,100,1245,1215,53,4
13226,132.260178694,248.138000000,100,1245,1215,53,4
13227,132.270178262,248.138000000,100,1245,1215,53,4
13228,132.280178941,248.138000000,100,1245,1215,53,4
13229,132.290182406,248.138000000,100,1245,1215,53,4
13230,132.300178437,248.138000000,100,1245,1215,53,4
13231,132.310179317,248.138000000,100,1245,1215,53,4
13232,132.320182872,248.138000000,100,1245,1215,53,4
13233,132.330178842,172.582000000,100,1215,1215,52,4
13234,132.340177088,172.582000000,100,1215,1215,52,4
13235,132.350178989,172.582000000,100,1215,1215,52,4
13236,132.360177264,172.582000000,100,1215,1215,52,4
13237,132.370178495,172.582000000,100,1215,1215,52,4
13238,132.380178774,172.582000000,100,1215,1215,52,4
13239,132.390204651,172.582000000,100,1215,1215,52,4
13240,132.400180504,172.582000000,100,1215,1215,52,4
13241,132.410178558,172.582000000,100,1215,1215,52,4
13242,132.420178446,172.582000000,100,1215,1215,52,4
13243,132.430178385,233.022000000,100,1335,1215,53,4
13244,132.440179705,233.022000000,100,1335,1215,53,4
13245,132.450178491,233.022000000,100,1335,1215,53,4
13246,132.460177318,233.022000000,100,1335,1215,53,4
13247,132.470179370,233.022000000,100,1335,1215,53,4
13248,132.480177464,233.022000000,100,1335,1215,53,4
13249,132.490177363,233.022000000,100,1335,1215,53,4
13250,132.500178393,233.022000000,100,1335,1215,53,4
13251,132.510177139,233.022000000,100,1335,1215,53,4
13252,132.520178349,233.022000000,100,1335,1215,53,4
13253,132.530178798,196.191000000,100,1185,1215,52,4
13254,132.540178837,196.191000000,100,1185,1215,52,4
13255,132.550178304,196.191000000,100,1185,1215,52,4
13256,132.560178743,196.191000000,100,1185,1215,52,4
13257,132.570190744,196.191000000,100,1185,1215,52,4
13258,132.580179461,196.191000000,100,1185,1215,52,4
13259,132.590177385,196.191000000,100,1185,1215,52,4
13260,132.600178025,196.191000000,100,1185,1215,52,4
13261,132.610183524,196.191000000,100,1185,1215,52,4
13262,132.620182480,196.191000000,100,1185,1215,52,4
13263,132.630179773,205.950000000,100,1335,1215,53,4
13264,132.640178118,205.950000000,100,1335,1215,53,4
13265,132.650178938,205.950000000,100,1335,1215,53,4
13266,132.660178035,205.950000000,100,1335,1215,53,4
13267,132.670178003,205.950000000,100,1335,1215,53,4
13268,132.680177150,205.950000000,100,1335,1215,53,4
13269,132.690178541,205.950000000,100,1335,1215,53,4
13270,132.700178759,205.950000000,100,1335,1215,53,4
13271,132.710177475,205.950000000,100,1335,1215,53,4
13272,132.720177303,205.950000000,100,1335,1215,53,4
13273,132.730178574,205.469000000,100,1170,1215,52,4
13274,132.740177320,205.469000000,100,1170,1215,52,4
13275,132.750177769,205.469000000,100,1170,1215,52,4
13276,132.760178428,205.469000000,100,1170,1215,52,4
13277,132.770178076,205.469000000,100,1170,1215,52,4
13278,132.780178124,205.469000000,100,1170,1215,52,4
13279,132.790178874,205.469000000,100,1170,1215,52,4
13280,132.800178712,205.469000000,100,1170,1215,52,4
13281,132.810177648,205.469000000,100,1170,1215,52,4
13282,132.820178829,205.469000000,100,1170,1215,52,4
13283,132.830179118,189.512000000,100,1350,1215,53,4
13284,132.840178054,189.512000000,100,1350,1215,53,4
13285,132.850177612,189.512000000,100,1350,1215,53,4
13286,132.860177149,189.512000000,100,1350,1215,53,4
13287,132.870177999,189.512000000,100,1350,1215,53,4
13288,132.880177677,189.512000000,100,1350,1215,53,4
13289,132.890177905,189.512000000,100,1350,1215,53,4
13290,132.900177493,189.512000000,100,1350,1215,53,4
13291,132.910182210,189.512000000,100,1350,1215,53,4
13292,132.920179283,189.512000000,100,1350,1215,53,4
13293,132.930178329,230.466000000,100,1125,1215,52,4
13294,132.940177576,230.466000000,100,1125,1215,52,4
13295,132.950179137,230.466000000,100,1125,1215,52,4
13296,132.960178545,230.466000000,100,1125,1215,52,4
13297,132.970178102,230.466000000,100,1125,1215,52,4
13298,132.980178251,230.466000000,100,1125,1215,52,4
13299,132.990178459,230.466000000,100,1125,1215,52,4
13300,133.000178488,230.466000000,100,1125,1215,52,4
13301,133.010178726,230.466000000,100,1125,1215,52,4
13302,133.020178284,230.466000000,100,1125,1215,52,4
13303,133.030179434,155.445000000,100,1350,1215,52,4
13304,133.040179052,155.445000000,100,1350,1215,52,4
