sample_index,timestamp_s,power_w,util_pct,sm_clock_mhz,mem_clock_mhz,temp_c,throttle_reasons
0,0.000159679,66.080000000,100,1410,1215,30,0
1,0.010190570,66.080000000,100,1410,1215,30,0
2,0.020189861,66.080000000,100,1410,1215,30,0
3,0.030189373,66.080000000,100,1410,1215,30,0
4,0.040189516,66.190000000,100,1410,1215,30,0
5,0.050188988,66.190000000,100,1410,1215,30,0
6,0.060189071,66.190000000,100,1410,1215,30,0
7,0.070188392,66.190000000,100,1410,1215,30,0
8,0.080188284,66.190000000,100,1410,1215,30,0
9,0.090187866,66.190000000,100,1410,1215,30,0
10,0.100189011,66.190000000,100,1410,1215,30,0
11,0.110187671,66.190000000,100,1410,1215,30,0
12,0.120188465,66.190000000,100,1410,1215,30,0
13,0.130188588,66.190000000,100,1410,1215,30,0
14,0.155675589,66.391000000,100,1410,1215,30,0
15,0.155680117,66.391000000,100,1410,1215,30,0
16,0.160189999,66.391000000,100,1410,1215,30,0
17,0.170190212,66.391000000,100,1410,1215,30,0
18,0.180189423,66.391000000,100,1410,1215,30,0
19,0.190188915,66.391000000,100,1410,1215,30,0
20,0.200190330,66.391000000,100,1410,1215,30,0
21,0.210189231,66.391000000,100,1410,1215,30,0
22,0.220190726,66.391000000,100,1410,1215,30,0
23,0.230189186,66.391000000,100,1410,1215,30,0
24,0.240188898,66.268000000,100,1410,1215,30,0
25,0.250189472,66.268000000,100,1410,1215,30,0
26,0.260188934,66.268000000,100,1410,1215,30,0
27,0.270189057,66.268000000,100,1410,1215,30,0
28,0.280190291,66.268000000,100,1410,1215,30,0
29,0.290188821,66.268000000,100,1410,1215,30,0
30,0.300188323,66.268000000,100,1410,1215,30,0
31,0.310189308,66.268000000,100,1410,1215,30,0
32,0.320189731,66.268000000,100,1410,1215,30,0
33,0.330188892,66.268000000,100,1410,1215,30,0
34,0.340190087,65.977000000,100,1410,1215,30,0
35,0.350188597,65.977000000,100,1410,1215,30,0
36,0.360189181,65.977000000,100,1410,1215,30,0
37,0.370190276,65.977000000,100,1410,1215,30,0
38,0.380190038,65.977000000,100,1410,1215,30,0
39,0.390188317,65.977000000,100,1410,1215,30,0
40,0.400189232,65.977000000,100,1410,1215,30,0
41,0.410188302,65.977000000,100,1410,1215,30,0
42,0.420189367,65.977000000,100,1410,1215,30,0
43,0.430188087,65.977000000,100,1410,1215,30,0
44,0.440191817,66.269000000,100,1410,1215,30,0
45,0.450189095,66.269000000,100,1410,1215,30,0
46,0.460192704,66.269000000,100,1410,1215,30,0
47,0.470189280,66.269000000,100,1410,1215,30,0
48,0.480189443,66.269000000,100,1410,1215,30,0
49,0.490189075,66.269000000,100,1410,1215,30,0
50,0.500187395,66.269000000,100,1410,1215,30,0
51,0.510189962,66.269000000,100,1410,1215,30,0
52,0.520189244,66.269000000,100,1410,1215,30,0
53,0.530189056,66.269000000,100,1410,1215,30,0
54,0.540190401,66.348000000,100,1410,1215,30,0
55,0.550189252,66.348000000,100,1410,1215,30,0
56,0.560193122,66.348000000,100,1410,1215,30,0
57,0.570190600,66.348000000,100,1410,1215,30,0
58,0.580189310,66.348000000,100,1410,1215,30,0
59,0.590190164,66.348000000,100,1410,1215,30,0
60,0.600189976,66.348000000,100,1410,1215,30,0
61,0.610188767,66.348000000,100,1410,1215,30,0
62,0.620189350,66.348000000,100,1410,1215,30,0
63,0.630189814,66.348000000,100,1410,1215,30,0
64,0.640190879,66.178000000,100,1410,1215,30,0
65,0.650189258,66.178000000,100,1410,1215,30,0
66,0.660189321,66.178000000,100,1410,1215,30,0
67,0.670193552,66.178000000,100,1410,1215,30,0
68,0.680189336,66.178000000,100,1410,1215,30,0
69,0.690189129,66.178000000,100,1410,1215,30,0
70,0.700190354,66.178000000,100,1410,1215,30,0
71,0.710193763,66.178000000,100,1410,1215,30,0
72,0.720189477,66.178000000,100,1410,1215,30,0
73,0.730189680,66.178000000,100,1410,1215,30,0
74,0.740190815,66.171000000,100,1410,1215,30,0
75,0.750194114,66.171000000,100,1410,1215,30,0
76,0.760189338,66.171000000,100,1410,1215,30,0
77,0.770189190,66.171000000,100,1410,1215,30,0
78,0.780189083,66.171000000,100,1410,1215,30,0
79,0.790189807,66.171000000,100,1410,1215,30,0
80,0.800188978,66.171000000,100,1410,1215,30,0
81,0.810194100,66.171000000,100,1410,1215,30,0
82,0.820189584,66.171000000,100,1410,1215,30,0
83,0.830192051,66.171000000,100,1410,1215,30,0
84,0.840190010,66.287000000,100,1410,1215,30,0
85,0.850189682,66.287000000,100,1410,1215,30,0
86,0.860188873,66.287000000,100,1410,1215,30,0
87,0.870190108,66.287000000,100,1410,1215,30,0
88,0.880189881,66.287000000,100,1410,1215,30,0
89,0.890190174,66.287000000,100,1410,1215,30,0
90,0.900189195,66.287000000,100,1410,1215,30,0
91,0.910189448,66.287000000,100,1410,1215,30,0
92,0.920189781,66.287000000,100,1410,1215,30,0
93,0.930189684,66.287000000,100,1410,1215,30,0
94,0.940189135,66.416000000,100,1410,1215,30,0
95,0.950190350,66.416000000,100,1410,1215,30,0
96,0.960189902,66.416000000,100,1410,1215,30,0
97,0.970189674,66.416000000,100,1410,1215,30,0
98,0.980189136,66.416000000,100,1410,1215,30,0
99,0.990189389,66.416000000,100,1410,1215,30,0
100,1.000189802,66.416000000,100,1410,1215,30,0
101,1.010189715,66.416000000,100,1410,1215,30,0
102,1.020188856,66.416000000,100,1410,1215,30,0
103,1.030188989,66.416000000,100,1410,1215,30,0
104,1.040190094,66.494000000,100,1410,1215,30,0
105,1.050190006,66.494000000,100,1410,1215,30,0
106,1.060190750,66.494000000,100,1410,1215,30,0
107,1.070190693,66.494000000,100,1410,1215,30,0
108,1.080193861,66.494000000,100,1410,1215,30,0
109,1.090190107,66.494000000,100,1410,1215,30,0
110,1.100188907,66.494000000,100,1410,1215,30,0
111,1.110189441,66.494000000,100,1410,1215,30,0
112,1.120190015,66.494000000,100,1410,1215,30,0
113,1.130194115,66.494000000,100,1410,1215,30,0
114,1.140190301,66.288000000,100,1410,1215,30,0
115,1.150194301,66.288000000,100,1410,1215,30,0
116,1.160189725,66.288000000,100,1410,1215,30,0
117,1.170189677,66.288000000,100,1410,1215,30,0
118,1.180189119,66.288000000,100,1410,1215,30,0
119,1.190189342,66.288000000,100,1410,1215,30,0
120,1.200189655,66.288000000,100,1410,1215,30,0
121,1.210190399,66.288000000,100,1410,1215,30,0
122,1.220189460,66.288000000,100,1410,1215,30,0
123,1.230188882,66.288000000,100,1410,1215,30,0
124,1.240189947,66.268000000,100,1410,1215,30,0
125,1.250193225,66.268000000,100,1410,1215,30,0
126,1.260190022,66.268000000,100,1410,1215,30,0
127,1.270190375,66.268000000,100,1410,1215,30,0
128,1.280189637,66.268000000,100,1410,1215,30,0
129,1.290189359,66.268000000,100,1410,1215,30,0
130,1.300189121,66.268000000,100,1410,1215,30,0
131,1.310188923,66.268000000,100,1410,1215,30,0
132,1.320189838,66.268000000,100,1410,1215,30,0
133,1.330189750,66.268000000,100,1410,1215,30,0
134,1.340190214,66.172000000,100,1410,1215,30,0
135,1.350194073,66.172000000,100,1410,1215,30,0
136,1.360189798,66.172000000,100,1410,1215,30,0
137,1.370189160,66.172000000,100,1410,1215,30,0
138,1.380192989,66.172000000,100,1410,1215,30,0
139,1.390190417,66.172000000,100,1410,1215,30,0
140,1.400189568,66.172000000,100,1410,1215,30,0
141,1.410190413,66.172000000,100,1410,1215,30,0
142,1.420193241,66.172000000,100,1410,1215,30,0
143,1.430190608,66.172000000,100,1410,1215,30,0
144,1.440190932,66.177000000,100,1410,1215,30,0
145,1.450190373,66.177000000,100,1410,1215,30,0
146,1.460189685,66.177000000,100,1410,1215,30,0
147,1.470190288,66.177000000,100,1410,1215,30,0
148,1.480193938,66.177000000,100,1410,1215,30,0
149,1.490190544,66.177000000,100,1410,1215,30,0
150,1.500188934,66.177000000,100,1410,1215,30,0
151,1.510193004,66.177000000,100,1410,1215,30,0
152,1.520190362,66.177000000,100,1410,1215,30,0
153,1.530191707,66.177000000,100,1410,1215,30,0
154,1.540189786,66.294000000,100,1410,1215,30,0
155,1.550190360,66.294000000,100,1410,1215,30,0
156,1.560194069,66.294000000,100,1410,1215,30,0
157,1.570190275,66.294000000,100,1410,1215,30,0
158,1.580189426,66.294000000,100,1410,1215,30,0
159,1.590189579,66.294000000,100,1410,1215,30,0
160,1.600189542,66.294000000,100,1410,1215,30,0
161,1.610189023,66.294000000,100,1410,1215,30,0
162,1.620188745,66.294000000,100,1410,1215,30,0
163,1.630189319,66.294000000,100,1410,1215,30,0
164,1.640190654,66.397000000,100,1410,1215,30,0
165,1.650190817,66.397000000,100,1410,1215,30,0
166,1.660189528,66.397000000,100,1410,1215,30,0
167,1.670190272,66.397000000,100,1410,1215,30,0
168,1.680190054,66.397000000,100,1410,1215,30,0
169,1.690189355,66.397000000,100,1410,1215,30,0
170,1.700189809,66.397000000,100,1410,1215,30,0
171,1.710189380,66.397000000,100,1410,1215,30,0
172,1.720189624,66.397000000,100,1410,1215,30,0
173,1.730194095,66.397000000,100,1410,1215,30,0
174,1.740190851,66.287000000,100,1410,1215,30,0
175,1.750191084,66.287000000,100,1410,1215,30,0
176,1.760194523,66.287000000,100,1410,1215,30,0
177,1.770193965,66.287000000,100,1410,1215,30,0
178,1.780190140,66.287000000,100,1410,1215,30,0
179,1.790189822,66.287000000,100,1410,1215,30,0
180,1.800190126,66.287000000,100,1410,1215,30,0
181,1.810194066,66.287000000,100,1410,1215,30,0
182,1.820189770,66.287000000,100,1410,1215,30,0
183,1.830193550,66.287000000,100,1410,1215,30,0
184,1.840189896,66.287000000,100,1410,1215,30,0
185,1.850190500,66.177000000,100,1410,1215,30,0
186,1.860191013,66.177000000,100,1410,1215,30,0
187,1.870192238,66.177000000,100,1410,1215,30,0
188,1.880189055,66.177000000,100,1410,1215,30,0
189,1.890189078,66.177000000,100,1410,1215,30,0
190,1.900188810,66.177000000,100,1410,1215,30,0
191,1.910189654,66.177000000,100,1410,1215,30,0
192,1.920189977,66.177000000,100,1410,1215,30,0
193,1.930189108,66.177000000,100,1410,1215,30,0
194,1.940189151,66.159000000,100,1410,1215,30,0
195,1.950189945,66.159000000,100,1410,1215,30,0
196,1.960188806,66.159000000,100,1410,1215,30,0
197,1.970188909,66.159000000,100,1410,1215,30,0
198,1.980188631,66.159000000,100,1410,1215,30,0
199,1.990189375,66.159000000,100,1410,1215,30,0
200,2.000188676,66.159000000,100,1410,1215,30,0
201,2.010188178,66.159000000,100,1410,1215,30,0
202,2.020189303,66.159000000,100,1410,1215,30,0
203,2.030188664,66.159000000,100,1410,1215,30,0
204,2.040191111,66.068000000,100,1410,1215,30,0
205,2.050188719,66.068000000,100,1410,1215,30,0
206,2.060193802,66.068000000,100,1410,1215,30,0
207,2.070189817,66.068000000,100,1410,1215,30,0
208,2.080189479,66.068000000,100,1410,1215,30,0
209,2.090189762,66.068000000,100,1410,1215,30,0
210,2.100189955,66.068000000,100,1410,1215,30,0
211,2.110190849,66.068000000,100,1410,1215,30,0
212,2.120189339,66.068000000,100,1410,1215,30,0
213,2.130194431,66.068000000,100,1410,1215,30,0
214,2.140190477,66.268000000,100,1410,1215,30,0
215,2.150194777,66.268000000,100,1410,1215,30,0
216,2.160189921,66.268000000,100,1410,1215,30,0
217,2.170190024,66.268000000,100,1410,1215,30,0
218,2.180189616,66.268000000,100,1410,1215,30,0
219,2.190190410,66.268000000,100,1410,1215,30,0
220,2.200189561,66.268000000,100,1410,1215,30,0
221,2.210190415,66.268000000,100,1410,1215,30,0
222,2.220189256,66.268000000,100,1410,1215,30,0
223,2.230190320,66.268000000,100,1410,1215,30,0
224,2.240189722,66.269000000,100,1410,1215,30,0
225,2.250189444,66.269000000,100,1410,1215,30,0
226,2.260189827,66.269000000,100,1410,1215,30,0
227,2.270189860,66.269000000,100,1410,1215,30,0
228,2.280188971,66.269000000,100,1410,1215,30,0
229,2.290192620,66.269000000,100,1410,1215,30,0
230,2.300190118,66.269000000,100,1410,1215,30,0
231,2.310193948,66.269000000,100,1410,1215,30,0
232,2.320189332,66.269000000,100,1410,1215,30,0
233,2.330189806,66.269000000,100,1410,1215,30,0
234,2.340190960,66.177000000,100,1410,1215,30,0
235,2.350191083,66.177000000,100,1410,1215,30,0
236,2.360190134,66.177000000,100,1410,1215,30,0
237,2.370190087,66.177000000,100,1410,1215,30,0
238,2.380189398,66.177000000,100,1410,1215,30,0
239,2.390189261,66.177000000,100,1410,1215,30,0
240,2.400193331,66.177000000,100,1410,1215,30,0
241,2.410189566,66.177000000,100,1410,1215,30,0
242,2.420189639,66.177000000,100,1410,1215,30,0
243,2.430191065,66.177000000,100,1410,1215,30,0
244,2.440194373,66.385000000,100,1410,1215,30,0
245,2.450189317,66.385000000,100,1410,1215,30,0
246,2.460190011,66.385000000,100,1410,1215,30,0
247,2.470189232,66.385000000,100,1410,1215,30,0
248,2.480188904,66.385000000,100,1410,1215,30,0
249,2.490189628,66.385000000,100,1410,1215,30,0
250,2.500194670,66.385000000,100,1410,1215,30,0
251,2.510189904,66.385000000,100,1410,1215,30,0
252,2.520189075,66.385000000,100,1410,1215,30,0
253,2.530189017,66.385000000,100,1410,1215,30,0
254,2.540194991,66.385000000,100,1410,1215,30,0
255,2.550191157,66.385000000,100,1410,1215,30,0
256,2.560190378,66.385000000,100,1410,1215,30,0
257,2.570189729,66.385000000,100,1410,1215,30,0
258,2.580188920,66.385000000,100,1410,1215,30,0
259,2.590188222,66.385000000,100,1410,1215,30,0
260,2.600188555,66.385000000,100,1410,1215,30,0
261,2.610188518,66.385000000,100,1410,1215,30,0
262,2.620188520,66.385000000,100,1410,1215,30,0
263,2.630188763,66.385000000,100,1410,1215,30,0
264,2.640190259,66.385000000,100,1410,1215,30,0
265,2.650188448,66.385000000,100,1410,1215,30,0
266,2.660189002,66.385000000,100,1410,1215,30,0
267,2.670189265,66.385000000,100,1410,1215,30,0
268,2.680189378,66.385000000,100,1410,1215,30,0
269,2.690188889,66.385000000,100,1410,1215,30,0
270,2.700188962,66.385000000,100,1410,1215,30,0
271,2.710189115,66.385000000,100,1410,1215,30,0
272,2.720189288,66.385000000,100,1410,1215,30,0
273,2.730192898,66.385000000,100,1410,1215,30,0
274,2.740190125,66.268000000,100,1410,1215,30,0
275,2.750194346,66.268000000,100,1410,1215,30,0
276,2.760188968,66.268000000,100,1410,1215,30,0
277,2.770190383,66.268000000,100,1410,1215,30,0
278,2.780195556,66.268000000,100,1410,1215,30,0
279,2.790193344,66.268000000,100,1410,1215,30,0
280,2.800189800,66.268000000,100,1410,1215,30,0
281,2.810188871,66.268000000,100,1410,1215,30,0
282,2.820189956,66.268000000,100,1410,1215,30,0
283,2.830192744,66.268000000,100,1410,1215,30,0
284,2.840191174,66.269000000,100,1410,1215,30,0
285,2.850188872,66.269000000,100,1410,1215,30,0
286,2.860189225,66.269000000,100,1410,1215,30,0
287,2.870189408,66.269000000,100,1410,1215,30,0
288,2.880189551,66.269000000,100,1410,1215,30,0
289,2.890193401,66.269000000,100,1410,1215,30,0
290,2.900190478,66.269000000,100,1410,1215,30,0
291,2.910193597,66.269000000,100,1410,1215,30,0
292,2.920189902,66.269000000,100,1410,1215,30,0
293,2.930193732,66.269000000,100,1410,1215,30,0
294,2.940190409,66.384000000,100,1410,1215,30,0
295,2.950190251,66.384000000,100,1410,1215,30,0
296,2.960188651,66.384000000,100,1410,1215,30,0
297,2.970192751,66.384000000,100,1410,1215,30,0
298,2.980190599,66.384000000,100,1410,1215,30,0
299,2.990188528,66.384000000,100,1410,1215,30,0
300,3.000190034,66.384000000,100,1410,1215,30,0
301,3.010189816,66.384000000,100,1410,1215,30,0
302,3.020189328,66.384000000,100,1410,1215,30,0
303,3.030189110,66.384000000,100,1410,1215,30,0
304,3.040190776,66.416000000,100,1410,1215,30,0
305,3.050189566,66.416000000,100,1410,1215,30,0
306,3.060189218,66.416000000,100,1410,1215,30,0
307,3.070189521,66.416000000,100,1410,1215,30,0
308,3.080189394,66.416000000,100,1410,1215,30,0
309,3.090192622,66.416000000,100,1410,1215,30,0
310,3.100189880,66.416000000,100,1410,1215,30,0
311,3.110188730,66.416000000,100,1410,1215,30,0
312,3.120188643,66.416000000,100,1410,1215,30,0
313,3.130193064,66.416000000,100,1410,1215,30,0
314,3.140191654,66.386000000,100,1410,1215,30,0
315,3.150189242,66.386000000,100,1410,1215,30,0
316,3.160188964,66.386000000,100,1410,1215,30,0
317,3.170188516,66.386000000,100,1410,1215,30,0
318,3.180189150,66.386000000,100,1410,1215,30,0
319,3.190187158,66.386000000,100,1410,1215,30,0
320,3.200188504,66.386000000,100,1410,1215,30,0
321,3.210189598,66.386000000,100,1410,1215,30,0
322,3.220188880,66.386000000,100,1410,1215,30,0
323,3.230189644,66.386000000,100,1410,1215,30,0
324,3.240189737,66.172000000,100,1410,1215,30,0
325,3.250189539,66.172000000,100,1410,1215,30,0
326,3.260189842,66.172000000,100,1410,1215,30,0
327,3.270189865,66.172000000,100,1410,1215,30,0
328,3.280189707,66.172000000,100,1410,1215,30,0
329,3.290189590,66.172000000,100,1410,1215,30,0
330,3.300190324,66.172000000,100,1410,1215,30,0
331,3.310190837,66.172000000,100,1410,1215,30,0
332,3.320189868,66.172000000,100,1410,1215,30,0
333,3.330190211,66.172000000,100,1410,1215,30,0
334,3.358810811,66.172000000,100,1410,1215,30,0
335,3.358819117,66.172000000,100,1410,1215,30,0
336,3.360188085,66.172000000,100,1410,1215,30,0
337,3.370189100,66.172000000,100,1410,1215,30,0
338,3.380190114,66.172000000,100,1410,1215,30,0
339,3.390188865,66.172000000,100,1410,1215,30,0
340,3.400189548,66.172000000,100,1410,1215,30,0
341,3.410187878,66.172000000,100,1410,1215,30,0
342,3.420189353,66.172000000,100,1410,1215,30,0
343,3.430188525,66.172000000,100,1410,1215,30,0
344,3.440189800,66.269000000,100,1410,1215,30,0
345,3.450188119,66.269000000,100,1410,1215,30,0
346,3.460189043,66.269000000,100,1410,1215,30,0
347,3.470189527,66.269000000,100,1410,1215,30,0
348,3.480188788,66.269000000,100,1410,1215,30,0
349,3.490189212,66.269000000,100,1410,1215,30,0
350,3.500188373,66.269000000,100,1410,1215,30,0
351,3.510189518,66.269000000,100,1410,1215,30,0
352,3.520188889,66.269000000,100,1410,1215,30,0
353,3.530189202,66.269000000,100,1410,1215,30,0
354,3.540190497,65.970000000,100,1410,1215,30,0
355,3.550190340,65.970000000,100,1410,1215,30,0
356,3.560189811,65.970000000,100,1410,1215,30,0
357,3.570189453,65.970000000,100,1410,1215,30,0
358,3.580188574,65.970000000,100,1410,1215,30,0
359,3.590188978,65.970000000,100,1410,1215,30,0
360,3.600189251,65.970000000,100,1410,1215,30,0
361,3.610188602,65.970000000,100,1410,1215,30,0
362,3.620189677,65.970000000,100,1410,1215,30,0
363,3.630188407,65.970000000,100,1410,1215,30,0
364,3.640189862,65.965000000,100,1410,1215,30,0
365,3.650187882,65.965000000,100,1410,1215,30,0
366,3.660189056,65.965000000,100,1410,1215,30,0
367,3.670188789,65.965000000,100,1410,1215,30,0
368,3.680188871,65.965000000,100,1410,1215,30,0
369,3.690189144,65.965000000,100,1410,1215,30,0
370,3.700188947,65.965000000,100,1410,1215,30,0
371,3.710189100,65.965000000,100,1410,1215,30,0
372,3.720189443,65.965000000,100,1410,1215,30,0
373,3.730189396,65.965000000,100,1410,1215,30,0
374,3.740190170,66.397000000,100,1410,1215,30,0
375,3.750190453,66.397000000,100,1410,1215,30,0
376,3.760192840,66.397000000,100,1410,1215,30,0
377,3.770189406,66.397000000,100,1410,1215,30,0
378,3.780189599,66.397000000,100,1410,1215,30,0
379,3.790190553,66.397000000,100,1410,1215,30,0
380,3.800188833,66.397000000,100,1410,1215,30,0
381,3.810193534,66.397000000,100,1410,1215,30,0
382,3.820189029,66.397000000,100,1410,1215,30,0
383,3.830190113,66.397000000,100,1410,1215,30,0
384,3.840190236,66.385000000,100,1410,1215,30,0
385,3.850194126,66.385000000,100,1410,1215,30,0
386,3.860190071,66.385000000,100,1410,1215,30,0
387,3.870190404,66.385000000,100,1410,1215,30,0
388,3.880188493,66.385000000,100,1410,1215,30,0
389,3.890188456,66.385000000,100,1410,1215,30,0
390,3.900189360,66.385000000,100,1410,1215,30,0
391,3.910193350,66.385000000,100,1410,1215,30,0
392,3.920189766,66.385000000,100,1410,1215,30,0
393,3.930188126,66.385000000,100,1410,1215,30,0
394,3.940189962,66.366000000,100,1410,1215,30,0
395,3.950189474,66.366000000,100,1410,1215,30,0
396,3.960189787,66.366000000,100,1410,1215,30,0
397,3.970189529,66.366000000,100,1410,1215,30,0
398,3.980188930,66.366000000,100,1410,1215,30,0
399,3.990192941,66.366000000,100,1410,1215,30,0
400,4.000189607,66.366000000,100,1410,1215,30,0
401,4.010188858,66.366000000,100,1410,1215,30,0
402,4.020188791,66.366000000,100,1410,1215,30,0
403,4.030188984,66.366000000,100,1410,1215,30,0
404,4.040189878,66.366000000,100,1410,1215,30,0
405,4.050188258,66.366000000,100,1410,1215,30,0
406,4.060189082,66.366000000,100,1410,1215,30,0
407,4.070192962,66.366000000,100,1410,1215,30,0
408,4.080193656,66.366000000,100,1410,1215,30,0
409,4.090190092,66.366000000,100,1410,1215,30,0
410,4.100188962,66.366000000,100,1410,1215,30,0
411,4.110189306,66.366000000,100,1410,1215,30,0
412,4.120189348,66.366000000,100,1410,1215,30,0
413,4.130189401,66.366000000,100,1410,1215,30,0
414,4.140190215,66.288000000,100,1410,1215,30,0
415,4.150189947,66.288000000,100,1410,1215,30,0
416,4.160192845,66.288000000,100,1410,1215,30,0
417,4.170189341,66.288000000,100,1410,1215,30,0
418,4.180193792,66.288000000,100,1410,1215,30,0
419,4.190189487,66.288000000,100,1410,1215,30,0
420,4.200189500,66.288000000,100,1410,1215,30,0
421,4.210190514,66.288000000,100,1410,1215,30,0
422,4.220189345,66.288000000,100,1410,1215,30,0
423,4.230189067,66.288000000,100,1410,1215,30,0
424,4.240194159,66.288000000,100,1410,1215,30,0
425,4.250189773,66.288000000,100,1410,1215,30,0
426,4.260188484,66.288000000,100,1410,1215,30,0
427,4.270189869,66.288000000,100,1410,1215,30,0
428,4.280190292,66.288000000,100,1410,1215,30,0
429,4.290190265,66.288000000,100,1410,1215,30,0
430,4.300188985,66.288000000,100,1410,1215,30,0
431,4.310189018,66.288000000,100,1410,1215,30,0
432,4.320193409,66.288000000,100,1410,1215,30,0
433,4.330188953,66.288000000,100,1410,1215,30,0
434,4.340189256,66.270000000,100,1410,1215,30,0
435,4.350194799,66.270000000,100,1410,1215,30,0
436,4.360189913,66.270000000,100,1410,1215,30,0
437,4.370191959,66.270000000,100,1410,1215,30,0
438,4.380188776,66.270000000,100,1410,1215,30,0
439,4.390189460,66.270000000,100,1410,1215,30,0
440,4.400188521,66.270000000,100,1410,1215,30,0
441,4.410189545,66.270000000,100,1410,1215,30,0
442,4.420190540,66.270000000,100,1410,1215,30,0
443,4.430188378,66.270000000,100,1410,1215,30,0
444,4.440190074,66.464000000,100,1410,1215,30,0
445,4.450190227,66.464000000,100,1410,1215,30,0
446,4.460188737,66.464000000,100,1410,1215,30,0
447,4.470188930,66.464000000,100,1410,1215,30,0
448,4.480189894,66.464000000,100,1410,1215,30,0
449,4.490188264,66.464000000,100,1410,1215,30,0
450,4.500188437,66.464000000,100,1410,1215,30,0
451,4.510192818,66.464000000,100,1410,1215,30,0
452,4.520189574,66.464000000,100,1410,1215,30,0
453,4.530189386,66.464000000,100,1410,1215,30,0
454,4.540193617,66.464000000,100,1410,1215,30,0
455,4.550189332,66.250000000,100,1410,1215,30,0
456,4.560188683,66.250000000,100,1410,1215,30,0
457,4.570189227,66.250000000,100,1410,1215,30,0
458,4.580188738,66.250000000,100,1410,1215,30,0
459,4.590189202,66.250000000,100,1410,1215,30,0
460,4.600189144,66.250000000,100,1410,1215,30,0
461,4.610188796,66.250000000,100,1410,1215,30,0
462,4.620189480,66.250000000,100,1410,1215,30,0
463,4.630188752,66.250000000,100,1410,1215,30,0
464,4.640190287,66.287000000,100,1410,1215,30,0
465,4.650190340,66.287000000,100,1410,1215,30,0
466,4.660193559,66.287000000,100,1410,1215,30,0
467,4.670189073,66.287000000,100,1410,1215,30,0
468,4.680190177,66.287000000,100,1410,1215,30,0
469,4.690189268,66.287000000,100,1410,1215,30,0
470,4.700189862,66.287000000,100,1410,1215,30,0
471,4.710189223,66.287000000,100,1410,1215,30,0
472,4.720189657,66.287000000,100,1410,1215,30,0
473,4.730188848,66.287000000,100,1410,1215,30,0
474,4.740190584,66.287000000,100,1410,1215,30,0
475,4.750190176,66.372000000,100,1410,1215,30,0
476,4.760189658,66.372000000,100,1410,1215,30,0
477,4.770189189,66.372000000,100,1410,1215,30,0
478,4.780193530,66.372000000,100,1410,1215,30,0
479,4.790189295,66.372000000,100,1410,1215,30,0
480,4.800193746,66.372000000,100,1410,1215,30,0
481,4.810190202,66.372000000,100,1410,1215,30,0
482,4.820189733,66.372000000,100,1410,1215,30,0
483,4.830189155,66.372000000,100,1410,1215,30,0
484,4.840189789,66.372000000,100,1410,1215,30,0
485,4.850190052,66.372000000,100,1410,1215,30,0
486,4.860189243,66.372000000,100,1410,1215,30,0
487,4.870193113,66.372000000,100,1410,1215,30,0
488,4.880189459,66.372000000,100,1410,1215,30,0
489,4.890193419,66.372000000,100,1410,1215,30,0
490,4.900189464,66.372000000,100,1410,1215,30,0
491,4.910193695,66.372000000,100,1410,1215,30,0
492,4.920189449,66.372000000,100,1410,1215,30,0
493,4.930188871,66.372000000,100,1410,1215,30,0
494,4.940189685,66.269000000,100,1410,1215,30,0
495,4.950189948,66.269000000,100,1410,1215,30,0
496,4.960189219,66.269000000,100,1410,1215,30,0
497,4.970188200,66.269000000,100,1410,1215,30,0
498,4.980188383,66.269000000,100,1410,1215,30,0
499,4.990189147,66.269000000,100,1410,1215,30,0
500,5.000189651,66.269000000,100,1410,1215,30,0
501,5.010188922,66.269000000,100,1410,1215,30,0
502,5.020189345,66.269000000,100,1410,1215,30,0
503,5.030188356,66.269000000,100,1410,1215,30,0
504,5.040188489,66.172000000,100,1410,1215,30,0
505,5.050194142,66.172000000,100,1410,1215,30,0
506,5.060189646,66.172000000,100,1410,1215,30,0
507,5.070192785,66.172000000,100,1410,1215,30,0
508,5.080189030,66.172000000,100,1410,1215,30,0
509,5.090188142,66.172000000,100,1410,1215,30,0
510,5.100188715,66.172000000,100,1410,1215,30,0
511,5.110188167,66.172000000,100,1410,1215,30,0
512,5.120187769,66.172000000,100,1410,1215,30,0
513,5.130189505,66.172000000,100,1410,1215,30,0
514,5.140188936,66.366000000,100,1410,1215,30,0
515,5.150189981,66.366000000,100,1410,1215,30,0
516,5.160188691,66.366000000,100,1410,1215,30,0
517,5.170188884,66.366000000,100,1410,1215,30,0
518,5.180188255,66.366000000,100,1410,1215,30,0
519,5.190189160,66.366000000,100,1410,1215,30,0
520,5.200188100,66.366000000,100,1410,1215,30,0
521,5.210188954,66.366000000,100,1410,1215,30,0
522,5.220187985,66.366000000,100,1410,1215,30,0
523,5.230188930,66.366000000,100,1410,1215,30,0
524,5.240190656,66.378000000,100,1410,1215,30,0
525,5.250190127,66.378000000,100,1410,1215,30,0
526,5.260189388,66.378000000,100,1410,1215,30,0
527,5.270188690,66.378000000,100,1410,1215,30,0
528,5.280189664,66.378000000,100,1410,1215,30,0
529,5.290189226,66.378000000,100,1410,1215,30,0
530,5.300189219,66.378000000,100,1410,1215,30,0
531,5.310188610,66.378000000,100,1410,1215,30,0
532,5.320188713,66.378000000,100,1410,1215,30,0
533,5.330189517,66.378000000,100,1410,1215,30,0
534,5.340189510,66.386000000,100,1410,1215,30,0
535,5.350190374,66.386000000,100,1410,1215,30,0
536,5.360189645,66.386000000,100,1410,1215,30,0
537,5.370189959,66.386000000,100,1410,1215,30,0
538,5.380188729,66.386000000,100,1410,1215,30,0
539,5.390189333,66.386000000,100,1410,1215,30,0
540,5.400189866,66.386000000,100,1410,1215,30,0
541,5.410189628,66.386000000,100,1410,1215,30,0
542,5.420189010,66.386000000,100,1410,1215,30,0
543,5.430189483,66.386000000,100,1410,1215,30,0
544,5.440189286,66.385000000,100,1410,1215,30,0
545,5.450191082,66.385000000,100,1410,1215,30,0
546,5.460189161,66.385000000,100,1410,1215,30,0
547,5.470189815,66.385000000,100,1410,1215,30,0
548,5.480189627,66.385000000,100,1410,1215,30,0
549,5.490189289,66.385000000,100,1410,1215,30,0
550,5.500192938,66.385000000,100,1410,1215,30,0
551,5.510189955,66.385000000,100,1410,1215,30,0
552,5.520189447,66.385000000,100,1410,1215,30,0
553,5.530189680,66.385000000,100,1410,1215,30,0
554,5.540190624,66.366000000,100,1410,1215,30,0
555,5.550190797,66.366000000,100,1410,1215,30,0
556,5.560190239,66.366000000,100,1410,1215,30,0
557,5.570189731,66.366000000,100,1410,1215,30,0
558,5.580189212,66.366000000,100,1410,1215,30,0
559,5.590189485,66.366000000,100,1410,1215,30,0
560,5.600193075,66.366000000,100,1410,1215,30,0
561,5.610193959,66.366000000,100,1410,1215,30,0
562,5.620189433,66.366000000,100,1410,1215,30,0
563,5.630189526,66.366000000,100,1410,1215,30,0
564,5.640189489,66.366000000,100,1410,1215,30,0
565,5.650190844,66.269000000,100,1410,1215,30,0
566,5.660189654,66.269000000,100,1410,1215,30,0
567,5.670193554,66.269000000,100,1410,1215,30,0
568,5.680347606,66.269000000,100,1410,1215,30,0
569,5.690189191,66.269000000,100,1410,1215,30,0
570,5.700189675,66.269000000,100,1410,1215,30,0
571,5.710189186,66.269000000,100,1410,1215,30,0
572,5.720189219,66.269000000,100,1410,1215,30,0
573,5.730189552,66.269000000,100,1410,1215,30,0
574,5.740190146,66.269000000,100,1410,1215,30,0
575,5.750194287,66.397000000,100,1410,1215,30,0
576,5.760189330,66.397000000,100,1410,1215,30,0
577,5.770189182,66.397000000,100,1410,1215,30,0
578,5.780188694,66.397000000,100,1410,1215,30,0
579,5.790189428,66.397000000,100,1410,1215,30,0
580,5.800190272,66.397000000,100,1410,1215,30,0
581,5.810189573,66.397000000,100,1410,1215,30,0
582,5.820188865,66.397000000,100,1410,1215,30,0
583,5.830193606,66.397000000,100,1410,1215,30,0
584,5.840190062,66.391000000,100,1410,1215,30,0
585,5.850189183,66.391000000,100,1410,1215,30,0
586,5.860189035,66.391000000,100,1410,1215,30,0
587,5.870194037,66.391000000,100,1410,1215,30,0
588,5.880188400,66.391000000,100,1410,1215,30,0
589,5.890188532,66.391000000,100,1410,1215,30,0
590,5.900188655,66.391000000,100,1410,1215,30,0
591,5.910193487,66.391000000,100,1410,1215,30,0
592,5.920194081,66.391000000,100,1410,1215,30,0
593,5.930189124,66.391000000,100,1410,1215,30,0
594,5.940189718,66.366000000,100,1410,1215,30,0
595,5.950191293,66.366000000,100,1410,1215,30,0
596,5.960189833,66.366000000,100,1410,1215,30,0
597,5.970189365,66.366000000,100,1410,1215,30,0
598,5.980189638,66.366000000,100,1410,1215,30,0
599,5.990189280,66.366000000,100,1410,1215,30,0
600,6.000189263,66.366000000,100,1410,1215,30,0
601,6.010190037,66.366000000,100,1410,1215,30,0
602,6.020188917,66.366000000,100,1410,1215,30,0
603,6.030189120,66.366000000,100,1410,1215,30,0
604,6.040189764,66.269000000,100,1410,1215,30,0
605,6.050189416,66.269000000,100,1410,1215,30,0
606,6.060188707,66.269000000,100,1410,1215,30,0
607,6.070189091,66.269000000,100,1410,1215,30,0
608,6.080189284,66.269000000,100,1410,1215,30,0
609,6.090189597,66.269000000,100,1410,1215,30,0
610,6.100189259,66.269000000,100,1410,1215,30,0
611,6.110189782,66.269000000,100,1410,1215,30,0
612,6.120188853,66.269000000,100,1410,1215,30,0
613,6.130188535,66.269000000,100,1410,1215,30,0
614,6.140189309,66.385000000,100,1410,1215,30,0
615,6.150189222,66.385000000,100,1410,1215,30,0
616,6.160189174,66.385000000,100,1410,1215,30,0
617,6.170193325,66.385000000,100,1410,1215,30,0
618,6.180190282,66.385000000,100,1410,1215,30,0
619,6.190192819,66.385000000,100,1410,1215,30,0
620,6.200189486,66.385000000,100,1410,1215,30,0
621,6.210188837,66.385000000,100,1410,1215,30,0
622,6.220189411,66.385000000,100,1410,1215,30,0
623,6.230193421,66.385000000,100,1410,1215,30,0
624,6.240189596,66.463000000,100,1410,1215,30,0
625,6.250190280,66.463000000,100,1410,1215,30,0
626,6.260186335,66.463000000,100,1410,1215,30,0
627,6.270189554,66.463000000,100,1410,1215,30,0
628,6.280188715,66.463000000,100,1410,1215,30,0
629,6.290189189,66.463000000,100,1410,1215,30,0
630,6.300189061,66.463000000,100,1410,1215,30,0
631,6.310189334,66.463000000,100,1410,1215,30,0
632,6.320189206,66.463000000,100,1410,1215,30,0
633,6.330192956,66.463000000,100,1410,1215,30,0
634,6.340190384,66.160000000,100,1410,1215,30,0
635,6.350195586,66.160000000,100,1410,1215,30,0
636,6.360189257,66.160000000,100,1410,1215,30,0
637,6.370193387,66.160000000,100,1410,1215,30,0
638,6.380189964,66.160000000,100,1410,1215,30,0
639,6.390189555,66.160000000,100,1410,1215,30,0
640,6.400190630,66.160000000,100,1410,1215,30,0
641,6.410189531,66.160000000,100,1410,1215,30,0
642,6.420189834,66.160000000,100,1410,1215,30,0
643,6.430189676,66.160000000,100,1410,1215,30,0
644,6.440190390,66.354000000,100,1410,1215,30,0
645,6.450189681,66.354000000,100,1410,1215,30,0
646,6.460189534,66.354000000,100,1410,1215,30,0
647,6.470190098,66.354000000,100,1410,1215,30,0
648,6.480189749,66.354000000,100,1410,1215,30,0
649,6.490189431,66.354000000,100,1410,1215,30,0
650,6.500189735,66.354000000,100,1410,1215,30,0
651,6.510189647,66.354000000,100,1410,1215,30,0
652,6.520189209,66.354000000,100,1410,1215,30,0
653,6.530188981,66.354000000,100,1410,1215,30,0
654,6.540190707,66.475000000,100,1410,1215,30,0
655,6.550195098,66.475000000,100,1410,1215,30,0
656,6.560194620,66.475000000,100,1410,1215,30,0
657,6.570189643,66.475000000,100,1410,1215,30,0
658,6.580189004,66.475000000,100,1410,1215,30,0
659,6.590189638,66.475000000,100,1410,1215,30,0
660,6.600194851,66.475000000,100,1410,1215,30,0
661,6.610189162,66.475000000,100,1410,1215,30,0
662,6.620190017,66.475000000,100,1410,1215,30,0
663,6.630193776,66.475000000,100,1410,1215,30,0
664,6.659469445,66.384000000,100,1410,1215,30,0
665,6.659473934,66.384000000,100,1410,1215,30,0
666,6.660188755,66.384000000,100,1410,1215,30,0
667,6.670189539,66.384000000,100,1410,1215,30,0
668,6.680189532,66.384000000,100,1410,1215,30,0
669,6.690188542,66.384000000,100,1410,1215,30,0
670,6.700189707,66.384000000,100,1410,1215,30,0
671,6.710189028,66.384000000,100,1410,1215,30,0
672,6.720190153,66.384000000,100,1410,1215,30,0
673,6.730188924,66.384000000,100,1410,1215,30,0
674,6.740190178,66.592000000,100,1410,1215,30,0
675,6.750190151,66.592000000,100,1410,1215,30,0
676,6.760190174,66.592000000,100,1410,1215,30,0
677,6.770189024,66.592000000,100,1410,1215,30,0
678,6.780188947,66.592000000,100,1410,1215,30,0
679,6.790189049,66.592000000,100,1410,1215,30,0
680,6.800189553,66.592000000,100,1410,1215,30,0
681,6.810189385,66.592000000,100,1410,1215,30,0
682,6.820188105,66.592000000,100,1410,1215,30,0
683,6.830190132,66.592000000,100,1410,1215,30,0
684,6.840190836,66.683000000,100,1410,1215,30,0
685,6.850191229,66.683000000,100,1410,1215,30,0
686,6.860188627,66.683000000,100,1410,1215,30,0
687,6.870189261,66.683000000,100,1410,1215,30,0
688,6.880189384,66.683000000,100,1410,1215,30,0
689,6.890190418,66.683000000,100,1410,1215,30,0
690,6.900188928,66.683000000,100,1410,1215,30,0
691,6.910189231,66.683000000,100,1410,1215,30,0
692,6.920190085,66.683000000,100,1410,1215,30,0
693,6.930188385,66.683000000,100,1410,1215,30,0
694,6.940189179,66.397000000,100,1410,1215,30,0
695,6.950191075,66.397000000,100,1410,1215,30,0
696,6.960188914,66.397000000,100,1410,1215,30,0
697,6.970188245,66.397000000,100,1410,1215,30,0
698,6.980188348,66.397000000,100,1410,1215,30,0
699,6.990188511,66.397000000,100,1410,1215,30,0
700,7.000187982,66.397000000,100,1410,1215,30,0
701,7.010189197,66.397000000,100,1410,1215,30,0
702,7.020188418,66.397000000,100,1410,1215,30,0
703,7.030188982,66.397000000,100,1410,1215,30,0
704,7.040189776,66.269000000,100,1410,1215,30,0
705,7.050189969,66.269000000,100,1410,1215,30,0
706,7.060194630,66.269000000,100,1410,1215,30,0
707,7.070189283,66.269000000,100,1410,1215,30,0
708,7.080188564,66.269000000,100,1410,1215,30,0
709,7.090189028,66.269000000,100,1410,1215,30,0
710,7.100190123,66.269000000,100,1410,1215,30,0
711,7.110193582,66.269000000,100,1410,1215,30,0
712,7.120189276,66.269000000,100,1410,1215,30,0
713,7.130188537,66.269000000,100,1410,1215,30,0
714,7.140190173,66.483000000,100,1410,1215,30,0
715,7.150190907,66.483000000,100,1410,1215,30,0
716,7.160188806,66.483000000,100,1410,1215,30,0
717,7.170190171,66.483000000,100,1410,1215,30,0
718,7.180188901,66.483000000,100,1410,1215,30,0
719,7.190189124,66.483000000,100,1410,1215,30,0
720,7.200190129,66.483000000,100,1410,1215,30,0
721,7.210189841,66.483000000,100,1410,1215,30,0
722,7.220189443,66.483000000,100,1410,1215,30,0
723,7.230190297,66.483000000,100,1410,1215,30,0
724,7.240190009,66.366000000,100,1410,1215,30,0
725,7.250190222,66.366000000,100,1410,1215,30,0
726,7.260188922,66.366000000,100,1410,1215,30,0
727,7.270188594,66.366000000,100,1410,1215,30,0
728,7.280189659,66.366000000,100,1410,1215,30,0
729,7.290188850,66.366000000,100,1410,1215,30,0
730,7.300188562,66.366000000,100,1410,1215,30,0
731,7.310189627,66.366000000,100,1410,1215,30,0
732,7.320192585,66.366000000,100,1410,1215,30,0
733,7.330189762,66.366000000,100,1410,1215,30,0
734,7.340189394,66.050000000,100,1410,1215,30,0
735,7.350189557,66.050000000,100,1410,1215,30,0
736,7.360188497,66.050000000,100,1410,1215,30,0
737,7.370193289,66.050000000,100,1410,1215,30,0
738,7.380189244,66.050000000,100,1410,1215,30,0
739,7.390189066,66.050000000,100,1410,1215,30,0
740,7.400189249,66.050000000,100,1410,1215,30,0
741,7.410189082,66.050000000,100,1410,1215,30,0
742,7.420189565,66.050000000,100,1410,1215,30,0
743,7.430190109,66.050000000,100,1410,1215,30,0
744,7.440191354,66.269000000,100,1410,1215,30,0
745,7.450189904,66.269000000,100,1410,1215,30,0
746,7.460189896,66.269000000,100,1410,1215,30,0
747,7.470189298,66.269000000,100,1410,1215,30,0
748,7.480189961,66.269000000,100,1410,1215,30,0
749,7.490189473,66.269000000,100,1410,1215,30,0
750,7.500189225,66.269000000,100,1410,1215,30,0
751,7.510188807,66.269000000,100,1410,1215,30,0
752,7.520189611,66.269000000,100,1410,1215,30,0
753,7.530189143,66.269000000,100,1410,1215,30,0
754,7.540189787,66.483000000,100,1410,1215,30,0
755,7.550190601,66.483000000,100,1410,1215,30,0
756,7.560189692,66.483000000,100,1410,1215,30,0
757,7.570190236,66.483000000,100,1410,1215,30,0
758,7.580188765,66.483000000,100,1410,1215,30,0
759,7.590188748,66.483000000,100,1410,1215,30,0
760,7.600188951,66.483000000,100,1410,1215,30,0
761,7.610189094,66.483000000,100,1410,1215,30,0
762,7.620188546,66.483000000,100,1410,1215,30,0
763,7.630188588,66.483000000,100,1410,1215,30,0
764,7.640191005,66.385000000,100,1410,1215,30,0
765,7.650190778,66.385000000,100,1410,1215,30,0
766,7.660188927,66.385000000,100,1410,1215,30,0
767,7.670189410,66.385000000,100,1410,1215,30,0
768,7.680189894,66.385000000,100,1410,1215,30,0
769,7.690189265,66.385000000,100,1410,1215,30,0
770,7.700192794,66.385000000,100,1410,1215,30,0
771,7.710190162,66.385000000,100,1410,1215,30,0
772,7.720188892,66.385000000,100,1410,1215,30,0
773,7.730188965,66.385000000,100,1410,1215,30,0
774,7.740189368,66.366000000,100,1410,1215,30,0
775,7.750190152,66.366000000,100,1410,1215,30,0
776,7.760189274,66.366000000,100,1410,1215,30,0
777,7.770189016,66.366000000,100,1410,1215,30,0
778,7.780188658,66.366000000,100,1410,1215,30,0
779,7.790190393,66.366000000,100,1410,1215,30,0
780,7.800192851,66.366000000,100,1410,1215,30,0
781,7.810189347,66.366000000,100,1410,1215,30,0
782,7.820189189,66.366000000,100,1410,1215,30,0
783,7.830188921,66.366000000,100,1410,1215,30,0
784,7.840194524,66.483000000,100,1410,1215,30,0
785,7.850189718,66.483000000,100,1410,1215,30,0
786,7.860193437,66.483000000,100,1410,1215,30,0
787,7.870189312,66.483000000,100,1410,1215,30,0
788,7.880189465,66.483000000,100,1410,1215,30,0
789,7.890189708,66.483000000,100,1410,1215,30,0
790,7.900189801,66.483000000,100,1410,1215,30,0
791,7.910188671,66.483000000,100,1410,1215,30,0
792,7.920188434,66.483000000,100,1410,1215,30,0
793,7.930189388,66.483000000,100,1410,1215,30,0
794,7.940194841,66.585000000,100,1410,1215,30,0
795,7.950191327,66.585000000,100,1410,1215,30,0
796,7.960189276,66.585000000,100,1410,1215,30,0
797,7.970190420,66.585000000,100,1410,1215,30,0
798,7.980192888,66.585000000,100,1410,1215,30,0
799,7.990189664,66.585000000,100,1410,1215,30,0
800,8.000193223,66.585000000,100,1410,1215,30,0
801,8.010189800,66.585000000,100,1410,1215,30,0
802,8.020188810,66.585000000,100,1410,1215,30,0
803,8.030189484,66.585000000,100,1410,1215,30,0
804,8.040189527,66.268000000,100,1410,1215,30,0
805,8.050190081,66.268000000,100,1410,1215,30,0
806,8.060193279,66.268000000,100,1410,1215,30,0
807,8.070189304,66.268000000,100,1410,1215,30,0
808,8.080189457,66.268000000,100,1410,1215,30,0
809,8.090193117,66.268000000,100,1410,1215,30,0
810,8.100188591,66.268000000,100,1410,1215,30,0
811,8.110294532,66.268000000,100,1410,1215,30,0
812,8.120188636,66.268000000,100,1410,1215,30,0
813,8.130188869,66.268000000,100,1410,1215,30,0
814,8.140189233,66.177000000,100,1410,1215,30,0
815,8.150191008,66.177000000,100,1410,1215,30,0
816,8.160188056,66.177000000,100,1410,1215,30,0
817,8.170188489,66.177000000,100,1410,1215,30,0
818,8.180187810,66.177000000,100,1410,1215,30,0
819,8.190188514,66.177000000,100,1410,1215,30,0
820,8.200188667,66.177000000,100,1410,1215,30,0
821,8.210189060,66.177000000,100,1410,1215,30,0
822,8.220188171,66.177000000,100,1410,1215,30,0
823,8.230189166,66.177000000,100,1410,1215,30,0
824,8.240190180,66.287000000,100,1410,1215,30,0
825,8.250188991,66.287000000,100,1410,1215,30,0
826,8.260189715,66.287000000,100,1410,1215,30,0
827,8.270189787,66.287000000,100,1410,1215,30,0
828,8.280190742,66.287000000,100,1410,1215,30,0
829,8.290192448,66.287000000,100,1410,1215,30,0
830,8.300189555,66.287000000,100,1410,1215,30,0
831,8.310189247,66.287000000,100,1410,1215,30,0
832,8.320193217,66.287000000,100,1410,1215,30,0
833,8.330189773,66.287000000,100,1410,1215,30,0
834,8.340189926,66.384000000,100,1410,1215,30,0
835,8.350190470,66.384000000,100,1410,1215,30,0
836,8.360193909,66.384000000,100,1410,1215,30,0
837,8.370190896,66.384000000,100,1410,1215,30,0
838,8.380189275,66.384000000,100,1410,1215,30,0
839,8.390188837,66.384000000,100,1410,1215,30,0
840,8.400189791,66.384000000,100,1410,1215,30,0
841,8.410188972,66.384000000,100,1410,1215,30,0
842,8.420189366,66.384000000,100,1410,1215,30,0
843,8.430193436,66.384000000,100,1410,1215,30,0
844,8.440189932,66.464000000,100,1410,1215,30,0
845,8.450190436,66.464000000,100,1410,1215,30,0
846,8.460188264,66.464000000,100,1410,1215,30,0
847,8.470188998,66.464000000,100,1410,1215,30,0
848,8.480189031,66.464000000,100,1410,1215,30,0
849,8.490194213,66.464000000,100,1410,1215,30,0
850,8.500190379,66.464000000,100,1410,1215,30,0
851,8.510193918,66.464000000,100,1410,1215,30,0
852,8.520190043,66.464000000,100,1410,1215,30,0
853,8.530189865,66.464000000,100,1410,1215,30,0
854,8.540190229,66.463000000,100,1410,1215,30,0
855,8.550190231,66.463000000,100,1410,1215,30,0
856,8.560189873,66.463000000,100,1410,1215,30,0
857,8.570193623,66.463000000,100,1410,1215,30,0
858,8.580188836,66.463000000,100,1410,1215,30,0
859,8.590189380,66.463000000,100,1410,1215,30,0
860,8.600189844,66.463000000,100,1410,1215,30,0
861,8.610193503,66.463000000,100,1410,1215,30,0
862,8.620192283,66.463000000,100,1410,1215,30,0
863,8.630189050,66.463000000,100,1410,1215,30,0
864,8.640190074,66.366000000,100,1410,1215,30,0
865,8.650190247,66.366000000,100,1410,1215,30,0
866,8.660189108,66.366000000,100,1410,1215,30,0
867,8.670189481,66.366000000,100,1410,1215,30,0
868,8.680190175,66.366000000,100,1410,1215,30,0
869,8.690190057,66.366000000,100,1410,1215,30,0
870,8.700189349,66.366000000,100,1410,1215,30,0
871,8.710189301,66.366000000,100,1410,1215,30,0
872,8.720190286,66.366000000,100,1410,1215,30,0
873,8.730188836,66.366000000,100,1410,1215,30,0
874,8.740188828,66.366000000,100,1410,1215,30,0
875,8.750189542,66.366000000,100,1410,1215,30,0
876,8.760189024,66.366000000,100,1410,1215,30,0
877,8.770188696,66.366000000,100,1410,1215,30,0
878,8.780188839,66.366000000,100,1410,1215,30,0
879,8.790189613,66.366000000,100,1410,1215,30,0
880,8.800189144,66.366000000,100,1410,1215,30,0
881,8.810189077,66.366000000,100,1410,1215,30,0
882,8.820189069,66.366000000,100,1410,1215,30,0
883,8.830190525,66.366000000,100,1410,1215,30,0
884,8.840194224,66.386000000,100,1410,1215,30,0
885,8.850190550,66.386000000,100,1410,1215,30,0
886,8.860189100,66.386000000,100,1410,1215,30,0
887,8.870189754,66.386000000,100,1410,1215,30,0
888,8.880189456,66.386000000,100,1410,1215,30,0
889,8.890188216,66.386000000,100,1410,1215,30,0
890,8.900188710,66.386000000,100,1410,1215,30,0
891,8.910188722,66.386000000,100,1410,1215,30,0
892,8.920187973,66.386000000,100,1410,1215,30,0
893,8.930188607,66.386000000,100,1410,1215,30,0
894,8.940188680,66.386000000,100,1410,1215,30,0
895,8.950189033,66.386000000,100,1410,1215,30,0
896,8.960187994,66.386000000,100,1410,1215,30,0
897,8.970188948,66.386000000,100,1410,1215,30,0
898,8.980188310,66.386000000,100,1410,1215,30,0
899,8.990188653,66.386000000,100,1410,1215,30,0
900,9.000188385,66.386000000,100,1410,1215,30,0
901,9.010188297,66.386000000,100,1410,1215,30,0
902,9.020193440,66.386000000,100,1410,1215,30,0
903,9.030189134,66.386000000,100,1410,1215,30,0
904,9.040189878,66.386000000,100,1410,1215,30,0
905,9.050189550,66.366000000,100,1410,1215,30,0
906,9.060189753,66.366000000,100,1410,1215,30,0
907,9.070189635,66.366000000,100,1410,1215,30,0
908,9.080189217,66.366000000,100,1410,1215,30,0
909,9.090188759,66.366000000,100,1410,1215,30,0
910,9.100188802,66.366000000,100,1410,1215,30,0
911,9.110188624,66.366000000,100,1410,1215,30,0
912,9.120189578,66.366000000,100,1410,1215,30,0
913,9.130189150,66.366000000,100,1410,1215,30,0
914,9.140190255,66.366000000,100,1410,1215,30,0
915,9.150190488,66.287000000,100,1410,1215,30,0
916,9.160189649,66.287000000,100,1410,1215,30,0
917,9.170189481,66.287000000,100,1410,1215,30,0
918,9.180189584,66.287000000,100,1410,1215,30,0
919,9.190189837,66.287000000,100,1410,1215,30,0
920,9.200189209,66.287000000,100,1410,1215,30,0
921,9.210190053,66.287000000,100,1410,1215,30,0
922,9.220190125,66.287000000,100,1410,1215,30,0
923,9.230189958,66.287000000,100,1410,1215,30,0
924,9.240189700,66.287000000,100,1410,1215,30,0
925,9.250194511,66.488000000,100,1410,1215,30,0
926,9.260193472,66.488000000,100,1410,1215,30,0
927,9.270189768,66.488000000,100,1410,1215,30,0
928,9.280190041,66.488000000,100,1410,1215,30,0
929,9.290189402,66.488000000,100,1410,1215,30,0
930,9.300189996,66.488000000,100,1410,1215,30,0
931,9.310188736,66.488000000,100,1410,1215,30,0
932,9.320189160,66.488000000,100,1410,1215,30,0
933,9.330189062,66.488000000,100,1410,1215,30,0
934,9.340194405,66.507000000,100,1410,1215,30,0
935,9.350190209,66.507000000,100,1410,1215,30,0
936,9.360188950,66.507000000,100,1410,1215,30,0
937,9.370189824,66.507000000,100,1410,1215,30,0
938,9.380189726,66.507000000,100,1410,1215,30,0
939,9.390188607,66.507000000,100,1410,1215,30,0
940,9.400189621,66.507000000,100,1410,1215,30,0
941,9.410188512,66.507000000,100,1410,1215,30,0
942,9.420189025,66.507000000,100,1410,1215,30,0
943,9.430188998,66.507000000,100,1410,1215,30,0
944,9.440190293,66.384000000,100,1410,1215,30,0
945,9.450189143,66.384000000,100,1410,1215,30,0
946,9.460189006,66.384000000,100,1410,1215,30,0
947,9.470189660,66.384000000,100,1410,1215,30,0
948,9.480189442,66.384000000,100,1410,1215,30,0
949,9.490190066,66.384000000,100,1410,1215,30,0
950,9.500193825,66.384000000,100,1410,1215,30,0
951,9.510189069,66.384000000,100,1410,1215,30,0
952,9.520189983,66.384000000,100,1410,1215,30,0
953,9.530189715,66.384000000,100,1410,1215,30,0
954,9.540190569,66.269000000,100,1410,1215,30,0
955,9.550190442,66.269000000,100,1410,1215,30,0
956,9.560189553,66.269000000,100,1410,1215,30,0
957,9.570193312,66.269000000,100,1410,1215,30,0
958,9.580189738,66.269000000,100,1410,1215,30,0
959,9.590189521,66.269000000,100,1410,1215,30,0
960,9.600189613,66.269000000,100,1410,1215,30,0
961,9.610188644,66.269000000,100,1410,1215,30,0
962,9.620189799,66.269000000,100,1410,1215,30,0
963,9.630193699,66.269000000,100,1410,1215,30,0
964,9.640190044,66.385000000,100,1410,1215,30,0
965,9.650194205,66.385000000,100,1410,1215,30,0
966,9.660190060,66.385000000,100,1410,1215,30,0
967,9.670189301,66.385000000,100,1410,1215,30,0
968,9.680189123,66.385000000,100,1410,1215,30,0
969,9.690188815,66.385000000,100,1410,1215,30,0
970,9.700189739,66.385000000,100,1410,1215,30,0
971,9.710193279,66.385000000,100,1410,1215,30,0
972,9.720189634,66.385000000,100,1410,1215,30,0
973,9.730189617,66.385000000,100,1410,1215,30,0
974,9.740194208,66.372000000,100,1410,1215,30,0
975,9.750191085,66.372000000,100,1410,1215,30,0
976,9.760189124,66.372000000,100,1410,1215,30,0
977,9.770189928,66.372000000,100,1410,1215,30,0
978,9.780190382,66.372000000,100,1410,1215,30,0
979,9.790189462,66.372000000,100,1410,1215,30,0
980,9.800190036,66.372000000,100,1410,1215,30,0
981,9.810193986,66.372000000,100,1410,1215,30,0
982,9.820189921,66.372000000,100,1410,1215,30,0
983,9.830193019,66.372000000,100,1410,1215,30,0
984,9.840190517,66.171000000,100,1410,1215,30,0
985,9.850190610,66.171000000,100,1410,1215,30,0
986,9.860189971,66.171000000,100,1410,1215,30,0
987,9.870189844,66.171000000,100,1410,1215,30,0
988,9.880189546,66.171000000,100,1410,1215,30,0
989,9.890189098,66.171000000,100,1410,1215,30,0
990,9.900192617,66.171000000,100,1410,1215,30,0
991,9.910189383,66.171000000,100,1410,1215,30,0
992,9.920189536,66.171000000,100,1410,1215,30,0
993,9.930188116,66.171000000,100,1410,1215,30,0
994,9.940189231,66.366000000,100,1410,1215,30,0
995,9.950189284,66.366000000,100,1410,1215,30,0
996,9.960188254,66.366000000,100,1410,1215,30,0
997,9.970188537,66.366000000,100,1410,1215,30,0
998,9.980188891,66.366000000,100,1410,1215,30,0
999,9.990188973,66.366000000,100,1410,1215,30,0
1000,10.000189216,66.366000000,100,1410,1215,30,0
1001,10.010189139,66.366000000,100,1410,1215,30,0
1002,10.020189212,66.366000000,100,1410,1215,30,0
1003,10.030192941,66.366000000,100,1410,1215,30,0
1004,10.040189628,66.385000000,100,1410,1215,30,0
1005,10.050194299,66.385000000,100,1410,1215,30,0
1006,10.060188751,66.385000000,100,1410,1215,30,0
1007,10.070194074,66.385000000,100,1410,1215,30,0
1008,10.080189588,66.385000000,100,1410,1215,30,0
1009,10.090188679,66.385000000,100,1410,1215,30,0
1010,10.100188581,66.385000000,100,1410,1215,30,0
1011,10.110188193,66.385000000,100,1410,1215,30,0
1012,10.120189157,66.385000000,100,1410,1215,30,0
1013,10.130188960,66.385000000,100,1410,1215,30,0
1014,10.140190024,66.366000000,100,1410,1215,30,0
1015,10.150191149,66.366000000,100,1410,1215,30,0
1016,10.160188757,66.366000000,100,1410,1215,30,0
1017,10.170190012,66.366000000,100,1410,1215,30,0
1018,10.180192900,66.366000000,100,1410,1215,30,0
1019,10.190188835,66.366000000,100,1410,1215,30,0
1020,10.200188747,66.366000000,100,1410,1215,30,0
1021,10.210192998,66.366000000,100,1410,1215,30,0
1022,10.220193922,66.366000000,100,1410,1215,30,0
1023,10.230189607,66.366000000,100,1410,1215,30,0
1024,10.240190150,66.475000000,100,1410,1215,30,0
1025,10.250190874,66.475000000,100,1410,1215,30,0
1026,10.260187771,66.475000000,100,1410,1215,30,0
1027,10.270188916,66.475000000,100,1410,1215,30,0
1028,10.280188377,66.475000000,100,1410,1215,30,0
1029,10.290189071,66.475000000,100,1410,1215,30,0
1030,10.300188313,66.475000000,100,1410,1215,30,0
1031,10.310189047,66.475000000,100,1410,1215,30,0
1032,10.320189049,66.475000000,100,1410,1215,30,0
1033,10.330189132,66.475000000,100,1410,1215,30,0
1034,10.340190026,66.683000000,100,1410,1215,30,0
1035,10.350190459,66.683000000,100,1410,1215,30,0
1036,10.360189610,66.683000000,100,1410,1215,30,0
1037,10.370189232,66.683000000,100,1410,1215,30,0
1038,10.380189766,66.683000000,100,1410,1215,30,0
1039,10.390193856,66.683000000,100,1410,1215,30,0
1040,10.400193999,66.683000000,100,1410,1215,30,0
1041,10.410189163,66.683000000,100,1410,1215,30,0
1042,10.420192832,66.683000000,100,1410,1215,30,0
1043,10.430190330,66.683000000,100,1410,1215,30,0
1044,10.440190593,66.386000000,100,1410,1215,30,0
1045,10.450190405,66.386000000,100,1410,1215,30,0
1046,10.460188735,66.386000000,100,1410,1215,30,0
1047,10.470189339,66.386000000,100,1410,1215,30,0
1048,10.480189792,66.386000000,100,1410,1215,30,0
1049,10.490188883,66.386000000,100,1410,1215,30,0
1050,10.500188485,66.386000000,100,1410,1215,30,0
1051,10.510189149,66.386000000,100,1410,1215,30,0
1052,10.520189161,66.386000000,100,1410,1215,30,0
1053,10.530192330,66.386000000,100,1410,1215,30,0
1054,10.540190228,66.366000000,100,1410,1215,30,0
1055,10.550190011,66.366000000,100,1410,1215,30,0
1056,10.560189512,66.366000000,100,1410,1215,30,0
1057,10.570189364,66.366000000,100,1410,1215,30,0
1058,10.580188906,66.366000000,100,1410,1215,30,0
1059,10.590189119,66.366000000,100,1410,1215,30,0
1060,10.600189212,66.366000000,100,1410,1215,30,0
1061,10.610189285,66.366000000,100,1410,1215,30,0
1062,10.620188416,66.366000000,100,1410,1215,30,0
1063,10.630189761,66.366000000,100,1410,1215,30,0
1064,10.640189713,66.366000000,100,1410,1215,30,0
1065,10.650190878,66.366000000,100,1410,1215,30,0
1066,10.660188977,66.366000000,100,1410,1215,30,0
1067,10.670189501,66.366000000,100,1410,1215,30,0
1068,10.680189964,66.366000000,100,1410,1215,30,0
1069,10.690189536,66.366000000,100,1410,1215,30,0
1070,10.700189168,66.366000000,100,1410,1215,30,0
1071,10.710189271,66.366000000,100,1410,1215,30,0
1072,10.720193321,66.366000000,100,1410,1215,30,0
1073,10.730188695,66.366000000,100,1410,1215,30,0
1074,10.740189559,66.269000000,100,1410,1215,30,0
1075,10.750190664,66.269000000,100,1410,1215,30,0
1076,10.760188242,66.269000000,100,1410,1215,30,0
1077,10.770188074,66.269000000,100,1410,1215,30,0
1078,10.780188898,66.269000000,100,1410,1215,30,0
1079,10.790194441,66.269000000,100,1410,1215,30,0
1080,10.800189575,66.269000000,100,1410,1215,30,0
1081,10.810189397,66.269000000,100,1410,1215,30,0
1082,10.820189269,66.269000000,100,1410,1215,30,0
1083,10.830189472,66.269000000,100,1410,1215,30,0
1084,10.840190206,66.178000000,100,1410,1215,30,0
1085,10.850189768,66.178000000,100,1410,1215,30,0
1086,10.860188318,66.178000000,100,1410,1215,30,0
1087,10.870189152,66.178000000,100,1410,1215,30,0
1088,10.880188283,66.178000000,100,1410,1215,30,0
1089,10.890189508,66.178000000,100,1410,1215,30,0
1090,10.900188548,66.178000000,100,1410,1215,30,0
1091,10.910188771,66.178000000,100,1410,1215,30,0
1092,10.920188544,66.178000000,100,1410,1215,30,0
1093,10.930188616,66.178000000,100,1410,1215,30,0
1094,10.940190893,66.269000000,100,1410,1215,30,0
1095,10.950189974,66.269000000,100,1410,1215,30,0
1096,10.960189506,66.269000000,100,1410,1215,30,0
1097,10.970188937,66.269000000,100,1410,1215,30,0
1098,10.980192386,66.269000000,100,1410,1215,30,0
1099,10.990192669,66.269000000,100,1410,1215,30,0
1100,11.000189155,66.269000000,100,1410,1215,30,0
1101,11.010187966,66.269000000,100,1410,1215,30,0
1102,11.020188800,66.269000000,100,1410,1215,30,0
1103,11.030188051,66.269000000,100,1410,1215,30,0
1104,11.040188505,66.572000000,100,1410,1215,30,0
1105,11.050190080,66.572000000,100,1410,1215,30,0
1106,11.060188911,66.572000000,100,1410,1215,30,0
1107,11.070188933,66.572000000,100,1410,1215,30,0
1108,11.080188976,66.572000000,100,1410,1215,30,0
1109,11.090188838,66.572000000,100,1410,1215,30,0
1110,11.100192538,66.572000000,100,1410,1215,30,0
1111,11.110188583,66.572000000,100,1410,1215,30,0
1112,11.120192553,66.572000000,100,1410,1215,30,0
1113,11.130189440,66.572000000,100,1410,1215,30,0
1114,11.140189683,66.483000000,100,1410,1215,30,0
1115,11.150194644,66.483000000,100,1410,1215,30,0
1116,11.160193345,66.483000000,100,1410,1215,30,0
1117,11.170189139,66.483000000,100,1410,1215,30,0
1118,11.180192859,66.483000000,100,1410,1215,30,0
1119,11.190189295,66.483000000,100,1410,1215,30,0
1120,11.200188466,66.483000000,100,1410,1215,30,0
1121,11.210189901,66.483000000,100,1410,1215,30,0
1122,11.220188692,66.483000000,100,1410,1215,30,0
1123,11.230188884,66.483000000,100,1410,1215,30,0
1124,11.240190480,66.475000000,100,1410,1215,30,0
1125,11.250189681,66.475000000,100,1410,1215,30,0
1126,11.260191026,66.475000000,100,1410,1215,30,0
1127,11.270188795,66.475000000,100,1410,1215,30,0
1128,11.280189659,66.475000000,100,1410,1215,30,0
1129,11.290188880,66.475000000,100,1410,1215,30,0
1130,11.300189604,66.475000000,100,1410,1215,30,0
1131,11.310189897,66.475000000,100,1410,1215,30,0
1132,11.320190190,66.475000000,100,1410,1215,30,0
1133,11.330189081,66.475000000,100,1410,1215,30,0
1134,11.340189935,66.513000000,100,1410,1215,30,0
1135,11.350190228,66.513000000,100,1410,1215,30,0
1136,11.360189098,66.513000000,100,1410,1215,30,0
1137,11.370188971,66.513000000,100,1410,1215,30,0
1138,11.380193402,66.513000000,100,1410,1215,30,0
1139,11.390189136,66.513000000,100,1410,1215,30,0
1140,11.400189540,66.513000000,100,1410,1215,30,0
1141,11.410188991,66.513000000,100,1410,1215,30,0
1142,11.420189435,66.513000000,100,1410,1215,30,0
1143,11.430188485,66.513000000,100,1410,1215,30,0
1144,11.440190311,66.366000000,100,1410,1215,30,0
1145,11.450189823,66.366000000,100,1410,1215,30,0
1146,11.460188523,66.366000000,100,1410,1215,30,0
1147,11.470190209,66.366000000,100,1410,1215,30,0
1148,11.480189991,66.366000000,100,1410,1215,30,0
1149,11.490193170,66.366000000,100,1410,1215,30,0
1150,11.500189676,66.366000000,100,1410,1215,30,0
1151,11.510189097,66.366000000,100,1410,1215,30,0
1152,11.520189441,66.366000000,100,1410,1215,30,0
1153,11.530189854,66.366000000,100,1410,1215,30,0
1154,11.540189616,66.275000000,100,1410,1215,30,0
1155,11.550190290,66.275000000,100,1410,1215,30,0
1156,11.560189541,66.275000000,100,1410,1215,30,0
1157,11.570189574,66.275000000,100,1410,1215,30,0
1158,11.580194015,66.275000000,100,1410,1215,30,0
1159,11.590190721,66.275000000,100,1410,1215,30,0
1160,11.600189050,66.275000000,100,1410,1215,30,0
1161,11.610189915,66.275000000,100,1410,1215,30,0
1162,11.620189356,66.275000000,100,1410,1215,30,0
1163,11.630189279,66.275000000,100,1410,1215,30,0
1164,11.640189822,66.159000000,100,1410,1215,30,0
1165,11.650190145,66.159000000,100,1410,1215,30,0
1166,11.660189898,66.159000000,100,1410,1215,30,0
1167,11.670190241,66.159000000,100,1410,1215,30,0
1168,11.680190113,66.159000000,100,1410,1215,30,0
1169,11.690189565,66.159000000,100,1410,1215,30,0
1170,11.700189687,66.159000000,100,1410,1215,30,0
1171,11.710189420,66.159000000,100,1410,1215,30,0
1172,11.720189613,66.159000000,100,1410,1215,30,0
1173,11.730288040,66.159000000,100,1410,1215,30,0
1174,11.740189808,66.397000000,100,1410,1215,30,0
1175,11.750189981,66.397000000,100,1410,1215,30,0
1176,11.760188641,66.397000000,100,1410,1215,30,0
1177,11.770190136,66.397000000,100,1410,1215,30,0
1178,11.780187835,66.397000000,100,1410,1215,30,0
1179,11.790189250,66.397000000,100,1410,1215,30,0
1180,11.800188902,66.397000000,100,1410,1215,30,0
1181,11.810188584,66.397000000,100,1410,1215,30,0
1182,11.820189468,66.397000000,100,1410,1215,30,0
1183,11.830312552,66.397000000,100,1410,1215,30,0
1184,11.840190635,66.347000000,100,1410,1215,30,0
1185,11.850190528,66.347000000,100,1410,1215,30,0
1186,11.860189909,66.347000000,100,1410,1215,30,0
1187,11.870189832,66.347000000,100,1410,1215,30,0
1188,11.880189333,66.347000000,100,1410,1215,30,0
1189,11.890189436,66.347000000,100,1410,1215,30,0
1190,11.900189679,66.347000000,100,1410,1215,30,0
1191,11.910188449,66.347000000,100,1410,1215,30,0
1192,11.920189143,66.347000000,100,1410,1215,30,0
1193,11.930189246,66.347000000,100,1410,1215,30,0
1194,11.940188988,66.386000000,100,1410,1215,30,0
1195,11.950189942,66.386000000,100,1410,1215,30,0
1196,11.960189364,66.386000000,100,1410,1215,30,0
1197,11.970190058,66.386000000,100,1410,1215,30,0
1198,11.980188748,66.386000000,100,1410,1215,30,0
1199,11.990192948,66.386000000,100,1410,1215,30,0
1200,12.000188723,66.386000000,100,1410,1215,30,0
1201,12.010189908,66.386000000,100,1410,1215,30,0
1202,12.020188788,66.386000000,100,1410,1215,30,0
1203,12.030188090,66.386000000,100,1410,1215,30,0
1204,12.040190306,66.366000000,100,1410,1215,30,0
1205,12.050189668,66.366000000,100,1410,1215,30,0
1206,12.060192415,66.366000000,100,1410,1215,30,0
1207,12.070189162,66.366000000,100,1410,1215,30,0
1208,12.080188834,66.366000000,100,1410,1215,30,0
1209,12.090188836,66.366000000,100,1410,1215,30,0
1210,12.100189150,66.366000000,100,1410,1215,30,0
1211,12.110188351,66.366000000,100,1410,1215,30,0
1212,12.120189185,66.366000000,100,1410,1215,30,0
1213,12.130188997,66.366000000,100,1410,1215,30,0
1214,12.140189390,66.464000000,100,1410,1215,30,0
1215,12.150189673,66.464000000,100,1410,1215,30,0
1216,12.160190177,66.464000000,100,1410,1215,30,0
1217,12.170188977,66.464000000,100,1410,1215,30,0
1218,12.180189100,66.464000000,100,1410,1215,30,0
1219,12.190190115,66.464000000,100,1410,1215,30,0
1220,12.200189656,66.464000000,100,1410,1215,30,0
1221,12.210189008,66.464000000,100,1410,1215,30,0
1222,12.220189361,66.464000000,100,1410,1215,30,0
1223,12.230189584,66.464000000,100,1410,1215,30,0
1224,12.240189877,66.494000000,100,1410,1215,30,0
1225,12.250194298,66.494000000,100,1410,1215,30,0
1226,12.260190503,66.494000000,100,1410,1215,30,0
1227,12.270189905,66.494000000,100,1410,1215,30,0
1228,12.280191070,66.494000000,100,1410,1215,30,0
1229,12.290190241,66.494000000,100,1410,1215,30,0
1230,12.300189382,66.494000000,100,1410,1215,30,0
1231,12.310192971,66.494000000,100,1410,1215,30,0
1232,12.320188886,66.494000000,100,1410,1215,30,0
1233,12.330190782,66.494000000,100,1410,1215,30,0
1234,12.340189913,66.494000000,100,1410,1215,30,0
1235,12.350190617,66.494000000,100,1410,1215,30,0
1236,12.360189197,66.494000000,100,1410,1215,30,0
1237,12.370190782,66.494000000,100,1410,1215,30,0
1238,12.380189452,66.494000000,100,1410,1215,30,0
1239,12.390189485,66.494000000,100,1410,1215,30,0
1240,12.400189678,66.494000000,100,1410,1215,30,0
1241,12.410194159,66.494000000,100,1410,1215,30,0
1242,12.420189653,66.494000000,100,1410,1215,30,0
1243,12.430193813,66.494000000,100,1410,1215,30,0
1244,12.440191171,66.494000000,100,1410,1215,30,0
1245,12.450190733,66.269000000,100,1410,1215,30,0
1246,12.460188802,66.269000000,100,1410,1215,30,0
1247,12.470189726,66.269000000,100,1410,1215,30,0
1248,12.480189078,66.269000000,100,1410,1215,30,0
1249,12.490189561,66.269000000,100,1410,1215,30,0
1250,12.500190004,66.269000000,100,1410,1215,30,0
1251,12.510193984,66.269000000,100,1410,1215,30,0
1252,12.520188647,66.269000000,100,1410,1215,30,0
1253,12.530190313,66.269000000,100,1410,1215,30,0
1254,12.540190796,66.269000000,100,1410,1215,30,0
1255,12.550195748,66.494000000,100,1410,1215,30,0
1256,12.560188587,66.494000000,100,1410,1215,30,0
1257,12.570189792,66.494000000,100,1410,1215,30,0
1258,12.580189845,66.494000000,100,1410,1215,30,0
1259,12.590189847,66.494000000,100,1410,1215,30,0
1260,12.600189800,66.494000000,100,1410,1215,30,0
1261,12.610193920,66.494000000,100,1410,1215,30,0
1262,12.620190236,66.494000000,100,1410,1215,30,0
1263,12.630189878,66.494000000,100,1410,1215,30,0
1264,12.640190732,66.494000000,100,1410,1215,30,0
1265,12.650189642,66.586000000,100,1410,1215,30,0
1266,12.660188874,66.586000000,100,1410,1215,30,0
1267,12.670189387,66.586000000,100,1410,1215,30,0
1268,12.680190331,66.586000000,100,1410,1215,30,0
1269,12.690189022,66.586000000,100,1410,1215,30,0
1270,12.700189355,66.586000000,100,1410,1215,30,0
1271,12.710189588,66.586000000,100,1410,1215,30,0
1272,12.720190302,66.586000000,100,1410,1215,30,0
1273,12.730194282,66.586000000,100,1410,1215,30,0
1274,12.740189796,66.586000000,100,1410,1215,30,0
1275,12.750190971,66.366000000,100,1410,1215,30,0
1276,12.760189611,66.366000000,100,1410,1215,30,0
1277,12.770193430,66.366000000,100,1410,1215,30,0
1278,12.780190788,66.366000000,100,1410,1215,30,0
1279,12.790189218,66.366000000,100,1410,1215,30,0
1280,12.800193969,66.366000000,100,1410,1215,30,0
1281,12.810188732,66.366000000,100,1410,1215,30,0
1282,12.820189556,66.366000000,100,1410,1215,30,0
1283,12.830189118,66.366000000,100,1410,1215,30,0
1284,12.840194611,66.367000000,100,1410,1215,30,0
1285,12.850190716,66.367000000,100,1410,1215,30,0
1286,12.860189807,66.367000000,100,1410,1215,30,0
1287,12.870189509,66.367000000,100,1410,1215,30,0
1288,12.880194340,66.367000000,100,1410,1215,30,0
1289,12.890189464,66.367000000,100,1410,1215,30,0
1290,12.900188485,66.367000000,100,1410,1215,30,0
1291,12.910189168,66.367000000,100,1410,1215,30,0
1292,12.920193309,66.367000000,100,1410,1215,30,0
1293,12.930188402,66.367000000,100,1410,1215,30,0
1294,12.940189787,66.494000000,100,1410,1215,30,0
1295,12.950189059,66.494000000,100,1410,1215,30,0
1296,12.960188450,66.494000000,100,1410,1215,30,0
1297,12.970188573,66.494000000,100,1410,1215,30,0
1298,12.980189046,66.494000000,100,1410,1215,30,0
1299,12.990189199,66.494000000,100,1410,1215,30,0
1300,13.000188921,66.494000000,100,1410,1215,30,0
1301,13.010193272,66.494000000,100,1410,1215,30,0
1302,13.020189888,66.494000000,100,1410,1215,30,0
1303,13.030192976,66.494000000,100,1410,1215,30,0
1304,13.040189683,66.494000000,100,1410,1215,30,0
1305,13.050190236,66.494000000,100,1410,1215,30,0
1306,13.060188606,66.494000000,100,1410,1215,30,0
1307,13.070189981,66.494000000,100,1410,1215,30,0
1308,13.080189002,66.494000000,100,1410,1215,30,0
1309,13.090191900,66.494000000,100,1410,1215,30,0
1310,13.100188666,66.494000000,100,1410,1215,30,0
1311,13.110188689,66.494000000,100,1410,1215,30,0
1312,13.120188151,66.494000000,100,1410,1215,30,0
1313,13.130188243,66.494000000,100,1410,1215,30,0
1314,13.140189097,66.463000000,100,1410,1215,30,0
1315,13.150189340,66.463000000,100,1410,1215,30,0
1316,13.160188411,66.463000000,100,1410,1215,30,0
1317,13.170192622,66.463000000,100,1410,1215,30,0
1318,13.180189529,66.463000000,100,1410,1215,30,0
1319,13.190188038,66.463000000,100,1410,1215,30,0
1320,13.200189103,66.463000000,100,1410,1215,30,0
1321,13.210190618,66.463000000,100,1410,1215,30,0
1322,13.220189629,66.463000000,100,1410,1215,30,0
1323,13.230189682,66.463000000,100,1410,1215,30,0
1324,13.240191888,66.463000000,100,1410,1215,30,0
1325,13.250190719,66.463000000,100,1410,1215,30,0
1326,13.260190050,66.463000000,100,1410,1215,30,0
1327,13.270189101,66.463000000,100,1410,1215,30,0
1328,13.280193021,66.463000000,100,1410,1215,30,0
1329,13.290189296,66.463000000,100,1410,1215,30,0
1330,13.300189459,66.463000000,100,1410,1215,30,0
1331,13.310188811,66.463000000,100,1410,1215,30,0
1332,13.320189114,66.463000000,100,1410,1215,30,0
1333,13.330188656,66.463000000,100,1410,1215,30,0
1334,13.340194188,66.190000000,100,1410,1215,30,0
1335,13.350190765,66.190000000,100,1410,1215,30,0
1336,13.360189755,66.190000000,100,1410,1215,30,0
1337,13.370189648,66.190000000,100,1410,1215,30,0
1338,13.380189770,66.190000000,100,1410,1215,30,0
1339,13.390188921,66.190000000,100,1410,1215,30,0
1340,13.400193663,66.190000000,100,1410,1215,30,0
1341,13.410189798,66.190000000,100,1410,1215,30,0
1342,13.420188979,66.190000000,100,1410,1215,30,0
1343,13.430188291,66.190000000,100,1410,1215,30,0
1344,13.440189636,66.287000000,100,1410,1215,30,0
1345,13.450190089,66.287000000,100,1410,1215,30,0
1346,13.460189991,66.287000000,100,1410,1215,30,0
1347,13.470188672,66.287000000,100,1410,1215,30,0
1348,13.480189205,66.287000000,100,1410,1215,30,0
1349,13.490189348,66.287000000,100,1410,1215,30,0
1350,13.500188900,66.287000000,100,1410,1215,30,0
1351,13.510193180,66.287000000,100,1410,1215,30,0
1352,13.520189326,66.287000000,100,1410,1215,30,0
1353,13.530188947,66.287000000,100,1410,1215,30,0
1354,13.540190273,66.572000000,100,1410,1215,30,0
1355,13.550189594,66.572000000,100,1410,1215,30,0
1356,13.560188324,66.572000000,100,1410,1215,30,0
1357,13.570190350,66.572000000,100,1410,1215,30,0
1358,13.580190123,66.572000000,100,1410,1215,30,0
1359,13.590192950,66.572000000,100,1410,1215,30,0
1360,13.600189697,66.572000000,100,1410,1215,30,0
1361,13.610189439,66.572000000,100,1410,1215,30,0
1362,13.620189932,66.572000000,100,1410,1215,30,0
1363,13.630189294,66.572000000,100,1410,1215,30,0
1364,13.640189687,66.494000000,100,1410,1215,30,0
1365,13.650190281,66.494000000,100,1410,1215,30,0
1366,13.660189462,66.494000000,100,1410,1215,30,0
1367,13.670188432,66.494000000,100,1410,1215,30,0
1368,13.680193214,66.494000000,100,1410,1215,30,0
1369,13.690189229,66.494000000,100,1410,1215,30,0
1370,13.700189572,66.494000000,100,1410,1215,30,0
1371,13.710188874,66.494000000,100,1410,1215,30,0
1372,13.720189107,66.494000000,100,1410,1215,30,0
1373,13.730189269,66.494000000,100,1410,1215,30,0
1374,13.740190504,66.348000000,100,1410,1215,30,0
1375,13.750190226,66.348000000,100,1410,1215,30,0
1376,13.760188616,66.348000000,100,1410,1215,30,0
1377,13.770194840,66.348000000,100,1410,1215,30,0
1378,13.780190575,66.348000000,100,1410,1215,30,0
1379,13.790188604,66.348000000,100,1410,1215,30,0
1380,13.800188917,66.348000000,100,1410,1215,30,0
1381,13.810189180,66.348000000,100,1410,1215,30,0
1382,13.820188271,66.348000000,100,1410,1215,30,0
1383,13.830188714,66.348000000,100,1410,1215,30,0
1384,13.840188847,66.483000000,100,1410,1215,30,0
1385,13.850189791,66.483000000,100,1410,1215,30,0
1386,13.860187890,66.483000000,100,1410,1215,30,0
1387,13.870191219,66.483000000,100,1410,1215,30,0
1388,13.880188166,66.483000000,100,1410,1215,30,0
1389,13.890188309,66.483000000,100,1410,1215,30,0
1390,13.900189383,66.483000000,100,1410,1215,30,0
1391,13.910189837,66.483000000,100,1410,1215,30,0
1392,13.920188807,66.483000000,100,1410,1215,30,0
1393,13.930189131,66.483000000,100,1410,1215,30,0
1394,13.940193922,66.483000000,100,1410,1215,30,0
1395,13.950191721,66.483000000,100,1410,1215,30,0
1396,13.960192054,66.483000000,100,1410,1215,30,0
1397,13.970189471,66.483000000,100,1410,1215,30,0
1398,13.980189474,66.483000000,100,1410,1215,30,0
1399,13.990188234,66.483000000,100,1410,1215,30,0
1400,14.000189028,66.483000000,100,1410,1215,30,0
1401,14.010189141,66.483000000,100,1410,1215,30,0
1402,14.020188993,66.483000000,100,1410,1215,30,0
1403,14.030189517,66.483000000,100,1410,1215,30,0
1404,14.042129099,66.463000000,100,1410,1215,30,0
1405,14.050189161,66.463000000,100,1410,1215,30,0
1406,14.060189535,66.463000000,100,1410,1215,30,0
1407,14.070188946,66.463000000,100,1410,1215,30,0
1408,14.080188999,66.463000000,100,1410,1215,30,0
1409,14.090188550,66.463000000,100,1410,1215,30,0
1410,14.100188313,66.463000000,100,1410,1215,30,0
1411,14.110188756,66.463000000,100,1410,1215,30,0
1412,14.120193928,66.463000000,100,1410,1215,30,0
1413,14.130188420,66.463000000,100,1410,1215,30,0
1414,14.140189585,66.475000000,100,1410,1215,30,0
1415,14.150191111,66.475000000,100,1410,1215,30,0
1416,14.160188268,66.475000000,100,1410,1215,30,0
1417,14.170189803,66.475000000,100,1410,1215,30,0
1418,14.180188073,66.475000000,100,1410,1215,30,0
1419,14.190188857,66.475000000,100,1410,1215,30,0
1420,14.200188238,66.475000000,100,1410,1215,30,0
1421,14.210189303,66.475000000,100,1410,1215,30,0
1422,14.220189375,66.475000000,100,1410,1215,30,0
1423,14.230188977,66.475000000,100,1410,1215,30,0
1424,14.240190312,66.287000000,100,1410,1215,30,0
1425,14.250189904,66.287000000,100,1410,1215,30,0
1426,14.260189065,66.287000000,100,1410,1215,30,0
1427,14.270188907,66.287000000,100,1410,1215,30,0
1428,14.280190212,66.287000000,100,1410,1215,30,0
1429,14.290188742,66.287000000,100,1410,1215,30,0
1430,14.300188975,66.287000000,100,1410,1215,30,0
1431,14.310188657,66.287000000,100,1410,1215,30,0
1432,14.320190884,66.287000000,100,1410,1215,30,0
1433,14.330188943,66.287000000,100,1410,1215,30,0
1434,14.340190288,66.494000000,100,1410,1215,30,0
1435,14.350189669,66.494000000,100,1410,1215,30,0
1436,14.360190002,66.494000000,100,1410,1215,30,0
1437,14.370190356,66.494000000,100,1410,1215,30,0
1438,14.380191300,66.494000000,100,1410,1215,30,0
1439,14.390189890,66.494000000,100,1410,1215,30,0
1440,14.400189492,66.494000000,100,1410,1215,30,0
1441,14.410188062,66.494000000,100,1410,1215,30,0
1442,14.420188174,66.494000000,100,1410,1215,30,0
1443,14.430190652,66.494000000,100,1410,1215,30,0
1444,14.440188841,66.463000000,100,1410,1215,30,0
1445,14.450189585,66.463000000,100,1410,1215,30,0
1446,14.460188125,66.463000000,100,1410,1215,30,0
1447,14.470188658,66.463000000,100,1410,1215,30,0
1448,14.480188581,66.463000000,100,1410,1215,30,0
1449,14.490188713,66.463000000,100,1410,1215,30,0
1450,14.500188806,66.463000000,100,1410,1215,30,0
1451,14.510189119,66.463000000,100,1410,1215,30,0
1452,14.520189212,66.463000000,100,1410,1215,30,0
1453,14.530189154,66.463000000,100,1410,1215,30,0
1454,14.540190019,66.348000000,100,1410,1215,30,0
1455,14.550189961,66.348000000,100,1410,1215,30,0
1456,14.560189623,66.348000000,100,1410,1215,30,0
1457,14.570189606,66.348000000,100,1410,1215,30,0
1458,14.580189658,66.348000000,100,1410,1215,30,0
1459,14.590187837,66.348000000,100,1410,1215,30,0
1460,14.600189012,66.348000000,100,1410,1215,30,0
1461,14.610189496,66.348000000,100,1410,1215,30,0
1462,14.620188687,66.348000000,100,1410,1215,30,0
1463,14.630189571,66.348000000,100,1410,1215,30,0
1464,14.640188922,66.366000000,100,1410,1215,30,0
1465,14.650189967,66.366000000,100,1410,1215,30,0
1466,14.660189108,66.366000000,100,1410,1215,30,0
1467,14.670188720,66.366000000,100,1410,1215,30,0
1468,14.680189353,66.366000000,100,1410,1215,30,0
1469,14.690189556,66.366000000,100,1410,1215,30,0
1470,14.700189108,66.366000000,100,1410,1215,30,0
1471,14.710189211,66.366000000,100,1410,1215,30,0
1472,14.720189674,66.366000000,100,1410,1215,30,0
1473,14.730188905,66.366000000,100,1410,1215,30,0
1474,14.740189900,66.483000000,100,1410,1215,30,0
1475,14.750190744,66.483000000,100,1410,1215,30,0
1476,14.760189244,66.483000000,100,1410,1215,30,0
1477,14.770190088,66.483000000,100,1410,1215,30,0
1478,14.780189479,66.483000000,100,1410,1215,30,0
1479,14.790189211,66.483000000,100,1410,1215,30,0
1480,14.800188923,66.483000000,100,1410,1215,30,0
1481,14.810189387,66.483000000,100,1410,1215,30,0
1482,14.820188508,66.483000000,100,1410,1215,30,0
1483,14.830186687,66.483000000,100,1410,1215,30,0
1484,14.840191298,66.483000000,100,1410,1215,30,0
1485,14.850190198,66.483000000,100,1410,1215,30,0
1486,14.860189099,66.483000000,100,1410,1215,30,0
1487,14.870189081,66.483000000,100,1410,1215,30,0
1488,14.880190406,66.483000000,100,1410,1215,30,0
1489,14.890188876,66.483000000,100,1410,1215,30,0
1490,14.900189199,66.483000000,100,1410,1215,30,0
1491,14.910189482,66.483000000,100,1410,1215,30,0
1492,14.920190016,66.483000000,100,1410,1215,30,0
1493,14.930188365,66.483000000,100,1410,1215,30,0
1494,14.940189290,66.378000000,100,1410,1215,30,0
1495,14.950190505,66.378000000,100,1410,1215,30,0
1496,14.960189115,66.378000000,100,1410,1215,30,0
1497,14.970190239,66.378000000,100,1410,1215,30,0
1498,14.980189490,66.378000000,100,1410,1215,30,0
1499,14.990188671,66.378000000,100,1410,1215,30,0
1500,15.000189636,66.378000000,100,1410,1215,30,0
1501,15.010189508,66.378000000,100,1410,1215,30,0
1502,15.020193518,66.378000000,100,1410,1215,30,0
1503,15.030189583,66.378000000,100,1410,1215,30,0
1504,15.040189977,66.481000000,100,1410,1215,30,0
1505,15.050190670,66.481000000,100,1410,1215,30,0
1506,15.060189571,66.481000000,100,1410,1215,30,0
1507,15.070189373,66.481000000,100,1410,1215,30,0
1508,15.080190127,66.481000000,100,1410,1215,30,0
1509,15.090188497,66.481000000,100,1410,1215,30,0
1510,15.100189291,66.481000000,100,1410,1215,30,0
1511,15.110193150,66.481000000,100,1410,1215,30,0
1512,15.120189837,66.481000000,100,1410,1215,30,0
1513,15.130189529,66.481000000,100,1410,1215,30,0
1514,15.140189812,66.566000000,100,1410,1215,30,0
1515,15.150190245,66.566000000,100,1410,1215,30,0
1516,15.160189787,66.566000000,100,1410,1215,30,0
1517,15.170189850,66.566000000,100,1410,1215,30,0
1518,15.180188760,66.566000000,100,1410,1215,30,0
1519,15.190188873,66.566000000,100,1410,1215,30,0
1520,15.200188705,66.566000000,100,1410,1215,30,0
1521,15.210189519,66.566000000,100,1410,1215,30,0
1522,15.220190424,66.566000000,100,1410,1215,30,0
1523,15.230190256,66.566000000,100,1410,1215,30,0
1524,15.240190258,66.580000000,100,1410,1215,30,0
1525,15.250189399,66.580000000,100,1410,1215,30,0
1526,15.260194381,66.580000000,100,1410,1215,30,0
1527,15.270189675,66.580000000,100,1410,1215,30,0
1528,15.280189297,66.580000000,100,1410,1215,30,0
1529,15.290190161,66.580000000,100,1410,1215,30,0
1530,15.300189162,66.580000000,100,1410,1215,30,0
1531,15.310189365,66.580000000,100,1410,1215,30,0
1532,15.320189167,66.580000000,100,1410,1215,30,0
1533,15.330189630,66.580000000,100,1410,1215,30,0
1534,15.340190214,66.378000000,100,1410,1215,30,0
1535,15.350199444,66.378000000,100,1410,1215,30,0
1536,15.360197132,66.378000000,100,1410,1215,30,0
1537,15.370190562,66.378000000,100,1410,1215,30,0
1538,15.380189964,66.378000000,100,1410,1215,30,0
1539,15.390193813,66.378000000,100,1410,1215,30,0
1540,15.400189267,66.378000000,100,1410,1215,30,0
1541,15.410193869,66.378000000,100,1410,1215,30,0
1542,15.420190334,66.378000000,100,1410,1215,30,0
1543,15.430188183,66.378000000,100,1410,1215,30,0
1544,15.440189428,66.269000000,100,1410,1215,30,0
1545,15.450190272,66.269000000,100,1410,1215,30,0
1546,15.460193691,66.269000000,100,1410,1215,30,0
1547,15.470190137,66.269000000,100,1410,1215,30,0
1548,15.480190580,66.269000000,100,1410,1215,30,0
1549,15.490189331,66.269000000,100,1410,1215,30,0
1550,15.500189814,66.269000000,100,1410,1215,30,0
1551,15.510189736,66.269000000,100,1410,1215,30,0
1552,15.520189118,66.269000000,100,1410,1215,30,0
1553,15.530190022,66.269000000,100,1410,1215,30,0
1554,15.540190516,66.561000000,100,1410,1215,30,0
1555,15.550191600,66.561000000,100,1410,1215,30,0
1556,15.560189278,66.561000000,100,1410,1215,30,0
1557,15.570193599,66.561000000,100,1410,1215,30,0
1558,15.580189935,66.561000000,100,1410,1215,30,0
1559,15.590189947,66.561000000,100,1410,1215,30,0
1560,15.600189819,66.561000000,100,1410,1215,30,0
1561,15.610193198,66.561000000,100,1410,1215,30,0
1562,15.620190807,66.561000000,100,1410,1215,30,0
1563,15.630190368,66.561000000,100,1410,1215,30,0
1564,15.640190621,66.366000000,100,1410,1215,30,0
1565,15.650189572,66.366000000,100,1410,1215,30,0
1566,15.660189795,66.366000000,100,1410,1215,30,0
1567,15.670190228,66.366000000,100,1410,1215,30,0
1568,15.680189640,66.366000000,100,1410,1215,30,0
1569,15.690190123,66.366000000,100,1410,1215,30,0
1570,15.700189625,66.366000000,100,1410,1215,30,0
1571,15.710193755,66.366000000,100,1410,1215,30,0
1572,15.720190171,66.366000000,100,1410,1215,30,0
1573,15.730189662,66.366000000,100,1410,1215,30,0
1574,15.740190917,66.274000000,100,1410,1215,30,0
1575,15.750190920,66.274000000,100,1410,1215,30,0
1576,15.760190041,66.274000000,100,1410,1215,30,0
1577,15.770189943,66.274000000,100,1410,1215,30,0
1578,15.780189064,66.274000000,100,1410,1215,30,0
1579,15.790189377,66.274000000,100,1410,1215,30,0
1580,15.800188789,66.274000000,100,1410,1215,30,0
1581,15.810193540,66.274000000,100,1410,1215,30,0
1582,15.820193733,66.274000000,100,1410,1215,30,0
1583,15.830189468,66.274000000,100,1410,1215,30,0
1584,15.840189981,66.463000000,100,1410,1215,30,0
1585,15.850190775,66.463000000,100,1410,1215,30,0
1586,15.860193282,66.463000000,100,1410,1215,30,0
1587,15.870189798,66.463000000,100,1410,1215,30,0
1588,15.880189831,66.463000000,100,1410,1215,30,0
1589,15.890190525,66.463000000,100,1410,1215,30,0
1590,15.900193703,66.463000000,100,1410,1215,30,0
1591,15.910190340,66.463000000,100,1410,1215,30,0
1592,15.920189451,66.463000000,100,1410,1215,30,0
1593,15.930194462,66.463000000,100,1410,1215,30,0
1594,15.940189886,66.683000000,100,1410,1215,30,0
1595,15.950189548,66.683000000,100,1410,1215,30,0
1596,15.960188990,66.683000000,100,1410,1215,30,0
1597,15.970189022,66.683000000,100,1410,1215,30,0
1598,15.980189085,66.683000000,100,1410,1215,30,0
1599,15.990189368,66.683000000,100,1410,1215,30,0
1600,16.000189862,66.683000000,100,1410,1215,30,0
1601,16.010188882,66.683000000,100,1410,1215,30,0
1602,16.020189937,66.683000000,100,1410,1215,30,0
1603,16.030189168,66.683000000,100,1410,1215,30,0
1604,16.040190313,66.683000000,100,1410,1215,30,0
1605,16.050194273,66.592000000,100,1410,1215,30,0
1606,16.060189466,66.592000000,100,1410,1215,30,0
1607,16.070189359,66.592000000,100,1410,1215,30,0
1608,16.080189411,66.592000000,100,1410,1215,30,0
1609,16.090189324,66.592000000,100,1410,1215,30,0
1610,16.100190017,66.592000000,100,1410,1215,30,0
1611,16.110189659,66.592000000,100,1410,1215,30,0
1612,16.120190073,66.592000000,100,1410,1215,30,0
1613,16.130189865,66.592000000,100,1410,1215,30,0
1614,16.140189877,66.592000000,100,1410,1215,30,0
1615,16.150191142,66.561000000,100,1410,1215,30,0
1616,16.160192968,66.561000000,100,1410,1215,30,0
1617,16.170189705,66.561000000,100,1410,1215,30,0
1618,16.180190258,66.561000000,100,1410,1215,30,0
1619,16.190189309,66.561000000,100,1410,1215,30,0
1620,16.200188971,66.561000000,100,1410,1215,30,0
1621,16.210189124,66.561000000,100,1410,1215,30,0
1622,16.220193254,66.561000000,100,1410,1215,30,0
1623,16.230189530,66.561000000,100,1410,1215,30,0
1624,16.240194702,66.561000000,100,1410,1215,30,0
1625,16.250195376,66.378000000,100,1410,1215,30,0
1626,16.260190680,66.378000000,100,1410,1215,30,0
1627,16.270189720,66.378000000,100,1410,1215,30,0
1628,16.280189783,66.378000000,100,1410,1215,30,0
1629,16.290190286,66.378000000,100,1410,1215,30,0
1630,16.300189197,66.378000000,100,1410,1215,30,0
1631,16.310189560,66.378000000,100,1410,1215,30,0
1632,16.320189312,66.378000000,100,1410,1215,30,0
1633,16.330188964,66.378000000,100,1410,1215,30,0
1634,16.340194698,66.378000000,100,1410,1215,30,0
1635,16.350190322,66.287000000,100,1410,1215,30,0
1636,16.360188571,66.287000000,100,1410,1215,30,0
1637,16.370189235,66.287000000,100,1410,1215,30,0
1638,16.380189538,66.287000000,100,1410,1215,30,0
1639,16.390188719,66.287000000,100,1410,1215,30,0
1640,16.400189092,66.287000000,100,1410,1215,30,0
1641,16.410189516,66.287000000,100,1410,1215,30,0
1642,16.420193957,66.287000000,100,1410,1215,30,0
1643,16.430189902,66.287000000,100,1410,1215,30,0
1644,16.440190796,66.463000000,100,1410,1215,30,0
1645,16.450190588,66.463000000,100,1410,1215,30,0
1646,16.460189679,66.463000000,100,1410,1215,30,0
1647,16.470188529,66.463000000,100,1410,1215,30,0
1648,16.480189393,66.463000000,100,1410,1215,30,0
1649,16.490189276,66.463000000,100,1410,1215,30,0
1650,16.500189599,66.463000000,100,1410,1215,30,0
1651,16.510189451,66.463000000,100,1410,1215,30,0
1652,16.520190045,66.463000000,100,1410,1215,30,0
1653,16.530190178,66.463000000,100,1410,1215,30,0
1654,16.540190210,66.366000000,100,1410,1215,30,0
1655,16.550190333,66.366000000,100,1410,1215,30,0
1656,16.560189083,66.366000000,100,1410,1215,30,0
1657,16.570193484,66.366000000,100,1410,1215,30,0
1658,16.580189930,66.366000000,100,1410,1215,30,0
1659,16.590189942,66.366000000,100,1410,1215,30,0
1660,16.600189404,66.366000000,100,1410,1215,30,0
1661,16.610189657,66.366000000,100,1410,1215,30,0
1662,16.620189820,66.366000000,100,1410,1215,30,0
1663,16.630190463,66.366000000,100,1410,1215,30,0
1664,16.640189645,66.475000000,100,1410,1215,30,0
1665,16.650190769,66.475000000,100,1410,1215,30,0
1666,16.660189880,66.475000000,100,1410,1215,30,0
1667,16.670189291,66.475000000,100,1410,1215,30,0
1668,16.680189124,66.475000000,100,1410,1215,30,0
1669,16.690193945,66.475000000,100,1410,1215,30,0
1670,16.700190141,66.475000000,100,1410,1215,30,0
1671,16.710189512,66.475000000,100,1410,1215,30,0
1672,16.720189445,66.475000000,100,1410,1215,30,0
1673,16.730189998,66.475000000,100,1410,1215,30,0
1674,16.740191233,66.483000000,100,1410,1215,30,0
1675,16.750190845,66.483000000,100,1410,1215,30,0
1676,16.760189765,66.483000000,100,1410,1215,30,0
1677,16.770189277,66.483000000,100,1410,1215,30,0
1678,16.780190011,66.483000000,100,1410,1215,30,0
1679,16.790190013,66.483000000,100,1410,1215,30,0
1680,16.800188954,66.483000000,100,1410,1215,30,0
1681,16.810189167,66.483000000,100,1410,1215,30,0
1682,16.820189230,66.483000000,100,1410,1215,30,0
1683,16.830189262,66.483000000,100,1410,1215,30,0
1684,16.840189044,66.580000000,100,1410,1215,30,0
1685,16.850190750,66.580000000,100,1410,1215,30,0
1686,16.860188939,66.580000000,100,1410,1215,30,0
1687,16.870189302,66.580000000,100,1410,1215,30,0
1688,16.880188473,66.580000000,100,1410,1215,30,0
1689,16.890189278,66.580000000,100,1410,1215,30,0
1690,16.900189631,66.580000000,100,1410,1215,30,0
1691,16.910189473,66.580000000,100,1410,1215,30,0
1692,16.920193303,66.580000000,100,1410,1215,30,0
1693,16.930189268,66.580000000,100,1410,1215,30,0
1694,16.940189961,66.561000000,100,1410,1215,30,0
1695,16.950193961,66.561000000,100,1410,1215,30,0
1696,16.960189145,66.561000000,100,1410,1215,30,0
1697,16.970189448,66.561000000,100,1410,1215,30,0
1698,16.980189481,66.561000000,100,1410,1215,30,0
1699,16.990188662,66.561000000,100,1410,1215,30,0
1700,17.000189316,66.561000000,100,1410,1215,30,0
1701,17.010188707,66.561000000,100,1410,1215,30,0
1702,17.020189241,66.561000000,100,1410,1215,30,0
1703,17.030188902,66.561000000,100,1410,1215,30,0
1704,17.040190398,66.269000000,100,1410,1215,30,0
1705,17.050189188,66.269000000,100,1410,1215,30,0
1706,17.060193940,66.269000000,100,1410,1215,30,0
1707,17.070189554,66.269000000,100,1410,1215,30,0
1708,17.080194305,66.269000000,100,1410,1215,30,0
1709,17.090189819,66.269000000,100,1410,1215,30,0
1710,17.100188690,66.269000000,100,1410,1215,30,0
1711,17.110189243,66.269000000,100,1410,1215,30,0
1712,17.120189627,66.269000000,100,1410,1215,30,0
1713,17.130189669,66.269000000,100,1410,1215,30,0
1714,17.140188960,66.392000000,100,1410,1215,30,0
1715,17.150190756,66.392000000,100,1410,1215,30,0
1716,17.160189016,66.392000000,100,1410,1215,30,0
1717,17.170189880,66.392000000,100,1410,1215,30,0
1718,17.180189582,66.392000000,100,1410,1215,30,0
1719,17.190190135,66.392000000,100,1410,1215,30,0
1720,17.200189226,66.392000000,100,1410,1215,30,0
1721,17.210190030,66.392000000,100,1410,1215,30,0
1722,17.220188570,66.392000000,100,1410,1215,30,0
1723,17.230189374,66.392000000,100,1410,1215,30,0
1724,17.240189978,66.591000000,100,1410,1215,30,0
1725,17.250189590,66.591000000,100,1410,1215,30,0
1726,17.260188891,66.591000000,100,1410,1215,30,0
1727,17.270189044,66.591000000,100,1410,1215,30,0
1728,17.280188766,66.591000000,100,1410,1215,30,0
1729,17.290189259,66.591000000,100,1410,1215,30,0
1730,17.300189452,66.591000000,100,1410,1215,30,0
1731,17.310188503,66.591000000,100,1410,1215,30,0
1732,17.320188726,66.591000000,100,1410,1215,30,0
1733,17.330190121,66.591000000,100,1410,1215,30,0
1734,17.340189863,66.475000000,100,1410,1215,30,0
1735,17.350190557,66.475000000,100,1410,1215,30,0
1736,17.360188586,66.475000000,100,1410,1215,30,0
1737,17.370193307,66.475000000,100,1410,1215,30,0
1738,17.380189312,66.475000000,100,1410,1215,30,0
1739,17.390193823,66.475000000,100,1410,1215,30,0
1740,17.400189357,66.475000000,100,1410,1215,30,0
1741,17.410189931,66.475000000,100,1410,1215,30,0
1742,17.420189493,66.475000000,100,1410,1215,30,0
1743,17.430188904,66.475000000,100,1410,1215,30,0
1744,17.440189378,66.561000000,100,1410,1215,30,0
1745,17.450189130,66.561000000,100,1410,1215,30,0
1746,17.460188741,66.561000000,100,1410,1215,30,0
1747,17.470188634,66.561000000,100,1410,1215,30,0
1748,17.480188196,66.561000000,100,1410,1215,30,0
1749,17.490189040,66.561000000,100,1410,1215,30,0
1750,17.500188661,66.561000000,100,1410,1215,30,0
1751,17.510189015,66.561000000,100,1410,1215,30,0
1752,17.520188817,66.561000000,100,1410,1215,30,0
1753,17.530189901,66.561000000,100,1410,1215,30,0
1754,17.540189714,66.463000000,100,1410,1215,30,0
1755,17.550190307,66.463000000,100,1410,1215,30,0
1756,17.560189679,66.463000000,100,1410,1215,30,0
1757,17.570190012,66.463000000,100,1410,1215,30,0
1758,17.580189533,66.463000000,100,1410,1215,30,0
1759,17.590188865,66.463000000,100,1410,1215,30,0
1760,17.600189378,66.463000000,100,1410,1215,30,0
1761,17.610192937,66.463000000,100,1410,1215,30,0
1762,17.620189023,66.463000000,100,1410,1215,30,0
1763,17.630188604,66.463000000,100,1410,1215,30,0
1764,17.640190521,66.464000000,100,1410,1215,30,0
1765,17.650190192,66.464000000,100,1410,1215,30,0
1766,17.660189103,66.464000000,100,1410,1215,30,0
1767,17.670189326,66.464000000,100,1410,1215,30,0
1768,17.680189419,66.464000000,100,1410,1215,30,0
1769,17.690189151,66.464000000,100,1410,1215,30,0
1770,17.700189714,66.464000000,100,1410,1215,30,0
1771,17.710189476,66.464000000,100,1410,1215,30,0
1772,17.720189649,66.464000000,100,1410,1215,30,0
1773,17.730189952,66.464000000,100,1410,1215,30,0
1774,17.740189464,66.689000000,100,1410,1215,30,0
1775,17.750190358,66.689000000,100,1410,1215,30,0
1776,17.760188878,66.689000000,100,1410,1215,30,0
1777,17.770193319,66.689000000,100,1410,1215,30,0
1778,17.780189795,66.689000000,100,1410,1215,30,0
1779,17.790193564,66.689000000,100,1410,1215,30,0
1780,17.800189660,66.689000000,100,1410,1215,30,0
1781,17.810189432,66.689000000,100,1410,1215,30,0
1782,17.820190456,66.689000000,100,1410,1215,30,0
1783,17.830189677,66.689000000,100,1410,1215,30,0
1784,17.840194799,66.475000000,100,1410,1215,30,0
1785,17.850190774,66.475000000,100,1410,1215,30,0
1786,17.860189504,66.475000000,100,1410,1215,30,0
1787,17.870190769,66.475000000,100,1410,1215,30,0
1788,17.880190121,66.475000000,100,1410,1215,30,0
1789,17.890189482,66.475000000,100,1410,1215,30,0
1790,17.900189745,66.475000000,100,1410,1215,30,0
1791,17.910190198,66.475000000,100,1410,1215,30,0
1792,17.920189139,66.475000000,100,1410,1215,30,0
1793,17.930189682,66.475000000,100,1410,1215,30,0
1794,17.940189204,66.165000000,100,1410,1215,30,0
1795,17.950190098,66.165000000,100,1410,1215,30,0
1796,17.960189019,66.165000000,100,1410,1215,30,0
1797,17.970189743,66.165000000,100,1410,1215,30,0
1798,17.980189565,66.165000000,100,1410,1215,30,0
1799,17.990190129,66.165000000,100,1410,1215,30,0
1800,18.000190041,66.165000000,100,1410,1215,30,0
1801,18.010189883,66.165000000,100,1410,1215,30,0
1802,18.020189645,66.165000000,100,1410,1215,30,0
1803,18.030190459,66.165000000,100,1410,1215,30,0
1804,18.040190382,66.397000000,100,1410,1215,30,0
1805,18.050190725,66.397000000,100,1410,1215,30,0
1806,18.060189816,66.397000000,100,1410,1215,30,0
1807,18.070189207,66.397000000,100,1410,1215,30,0
1808,18.080189771,66.397000000,100,1410,1215,30,0
1809,18.090190745,66.397000000,100,1410,1215,30,0
1810,18.100189936,66.397000000,100,1410,1215,30,0
1811,18.110189247,66.397000000,100,1410,1215,30,0
1812,18.120190492,66.397000000,100,1410,1215,30,0
1813,18.130188671,66.397000000,100,1410,1215,30,0
1814,18.140190147,66.494000000,100,1410,1215,30,0
1815,18.150189999,66.494000000,100,1410,1215,30,0
1816,18.160189691,66.494000000,100,1410,1215,30,0
1817,18.170189894,66.494000000,100,1410,1215,30,0
1818,18.180188444,66.494000000,100,1410,1215,30,0
1819,18.190188877,66.494000000,100,1410,1215,30,0
1820,18.200188579,66.494000000,100,1410,1215,30,0
1821,18.210188972,66.494000000,100,1410,1215,30,0
1822,18.220189566,66.494000000,100,1410,1215,30,0
1823,18.230189859,66.494000000,100,1410,1215,30,0
1824,18.240189421,66.561000000,100,1410,1215,30,0
1825,18.250190385,66.561000000,100,1410,1215,30,0
1826,18.260189827,66.561000000,100,1410,1215,30,0
1827,18.270191031,66.561000000,100,1410,1215,30,0
1828,18.280190393,66.561000000,100,1410,1215,30,0
1829,18.290189894,66.561000000,100,1410,1215,30,0
1830,18.300188484,66.561000000,100,1410,1215,30,0
1831,18.310189208,66.561000000,100,1410,1215,30,0
1832,18.320189271,66.561000000,100,1410,1215,30,0
1833,18.330190566,66.561000000,100,1410,1215,30,0
1834,18.340189596,66.562000000,100,1410,1215,30,0
1835,18.350190210,66.562000000,100,1410,1215,30,0
1836,18.360193669,66.562000000,100,1410,1215,30,0
1837,18.370190796,66.562000000,100,1410,1215,30,0
1838,18.380189586,66.562000000,100,1410,1215,30,0
1839,18.390189890,66.562000000,100,1410,1215,30,0
1840,18.400189652,66.562000000,100,1410,1215,30,0
1841,18.410190125,66.562000000,100,1410,1215,30,0
1842,18.420190588,66.562000000,100,1410,1215,30,0
1843,18.430190070,66.562000000,100,1410,1215,30,0
1844,18.440189892,66.580000000,100,1410,1215,30,0
1845,18.450190826,66.580000000,100,1410,1215,30,0
1846,18.460189286,66.580000000,100,1410,1215,30,0
1847,18.470189579,66.580000000,100,1410,1215,30,0
1848,18.480189492,66.580000000,100,1410,1215,30,0
1849,18.490190025,66.580000000,100,1410,1215,30,0
1850,18.500189677,66.580000000,100,1410,1215,30,0
1851,18.510189609,66.580000000,100,1410,1215,30,0
1852,18.520189021,66.580000000,100,1410,1215,30,0
1853,18.530189194,66.580000000,100,1410,1215,30,0
1854,18.540189968,66.483000000,100,1410,1215,30,0
1855,18.550189830,66.483000000,100,1410,1215,30,0
1856,18.560190454,66.483000000,100,1410,1215,30,0
1857,18.570192971,66.483000000,100,1410,1215,30,0
1858,18.580189317,66.483000000,100,1410,1215,30,0
1859,18.590190251,66.483000000,100,1410,1215,30,0
1860,18.600189763,66.483000000,100,1410,1215,30,0
1861,18.610189925,66.483000000,100,1410,1215,30,0
1862,18.620190028,66.483000000,100,1410,1215,30,0
1863,18.630189400,66.483000000,100,1410,1215,30,0
1864,18.640190344,66.561000000,100,1410,1215,30,0
1865,18.650194895,66.561000000,100,1410,1215,30,0
1866,18.660189367,66.561000000,100,1410,1215,30,0
1867,18.670190041,66.561000000,100,1410,1215,30,0
1868,18.680189813,66.561000000,100,1410,1215,30,0
1869,18.690189375,66.561000000,100,1410,1215,30,0
1870,18.700189417,66.561000000,100,1410,1215,30,0
1871,18.710189761,66.561000000,100,1410,1215,30,0
1872,18.720189513,66.561000000,100,1410,1215,30,0
1873,18.730189615,66.561000000,100,1410,1215,30,0
1874,18.740190479,66.561000000,100,1410,1215,30,0
1875,18.750190913,66.561000000,100,1410,1215,30,0
1876,18.760189653,66.561000000,100,1410,1215,30,0
1877,18.770193893,66.561000000,100,1410,1215,30,0
1878,18.780190840,66.561000000,100,1410,1215,30,0
1879,18.790190512,66.561000000,100,1410,1215,30,0
1880,18.800190404,66.561000000,100,1410,1215,30,0
1881,18.810195066,66.561000000,100,1410,1215,30,0
1882,18.820189568,66.561000000,100,1410,1215,30,0
1883,18.830189651,66.561000000,100,1410,1215,30,0
1884,18.840195554,66.494000000,100,1410,1215,30,0
1885,18.850190497,66.494000000,100,1410,1215,30,0
1886,18.860189919,66.494000000,100,1410,1215,30,0
1887,18.870190873,66.494000000,100,1410,1215,30,0
1888,18.880191677,66.494000000,100,1410,1215,30,0
1889,18.890189856,66.494000000,100,1410,1215,30,0
1890,18.900190710,66.494000000,100,1410,1215,30,0
1891,18.910190012,66.494000000,100,1410,1215,30,0
1892,18.920194823,66.494000000,100,1410,1215,30,0
1893,18.930190237,66.494000000,100,1410,1215,30,0
1894,18.940190961,66.494000000,100,1410,1215,30,0
1895,18.950190142,66.494000000,100,1410,1215,30,0
1896,18.960189994,66.494000000,100,1410,1215,30,0
1897,18.970189376,66.494000000,100,1410,1215,30,0
1898,18.980189769,66.494000000,100,1410,1215,30,0
1899,18.990189902,66.494000000,100,1410,1215,30,0
1900,19.000189193,66.494000000,100,1410,1215,30,0
1901,19.010190257,66.494000000,100,1410,1215,30,0
1902,19.020189879,66.494000000,100,1410,1215,30,0
1903,19.030189281,66.494000000,100,1410,1215,30,0
1904,19.040189574,66.689000000,100,1410,1215,30,0
1905,19.050194786,66.689000000,100,1410,1215,30,0
1906,19.060190470,66.689000000,100,1410,1215,30,0
1907,19.070190002,66.689000000,100,1410,1215,30,0
1908,19.080189904,66.689000000,100,1410,1215,30,0
1909,19.090195407,66.689000000,100,1410,1215,30,0
1910,19.100189439,66.689000000,100,1410,1215,30,0
1911,19.110190032,66.689000000,100,1410,1215,30,0
1912,19.120194543,66.689000000,100,1410,1215,30,0
1913,19.130190248,66.689000000,100,1410,1215,30,0
1914,19.140190230,66.483000000,100,1410,1215,30,0
1915,19.150190844,66.483000000,100,1410,1215,30,0
1916,19.160193832,66.483000000,100,1410,1215,30,0
1917,19.170189817,66.483000000,100,1410,1215,30,0
1918,19.180190260,66.483000000,100,1410,1215,30,0
1919,19.190190032,66.483000000,100,1410,1215,30,0
1920,19.200189945,66.483000000,100,1410,1215,30,0
1921,19.210190048,66.483000000,100,1410,1215,30,0
1922,19.220190962,66.483000000,100,1410,1215,30,0
1923,19.230190093,66.483000000,100,1410,1215,30,0
1924,19.240191538,66.275000000,100,1410,1215,30,0
1925,19.250191520,66.275000000,100,1410,1215,30,0
1926,19.260190641,66.275000000,100,1410,1215,30,0
1927,19.270189401,66.275000000,100,1410,1215,30,0
1928,19.280189594,66.275000000,100,1410,1215,30,0
1929,19.290190559,66.275000000,100,1410,1215,30,0
1930,19.300193837,66.275000000,100,1410,1215,30,0
1931,19.310194361,66.275000000,100,1410,1215,30,0
1932,19.320190847,66.275000000,100,1410,1215,30,0
1933,19.330189687,66.275000000,100,1410,1215,30,0
1934,19.340191032,66.275000000,100,1410,1215,30,0
1935,19.350191295,66.372000000,100,1410,1215,30,0
1936,19.360189855,66.372000000,100,1410,1215,30,0
1937,19.370190589,66.372000000,100,1410,1215,30,0
1938,19.380190141,66.372000000,100,1410,1215,30,0
1939,19.390192067,66.372000000,100,1410,1215,30,0
1940,19.400189815,66.372000000,100,1410,1215,30,0
1941,19.410189207,66.372000000,100,1410,1215,30,0
1942,19.420190972,66.372000000,100,1410,1215,30,0
1943,19.430190624,66.372000000,100,1410,1215,30,0
1944,19.440190747,66.475000000,100,1410,1215,30,0
1945,19.450190509,66.475000000,100,1410,1215,30,0
1946,19.460189660,66.475000000,100,1410,1215,30,0
1947,19.470188981,66.475000000,100,1410,1215,30,0
1948,19.480190847,66.475000000,100,1410,1215,30,0
1949,19.490189698,66.475000000,100,1410,1215,30,0
1950,19.500190251,66.475000000,100,1410,1215,30,0
1951,19.510188811,66.475000000,100,1410,1215,30,0
1952,19.520189946,66.475000000,100,1410,1215,30,0
1953,19.530189277,66.475000000,100,1410,1215,30,0
1954,19.540189851,66.475000000,100,1410,1215,30,0
1955,19.550194702,66.366000000,100,1410,1215,30,0
1956,19.560190477,66.366000000,100,1410,1215,30,0
1957,19.570189908,66.366000000,100,1410,1215,30,0
1958,19.580189390,66.366000000,100,1410,1215,30,0
1959,19.590190294,66.366000000,100,1410,1215,30,0
1960,19.600189415,66.366000000,100,1410,1215,30,0
1961,19.610195349,66.366000000,100,1410,1215,30,0
1962,19.620190713,66.366000000,100,1410,1215,30,0
1963,19.630190224,66.366000000,100,1410,1215,30,0
1964,19.640190828,66.366000000,100,1410,1215,30,0
1965,19.650191111,66.372000000,100,1410,1215,30,0
1966,19.660190121,66.372000000,100,1410,1215,30,0
1967,19.670190625,66.372000000,100,1410,1215,30,0
1968,19.680189876,66.372000000,100,1410,1215,30,0
1969,19.690190360,66.372000000,100,1410,1215,30,0
1970,19.700189881,66.372000000,100,1410,1215,30,0
1971,19.710190004,66.372000000,100,1410,1215,30,0
1972,19.720194375,66.372000000,100,1410,1215,30,0
1973,19.730190099,66.372000000,100,1410,1215,30,0
1974,19.740191043,66.372000000,100,1410,1215,30,0
1975,19.750191136,66.689000000,100,1410,1215,30,0
1976,19.760190006,66.689000000,100,1410,1215,30,0
1977,19.770190229,66.689000000,100,1410,1215,30,0
1978,19.780193678,66.689000000,100,1410,1215,30,0
1979,19.790190445,66.689000000,100,1410,1215,30,0
1980,19.800193794,66.689000000,100,1410,1215,30,0
1981,19.810191712,66.689000000,100,1410,1215,30,0
1982,19.820194911,66.689000000,100,1410,1215,30,0
1983,19.830191377,66.689000000,100,1410,1215,30,0
1984,19.840190067,66.689000000,100,1410,1215,30,0
1985,19.850191482,66.592000000,100,1410,1215,30,0
1986,19.860190403,66.592000000,100,1410,1215,30,0
1987,19.870190385,66.592000000,100,1410,1215,30,0
1988,19.880189836,66.592000000,100,1410,1215,30,0
1989,19.890191402,66.592000000,100,1410,1215,30,0
1990,19.900190914,66.592000000,100,1410,1215,30,0
1991,19.910190555,66.592000000,100,1410,1215,30,0
1992,19.920190578,66.592000000,100,1410,1215,30,0
1993,19.930190150,66.592000000,100,1410,1215,30,0
1994,19.940191344,66.592000000,100,1410,1215,30,0
1995,19.950190826,66.470000000,100,1410,1215,30,0
1996,19.960190207,66.470000000,100,1410,1215,30,0
1997,19.970190360,66.470000000,100,1410,1215,30,0
1998,19.980189902,66.470000000,100,1410,1215,30,0
1999,19.990189924,66.470000000,100,1410,1215,30,0
2000,20.000189787,66.470000000,100,1410,1215,30,0
2001,20.010190671,66.470000000,100,1410,1215,30,0
2002,20.020190603,66.470000000,100,1410,1215,30,0
2003,20.030190175,66.470000000,100,1410,1215,30,0
2004,20.040192061,66.463000000,100,1410,1215,30,0
2005,20.050195280,66.463000000,100,1410,1215,30,0
2006,20.060193439,66.463000000,100,1410,1215,30,0
2007,20.070190195,66.463000000,100,1410,1215,30,0
2008,20.080190318,66.463000000,100,1410,1215,30,0
2009,20.090190350,66.463000000,100,1410,1215,30,0
2010,20.100190613,66.463000000,100,1410,1215,30,0
2011,20.110190175,66.463000000,100,1410,1215,30,0
2012,20.120195478,66.463000000,100,1410,1215,30,0
2013,20.130192204,66.463000000,100,1410,1215,30,0
2014,20.140190924,66.585000000,100,1410,1215,30,0
2015,20.150191708,66.585000000,100,1410,1215,30,0
2016,20.160189336,66.585000000,100,1410,1215,30,0
2017,20.170190561,66.585000000,100,1410,1215,30,0
2018,20.180190173,66.585000000,100,1410,1215,30,0
2019,20.190192369,66.585000000,100,1410,1215,30,0
2020,20.200189096,66.585000000,100,1410,1215,30,0
2021,20.210194609,66.585000000,100,1410,1215,30,0
2022,20.220190624,66.585000000,100,1410,1215,30,0
2023,20.230189955,66.585000000,100,1410,1215,30,0
2024,20.240190188,66.591000000,100,1410,1215,30,0
2025,20.250189920,66.591000000,100,1410,1215,30,0
2026,20.260190183,66.591000000,100,1410,1215,30,0
2027,20.270188993,66.591000000,100,1410,1215,30,0
2028,20.280189777,66.591000000,100,1410,1215,30,0
2029,20.290190161,66.591000000,100,1410,1215,30,0
2030,20.300194151,66.591000000,100,1410,1215,30,0
2031,20.310189494,66.591000000,100,1410,1215,30,0
2032,20.320190519,66.591000000,100,1410,1215,30,0
2033,20.330189580,66.591000000,100,1410,1215,30,0
2034,20.340195112,66.366000000,100,1410,1215,30,0
2035,20.350195586,66.366000000,100,1410,1215,30,0
2036,20.360189287,66.366000000,100,1410,1215,30,0
2037,20.370190291,66.366000000,100,1410,1215,30,0
2038,20.380190484,66.366000000,100,1410,1215,30,0
2039,20.390194053,66.366000000,100,1410,1215,30,0
2040,20.400190449,66.366000000,100,1410,1215,30,0
2041,20.410190802,66.366000000,100,1410,1215,30,0
2042,20.420191165,66.366000000,100,1410,1215,30,0
2043,20.430190657,66.366000000,100,1410,1215,30,0
2044,20.440190319,66.591000000,100,1410,1215,30,0
2045,20.450195621,66.591000000,100,1410,1215,30,0
2046,20.460190163,66.591000000,100,1410,1215,30,0
2047,20.470190046,66.591000000,100,1410,1215,30,0
2048,20.480190008,66.591000000,100,1410,1215,30,0
2049,20.490191864,66.591000000,100,1410,1215,30,0
2050,20.500190314,66.591000000,100,1410,1215,30,0
2051,20.510188653,66.591000000,100,1410,1215,30,0
2052,20.520190369,66.591000000,100,1410,1215,30,0
2053,20.530190361,66.591000000,100,1410,1215,30,0
2054,20.540190314,66.463000000,100,1410,1215,30,0
2055,20.550189705,66.463000000,100,1410,1215,30,0
2056,20.560189968,66.463000000,100,1410,1215,30,0
2057,20.570189079,66.463000000,100,1410,1215,30,0
2058,20.580189502,66.463000000,100,1410,1215,30,0
2059,20.590189425,66.463000000,100,1410,1215,30,0
2060,20.600189798,66.463000000,100,1410,1215,30,0
2061,20.610189530,66.463000000,100,1410,1215,30,0
2062,20.620194332,66.463000000,100,1410,1215,30,0
2063,20.630189655,66.463000000,100,1410,1215,30,0
2064,20.640190489,66.463000000,100,1410,1215,30,0
2065,20.650191243,66.373000000,100,1410,1215,30,0
2066,20.660194161,66.373000000,100,1410,1215,30,0
2067,20.670191148,66.373000000,100,1410,1215,30,0
2068,20.680190399,66.373000000,100,1410,1215,30,0
2069,20.690190242,66.373000000,100,1410,1215,30,0
2070,20.700189362,66.373000000,100,1410,1215,30,0
2071,20.710190146,66.373000000,100,1410,1215,30,0
2072,20.720190379,66.373000000,100,1410,1215,30,0
2073,20.730193518,66.373000000,100,1410,1215,30,0
2074,20.740191106,66.470000000,100,1410,1215,30,0
2075,20.750190557,66.470000000,100,1410,1215,30,0
2076,20.760257015,66.470000000,100,1410,1215,30,0
2077,20.770193257,66.470000000,100,1410,1215,30,0
2078,20.780189894,66.470000000,100,1410,1215,30,0
2079,20.790190046,66.470000000,100,1410,1215,30,0
2080,20.800190099,66.470000000,100,1410,1215,30,0
2081,20.810193127,66.470000000,100,1410,1215,30,0
2082,20.820190364,66.470000000,100,1410,1215,30,0
2083,20.830189556,66.470000000,100,1410,1215,30,0
2084,20.840190340,66.489000000,100,1410,1215,30,0
2085,20.850190683,66.489000000,100,1410,1215,30,0
2086,20.860194402,66.489000000,100,1410,1215,30,0
2087,20.870190497,66.489000000,100,1410,1215,30,0
2088,20.880190229,66.489000000,100,1410,1215,30,0
2089,20.890192917,66.489000000,100,1410,1215,30,0
2090,20.900189743,66.489000000,100,1410,1215,30,0
2091,20.910193433,66.489000000,100,1410,1215,30,0
2092,20.920190590,66.489000000,100,1410,1215,30,0
2093,20.930189991,66.489000000,100,1410,1215,30,0
2094,20.940189533,66.572000000,100,1410,1215,30,0
2095,20.950190447,66.572000000,100,1410,1215,30,0
2096,20.960189538,66.572000000,100,1410,1215,30,0
2097,20.970190212,66.572000000,100,1410,1215,30,0
2098,20.980189493,66.572000000,100,1410,1215,30,0
2099,20.990191630,66.572000000,100,1410,1215,30,0
2100,21.000188977,66.572000000,100,1410,1215,30,0
2101,21.010190132,66.572000000,100,1410,1215,30,0
2102,21.020190144,66.572000000,100,1410,1215,30,0
2103,21.030190878,66.572000000,100,1410,1215,30,0
2104,21.040191362,66.580000000,100,1410,1215,30,0
2105,21.050192296,66.580000000,100,1410,1215,30,0
2106,21.060189704,66.580000000,100,1410,1215,30,0
2107,21.070189947,66.580000000,100,1410,1215,30,0
2108,21.080190169,66.580000000,100,1410,1215,30,0
2109,21.090189581,66.580000000,100,1410,1215,30,0
2110,21.100194563,66.580000000,100,1410,1215,30,0
2111,21.110195066,66.580000000,100,1410,1215,30,0
2112,21.120191783,66.580000000,100,1410,1215,30,0
2113,21.130189962,66.580000000,100,1410,1215,30,0
2114,21.140190275,66.702000000,100,1410,1215,30,0
2115,21.150194425,66.702000000,100,1410,1215,30,0
2116,21.160189649,66.702000000,100,1410,1215,30,0
2117,21.170189862,66.702000000,100,1410,1215,30,0
2118,21.180190525,66.702000000,100,1410,1215,30,0
2119,21.190191089,66.702000000,100,1410,1215,30,0
2120,21.200188807,66.702000000,100,1410,1215,30,0
2121,21.210190072,66.702000000,100,1410,1215,30,0
2122,21.220190856,66.702000000,100,1410,1215,30,0
2123,21.230193944,66.702000000,100,1410,1215,30,0
2124,21.240191111,66.494000000,100,1410,1215,30,0
2125,21.250191395,66.494000000,100,1410,1215,30,0
2126,21.260190095,66.494000000,100,1410,1215,30,0
2127,21.270193884,66.494000000,100,1410,1215,30,0
2128,21.280189609,66.494000000,100,1410,1215,30,0
2129,21.290190293,66.494000000,100,1410,1215,30,0
2130,21.300190305,66.494000000,100,1410,1215,30,0
2131,21.310194245,66.494000000,100,1410,1215,30,0
2132,21.320189979,66.494000000,100,1410,1215,30,0
2133,21.330190533,66.494000000,100,1410,1215,30,0
2134,21.340194884,66.372000000,100,1410,1215,30,0
2135,21.350190769,66.372000000,100,1410,1215,30,0
2136,21.360189960,66.372000000,100,1410,1215,30,0
2137,21.370189481,66.372000000,100,1410,1215,30,0
2138,21.380190405,66.372000000,100,1410,1215,30,0
2139,21.390190177,66.372000000,100,1410,1215,30,0
2140,21.400193697,66.372000000,100,1410,1215,30,0
2141,21.410190273,66.372000000,100,1410,1215,30,0
2142,21.420189824,66.372000000,100,1410,1215,30,0
2143,21.430190358,66.372000000,100,1410,1215,30,0
2144,21.440189699,66.470000000,100,1410,1215,30,0
2145,21.450189842,66.470000000,100,1410,1215,30,0
2146,21.460190426,66.470000000,100,1410,1215,30,0
2147,21.470193684,66.470000000,100,1410,1215,30,0
2148,21.480189719,66.470000000,100,1410,1215,30,0
2149,21.490189361,66.470000000,100,1410,1215,30,0
2150,21.500189674,66.470000000,100,1410,1215,30,0
2151,21.510193524,66.470000000,100,1410,1215,30,0
2152,21.520190431,66.470000000,100,1410,1215,30,0
2153,21.530190443,66.470000000,100,1410,1215,30,0
2154,21.540190606,66.470000000,100,1410,1215,30,0
2155,21.550195317,66.397000000,100,1410,1215,30,0
2156,21.560190070,66.397000000,100,1410,1215,30,0
2157,21.570190584,66.397000000,100,1410,1215,30,0
2158,21.580190306,66.397000000,100,1410,1215,30,0
2159,21.590190228,66.397000000,100,1410,1215,30,0
2160,21.600190180,66.397000000,100,1410,1215,30,0
2161,21.610189692,66.397000000,100,1410,1215,30,0
2162,21.620191087,66.397000000,100,1410,1215,30,0
2163,21.630190659,66.397000000,100,1410,1215,30,0
2164,21.640194859,66.397000000,100,1410,1215,30,0
2165,21.650191255,66.275000000,100,1410,1215,30,0
2166,21.660190646,66.275000000,100,1410,1215,30,0
2167,21.670190789,66.275000000,100,1410,1215,30,0
2168,21.680190020,66.275000000,100,1410,1215,30,0
2169,21.690190323,66.275000000,100,1410,1215,30,0
2170,21.700190426,66.275000000,100,1410,1215,30,0
2171,21.710190388,66.275000000,100,1410,1215,30,0
2172,21.720194759,66.275000000,100,1410,1215,30,0
2173,21.730191435,66.275000000,100,1410,1215,30,0
2174,21.740190436,66.385000000,100,1410,1215,30,0
2175,21.750191961,66.385000000,100,1410,1215,30,0
2176,21.760191764,66.385000000,100,1410,1215,30,0
2177,21.770190654,66.385000000,100,1410,1215,30,0
2178,21.780196016,66.385000000,100,1410,1215,30,0
2179,21.790191220,66.385000000,100,1410,1215,30,0
2180,21.800190591,66.385000000,100,1410,1215,30,0
2181,21.810189762,66.385000000,100,1410,1215,30,0
2182,21.820189554,66.385000000,100,1410,1215,30,0
2183,21.830189817,66.385000000,100,1410,1215,30,0
2184,21.840190451,66.385000000,100,1410,1215,30,0
2185,21.850190764,66.494000000,100,1410,1215,30,0
2186,21.860189514,66.494000000,100,1410,1215,30,0
2187,21.870189527,66.494000000,100,1410,1215,30,0
2188,21.880190151,66.494000000,100,1410,1215,30,0
2189,21.890189452,66.494000000,100,1410,1215,30,0
2190,21.900189885,66.494000000,100,1410,1215,30,0
2191,21.910189537,66.494000000,100,1410,1215,30,0
2192,21.920190601,66.494000000,100,1410,1215,30,0
2193,21.930193720,66.494000000,100,1410,1215,30,0
2194,21.940191408,66.494000000,100,1410,1215,30,0
2195,21.950190920,66.591000000,100,1410,1215,30,0
2196,21.960189930,66.591000000,100,1410,1215,30,0
2197,21.970189562,66.591000000,100,1410,1215,30,0
2198,21.980189484,66.591000000,100,1410,1215,30,0
2199,21.990189948,66.591000000,100,1410,1215,30,0
2200,22.000189379,66.591000000,100,1410,1215,30,0
2201,22.010190053,66.591000000,100,1410,1215,30,0
2202,22.020189364,66.591000000,100,1410,1215,30,0
2203,22.030194126,66.591000000,100,1410,1215,30,0
2204,22.040189690,66.591000000,100,1410,1215,30,0
2205,22.050190544,66.678000000,100,1410,1215,30,0
2206,22.060190116,66.678000000,100,1410,1215,30,0
2207,22.070190028,66.678000000,100,1410,1215,30,0
2208,22.080190391,66.678000000,100,1410,1215,30,0
2209,22.090194111,66.678000000,100,1410,1215,30,0
2210,22.100190817,66.678000000,100,1410,1215,30,0
2211,22.110190849,66.678000000,100,1410,1215,30,0
2212,22.120190191,66.678000000,100,1410,1215,30,0
2213,22.130189913,66.678000000,100,1410,1215,30,0
2214,22.140191759,66.678000000,100,1410,1215,30,0
2215,22.150195168,66.689000000,100,1410,1215,30,0
2216,22.160191463,66.689000000,100,1410,1215,30,0
2217,22.170190664,66.689000000,100,1410,1215,30,0
2218,22.180190356,66.689000000,100,1410,1215,30,0
2219,22.190189868,66.689000000,100,1410,1215,30,0
2220,22.200190602,66.689000000,100,1410,1215,30,0
2221,22.210189702,66.689000000,100,1410,1215,30,0
2222,22.220190627,66.689000000,100,1410,1215,30,0
2223,22.230190048,66.689000000,100,1410,1215,30,0
2224,22.240190141,66.689000000,100,1410,1215,30,0
2225,22.250197307,66.591000000,100,1410,1215,30,0
2226,22.260190336,66.591000000,100,1410,1215,30,0
2227,22.270191190,66.591000000,100,1410,1215,30,0
2228,22.280190301,66.591000000,100,1410,1215,30,0
2229,22.290194542,66.591000000,100,1410,1215,30,0
2230,22.300190497,66.591000000,100,1410,1215,30,0
2231,22.310247185,66.591000000,100,1410,1215,30,0
2232,22.320193497,66.591000000,100,1410,1215,30,0
2233,22.330190133,66.591000000,100,1410,1215,30,0
2234,22.340190036,66.591000000,100,1410,1215,30,0
2235,22.350194256,66.670000000,100,1410,1215,30,0
2236,22.360189440,66.670000000,100,1410,1215,30,0
2237,22.370190123,66.670000000,100,1410,1215,30,0
2238,22.380193853,66.670000000,100,1410,1215,30,0
2239,22.390190289,66.670000000,100,1410,1215,30,0
2240,22.400189269,66.670000000,100,1410,1215,30,0
2241,22.410232623,66.670000000,100,1410,1215,30,0
2242,22.420194965,66.670000000,100,1410,1215,30,0
2243,22.430194186,66.670000000,100,1410,1215,30,0
2244,22.440190462,66.670000000,100,1410,1215,30,0
2245,22.450190464,66.580000000,100,1410,1215,30,0
2246,22.460191729,66.580000000,100,1410,1215,30,0
2247,22.470189788,66.580000000,100,1410,1215,30,0
2248,22.480189780,66.580000000,100,1410,1215,30,0
2249,22.490189743,66.580000000,100,1410,1215,30,0
2250,22.500194664,66.580000000,100,1410,1215,30,0
2251,22.510190018,66.580000000,100,1410,1215,30,0
2252,22.520191323,66.580000000,100,1410,1215,30,0
2253,22.530190444,66.580000000,100,1410,1215,30,0
2254,22.540190958,66.580000000,100,1410,1215,30,0
2255,22.550191180,66.397000000,100,1410,1215,30,0
2256,22.560190131,66.397000000,100,1410,1215,30,0
2257,22.570190364,66.397000000,100,1410,1215,30,0
2258,22.580194294,66.397000000,100,1410,1215,30,0
2259,22.590190339,66.397000000,100,1410,1215,30,0
2260,22.600189891,66.397000000,100,1410,1215,30,0
2261,22.610190494,66.397000000,100,1410,1215,30,0
2262,22.620190958,66.397000000,100,1410,1215,30,0
2263,22.630193976,66.397000000,100,1410,1215,30,0
2264,22.640194048,66.397000000,100,1410,1215,30,0
2265,22.650191787,66.397000000,100,1410,1215,30,0
2266,22.660190206,66.397000000,100,1410,1215,30,0
2267,22.670189738,66.397000000,100,1410,1215,30,0
2268,22.680190161,66.397000000,100,1410,1215,30,0
2269,22.690190224,66.397000000,100,1410,1215,30,0
2270,22.700194144,66.397000000,100,1410,1215,30,0
2271,22.710189968,66.397000000,100,1410,1215,30,0
2272,22.720194920,66.397000000,100,1410,1215,30,0
2273,22.730190785,66.397000000,100,1410,1215,30,0
2274,22.740191569,66.397000000,100,1410,1215,30,0
2275,22.750191211,66.494000000,100,1410,1215,30,0
2276,22.760190261,66.494000000,100,1410,1215,30,0
2277,22.770190504,66.494000000,100,1410,1215,30,0
2278,22.780197189,66.494000000,100,1410,1215,30,0
2279,22.790189578,66.494000000,100,1410,1215,30,0
2280,22.800188939,66.494000000,100,1410,1215,30,0
2281,22.810189583,66.494000000,100,1410,1215,30,0
2282,22.820189605,66.494000000,100,1410,1215,30,0
2283,22.830189748,66.494000000,100,1410,1215,30,0
2284,22.840190702,66.494000000,100,1410,1215,30,0
2285,22.850190825,66.572000000,100,1410,1215,30,0
2286,22.860193142,66.572000000,100,1410,1215,30,0
2287,22.870189528,66.572000000,100,1410,1215,30,0
2288,22.880189199,66.572000000,100,1410,1215,30,0
2289,22.890190184,66.572000000,100,1410,1215,30,0
2290,22.900189996,66.572000000,100,1410,1215,30,0
2291,22.910190489,66.572000000,100,1410,1215,30,0
2292,22.920189981,66.572000000,100,1410,1215,30,0
2293,22.930189242,66.572000000,100,1410,1215,30,0
2294,22.940190307,66.572000000,100,1410,1215,30,0
2295,22.950190369,66.683000000,100,1410,1215,30,0
2296,22.960190332,66.683000000,100,1410,1215,30,0
2297,22.970189312,66.683000000,100,1410,1215,30,0
2298,22.980189615,66.683000000,100,1410,1215,30,0
2299,22.990189417,66.683000000,100,1410,1215,30,0
2300,23.000190261,66.683000000,100,1410,1215,30,0
2301,23.010189172,66.683000000,100,1410,1215,30,0
2302,23.020190557,66.683000000,100,1410,1215,30,0
2303,23.030193896,66.683000000,100,1410,1215,30,0
2304,23.040191173,66.683000000,100,1410,1215,30,0
2305,23.050190214,66.580000000,100,1410,1215,30,0
2306,23.060190036,66.580000000,100,1410,1215,30,0
2307,23.070194046,66.580000000,100,1410,1215,30,0
2308,23.080189851,66.580000000,100,1410,1215,30,0
2309,23.090189813,66.580000000,100,1410,1215,30,0
2310,23.100189535,66.580000000,100,1410,1215,30,0
2311,23.110189878,66.580000000,100,1410,1215,30,0
2312,23.120190191,66.580000000,100,1410,1215,30,0
2313,23.130193400,66.580000000,100,1410,1215,30,0
2314,23.140191499,66.580000000,100,1410,1215,30,0
2315,23.150191391,66.366000000,100,1410,1215,30,0
2316,23.160222712,66.366000000,100,1410,1215,30,0
2317,23.170190955,66.366000000,100,1410,1215,30,0
2318,23.180190116,66.366000000,100,1410,1215,30,0
2319,23.190194357,66.366000000,100,1410,1215,30,0
2320,23.200189881,66.366000000,100,1410,1215,30,0
2321,23.210190454,66.366000000,100,1410,1215,30,0
2322,23.220191138,66.366000000,100,1410,1215,30,0
2323,23.230194246,66.366000000,100,1410,1215,30,0
2324,23.240191023,66.366000000,100,1410,1215,30,0
2325,23.250190454,66.580000000,100,1410,1215,30,0
2326,23.260189235,66.580000000,100,1410,1215,30,0
2327,23.270189858,66.580000000,100,1410,1215,30,0
2328,23.280189801,66.580000000,100,1410,1215,30,0
2329,23.290190074,66.580000000,100,1410,1215,30,0
2330,23.300188814,66.580000000,100,1410,1215,30,0
2331,23.310193786,66.580000000,100,1410,1215,30,0
2332,23.320190672,66.580000000,100,1410,1215,30,0
2333,23.330188360,66.580000000,100,1410,1215,30,0
2334,23.340189194,66.580000000,100,1410,1215,30,0
2335,23.350191291,66.591000000,100,1410,1215,30,0
2336,23.360189710,66.591000000,100,1410,1215,30,0
2337,23.370189953,66.591000000,100,1410,1215,30,0
2338,23.380189485,66.591000000,100,1410,1215,30,0
2339,23.390194477,66.591000000,100,1410,1215,30,0
2340,23.400189690,66.591000000,100,1410,1215,30,0
2341,23.410189122,66.591000000,100,1410,1215,30,0
2342,23.420189635,66.591000000,100,1410,1215,30,0
2343,23.430194286,66.591000000,100,1410,1215,30,0
2344,23.440191374,66.591000000,100,1410,1215,30,0
2345,23.450191096,66.397000000,100,1410,1215,30,0
2346,23.460189265,66.397000000,100,1410,1215,30,0
2347,23.470189407,66.397000000,100,1410,1215,30,0
2348,23.480190392,66.397000000,100,1410,1215,30,0
2349,23.490191116,66.397000000,100,1410,1215,30,0
2350,23.500189785,66.397000000,100,1410,1215,30,0
2351,23.510188325,66.397000000,100,1410,1215,30,0
2352,23.520190402,66.397000000,100,1410,1215,30,0
2353,23.530189953,66.397000000,100,1410,1215,30,0
2354,23.540190617,66.397000000,100,1410,1215,30,0
2355,23.550190279,66.689000000,100,1410,1215,30,0
2356,23.560188618,66.689000000,100,1410,1215,30,0
2357,23.570189102,66.689000000,100,1410,1215,30,0
2358,23.580193142,66.689000000,100,1410,1215,30,0
2359,23.590190559,66.689000000,100,1410,1215,30,0
2360,23.600188859,66.689000000,100,1410,1215,30,0
2361,23.610190014,66.689000000,100,1410,1215,30,0
2362,23.620190096,66.689000000,100,1410,1215,30,0
2363,23.630189878,66.689000000,100,1410,1215,30,0
2364,23.640190682,66.689000000,100,1410,1215,30,0
2365,23.650190805,66.799000000,100,1410,1215,30,0
2366,23.660192911,66.799000000,100,1410,1215,30,0
2367,23.670189738,66.799000000,100,1410,1215,30,0
2368,23.680193918,66.799000000,100,1410,1215,30,0
2369,23.690191787,66.799000000,100,1410,1215,30,0
2370,23.700189355,66.799000000,100,1410,1215,30,0
2371,23.710188806,66.799000000,100,1410,1215,30,0
2372,23.720188969,66.799000000,100,1410,1215,30,0
2373,23.730188791,66.799000000,100,1410,1215,30,0
2374,23.740190367,66.799000000,100,1410,1215,30,0
2375,23.750190630,66.475000000,100,1410,1215,30,0
2376,23.760189410,66.475000000,100,1410,1215,30,0
2377,23.770189272,66.475000000,100,1410,1215,30,0
2378,23.780190868,66.475000000,100,1410,1215,30,0
2379,23.790189347,66.475000000,100,1410,1215,30,0
2380,23.800189740,66.475000000,100,1410,1215,30,0
2381,23.810190013,66.475000000,100,1410,1215,30,0
2382,23.820189775,66.475000000,100,1410,1215,30,0
2383,23.830189497,66.475000000,100,1410,1215,30,0
2384,23.840190281,66.475000000,100,1410,1215,30,0
2385,23.850190865,66.475000000,100,1410,1215,30,0
2386,23.860189084,66.475000000,100,1410,1215,30,0
2387,23.870189558,66.475000000,100,1410,1215,30,0
2388,23.880189820,66.475000000,100,1410,1215,30,0
2389,23.890188961,66.475000000,100,1410,1215,30,0
2390,23.900188753,66.475000000,100,1410,1215,30,0
2391,23.910188946,66.475000000,100,1410,1215,30,0
2392,23.920193537,66.475000000,100,1410,1215,30,0
2393,23.930189563,66.475000000,100,1410,1215,30,0
2394,23.940190607,66.475000000,100,1410,1215,30,0
2395,23.950190579,66.464000000,100,1410,1215,30,0
2396,23.960189029,66.464000000,100,1410,1215,30,0
2397,23.970189412,66.464000000,100,1410,1215,30,0
2398,23.980190046,66.464000000,100,1410,1215,30,0
2399,23.990190229,66.464000000,100,1410,1215,30,0
2400,24.000188438,66.464000000,100,1410,1215,30,0
2401,24.010189262,66.464000000,100,1410,1215,30,0
2402,24.020190276,66.464000000,100,1410,1215,30,0
2403,24.030188976,66.464000000,100,1410,1215,30,0
2404,24.040190181,66.464000000,100,1410,1215,30,0
2405,24.050191145,66.397000000,100,1410,1215,30,0
2406,24.060190156,66.397000000,100,1410,1215,30,0
2407,24.070189377,66.397000000,100,1410,1215,30,0
2408,24.080188748,66.397000000,100,1410,1215,30,0
2409,24.090190825,66.397000000,100,1410,1215,30,0
2410,24.100189094,66.397000000,100,1410,1215,30,0
2411,24.110188696,66.397000000,100,1410,1215,30,0
2412,24.120190061,66.397000000,100,1410,1215,30,0
2413,24.130189542,66.397000000,100,1410,1215,30,0
2414,24.140190376,66.397000000,100,1410,1215,30,0
2415,24.150194356,66.397000000,100,1410,1215,30,0
2416,24.160189971,66.397000000,100,1410,1215,30,0
2417,24.170193680,66.397000000,100,1410,1215,30,0
2418,24.180189996,66.397000000,100,1410,1215,30,0
2419,24.190190960,66.397000000,100,1410,1215,30,0
2420,24.200189049,66.397000000,100,1410,1215,30,0
2421,24.210190194,66.397000000,100,1410,1215,30,0
2422,24.220189615,66.397000000,100,1410,1215,30,0
2423,24.230189838,66.397000000,100,1410,1215,30,0
2424,24.240189510,66.397000000,100,1410,1215,30,0
2425,24.250191436,66.591000000,100,1410,1215,30,0
2426,24.260188823,66.591000000,100,1410,1215,30,0
2427,24.270189096,66.591000000,100,1410,1215,30,0
2428,24.280189450,66.591000000,100,1410,1215,30,0
2429,24.290194361,66.591000000,100,1410,1215,30,0
2430,24.300190026,66.591000000,100,1410,1215,30,0
2431,24.310190228,66.591000000,100,1410,1215,30,0
2432,24.320190652,66.591000000,100,1410,1215,30,0
2433,24.330188891,66.591000000,100,1410,1215,30,0
2434,24.340190226,66.591000000,100,1410,1215,30,0
2435,24.350191331,66.580000000,100,1410,1215,30,0
2436,24.360190121,66.580000000,100,1410,1215,30,0
2437,24.370189803,66.580000000,100,1410,1215,30,0
2438,24.380190777,66.580000000,100,1410,1215,30,0
2439,24.390189978,66.580000000,100,1410,1215,30,0
2440,24.400193187,66.580000000,100,1410,1215,30,0
2441,24.410189121,66.580000000,100,1410,1215,30,0
2442,24.420190697,66.580000000,100,1410,1215,30,0
2443,24.430241354,66.580000000,100,1410,1215,30,0
2444,24.440190922,66.580000000,100,1410,1215,30,0
2445,24.450191295,66.483000000,100,1410,1215,30,0
2446,24.460188903,66.483000000,100,1410,1215,30,0
2447,24.470190088,66.483000000,100,1410,1215,30,0
2448,24.480190181,66.483000000,100,1410,1215,30,0
2449,24.490190123,66.483000000,100,1410,1215,30,0
2450,24.500188823,66.483000000,100,1410,1215,30,0
2451,24.510189387,66.483000000,100,1410,1215,30,0
2452,24.520189930,66.483000000,100,1410,1215,30,0
2453,24.530199140,66.483000000,100,1410,1215,30,0
2454,24.540189965,66.483000000,100,1410,1215,30,0
2455,24.550191881,66.481000000,100,1410,1215,30,0
2456,24.560190752,66.481000000,100,1410,1215,30,0
2457,24.570189913,66.481000000,100,1410,1215,30,0
2458,24.580190406,66.481000000,100,1410,1215,30,0
2459,24.590189076,66.481000000,100,1410,1215,30,0
2460,24.600190762,66.481000000,100,1410,1215,30,0
2461,24.610189993,66.481000000,100,1410,1215,30,0
2462,24.620189595,66.481000000,100,1410,1215,30,0
2463,24.630189287,66.481000000,100,1410,1215,30,0
2464,24.640190702,66.481000000,100,1410,1215,30,0
2465,24.650191295,66.366000000,100,1410,1215,30,0
2466,24.660189805,66.366000000,100,1410,1215,30,0
2467,24.670189767,66.366000000,100,1410,1215,30,0
2468,24.680193858,66.366000000,100,1410,1215,30,0
2469,24.690191896,66.366000000,100,1410,1215,30,0
2470,24.700190326,66.366000000,100,1410,1215,30,0
2471,24.710189978,66.366000000,100,1410,1215,30,0
2472,24.720189680,66.366000000,100,1410,1215,30,0
2473,24.730189893,66.366000000,100,1410,1215,30,0
2474,24.740189605,66.366000000,100,1410,1215,30,0
2475,24.750190839,66.463000000,100,1410,1215,30,0
2476,24.760188968,66.463000000,100,1410,1215,30,0
2477,24.770189772,66.463000000,100,1410,1215,30,0
2478,24.780189063,66.463000000,100,1410,1215,30,0
2479,24.790190679,66.463000000,100,1410,1215,30,0
2480,24.800188858,66.463000000,100,1410,1215,30,0
2481,24.810189091,66.463000000,100,1410,1215,30,0
2482,24.820189765,66.463000000,100,1410,1215,30,0
2483,24.830189938,66.463000000,100,1410,1215,30,0
2484,24.840190191,66.463000000,100,1410,1215,30,0
2485,24.850194471,66.591000000,100,1410,1215,30,0
2486,24.860189755,66.591000000,100,1410,1215,30,0
2487,24.870188194,66.591000000,100,1410,1215,30,0
2488,24.880189459,66.591000000,100,1410,1215,30,0
2489,24.890188941,66.591000000,100,1410,1215,30,0
2490,24.900190085,66.591000000,100,1410,1215,30,0
2491,24.910189086,66.591000000,100,1410,1215,30,0
2492,24.920190291,66.591000000,100,1410,1215,30,0
2493,24.930190103,66.591000000,100,1410,1215,30,0
2494,24.940190706,66.591000000,100,1410,1215,30,0
2495,24.950191210,66.384000000,100,1410,1215,30,0
2496,24.960190070,66.384000000,100,1410,1215,30,0
2497,24.970192657,66.384000000,100,1410,1215,30,0
2498,24.980189554,66.384000000,100,1410,1215,30,0
2499,24.990189687,66.384000000,100,1410,1215,30,0
2500,25.000190180,66.384000000,100,1410,1215,30,0
2501,25.010189742,66.384000000,100,1410,1215,30,0
2502,25.020189133,66.384000000,100,1410,1215,30,0
2503,25.030189386,66.384000000,100,1410,1215,30,0
2504,25.040190461,66.384000000,100,1410,1215,30,0
2505,25.050190924,66.561000000,100,1410,1215,30,0
2506,25.060193381,66.561000000,100,1410,1215,30,0
2507,25.070189607,66.561000000,100,1410,1215,30,0
2508,25.080189829,66.561000000,100,1410,1215,30,0
2509,25.090189612,66.561000000,100,1410,1215,30,0
2510,25.100190275,66.561000000,100,1410,1215,30,0
2511,25.110188545,66.561000000,100,1410,1215,30,0
2512,25.120190661,66.561000000,100,1410,1215,30,0
2513,25.130189622,66.561000000,100,1410,1215,30,0
2514,25.140190736,66.561000000,100,1410,1215,30,0
2515,25.150189997,66.786000000,100,1410,1215,30,0
2516,25.160193356,66.786000000,100,1410,1215,30,0
2517,25.170194000,66.786000000,100,1410,1215,30,0
2518,25.180190686,66.786000000,100,1410,1215,30,0
2519,25.190189045,66.786000000,100,1410,1215,30,0
2520,25.200189328,66.786000000,100,1410,1215,30,0
2521,25.210189020,66.786000000,100,1410,1215,30,0
2522,25.220190626,66.786000000,100,1410,1215,30,0
2523,25.230189717,66.786000000,100,1410,1215,30,0
2524,25.240191382,66.786000000,100,1410,1215,30,0
2525,25.250191074,66.561000000,100,1410,1215,30,0
2526,25.260189894,66.561000000,100,1410,1215,30,0
2527,25.270191169,66.561000000,100,1410,1215,30,0
2528,25.280190230,66.561000000,100,1410,1215,30,0
2529,25.290189631,66.561000000,100,1410,1215,30,0
2530,25.300189904,66.561000000,100,1410,1215,30,0
2531,25.310189256,66.561000000,100,1410,1215,30,0
2532,25.320194648,66.561000000,100,1410,1215,30,0
2533,25.330189962,66.561000000,100,1410,1215,30,0
2534,25.340190535,66.561000000,100,1410,1215,30,0
2535,25.350194175,66.274000000,100,1410,1215,30,0
2536,25.360188647,66.274000000,100,1410,1215,30,0
2537,25.370190553,66.274000000,100,1410,1215,30,0
2538,25.380193120,66.274000000,100,1410,1215,30,0
2539,25.390190879,66.274000000,100,1410,1215,30,0
2540,25.400189599,66.274000000,100,1410,1215,30,0
2541,25.410189621,66.274000000,100,1410,1215,30,0
2542,25.420189824,66.274000000,100,1410,1215,30,0
2543,25.430195607,66.274000000,100,1410,1215,30,0
2544,25.440192995,66.274000000,100,1410,1215,30,0
2545,25.450192056,66.670000000,100,1410,1215,30,0
2546,25.460190355,66.670000000,100,1410,1215,30,0
2547,25.470188294,66.670000000,100,1410,1215,30,0
2548,25.480190079,66.670000000,100,1410,1215,30,0
2549,25.490189300,66.670000000,100,1410,1215,30,0
2550,25.500190435,66.670000000,100,1410,1215,30,0
2551,25.510190097,66.670000000,100,1410,1215,30,0
2552,25.520189368,66.670000000,100,1410,1215,30,0
2553,25.530189581,66.670000000,100,1410,1215,30,0
2554,25.540190625,66.670000000,100,1410,1215,30,0
2555,25.550190427,66.689000000,100,1410,1215,30,0
2556,25.560189969,66.689000000,100,1410,1215,30,0
2557,25.570189591,66.689000000,100,1410,1215,30,0
2558,25.580190094,66.689000000,100,1410,1215,30,0
2559,25.590190157,66.689000000,100,1410,1215,30,0
2560,25.600188957,66.689000000,100,1410,1215,30,0
2561,25.610189561,66.689000000,100,1410,1215,30,0
2562,25.620189423,66.689000000,100,1410,1215,30,0
2563,25.630190167,66.689000000,100,1410,1215,30,0
2564,25.640189949,66.689000000,100,1410,1215,30,0
2565,25.650190743,66.670000000,100,1410,1215,30,0
2566,25.660193360,66.670000000,100,1410,1215,30,0
2567,25.670190087,66.670000000,100,1410,1215,30,0
2568,25.680193445,66.670000000,100,1410,1215,30,0
2569,25.690190793,66.670000000,100,1410,1215,30,0
2570,25.700189974,66.670000000,100,1410,1215,30,0
2571,25.710190658,66.670000000,100,1410,1215,30,0
2572,25.720190881,66.670000000,100,1410,1215,30,0
2573,25.730190182,66.670000000,100,1410,1215,30,0
2574,25.740190335,66.670000000,100,1410,1215,30,0
2575,25.750191339,66.591000000,100,1410,1215,30,0
2576,25.760193495,66.591000000,100,1410,1215,30,0
2577,25.770190102,66.591000000,100,1410,1215,30,0
2578,25.780189653,66.591000000,100,1410,1215,30,0
2579,25.790189986,66.591000000,100,1410,1215,30,0
2580,25.800188686,66.591000000,100,1410,1215,30,0
2581,25.810189861,66.591000000,100,1410,1215,30,0
2582,25.820189413,66.591000000,100,1410,1215,30,0
2583,25.830190728,66.591000000,100,1410,1215,30,0
2584,25.840191471,66.591000000,100,1410,1215,30,0
2585,25.850191023,66.683000000,100,1410,1215,30,0
2586,25.860194923,66.683000000,100,1410,1215,30,0
2587,25.870193272,66.683000000,100,1410,1215,30,0
2588,25.880193315,66.683000000,100,1410,1215,30,0
2589,25.890190282,66.683000000,100,1410,1215,30,0
2590,25.900188932,66.683000000,100,1410,1215,30,0
2591,25.910190787,66.683000000,100,1410,1215,30,0
2592,25.920190129,66.683000000,100,1410,1215,30,0
2593,25.930189179,66.683000000,100,1410,1215,30,0
2594,25.940190625,66.683000000,100,1410,1215,30,0
2595,25.950191308,66.689000000,100,1410,1215,30,0
2596,25.960189678,66.689000000,100,1410,1215,30,0
2597,25.970189590,66.689000000,100,1410,1215,30,0
2598,25.980190114,66.689000000,100,1410,1215,30,0
2599,25.990189956,66.689000000,100,1410,1215,30,0
2600,26.000189798,66.689000000,100,1410,1215,30,0
2601,26.010189971,66.689000000,100,1410,1215,30,0
2602,26.020190925,66.689000000,100,1410,1215,30,0
2603,26.030188673,66.689000000,100,1410,1215,30,0
2604,26.040190599,66.689000000,100,1410,1215,30,0
2605,26.050195401,66.572000000,100,1410,1215,30,0
2606,26.060189412,66.572000000,100,1410,1215,30,0
2607,26.070189024,66.572000000,100,1410,1215,30,0
2608,26.080189768,66.572000000,100,1410,1215,30,0
2609,26.090189630,66.572000000,100,1410,1215,30,0
2610,26.100188370,66.572000000,100,1410,1215,30,0
2611,26.110189545,66.572000000,100,1410,1215,30,0
2612,26.120189116,66.572000000,100,1410,1215,30,0
2613,26.130190391,66.572000000,100,1410,1215,30,0
2614,26.140190374,66.572000000,100,1410,1215,30,0
2615,26.150190527,66.591000000,100,1410,1215,30,0
2616,26.160192743,66.591000000,100,1410,1215,30,0
2617,26.170190321,66.591000000,100,1410,1215,30,0
2618,26.180194061,66.591000000,100,1410,1215,30,0
2619,26.190189475,66.591000000,100,1410,1215,30,0
2620,26.200189938,66.591000000,100,1410,1215,30,0
2621,26.210188868,66.591000000,100,1410,1215,30,0
2622,26.220191796,66.591000000,100,1410,1215,30,0
2623,26.230190336,66.591000000,100,1410,1215,30,0
2624,26.240191220,66.591000000,100,1410,1215,30,0
2625,26.250191333,66.682000000,100,1410,1215,30,0
2626,26.260190243,66.682000000,100,1410,1215,30,0
2627,26.270190276,66.682000000,100,1410,1215,30,0
2628,26.280189998,66.682000000,100,1410,1215,30,0
2629,26.290189369,66.682000000,100,1410,1215,30,0
2630,26.300189472,66.682000000,100,1410,1215,30,0
2631,26.310188563,66.682000000,100,1410,1215,30,0
2632,26.320189938,66.682000000,100,1410,1215,30,0
2633,26.330189930,66.682000000,100,1410,1215,30,0
2634,26.340190534,66.682000000,100,1410,1215,30,0
2635,26.350194844,66.683000000,100,1410,1215,30,0
2636,26.360189096,66.683000000,100,1410,1215,30,0
2637,26.370193677,66.683000000,100,1410,1215,30,0
2638,26.380188830,66.683000000,100,1410,1215,30,0
2639,26.390190566,66.683000000,100,1410,1215,30,0
2640,26.400188415,66.683000000,100,1410,1215,30,0
2641,26.410189940,66.683000000,100,1410,1215,30,0
2642,26.420189502,66.683000000,100,1410,1215,30,0
2643,26.430190316,66.683000000,100,1410,1215,30,0
2644,26.440189817,66.683000000,100,1410,1215,30,0
2645,26.450191653,66.572000000,100,1410,1215,30,0
2646,26.460195002,66.572000000,100,1410,1215,30,0
2647,26.470189845,66.572000000,100,1410,1215,30,0
2648,26.480189176,66.572000000,100,1410,1215,30,0
2649,26.490188888,66.572000000,100,1410,1215,30,0
2650,26.500190624,66.572000000,100,1410,1215,30,0
2651,26.510189083,66.572000000,100,1410,1215,30,0
2652,26.520190428,66.572000000,100,1410,1215,30,0
2653,26.530189549,66.572000000,100,1410,1215,30,0
2654,26.540190633,66.572000000,100,1410,1215,30,0
2655,26.550194123,66.372000000,100,1410,1215,30,0
2656,26.560190067,66.372000000,100,1410,1215,30,0
2657,26.570194588,66.372000000,100,1410,1215,30,0
2658,26.580194801,66.372000000,100,1410,1215,30,0
2659,26.590189183,66.372000000,100,1410,1215,30,0
2660,26.600189416,66.372000000,100,1410,1215,30,0
2661,26.610189098,66.372000000,100,1410,1215,30,0
2662,26.620189471,66.372000000,100,1410,1215,30,0
2663,26.630189433,66.372000000,100,1410,1215,30,0
2664,26.640190228,66.372000000,100,1410,1215,30,0
2665,26.650190751,66.591000000,100,1410,1215,30,0
2666,26.660190052,66.591000000,100,1410,1215,30,0
2667,26.670190155,66.591000000,100,1410,1215,30,0
2668,26.680190047,66.591000000,100,1410,1215,30,0
2669,26.690190200,66.591000000,100,1410,1215,30,0
2670,26.700188930,66.591000000,100,1410,1215,30,0
2671,26.710190666,66.591000000,100,1410,1215,30,0
2672,26.720190718,66.591000000,100,1410,1215,30,0
2673,26.730190791,66.591000000,100,1410,1215,30,0
2674,26.740192126,66.591000000,100,1410,1215,30,0
2675,26.750195635,66.475000000,100,1410,1215,30,0
2676,26.760191159,66.475000000,100,1410,1215,30,0
2677,26.770189158,66.475000000,100,1410,1215,30,0
2678,26.780190433,66.475000000,100,1410,1215,30,0
2679,26.790189373,66.475000000,100,1410,1215,30,0
2680,26.800190167,66.475000000,100,1410,1215,30,0
2681,26.810189568,66.475000000,100,1410,1215,30,0
2682,26.820189781,66.475000000,100,1410,1215,30,0
2683,26.830202538,66.475000000,100,1410,1215,30,0
2684,26.840189045,66.475000000,100,1410,1215,30,0
2685,26.850190831,66.372000000,100,1410,1215,30,0
2686,26.860190603,66.372000000,100,1410,1215,30,0
2687,26.870190274,66.372000000,100,1410,1215,30,0
2688,26.880189315,66.372000000,100,1410,1215,30,0
2689,26.890189728,66.372000000,100,1410,1215,30,0
2690,26.900189370,66.372000000,100,1410,1215,30,0
2691,26.910191036,66.372000000,100,1410,1215,30,0
2692,26.920189926,66.372000000,100,1410,1215,30,0
2693,26.930189999,66.372000000,100,1410,1215,30,0
2694,26.940189731,66.372000000,100,1410,1215,30,0
2695,26.950190956,66.669000000,100,1410,1215,30,0
2696,26.960189305,66.669000000,100,1410,1215,30,0
2697,26.970190339,66.669000000,100,1410,1215,30,0
2698,26.980188769,66.669000000,100,1410,1215,30,0
2699,26.990189964,66.669000000,100,1410,1215,30,0
2700,27.000189175,66.669000000,100,1410,1215,30,0
2701,27.010189708,66.669000000,100,1410,1215,30,0
2702,27.020192416,66.669000000,100,1410,1215,30,0
2703,27.030189954,66.669000000,100,1410,1215,30,0
2704,27.040190637,66.669000000,100,1410,1215,30,0
2705,27.050191411,66.689000000,100,1410,1215,30,0
2706,27.060189230,66.689000000,100,1410,1215,30,0
2707,27.070189462,66.689000000,100,1410,1215,30,0
2708,27.080190016,66.689000000,100,1410,1215,30,0
2709,27.090189437,66.689000000,100,1410,1215,30,0
2710,27.100189971,66.689000000,100,1410,1215,30,0
2711,27.110188791,66.689000000,100,1410,1215,30,0
2712,27.120191649,66.689000000,100,1410,1215,30,0
2713,27.130190439,66.689000000,100,1410,1215,30,0
2714,27.140190391,66.689000000,100,1410,1215,30,0
2715,27.150190244,66.469000000,100,1410,1215,30,0
2716,27.160189485,66.469000000,100,1410,1215,30,0
2717,27.170189237,66.469000000,100,1410,1215,30,0
2718,27.180189820,66.469000000,100,1410,1215,30,0
2719,27.190189482,66.469000000,100,1410,1215,30,0
2720,27.200188533,66.469000000,100,1410,1215,30,0
2721,27.210189247,66.469000000,100,1410,1215,30,0
2722,27.220189740,66.469000000,100,1410,1215,30,0
2723,27.230190113,66.469000000,100,1410,1215,30,0
2724,27.240190547,66.469000000,100,1410,1215,30,0
2725,27.250191240,66.567000000,100,1410,1215,30,0
2726,27.260191714,66.567000000,100,1410,1215,30,0
2727,27.270189893,66.567000000,100,1410,1215,30,0
2728,27.280188433,66.567000000,100,1410,1215,30,0
2729,27.290190429,66.567000000,100,1410,1215,30,0
2730,27.300189479,66.567000000,100,1410,1215,30,0
2731,27.310188620,66.567000000,100,1410,1215,30,0
2732,27.320190646,66.567000000,100,1410,1215,30,0
2733,27.330190078,66.567000000,100,1410,1215,30,0
2734,27.340190371,66.567000000,100,1410,1215,30,0
2735,27.350191255,66.475000000,100,1410,1215,30,0
2736,27.360189094,66.475000000,100,1410,1215,30,0
2737,27.370190368,66.475000000,100,1410,1215,30,0
2738,27.380189369,66.475000000,100,1410,1215,30,0
2739,27.390200633,66.475000000,100,1410,1215,30,0
2740,27.400190105,66.475000000,100,1410,1215,30,0
2741,27.410195538,66.475000000,100,1410,1215,30,0
2742,27.420192074,66.475000000,100,1410,1215,30,0
2743,27.430191385,66.475000000,100,1410,1215,30,0
2744,27.440191067,66.475000000,100,1410,1215,30,0
2745,27.450191781,66.475000000,100,1410,1215,30,0
2746,27.460190701,66.475000000,100,1410,1215,30,0
2747,27.470190193,66.475000000,100,1410,1215,30,0
2748,27.480190035,66.475000000,100,1410,1215,30,0
2749,27.490191530,66.475000000,100,1410,1215,30,0
2750,27.500189218,66.475000000,100,1410,1215,30,0
2751,27.510190914,66.475000000,100,1410,1215,30,0
2752,27.520190285,66.475000000,100,1410,1215,30,0
2753,27.530190158,66.475000000,100,1410,1215,30,0
2754,27.540189769,66.475000000,100,1410,1215,30,0
2755,27.550190754,66.786000000,100,1410,1215,30,0
2756,27.560190315,66.786000000,100,1410,1215,30,0
2757,27.570194385,66.786000000,100,1410,1215,30,0
2758,27.580190891,66.786000000,100,1410,1215,30,0
2759,27.590189291,66.786000000,100,1410,1215,30,0
2760,27.600189774,66.786000000,100,1410,1215,30,0
2761,27.610188675,66.786000000,100,1410,1215,30,0
2762,27.620190561,66.786000000,100,1410,1215,30,0
2763,27.630234115,66.786000000,100,1410,1215,30,0
2764,27.640190405,66.786000000,100,1410,1215,30,0
2765,27.650190478,66.786000000,100,1410,1215,30,0
2766,27.660193837,66.786000000,100,1410,1215,30,0
2767,27.670189541,66.786000000,100,1410,1215,30,0
2768,27.680189573,66.786000000,100,1410,1215,30,0
2769,27.690190418,66.786000000,100,1410,1215,30,0
2770,27.700188657,66.786000000,100,1410,1215,30,0
2771,27.710189601,66.786000000,100,1410,1215,30,0
2772,27.720190826,66.786000000,100,1410,1215,30,0
2773,27.730189826,66.786000000,100,1410,1215,30,0
2774,27.740190991,66.786000000,100,1410,1215,30,0
2775,27.750195151,66.463000000,100,1410,1215,30,0
2776,27.760189223,66.463000000,100,1410,1215,30,0
2777,27.770189826,66.463000000,100,1410,1215,30,0
2778,27.780192834,66.463000000,100,1410,1215,30,0
2779,27.790189991,66.463000000,100,1410,1215,30,0
2780,27.800189864,66.463000000,100,1410,1215,30,0
2781,27.810188834,66.463000000,100,1410,1215,30,0
2782,27.820188897,66.463000000,100,1410,1215,30,0
2783,27.830190102,66.463000000,100,1410,1215,30,0
2784,27.840190244,66.463000000,100,1410,1215,30,0
2785,27.850189535,66.658000000,100,1410,1215,30,0
2786,27.860190890,66.658000000,100,1410,1215,30,0
2787,27.870212904,66.658000000,100,1410,1215,30,0
2788,27.880193490,66.658000000,100,1410,1215,30,0
2789,27.890194545,66.658000000,100,1410,1215,30,0
2790,27.900191081,66.658000000,100,1410,1215,30,0
2791,27.910190662,66.658000000,100,1410,1215,30,0
2792,27.920190875,66.658000000,100,1410,1215,30,0
2793,27.930189235,66.658000000,100,1410,1215,30,0
2794,27.940191020,66.658000000,100,1410,1215,30,0
2795,27.950190101,66.787000000,100,1410,1215,30,0
2796,27.960190104,66.787000000,100,1410,1215,30,0
2797,27.970189134,66.787000000,100,1410,1215,30,0
2798,27.980188696,66.787000000,100,1410,1215,30,0
2799,27.990190321,66.787000000,100,1410,1215,30,0
2800,28.000189072,66.787000000,100,1410,1215,30,0
2801,28.010190467,66.787000000,100,1410,1215,30,0
2802,28.020190319,66.787000000,100,1410,1215,30,0
2803,28.030189850,66.787000000,100,1410,1215,30,0
2804,28.040189692,66.787000000,100,1410,1215,30,0
2805,28.050190166,66.591000000,100,1410,1215,30,0
2806,28.060189207,66.591000000,100,1410,1215,30,0
2807,28.070190431,66.591000000,100,1410,1215,30,0
2808,28.080188931,66.591000000,100,1410,1215,30,0
2809,28.090190116,66.591000000,100,1410,1215,30,0
2810,28.100190399,66.591000000,100,1410,1215,30,0
2811,28.110189479,66.591000000,100,1410,1215,30,0
2812,28.120191015,66.591000000,100,1410,1215,30,0
2813,28.130188963,66.591000000,100,1410,1215,30,0
2814,28.140190358,66.591000000,100,1410,1215,30,0
2815,28.150191864,66.463000000,100,1410,1215,30,0
2816,28.160189642,66.463000000,100,1410,1215,30,0
2817,28.170189645,66.463000000,100,1410,1215,30,0
2818,28.180190158,66.463000000,100,1410,1215,30,0
2819,28.190190000,66.463000000,100,1410,1215,30,0
2820,28.200189221,66.463000000,100,1410,1215,30,0
2821,28.210189254,66.463000000,100,1410,1215,30,0
2822,28.220190268,66.463000000,100,1410,1215,30,0
2823,28.230189659,66.463000000,100,1410,1215,30,0
2824,28.240190804,66.463000000,100,1410,1215,30,0
2825,28.250191007,66.897000000,100,1410,1215,30,0
2826,28.260193795,66.897000000,100,1410,1215,30,0
2827,28.270190631,66.897000000,100,1410,1215,30,0
2828,28.280189612,66.897000000,100,1410,1215,30,0
2829,28.290190275,66.897000000,100,1410,1215,30,0
2830,28.300189867,66.897000000,100,1410,1215,30,0
2831,28.310194248,66.897000000,100,1410,1215,30,0
2832,28.320189782,66.897000000,100,1410,1215,30,0
2833,28.330190175,66.897000000,100,1410,1215,30,0
2834,28.340190418,66.897000000,100,1410,1215,30,0
2835,28.350191001,66.781000000,100,1410,1215,30,0
2836,28.360189752,66.781000000,100,1410,1215,30,0
2837,28.370190606,66.781000000,100,1410,1215,30,0
2838,28.380200407,66.781000000,100,1410,1215,30,0
2839,28.390190420,66.781000000,100,1410,1215,30,0
2840,28.400190052,66.781000000,100,1410,1215,30,0
2841,28.410191547,66.781000000,100,1410,1215,30,0
2842,28.420191179,66.781000000,100,1410,1215,30,0
2843,28.430189288,66.781000000,100,1410,1215,30,0
2844,28.440190322,66.781000000,100,1410,1215,30,0
2845,28.450190395,66.469000000,100,1410,1215,30,0
2846,28.460189987,66.469000000,100,1410,1215,30,0
2847,28.470189809,66.469000000,100,1410,1215,30,0
2848,28.480190132,66.469000000,100,1410,1215,30,0
2849,28.490189734,66.469000000,100,1410,1215,30,0
2850,28.500189275,66.469000000,100,1410,1215,30,0
2851,28.510189278,66.469000000,100,1410,1215,30,0
2852,28.520189581,66.469000000,100,1410,1215,30,0
2853,28.530189663,66.469000000,100,1410,1215,30,0
2854,28.540191008,66.469000000,100,1410,1215,30,0
2855,28.550191462,66.572000000,100,1410,1215,30,0
2856,28.560190062,66.572000000,100,1410,1215,30,0
2857,28.570189874,66.572000000,100,1410,1215,30,0
2858,28.580190217,66.572000000,100,1410,1215,30,0
2859,28.590191011,66.572000000,100,1410,1215,30,0
2860,28.600189390,66.572000000,100,1410,1215,30,0
2861,28.610189863,66.572000000,100,1410,1215,30,0
2862,28.620189876,66.572000000,100,1410,1215,30,0
2863,28.630189598,66.572000000,100,1410,1215,30,0
2864,28.640194590,66.572000000,100,1410,1215,30,0
2865,28.650191026,66.591000000,100,1410,1215,30,0
2866,28.660190267,66.591000000,100,1410,1215,30,0
2867,28.670190209,66.591000000,100,1410,1215,30,0
2868,28.680190051,66.591000000,100,1410,1215,30,0
2869,28.690189422,66.591000000,100,1410,1215,30,0
2870,28.700189775,66.591000000,100,1410,1215,30,0
2871,28.710188856,66.591000000,100,1410,1215,30,0
2872,28.720190572,66.591000000,100,1410,1215,30,0
2873,28.730189122,66.591000000,100,1410,1215,30,0
2874,28.740190897,66.591000000,100,1410,1215,30,0
2875,28.750190209,66.463000000,100,1410,1215,30,0
2876,28.760268157,66.463000000,100,1410,1215,30,0
2877,28.770189683,66.463000000,100,1410,1215,30,0
2878,28.780190356,66.463000000,100,1410,1215,30,0
2879,28.790186431,66.463000000,100,1410,1215,30,0
2880,28.800189269,66.463000000,100,1410,1215,30,0
2881,28.810189843,66.463000000,100,1410,1215,30,0
2882,28.820194213,66.463000000,100,1410,1215,30,0
2883,28.830190138,66.463000000,100,1410,1215,30,0
2884,28.840189860,66.463000000,100,1410,1215,30,0
2885,28.850191065,66.670000000,100,1410,1215,30,0
2886,28.860194424,66.670000000,100,1410,1215,30,0
2887,28.870190288,66.670000000,100,1410,1215,30,0
2888,28.880189119,66.670000000,100,1410,1215,30,0
2889,28.890185494,66.670000000,100,1410,1215,30,0
2890,28.900189474,66.670000000,100,1410,1215,30,0
2891,28.910189968,66.670000000,100,1410,1215,30,0
2892,28.920194538,66.670000000,100,1410,1215,30,0
2893,28.930190123,66.670000000,100,1410,1215,30,0
2894,28.940190706,66.670000000,100,1410,1215,30,0
2895,28.950189927,66.591000000,100,1410,1215,30,0
2896,28.960189238,66.591000000,100,1410,1215,30,0
2897,28.970189081,66.591000000,100,1410,1215,30,0
2898,28.980190075,66.591000000,100,1410,1215,30,0
2899,28.990186140,66.591000000,100,1410,1215,30,0
2900,29.000190140,66.591000000,100,1410,1215,30,0
2901,29.010189030,66.591000000,100,1410,1215,30,0
2902,29.020190255,66.591000000,100,1410,1215,30,0
2903,29.030189366,66.591000000,100,1410,1215,30,0
2904,29.040190921,66.591000000,100,1410,1215,30,0
2905,29.050191004,66.463000000,100,1410,1215,30,0
2906,29.060190405,66.463000000,100,1410,1215,30,0
2907,29.070193343,66.463000000,100,1410,1215,30,0
2908,29.080189959,66.463000000,100,1410,1215,30,0
2909,29.090185684,66.463000000,100,1410,1215,30,0
2910,29.100189323,66.463000000,100,1410,1215,30,0
2911,29.110189977,66.463000000,100,1410,1215,30,0
2912,29.120190180,66.463000000,100,1410,1215,30,0
2913,29.130190032,66.463000000,100,1410,1215,30,0
2914,29.140190455,66.463000000,100,1410,1215,30,0
2915,29.150192481,66.568000000,100,1410,1215,30,0
2916,29.160191231,66.568000000,100,1410,1215,30,0
2917,29.170190362,66.568000000,100,1410,1215,30,0
2918,29.180189643,66.568000000,100,1410,1215,30,0
2919,29.190185678,66.568000000,100,1410,1215,30,0
2920,29.200189909,66.568000000,100,1410,1215,30,0
2921,29.210189500,66.568000000,100,1410,1215,30,0
2922,29.220194502,66.568000000,100,1410,1215,30,0
2923,29.230190407,66.568000000,100,1410,1215,30,0
2924,29.240191732,66.568000000,100,1410,1215,30,0
2925,29.250194670,66.561000000,100,1410,1215,30,0
2926,29.260190034,66.561000000,100,1410,1215,30,0
2927,29.270189575,66.561000000,100,1410,1215,30,0
2928,29.280189999,66.561000000,100,1410,1215,30,0
2929,29.290193227,66.561000000,100,1410,1215,30,0
2930,29.300190054,66.561000000,100,1410,1215,30,0
2931,29.310190226,66.561000000,100,1410,1215,30,0
2932,29.320190830,66.561000000,100,1410,1215,30,0
2933,29.330193738,66.561000000,100,1410,1215,30,0
2934,29.340191166,66.561000000,100,1410,1215,30,0
2935,29.350194795,66.275000000,100,1410,1215,30,0
2936,29.360190720,66.275000000,100,1410,1215,30,0
2937,29.370190401,66.275000000,100,1410,1215,30,0
2938,29.380190053,66.275000000,100,1410,1215,30,0
2939,29.390190216,66.275000000,100,1410,1215,30,0
2940,29.400187764,66.275000000,100,1410,1215,30,0
2941,29.410190111,66.275000000,100,1410,1215,30,0
2942,29.420189883,66.275000000,100,1410,1215,30,0
2943,29.430190176,66.275000000,100,1410,1215,30,0
2944,29.440190008,66.275000000,100,1410,1215,30,0
2945,29.450190451,66.561000000,100,1410,1215,30,0
2946,29.460189352,66.561000000,100,1410,1215,30,0
2947,29.470188993,66.561000000,100,1410,1215,30,0
2948,29.480189377,66.561000000,100,1410,1215,30,0
2949,29.490189018,66.561000000,100,1410,1215,30,0
2950,29.500190303,66.561000000,100,1410,1215,30,0
2951,29.510193381,66.561000000,100,1410,1215,30,0
2952,29.520190659,66.561000000,100,1410,1215,30,0
2953,29.530188978,66.561000000,100,1410,1215,30,0
2954,29.540190564,66.561000000,100,1410,1215,30,0
2955,29.550190376,66.780000000,100,1410,1215,30,0
2956,29.560189517,66.780000000,100,1410,1215,30,0
2957,29.570193376,66.780000000,100,1410,1215,30,0
2958,29.580189551,66.780000000,100,1410,1215,30,0
2959,29.590188903,66.780000000,100,1410,1215,30,0
2960,29.600190087,66.780000000,100,1410,1215,30,0
2961,29.610191282,66.780000000,100,1410,1215,30,0
2962,29.620189852,66.780000000,100,1410,1215,30,0
2963,29.630189253,66.780000000,100,1410,1215,30,0
2964,29.640191209,66.780000000,100,1410,1215,30,0
2965,29.650190290,66.670000000,100,1410,1215,30,0
2966,29.660189461,66.670000000,100,1410,1215,30,0
2967,29.670189554,66.670000000,100,1410,1215,30,0
2968,29.680189266,66.670000000,100,1410,1215,30,0
2969,29.690189669,66.670000000,100,1410,1215,30,0
2970,29.700190122,66.670000000,100,1410,1215,30,0
2971,29.710189924,66.670000000,100,1410,1215,30,0
2972,29.720189155,66.670000000,100,1410,1215,30,0
2973,29.730189538,66.670000000,100,1410,1215,30,0
2974,29.740190783,66.670000000,100,1410,1215,30,0
2975,29.750190325,66.689000000,100,1410,1215,30,0
2976,29.760190367,66.689000000,100,1410,1215,30,0
2977,29.770189889,66.689000000,100,1410,1215,30,0
2978,29.780190072,66.689000000,100,1410,1215,30,0
2979,29.790194202,66.689000000,100,1410,1215,30,0
2980,29.800189736,66.689000000,100,1410,1215,30,0
2981,29.810193495,66.689000000,100,1410,1215,30,0
2982,29.820190522,66.689000000,100,1410,1215,30,0
2983,29.830189673,66.689000000,100,1410,1215,30,0
2984,29.840285555,66.689000000,100,1410,1215,30,0
2985,29.850194537,66.786000000,100,1410,1215,30,0
2986,29.860189149,66.786000000,100,1410,1215,30,0
2987,29.870189382,66.786000000,100,1410,1215,30,0
2988,29.880190577,66.786000000,100,1410,1215,30,0
2989,29.890193675,66.786000000,100,1410,1215,30,0
2990,29.900190241,66.786000000,100,1410,1215,30,0
2991,29.910189713,66.786000000,100,1410,1215,30,0
2992,29.920189966,66.786000000,100,1410,1215,30,0
2993,29.930189998,66.786000000,100,1410,1215,30,0
2994,29.940190281,66.786000000,100,1410,1215,30,0
2995,29.950191185,66.561000000,100,1410,1215,30,0
2996,29.960189715,66.561000000,100,1410,1215,30,0
2997,29.970190319,66.561000000,100,1410,1215,30,0
2998,29.980189429,66.561000000,100,1410,1215,30,0
2999,29.990189772,66.561000000,100,1410,1215,30,0
3000,30.000188873,66.561000000,100,1410,1215,30,0
3001,30.010189828,66.561000000,100,1410,1215,30,0
3002,30.020190551,66.561000000,100,1410,1215,30,0
3003,30.030189161,66.561000000,100,1410,1215,30,0
3004,30.040190035,66.561000000,100,1410,1215,30,0
3005,30.050190008,66.372000000,100,1410,1215,30,0
3006,30.060189649,66.372000000,100,1410,1215,30,0
3007,30.070188790,66.372000000,100,1410,1215,30,0
3008,30.080190215,66.372000000,100,1410,1215,30,0
3009,30.090193193,66.372000000,100,1410,1215,30,0
3010,30.100189779,66.372000000,100,1410,1215,30,0
3011,30.110190243,66.372000000,100,1410,1215,30,0
3012,30.120190496,66.372000000,100,1410,1215,30,0
3013,30.130193033,66.372000000,100,1410,1215,30,0
3014,30.140190861,66.372000000,100,1410,1215,30,0
3015,30.150195593,66.489000000,100,1410,1215,30,0
3016,30.160191878,66.489000000,100,1410,1215,30,0
3017,30.170190919,66.489000000,100,1410,1215,30,0
3018,30.180189749,66.489000000,100,1410,1215,30,0
3019,30.190190343,66.489000000,100,1410,1215,30,0
3020,30.200195184,66.489000000,100,1410,1215,30,0
3021,30.210190297,66.489000000,100,1410,1215,30,0
3022,30.220189909,66.489000000,100,1410,1215,30,0
3023,30.230191855,66.489000000,100,1410,1215,30,0
3024,30.240190345,66.489000000,100,1410,1215,30,0
3025,30.250191249,66.683000000,100,1410,1215,30,0
3026,30.260194638,66.683000000,100,1410,1215,30,0
3027,30.270191194,66.683000000,100,1410,1215,30,0
3028,30.280194042,66.683000000,100,1410,1215,30,0
3029,30.290191018,66.683000000,100,1410,1215,30,0
3030,30.300189989,66.683000000,100,1410,1215,30,0
3031,30.310192927,66.683000000,100,1410,1215,30,0
3032,30.320191126,66.683000000,100,1410,1215,30,0
3033,30.330194014,66.683000000,100,1410,1215,30,0
3034,30.340190770,66.683000000,100,1410,1215,30,0
3035,30.350189610,66.580000000,100,1410,1215,30,0
3036,30.360189723,66.580000000,100,1410,1215,30,0
3037,30.370189836,66.580000000,100,1410,1215,30,0
3038,30.380189748,66.580000000,100,1410,1215,30,0
3039,30.390190983,66.580000000,100,1410,1215,30,0
3040,30.400195283,66.580000000,100,1410,1215,30,0
3041,30.410190427,66.580000000,100,1410,1215,30,0
3042,30.420190239,66.580000000,100,1410,1215,30,0
3043,30.430189870,66.580000000,100,1410,1215,30,0
3044,30.440191436,66.580000000,100,1410,1215,30,0
3045,30.450195185,66.561000000,100,1410,1215,30,0
3046,30.460191120,66.561000000,100,1410,1215,30,0
3047,30.470189911,66.561000000,100,1410,1215,30,0
3048,30.480189612,66.561000000,100,1410,1215,30,0
3049,30.490190376,66.561000000,100,1410,1215,30,0
3050,30.500190299,66.561000000,100,1410,1215,30,0
3051,30.510190101,66.561000000,100,1410,1215,30,0
3052,30.520191025,66.561000000,100,1410,1215,30,0
3053,30.530190025,66.561000000,100,1410,1215,30,0
3054,30.540190298,66.561000000,100,1410,1215,30,0
3055,30.550195310,66.591000000,100,1410,1215,30,0
3056,30.560190744,66.591000000,100,1410,1215,30,0
3057,30.570190045,66.591000000,100,1410,1215,30,0
3058,30.580190018,66.591000000,100,1410,1215,30,0
3059,30.590194228,66.591000000,100,1410,1215,30,0
3060,30.600190564,66.591000000,100,1410,1215,30,0
3061,30.610193371,66.591000000,100,1410,1215,30,0
3062,30.620190488,66.591000000,100,1410,1215,30,0
3063,30.630189800,66.591000000,100,1410,1215,30,0
3064,30.640190974,66.591000000,100,1410,1215,30,0
3065,30.650190636,66.469000000,100,1410,1215,30,0
3066,30.660190358,66.469000000,100,1410,1215,30,0
3067,30.670194228,66.469000000,100,1410,1215,30,0
3068,30.680190703,66.469000000,100,1410,1215,30,0
3069,30.690190395,66.469000000,100,1410,1215,30,0
3070,30.700190528,66.469000000,100,1410,1215,30,0
3071,30.710192684,66.469000000,100,1410,1215,30,0
3072,30.720191565,66.469000000,100,1410,1215,30,0
3073,30.730189934,66.469000000,100,1410,1215,30,0
3074,30.740190257,66.469000000,100,1410,1215,30,0
3075,30.750196021,66.469000000,100,1410,1215,30,0
3076,30.760190493,66.469000000,100,1410,1215,30,0
3077,30.770189673,66.469000000,100,1410,1215,30,0
3078,30.780189546,66.469000000,100,1410,1215,30,0
3079,30.790189819,66.469000000,100,1410,1215,30,0
3080,30.800190212,66.469000000,100,1410,1215,30,0
3081,30.810194252,66.469000000,100,1410,1215,30,0
3082,30.820190688,66.469000000,100,1410,1215,30,0
3083,30.830194197,66.469000000,100,1410,1215,30,0
3084,30.840191334,66.469000000,100,1410,1215,30,0
3085,30.850191647,66.494000000,100,1410,1215,30,0
3086,30.860190737,66.494000000,100,1410,1215,30,0
3087,30.870190309,66.494000000,100,1410,1215,30,0
3088,30.880191003,66.494000000,100,1410,1215,30,0
3089,30.890190504,66.494000000,100,1410,1215,30,0
3090,30.900190347,66.494000000,100,1410,1215,30,0
3091,30.910190409,66.494000000,100,1410,1215,30,0
3092,30.920190632,66.494000000,100,1410,1215,30,0
3093,30.930189803,66.494000000,100,1410,1215,30,0
3094,30.940190216,66.494000000,100,1410,1215,30,0
3095,30.950189798,66.591000000,100,1410,1215,30,0
3096,30.960189009,66.591000000,100,1410,1215,30,0
3097,30.970189903,66.591000000,100,1410,1215,30,0
3098,30.980189224,66.591000000,100,1410,1215,30,0
3099,30.990189557,66.591000000,100,1410,1215,30,0
3100,31.000188918,66.591000000,100,1410,1215,30,0
3101,31.010189923,66.591000000,100,1410,1215,30,0
3102,31.020189765,66.591000000,100,1410,1215,30,0
3103,31.030190248,66.591000000,100,1410,1215,30,0
3104,31.040189690,66.591000000,100,1410,1215,30,0
3105,31.050191776,66.677000000,100,1410,1215,30,0
3106,31.060189815,66.677000000,100,1410,1215,30,0
3107,31.070190579,66.677000000,100,1410,1215,30,0
3108,31.080189759,66.677000000,100,1410,1215,30,0
3109,31.090190313,66.677000000,100,1410,1215,30,0
3110,31.100190155,66.677000000,100,1410,1215,30,0
3111,31.110194175,66.677000000,100,1410,1215,30,0
3112,31.120190671,66.677000000,100,1410,1215,30,0
3113,31.130194521,66.677000000,100,1410,1215,30,0
3114,31.140190776,66.677000000,100,1410,1215,30,0
3115,31.150191289,66.567000000,100,1410,1215,30,0
3116,31.160189509,66.567000000,100,1410,1215,30,0
3117,31.170194050,66.567000000,100,1410,1215,30,0
3118,31.180190225,66.567000000,100,1410,1215,30,0
3119,31.190190067,66.567000000,100,1410,1215,30,0
3120,31.200189548,66.567000000,100,1410,1215,30,0
3121,31.210190342,66.567000000,100,1410,1215,30,0
3122,31.220191006,66.567000000,100,1410,1215,30,0
3123,31.230190968,66.567000000,100,1410,1215,30,0
3124,31.240191161,66.567000000,100,1410,1215,30,0
3125,31.250191194,66.561000000,100,1410,1215,30,0
3126,31.260190104,66.561000000,100,1410,1215,30,0
3127,31.270190678,66.561000000,100,1410,1215,30,0
3128,31.280190810,66.561000000,100,1410,1215,30,0
3129,31.290190111,66.561000000,100,1410,1215,30,0
3130,31.300193991,66.561000000,100,1410,1215,30,0
3131,31.310189956,66.561000000,100,1410,1215,30,0
3132,31.320190519,66.561000000,100,1410,1215,30,0
3133,31.330190542,66.561000000,100,1410,1215,30,0
3134,31.340190705,66.561000000,100,1410,1215,30,0
3135,31.350191679,66.586000000,100,1410,1215,30,0
3136,31.360190780,66.586000000,100,1410,1215,30,0
3137,31.370190472,66.586000000,100,1410,1215,30,0
3138,31.380189803,66.586000000,100,1410,1215,30,0
3139,31.390189785,66.586000000,100,1410,1215,30,0
3140,31.400189788,66.586000000,100,1410,1215,30,0
3141,31.410190361,66.586000000,100,1410,1215,30,0
3142,31.420190344,66.586000000,100,1410,1215,30,0
3143,31.430190016,66.586000000,100,1410,1215,30,0
3144,31.440190419,66.586000000,100,1410,1215,30,0
3145,31.450190251,66.470000000,100,1410,1215,31,0
3146,31.460189742,66.470000000,100,1410,1215,31,0
3147,31.470190266,66.470000000,100,1410,1215,31,0
3148,31.480190439,66.470000000,100,1410,1215,31,0
3149,31.490190421,66.470000000,100,1410,1215,31,0
3150,31.500194381,66.470000000,100,1410,1215,31,0
3151,31.510190145,66.470000000,100,1410,1215,31,0
3152,31.520190569,66.470000000,100,1410,1215,31,0
3153,31.530189208,66.470000000,100,1410,1215,31,0
3154,31.540189782,66.470000000,100,1410,1215,31,0
3155,31.550190887,66.591000000,100,1410,1215,30,0
3156,31.560189777,66.591000000,100,1410,1215,30,0
3157,31.570189389,66.591000000,100,1410,1215,30,0
3158,31.580188740,66.591000000,100,1410,1215,30,0
3159,31.590196226,66.591000000,100,1410,1215,30,0
3160,31.600190418,66.591000000,100,1410,1215,30,0
3161,31.610189348,66.591000000,100,1410,1215,30,0
3162,31.620190803,66.591000000,100,1410,1215,30,0
3163,31.630190555,66.591000000,100,1410,1215,30,0
3164,31.640191790,66.591000000,100,1410,1215,30,0
3165,31.650191362,66.670000000,100,1410,1215,30,0
3166,31.660190002,66.670000000,100,1410,1215,30,0
3167,31.670190625,66.670000000,100,1410,1215,30,0
3168,31.680190197,66.670000000,100,1410,1215,30,0
3169,31.690193756,66.670000000,100,1410,1215,30,0
3170,31.700190142,66.670000000,100,1410,1215,30,0
3171,31.710189934,66.670000000,100,1410,1215,30,0
3172,31.720191028,66.670000000,100,1410,1215,30,0
3173,31.730190179,66.670000000,100,1410,1215,30,0
3174,31.740190683,66.670000000,100,1410,1215,30,0
3175,31.750191126,66.678000000,100,1410,1215,31,0
3176,31.760190327,66.678000000,100,1410,1215,31,0
3177,31.770193766,66.678000000,100,1410,1215,31,0
3178,31.780190452,66.678000000,100,1410,1215,31,0
3179,31.790190084,66.678000000,100,1410,1215,31,0
3180,31.800190537,66.678000000,100,1410,1215,31,0
3181,31.810194827,66.678000000,100,1410,1215,31,0
3182,31.820191644,66.678000000,100,1410,1215,31,0
3183,31.830189963,66.678000000,100,1410,1215,31,0
3184,31.840190196,66.678000000,100,1410,1215,31,0
3185,31.850191581,66.567000000,100,1410,1215,31,0
3186,31.860189900,66.567000000,100,1410,1215,31,0
3187,31.870190764,66.567000000,100,1410,1215,31,0
3188,31.880189765,66.567000000,100,1410,1215,31,0
3189,31.890190248,66.567000000,100,1410,1215,31,0
3190,31.900193918,66.567000000,100,1410,1215,31,0
3191,31.910190383,66.567000000,100,1410,1215,31,0
3192,31.920190105,66.567000000,100,1410,1215,31,0
3193,31.930190519,66.567000000,100,1410,1215,31,0
3194,31.940190501,66.567000000,100,1410,1215,31,0
3195,31.950190654,66.469000000,100,1410,1215,30,0
3196,31.960189344,66.469000000,100,1410,1215,30,0
3197,31.970189516,66.469000000,100,1410,1215,30,0
3198,31.980189499,66.469000000,100,1410,1215,30,0
3199,31.990189802,66.469000000,100,1410,1215,30,0
3200,32.000189834,66.469000000,100,1410,1215,30,0
3201,32.010189566,66.469000000,100,1410,1215,30,0
3202,32.020190029,66.469000000,100,1410,1215,30,0
3203,32.030190383,66.469000000,100,1410,1215,30,0
3204,32.040190986,66.469000000,100,1410,1215,30,0
3205,32.050191460,66.463000000,100,1410,1215,31,0
3206,32.060190029,66.463000000,100,1410,1215,31,0
3207,32.070189962,66.463000000,100,1410,1215,31,0
3208,32.080189734,66.463000000,100,1410,1215,31,0
3209,32.090190538,66.463000000,100,1410,1215,31,0
3210,32.100189839,66.463000000,100,1410,1215,31,0
3211,32.110189921,66.463000000,100,1410,1215,31,0
3212,32.120190585,66.463000000,100,1410,1215,31,0
3213,32.130189706,66.463000000,100,1410,1215,31,0
3214,32.140194187,66.463000000,100,1410,1215,31,0
3215,32.150191584,66.658000000,100,1410,1215,31,0
3216,32.160188842,66.658000000,100,1410,1215,31,0
3217,32.170189455,66.658000000,100,1410,1215,31,0
3218,32.180189458,66.658000000,100,1410,1215,31,0
3219,32.190194529,66.658000000,100,1410,1215,31,0
3220,32.200194161,66.658000000,100,1410,1215,31,0
3221,32.210189836,66.658000000,100,1410,1215,31,0
3222,32.220190519,66.658000000,100,1410,1215,31,0
3223,32.230190121,66.658000000,100,1410,1215,31,0
3224,32.240195203,66.658000000,100,1410,1215,31,0
3225,32.250190587,66.572000000,100,1410,1215,31,0
3226,32.260190349,66.572000000,100,1410,1215,31,0
3227,32.270189620,66.572000000,100,1410,1215,31,0
3228,32.280190344,66.572000000,100,1410,1215,31,0
3229,32.290189765,66.572000000,100,1410,1215,31,0
3230,32.300194035,66.572000000,100,1410,1215,31,0
3231,32.310190591,66.572000000,100,1410,1215,31,0
3232,32.320194802,66.572000000,100,1410,1215,31,0
3233,32.330190316,66.572000000,100,1410,1215,31,0
3234,32.340193765,66.572000000,100,1410,1215,31,0
3235,32.350190751,66.689000000,100,1410,1215,31,0
3236,32.360189211,66.689000000,100,1410,1215,31,0
3237,32.370190646,66.689000000,100,1410,1215,31,0
3238,32.380189977,66.689000000,100,1410,1215,31,0
3239,32.390190230,66.689000000,100,1410,1215,31,0
3240,32.400193509,66.689000000,100,1410,1215,31,0
3241,32.410190906,66.689000000,100,1410,1215,31,0
3242,32.420190788,66.689000000,100,1410,1215,31,0
3243,32.430190130,66.689000000,100,1410,1215,31,0
3244,32.440195312,66.689000000,100,1410,1215,31,0
3245,32.450191838,66.580000000,100,1410,1215,31,0
3246,32.460193744,66.580000000,100,1410,1215,31,0
3247,32.470190210,66.580000000,100,1410,1215,31,0
3248,32.480189811,66.580000000,100,1410,1215,31,0
3249,32.490189463,66.580000000,100,1410,1215,31,0
3250,32.500190057,66.580000000,100,1410,1215,31,0
3251,32.510190570,66.580000000,100,1410,1215,31,0
3252,32.520190943,66.580000000,100,1410,1215,31,0
3253,32.530190695,66.580000000,100,1410,1215,31,0
3254,32.540194936,66.580000000,100,1410,1215,31,0
3255,32.550190329,66.677000000,100,1410,1215,31,0
3256,32.560190752,66.677000000,100,1410,1215,31,0
3257,32.570189493,66.677000000,100,1410,1215,31,0
3258,32.580189675,66.677000000,100,1410,1215,31,0
3259,32.590189598,66.677000000,100,1410,1215,31,0
3260,32.600189530,66.677000000,100,1410,1215,31,0
3261,32.610190374,66.677000000,100,1410,1215,31,0
3262,32.620190046,66.677000000,100,1410,1215,31,0
3263,32.630189778,66.677000000,100,1410,1215,31,0
3264,32.640194229,66.677000000,100,1410,1215,31,0
3265,32.650191125,66.475000000,100,1410,1215,31,0
3266,32.660193382,66.475000000,100,1410,1215,31,0
3267,32.670190749,66.475000000,100,1410,1215,31,0
3268,32.680193537,66.475000000,100,1410,1215,31,0
3269,32.690190524,66.475000000,100,1410,1215,31,0
3270,32.700193883,66.475000000,100,1410,1215,31,0
3271,32.710190188,66.475000000,100,1410,1215,31,0
3272,32.720189830,66.475000000,100,1410,1215,31,0
3273,32.730190604,66.475000000,100,1410,1215,31,0
3274,32.740194784,66.475000000,100,1410,1215,31,0
3275,32.750191440,66.669000000,100,1410,1215,31,0
3276,32.760190200,66.669000000,100,1410,1215,31,0
3277,32.770190403,66.669000000,100,1410,1215,31,0
3278,32.780194032,66.669000000,100,1410,1215,31,0
3279,32.790189396,66.669000000,100,1410,1215,31,0
3280,32.800190691,66.669000000,100,1410,1215,31,0
3281,32.810190052,66.669000000,100,1410,1215,31,0
3282,32.820194553,66.669000000,100,1410,1215,31,0
3283,32.830189837,66.669000000,100,1410,1215,31,0
3284,32.840190340,66.669000000,100,1410,1215,31,0
3285,32.850191705,66.689000000,100,1410,1215,31,0
3286,32.860194763,66.689000000,100,1410,1215,31,0
3287,32.870190568,66.689000000,100,1410,1215,31,0
3288,32.880193375,66.689000000,100,1410,1215,31,0
3289,32.890190833,66.689000000,100,1410,1215,31,0
3290,32.900190184,66.689000000,100,1410,1215,31,0
3291,32.910190377,66.689000000,100,1410,1215,31,0
3292,32.920190840,66.689000000,100,1410,1215,31,0
3293,32.930190572,66.689000000,100,1410,1215,31,0
3294,32.940194452,66.689000000,100,1410,1215,31,0
3295,32.950192050,66.669000000,100,1410,1215,31,0
3296,32.960189728,66.669000000,100,1410,1215,31,0
3297,32.970190011,66.669000000,100,1410,1215,31,0
3298,32.980188831,66.669000000,100,1410,1215,31,0
3299,32.990190096,66.669000000,100,1410,1215,31,0
3300,33.000189087,66.669000000,100,1410,1215,31,0
3301,33.010189019,66.669000000,100,1410,1215,31,0
3302,33.020190674,66.669000000,100,1410,1215,31,0
3303,33.030191058,66.669000000,100,1410,1215,31,0
3304,33.040194717,66.669000000,100,1410,1215,31,0
3305,33.050190782,66.786000000,100,1410,1215,31,0
3306,33.060189662,66.786000000,100,1410,1215,31,0
3307,33.070189845,66.786000000,100,1410,1215,31,0
3308,33.080190138,66.786000000,100,1410,1215,31,0
3309,33.090189399,66.786000000,100,1410,1215,31,0
3310,33.100190744,66.786000000,100,1410,1215,31,0
3311,33.110194273,66.786000000,100,1410,1215,31,0
3312,33.120190448,66.786000000,100,1410,1215,31,0
3313,33.130190611,66.786000000,100,1410,1215,31,0
3314,33.140191124,66.786000000,100,1410,1215,31,0
3315,33.150191167,66.689000000,100,1410,1215,31,0
3316,33.160189717,66.689000000,100,1410,1215,31,0
3317,33.170190330,66.689000000,100,1410,1215,31,0
3318,33.180193569,66.689000000,100,1410,1215,31,0
3319,33.190190425,66.689000000,100,1410,1215,31,0
3320,33.200189506,66.689000000,100,1410,1215,31,0
3321,33.210190139,66.689000000,100,1410,1215,31,0
3322,33.220190082,66.689000000,100,1410,1215,31,0
3323,33.230190425,66.689000000,100,1410,1215,31,0
3324,33.240189967,66.689000000,100,1410,1215,31,0
3325,33.250191251,66.659000000,100,1410,1215,31,0
3326,33.260193047,66.659000000,100,1410,1215,31,0
3327,33.270191146,66.659000000,100,1410,1215,31,0
3328,33.280194214,66.659000000,100,1410,1215,31,0
3329,33.290189768,66.659000000,100,1410,1215,31,0
3330,33.300189731,66.659000000,100,1410,1215,31,0
3331,33.310193420,66.659000000,100,1410,1215,31,0
3332,33.320190517,66.659000000,100,1410,1215,31,0
3333,33.330190279,66.659000000,100,1410,1215,31,0
3334,33.340191053,66.659000000,100,1410,1215,31,0
3335,33.350190715,66.475000000,100,1410,1215,31,0
3336,33.360194785,66.475000000,100,1410,1215,31,0
3337,33.370189487,66.475000000,100,1410,1215,31,0
3338,33.380189951,66.475000000,100,1410,1215,31,0
3339,33.390191285,66.475000000,100,1410,1215,31,0
3340,33.400190747,66.475000000,100,1410,1215,31,0
3341,33.410189647,66.475000000,100,1410,1215,31,0
3342,33.420190591,66.475000000,100,1410,1215,31,0
3343,33.430189402,66.475000000,100,1410,1215,31,0
3344,33.440190446,66.475000000,100,1410,1215,31,0
3345,33.450191641,66.591000000,100,1410,1215,31,0
3346,33.460189419,66.591000000,100,1410,1215,31,0
3347,33.470190543,66.591000000,100,1410,1215,31,0
3348,33.480189534,66.591000000,100,1410,1215,31,0
3349,33.490190679,66.591000000,100,1410,1215,31,0
3350,33.500189569,66.591000000,100,1410,1215,31,0
3351,33.510190333,66.591000000,100,1410,1215,31,0
3352,33.520190686,66.591000000,100,1410,1215,31,0
3353,33.530190258,66.591000000,100,1410,1215,31,0
3354,33.540191252,66.591000000,100,1410,1215,31,0
3355,33.550191435,66.708000000,100,1410,1215,31,0
3356,33.560190004,66.708000000,100,1410,1215,31,0
3357,33.570190608,66.708000000,100,1410,1215,31,0
3358,33.580194257,66.708000000,100,1410,1215,31,0
3359,33.590190092,66.708000000,100,1410,1215,31,0
3360,33.600190485,66.708000000,100,1410,1215,31,0
3361,33.610190277,66.708000000,100,1410,1215,31,0
3362,33.620190540,66.708000000,100,1410,1215,31,0
3363,33.630190011,66.708000000,100,1410,1215,31,0
3364,33.640190525,66.708000000,100,1410,1215,31,0
3365,33.650191008,66.767000000,100,1410,1215,31,0
3366,33.660189688,66.767000000,100,1410,1215,31,0
3367,33.670194109,66.767000000,100,1410,1215,31,0
3368,33.680190144,66.767000000,100,1410,1215,31,0
3369,33.690190096,66.767000000,100,1410,1215,31,0
3370,33.700193715,66.767000000,100,1410,1215,31,0
3371,33.710189921,66.767000000,100,1410,1215,31,0
3372,33.720190164,66.767000000,100,1410,1215,31,0
3373,33.730189845,66.767000000,100,1410,1215,31,0
3374,33.740194246,66.767000000,100,1410,1215,31,0
3375,33.750190882,66.475000000,100,1410,1215,31,0
3376,33.760189813,66.475000000,100,1410,1215,31,0
3377,33.770190156,66.475000000,100,1410,1215,31,0
3378,33.780189246,66.475000000,100,1410,1215,31,0
3379,33.790190591,66.475000000,100,1410,1215,31,0
3380,33.800189612,66.475000000,100,1410,1215,31,0
3381,33.810190195,66.475000000,100,1410,1215,31,0
3382,33.820190849,66.475000000,100,1410,1215,31,0
3383,33.830189950,66.475000000,100,1410,1215,31,0
3384,33.840190654,66.475000000,100,1410,1215,31,0
3385,33.850192229,66.670000000,100,1410,1215,31,0
3386,33.860194055,66.670000000,100,1410,1215,31,0
3387,33.870190110,66.670000000,100,1410,1215,31,0
3388,33.880189401,66.670000000,100,1410,1215,31,0
3389,33.890190586,66.670000000,100,1410,1215,31,0
3390,33.900193964,66.670000000,100,1410,1215,31,0
3391,33.910190029,66.670000000,100,1410,1215,31,0
3392,33.920191384,66.670000000,100,1410,1215,31,0
3393,33.930189353,66.670000000,100,1410,1215,31,0
3394,33.940190888,66.670000000,100,1410,1215,31,0
3395,33.950190500,66.572000000,100,1410,1215,31,0
3396,33.960189290,66.572000000,100,1410,1215,31,0
3397,33.970189703,66.572000000,100,1410,1215,31,0
3398,33.980189385,66.572000000,100,1410,1215,31,0
3399,33.990189929,66.572000000,100,1410,1215,31,0
3400,34.000189190,66.572000000,100,1410,1215,31,0
3401,34.010190464,66.572000000,100,1410,1215,31,0
3402,34.020189505,66.572000000,100,1410,1215,31,0
3403,34.030189598,66.572000000,100,1410,1215,31,0
3404,34.040189780,66.572000000,100,1410,1215,31,0
3405,34.050191286,66.384000000,100,1410,1215,31,0
3406,34.060189294,66.384000000,100,1410,1215,31,0
3407,34.070190379,66.384000000,100,1410,1215,31,0
3408,34.080190652,66.384000000,100,1410,1215,31,0
3409,34.090190885,66.384000000,100,1410,1215,31,0
3410,34.100194023,66.384000000,100,1410,1215,31,0
3411,34.110190799,66.384000000,100,1410,1215,31,0
3412,34.120190762,66.384000000,100,1410,1215,31,0
3413,34.130190874,66.384000000,100,1410,1215,31,0
3414,34.140190546,66.384000000,100,1410,1215,31,0
3415,34.150190969,66.591000000,100,1410,1215,31,0
3416,34.160190270,66.591000000,100,1410,1215,31,0
3417,34.170190543,66.591000000,100,1410,1215,31,0
3418,34.180190105,66.591000000,100,1410,1215,31,0
3419,34.190190528,66.591000000,100,1410,1215,31,0
3420,34.200190090,66.591000000,100,1410,1215,31,0
3421,34.210189521,66.591000000,100,1410,1215,31,0
3422,34.220190656,66.591000000,100,1410,1215,31,0
3423,34.230189796,66.591000000,100,1410,1215,31,0
3424,34.240194127,66.591000000,100,1410,1215,31,0
3425,34.250192096,66.689000000,100,1410,1215,31,0
3426,34.260190245,66.689000000,100,1410,1215,31,0
3427,34.270194214,66.689000000,100,1410,1215,31,0
3428,34.280194327,66.689000000,100,1410,1215,31,0
3429,34.290190833,66.689000000,100,1410,1215,31,0
3430,34.300194392,66.689000000,100,1410,1215,31,0
3431,34.310190818,66.689000000,100,1410,1215,31,0
3432,34.320189989,66.689000000,100,1410,1215,31,0
3433,34.330191033,66.689000000,100,1410,1215,31,0
3434,34.340190825,66.689000000,100,1410,1215,31,0
3435,34.350191749,66.572000000,100,1410,1215,31,0
3436,34.360190810,66.572000000,100,1410,1215,31,0
3437,34.370190452,66.572000000,100,1410,1215,31,0
3438,34.380193650,66.572000000,100,1410,1215,31,0
3439,34.390192440,66.572000000,100,1410,1215,31,0
3440,34.400189938,66.572000000,100,1410,1215,31,0
3441,34.410192165,66.572000000,100,1410,1215,31,0
3442,34.420191876,66.572000000,100,1410,1215,31,0
3443,34.430189785,66.572000000,100,1410,1215,31,0
3444,34.440189457,66.572000000,100,1410,1215,31,0
3445,34.450189970,66.372000000,100,1410,1215,31,0
3446,34.460189402,66.372000000,100,1410,1215,31,0
3447,34.470188763,66.372000000,100,1410,1215,31,0
3448,34.480190308,66.372000000,100,1410,1215,31,0
3449,34.490189399,66.372000000,100,1410,1215,31,0
3450,34.500189010,66.372000000,100,1410,1215,31,0
3451,34.510189564,66.372000000,100,1410,1215,31,0
3452,34.520190117,66.372000000,100,1410,1215,31,0
3453,34.530189789,66.372000000,100,1410,1215,31,0
3454,34.540189571,66.372000000,100,1410,1215,31,0
3455,34.550195325,66.670000000,100,1410,1215,31,0
3456,34.560190077,66.670000000,100,1410,1215,31,0
3457,34.570190160,66.670000000,100,1410,1215,31,0
3458,34.580189371,66.670000000,100,1410,1215,31,0
3459,34.590189954,66.670000000,100,1410,1215,31,0
3460,34.600189746,66.670000000,100,1410,1215,31,0
3461,34.610190550,66.670000000,100,1410,1215,31,0
3462,34.620190903,66.670000000,100,1410,1215,31,0
3463,34.630190034,66.670000000,100,1410,1215,31,0
3464,34.640190157,66.670000000,100,1410,1215,31,0
3465,34.650191241,66.463000000,100,1410,1215,31,0
3466,34.660193638,66.463000000,100,1410,1215,31,0
3467,34.670190014,66.463000000,100,1410,1215,31,0
3468,34.680194154,66.463000000,100,1410,1215,31,0
3469,34.690190329,66.463000000,100,1410,1215,31,0
3470,34.700189851,66.463000000,100,1410,1215,31,0
3471,34.710190234,66.463000000,100,1410,1215,31,0
3472,34.720190336,66.463000000,100,1410,1215,31,0
3473,34.730190128,66.463000000,100,1410,1215,31,0
3474,34.740190361,66.463000000,100,1410,1215,31,0
3475,34.750191035,66.354000000,100,1410,1215,31,0
3476,34.760189284,66.354000000,100,1410,1215,31,0
3477,34.770190088,66.354000000,100,1410,1215,31,0
3478,34.780189619,66.354000000,100,1410,1215,31,0
3479,34.790193780,66.354000000,100,1410,1215,31,0
3480,34.800193902,66.354000000,100,1410,1215,31,0
3481,34.810192232,66.354000000,100,1410,1215,31,0
3482,34.820189579,66.354000000,100,1410,1215,31,0
3483,34.830189401,66.354000000,100,1410,1215,31,0
3484,34.840190235,66.354000000,100,1410,1215,31,0
3485,34.850190598,66.689000000,100,1410,1215,31,0
3486,34.860193366,66.689000000,100,1410,1215,31,0
3487,34.870190363,66.689000000,100,1410,1215,31,0
3488,34.880192749,66.689000000,100,1410,1215,31,0
3489,34.890190127,66.689000000,100,1410,1215,31,0
3490,34.900189378,66.689000000,100,1410,1215,31,0
3491,34.910190032,66.689000000,100,1410,1215,31,0
3492,34.920189223,66.689000000,100,1410,1215,31,0
3493,34.930189566,66.689000000,100,1410,1215,31,0
3494,34.940190780,66.689000000,100,1410,1215,31,0
3495,34.950189871,66.781000000,100,1410,1215,31,0
3496,34.960189573,66.781000000,100,1410,1215,31,0
3497,34.970189104,66.781000000,100,1410,1215,31,0
3498,34.980190620,66.781000000,100,1410,1215,31,0
3499,34.990189881,66.781000000,100,1410,1215,31,0
3500,35.000189412,66.781000000,100,1410,1215,31,0
3501,35.010189084,66.781000000,100,1410,1215,31,0
3502,35.020189858,66.781000000,100,1410,1215,31,0
3503,35.030188959,66.781000000,100,1410,1215,31,0
3504,35.040189813,66.781000000,100,1410,1215,31,0
3505,35.050190526,66.567000000,100,1410,1215,31,0
3506,35.060189757,66.567000000,100,1410,1215,31,0
3507,35.070190331,66.567000000,100,1410,1215,31,0
3508,35.080189712,66.567000000,100,1410,1215,31,0
3509,35.090190526,66.567000000,100,1410,1215,31,0
3510,35.100193574,66.567000000,100,1410,1215,31,0
3511,35.110189990,66.567000000,100,1410,1215,31,0
3512,35.120191926,66.567000000,100,1410,1215,31,0
3513,35.130190215,66.567000000,100,1410,1215,31,0
3514,35.140194666,66.567000000,100,1410,1215,31,0
3515,35.150191282,66.568000000,100,1410,1215,31,0
3516,35.160189060,66.568000000,100,1410,1215,31,0
3517,35.170189974,66.568000000,100,1410,1215,31,0
3518,35.180190067,66.568000000,100,1410,1215,31,0
3519,35.190189599,66.568000000,100,1410,1215,31,0
3520,35.200189641,66.568000000,100,1410,1215,31,0
3521,35.210190645,66.568000000,100,1410,1215,31,0
3522,35.220190658,66.568000000,100,1410,1215,31,0
3523,35.230194117,66.568000000,100,1410,1215,31,0
3524,35.240194710,66.568000000,100,1410,1215,31,0
3525,35.250190585,66.689000000,100,1410,1215,31,0
3526,35.260190788,66.689000000,100,1410,1215,31,0
3527,35.270190199,66.689000000,100,1410,1215,31,0
3528,35.280189771,66.689000000,100,1410,1215,31,0
3529,35.290190094,66.689000000,100,1410,1215,31,0
3530,35.300190096,66.689000000,100,1410,1215,31,0
3531,35.310189888,66.689000000,100,1410,1215,31,0
3532,35.320190031,66.689000000,100,1410,1215,31,0
3533,35.330190464,66.689000000,100,1410,1215,31,0
3534,35.340191138,66.689000000,100,1410,1215,31,0
3535,35.350195558,66.463000000,100,1410,1215,31,0
3536,35.360190110,66.463000000,100,1410,1215,31,0
3537,35.370190213,66.463000000,100,1410,1215,31,0
3538,35.380190356,66.463000000,100,1410,1215,31,0
3539,35.390190529,66.463000000,100,1410,1215,31,0
3540,35.400190401,66.463000000,100,1410,1215,31,0
3541,35.410190664,66.463000000,100,1410,1215,31,0
3542,35.420190466,66.463000000,100,1410,1215,31,0
3543,35.430190829,66.463000000,100,1410,1215,31,0
3544,35.440191012,66.463000000,100,1410,1215,31,0
3545,35.450191405,66.581000000,100,1410,1215,31,0
3546,35.460191016,66.581000000,100,1410,1215,31,0
3547,35.470190428,66.581000000,100,1410,1215,31,0
3548,35.480190130,66.581000000,100,1410,1215,31,0
3549,35.490190382,66.581000000,100,1410,1215,31,0
3550,35.500190505,66.581000000,100,1410,1215,31,0
3551,35.510189666,66.581000000,100,1410,1215,31,0
3552,35.520191672,66.581000000,100,1410,1215,31,0
3553,35.530191244,66.581000000,100,1410,1215,31,0
3554,35.540195344,66.581000000,100,1410,1215,31,0
3555,35.550195687,66.683000000,100,1410,1215,31,0
3556,35.560190229,66.683000000,100,1410,1215,31,0
3557,35.570188899,66.683000000,100,1410,1215,31,0
3558,35.580190164,66.683000000,100,1410,1215,31,0
3559,35.590190176,66.683000000,100,1410,1215,31,0
3560,35.600194006,66.683000000,100,1410,1215,31,0
3561,35.610190041,66.683000000,100,1410,1215,31,0
3562,35.620190935,66.683000000,100,1410,1215,31,0
3563,35.630190497,66.683000000,100,1410,1215,31,0
3564,35.640194406,66.683000000,100,1410,1215,31,0
3565,35.650191323,66.689000000,100,1410,1215,31,0
3566,35.660190123,66.689000000,100,1410,1215,31,0
3567,35.670189995,66.689000000,100,1410,1215,31,0
3568,35.680190459,66.689000000,100,1410,1215,31,0
3569,35.690190361,66.689000000,100,1410,1215,31,0
3570,35.700189842,66.689000000,100,1410,1215,31,0
3571,35.710190235,66.689000000,100,1410,1215,31,0
3572,35.720191270,66.689000000,100,1410,1215,31,0
3573,35.730189920,66.689000000,100,1410,1215,31,0
3574,35.740190864,66.689000000,100,1410,1215,31,0
3575,35.750191898,66.678000000,100,1410,1215,31,0
3576,35.760190288,66.678000000,100,1410,1215,31,0
3577,35.770190971,66.678000000,100,1410,1215,31,0
3578,35.780189942,66.678000000,100,1410,1215,31,0
3579,35.790189664,66.678000000,100,1410,1215,31,0
3580,35.800189726,66.678000000,100,1410,1215,31,0
3581,35.810193686,66.678000000,100,1410,1215,31,0
3582,35.820190573,66.678000000,100,1410,1215,31,0
3583,35.830189814,66.678000000,100,1410,1215,31,0
3584,35.840190417,66.678000000,100,1410,1215,31,0
3585,35.850190800,66.572000000,100,1410,1215,31,0
3586,35.860189731,66.572000000,100,1410,1215,31,0
3587,35.870190364,66.572000000,100,1410,1215,31,0
3588,35.880193132,66.572000000,100,1410,1215,31,0
3589,35.890190028,66.572000000,100,1410,1215,31,0
3590,35.900190351,66.572000000,100,1410,1215,31,0
3591,35.910190324,66.572000000,100,1410,1215,31,0
3592,35.920190446,66.572000000,100,1410,1215,31,0
3593,35.930190679,66.572000000,100,1410,1215,31,0
3594,35.940190231,66.572000000,100,1410,1215,31,0
3595,35.950191315,66.591000000,100,1410,1215,31,0
3596,35.960190155,66.591000000,100,1410,1215,31,0
3597,35.970190408,66.591000000,100,1410,1215,31,0
3598,35.980189489,66.591000000,100,1410,1215,31,0
3599,35.990190413,66.591000000,100,1410,1215,31,0
3600,36.000190115,66.591000000,100,1410,1215,31,0
3601,36.010189346,66.591000000,100,1410,1215,31,0
3602,36.020190761,66.591000000,100,1410,1215,31,0
3603,36.030189702,66.591000000,100,1410,1215,31,0
3604,36.040191167,66.591000000,100,1410,1215,31,0
3605,36.050192301,66.678000000,100,1410,1215,31,0
3606,36.060191342,66.678000000,100,1410,1215,31,0
3607,36.070194250,66.678000000,100,1410,1215,31,0
3608,36.080190505,66.678000000,100,1410,1215,31,0
3609,36.090189736,66.678000000,100,1410,1215,31,0
3610,36.100190009,66.678000000,100,1410,1215,31,0
3611,36.110190122,66.678000000,100,1410,1215,31,0
3612,36.120190555,66.678000000,100,1410,1215,31,0
3613,36.130193773,66.678000000,100,1410,1215,31,0
3614,36.140190139,66.678000000,100,1410,1215,31,0
3615,36.150190903,66.787000000,100,1410,1215,31,0
3616,36.160189743,66.787000000,100,1410,1215,31,0
3617,36.170189755,66.787000000,100,1410,1215,31,0
3618,36.180189828,66.787000000,100,1410,1215,31,0
3619,36.190190512,66.787000000,100,1410,1215,31,0
3620,36.200190484,66.787000000,100,1410,1215,31,0
3621,36.210211346,66.787000000,100,1410,1215,31,0
3622,36.220190469,66.787000000,100,1410,1215,31,0
3623,36.230190641,66.787000000,100,1410,1215,31,0
3624,36.240190213,66.787000000,100,1410,1215,31,0
3625,36.250191268,66.688000000,100,1410,1215,31,0
3626,36.260189647,66.688000000,100,1410,1215,31,0
3627,36.270190150,66.688000000,100,1410,1215,31,0
3628,36.280190353,66.688000000,100,1410,1215,31,0
3629,36.290189343,66.688000000,100,1410,1215,31,0
3630,36.300190047,66.688000000,100,1410,1215,31,0
3631,36.310189949,66.688000000,100,1410,1215,31,0
3632,36.320191134,66.688000000,100,1410,1215,31,0
3633,36.330194062,66.688000000,100,1410,1215,31,0
3634,36.340191620,66.688000000,100,1410,1215,31,0
3635,36.350191091,66.689000000,100,1410,1215,31,0
3636,36.360190473,66.689000000,100,1410,1215,31,0
3637,36.370194122,66.689000000,100,1410,1215,31,0
3638,36.380190397,66.689000000,100,1410,1215,31,0
3639,36.390190159,66.689000000,100,1410,1215,31,0
3640,36.400190552,66.689000000,100,1410,1215,31,0
3641,36.410190805,66.689000000,100,1410,1215,31,0
3642,36.420190768,66.689000000,100,1410,1215,31,0
3643,36.430189688,66.689000000,100,1410,1215,31,0
3644,36.440190492,66.689000000,100,1410,1215,31,0
3645,36.450191356,66.677000000,100,1410,1215,31,0
3646,36.460190316,66.677000000,100,1410,1215,31,0
3647,36.470191080,66.677000000,100,1410,1215,31,0
3648,36.480189800,66.677000000,100,1410,1215,31,0
3649,36.490190484,66.677000000,100,1410,1215,31,0
3650,36.500190757,66.677000000,100,1410,1215,31,0
3651,36.510190519,66.677000000,100,1410,1215,31,0
3652,36.520194940,66.677000000,100,1410,1215,31,0
3653,36.530190864,66.677000000,100,1410,1215,31,0
3654,36.540190666,66.677000000,100,1410,1215,31,0
3655,36.550191560,66.688000000,100,1410,1215,31,0
3656,36.560190451,66.688000000,100,1410,1215,31,0
3657,36.570190934,66.688000000,100,1410,1215,31,0
3658,36.580190956,66.688000000,100,1410,1215,31,0
3659,36.590190097,66.688000000,100,1410,1215,31,0
3660,36.600190180,66.688000000,100,1410,1215,31,0
3661,36.610190012,66.688000000,100,1410,1215,31,0
3662,36.620190676,66.688000000,100,1410,1215,31,0
3663,36.630189105,66.688000000,100,1410,1215,31,0
3664,36.640190650,66.688000000,100,1410,1215,31,0
3665,36.650191404,66.877000000,100,1410,1215,31,0
3666,36.660189473,66.877000000,100,1410,1215,31,0
3667,36.670189225,66.877000000,100,1410,1215,31,0
3668,36.680194187,66.877000000,100,1410,1215,31,0
3669,36.690189931,66.877000000,100,1410,1215,31,0
3670,36.700189262,66.877000000,100,1410,1215,31,0
3671,36.710189635,66.877000000,100,1410,1215,31,0
3672,36.720190579,66.877000000,100,1410,1215,31,0
3673,36.730190582,66.877000000,100,1410,1215,31,0
3674,36.740190674,66.877000000,100,1410,1215,31,0
3675,36.750190857,66.786000000,100,1410,1215,31,0
3676,36.760190078,66.786000000,100,1410,1215,31,0
3677,36.770189620,66.786000000,100,1410,1215,31,0
3678,36.780189402,66.786000000,100,1410,1215,31,0
3679,36.790190115,66.786000000,100,1410,1215,31,0
3680,36.800190128,66.786000000,100,1410,1215,31,0
3681,36.810190331,66.786000000,100,1410,1215,31,0
3682,36.820190574,66.786000000,100,1410,1215,31,0
3683,36.830189544,66.786000000,100,1410,1215,31,0
3684,36.840190498,66.786000000,100,1410,1215,31,0
3685,36.850190951,66.689000000,100,1410,1215,31,0
3686,36.860190473,66.689000000,100,1410,1215,31,0
3687,36.870189744,66.689000000,100,1410,1215,31,0
3688,36.880189756,66.689000000,100,1410,1215,31,0
3689,36.890189408,66.689000000,100,1410,1215,31,0
3690,36.900189671,66.689000000,100,1410,1215,31,0
3691,36.910189744,66.689000000,100,1410,1215,31,0
3692,36.920191129,66.689000000,100,1410,1215,31,0
3693,36.930189859,66.689000000,100,1410,1215,31,0
3694,36.940189811,66.689000000,100,1410,1215,31,0
3695,36.950191517,66.688000000,100,1410,1215,31,0
3696,36.960189515,66.688000000,100,1410,1215,31,0
3697,36.970190680,66.688000000,100,1410,1215,31,0
3698,36.980188959,66.688000000,100,1410,1215,31,0
3699,36.990189552,66.688000000,100,1410,1215,31,0
3700,37.000188553,66.688000000,100,1410,1215,31,0
3701,37.010189447,66.688000000,100,1410,1215,31,0
3702,37.020189800,66.688000000,100,1410,1215,31,0
3703,37.030193600,66.688000000,100,1410,1215,31,0
3704,37.040194293,66.688000000,100,1410,1215,31,0
3705,37.050191230,66.669000000,100,1410,1215,31,0
3706,37.060188738,66.669000000,100,1410,1215,31,0
3707,37.070193549,66.669000000,100,1410,1215,31,0
3708,37.080190115,66.669000000,100,1410,1215,31,0
3709,37.090189767,66.669000000,100,1410,1215,31,0
3710,37.100189539,66.669000000,100,1410,1215,31,0
3711,37.110189872,66.669000000,100,1410,1215,31,0
3712,37.120194643,66.669000000,100,1410,1215,31,0
3713,37.130191780,66.669000000,100,1410,1215,31,0
3714,37.140190180,66.669000000,100,1410,1215,31,0
3715,37.150189731,66.592000000,100,1410,1215,31,0
3716,37.160189463,66.592000000,100,1410,1215,31,0
3717,37.170189075,66.592000000,100,1410,1215,31,0
3718,37.180189478,66.592000000,100,1410,1215,31,0
3719,37.190189150,66.592000000,100,1410,1215,31,0
3720,37.200189873,66.592000000,100,1410,1215,31,0
3721,37.210190086,66.592000000,100,1410,1215,31,0
3722,37.220190520,66.592000000,100,1410,1215,31,0
3723,37.230190542,66.592000000,100,1410,1215,31,0
3724,37.240190755,66.592000000,100,1410,1215,31,0
3725,37.250191278,66.688000000,100,1410,1215,31,0
3726,37.260193234,66.688000000,100,1410,1215,31,0
3727,37.270189931,66.688000000,100,1410,1215,31,0
3728,37.280192999,66.688000000,100,1410,1215,31,0
3729,37.290190587,66.688000000,100,1410,1215,31,0
3730,37.300189026,66.688000000,100,1410,1215,31,0
3731,37.310190371,66.688000000,100,1410,1215,31,0
3732,37.320189752,66.688000000,100,1410,1215,31,0
3733,37.330189795,66.688000000,100,1410,1215,31,0
3734,37.340193835,66.688000000,100,1410,1215,31,0
3735,37.350191603,66.799000000,100,1410,1215,31,0
3736,37.360189832,66.799000000,100,1410,1215,31,0
3737,37.370189834,66.799000000,100,1410,1215,31,0
3738,37.380189306,66.799000000,100,1410,1215,31,0
3739,37.390189809,66.799000000,100,1410,1215,31,0
3740,37.400189721,66.799000000,100,1410,1215,31,0
3741,37.410190405,66.799000000,100,1410,1215,31,0
3742,37.420190017,66.799000000,100,1410,1215,31,0
3743,37.430189518,66.799000000,100,1410,1215,31,0
3744,37.440190653,66.799000000,100,1410,1215,31,0
3745,37.450194472,66.689000000,100,1410,1215,31,0
3746,37.460190567,66.689000000,100,1410,1215,31,0
3747,37.470190229,66.689000000,100,1410,1215,31,0
3748,37.480190262,66.689000000,100,1410,1215,31,0
3749,37.490190154,66.689000000,100,1410,1215,31,0
3750,37.500188764,66.689000000,100,1410,1215,31,0
3751,37.510189868,66.689000000,100,1410,1215,31,0
3752,37.520190381,66.689000000,100,1410,1215,31,0
3753,37.530190294,66.689000000,100,1410,1215,31,0
3754,37.540194063,66.689000000,100,1410,1215,31,0
3755,37.550194747,66.572000000,100,1410,1215,31,0
3756,37.560194008,66.572000000,100,1410,1215,31,0
3757,37.570189752,66.572000000,100,1410,1215,31,0
3758,37.580188753,66.572000000,100,1410,1215,31,0
3759,37.590189707,66.572000000,100,1410,1215,31,0
3760,37.600190060,66.572000000,100,1410,1215,31,0
3761,37.610190533,66.572000000,100,1410,1215,31,0
3762,37.620190295,66.572000000,100,1410,1215,31,0
3763,37.630189737,66.572000000,100,1410,1215,31,0
3764,37.640190911,66.572000000,100,1410,1215,31,0
3765,37.650190874,66.591000000,100,1410,1215,31,0
3766,37.660190796,66.591000000,100,1410,1215,31,0
3767,37.670189907,66.591000000,100,1410,1215,31,0
3768,37.680189949,66.591000000,100,1410,1215,31,0
3769,37.690193759,66.591000000,100,1410,1215,31,0
3770,37.700189944,66.591000000,100,1410,1215,31,0
3771,37.710189716,66.591000000,100,1410,1215,31,0
3772,37.720190730,66.591000000,100,1410,1215,31,0
3773,37.730256766,66.591000000,100,1410,1215,31,0
3774,37.740190555,66.591000000,100,1410,1215,31,0
3775,37.750191699,66.781000000,100,1410,1215,31,0
3776,37.760194437,66.781000000,100,1410,1215,31,0
3777,37.770193678,66.781000000,100,1410,1215,31,0
3778,37.780189933,66.781000000,100,1410,1215,31,0
3779,37.790190286,66.781000000,100,1410,1215,31,0
3780,37.800189417,66.781000000,100,1410,1215,31,0
3781,37.810190621,66.781000000,100,1410,1215,31,0
3782,37.820190233,66.781000000,100,1410,1215,31,0
3783,37.830190065,66.781000000,100,1410,1215,31,0
3784,37.840189186,66.781000000,100,1410,1215,31,0
3785,37.850190601,66.689000000,100,1410,1215,31,0
3786,37.860192988,66.689000000,100,1410,1215,31,0
3787,37.870190295,66.689000000,100,1410,1215,31,0
3788,37.880193924,66.689000000,100,1410,1215,31,0
3789,37.890190060,66.689000000,100,1410,1215,31,0
3790,37.900192487,66.689000000,100,1410,1215,31,0
3791,37.910189784,66.689000000,100,1410,1215,31,0
3792,37.920190718,66.689000000,100,1410,1215,31,0
3793,37.930193536,66.689000000,100,1410,1215,31,0
3794,37.940189330,66.689000000,100,1410,1215,31,0
3795,37.950189964,66.767000000,100,1410,1215,31,0
3796,37.960189495,66.767000000,100,1410,1215,31,0
3797,37.970188806,66.767000000,100,1410,1215,31,0
3798,37.980189560,66.767000000,100,1410,1215,31,0
3799,37.990192999,66.767000000,100,1410,1215,31,0
3800,38.000189275,66.767000000,100,1410,1215,31,0
3801,38.010189407,66.767000000,100,1410,1215,31,0
3802,38.020189810,66.767000000,100,1410,1215,31,0
3803,38.030189682,66.767000000,100,1410,1215,31,0
3804,38.040190466,66.767000000,100,1410,1215,31,0
3805,38.050194817,66.786000000,100,1410,1215,31,0
3806,38.060190221,66.786000000,100,1410,1215,31,0
3807,38.070190504,66.786000000,100,1410,1215,31,0
3808,38.080190496,66.786000000,100,1410,1215,31,0
3809,38.090193855,66.786000000,100,1410,1215,31,0
3810,38.100193577,66.786000000,100,1410,1215,31,0
3811,38.110191455,66.786000000,100,1410,1215,31,0
3812,38.120190866,66.786000000,100,1410,1215,31,0
3813,38.130189917,66.786000000,100,1410,1215,31,0
3814,38.140190140,66.786000000,100,1410,1215,31,0
3815,38.150191735,66.567000000,100,1410,1215,31,0
3816,38.160190014,66.567000000,100,1410,1215,31,0
3817,38.170190137,66.567000000,100,1410,1215,31,0
3818,38.180191201,66.567000000,100,1410,1215,31,0
3819,38.190190412,66.567000000,100,1410,1215,31,0
3820,38.200189633,66.567000000,100,1410,1215,31,0
3821,38.210193122,66.567000000,100,1410,1215,31,0
3822,38.220191131,66.567000000,100,1410,1215,31,0
3823,38.230190392,66.567000000,100,1410,1215,31,0
3824,38.240190234,66.567000000,100,1410,1215,31,0
3825,38.250191509,66.372000000,100,1410,1215,31,0
3826,38.260190589,66.372000000,100,1410,1215,31,0
3827,38.270194198,66.372000000,100,1410,1215,31,0
3828,38.280189853,66.372000000,100,1410,1215,31,0
3829,38.290189935,66.372000000,100,1410,1215,31,0
3830,38.300189637,66.372000000,100,1410,1215,31,0
3831,38.310189930,66.372000000,100,1410,1215,31,0
3832,38.320191065,66.372000000,100,1410,1215,31,0
3833,38.330189975,66.372000000,100,1410,1215,31,0
3834,38.340190027,66.372000000,100,1410,1215,31,0
3835,38.350191002,66.669000000,100,1410,1215,31,0
3836,38.360190233,66.669000000,100,1410,1215,31,0
3837,38.370190275,66.669000000,100,1410,1215,31,0
3838,38.380189716,66.669000000,100,1410,1215,31,0
3839,38.390194037,66.669000000,100,1410,1215,31,0
3840,38.400194039,66.669000000,100,1410,1215,31,0
3841,38.410190405,66.669000000,100,1410,1215,31,0
3842,38.420190948,66.669000000,100,1410,1215,31,0
3843,38.430193886,66.669000000,100,1410,1215,31,0
3844,38.440189681,66.669000000,100,1410,1215,31,0
3845,38.450193360,66.463000000,100,1410,1215,31,0
3846,38.460191629,66.463000000,100,1410,1215,31,0
3847,38.470194677,66.463000000,100,1410,1215,31,0
3848,38.480191063,66.463000000,100,1410,1215,31,0
3849,38.490189022,66.463000000,100,1410,1215,31,0
3850,38.500190897,66.463000000,100,1410,1215,31,0
3851,38.510189838,66.463000000,100,1410,1215,31,0
3852,38.520191143,66.463000000,100,1410,1215,31,0
3853,38.530189582,66.463000000,100,1410,1215,31,0
3854,38.540190336,66.463000000,100,1410,1215,31,0
3855,38.550194957,66.591000000,100,1410,1215,31,0
3856,38.560190601,66.591000000,100,1410,1215,31,0
3857,38.570194551,66.591000000,100,1410,1215,31,0
3858,38.580190816,66.591000000,100,1410,1215,31,0
3859,38.590190017,66.591000000,100,1410,1215,31,0
3860,38.600189619,66.591000000,100,1410,1215,31,0
3861,38.610194280,66.591000000,100,1410,1215,31,0
3862,38.620190105,66.591000000,100,1410,1215,31,0
3863,38.630189736,66.591000000,100,1410,1215,31,0
3864,38.640189859,66.591000000,100,1410,1215,31,0
3865,38.650195632,66.688000000,100,1410,1215,31,0
3866,38.660189714,66.688000000,100,1410,1215,31,0
3867,38.670189586,66.688000000,100,1410,1215,31,0
3868,38.680194127,66.688000000,100,1410,1215,31,0
3869,38.690190672,66.688000000,100,1410,1215,31,0
3870,38.700193841,66.688000000,100,1410,1215,31,0
3871,38.710189816,66.688000000,100,1410,1215,31,0
3872,38.720190840,66.688000000,100,1410,1215,31,0
3873,38.730189690,66.688000000,100,1410,1215,31,0
3874,38.740194452,66.688000000,100,1410,1215,31,0
3875,38.750191178,66.689000000,100,1410,1215,31,0
3876,38.760189798,66.689000000,100,1410,1215,31,0
3877,38.770190321,66.689000000,100,1410,1215,31,0
3878,38.780190033,66.689000000,100,1410,1215,31,0
3879,38.790189033,66.689000000,100,1410,1215,31,0
3880,38.800190048,66.689000000,100,1410,1215,31,0
3881,38.810189339,66.689000000,100,1410,1215,31,0
3882,38.820189782,66.689000000,100,1410,1215,31,0
3883,38.830189253,66.689000000,100,1410,1215,31,0
3884,38.840191710,66.689000000,100,1410,1215,31,0
3885,38.850191332,66.469000000,100,1410,1215,31,0
3886,38.860190653,66.469000000,100,1410,1215,31,0
3887,38.870190305,66.469000000,100,1410,1215,31,0
3888,38.880194044,66.469000000,100,1410,1215,31,0
3889,38.890190700,66.469000000,100,1410,1215,31,0
3890,38.900190192,66.469000000,100,1410,1215,31,0
3891,38.910191557,66.469000000,100,1410,1215,31,0
3892,38.920189816,66.469000000,100,1410,1215,31,0
3893,38.930189828,66.469000000,100,1410,1215,31,0
3894,38.940189119,66.469000000,100,1410,1215,31,0
3895,38.950191356,66.494000000,100,1410,1215,31,0
3896,38.960189515,66.494000000,100,1410,1215,31,0
3897,38.970190449,66.494000000,100,1410,1215,31,0
3898,38.980189299,66.494000000,100,1410,1215,31,0
3899,38.990189893,66.494000000,100,1410,1215,31,0
3900,39.000189274,66.494000000,100,1410,1215,31,0
3901,39.010189366,66.494000000,100,1410,1215,31,0
3902,39.020194990,66.494000000,100,1410,1215,31,0
3903,39.030190944,66.494000000,100,1410,1215,31,0
3904,39.040189564,66.494000000,100,1410,1215,31,0
3905,39.050190699,66.688000000,100,1410,1215,31,0
3906,39.060189990,66.688000000,100,1410,1215,31,0
3907,39.070190172,66.688000000,100,1410,1215,31,0
3908,39.080189754,66.688000000,100,1410,1215,31,0
3909,39.090188975,66.688000000,100,1410,1215,31,0
3910,39.100190490,66.688000000,100,1410,1215,31,0
3911,39.110189821,66.688000000,100,1410,1215,31,0
3912,39.120194112,66.688000000,100,1410,1215,31,0
3913,39.130190147,66.688000000,100,1410,1215,31,0
3914,39.140189838,66.688000000,100,1410,1215,31,0
3915,39.150195992,66.767000000,100,1410,1215,31,0
3916,39.160191096,66.767000000,100,1410,1215,31,0
3917,39.170190687,66.767000000,100,1410,1215,31,0
3918,39.180189848,66.767000000,100,1410,1215,31,0
3919,39.190189790,66.767000000,100,1410,1215,31,0
3920,39.200188971,66.767000000,100,1410,1215,31,0
3921,39.210190697,66.767000000,100,1410,1215,31,0
3922,39.220190659,66.767000000,100,1410,1215,31,0
3923,39.230190571,66.767000000,100,1410,1215,31,0
3924,39.240189963,66.767000000,100,1410,1215,31,0
3925,39.250191087,66.670000000,100,1410,1215,31,0
3926,39.260189507,66.670000000,100,1410,1215,31,0
3927,39.270190130,66.670000000,100,1410,1215,31,0
3928,39.280194080,66.670000000,100,1410,1215,31,0
3929,39.290190425,66.670000000,100,1410,1215,31,0
3930,39.300190578,66.670000000,100,1410,1215,31,0
3931,39.310190901,66.670000000,100,1410,1215,31,0
3932,39.320190733,66.670000000,100,1410,1215,31,0
3933,39.330190315,66.670000000,100,1410,1215,31,0
3934,39.340190498,66.670000000,100,1410,1215,31,0
3935,39.350191091,66.670000000,100,1410,1215,31,0
3936,39.360190703,66.670000000,100,1410,1215,31,0
3937,39.370190485,66.670000000,100,1410,1215,31,0
3938,39.380190257,66.670000000,100,1410,1215,31,0
3939,39.390189948,66.670000000,100,1410,1215,31,0
3940,39.400188027,66.670000000,100,1410,1215,31,0
3941,39.410190965,66.670000000,100,1410,1215,31,0
3942,39.420195215,66.670000000,100,1410,1215,31,0
3943,39.430190409,66.670000000,100,1410,1215,31,0
3944,39.440189640,66.670000000,100,1410,1215,31,0
3945,39.450191045,66.658000000,100,1410,1215,31,0
3946,39.460189033,66.658000000,100,1410,1215,31,0
3947,39.470189998,66.658000000,100,1410,1215,31,0
3948,39.480188908,66.658000000,100,1410,1215,31,0
3949,39.490189832,66.658000000,100,1410,1215,31,0
3950,39.500214240,66.658000000,100,1410,1215,31,0
3951,39.510190969,66.658000000,100,1410,1215,31,0
3952,39.520191222,66.658000000,100,1410,1215,31,0
3953,39.530190232,66.658000000,100,1410,1215,31,0
3954,39.540189143,66.658000000,100,1410,1215,31,0
3955,39.550190878,66.645000000,100,1410,1215,31,0
3956,39.560189899,66.645000000,100,1410,1215,31,0
3957,39.570189601,66.645000000,100,1410,1215,31,0
3958,39.580189994,66.645000000,100,1410,1215,31,0
3959,39.590193984,66.645000000,100,1410,1215,31,0
3960,39.600190129,66.645000000,100,1410,1215,31,0
3961,39.610189059,66.645000000,100,1410,1215,31,0
3962,39.620189272,66.645000000,100,1410,1215,31,0
3963,39.630189385,66.645000000,100,1410,1215,31,0
3964,39.640189437,66.645000000,100,1410,1215,31,0
3965,39.650190562,66.463000000,100,1410,1215,31,0
3966,39.660191506,66.463000000,100,1410,1215,31,0
3967,39.670190476,66.463000000,100,1410,1215,31,0
3968,39.680189687,66.463000000,100,1410,1215,31,0
3969,39.690238932,66.463000000,100,1410,1215,31,0
3970,39.700192297,66.463000000,100,1410,1215,31,0
3971,39.710191237,66.463000000,100,1410,1215,31,0
3972,39.720189627,66.463000000,100,1410,1215,31,0
3973,39.730190451,66.463000000,100,1410,1215,31,0
3974,39.740193929,66.463000000,100,1410,1215,31,0
3975,39.750207968,66.689000000,100,1410,1215,31,0
3976,39.760203602,66.689000000,100,1410,1215,31,0
3977,39.770193837,66.689000000,100,1410,1215,31,0
3978,39.780189351,66.689000000,100,1410,1215,31,0
3979,39.790189533,66.689000000,100,1410,1215,31,0
3980,39.800191259,66.689000000,100,1410,1215,31,0
3981,39.810190380,66.689000000,100,1410,1215,31,0
3982,39.820189901,66.689000000,100,1410,1215,31,0
3983,39.830188641,66.689000000,100,1410,1215,31,0
3984,39.840190126,66.689000000,100,1410,1215,31,0
3985,39.850191391,66.786000000,100,1410,1215,31,0
3986,39.860189760,66.786000000,100,1410,1215,31,0
3987,39.870189262,66.786000000,100,1410,1215,31,0
3988,39.880189965,66.786000000,100,1410,1215,31,0
3989,39.890189287,66.786000000,100,1410,1215,31,0
3990,39.900190671,66.786000000,100,1410,1215,31,0
3991,39.910188650,66.786000000,100,1410,1215,31,0
3992,39.920190265,66.786000000,100,1410,1215,31,0
3993,39.930189376,66.786000000,100,1410,1215,31,0
3994,39.940189168,66.786000000,100,1410,1215,31,0
3995,39.950191214,66.775000000,100,1410,1215,31,0
3996,39.960188913,66.775000000,100,1410,1215,31,0
3997,39.970189446,66.775000000,100,1410,1215,31,0
3998,39.980190340,66.775000000,100,1410,1215,31,0
3999,39.990193458,66.775000000,100,1410,1215,31,0
4000,40.000189403,66.775000000,100,1410,1215,31,0
4001,40.010190307,66.775000000,100,1410,1215,31,0
4002,40.020189278,66.775000000,100,1410,1215,31,0
4003,40.030189480,66.775000000,100,1410,1215,31,0
4004,40.040188972,66.775000000,100,1410,1215,31,0
4005,40.050190667,66.658000000,100,1410,1215,31,0
4006,40.060188786,66.658000000,100,1410,1215,31,0
4007,40.070189329,66.658000000,100,1410,1215,31,0
4008,40.080189202,66.658000000,100,1410,1215,31,0
4009,40.090188593,66.658000000,100,1410,1215,31,0
4010,40.100190198,66.658000000,100,1410,1215,31,0
4011,40.110189610,66.658000000,100,1410,1215,31,0
4012,40.120191435,66.658000000,100,1410,1215,31,0
4013,40.130192770,66.658000000,100,1410,1215,31,0
4014,40.140189587,66.658000000,100,1410,1215,31,0
4015,40.150190471,66.689000000,100,1410,1215,31,0
4016,40.160187778,66.689000000,100,1410,1215,31,0
4017,40.170189614,66.689000000,100,1410,1215,31,0
4018,40.180190388,66.689000000,100,1410,1215,31,0
4019,40.190194277,66.689000000,100,1410,1215,31,0
4020,40.200189801,66.689000000,100,1410,1215,31,0
4021,40.210189253,66.689000000,100,1410,1215,31,0
4022,40.220189526,66.689000000,100,1410,1215,31,0
4023,40.230190340,66.689000000,100,1410,1215,31,0
4024,40.240188539,66.689000000,100,1410,1215,31,0
4025,40.250190845,66.767000000,100,1410,1215,31,0
4026,40.260188794,66.767000000,100,1410,1215,31,0
4027,40.270190209,66.767000000,100,1410,1215,31,0
4028,40.280191514,66.767000000,100,1410,1215,31,0
4029,40.290189122,66.767000000,100,1410,1215,31,0
4030,40.300193863,66.767000000,100,1410,1215,31,0
4031,40.310190800,66.767000000,100,1410,1215,31,0
4032,40.320189089,66.767000000,100,1410,1215,31,0
4033,40.330189762,66.767000000,100,1410,1215,31,0
4034,40.340188482,66.767000000,100,1410,1215,31,0
4035,40.350190729,66.670000000,100,1410,1215,31,0
4036,40.360189880,66.670000000,100,1410,1215,31,0
4037,40.370190253,66.670000000,100,1410,1215,31,0
4038,40.380194032,66.670000000,100,1410,1215,31,0
4039,40.390189877,66.670000000,100,1410,1215,31,0
4040,40.400189569,66.670000000,100,1410,1215,31,0
4041,40.410190152,66.670000000,100,1410,1215,31,0
4042,40.420189994,66.670000000,100,1410,1215,31,0
4043,40.430191309,66.670000000,100,1410,1215,31,0
4044,40.440189488,66.670000000,100,1410,1215,31,0
4045,40.450190633,66.786000000,100,1410,1215,31,0
4046,40.460188751,66.786000000,100,1410,1215,31,0
4047,40.470189235,66.786000000,100,1410,1215,31,0
4048,40.480189608,66.786000000,100,1410,1215,31,0
4049,40.490193167,66.786000000,100,1410,1215,31,0
4050,40.500188561,66.786000000,100,1410,1215,31,0
4051,40.510189685,66.786000000,100,1410,1215,31,0
4052,40.520234181,66.786000000,100,1410,1215,31,0
4053,40.530192946,66.786000000,100,1410,1215,31,0
4054,40.540194451,66.786000000,100,1410,1215,31,0
4055,40.550189935,66.878000000,100,1410,1215,31,0
4056,40.560191550,66.878000000,100,1410,1215,31,0
4057,40.570189950,66.878000000,100,1410,1215,31,0
4058,40.580189822,66.878000000,100,1410,1215,31,0
4059,40.590186438,66.878000000,100,1410,1215,31,0
4060,40.600187633,66.878000000,100,1410,1215,31,0
4061,40.610187134,66.878000000,100,1410,1215,31,0
4062,40.620191354,66.878000000,100,1410,1215,31,0
4063,40.630209351,66.878000000,100,1410,1215,31,0
4064,40.640192531,66.878000000,100,1410,1215,31,0
4065,40.650190891,66.775000000,100,1410,1215,31,0
4066,40.660189791,66.775000000,100,1410,1215,31,0
4067,40.670190675,66.775000000,100,1410,1215,31,0
4068,40.680197039,66.775000000,100,1410,1215,31,0
4069,40.690188907,66.775000000,100,1410,1215,31,0
4070,40.700192175,66.775000000,100,1410,1215,31,0
4071,40.710190284,66.775000000,100,1410,1215,31,0
4072,40.720190256,66.775000000,100,1410,1215,31,0
4073,40.730189708,66.775000000,100,1410,1215,31,0
4074,40.740189460,66.775000000,100,1410,1215,31,0
4075,40.750189823,66.676000000,100,1410,1215,31,0
4076,40.760219881,66.676000000,100,1410,1215,31,0
4077,40.770191811,66.676000000,100,1410,1215,31,0
4078,40.780189479,66.676000000,100,1410,1215,31,0
4079,40.790190523,66.676000000,100,1410,1215,31,0
4080,40.800195114,66.676000000,100,1410,1215,31,0
4081,40.810189797,66.676000000,100,1410,1215,31,0
4082,40.820192123,66.676000000,100,1410,1215,31,0
4083,40.830194611,66.676000000,100,1410,1215,31,0
4084,40.840189904,66.676000000,100,1410,1215,31,0
4085,40.850191810,66.591000000,100,1410,1215,31,0
4086,40.860189859,66.591000000,100,1410,1215,31,0
4087,40.870189851,66.591000000,100,1410,1215,31,0
4088,40.880189032,66.591000000,100,1410,1215,31,0
4089,40.890189876,66.591000000,100,1410,1215,31,0
4090,40.900190119,66.591000000,100,1410,1215,31,0
4091,40.910189510,66.591000000,100,1410,1215,31,0
4092,40.920196105,66.591000000,100,1410,1215,31,0
4093,40.930193432,66.591000000,100,1410,1215,31,0
4094,40.940190599,66.591000000,100,1410,1215,31,0
4095,40.950191864,66.883000000,100,1410,1215,31,0
4096,40.960210812,66.883000000,100,1410,1215,31,0
4097,40.970190967,66.883000000,100,1410,1215,31,0
4098,40.980190368,66.883000000,100,1410,1215,31,0
4099,40.990189800,66.883000000,100,1410,1215,31,0
4100,41.000189311,66.883000000,100,1410,1215,31,0
4101,41.010189484,66.883000000,100,1410,1215,31,0
4102,41.020189867,66.883000000,100,1410,1215,31,0
4103,41.030189258,66.883000000,100,1410,1215,31,0
4104,41.040189200,66.883000000,100,1410,1215,31,0
4105,41.050190575,66.767000000,100,1410,1215,31,0
4106,41.060189456,66.767000000,100,1410,1215,31,0
4107,41.070189518,66.767000000,100,1410,1215,31,0
4108,41.080188719,66.767000000,100,1410,1215,31,0
4109,41.090190024,66.767000000,100,1410,1215,31,0
4110,41.100188303,66.767000000,100,1410,1215,31,0
4111,41.110190239,66.767000000,100,1410,1215,31,0
4112,41.120188748,66.767000000,100,1410,1215,31,0
4113,41.130189582,66.767000000,100,1410,1215,31,0
4114,41.140188162,66.767000000,100,1410,1215,31,0
4115,41.150190870,66.767000000,100,1410,1215,31,0
4116,41.160189589,66.767000000,100,1410,1215,31,0
4117,41.170189452,66.767000000,100,1410,1215,31,0
4118,41.180193121,66.767000000,100,1410,1215,31,0
4119,41.190194045,66.767000000,100,1410,1215,31,0
4120,41.200189739,66.767000000,100,1410,1215,31,0
4121,41.210190513,66.767000000,100,1410,1215,31,0
4122,41.220190455,66.767000000,100,1410,1215,31,0
4123,41.230189556,66.767000000,100,1410,1215,31,0
4124,41.240189919,66.767000000,100,1410,1215,31,0
4125,41.250189641,66.799000000,100,1410,1215,31,0
4126,41.260189403,66.799000000,100,1410,1215,31,0
4127,41.270193242,66.799000000,100,1410,1215,31,0
4128,41.280190500,66.799000000,100,1410,1215,31,0
4129,41.290193217,66.799000000,100,1410,1215,31,0
4130,41.300189953,66.799000000,100,1410,1215,31,0
4131,41.310190297,66.799000000,100,1410,1215,31,0
4132,41.320189357,66.799000000,100,1410,1215,31,0
4133,41.330189710,66.799000000,100,1410,1215,31,0
4134,41.340188570,66.799000000,100,1410,1215,31,0
4135,41.350191118,66.670000000,100,1410,1215,31,0
4136,41.360189256,66.670000000,100,1410,1215,31,0
4137,41.370193527,66.670000000,100,1410,1215,31,0
4138,41.380189842,66.670000000,100,1410,1215,31,0
4139,41.390189995,66.670000000,100,1410,1215,31,0
4140,41.400189597,66.670000000,100,1410,1215,31,0
4141,41.410189669,66.670000000,100,1410,1215,31,0
4142,41.420190072,66.670000000,100,1410,1215,31,0
4143,41.430189163,66.670000000,100,1410,1215,31,0
4144,41.440190017,66.670000000,100,1410,1215,31,0
4145,41.450194828,66.469000000,100,1410,1215,31,0
4146,41.460190062,66.469000000,100,1410,1215,31,0
4147,41.470189794,66.469000000,100,1410,1215,31,0
4148,41.480193453,66.469000000,100,1410,1215,31,0
4149,41.490190790,66.469000000,100,1410,1215,31,0
4150,41.500188669,66.469000000,100,1410,1215,31,0
4151,41.510189723,66.469000000,100,1410,1215,31,0
4152,41.520190647,66.469000000,100,1410,1215,31,0
4153,41.530189377,66.469000000,100,1410,1215,31,0
4154,41.540189680,66.469000000,100,1410,1215,31,0
4155,41.550189382,66.494000000,100,1410,1215,31,0
4156,41.560189735,66.494000000,100,1410,1215,31,0
4157,41.570188645,66.494000000,100,1410,1215,31,0
4158,41.580189199,66.494000000,100,1410,1215,31,0
4159,41.590189572,66.494000000,100,1410,1215,31,0
4160,41.600189674,66.494000000,100,1410,1215,31,0
4161,41.610189997,66.494000000,100,1410,1215,31,0
4162,41.620189619,66.494000000,100,1410,1215,31,0
4163,41.630188780,66.494000000,100,1410,1215,31,0
4164,41.640189604,66.494000000,100,1410,1215,31,0
4165,41.650190738,66.688000000,100,1410,1215,31,0
4166,41.660189668,66.688000000,100,1410,1215,31,0
4167,41.670189541,66.688000000,100,1410,1215,31,0
4168,41.680193951,66.688000000,100,1410,1215,31,0
4169,41.690191519,66.688000000,100,1410,1215,31,0
4170,41.700188997,66.688000000,100,1410,1215,31,0
4171,41.710190271,66.688000000,100,1410,1215,31,0
4172,41.720190344,66.688000000,100,1410,1215,31,0
4173,41.730190016,66.688000000,100,1410,1215,31,0
4174,41.740189738,66.688000000,100,1410,1215,31,0
4175,41.750190181,66.670000000,100,1410,1215,31,0
4176,41.760189572,66.670000000,100,1410,1215,31,0
4177,41.770188793,66.670000000,100,1410,1215,31,0
4178,41.780190138,66.670000000,100,1410,1215,31,0
4179,41.790190441,66.670000000,100,1410,1215,31,0
4180,41.800190563,66.670000000,100,1410,1215,31,0
4181,41.810189744,66.670000000,100,1410,1215,31,0
4182,41.820190718,66.670000000,100,1410,1215,31,0
4183,41.830188887,66.670000000,100,1410,1215,31,0
4184,41.840190112,66.670000000,100,1410,1215,31,0
4185,41.850239647,66.670000000,100,1410,1215,31,0
4186,41.860191449,66.670000000,100,1410,1215,31,0
4187,41.870191231,66.670000000,100,1410,1215,31,0
4188,41.880189981,66.670000000,100,1410,1215,31,0
4189,41.890190976,66.670000000,100,1410,1215,31,0
4190,41.900191088,66.670000000,100,1410,1215,31,0
4191,41.910190389,66.670000000,100,1410,1215,31,0
4192,41.920190712,66.670000000,100,1410,1215,31,0
4193,41.930189933,66.670000000,100,1410,1215,31,0
4194,41.940189394,66.670000000,100,1410,1215,31,0
4195,41.950189818,66.670000000,100,1410,1215,31,0
4196,41.960189279,66.670000000,100,1410,1215,31,0
4197,41.970188570,66.670000000,100,1410,1215,31,0
4198,41.980188973,66.670000000,100,1410,1215,31,0
4199,41.990188945,66.670000000,100,1410,1215,31,0
4200,42.000193166,66.670000000,100,1410,1215,31,0
4201,42.010189140,66.670000000,100,1410,1215,31,0
4202,42.020190906,66.670000000,100,1410,1215,31,0
4203,42.030189285,66.670000000,100,1410,1215,31,0
4204,42.040194708,66.670000000,100,1410,1215,31,0
4205,42.050191294,66.567000000,100,1410,1215,31,0
4206,42.060190315,66.567000000,100,1410,1215,31,0
4207,42.070189515,66.567000000,100,1410,1215,31,0
4208,42.080189979,66.567000000,100,1410,1215,31,0
4209,42.090189069,66.567000000,100,1410,1215,31,0
4210,42.100189633,66.567000000,100,1410,1215,31,0
4211,42.110189886,66.567000000,100,1410,1215,31,0
4212,42.120190980,66.567000000,100,1410,1215,31,0
4213,42.130189359,66.567000000,100,1410,1215,31,0
4214,42.140188911,66.567000000,100,1410,1215,31,0
4215,42.150190236,66.469000000,100,1410,1215,31,0
4216,42.160189567,66.469000000,100,1410,1215,31,0
4217,42.170189790,66.469000000,100,1410,1215,31,0
4218,42.180188880,66.469000000,100,1410,1215,31,0
4219,42.190190085,66.469000000,100,1410,1215,31,0
4220,42.200192802,66.469000000,100,1410,1215,31,0
4221,42.210190140,66.469000000,100,1410,1215,31,0
4222,42.220189581,66.469000000,100,1410,1215,31,0
4223,42.230189463,66.469000000,100,1410,1215,31,0
4224,42.240189526,66.469000000,100,1410,1215,31,0
4225,42.250190430,66.688000000,100,1410,1215,31,0
4226,42.260212754,66.688000000,100,1410,1215,31,0
4227,42.270190635,66.688000000,100,1410,1215,31,0
4228,42.280190627,66.688000000,100,1410,1215,31,0
4229,42.290188856,66.688000000,100,1410,1215,31,0
4230,42.300190331,66.688000000,100,1410,1215,31,0
4231,42.310189562,66.688000000,100,1410,1215,31,0
4232,42.320190897,66.688000000,100,1410,1215,31,0
4233,42.330189327,66.688000000,100,1410,1215,31,0
4234,42.340189750,66.688000000,100,1410,1215,31,0
4235,42.350189902,66.768000000,100,1410,1215,31,0
4236,42.360189735,66.768000000,100,1410,1215,31,0
4237,42.370188665,66.768000000,100,1410,1215,31,0
4238,42.380189759,66.768000000,100,1410,1215,31,0
4239,42.390188990,66.768000000,100,1410,1215,31,0
4240,42.400190566,66.768000000,100,1410,1215,31,0
4241,42.410190528,66.768000000,100,1410,1215,31,0
4242,42.420188967,66.768000000,100,1410,1215,31,0
4243,42.430189601,66.768000000,100,1410,1215,31,0
4244,42.440188852,66.768000000,100,1410,1215,31,0
4245,42.450190788,66.659000000,100,1410,1215,31,0
4246,42.460190640,66.659000000,100,1410,1215,31,0
4247,42.470193468,66.659000000,100,1410,1215,31,0
4248,42.480189462,66.659000000,100,1410,1215,31,0
4249,42.490190146,66.659000000,100,1410,1215,31,0
4250,42.500190078,66.659000000,100,1410,1215,31,0
4251,42.510189460,66.659000000,100,1410,1215,31,0
4252,42.520189532,66.659000000,100,1410,1215,31,0
4253,42.530190065,66.659000000,100,1410,1215,31,0
4254,42.540189597,66.659000000,100,1410,1215,31,0
4255,42.550194779,66.756000000,100,1410,1215,31,0
4256,42.560190363,66.756000000,100,1410,1215,31,0
4257,42.570194032,66.756000000,100,1410,1215,31,0
4258,42.580190057,66.756000000,100,1410,1215,31,0
4259,42.590190661,66.756000000,100,1410,1215,31,0
4260,42.600189781,66.756000000,100,1410,1215,31,0
4261,42.610189563,66.756000000,100,1410,1215,31,0
4262,42.620190538,66.756000000,100,1410,1215,31,0
4263,42.630188887,66.756000000,100,1410,1215,31,0
4264,42.640189871,66.756000000,100,1410,1215,31,0
4265,42.650191106,66.767000000,100,1410,1215,31,0
4266,42.660189675,66.767000000,100,1410,1215,31,0
4267,42.670189518,66.767000000,100,1410,1215,31,0
4268,42.680190241,66.767000000,100,1410,1215,31,0
4269,42.690189152,66.767000000,100,1410,1215,31,0
4270,42.700189885,66.767000000,100,1410,1215,31,0
4271,42.710189597,66.767000000,100,1410,1215,31,0
4272,42.720189429,66.767000000,100,1410,1215,31,0
4273,42.730188941,66.767000000,100,1410,1215,31,0
4274,42.740190316,66.767000000,100,1410,1215,31,0
4275,42.750190759,66.658000000,100,1410,1215,31,0
4276,42.760189659,66.658000000,100,1410,1215,31,0
4277,42.770190122,66.658000000,100,1410,1215,31,0
4278,42.780189974,66.658000000,100,1410,1215,31,0
4279,42.790190458,66.658000000,100,1410,1215,31,0
4280,42.800190270,66.658000000,100,1410,1215,31,0
4281,42.810189591,66.658000000,100,1410,1215,31,0
4282,42.820189493,66.658000000,100,1410,1215,31,0
4283,42.830190187,66.658000000,100,1410,1215,31,0
4284,42.840190550,66.658000000,100,1410,1215,31,0
4285,42.850191243,66.658000000,100,1410,1215,31,0
4286,42.860190384,66.658000000,100,1410,1215,31,0
4287,42.870190667,66.658000000,100,1410,1215,31,0
4288,42.880190128,66.658000000,100,1410,1215,31,0
4289,42.890189700,66.658000000,100,1410,1215,31,0
4290,42.900190053,66.658000000,100,1410,1215,31,0
4291,42.910190025,66.658000000,100,1410,1215,31,0
4292,42.920195678,66.658000000,100,1410,1215,31,0
4293,42.930190862,66.658000000,100,1410,1215,31,0
4294,42.940189111,66.658000000,100,1410,1215,31,0
4295,42.950190906,66.689000000,100,1410,1215,31,0
4296,42.960188955,66.689000000,100,1410,1215,31,0
4297,42.970190370,66.689000000,100,1410,1215,31,0
4298,42.980189000,66.689000000,100,1410,1215,31,0
4299,42.990190144,66.689000000,100,1410,1215,31,0
4300,43.000190137,66.689000000,100,1410,1215,31,0
4301,43.010190490,66.689000000,100,1410,1215,31,0
4302,43.020189390,66.689000000,100,1410,1215,31,0
4303,43.030189984,66.689000000,100,1410,1215,31,0
4304,43.040189074,66.689000000,100,1410,1215,31,0
4305,43.050190038,66.786000000,100,1410,1215,31,0
4306,43.060188478,66.786000000,100,1410,1215,31,0
4307,43.070189853,66.786000000,100,1410,1215,31,0
4308,43.080189665,66.786000000,100,1410,1215,31,0
4309,43.090189827,66.786000000,100,1410,1215,31,0
4310,43.100189649,66.786000000,100,1410,1215,31,0
4311,43.110188981,66.786000000,100,1410,1215,31,0
4312,43.120190546,66.786000000,100,1410,1215,31,0
4313,43.130189666,66.786000000,100,1410,1215,31,0
4314,43.140190200,66.786000000,100,1410,1215,31,0
4315,43.150195202,66.665000000,100,1410,1215,31,0
4316,43.160190335,66.665000000,100,1410,1215,31,0
4317,43.170189055,66.665000000,100,1410,1215,31,0
4318,43.180190320,66.665000000,100,1410,1215,31,0
4319,43.190190091,66.665000000,100,1410,1215,31,0
4320,43.200189753,66.665000000,100,1410,1215,31,0
4321,43.210190467,66.665000000,100,1410,1215,31,0
4322,43.220189748,66.665000000,100,1410,1215,31,0
4323,43.230189670,66.665000000,100,1410,1215,31,0
4324,43.240188540,66.665000000,100,1410,1215,31,0
4325,43.250190887,66.665000000,100,1410,1215,31,0
4326,43.260190549,66.665000000,100,1410,1215,31,0
4327,43.270189630,66.665000000,100,1410,1215,31,0
4328,43.280188680,66.665000000,100,1410,1215,31,0
4329,43.290189955,66.665000000,100,1410,1215,31,0
4330,43.300190108,66.665000000,100,1410,1215,31,0
4331,43.310189499,66.665000000,100,1410,1215,31,0
4332,43.320190824,66.665000000,100,1410,1215,31,0
4333,43.330189724,66.665000000,100,1410,1215,31,0
4334,43.340188394,66.665000000,100,1410,1215,31,0
4335,43.350191412,66.676000000,100,1410,1215,31,0
4336,43.360190472,66.676000000,100,1410,1215,31,0
4337,43.370190795,66.676000000,100,1410,1215,31,0
4338,43.380189475,66.676000000,100,1410,1215,31,0
4339,43.390194197,66.676000000,100,1410,1215,31,0
4340,43.400190402,66.676000000,100,1410,1215,31,0
4341,43.410190184,66.676000000,100,1410,1215,31,0
4342,43.420190376,66.676000000,100,1410,1215,31,0
4343,43.430188666,66.676000000,100,1410,1215,31,0
4344,43.440189850,66.676000000,100,1410,1215,31,0
4345,43.450191345,66.786000000,100,1410,1215,31,0
4346,43.460189214,66.786000000,100,1410,1215,31,0
4347,43.470193915,66.786000000,100,1410,1215,31,0
4348,43.480190300,66.786000000,100,1410,1215,31,0
4349,43.490190183,66.786000000,100,1410,1215,31,0
4350,43.500190085,66.786000000,100,1410,1215,31,0
4351,43.510191279,66.786000000,100,1410,1215,31,0
4352,43.520189639,66.786000000,100,1410,1215,31,0
4353,43.530189200,66.786000000,100,1410,1215,31,0
4354,43.540189022,66.786000000,100,1410,1215,31,0
4355,43.550191179,66.787000000,100,1410,1215,31,0
4356,43.560190169,66.787000000,100,1410,1215,31,0
4357,43.570189891,66.787000000,100,1410,1215,31,0
4358,43.580189573,66.787000000,100,1410,1215,31,0
4359,43.590193583,66.787000000,100,1410,1215,31,0
4360,43.600193415,66.787000000,100,1410,1215,31,0
4361,43.610190532,66.787000000,100,1410,1215,31,0
4362,43.620189863,66.787000000,100,1410,1215,31,0
4363,43.630188392,66.787000000,100,1410,1215,31,0
4364,43.640189356,66.787000000,100,1410,1215,31,0
4365,43.650190701,66.883000000,100,1410,1215,31,0
4366,43.660190183,66.883000000,100,1410,1215,31,0
4367,43.670190546,66.883000000,100,1410,1215,31,0
4368,43.680193794,66.883000000,100,1410,1215,31,0
4369,43.690187465,66.883000000,100,1410,1215,31,0
4370,43.700191996,66.883000000,100,1410,1215,31,0
4371,43.710190024,66.883000000,100,1410,1215,31,0
4372,43.720190658,66.883000000,100,1410,1215,31,0
4373,43.730189167,66.883000000,100,1410,1215,31,0
4374,43.740189210,66.883000000,100,1410,1215,31,0
4375,43.750190074,66.884000000,100,1410,1215,31,0
4376,43.760188704,66.884000000,100,1410,1215,31,0
4377,43.770190239,66.884000000,100,1410,1215,31,0
4378,43.780189209,66.884000000,100,1410,1215,31,0
4379,43.790190494,66.884000000,100,1410,1215,31,0
4380,43.800189705,66.884000000,100,1410,1215,31,0
4381,43.810190088,66.884000000,100,1410,1215,31,0
4382,43.820189499,66.884000000,100,1410,1215,31,0
4383,43.830190263,66.884000000,100,1410,1215,31,0
4384,43.840188833,66.884000000,100,1410,1215,31,0
4385,43.850191079,66.884000000,100,1410,1215,31,0
4386,43.860190370,66.884000000,100,1410,1215,31,0
4387,43.870190783,66.884000000,100,1410,1215,31,0
4388,43.880193120,66.884000000,100,1410,1215,31,0
4389,43.890190457,66.884000000,100,1410,1215,31,0
4390,43.900211219,66.884000000,100,1410,1215,31,0
4391,43.910193879,66.884000000,100,1410,1215,31,0
4392,43.920238825,66.884000000,100,1410,1215,31,0
4393,43.930190878,66.884000000,100,1410,1215,31,0
4394,43.940189818,66.884000000,100,1410,1215,31,0
4395,43.950191544,66.664000000,100,1410,1215,31,0
4396,43.960190304,66.664000000,100,1410,1215,31,0
4397,43.970189034,66.664000000,100,1410,1215,31,0
4398,43.980189928,66.664000000,100,1410,1215,31,0
4399,43.990188758,66.664000000,100,1410,1215,31,0
4400,44.000189812,66.664000000,100,1410,1215,31,0
4401,44.010189394,66.664000000,100,1410,1215,31,0
4402,44.020190288,66.664000000,100,1410,1215,31,0
4403,44.030189599,66.664000000,100,1410,1215,31,0
4404,44.040189020,66.664000000,100,1410,1215,31,0
4405,44.050191187,66.767000000,100,1410,1215,31,0
4406,44.060189636,66.767000000,100,1410,1215,31,0
4407,44.070190099,66.767000000,100,1410,1215,31,0
4408,44.080191063,66.767000000,100,1410,1215,31,0
4409,44.090190985,66.767000000,100,1410,1215,31,0
4410,44.100189635,66.767000000,100,1410,1215,31,0
4411,44.110190249,66.767000000,100,1410,1215,31,0
4412,44.120190672,66.767000000,100,1410,1215,31,0
4413,44.130194111,66.767000000,100,1410,1215,31,0
4414,44.140190106,66.767000000,100,1410,1215,31,0
4415,44.150191531,66.994000000,100,1410,1215,31,0
4416,44.160190120,66.994000000,100,1410,1215,31,0
4417,44.170190163,66.994000000,100,1410,1215,31,0
4418,44.180209311,66.994000000,100,1410,1215,31,0
4419,44.190194235,66.994000000,100,1410,1215,31,0
4420,44.200198405,66.994000000,100,1410,1215,31,0
4421,44.210187507,66.994000000,100,1410,1215,31,0
4422,44.220192098,66.994000000,100,1410,1215,31,0
4423,44.230189135,66.994000000,100,1410,1215,31,0
4424,44.240190179,66.994000000,100,1410,1215,31,0
4425,44.250190643,66.884000000,100,1410,1215,31,0
4426,44.260190545,66.884000000,100,1410,1215,31,0
4427,44.270189876,66.884000000,100,1410,1215,31,0
4428,44.280189979,66.884000000,100,1410,1215,31,0
4429,44.290189680,66.884000000,100,1410,1215,31,0
4430,44.300189212,66.884000000,100,1410,1215,31,0
4431,44.310188763,66.884000000,100,1410,1215,31,0
4432,44.320189297,66.884000000,100,1410,1215,31,0
4433,44.330189720,66.884000000,100,1410,1215,31,0
4434,44.340189061,66.884000000,100,1410,1215,31,0
4435,44.350190726,66.773000000,100,1410,1215,31,0
4436,44.360193694,66.773000000,100,1410,1215,31,0
4437,44.370190180,66.773000000,100,1410,1215,31,0
4438,44.380189171,66.773000000,100,1410,1215,31,0
4439,44.390189293,66.773000000,100,1410,1215,31,0
4440,44.400189837,66.773000000,100,1410,1215,31,0
4441,44.410190330,66.773000000,100,1410,1215,31,0
4442,44.420189831,66.773000000,100,1410,1215,31,0
4443,44.430193691,66.773000000,100,1410,1215,31,0
4444,44.440196909,66.773000000,100,1410,1215,31,0
4445,44.450191381,66.864000000,100,1410,1215,31,0
4446,44.460189791,66.864000000,100,1410,1215,31,0
4447,44.470191626,66.864000000,100,1410,1215,31,0
4448,44.480190467,66.864000000,100,1410,1215,31,0
4449,44.490190719,66.864000000,100,1410,1215,31,0
4450,44.500211310,66.864000000,100,1410,1215,31,0
4451,44.510191425,66.864000000,100,1410,1215,31,0
4452,44.520196227,66.864000000,100,1410,1215,31,0
4453,44.530194826,66.864000000,100,1410,1215,31,0
4454,44.540314523,66.864000000,100,1410,1215,31,0
4455,44.550189110,66.767000000,100,1410,1215,31,0
4456,44.560189403,66.767000000,100,1410,1215,31,0
4457,44.570189075,66.767000000,100,1410,1215,31,0
4458,44.580191752,66.767000000,100,1410,1215,31,0
4459,44.590189140,66.767000000,100,1410,1215,31,0
4460,44.600190595,66.767000000,100,1410,1215,31,0
4461,44.610188033,66.767000000,100,1410,1215,31,0
4462,44.620187704,66.767000000,100,1410,1215,31,0
4463,44.630188999,66.767000000,100,1410,1215,31,0
4464,44.640261317,66.767000000,100,1410,1215,31,0
4465,44.650191859,66.767000000,100,1410,1215,31,0
4466,44.660188145,66.767000000,100,1410,1215,31,0
4467,44.670189740,66.767000000,100,1410,1215,31,0
4468,44.680188951,66.767000000,100,1410,1215,31,0
4469,44.690190716,66.767000000,100,1410,1215,31,0
4470,44.700190418,66.767000000,100,1410,1215,31,0
4471,44.710190431,66.767000000,100,1410,1215,31,0
4472,44.720190002,66.767000000,100,1410,1215,31,0
4473,44.730188712,66.767000000,100,1410,1215,31,0
4474,44.740189796,66.767000000,100,1410,1215,31,0
4475,44.750189979,66.767000000,100,1410,1215,31,0
4476,44.760189781,66.767000000,100,1410,1215,31,0
4477,44.770188922,66.767000000,100,1410,1215,31,0
4478,44.780188854,66.767000000,100,1410,1215,31,0
4479,44.790192904,66.767000000,100,1410,1215,31,0
4480,44.800194760,66.767000000,100,1410,1215,31,0
4481,44.810188971,66.767000000,100,1410,1215,31,0
4482,44.820189715,66.767000000,100,1410,1215,31,0
4483,44.830188886,66.767000000,100,1410,1215,31,0
4484,44.840189329,66.767000000,100,1410,1215,31,0
4485,44.850195032,66.878000000,100,1410,1215,31,0
4486,44.860193542,66.878000000,100,1410,1215,31,0
4487,44.870190388,66.878000000,100,1410,1215,31,0
4488,44.880188026,66.878000000,100,1410,1215,31,0
4489,44.890189221,66.878000000,100,1410,1215,31,0
4490,44.900194182,66.878000000,100,1410,1215,31,0
4491,44.910191099,66.878000000,100,1410,1215,31,0
4492,44.920189428,66.878000000,100,1410,1215,31,0
4493,44.930189050,66.878000000,100,1410,1215,31,0
4494,44.940188511,66.878000000,100,1410,1215,31,0
4495,44.950190988,66.981000000,100,1410,1215,31,0
4496,44.960189488,66.981000000,100,1410,1215,31,0
4497,44.970191935,66.981000000,100,1410,1215,31,0
4498,44.980188771,66.981000000,100,1410,1215,31,0
4499,44.990189885,66.981000000,100,1410,1215,31,0
4500,45.000189477,66.981000000,100,1410,1215,31,0
4501,45.010190361,66.981000000,100,1410,1215,31,0
4502,45.020190063,66.981000000,100,1410,1215,31,0
4503,45.030189163,66.981000000,100,1410,1215,31,0
4504,45.040189486,66.981000000,100,1410,1215,31,0
4505,45.050190781,66.567000000,100,1410,1215,31,0
4506,45.060190403,66.567000000,100,1410,1215,31,0
4507,45.070193791,66.567000000,100,1410,1215,31,0
4508,45.080190548,66.567000000,100,1410,1215,31,0
4509,45.090188897,66.567000000,100,1410,1215,31,0
4510,45.100188969,66.567000000,100,1410,1215,31,0
4511,45.110189543,66.567000000,100,1410,1215,31,0
4512,45.120190397,66.567000000,100,1410,1215,31,0
4513,45.130189287,66.567000000,100,1410,1215,31,0
4514,45.140188638,66.567000000,100,1410,1215,31,0
4515,45.150190284,66.572000000,100,1410,1215,31,0
4516,45.160189485,66.572000000,100,1410,1215,31,0
4517,45.170189767,66.572000000,100,1410,1215,31,0
4518,45.180189870,66.572000000,100,1410,1215,31,0
4519,45.190188460,66.572000000,100,1410,1215,31,0
4520,45.200188863,66.572000000,100,1410,1215,31,0
4521,45.210190067,66.572000000,100,1410,1215,31,0
4522,45.220189739,66.572000000,100,1410,1215,31,0
4523,45.230189531,66.572000000,100,1410,1215,31,0
4524,45.240190325,66.572000000,100,1410,1215,31,0
4525,45.250190457,66.878000000,100,1410,1215,31,0
4526,45.260189358,66.878000000,100,1410,1215,31,0
4527,45.270190031,66.878000000,100,1410,1215,31,0
4528,45.280189633,66.878000000,100,1410,1215,31,0
4529,45.290193292,66.878000000,100,1410,1215,31,0
4530,45.300189247,66.878000000,100,1410,1215,31,0
4531,45.310188799,66.878000000,100,1410,1215,31,0
4532,45.320189242,66.878000000,100,1410,1215,31,0
4533,45.330188062,66.878000000,100,1410,1215,31,0
4534,45.340188786,66.878000000,100,1410,1215,31,0
4535,45.350190321,66.767000000,100,1410,1215,31,0
4536,45.360210411,66.767000000,100,1410,1215,31,0
4537,45.370190436,66.767000000,100,1410,1215,31,0
4538,45.380192512,66.767000000,100,1410,1215,31,0
4539,45.390192204,66.767000000,100,1410,1215,31,0
4540,45.400187798,66.767000000,100,1410,1215,31,0
4541,45.410186758,66.767000000,100,1410,1215,31,0
4542,45.420190488,66.767000000,100,1410,1215,31,0
4543,45.430189979,66.767000000,100,1410,1215,31,0
4544,45.440189070,66.767000000,100,1410,1215,31,0
4545,45.450194843,66.670000000,100,1410,1215,31,0
4546,45.460192481,66.670000000,100,1410,1215,31,0
4547,45.470190149,66.670000000,100,1410,1215,31,0
4548,45.480190281,66.670000000,100,1410,1215,31,0
4549,45.490189752,66.670000000,100,1410,1215,31,0
4550,45.500210654,66.670000000,100,1410,1215,31,0
4551,45.510187433,66.670000000,100,1410,1215,31,0
4552,45.520189028,66.670000000,100,1410,1215,31,0
4553,45.530188500,66.670000000,100,1410,1215,31,0
4554,45.540189875,66.670000000,100,1410,1215,31,0
4555,45.550190167,66.767000000,100,1410,1215,31,0
4556,45.560189198,66.767000000,100,1410,1215,31,0
4557,45.570189301,66.767000000,100,1410,1215,31,0
4558,45.580194172,66.767000000,100,1410,1215,31,0
4559,45.590190267,66.767000000,100,1410,1215,31,0
4560,45.600193315,66.767000000,100,1410,1215,31,0
4561,45.610190242,66.767000000,100,1410,1215,31,0
4562,45.620189913,66.767000000,100,1410,1215,31,0
4563,45.630249267,66.767000000,100,1410,1215,31,0
4564,45.640191902,66.767000000,100,1410,1215,31,0
4565,45.650194349,66.786000000,100,1410,1215,31,0
4566,45.660190113,66.786000000,100,1410,1215,31,0
4567,45.670189585,66.786000000,100,1410,1215,31,0
4568,45.680193895,66.786000000,100,1410,1215,31,0
4569,45.690192054,66.786000000,100,1410,1215,31,0
4570,45.700189732,66.786000000,100,1410,1215,31,0
4571,45.710190275,66.786000000,100,1410,1215,31,0
4572,45.720190428,66.786000000,100,1410,1215,31,0
4573,45.730190661,66.786000000,100,1410,1215,31,0
4574,45.740189561,66.786000000,100,1410,1215,31,0
4575,45.750190675,66.676000000,100,1410,1215,31,0
4576,45.760190117,66.676000000,100,1410,1215,31,0
4577,45.770190159,66.676000000,100,1410,1215,31,0
4578,45.780189019,66.676000000,100,1410,1215,31,0
4579,45.790190084,66.676000000,100,1410,1215,31,0
4580,45.800189896,66.676000000,100,1410,1215,31,0
4581,45.810189317,66.676000000,100,1410,1215,31,0
4582,45.820190541,66.676000000,100,1410,1215,31,0
4583,45.830190143,66.676000000,100,1410,1215,31,0
4584,45.840190716,66.676000000,100,1410,1215,31,0
4585,45.850191540,66.572000000,100,1410,1215,31,0
4586,45.860190391,66.572000000,100,1410,1215,31,0
4587,45.870187227,66.572000000,100,1410,1215,31,0
4588,45.880188552,66.572000000,100,1410,1215,31,0
4589,45.890189356,66.572000000,100,1410,1215,31,0
4590,45.900190290,66.572000000,100,1410,1215,31,0
4591,45.910189982,66.572000000,100,1410,1215,31,0
4592,45.920190224,66.572000000,100,1410,1215,31,0
4593,45.930189676,66.572000000,100,1410,1215,31,0
4594,45.940189698,66.572000000,100,1410,1215,31,0
4595,45.950192025,66.865000000,100,1410,1215,31,0
4596,45.960189192,66.865000000,100,1410,1215,31,0
4597,45.970192991,66.865000000,100,1410,1215,31,0
4598,45.980189677,66.865000000,100,1410,1215,31,0
4599,45.990193707,66.865000000,100,1410,1215,31,0
4600,46.000190273,66.865000000,100,1410,1215,31,0
4601,46.010190286,66.865000000,100,1410,1215,31,0
4602,46.020190789,66.865000000,100,1410,1215,31,0
4603,46.030189779,66.865000000,100,1410,1215,31,0
4604,46.040189721,66.865000000,100,1410,1215,31,0
4605,46.050190936,66.883000000,100,1410,1215,31,0
4606,46.060189776,66.883000000,100,1410,1215,31,0
4607,46.070192854,66.883000000,100,1410,1215,31,0
4608,46.080190001,66.883000000,100,1410,1215,31,0
4609,46.090193971,66.883000000,100,1410,1215,31,0
4610,46.100190537,66.883000000,100,1410,1215,31,0
4611,46.110188776,66.883000000,100,1410,1215,31,0
4612,46.120194960,66.883000000,100,1410,1215,31,0
4613,46.130190955,66.883000000,100,1410,1215,31,0
4614,46.140190476,66.883000000,100,1410,1215,31,0
4615,46.150194667,66.767000000,100,1410,1215,31,0
4616,46.160190321,66.767000000,100,1410,1215,31,0
4617,46.170190383,66.767000000,100,1410,1215,31,0
4618,46.180189815,66.767000000,100,1410,1215,31,0
4619,46.190194185,66.767000000,100,1410,1215,31,0
4620,46.200191532,66.767000000,100,1410,1215,31,0
4621,46.210189180,66.767000000,100,1410,1215,31,0
4622,46.220190415,66.767000000,100,1410,1215,31,0
4623,46.230189806,66.767000000,100,1410,1215,31,0
4624,46.240190199,66.767000000,100,1410,1215,31,0
4625,46.250191514,66.786000000,100,1410,1215,31,0
4626,46.260190394,66.786000000,100,1410,1215,31,0
4627,46.270190296,66.786000000,100,1410,1215,31,0
4628,46.280190299,66.786000000,100,1410,1215,31,0
4629,46.290194299,66.786000000,100,1410,1215,31,0
4630,46.300190213,66.786000000,100,1410,1215,31,0
4631,46.310189865,66.786000000,100,1410,1215,31,0
4632,46.320190619,66.786000000,100,1410,1215,31,0
4633,46.330190821,66.786000000,100,1410,1215,31,0
4634,46.340189311,66.786000000,100,1410,1215,31,0
4635,46.350191147,66.756000000,100,1410,1215,31,0
4636,46.360190338,66.756000000,100,1410,1215,31,0
4637,46.370191131,66.756000000,100,1410,1215,31,0
4638,46.380190142,66.756000000,100,1410,1215,31,0
4639,46.390190315,66.756000000,100,1410,1215,31,0
4640,46.400190257,66.756000000,100,1410,1215,31,0
4641,46.410193806,66.756000000,100,1410,1215,31,0
4642,46.420191153,66.756000000,100,1410,1215,31,0
4643,46.430190023,66.756000000,100,1410,1215,31,0
4644,46.440189825,66.756000000,100,1410,1215,31,0
4645,46.450191230,66.572000000,100,1410,1215,31,0
4646,46.460189860,66.572000000,100,1410,1215,31,0
4647,46.470190123,66.572000000,100,1410,1215,31,0
4648,46.480193692,66.572000000,100,1410,1215,31,0
4649,46.490193594,66.572000000,100,1410,1215,31,0
4650,46.500189829,66.572000000,100,1410,1215,31,0
4651,46.510191234,66.572000000,100,1410,1215,31,0
4652,46.520189784,66.572000000,100,1410,1215,31,0
4653,46.530194816,66.572000000,100,1410,1215,31,0
4654,46.540188045,66.572000000,100,1410,1215,31,0
4655,46.550190823,66.877000000,100,1410,1215,31,0
4656,46.560188812,66.877000000,100,1410,1215,31,0
4657,46.570189996,66.877000000,100,1410,1215,31,0
4658,46.580189177,66.877000000,100,1410,1215,31,0
4659,46.590190462,66.877000000,100,1410,1215,31,0
4660,46.600190434,66.877000000,100,1410,1215,31,0
4661,46.610190887,66.877000000,100,1410,1215,31,0
4662,46.620190789,66.877000000,100,1410,1215,31,0
4663,46.630190381,66.877000000,100,1410,1215,31,0
4664,46.640190674,66.877000000,100,1410,1215,31,0
4665,46.650194734,66.787000000,100,1410,1215,31,0
4666,46.660190849,66.787000000,100,1410,1215,31,0
4667,46.670189839,66.787000000,100,1410,1215,31,0
4668,46.680189902,66.787000000,100,1410,1215,31,0
4669,46.690189674,66.787000000,100,1410,1215,31,0
4670,46.700190157,66.787000000,100,1410,1215,31,0
4671,46.710189708,66.787000000,100,1410,1215,31,0
4672,46.720190753,66.787000000,100,1410,1215,31,0
4673,46.730190585,66.787000000,100,1410,1215,31,0
4674,46.740190567,66.787000000,100,1410,1215,31,0
4675,46.750191671,66.767000000,100,1410,1215,31,0
4676,46.760194269,66.767000000,100,1410,1215,31,0
4677,46.770190774,66.767000000,100,1410,1215,31,0
4678,46.780191097,66.767000000,100,1410,1215,31,0
4679,46.790190669,66.767000000,100,1410,1215,31,0
4680,46.800208515,66.767000000,100,1410,1215,31,0
4681,46.810192176,66.767000000,100,1410,1215,31,0
4682,46.820189824,66.767000000,100,1410,1215,31,0
4683,46.830190438,66.767000000,100,1410,1215,31,0
4684,46.840189078,66.767000000,100,1410,1215,31,0
4685,46.850190432,66.884000000,100,1410,1215,31,0
4686,46.860189393,66.884000000,100,1410,1215,31,0
4687,46.870189706,66.884000000,100,1410,1215,31,0
4688,46.880188987,66.884000000,100,1410,1215,31,0
4689,46.890190161,66.884000000,100,1410,1215,31,0
4690,46.900193279,66.884000000,100,1410,1215,31,0
4691,46.910189344,66.884000000,100,1410,1215,31,0
4692,46.920190629,66.884000000,100,1410,1215,31,0
4693,46.930193988,66.884000000,100,1410,1215,31,0
4694,46.940191485,66.884000000,100,1410,1215,31,0
4695,46.950190576,66.884000000,100,1410,1215,31,0
4696,46.960189536,66.884000000,100,1410,1215,31,0
4697,46.970188918,66.884000000,100,1410,1215,31,0
4698,46.980189742,66.884000000,100,1410,1215,31,0
4699,46.990190135,66.884000000,100,1410,1215,31,0
4700,47.000189496,66.884000000,100,1410,1215,31,0
4701,47.010190109,66.884000000,100,1410,1215,31,0
4702,47.020190813,66.884000000,100,1410,1215,31,0
4703,47.030189984,66.884000000,100,1410,1215,31,0
4704,47.040188664,66.884000000,100,1410,1215,31,0
4705,47.050190579,66.767000000,100,1410,1215,31,0
4706,47.060189019,66.767000000,100,1410,1215,31,0
4707,47.070189582,66.767000000,100,1410,1215,31,0
4708,47.080188873,66.767000000,100,1410,1215,31,0
4709,47.090189527,66.767000000,100,1410,1215,31,0
4710,47.100188998,66.767000000,100,1410,1215,31,0
4711,47.110189291,66.767000000,100,1410,1215,31,0
4712,47.120189684,66.767000000,100,1410,1215,31,0
4713,47.130189666,66.767000000,100,1410,1215,31,0
4714,47.140189699,66.767000000,100,1410,1215,31,0
4715,47.150190202,66.883000000,100,1410,1215,31,0
4716,47.160189784,66.883000000,100,1410,1215,31,0
4717,47.170188524,66.883000000,100,1410,1215,31,0
4718,47.180190490,66.883000000,100,1410,1215,31,0
4719,47.190189400,66.883000000,100,1410,1215,31,0
4720,47.200189252,66.883000000,100,1410,1215,31,0
4721,47.210189254,66.883000000,100,1410,1215,31,0
4722,47.220190389,66.883000000,100,1410,1215,31,0
4723,47.230189379,66.883000000,100,1410,1215,31,0
4724,47.240190454,66.883000000,100,1410,1215,31,0
4725,47.250189865,66.981000000,100,1410,1215,31,0
4726,47.260189577,66.981000000,100,1410,1215,31,0
4727,47.270188777,66.981000000,100,1410,1215,31,0
4728,47.280188950,66.981000000,100,1410,1215,31,0
4729,47.290189013,66.981000000,100,1410,1215,31,0
4730,47.300188574,66.981000000,100,1410,1215,31,0
4731,47.310189318,66.981000000,100,1410,1215,31,0
4732,47.320190041,66.981000000,100,1410,1215,31,0
4733,47.330190004,66.981000000,100,1410,1215,31,0
4734,47.340188974,66.981000000,100,1410,1215,31,0
4735,47.350191521,66.786000000,100,1410,1215,31,0
4736,47.360190983,66.786000000,100,1410,1215,31,0
4737,47.370189512,66.786000000,100,1410,1215,31,0
4738,47.380188913,66.786000000,100,1410,1215,31,0
4739,47.390189908,66.786000000,100,1410,1215,31,0
4740,47.400190711,66.786000000,100,1410,1215,31,0
4741,47.410189722,66.786000000,100,1410,1215,31,0
4742,47.420190145,66.786000000,100,1410,1215,31,0
4743,47.430189436,66.786000000,100,1410,1215,31,0
4744,47.440189679,66.786000000,100,1410,1215,31,0
4745,47.450190132,66.767000000,100,1410,1215,31,0
4746,47.460190094,66.767000000,100,1410,1215,31,0
4747,47.470190337,66.767000000,100,1410,1215,31,0
4748,47.480189698,66.767000000,100,1410,1215,31,0
4749,47.490189580,66.767000000,100,1410,1215,31,0
4750,47.500189883,66.767000000,100,1410,1215,31,0
4751,47.510189375,66.767000000,100,1410,1215,31,0
4752,47.520190779,66.767000000,100,1410,1215,31,0
4753,47.530188898,66.767000000,100,1410,1215,31,0
4754,47.540189422,66.767000000,100,1410,1215,31,0
4755,47.550191077,66.787000000,100,1410,1215,31,0
4756,47.560189867,66.787000000,100,1410,1215,31,0
4757,47.570189429,66.787000000,100,1410,1215,31,0
4758,47.580189651,66.787000000,100,1410,1215,31,0
4759,47.590194032,66.787000000,100,1410,1215,31,0
4760,47.600190177,66.787000000,100,1410,1215,31,0
4761,47.610220767,66.787000000,100,1410,1215,31,0
4762,47.620197756,66.787000000,100,1410,1215,31,0
4763,47.630192208,66.787000000,100,1410,1215,31,0
4764,47.640192070,66.787000000,100,1410,1215,31,0
4765,47.650190840,66.767000000,100,1410,1215,31,0
4766,47.660188428,66.767000000,100,1410,1215,31,0
4767,47.670189883,66.767000000,100,1410,1215,31,0
4768,47.680189675,66.767000000,100,1410,1215,31,0
4769,47.690188976,66.767000000,100,1410,1215,31,0
4770,47.700188497,66.767000000,100,1410,1215,31,0
4771,47.710189872,66.767000000,100,1410,1215,31,0
4772,47.720192129,66.767000000,100,1410,1215,31,0
4773,47.730189356,66.767000000,100,1410,1215,31,0
4774,47.740190059,66.767000000,100,1410,1215,31,0
4775,47.750191274,66.688000000,100,1410,1215,31,0
4776,47.760189263,66.688000000,100,1410,1215,31,0
4777,47.770193082,66.688000000,100,1410,1215,31,0
4778,47.780189358,66.688000000,100,1410,1215,31,0
4779,47.790189971,66.688000000,100,1410,1215,31,0
4780,47.800189472,66.688000000,100,1410,1215,31,0
4781,47.810189725,66.688000000,100,1410,1215,31,0
4782,47.820190289,66.688000000,100,1410,1215,31,0
4783,47.830188998,66.688000000,100,1410,1215,31,0
4784,47.840189572,66.688000000,100,1410,1215,31,0
4785,47.850190987,66.981000000,100,1410,1215,31,0
4786,47.860190268,66.981000000,100,1410,1215,31,0
4787,47.870194147,66.981000000,100,1410,1215,31,0
4788,47.880190313,66.981000000,100,1410,1215,31,0
4789,47.890190936,66.981000000,100,1410,1215,31,0
4790,47.900189836,66.981000000,100,1410,1215,31,0
4791,47.910190680,66.981000000,100,1410,1215,31,0
4792,47.920189931,66.981000000,100,1410,1215,31,0
4793,47.930191216,66.981000000,100,1410,1215,31,0
4794,47.940188844,66.981000000,100,1410,1215,31,0
4795,47.950191802,66.780000000,100,1410,1215,31,0
4796,47.960190271,66.780000000,100,1410,1215,31,0
4797,47.970189762,66.780000000,100,1410,1215,31,0
4798,47.980190566,66.780000000,100,1410,1215,31,0
4799,47.990189747,66.780000000,100,1410,1215,31,0
4800,48.000190160,66.780000000,100,1410,1215,31,0
4801,48.010189962,66.780000000,100,1410,1215,31,0
4802,48.020190516,66.780000000,100,1410,1215,31,0
4803,48.030189015,66.780000000,100,1410,1215,31,0
4804,48.040189749,66.780000000,100,1410,1215,31,0
4805,48.050190883,66.768000000,100,1410,1215,31,0
4806,48.060190224,66.768000000,100,1410,1215,31,0
4807,48.070190136,66.768000000,100,1410,1215,31,0
4808,48.080189758,66.768000000,100,1410,1215,31,0
4809,48.090190462,66.768000000,100,1410,1215,31,0
4810,48.100190815,66.768000000,100,1410,1215,31,0
4811,48.110189995,66.768000000,100,1410,1215,31,0
4812,48.120190228,66.768000000,100,1410,1215,31,0
4813,48.130189700,66.768000000,100,1410,1215,31,0
4814,48.140189101,66.768000000,100,1410,1215,31,0
4815,48.150195926,66.669000000,100,1410,1215,31,0
4816,48.160194736,66.669000000,100,1410,1215,31,0
4817,48.170189198,66.669000000,100,1410,1215,31,0
4818,48.180188910,66.669000000,100,1410,1215,31,0
4819,48.190189744,66.669000000,100,1410,1215,31,0
4820,48.200194204,66.669000000,100,1410,1215,31,0
4821,48.210190440,66.669000000,100,1410,1215,31,0
4822,48.220189600,66.669000000,100,1410,1215,31,0
4823,48.230189823,66.669000000,100,1410,1215,31,0
4824,48.240190376,66.669000000,100,1410,1215,31,0
4825,48.250189918,66.785000000,100,1410,1215,31,0
4826,48.260189850,66.785000000,100,1410,1215,31,0
4827,48.270190654,66.785000000,100,1410,1215,31,0
4828,48.280190576,66.785000000,100,1410,1215,31,0
4829,48.290190168,66.785000000,100,1410,1215,31,0
4830,48.300190130,66.785000000,100,1410,1215,31,0
4831,48.310194050,66.785000000,100,1410,1215,31,0
4832,48.320190676,66.785000000,100,1410,1215,31,0
4833,48.330188785,66.785000000,100,1410,1215,31,0
4834,48.340189438,66.785000000,100,1410,1215,31,0
4835,48.350190272,66.669000000,100,1410,1215,31,0
4836,48.360190324,66.669000000,100,1410,1215,31,0
4837,48.370189385,66.669000000,100,1410,1215,31,0
4838,48.380190439,66.669000000,100,1410,1215,31,0
4839,48.390190933,66.669000000,100,1410,1215,31,0
4840,48.400190123,66.669000000,100,1410,1215,31,0
4841,48.410190657,66.669000000,100,1410,1215,31,0
4842,48.420190148,66.669000000,100,1410,1215,31,0
4843,48.430190411,66.669000000,100,1410,1215,31,0
4844,48.440190203,66.669000000,100,1410,1215,31,0
4845,48.450190466,66.785000000,100,1410,1215,31,0
4846,48.460189035,66.785000000,100,1410,1215,31,0
4847,48.470189809,66.785000000,100,1410,1215,31,0
4848,48.480189040,66.785000000,100,1410,1215,31,0
4849,48.490190224,66.785000000,100,1410,1215,31,0
4850,48.500189586,66.785000000,100,1410,1215,31,0
4851,48.510189878,66.785000000,100,1410,1215,31,0
4852,48.520190843,66.785000000,100,1410,1215,31,0
4853,48.530188861,66.785000000,100,1410,1215,31,0
4854,48.540189665,66.785000000,100,1410,1215,31,0
4855,48.550198504,66.785000000,100,1410,1215,31,0
4856,48.560189940,66.785000000,100,1410,1215,31,0
4857,48.570189121,66.785000000,100,1410,1215,31,0
4858,48.580189544,66.785000000,100,1410,1215,31,0
4859,48.590189266,66.785000000,100,1410,1215,31,0
4860,48.600190000,66.785000000,100,1410,1215,31,0
4861,48.610193649,66.785000000,100,1410,1215,31,0
4862,48.620190956,66.785000000,100,1410,1215,31,0
4863,48.630188905,66.785000000,100,1410,1215,31,0
4864,48.640189658,66.785000000,100,1410,1215,31,0
4865,48.650189230,66.864000000,100,1410,1215,31,0
4866,48.660190084,66.864000000,100,1410,1215,31,0
4867,48.670189886,66.864000000,100,1410,1215,31,0
4868,48.680189087,66.864000000,100,1410,1215,31,0
4869,48.690189860,66.864000000,100,1410,1215,31,0
4870,48.700189532,66.864000000,100,1410,1215,31,0
4871,48.710190346,66.864000000,100,1410,1215,31,0
4872,48.720195308,66.864000000,100,1410,1215,31,0
4873,48.730190350,66.864000000,100,1410,1215,31,0
4874,48.740189501,66.864000000,100,1410,1215,31,0
4875,48.750191237,66.670000000,100,1410,1215,31,0
4876,48.760189756,66.670000000,100,1410,1215,31,0
4877,48.770189959,66.670000000,100,1410,1215,31,0
4878,48.780193889,66.670000000,100,1410,1215,31,0
4879,48.790189994,66.670000000,100,1410,1215,31,0
4880,48.800189615,66.670000000,100,1410,1215,31,0
4881,48.810190279,66.670000000,100,1410,1215,31,0
4882,48.820190742,66.670000000,100,1410,1215,31,0
4883,48.830189252,66.670000000,100,1410,1215,31,0
4884,48.840189464,66.670000000,100,1410,1215,31,0
4885,48.850190960,66.578000000,100,1410,1215,31,0
4886,48.860191012,66.578000000,100,1410,1215,31,0
4887,48.870190163,66.578000000,100,1410,1215,31,0
4888,48.880194112,66.578000000,100,1410,1215,31,0
4889,48.890190778,66.578000000,100,1410,1215,31,0
4890,48.900190039,66.578000000,100,1410,1215,31,0
4891,48.910189040,66.578000000,100,1410,1215,31,0
4892,48.920191146,66.578000000,100,1410,1215,31,0
4893,48.930190337,66.578000000,100,1410,1215,31,0
4894,48.940188105,66.578000000,100,1410,1215,31,0
4895,48.950191784,66.591000000,100,1410,1215,31,0
4896,48.960189292,66.591000000,100,1410,1215,31,0
4897,48.970189895,66.591000000,100,1410,1215,31,0
4898,48.980189597,66.591000000,100,1410,1215,31,0
4899,48.990190120,66.591000000,100,1410,1215,31,0
4900,49.000188870,66.591000000,100,1410,1215,31,0
4901,49.010190085,66.591000000,100,1410,1215,31,0
4902,49.020190488,66.591000000,100,1410,1215,31,0
4903,49.030190020,66.591000000,100,1410,1215,31,0
4904,49.040189090,66.591000000,100,1410,1215,31,0
4905,49.050191066,66.883000000,100,1410,1215,31,0
4906,49.060189375,66.883000000,100,1410,1215,31,0
4907,49.070189308,66.883000000,100,1410,1215,31,0
4908,49.080190973,66.883000000,100,1410,1215,31,0
4909,49.090190194,66.883000000,100,1410,1215,31,0
4910,49.100193813,66.883000000,100,1410,1215,31,0
4911,49.110189657,66.883000000,100,1410,1215,31,0
4912,49.120190832,66.883000000,100,1410,1215,31,0
4913,49.130189552,66.883000000,100,1410,1215,31,0
4914,49.140189314,66.883000000,100,1410,1215,31,0
4915,49.150190398,66.786000000,100,1410,1215,31,0
4916,49.160189829,66.786000000,100,1410,1215,31,0
4917,49.170189912,66.786000000,100,1410,1215,31,0
4918,49.180190345,66.786000000,100,1410,1215,31,0
4919,49.190194315,66.786000000,100,1410,1215,31,0
4920,49.200190610,66.786000000,100,1410,1215,31,0
4921,49.210190312,66.786000000,100,1410,1215,31,0
4922,49.220190194,66.786000000,100,1410,1215,31,0
4923,49.230189695,66.786000000,100,1410,1215,31,0
4924,49.240188986,66.786000000,100,1410,1215,31,0
4925,49.250191834,66.567000000,100,1410,1215,31,0
4926,49.260194431,66.567000000,100,1410,1215,31,0
4927,49.270191117,66.567000000,100,1410,1215,31,0
4928,49.280189567,66.567000000,100,1410,1215,31,0
4929,49.290190751,66.567000000,100,1410,1215,31,0
4930,49.300190513,66.567000000,100,1410,1215,31,0
4931,49.310189654,66.567000000,100,1410,1215,31,0
4932,49.320190368,66.567000000,100,1410,1215,31,0
4933,49.330190039,66.567000000,100,1410,1215,31,0
4934,49.340189671,66.567000000,100,1410,1215,31,0
4935,49.350190585,66.578000000,100,1410,1215,31,0
4936,49.360190697,66.578000000,100,1410,1215,31,0
4937,49.370194096,66.578000000,100,1410,1215,31,0
4938,49.380190352,66.578000000,100,1410,1215,31,0
4939,49.390189232,66.578000000,100,1410,1215,31,0
4940,49.400190476,66.578000000,100,1410,1215,31,0
4941,49.410190519,66.578000000,100,1410,1215,31,0
4942,49.420191192,66.578000000,100,1410,1215,31,0
4943,49.430195653,66.578000000,100,1410,1215,31,0
4944,49.440187500,66.578000000,100,1410,1215,31,0
4945,49.450192973,66.786000000,100,1410,1215,31,0
4946,49.460190440,66.786000000,100,1410,1215,31,0
4947,49.470190473,66.786000000,100,1410,1215,31,0
4948,49.480189734,66.786000000,100,1410,1215,31,0
4949,49.490189956,66.786000000,100,1410,1215,31,0
4950,49.500189618,66.786000000,100,1410,1215,31,0
4951,49.510190312,66.786000000,100,1410,1215,31,0
4952,49.520190364,66.786000000,100,1410,1215,31,0
4953,49.530190116,66.786000000,100,1410,1215,31,0
4954,49.540189297,66.786000000,100,1410,1215,31,0
4955,49.550191493,66.767000000,100,1410,1215,31,0
4956,49.560188961,66.767000000,100,1410,1215,31,0
4957,49.570190526,66.767000000,100,1410,1215,31,0
4958,49.580194676,66.767000000,100,1410,1215,31,0
4959,49.590190691,66.767000000,100,1410,1215,31,0
4960,49.600189952,66.767000000,100,1410,1215,31,0
4961,49.610190325,66.767000000,100,1410,1215,31,0
4962,49.620191459,66.767000000,100,1410,1215,31,0
4963,49.630189808,66.767000000,100,1410,1215,31,0
4964,49.640190342,66.767000000,100,1410,1215,31,0
4965,49.650190004,66.670000000,100,1410,1215,31,0
4966,49.660190316,66.670000000,100,1410,1215,31,0
4967,49.670189407,66.670000000,100,1410,1215,31,0
4968,49.680190451,66.670000000,100,1410,1215,31,0
4969,49.690193149,66.670000000,100,1410,1215,31,0
4970,49.700190516,66.670000000,100,1410,1215,31,0
4971,49.710190348,66.670000000,100,1410,1215,31,0
4972,49.720190621,66.670000000,100,1410,1215,31,0
4973,49.730189130,66.670000000,100,1410,1215,31,0
4974,49.740189113,66.670000000,100,1410,1215,31,0
4975,49.750190798,66.865000000,100,1410,1215,31,0
4976,49.760193876,66.865000000,100,1410,1215,31,0
4977,49.770193618,66.865000000,100,1410,1215,31,0
4978,49.780190725,66.865000000,100,1410,1215,31,0
4979,49.790190367,66.865000000,100,1410,1215,31,0
4980,49.800190078,66.865000000,100,1410,1215,31,0
4981,49.810190862,66.865000000,100,1410,1215,31,0
4982,49.820189813,66.865000000,100,1410,1215,31,0
4983,49.830190436,66.865000000,100,1410,1215,31,0
4984,49.840189046,66.865000000,100,1410,1215,31,0
4985,49.850191493,66.659000000,100,1410,1215,31,0
4986,49.860189241,66.659000000,100,1410,1215,31,0
4987,49.870190225,66.659000000,100,1410,1215,31,0
4988,49.880190608,66.659000000,100,1410,1215,31,0
4989,49.890190370,66.659000000,100,1410,1215,31,0
4990,49.900190332,66.659000000,100,1410,1215,31,0
4991,49.910190465,66.659000000,100,1410,1215,31,0
4992,49.920190908,66.659000000,100,1410,1215,31,0
4993,49.930188836,66.659000000,100,1410,1215,31,0
4994,49.940189931,66.659000000,100,1410,1215,31,0
4995,49.950189883,66.578000000,100,1410,1215,31,0
4996,49.960189124,66.578000000,100,1410,1215,31,0
4997,49.970189246,66.578000000,100,1410,1215,31,0
4998,49.980191854,66.578000000,100,1410,1215,31,0
4999,49.990189501,66.578000000,100,1410,1215,31,0
5000,50.000190756,66.578000000,100,1410,1215,31,0
5001,50.010190027,66.578000000,100,1410,1215,31,0
5002,50.020191983,66.578000000,100,1410,1215,31,0
5003,50.030190322,66.578000000,100,1410,1215,31,0
5004,50.040189373,66.578000000,100,1410,1215,31,0
5005,50.050190237,66.572000000,100,1410,1215,31,0
5006,50.060189247,66.572000000,100,1410,1215,31,0
5007,50.070189931,66.572000000,100,1410,1215,31,0
5008,50.080189212,66.572000000,100,1410,1215,31,0
5009,50.090189354,66.572000000,100,1410,1215,31,0
5010,50.100188856,66.572000000,100,1410,1215,31,0
5011,50.110190090,66.572000000,100,1410,1215,31,0
5012,50.120189922,66.572000000,100,1410,1215,31,0
5013,50.130190325,66.572000000,100,1410,1215,31,0
5014,50.140189937,66.572000000,100,1410,1215,31,0
5015,50.150191693,66.767000000,100,1410,1215,31,0
5016,50.160190052,66.767000000,100,1410,1215,31,0
5017,50.170189633,66.767000000,100,1410,1215,31,0
5018,50.180189976,66.767000000,100,1410,1215,31,0
5019,50.190189518,66.767000000,100,1410,1215,31,0
5020,50.200189911,66.767000000,100,1410,1215,31,0
5021,50.210190063,66.767000000,100,1410,1215,31,0
5022,50.220190797,66.767000000,100,1410,1215,31,0
5023,50.230188705,66.767000000,100,1410,1215,31,0
5024,50.240189760,66.767000000,100,1410,1215,31,0
5025,50.250190293,66.767000000,100,1410,1215,31,0
5026,50.260189985,66.767000000,100,1410,1215,31,0
5027,50.270193684,66.767000000,100,1410,1215,31,0
5028,50.280189809,66.767000000,100,1410,1215,31,0
5029,50.290190372,66.767000000,100,1410,1215,31,0
5030,50.300190335,66.767000000,100,1410,1215,31,0
5031,50.310189666,66.767000000,100,1410,1215,31,0
5032,50.320190299,66.767000000,100,1410,1215,31,0
5033,50.330189841,66.767000000,100,1410,1215,31,0
5034,50.340189392,66.767000000,100,1410,1215,31,0
5035,50.350191168,66.670000000,100,1410,1215,31,0
5036,50.360191350,66.670000000,100,1410,1215,31,0
5037,50.370190161,66.670000000,100,1410,1215,31,0
5038,50.380191325,66.670000000,100,1410,1215,31,0
5039,50.390190366,66.670000000,100,1410,1215,31,0
5040,50.400194586,66.670000000,100,1410,1215,31,0
5041,50.410189859,66.670000000,100,1410,1215,31,0
5042,50.420191014,66.670000000,100,1410,1215,31,0
5043,50.430191387,66.670000000,100,1410,1215,31,0
5044,50.440189696,66.670000000,100,1410,1215,31,0
5045,50.450190740,66.872000000,100,1410,1215,31,0
5046,50.460190272,66.872000000,100,1410,1215,31,0
5047,50.470189202,66.872000000,100,1410,1215,31,0
5048,50.480190457,66.872000000,100,1410,1215,31,0
5049,50.490190940,66.872000000,100,1410,1215,31,0
5050,50.500317409,66.872000000,100,1410,1215,31,0
5051,50.510189682,66.872000000,100,1410,1215,31,0
5052,50.520191057,66.872000000,100,1410,1215,31,0
5053,50.530189046,66.872000000,100,1410,1215,31,0
5054,50.540190290,66.872000000,100,1410,1215,31,0
5055,50.550190413,66.872000000,100,1410,1215,31,0
5056,50.560189994,66.872000000,100,1410,1215,31,0
5057,50.570189916,66.872000000,100,1410,1215,31,0
5058,50.580189408,66.872000000,100,1410,1215,31,0
5059,50.590190181,66.872000000,100,1410,1215,31,0
5060,50.600189633,66.872000000,100,1410,1215,31,0
5061,50.610190807,66.872000000,100,1410,1215,31,0
5062,50.620190639,66.872000000,100,1410,1215,31,0
5063,50.630190341,66.872000000,100,1410,1215,31,0
5064,50.640189372,66.872000000,100,1410,1215,31,0
5065,50.650191308,66.669000000,100,1410,1215,31,0
5066,50.660189386,66.669000000,100,1410,1215,31,0
5067,50.670190140,66.669000000,100,1410,1215,31,0
5068,50.680194010,66.669000000,100,1410,1215,31,0
5069,50.690190325,66.669000000,100,1410,1215,31,0
5070,50.700190037,66.669000000,100,1410,1215,31,0
5071,50.710189608,66.669000000,100,1410,1215,31,0
5072,50.720191564,66.669000000,100,1410,1215,31,0
5073,50.730189062,66.669000000,100,1410,1215,31,0
5074,50.740189285,66.669000000,100,1410,1215,31,0
5075,50.750189908,66.670000000,100,1410,1215,31,0
5076,50.760190191,66.670000000,100,1410,1215,31,0
5077,50.770190253,66.670000000,100,1410,1215,31,0
5078,50.780190025,66.670000000,100,1410,1215,31,0
5079,50.790189757,66.670000000,100,1410,1215,31,0
5080,50.800194388,66.670000000,100,1410,1215,31,0
5081,50.810190222,66.670000000,100,1410,1215,31,0
5082,50.820189864,66.670000000,100,1410,1215,31,0
5083,50.830188985,66.670000000,100,1410,1215,31,0
5084,50.840190159,66.670000000,100,1410,1215,31,0
5085,50.850191063,66.884000000,100,1410,1215,31,0
5086,50.860190465,66.884000000,100,1410,1215,31,0
5087,50.870190988,66.884000000,100,1410,1215,31,0
5088,50.880193936,66.884000000,100,1410,1215,31,0
5089,50.890190772,66.884000000,100,1410,1215,31,0
5090,50.900190434,66.884000000,100,1410,1215,31,0
5091,50.910190045,66.884000000,100,1410,1215,31,0
5092,50.920190659,66.884000000,100,1410,1215,31,0
5093,50.930189849,66.884000000,100,1410,1215,31,0
5094,50.940189521,66.884000000,100,1410,1215,31,0
5095,50.950190746,66.884000000,100,1410,1215,31,0
5096,50.960189065,66.884000000,100,1410,1215,31,0
5097,50.970189137,66.884000000,100,1410,1215,31,0
5098,50.980189591,66.884000000,100,1410,1215,31,0
5099,50.990189272,66.884000000,100,1410,1215,31,0
5100,51.000190016,66.884000000,100,1410,1215,31,0
5101,51.010189066,66.884000000,100,1410,1215,31,0
5102,51.020191123,66.884000000,100,1410,1215,31,0
5103,51.030189652,66.884000000,100,1410,1215,31,0
5104,51.040189625,66.884000000,100,1410,1215,31,0
5105,51.050190278,66.669000000,100,1410,1215,31,0
5106,51.060189860,66.669000000,100,1410,1215,31,0
5107,51.070189131,66.669000000,100,1410,1215,31,0
5108,51.080190024,66.669000000,100,1410,1215,31,0
5109,51.090189466,66.669000000,100,1410,1215,31,0
5110,51.100190109,66.669000000,100,1410,1215,31,0
5111,51.110189601,66.669000000,100,1410,1215,31,0
5112,51.120189613,66.669000000,100,1410,1215,31,0
5113,51.130189976,66.669000000,100,1410,1215,31,0
5114,51.140189187,66.669000000,100,1410,1215,31,0
5115,51.150191273,66.793000000,100,1410,1215,31,0
5116,51.160190554,66.793000000,100,1410,1215,31,0
5117,51.170189685,66.793000000,100,1410,1215,31,0
5118,51.180191059,66.793000000,100,1410,1215,31,0
5119,51.190190851,66.793000000,100,1410,1215,31,0
5120,51.200189611,66.793000000,100,1410,1215,31,0
5121,51.210190806,66.793000000,100,1410,1215,31,0
5122,51.220190227,66.793000000,100,1410,1215,31,0
5123,51.230188957,66.793000000,100,1410,1215,31,0
5124,51.240189220,66.793000000,100,1410,1215,31,0
5125,51.250189493,66.884000000,100,1410,1215,31,0
5126,51.260190807,66.884000000,100,1410,1215,31,0
5127,51.270189457,66.884000000,100,1410,1215,31,0
5128,51.280189900,66.884000000,100,1410,1215,31,0
5129,51.290190153,66.884000000,100,1410,1215,31,0
5130,51.300190526,66.884000000,100,1410,1215,31,0
5131,51.310193234,66.884000000,100,1410,1215,31,0
5132,51.320191422,66.884000000,100,1410,1215,31,0
5133,51.330188289,66.884000000,100,1410,1215,31,0
5134,51.340189674,66.884000000,100,1410,1215,31,0
5135,51.350190678,66.781000000,100,1410,1215,31,0
5136,51.360190660,66.781000000,100,1410,1215,31,0
5137,51.370190402,66.781000000,100,1410,1215,31,0
5138,51.380189553,66.781000000,100,1410,1215,31,0
5139,51.390193963,66.781000000,100,1410,1215,31,0
5140,51.400195809,66.781000000,100,1410,1215,31,0
5141,51.410191624,66.781000000,100,1410,1215,31,0
5142,51.420190384,66.781000000,100,1410,1215,31,0
5143,51.430189234,66.781000000,100,1410,1215,31,0
5144,51.440189376,66.781000000,100,1410,1215,31,0
5145,51.450191142,66.785000000,100,1410,1215,31,0
5146,51.460190533,66.785000000,100,1410,1215,31,0
5147,51.470189754,66.785000000,100,1410,1215,31,0
5148,51.480188855,66.785000000,100,1410,1215,31,0
5149,51.490190129,66.785000000,100,1410,1215,31,0
5150,51.500190482,66.785000000,100,1410,1215,31,0
5151,51.510194612,66.785000000,100,1410,1215,31,0
5152,51.520192070,66.785000000,100,1410,1215,31,0
5153,51.530189858,66.785000000,100,1410,1215,31,0
5154,51.540189900,66.785000000,100,1410,1215,31,0
5155,51.550189863,66.884000000,100,1410,1215,31,0
5156,51.560189955,66.884000000,100,1410,1215,31,0
5157,51.570190108,66.884000000,100,1410,1215,31,0
5158,51.580190621,66.884000000,100,1410,1215,31,0
5159,51.590193749,66.884000000,100,1410,1215,31,0
5160,51.600191417,66.884000000,100,1410,1215,31,0
5161,51.610191049,66.884000000,100,1410,1215,31,0
5162,51.620191081,66.884000000,100,1410,1215,31,0
5163,51.630189360,66.884000000,100,1410,1215,31,0
5164,51.640190094,66.884000000,100,1410,1215,31,0
5165,51.650191329,66.884000000,100,1410,1215,31,0
5166,51.660189237,66.884000000,100,1410,1215,31,0
5167,51.670190341,66.884000000,100,1410,1215,31,0
5168,51.680190263,66.884000000,100,1410,1215,31,0
5169,51.690189885,66.884000000,100,1410,1215,31,0
5170,51.700190599,66.884000000,100,1410,1215,31,0
5171,51.710194098,66.884000000,100,1410,1215,31,0
5172,51.720190814,66.884000000,100,1410,1215,31,0
5173,51.730189864,66.884000000,100,1410,1215,31,0
5174,51.740189115,66.884000000,100,1410,1215,31,0
5175,51.750191271,66.694000000,100,1410,1215,31,0
5176,51.760190683,66.694000000,100,1410,1215,31,0
5177,51.770189363,66.694000000,100,1410,1215,31,0
5178,51.780189044,66.694000000,100,1410,1215,31,0
5179,51.790194667,66.694000000,100,1410,1215,31,0
5180,51.800190181,66.694000000,100,1410,1215,31,0
5181,51.810190053,66.694000000,100,1410,1215,31,0
5182,51.820190686,66.694000000,100,1410,1215,31,0
5183,51.830189467,66.694000000,100,1410,1215,31,0
5184,51.840189248,66.694000000,100,1410,1215,31,0
5185,51.850190112,66.591000000,100,1410,1215,31,0
5186,51.860190145,66.591000000,100,1410,1215,31,0
5187,51.870190167,66.591000000,100,1410,1215,31,0
5188,51.880190009,66.591000000,100,1410,1215,31,0
5189,51.890190071,66.591000000,100,1410,1215,31,0
5190,51.900190645,66.591000000,100,1410,1215,31,0
5191,51.910189956,66.591000000,100,1410,1215,31,0
5192,51.920191681,66.591000000,100,1410,1215,31,0
5193,51.930189710,66.591000000,100,1410,1215,31,0
5194,51.940189953,66.591000000,100,1410,1215,31,0
5195,51.950190656,66.865000000,100,1410,1215,31,0
5196,51.960191580,66.865000000,100,1410,1215,31,0
5197,51.970189980,66.865000000,100,1410,1215,31,0
5198,51.980189351,66.865000000,100,1410,1215,31,0
5199,51.990190084,66.865000000,100,1410,1215,31,0
5200,52.000189896,66.865000000,100,1410,1215,31,0
5201,52.010190350,66.865000000,100,1410,1215,31,0
5202,52.020190422,66.865000000,100,1410,1215,31,0
5203,52.030190575,66.865000000,100,1410,1215,31,0
5204,52.040190457,66.865000000,100,1410,1215,31,0
5205,52.050190720,66.786000000,100,1410,1215,31,0
5206,52.060190622,66.786000000,100,1410,1215,31,0
5207,52.070189081,66.786000000,100,1410,1215,31,0
5208,52.080189204,66.786000000,100,1410,1215,31,0
5209,52.090190198,66.786000000,100,1410,1215,31,0
5210,52.100190280,66.786000000,100,1410,1215,31,0
5211,52.110189952,66.786000000,100,1410,1215,31,0
5212,52.120195895,66.786000000,100,1410,1215,31,0
5213,52.130189486,66.786000000,100,1410,1215,31,0
5214,52.140189468,66.786000000,100,1410,1215,31,0
5215,52.150190252,66.786000000,100,1410,1215,31,0
5216,52.160190264,66.786000000,100,1410,1215,31,0
5217,52.170188743,66.786000000,100,1410,1215,31,0
5218,52.180190920,66.786000000,100,1410,1215,31,0
5219,52.190190351,66.786000000,100,1410,1215,31,0
5220,52.200194641,66.786000000,100,1410,1215,31,0
5221,52.210190456,66.786000000,100,1410,1215,31,0
5222,52.220190218,66.786000000,100,1410,1215,31,0
5223,52.230189709,66.786000000,100,1410,1215,31,0
5224,52.240189751,66.786000000,100,1410,1215,31,0
5225,52.250191126,66.786000000,100,1410,1215,31,0
5226,52.260189586,66.786000000,100,1410,1215,31,0
5227,52.270190510,66.786000000,100,1410,1215,31,0
5228,52.280194069,66.786000000,100,1410,1215,31,0
5229,52.290190134,66.786000000,100,1410,1215,31,0
5230,52.300190477,66.786000000,100,1410,1215,31,0
5231,52.310189657,66.786000000,100,1410,1215,31,0
5232,52.320191162,66.786000000,100,1410,1215,31,0
5233,52.330190023,66.786000000,100,1410,1215,31,0
5234,52.340189574,66.786000000,100,1410,1215,31,0
5235,52.350189306,66.658000000,100,1410,1215,31,0
5236,52.360190340,66.658000000,100,1410,1215,31,0
5237,52.370189842,66.658000000,100,1410,1215,31,0
5238,52.380190535,66.658000000,100,1410,1215,31,0
5239,52.390194365,66.658000000,100,1410,1215,31,0
5240,52.400190470,66.658000000,100,1410,1215,31,0
5241,52.410190722,66.658000000,100,1410,1215,31,0
5242,52.420191186,66.658000000,100,1410,1215,31,0
5243,52.430188914,66.658000000,100,1410,1215,31,0
5244,52.440189587,66.658000000,100,1410,1215,31,0
5245,52.450190141,66.688000000,100,1410,1215,31,0
5246,52.460190173,66.688000000,100,1410,1215,31,0
5247,52.470190866,66.688000000,100,1410,1215,31,0
5248,52.480189296,66.688000000,100,1410,1215,31,0
5249,52.490190270,66.688000000,100,1410,1215,31,0
5250,52.500190813,66.688000000,100,1410,1215,31,0
5251,52.510192459,66.688000000,100,1410,1215,31,0
5252,52.520190798,66.688000000,100,1410,1215,31,0
5253,52.530189578,66.688000000,100,1410,1215,31,0
5254,52.540189039,66.688000000,100,1410,1215,31,0
5255,52.550190735,66.786000000,100,1410,1215,31,0
5256,52.560188884,66.786000000,100,1410,1215,31,0
5257,52.570190308,66.786000000,100,1410,1215,31,0
5258,52.580189629,66.786000000,100,1410,1215,31,0
5259,52.590190363,66.786000000,100,1410,1215,31,0
5260,52.600189864,66.786000000,100,1410,1215,31,0
5261,52.610190047,66.786000000,100,1410,1215,31,0
5262,52.620191131,66.786000000,100,1410,1215,31,0
5263,52.630190102,66.786000000,100,1410,1215,31,0
5264,52.640190295,66.786000000,100,1410,1215,31,0
5265,52.650189936,66.864000000,100,1410,1215,31,0
5266,52.660190810,66.864000000,100,1410,1215,31,0
5267,52.670194109,66.864000000,100,1410,1215,31,0
5268,52.680190634,66.864000000,100,1410,1215,31,0
5269,52.690189234,66.864000000,100,1410,1215,31,0
5270,52.700190849,66.864000000,100,1410,1215,31,0
5271,52.710189980,66.864000000,100,1410,1215,31,0
5272,52.720191475,66.864000000,100,1410,1215,31,0
5273,52.730188853,66.864000000,100,1410,1215,31,0
5274,52.740190778,66.864000000,100,1410,1215,31,0
5275,52.750190801,66.676000000,100,1410,1215,31,0
5276,52.760189140,66.676000000,100,1410,1215,31,0
5277,52.770190775,66.676000000,100,1410,1215,31,0
5278,52.780190116,66.676000000,100,1410,1215,31,0
5279,52.790190780,66.676000000,100,1410,1215,31,0
5280,52.800189680,66.676000000,100,1410,1215,31,0
5281,52.810190023,66.676000000,100,1410,1215,31,0
5282,52.820191288,66.676000000,100,1410,1215,31,0
5283,52.830189807,66.676000000,100,1410,1215,31,0
5284,52.840188317,66.676000000,100,1410,1215,31,0
5285,52.850190433,66.658000000,100,1410,1215,31,0
5286,52.860188973,66.658000000,100,1410,1215,31,0
5287,52.870190488,66.658000000,100,1410,1215,31,0
5288,52.880189598,66.658000000,100,1410,1215,31,0
5289,52.890190051,66.658000000,100,1410,1215,31,0
5290,52.900189503,66.658000000,100,1410,1215,31,0
5291,52.910189365,66.658000000,100,1410,1215,31,0
5292,52.920191371,66.658000000,100,1410,1215,31,0
5293,52.930189139,66.658000000,100,1410,1215,31,0
5294,52.940190354,66.658000000,100,1410,1215,31,0
5295,52.950190706,66.864000000,100,1410,1215,31,0
5296,52.960189817,66.864000000,100,1410,1215,31,0
5297,52.970190571,66.864000000,100,1410,1215,31,0
5298,52.980190052,66.864000000,100,1410,1215,31,0
5299,52.990190135,66.864000000,100,1410,1215,31,0
5300,53.000191239,66.864000000,100,1410,1215,31,0
5301,53.010189197,66.864000000,100,1410,1215,31,0
5302,53.020190763,66.864000000,100,1410,1215,31,0
5303,53.030190034,66.864000000,100,1410,1215,31,0
5304,53.040189475,66.864000000,100,1410,1215,31,0
5305,53.050190759,66.578000000,100,1410,1215,31,0
5306,53.060188688,66.578000000,100,1410,1215,31,0
5307,53.070189842,66.578000000,100,1410,1215,31,0
5308,53.080191388,66.578000000,100,1410,1215,31,0
5309,53.090188935,66.578000000,100,1410,1215,31,0
5310,53.100189659,66.578000000,100,1410,1215,31,0
5311,53.110190723,66.578000000,100,1410,1215,31,0
5312,53.120190465,66.578000000,100,1410,1215,31,0
5313,53.130191569,66.578000000,100,1410,1215,31,0
5314,53.140190550,66.578000000,100,1410,1215,31,0
5315,53.150190983,66.676000000,100,1410,1215,31,0
5316,53.160190003,66.676000000,100,1410,1215,31,0
5317,53.170189405,66.676000000,100,1410,1215,31,0
5318,53.180190539,66.676000000,100,1410,1215,31,0
5319,53.190189810,66.676000000,100,1410,1215,31,0
5320,53.200190313,66.676000000,100,1410,1215,31,0
5321,53.210190165,66.676000000,100,1410,1215,31,0
5322,53.220190418,66.676000000,100,1410,1215,31,0
5323,53.230189559,66.676000000,100,1410,1215,31,0
5324,53.240198247,66.676000000,100,1410,1215,31,0
5325,53.250190355,66.884000000,100,1410,1215,31,0
5326,53.260189345,66.884000000,100,1410,1215,31,0
5327,53.270188997,66.884000000,100,1410,1215,31,0
5328,53.280190221,66.884000000,100,1410,1215,31,0
5329,53.290189923,66.884000000,100,1410,1215,31,0
5330,53.300194384,66.884000000,100,1410,1215,31,0
5331,53.310190058,66.884000000,100,1410,1215,31,0
5332,53.320189980,66.884000000,100,1410,1215,31,0
5333,53.330191265,66.884000000,100,1410,1215,31,0
5334,53.340188953,66.884000000,100,1410,1215,31,0
5335,53.350190117,66.786000000,100,1410,1215,31,0
5336,53.360188677,66.786000000,100,1410,1215,31,0
5337,53.370189801,66.786000000,100,1410,1215,31,0
5338,53.380190004,66.786000000,100,1410,1215,31,0
5339,53.390190287,66.786000000,100,1410,1215,31,0
5340,53.400189918,66.786000000,100,1410,1215,31,0
5341,53.410193708,66.786000000,100,1410,1215,31,0
5342,53.420190564,66.786000000,100,1410,1215,31,0
5343,53.430189444,66.786000000,100,1410,1215,31,0
5344,53.440190479,66.786000000,100,1410,1215,31,0
5345,53.450190130,66.451000000,100,1410,1215,31,0
5346,53.460190513,66.451000000,100,1410,1215,31,0
5347,53.470189203,66.451000000,100,1410,1215,31,0
5348,53.480189506,66.451000000,100,1410,1215,31,0
5349,53.490189328,66.451000000,100,1410,1215,31,0
5350,53.500194530,66.451000000,100,1410,1215,31,0
5351,53.510189372,66.451000000,100,1410,1215,31,0
5352,53.520190527,66.451000000,100,1410,1215,31,0
5353,53.530190620,66.451000000,100,1410,1215,31,0
5354,53.540189510,66.451000000,100,1410,1215,31,0
5355,53.550190033,66.658000000,100,1410,1215,31,0
5356,53.560188653,66.658000000,100,1410,1215,31,0
5357,53.570190178,66.658000000,100,1410,1215,31,0
5358,53.580190471,66.658000000,100,1410,1215,31,0
5359,53.590190333,66.658000000,100,1410,1215,31,0
5360,53.600189483,66.658000000,100,1410,1215,31,0
5361,53.610189636,66.658000000,100,1410,1215,31,0
5362,53.620189398,66.658000000,100,1410,1215,31,0
5363,53.630190222,66.658000000,100,1410,1215,31,0
5364,53.640188791,66.658000000,100,1410,1215,31,0
5365,53.650190727,66.884000000,100,1410,1215,31,0
5366,53.660193585,66.884000000,100,1410,1215,31,0
5367,53.670189479,66.884000000,100,1410,1215,31,0
5368,53.680190013,66.884000000,100,1410,1215,31,0
5369,53.690189664,66.884000000,100,1410,1215,31,0
5370,53.700193664,66.884000000,100,1410,1215,31,0
5371,53.710189639,66.884000000,100,1410,1215,31,0
5372,53.720190633,66.884000000,100,1410,1215,31,0
5373,53.730189423,66.884000000,100,1410,1215,31,0
5374,53.740189526,66.884000000,100,1410,1215,31,0
5375,53.750189859,66.676000000,100,1410,1215,31,0
5376,53.760189981,66.676000000,100,1410,1215,31,0
5377,53.770189633,66.676000000,100,1410,1215,31,0
5378,53.780190406,66.676000000,100,1410,1215,31,0
5379,53.790189918,66.676000000,100,1410,1215,31,0
5380,53.800190251,66.676000000,100,1410,1215,31,0
5381,53.810190033,66.676000000,100,1410,1215,31,0
5382,53.820190215,66.676000000,100,1410,1215,31,0
5383,53.830189777,66.676000000,100,1410,1215,31,0
5384,53.840188487,66.676000000,100,1410,1215,31,0
5385,53.850191264,66.756000000,100,1410,1215,31,0
5386,53.860190585,66.756000000,100,1410,1215,31,0
5387,53.870189806,66.756000000,100,1410,1215,31,0
5388,53.880190520,66.756000000,100,1410,1215,31,0
5389,53.890193908,66.756000000,100,1410,1215,31,0
5390,53.900193259,66.756000000,100,1410,1215,31,0
5391,53.910190196,66.756000000,100,1410,1215,31,0
5392,53.920190198,66.756000000,100,1410,1215,31,0
5393,53.930190200,66.756000000,100,1410,1215,31,0
5394,53.940189101,66.756000000,100,1410,1215,31,0
5395,53.950190195,66.982000000,100,1410,1215,31,0
5396,53.960189366,66.982000000,100,1410,1215,31,0
5397,53.970189699,66.982000000,100,1410,1215,31,0
5398,53.980189581,66.982000000,100,1410,1215,31,0
5399,53.990189843,66.982000000,100,1410,1215,31,0
5400,54.000189796,66.982000000,100,1410,1215,31,0
5401,54.010190098,66.982000000,100,1410,1215,31,0
5402,54.020190261,66.982000000,100,1410,1215,31,0
5403,54.030189572,66.982000000,100,1410,1215,31,0
5404,54.040189885,66.982000000,100,1410,1215,31,0
5405,54.050190378,66.561000000,100,1410,1215,31,0
5406,54.060190741,66.561000000,100,1410,1215,31,0
5407,54.070188750,66.561000000,100,1410,1215,31,0
5408,54.080191527,66.561000000,100,1410,1215,31,0
5409,54.090188995,66.561000000,100,1410,1215,31,0
5410,54.100189007,66.561000000,100,1410,1215,31,0
5411,54.110189821,66.561000000,100,1410,1215,31,0
5412,54.120189443,66.561000000,100,1410,1215,31,0
5413,54.130190356,66.561000000,100,1410,1215,31,0
5414,54.140188866,66.561000000,100,1410,1215,31,0
5415,54.150190962,66.549000000,100,1410,1215,31,0
5416,54.160189832,66.549000000,100,1410,1215,31,0
5417,54.170190305,66.549000000,100,1410,1215,31,0
5418,54.180192883,66.549000000,100,1410,1215,31,0
5419,54.190189799,66.549000000,100,1410,1215,31,0
5420,54.200190012,66.549000000,100,1410,1215,31,0
5421,54.210194372,66.549000000,100,1410,1215,31,0
5422,54.220190778,66.549000000,100,1410,1215,31,0
5423,54.230189588,66.549000000,100,1410,1215,31,0
5424,54.240190312,66.549000000,100,1410,1215,31,0
5425,54.250190785,66.786000000,100,1410,1215,31,0
5426,54.260190587,66.786000000,100,1410,1215,31,0
5427,54.270189417,66.786000000,100,1410,1215,31,0
5428,54.280190130,66.786000000,100,1410,1215,31,0
5429,54.290193319,66.786000000,100,1410,1215,31,0
5430,54.300189885,66.786000000,100,1410,1215,31,0
5431,54.310189997,66.786000000,100,1410,1215,31,0
5432,54.320190290,66.786000000,100,1410,1215,31,0
5433,54.330189681,66.786000000,100,1410,1215,31,0
5434,54.340189162,66.786000000,100,1410,1215,31,0
5435,54.350190086,66.994000000,100,1410,1215,31,0
5436,54.360190139,66.994000000,100,1410,1215,31,0
5437,54.370193748,66.994000000,100,1410,1215,31,0
5438,54.380189282,66.994000000,100,1410,1215,31,0
5439,54.390189625,66.994000000,100,1410,1215,31,0
5440,54.400194366,66.994000000,100,1410,1215,31,0
5441,54.410190240,66.994000000,100,1410,1215,31,0
5442,54.420190243,66.994000000,100,1410,1215,31,0
5443,54.430190215,66.994000000,100,1410,1215,31,0
5444,54.440190778,66.994000000,100,1410,1215,31,0
5445,54.450191101,66.665000000,100,1410,1215,31,0
5446,54.460189480,66.665000000,100,1410,1215,31,0
5447,54.470190224,66.665000000,100,1410,1215,31,0
5448,54.480188834,66.665000000,100,1410,1215,31,0
5449,54.490190259,66.665000000,100,1410,1215,31,0
5450,54.500189530,66.665000000,100,1410,1215,31,0
5451,54.510189342,66.665000000,100,1410,1215,31,0
5452,54.520188192,66.665000000,100,1410,1215,31,0
5453,54.530189877,66.665000000,100,1410,1215,31,0
5454,54.540189769,66.665000000,100,1410,1215,31,0
5455,54.550190302,66.762000000,100,1410,1215,31,0
5456,54.560189734,66.762000000,100,1410,1215,31,0
5457,54.570189385,66.762000000,100,1410,1215,31,0
5458,54.580190600,66.762000000,100,1410,1215,31,0
5459,54.590195592,66.762000000,100,1410,1215,31,0
5460,54.600191276,66.762000000,100,1410,1215,31,0
5461,54.610189725,66.762000000,100,1410,1215,31,0
5462,54.620191110,66.762000000,100,1410,1215,31,0
5463,54.630189800,66.762000000,100,1410,1215,31,0
5464,54.640189451,66.762000000,100,1410,1215,31,0
5465,54.650190856,66.883000000,100,1410,1215,31,0
5466,54.660189646,66.883000000,100,1410,1215,31,0
5467,54.670190260,66.883000000,100,1410,1215,31,0
5468,54.680190322,66.883000000,100,1410,1215,31,0
5469,54.690190946,66.883000000,100,1410,1215,31,0
5470,54.700190507,66.883000000,100,1410,1215,31,0
5471,54.710191301,66.883000000,100,1410,1215,31,0
5472,54.720188358,66.883000000,100,1410,1215,31,0
5473,54.730190855,66.883000000,100,1410,1215,31,0
5474,54.740189735,66.883000000,100,1410,1215,31,0
5475,54.750190719,66.670000000,100,1410,1215,31,0
5476,54.760189409,66.670000000,100,1410,1215,31,0
5477,54.770189952,66.670000000,100,1410,1215,31,0
5478,54.780190125,66.670000000,100,1410,1215,31,0
5479,54.790194405,66.670000000,100,1410,1215,31,0
5480,54.800189909,66.670000000,100,1410,1215,31,0
5481,54.810189921,66.670000000,100,1410,1215,31,0
5482,54.820189974,66.670000000,100,1410,1215,31,0
5483,54.830189796,66.670000000,100,1410,1215,31,0
5484,54.840189557,66.670000000,100,1410,1215,31,0
5485,54.850190181,66.659000000,100,1410,1215,31,0
5486,54.860189682,66.659000000,100,1410,1215,31,0
5487,54.870190145,66.659000000,100,1410,1215,31,0
5488,54.880190007,66.659000000,100,1410,1215,31,0
5489,54.890189809,66.659000000,100,1410,1215,31,0
5490,54.900194741,66.659000000,100,1410,1215,31,0
5491,54.910189944,66.659000000,100,1410,1215,31,0
5492,54.920188173,66.659000000,100,1410,1215,31,0
5493,54.930190900,66.659000000,100,1410,1215,31,0
5494,54.940189290,66.659000000,100,1410,1215,31,0
5495,54.950190614,66.975000000,100,1410,1215,31,0
5496,54.960188673,66.975000000,100,1410,1215,31,0
5497,54.970190318,66.975000000,100,1410,1215,31,0
5498,54.980188688,66.975000000,100,1410,1215,31,0
5499,54.990189732,66.975000000,100,1410,1215,31,0
5500,55.000188953,66.975000000,100,1410,1215,31,0
5501,55.010189636,66.975000000,100,1410,1215,31,0
5502,55.020186292,66.975000000,100,1410,1215,31,0
5503,55.030190623,66.975000000,100,1410,1215,31,0
5504,55.040189212,66.975000000,100,1410,1215,31,0
5505,55.050190747,66.883000000,100,1410,1215,31,0
5506,55.060190559,66.883000000,100,1410,1215,31,0
5507,55.070193627,66.883000000,100,1410,1215,31,0
5508,55.080190043,66.883000000,100,1410,1215,31,0
5509,55.090193552,66.883000000,100,1410,1215,31,0
5510,55.100190508,66.883000000,100,1410,1215,31,0
5511,55.110190140,66.883000000,100,1410,1215,31,0
5512,55.120185734,66.883000000,100,1410,1215,31,0
5513,55.130189463,66.883000000,100,1410,1215,31,0
5514,55.140189916,66.883000000,100,1410,1215,31,0
5515,55.150190259,66.658000000,100,1410,1215,31,0
5516,55.160189771,66.658000000,100,1410,1215,31,0
5517,55.170190374,66.658000000,100,1410,1215,31,0
5518,55.180190446,66.658000000,100,1410,1215,31,0
5519,55.190190499,66.658000000,100,1410,1215,31,0
5520,55.200194338,66.658000000,100,1410,1215,31,0
5521,55.210190053,66.658000000,100,1410,1215,31,0
5522,55.220185266,66.658000000,100,1410,1215,31,0
5523,55.230190728,66.658000000,100,1410,1215,31,0
5524,55.240189378,66.658000000,100,1410,1215,31,0
5525,55.250190813,66.767000000,100,1410,1215,31,0
5526,55.260190605,66.767000000,100,1410,1215,31,0
5527,55.270190948,66.767000000,100,1410,1215,31,0
5528,55.280190500,66.767000000,100,1410,1215,31,0
5529,55.290190702,66.767000000,100,1410,1215,31,0
5530,55.300189803,66.767000000,100,1410,1215,31,0
5531,55.310190216,66.767000000,100,1410,1215,31,0
5532,55.320189356,66.767000000,100,1410,1215,31,0
5533,55.330189930,66.767000000,100,1410,1215,31,0
5534,55.340190323,66.767000000,100,1410,1215,31,0
5535,55.350191778,66.780000000,100,1410,1215,31,0
5536,55.360189676,66.780000000,100,1410,1215,31,0
5537,55.370190049,66.780000000,100,1410,1215,31,0
5538,55.380190472,66.780000000,100,1410,1215,31,0
5539,55.390194442,66.780000000,100,1410,1215,31,0
5540,55.400190687,66.780000000,100,1410,1215,31,0
5541,55.410190790,66.780000000,100,1410,1215,31,0
5542,55.420201151,66.780000000,100,1410,1215,31,0
5543,55.430191325,66.780000000,100,1410,1215,31,0
5544,55.440189614,66.780000000,100,1410,1215,31,0
5545,55.450191039,66.884000000,100,1410,1215,31,0
5546,55.460193636,66.884000000,100,1410,1215,31,0
5547,55.470190413,66.884000000,100,1410,1215,31,0
5548,55.480193431,66.884000000,100,1410,1215,31,0
5549,55.490190698,66.884000000,100,1410,1215,31,0
5550,55.500189828,66.884000000,100,1410,1215,31,0
5551,55.510189169,66.884000000,100,1410,1215,31,0
5552,55.520193680,66.884000000,100,1410,1215,31,0
5553,55.530190847,66.884000000,100,1410,1215,31,0
5554,55.540190138,66.884000000,100,1410,1215,31,0
5555,55.550191513,66.884000000,100,1410,1215,31,0
5556,55.560189131,66.884000000,100,1410,1215,31,0
5557,55.570190105,66.884000000,100,1410,1215,31,0
5558,55.580193814,66.884000000,100,1410,1215,31,0
5559,55.590190380,66.884000000,100,1410,1215,31,0
5560,55.600189400,66.884000000,100,1410,1215,31,0
5561,55.610193460,66.884000000,100,1410,1215,31,0
5562,55.620190046,66.884000000,100,1410,1215,31,0
5563,55.630190820,66.884000000,100,1410,1215,31,0
5564,55.640194940,66.884000000,100,1410,1215,31,0
5565,55.650191486,66.884000000,100,1410,1215,31,0
5566,55.660190927,66.884000000,100,1410,1215,31,0
5567,55.670189366,66.884000000,100,1410,1215,31,0
5568,55.680190060,66.884000000,100,1410,1215,31,0
5569,55.690190142,66.884000000,100,1410,1215,31,0
5570,55.700190205,66.884000000,100,1410,1215,31,0
5571,55.710189125,66.884000000,100,1410,1215,31,0
5572,55.720189758,66.884000000,100,1410,1215,31,0
5573,55.730190372,66.884000000,100,1410,1215,31,0
5574,55.740193500,66.884000000,100,1410,1215,31,0
5575,55.750190467,66.787000000,100,1410,1215,31,0
5576,55.760189918,66.787000000,100,1410,1215,31,0
5577,55.770323861,66.787000000,100,1410,1215,31,0
5578,55.780194381,66.787000000,100,1410,1215,31,0
5579,55.790190496,66.787000000,100,1410,1215,31,0
5580,55.800190017,66.787000000,100,1410,1215,31,0
5581,55.810191272,66.787000000,100,1410,1215,31,0
5582,55.820190092,66.787000000,100,1410,1215,31,0
5583,55.830190124,66.787000000,100,1410,1215,31,0
5584,55.840190327,66.787000000,100,1410,1215,31,0
5585,55.850190630,66.866000000,100,1410,1215,31,0
5586,55.860193197,66.866000000,100,1410,1215,31,0
5587,55.870190334,66.866000000,100,1410,1215,31,0
5588,55.880189835,66.866000000,100,1410,1215,31,0
5589,55.890189787,66.866000000,100,1410,1215,31,0
5590,55.900197113,66.866000000,100,1410,1215,31,0
5591,55.910189812,66.866000000,100,1410,1215,31,0
5592,55.920189964,66.866000000,100,1410,1215,31,0
5593,55.930191540,66.866000000,100,1410,1215,31,0
5594,55.940190470,66.866000000,100,1410,1215,31,0
5595,55.950190622,66.670000000,100,1410,1215,31,0
5596,55.960190394,66.670000000,100,1410,1215,31,0
5597,55.970189465,66.670000000,100,1410,1215,31,0
5598,55.980195128,66.670000000,100,1410,1215,31,0
5599,55.990187987,66.670000000,100,1410,1215,31,0
5600,56.000187698,66.670000000,100,1410,1215,31,0
5601,56.010187150,66.670000000,100,1410,1215,31,0
5602,56.020190318,66.670000000,100,1410,1215,31,0
5603,56.030190380,66.670000000,100,1410,1215,31,0
5604,56.040189521,66.670000000,100,1410,1215,31,0
5605,56.050191497,66.785000000,100,1410,1215,31,0
5606,56.060189616,66.785000000,100,1410,1215,31,0
5607,56.070189848,66.785000000,100,1410,1215,31,0
5608,56.080188929,66.785000000,100,1410,1215,31,0
5609,56.090190725,66.785000000,100,1410,1215,31,0
5610,56.100189685,66.785000000,100,1410,1215,31,0
5611,56.110189797,66.785000000,100,1410,1215,31,0
5612,56.120190060,66.785000000,100,1410,1215,31,0
5613,56.130190764,66.785000000,100,1410,1215,31,0
5614,56.140189173,66.785000000,100,1410,1215,31,0
5615,56.150190097,66.787000000,100,1410,1215,31,0
5616,56.160190470,66.787000000,100,1410,1215,31,0
5617,56.170190051,66.787000000,100,1410,1215,31,0
5618,56.180190314,66.787000000,100,1410,1215,31,0
5619,56.190189886,66.787000000,100,1410,1215,31,0
5620,56.200190108,66.787000000,100,1410,1215,31,0
5621,56.210189289,66.787000000,100,1410,1215,31,0
5622,56.220190734,66.787000000,100,1410,1215,31,0
5623,56.230189594,66.787000000,100,1410,1215,31,0
5624,56.240190779,66.787000000,100,1410,1215,31,0
5625,56.250191122,67.073000000,100,1410,1215,31,0
5626,56.260190623,67.073000000,100,1410,1215,31,0
5627,56.270189894,67.073000000,100,1410,1215,31,0
5628,56.280190387,67.073000000,100,1410,1215,31,0
5629,56.290190249,67.073000000,100,1410,1215,31,0
5630,56.300190061,67.073000000,100,1410,1215,31,0
5631,56.310190714,67.073000000,100,1410,1215,31,0
5632,56.320190246,67.073000000,100,1410,1215,31,0
5633,56.330190068,67.073000000,100,1410,1215,31,0
5634,56.340189549,67.073000000,100,1410,1215,31,0
5635,56.350190744,66.884000000,100,1410,1215,31,0
5636,56.360190065,66.884000000,100,1410,1215,31,0
5637,56.370190297,66.884000000,100,1410,1215,31,0
5638,56.380189779,66.884000000,100,1410,1215,31,0
5639,56.390190051,66.884000000,100,1410,1215,31,0
5640,56.400189743,66.884000000,100,1410,1215,31,0
5641,56.410191539,66.884000000,100,1410,1215,31,0
5642,56.420194487,66.884000000,100,1410,1215,31,0
5643,56.430189930,66.884000000,100,1410,1215,31,0
5644,56.440192037,66.884000000,100,1410,1215,31,0
5645,56.450190646,66.767000000,100,1410,1215,31,0
5646,56.460190689,66.767000000,100,1410,1215,31,0
5647,56.470189108,66.767000000,100,1410,1215,31,0
5648,56.480190342,66.767000000,100,1410,1215,31,0
5649,56.490190164,66.767000000,100,1410,1215,31,0
5650,56.500190618,66.767000000,100,1410,1215,31,0
5651,56.510194146,66.767000000,100,1410,1215,31,0
5652,56.520190712,66.767000000,100,1410,1215,31,0
5653,56.530189623,66.767000000,100,1410,1215,31,0
5654,56.540189705,66.767000000,100,1410,1215,31,0
5655,56.550190960,66.865000000,100,1410,1215,31,0
5656,56.560189489,66.865000000,100,1410,1215,31,0
5657,56.570189982,66.865000000,100,1410,1215,31,0
5658,56.580190185,66.865000000,100,1410,1215,31,0
5659,56.590189987,66.865000000,100,1410,1215,31,0
5660,56.600189198,66.865000000,100,1410,1215,31,0
5661,56.610190773,66.865000000,100,1410,1215,31,0
5662,56.620190885,66.865000000,100,1410,1215,31,0
5663,56.630190297,66.865000000,100,1410,1215,31,0
5664,56.640189477,66.865000000,100,1410,1215,31,0
5665,56.650190942,66.864000000,100,1410,1215,31,0
5666,56.660189502,66.864000000,100,1410,1215,31,0
5667,56.670190476,66.864000000,100,1410,1215,31,0
5668,56.680189637,66.864000000,100,1410,1215,31,0
5669,56.690189609,66.864000000,100,1410,1215,31,0
5670,56.700189271,66.864000000,100,1410,1215,31,0
5671,56.710189964,66.864000000,100,1410,1215,31,0
5672,56.720190407,66.864000000,100,1410,1215,31,0
5673,56.730190780,66.864000000,100,1410,1215,31,0
5674,56.740190282,66.864000000,100,1410,1215,31,0
5675,56.750190915,66.688000000,100,1410,1215,31,0
5676,56.760190056,66.688000000,100,1410,1215,31,0
5677,56.770193615,66.688000000,100,1410,1215,31,0
5678,56.780191162,66.688000000,100,1410,1215,31,0
5679,56.790190163,66.688000000,100,1410,1215,31,0
5680,56.800190165,66.688000000,100,1410,1215,31,0
5681,56.810190247,66.688000000,100,1410,1215,31,0
5682,56.820191732,66.688000000,100,1410,1215,31,0
5683,56.830190542,66.688000000,100,1410,1215,31,0
5684,56.840189653,66.688000000,100,1410,1215,31,0
5685,56.850190828,66.878000000,100,1410,1215,31,0
5686,56.860188646,66.878000000,100,1410,1215,31,0
5687,56.870189990,66.878000000,100,1410,1215,31,0
5688,56.880189532,66.878000000,100,1410,1215,31,0
5689,56.890193822,66.878000000,100,1410,1215,31,0
5690,56.900190338,66.878000000,100,1410,1215,31,0
5691,56.910189909,66.878000000,100,1410,1215,31,0
5692,56.920189391,66.878000000,100,1410,1215,31,0
5693,56.930189804,66.878000000,100,1410,1215,31,0
5694,56.940188423,66.878000000,100,1410,1215,31,0
5695,56.950190930,66.878000000,100,1410,1215,31,0
5696,56.960190692,66.878000000,100,1410,1215,31,0
5697,56.970189843,66.878000000,100,1410,1215,31,0
5698,56.980192280,66.878000000,100,1410,1215,31,0
5699,56.990187613,66.878000000,100,1410,1215,31,0
5700,57.000190681,66.878000000,100,1410,1215,31,0
5701,57.010189010,66.878000000,100,1410,1215,31,0
5702,57.020190826,66.878000000,100,1410,1215,31,0
5703,57.030189746,66.878000000,100,1410,1215,31,0
5704,57.040190209,66.878000000,100,1410,1215,31,0
5705,57.050190292,66.756000000,100,1410,1215,31,0
5706,57.060190394,66.756000000,100,1410,1215,31,0
5707,57.070189194,66.756000000,100,1410,1215,31,0
5708,57.080189557,66.756000000,100,1410,1215,31,0
5709,57.090189970,66.756000000,100,1410,1215,31,0
5710,57.100189472,66.756000000,100,1410,1215,31,0
5711,57.110190175,66.756000000,100,1410,1215,31,0
5712,57.120189506,66.756000000,100,1410,1215,31,0
5713,57.130190250,66.756000000,100,1410,1215,31,0
5714,57.140189090,66.756000000,100,1410,1215,31,0
5715,57.150190926,66.578000000,100,1410,1215,31,0
5716,57.160190337,66.578000000,100,1410,1215,31,0
5717,57.170190780,66.578000000,100,1410,1215,31,0
5718,57.180190281,66.578000000,100,1410,1215,31,0
5719,57.190190955,66.578000000,100,1410,1215,31,0
5720,57.200189855,66.578000000,100,1410,1215,31,0
5721,57.210194676,66.578000000,100,1410,1215,31,0
5722,57.220190551,66.578000000,100,1410,1215,31,0
5723,57.230190233,66.578000000,100,1410,1215,31,0
5724,57.240189914,66.578000000,100,1410,1215,31,0
5725,57.250189977,66.785000000,100,1410,1215,31,0
5726,57.260190991,66.785000000,100,1410,1215,31,0
5727,57.270191033,66.785000000,100,1410,1215,31,0
5728,57.280190294,66.785000000,100,1410,1215,31,0
5729,57.290212478,66.785000000,100,1410,1215,31,0
5730,57.300198364,66.785000000,100,1410,1215,31,0
5731,57.310190191,66.785000000,100,1410,1215,31,0
5732,57.320190293,66.785000000,100,1410,1215,31,0
5733,57.330190075,66.785000000,100,1410,1215,31,0
5734,57.340190989,66.785000000,100,1410,1215,31,0
5735,57.350190560,66.786000000,100,1410,1215,31,0
5736,57.360190082,66.786000000,100,1410,1215,31,0
5737,57.370189513,66.786000000,100,1410,1215,31,0
5738,57.380189495,66.786000000,100,1410,1215,31,0
5739,57.390190449,66.786000000,100,1410,1215,31,0
5740,57.400189530,66.786000000,100,1410,1215,31,0
5741,57.410194041,66.786000000,100,1410,1215,31,0
5742,57.420194884,66.786000000,100,1410,1215,31,0
5743,57.430190418,66.786000000,100,1410,1215,31,0
5744,57.440190200,66.786000000,100,1410,1215,31,0
5745,57.450190723,66.676000000,100,1410,1215,31,0
5746,57.460190595,66.676000000,100,1410,1215,31,0
5747,57.470189696,66.676000000,100,1410,1215,31,0
5748,57.480194006,66.676000000,100,1410,1215,31,0
5749,57.490190462,66.676000000,100,1410,1215,31,0
5750,57.500190184,66.676000000,100,1410,1215,31,0
5751,57.510190256,66.676000000,100,1410,1215,31,0
5752,57.520189537,66.676000000,100,1410,1215,31,0
5753,57.530191122,66.676000000,100,1410,1215,31,0
5754,57.540190483,66.676000000,100,1410,1215,31,0
5755,57.550190726,66.865000000,100,1410,1215,31,0
5756,57.560194295,66.865000000,100,1410,1215,31,0
5757,57.570194949,66.865000000,100,1410,1215,31,0
5758,57.580190693,66.865000000,100,1410,1215,31,0
5759,57.590189924,66.865000000,100,1410,1215,31,0
5760,57.600189255,66.865000000,100,1410,1215,31,0
5761,57.610188686,66.865000000,100,1410,1215,31,0
5762,57.620189971,66.865000000,100,1410,1215,31,0
5763,57.630190113,66.865000000,100,1410,1215,31,0
5764,57.640189654,66.865000000,100,1410,1215,31,0
5765,57.650194797,66.865000000,100,1410,1215,31,0
5766,57.660190561,66.865000000,100,1410,1215,31,0
5767,57.670189982,66.865000000,100,1410,1215,31,0
5768,57.680189704,66.865000000,100,1410,1215,31,0
5769,57.690189966,66.865000000,100,1410,1215,31,0
5770,57.700189949,66.865000000,100,1410,1215,31,0
5771,57.710189510,66.865000000,100,1410,1215,31,0
5772,57.720189673,66.865000000,100,1410,1215,31,0
5773,57.730190466,66.865000000,100,1410,1215,31,0
5774,57.740189848,66.865000000,100,1410,1215,31,0
5775,57.750190431,66.762000000,100,1410,1215,31,0
5776,57.760188910,66.762000000,100,1410,1215,31,0
5777,57.770189524,66.762000000,100,1410,1215,31,0
5778,57.780189486,66.762000000,100,1410,1215,31,0
5779,57.790191011,66.762000000,100,1410,1215,31,0
5780,57.800190512,66.762000000,100,1410,1215,31,0
5781,57.810190134,66.762000000,100,1410,1215,31,0
5782,57.820190116,66.762000000,100,1410,1215,31,0
5783,57.830190138,66.762000000,100,1410,1215,31,0
5784,57.840190501,66.762000000,100,1410,1215,31,0
5785,57.850190834,66.578000000,100,1410,1215,31,0
5786,57.860190215,66.578000000,100,1410,1215,31,0
5787,57.870189927,66.578000000,100,1410,1215,31,0
5788,57.880190491,66.578000000,100,1410,1215,31,0
5789,57.890193558,66.578000000,100,1410,1215,31,0
5790,57.900194202,66.578000000,100,1410,1215,31,0
5791,57.910190467,66.578000000,100,1410,1215,31,0
5792,57.920190700,66.578000000,100,1410,1215,31,0
5793,57.930190592,66.578000000,100,1410,1215,31,0
5794,57.940190143,66.578000000,100,1410,1215,31,0
5795,57.950190707,66.688000000,100,1410,1215,31,0
5796,57.960193304,66.688000000,100,1410,1215,31,0
5797,57.970190250,66.688000000,100,1410,1215,31,0
5798,57.980190693,66.688000000,100,1410,1215,31,0
5799,57.990189854,66.688000000,100,1410,1215,31,0
5800,58.000193403,66.688000000,100,1410,1215,31,0
5801,58.010189959,66.688000000,100,1410,1215,31,0
5802,58.020190402,66.688000000,100,1410,1215,31,0
5803,58.030189983,66.688000000,100,1410,1215,31,0
5804,58.040189154,66.688000000,100,1410,1215,31,0
5805,58.050194857,66.767000000,100,1410,1215,31,0
5806,58.060190712,66.767000000,100,1410,1215,31,0
5807,58.070190363,66.767000000,100,1410,1215,31,0
5808,58.080190085,66.767000000,100,1410,1215,31,0
5809,58.090190398,66.767000000,100,1410,1215,31,0
5810,58.100190440,66.767000000,100,1410,1215,31,0
5811,58.110190412,66.767000000,100,1410,1215,31,0
5812,58.120191206,66.767000000,100,1410,1215,31,0
5813,58.130190387,66.767000000,100,1410,1215,31,0
5814,58.140189788,66.767000000,100,1410,1215,31,0
5815,58.150191063,66.767000000,100,1410,1215,31,0
5816,58.160189993,66.767000000,100,1410,1215,31,0
5817,58.170190366,66.767000000,100,1410,1215,31,0
5818,58.180189697,66.767000000,100,1410,1215,31,0
5819,58.190189088,66.767000000,100,1410,1215,31,0
5820,58.200189691,66.767000000,100,1410,1215,31,0
5821,58.210189894,66.767000000,100,1410,1215,31,0
5822,58.220190007,66.767000000,100,1410,1215,31,0
5823,58.230194277,66.767000000,100,1410,1215,31,0
5824,58.240194239,66.767000000,100,1410,1215,31,0
5825,58.250191185,66.767000000,100,1410,1215,31,0
5826,58.260190076,66.767000000,100,1410,1215,31,0
5827,58.270189026,66.767000000,100,1410,1215,31,0
5828,58.280189810,66.767000000,100,1410,1215,31,0
5829,58.290193749,66.767000000,100,1410,1215,31,0
5830,58.300190636,66.767000000,100,1410,1215,31,0
5831,58.310189827,66.767000000,100,1410,1215,31,0
5832,58.320189488,66.767000000,100,1410,1215,31,0
5833,58.330191033,66.767000000,100,1410,1215,31,0
5834,58.340193590,66.767000000,100,1410,1215,31,0
5835,58.350190467,66.981000000,100,1410,1215,31,0
5836,58.360190018,66.981000000,100,1410,1215,31,0
5837,58.370194769,66.981000000,100,1410,1215,31,0
5838,58.380189943,66.981000000,100,1410,1215,31,0
5839,58.390189554,66.981000000,100,1410,1215,31,0
5840,58.400190067,66.981000000,100,1410,1215,31,0
5841,58.410194027,66.981000000,100,1410,1215,31,0
5842,58.420189952,66.981000000,100,1410,1215,31,0
5843,58.430190284,66.981000000,100,1410,1215,31,0
5844,58.440190076,66.981000000,100,1410,1215,31,0
5845,58.450191642,66.762000000,100,1410,1215,31,0
5846,58.460193668,66.762000000,100,1410,1215,31,0
5847,58.470190274,66.762000000,100,1410,1215,31,0
5848,58.480189715,66.762000000,100,1410,1215,31,0
5849,58.490190989,66.762000000,100,1410,1215,31,0
5850,58.500190751,66.762000000,100,1410,1215,31,0
5851,58.510190253,66.762000000,100,1410,1215,31,0
5852,58.520190024,66.762000000,100,1410,1215,31,0
5853,58.530194365,66.762000000,100,1410,1215,31,0
5854,58.540194257,66.762000000,100,1410,1215,31,0
5855,58.550195020,66.567000000,100,1410,1215,31,0
5856,58.560188961,66.567000000,100,1410,1215,31,0
5857,58.570189314,66.567000000,100,1410,1215,31,0
5858,58.580189938,66.567000000,100,1410,1215,31,0
5859,58.590189379,66.567000000,100,1410,1215,31,0
5860,58.600189712,66.567000000,100,1410,1215,31,0
5861,58.610193892,66.567000000,100,1410,1215,31,0
5862,58.620190297,66.567000000,100,1410,1215,31,0
5863,58.630190640,66.567000000,100,1410,1215,31,0
5864,58.640189571,66.567000000,100,1410,1215,31,0
5865,58.650190976,66.767000000,100,1410,1215,31,0
5866,58.660190056,66.767000000,100,1410,1215,31,0
5867,58.670190098,66.767000000,100,1410,1215,31,0
5868,58.680189389,66.767000000,100,1410,1215,31,0
5869,58.690190203,66.767000000,100,1410,1215,31,0
5870,58.700190025,66.767000000,100,1410,1215,31,0
5871,58.710189587,66.767000000,100,1410,1215,31,0
5872,58.720189990,66.767000000,100,1410,1215,31,0
5873,58.730190332,66.767000000,100,1410,1215,31,0
5874,58.740194482,66.767000000,100,1410,1215,31,0
5875,58.750195016,66.756000000,100,1410,1215,31,0
5876,58.760193846,66.756000000,100,1410,1215,31,0
5877,58.770190271,66.756000000,100,1410,1215,31,0
5878,58.780190364,66.756000000,100,1410,1215,31,0
5879,58.790189174,66.756000000,100,1410,1215,31,0
5880,58.800189266,66.756000000,100,1410,1215,31,0
5881,58.810190411,66.756000000,100,1410,1215,31,0
5882,58.820191625,66.756000000,100,1410,1215,31,0
5883,58.830190195,66.756000000,100,1410,1215,31,0
5884,58.840194555,66.756000000,100,1410,1215,31,0
5885,58.850192213,66.785000000,100,1410,1215,31,0
5886,58.860190612,66.785000000,100,1410,1215,31,0
5887,58.870190454,66.785000000,100,1410,1215,31,0
5888,58.880190156,66.785000000,100,1410,1215,31,0
5889,58.890194587,66.785000000,100,1410,1215,31,0
5890,58.900190160,66.785000000,100,1410,1215,31,0
5891,58.910189602,66.785000000,100,1410,1215,31,0
5892,58.920190125,66.785000000,100,1410,1215,31,0
5893,58.930190378,66.785000000,100,1410,1215,31,0
5894,58.940189989,66.785000000,100,1410,1215,31,0
5895,58.950190152,66.864000000,100,1410,1215,31,0
5896,58.960189372,66.864000000,100,1410,1215,31,0
5897,58.970193272,66.864000000,100,1410,1215,31,0
5898,58.980189597,66.864000000,100,1410,1215,31,0
5899,58.990188548,66.864000000,100,1410,1215,31,0
5900,59.000188871,66.864000000,100,1410,1215,31,0
5901,59.010189574,66.864000000,100,1410,1215,31,0
5902,59.020189226,66.864000000,100,1410,1215,31,0
5903,59.030190551,66.864000000,100,1410,1215,31,0
5904,59.040189511,66.864000000,100,1410,1215,31,0
5905,59.050191046,66.775000000,100,1410,1215,31,0
5906,59.060190076,66.775000000,100,1410,1215,31,0
5907,59.070194206,66.775000000,100,1410,1215,31,0
5908,59.080190632,66.775000000,100,1410,1215,31,0
5909,59.090189763,66.775000000,100,1410,1215,31,0
5910,59.100189955,66.775000000,100,1410,1215,31,0
5911,59.110189847,66.775000000,100,1410,1215,31,0
5912,59.120189900,66.775000000,100,1410,1215,31,0
5913,59.130194280,66.775000000,100,1410,1215,31,0
5914,59.140190415,66.775000000,100,1410,1215,31,0
5915,59.150191129,66.767000000,100,1410,1215,31,0
5916,59.160189738,66.767000000,100,1410,1215,31,0
5917,59.170190011,66.767000000,100,1410,1215,31,0
5918,59.180194131,66.767000000,100,1410,1215,31,0
5919,59.190190416,66.767000000,100,1410,1215,31,0
5920,59.200189627,66.767000000,100,1410,1215,31,0
5921,59.210189269,66.767000000,100,1410,1215,31,0
5922,59.220189571,66.767000000,100,1410,1215,31,0
5923,59.230189874,66.767000000,100,1410,1215,31,0
5924,59.240189806,66.767000000,100,1410,1215,31,0
5925,59.250190490,66.670000000,100,1410,1215,31,0
5926,59.260190653,66.670000000,100,1410,1215,31,0
5927,59.270189623,66.670000000,100,1410,1215,31,0
5928,59.280189425,66.670000000,100,1410,1215,31,0
5929,59.290193675,66.670000000,100,1410,1215,31,0
5930,59.300190421,66.670000000,100,1410,1215,31,0
5931,59.310190393,66.670000000,100,1410,1215,31,0
5932,59.320190846,66.670000000,100,1410,1215,31,0
5933,59.330194696,66.670000000,100,1410,1215,31,0
5934,59.340190280,66.670000000,100,1410,1215,31,0
5935,59.350190994,66.664000000,100,1410,1215,31,0
5936,59.360190244,66.664000000,100,1410,1215,31,0
5937,59.370195627,66.664000000,100,1410,1215,31,0
5938,59.380191311,66.664000000,100,1410,1215,31,0
5939,59.390190321,66.664000000,100,1410,1215,31,0
5940,59.400193389,66.664000000,100,1410,1215,31,0
5941,59.410189795,66.664000000,100,1410,1215,31,0
5942,59.420190398,66.664000000,100,1410,1215,31,0
5943,59.430195320,66.664000000,100,1410,1215,31,0
5944,59.440188369,66.664000000,100,1410,1215,31,0
5945,59.450192739,66.884000000,100,1410,1215,31,0
5946,59.460189816,66.884000000,100,1410,1215,31,0
5947,59.470189217,66.884000000,100,1410,1215,31,0
5948,59.480190081,66.884000000,100,1410,1215,31,0
5949,59.490189001,66.884000000,100,1410,1215,31,0
5950,59.500189845,66.884000000,100,1410,1215,31,0
5951,59.510188866,66.884000000,100,1410,1215,31,0
5952,59.520189579,66.884000000,100,1410,1215,31,0
5953,59.530189962,66.884000000,100,1410,1215,31,0
5954,59.540190215,66.884000000,100,1410,1215,31,0
5955,59.550191229,66.975000000,100,1410,1215,31,0
5956,59.560189308,66.975000000,100,1410,1215,31,0
5957,59.570190322,66.975000000,100,1410,1215,31,0
5958,59.580189052,66.975000000,100,1410,1215,31,0
5959,59.590190367,66.975000000,100,1410,1215,31,0
5960,59.600191050,66.975000000,100,1410,1215,31,0
5961,59.610190181,66.975000000,100,1410,1215,31,0
5962,59.620189672,66.975000000,100,1410,1215,31,0
5963,59.630190806,66.975000000,100,1410,1215,31,0
5964,59.640190368,66.975000000,100,1410,1215,31,0
5965,59.650191542,66.884000000,100,1410,1215,31,0
5966,59.660189330,66.884000000,100,1410,1215,31,0
5967,59.670194623,66.884000000,100,1410,1215,31,0
5968,59.680190357,66.884000000,100,1410,1215,31,0
5969,59.690190048,66.884000000,100,1410,1215,31,0
5970,59.700190552,66.884000000,100,1410,1215,31,0
5971,59.710189973,66.884000000,100,1410,1215,31,0
5972,59.720193732,66.884000000,100,1410,1215,31,0
5973,59.730190829,66.884000000,100,1410,1215,31,0
5974,59.740191182,66.884000000,100,1410,1215,31,0
5975,59.750192186,66.683000000,100,1410,1215,31,0
5976,59.760190645,66.683000000,100,1410,1215,31,0
5977,59.770189836,66.683000000,100,1410,1215,31,0
5978,59.780190419,66.683000000,100,1410,1215,31,0
5979,59.790190953,66.683000000,100,1410,1215,31,0
5980,59.800190183,66.683000000,100,1410,1215,31,0
5981,59.810190586,66.683000000,100,1410,1215,31,0
5982,59.820190839,66.683000000,100,1410,1215,31,0
5983,59.830190871,66.683000000,100,1410,1215,31,0
5984,59.840190333,66.683000000,100,1410,1215,31,0
5985,59.850193591,66.676000000,100,1410,1215,31,0
5986,59.860190768,66.676000000,100,1410,1215,31,0
5987,59.870190520,66.676000000,100,1410,1215,31,0
5988,59.880190242,66.676000000,100,1410,1215,31,0
5989,59.890190865,66.676000000,100,1410,1215,31,0
5990,59.900190827,66.676000000,100,1410,1215,31,0
5991,59.910192032,66.676000000,100,1410,1215,31,0
5992,59.920188497,66.676000000,100,1410,1215,31,0
5993,59.930190433,66.676000000,100,1410,1215,31,0
5994,59.940189353,66.676000000,100,1410,1215,31,0
5995,59.950190588,66.786000000,100,1410,1215,31,0
5996,59.960190510,66.786000000,100,1410,1215,31,0
5997,59.970188438,66.786000000,100,1410,1215,31,0
5998,59.980189493,66.786000000,100,1410,1215,31,0
5999,59.990188804,66.786000000,100,1410,1215,31,0
6000,60.000189838,66.786000000,100,1410,1215,31,0
6001,60.010189630,66.786000000,100,1410,1215,31,0
6002,60.020189983,66.786000000,100,1410,1215,31,0
6003,60.030190756,66.786000000,100,1410,1215,31,0
6004,60.040190057,66.786000000,100,1410,1215,31,0
6005,60.050190300,66.982000000,100,1410,1215,31,0
6006,60.060190082,66.982000000,100,1410,1215,31,0
6007,60.070190605,66.982000000,100,1410,1215,31,0
6008,60.080189886,66.982000000,100,1410,1215,31,0
6009,60.090190389,66.982000000,100,1410,1215,31,0
6010,60.100190251,66.982000000,100,1410,1215,31,0
6011,60.110190494,66.982000000,100,1410,1215,31,0
6012,60.120189264,66.982000000,100,1410,1215,31,0
6013,60.130190618,66.982000000,100,1410,1215,31,0
6014,60.140193897,66.982000000,100,1410,1215,31,0
6015,60.150193619,66.787000000,100,1410,1215,31,0
6016,60.160189263,66.787000000,100,1410,1215,31,0
6017,60.170189956,66.787000000,100,1410,1215,31,0
6018,60.180193064,66.787000000,100,1410,1215,31,0
6019,60.190189790,66.787000000,100,1410,1215,31,0
6020,60.200191075,66.787000000,100,1410,1215,31,0
6021,60.210189805,66.787000000,100,1410,1215,31,0
6022,60.220189958,66.787000000,100,1410,1215,31,0
6023,60.230190360,66.787000000,100,1410,1215,31,0
6024,60.240190443,66.787000000,100,1410,1215,31,0
6025,60.250190796,66.669000000,100,1410,1215,31,0
6026,60.260190367,66.669000000,100,1410,1215,31,0
6027,60.270189157,66.669000000,100,1410,1215,31,0
6028,60.280190692,66.669000000,100,1410,1215,31,0
6029,60.290188971,66.669000000,100,1410,1215,31,0
6030,60.300189715,66.669000000,100,1410,1215,31,0
6031,60.310189577,66.669000000,100,1410,1215,31,0
6032,60.320188848,66.669000000,100,1410,1215,31,0
6033,60.330189912,66.669000000,100,1410,1215,31,0
6034,60.340189604,66.669000000,100,1410,1215,31,0
6035,60.350190177,66.853000000,100,1410,1215,31,0
6036,60.360190560,66.853000000,100,1410,1215,31,0
6037,60.370190302,66.853000000,100,1410,1215,31,0
6038,60.380190244,66.853000000,100,1410,1215,31,0
6039,60.390189996,66.853000000,100,1410,1215,31,0
6040,60.400189858,66.853000000,100,1410,1215,31,0
6041,60.410190641,66.853000000,100,1410,1215,31,0
6042,60.420194501,66.853000000,100,1410,1215,31,0
6043,60.430191397,66.853000000,100,1410,1215,31,0
6044,60.440189316,66.853000000,100,1410,1215,31,0
6045,60.450195570,66.762000000,100,1410,1215,31,0
6046,60.460192346,66.762000000,100,1410,1215,31,0
6047,60.470190334,66.762000000,100,1410,1215,31,0
6048,60.480189195,66.762000000,100,1410,1215,31,0
6049,60.490189587,66.762000000,100,1410,1215,31,0
6050,60.500189730,66.762000000,100,1410,1215,31,0
6051,60.510193870,66.762000000,100,1410,1215,31,0
6052,60.520189554,66.762000000,100,1410,1215,31,0
6053,60.530189887,66.762000000,100,1410,1215,31,0
6054,60.540194548,66.762000000,100,1410,1215,31,0
6055,60.550191515,66.883000000,100,1410,1215,31,0
6056,60.560189794,66.883000000,100,1410,1215,31,0
6057,60.570192952,66.883000000,100,1410,1215,31,0
6058,60.580189568,66.883000000,100,1410,1215,31,0
6059,60.590194369,66.883000000,100,1410,1215,31,0
6060,60.600189853,66.883000000,100,1410,1215,31,0
6061,60.610189785,66.883000000,100,1410,1215,31,0
6062,60.620193464,66.883000000,100,1410,1215,31,0
6063,60.630190591,66.883000000,100,1410,1215,31,0
6064,60.640192857,66.883000000,100,1410,1215,31,0
6065,60.650191216,66.883000000,100,1410,1215,31,0
6066,60.660190427,66.883000000,100,1410,1215,31,0
6067,60.670190239,66.883000000,100,1410,1215,31,0
6068,60.680189200,66.883000000,100,1410,1215,31,0
6069,60.690190674,66.883000000,100,1410,1215,31,0
6070,60.700194674,66.883000000,100,1410,1215,31,0
6071,60.710190008,66.883000000,100,1410,1215,31,0
6072,60.720193607,66.883000000,100,1410,1215,31,0
6073,60.730190573,66.883000000,100,1410,1215,31,0
6074,60.740190536,66.883000000,100,1410,1215,31,0
6075,60.750190808,66.756000000,100,1410,1215,31,0
6076,60.760188917,66.756000000,100,1410,1215,31,0
6077,60.770190422,66.756000000,100,1410,1215,31,0
6078,60.780193901,66.756000000,100,1410,1215,31,0
6079,60.790190477,66.756000000,100,1410,1215,31,0
6080,60.800190038,66.756000000,100,1410,1215,31,0
6081,60.810191192,66.756000000,100,1410,1215,31,0
6082,60.820190263,66.756000000,100,1410,1215,31,0
6083,60.830192559,66.756000000,100,1410,1215,31,0
6084,60.840190177,66.756000000,100,1410,1215,31,0
6085,60.850190941,66.756000000,100,1410,1215,31,0
6086,60.860194289,66.756000000,100,1410,1215,31,0
6087,60.870194452,66.756000000,100,1410,1215,31,0
6088,60.880189204,66.756000000,100,1410,1215,31,0
6089,60.890188786,66.756000000,100,1410,1215,31,0
6090,60.900190171,66.756000000,100,1410,1215,31,0
6091,60.910194792,66.756000000,100,1410,1215,31,0
6092,60.920189163,66.756000000,100,1410,1215,31,0
6093,60.930189837,66.756000000,100,1410,1215,31,0
6094,60.940188957,66.756000000,100,1410,1215,31,0
6095,60.950190312,66.864000000,100,1410,1215,31,0
6096,60.960188691,66.864000000,100,1410,1215,31,0
6097,60.970189635,66.864000000,100,1410,1215,31,0
6098,60.980189036,66.864000000,100,1410,1215,31,0
6099,60.990189640,66.864000000,100,1410,1215,31,0
6100,61.000190173,66.864000000,100,1410,1215,31,0
6101,61.010189915,66.864000000,100,1410,1215,31,0
6102,61.020191781,66.864000000,100,1410,1215,31,0
6103,61.030190901,66.864000000,100,1410,1215,31,0
6104,61.040191555,66.864000000,100,1410,1215,31,0
6105,61.050190485,66.767000000,100,1410,1215,31,0
6106,61.060189125,66.767000000,100,1410,1215,31,0
6107,61.070190239,66.767000000,100,1410,1215,31,0
6108,61.080189179,66.767000000,100,1410,1215,31,0
6109,61.090188570,66.767000000,100,1410,1215,31,0
6110,61.100194363,66.767000000,100,1410,1215,31,0
6111,61.110190538,66.767000000,100,1410,1215,31,0
6112,61.120189599,66.767000000,100,1410,1215,31,0
6113,61.130191625,66.767000000,100,1410,1215,31,0
6114,61.140189684,66.767000000,100,1410,1215,31,0
6115,61.150189916,66.567000000,100,1410,1215,31,0
6116,61.160189007,66.567000000,100,1410,1215,31,0
6117,61.170190181,66.567000000,100,1410,1215,31,0
6118,61.180189893,66.567000000,100,1410,1215,31,0
6119,61.190190106,66.567000000,100,1410,1215,31,0
6120,61.200190288,66.567000000,100,1410,1215,31,0
6121,61.210190661,66.567000000,100,1410,1215,31,0
6122,61.220193559,66.567000000,100,1410,1215,31,0
6123,61.230190736,66.567000000,100,1410,1215,31,0
6124,61.240191069,66.567000000,100,1410,1215,31,0
6125,61.250191241,66.786000000,100,1410,1215,31,0
6126,61.260194129,66.786000000,100,1410,1215,31,0
6127,61.270189793,66.786000000,100,1410,1215,31,0
6128,61.280190056,66.786000000,100,1410,1215,31,0
6129,61.290189647,66.786000000,100,1410,1215,31,0
6130,61.300191693,66.786000000,100,1410,1215,31,0
6131,61.310190854,66.786000000,100,1410,1215,31,0
6132,61.320190405,66.786000000,100,1410,1215,31,0
6133,61.330190838,66.786000000,100,1410,1215,31,0
6134,61.340190159,66.786000000,100,1410,1215,31,0
6135,61.350190823,66.865000000,100,1410,1215,31,0
6136,61.360193019,66.865000000,100,1410,1215,31,0
6137,61.370190777,66.865000000,100,1410,1215,31,0
6138,61.380189838,66.865000000,100,1410,1215,31,0
6139,61.390190431,66.865000000,100,1410,1215,31,0
6140,61.400189792,66.865000000,100,1410,1215,31,0
6141,61.410190155,66.865000000,100,1410,1215,31,0
6142,61.420189887,66.865000000,100,1410,1215,31,0
6143,61.430194848,66.865000000,100,1410,1215,31,0
6144,61.440189491,66.865000000,100,1410,1215,31,0
6145,61.450190855,66.963000000,100,1410,1215,31,0
6146,61.460193543,66.963000000,100,1410,1215,31,0
6147,61.470195669,66.963000000,100,1410,1215,31,0
6148,61.480190742,66.963000000,100,1410,1215,31,0
6149,61.490189131,66.963000000,100,1410,1215,31,0
6150,61.500191087,66.963000000,100,1410,1215,31,0
6151,61.510189937,66.963000000,100,1410,1215,31,0
6152,61.520189849,66.963000000,100,1410,1215,31,0
6153,61.530190733,66.963000000,100,1410,1215,31,0
6154,61.540193701,66.963000000,100,1410,1215,31,0
6155,61.550191409,66.767000000,100,1410,1215,31,0
6156,61.560190850,66.767000000,100,1410,1215,31,0
6157,61.570189790,66.767000000,100,1410,1215,31,0
6158,61.580193880,66.767000000,100,1410,1215,31,0
6159,61.590190486,66.767000000,100,1410,1215,31,0
6160,61.600190198,66.767000000,100,1410,1215,31,0
6161,61.610190110,66.767000000,100,1410,1215,31,0
6162,61.620189681,66.767000000,100,1410,1215,31,0
6163,61.630190645,66.767000000,100,1410,1215,31,0
6164,61.640190467,66.767000000,100,1410,1215,31,0
6165,61.650191141,66.773000000,100,1410,1215,31,0
6166,61.660190522,66.773000000,100,1410,1215,31,0
6167,61.670189492,66.773000000,100,1410,1215,31,0
6168,61.680189895,66.773000000,100,1410,1215,31,0
6169,61.690189917,66.773000000,100,1410,1215,31,0
6170,61.700190621,66.773000000,100,1410,1215,31,0
6171,61.710193919,66.773000000,100,1410,1215,31,0
6172,61.720189974,66.773000000,100,1410,1215,31,0
6173,61.730193854,66.773000000,100,1410,1215,31,0
6174,61.740190179,66.773000000,100,1410,1215,31,0
6175,61.750190993,66.664000000,100,1410,1215,31,0
6176,61.760190464,66.664000000,100,1410,1215,31,0
6177,61.770189464,66.664000000,100,1410,1215,31,0
6178,61.780190679,66.664000000,100,1410,1215,31,0
6179,61.790193987,66.664000000,100,1410,1215,31,0
6180,61.800190152,66.664000000,100,1410,1215,31,0
6181,61.810190115,66.664000000,100,1410,1215,31,0
6182,61.820190498,66.664000000,100,1410,1215,31,0
6183,61.830196671,66.664000000,100,1410,1215,31,0
6184,61.840194650,66.664000000,100,1410,1215,31,0
6185,61.850191075,66.767000000,100,1410,1215,31,0
6186,61.860190016,66.767000000,100,1410,1215,31,0
6187,61.870191250,66.767000000,100,1410,1215,31,0
6188,61.880190180,66.767000000,100,1410,1215,31,0
6189,61.890188860,66.767000000,100,1410,1215,31,0
6190,61.900189704,66.767000000,100,1410,1215,31,0
6191,61.910188935,66.767000000,100,1410,1215,31,0
6192,61.920189999,66.767000000,100,1410,1215,31,0
6193,61.930189370,66.767000000,100,1410,1215,31,0
6194,61.940189773,66.767000000,100,1410,1215,31,0
6195,61.950190998,66.883000000,100,1410,1215,31,0
6196,61.960189397,66.883000000,100,1410,1215,31,0
6197,61.970188888,66.883000000,100,1410,1215,31,0
6198,61.980189311,66.883000000,100,1410,1215,31,0
6199,61.990189464,66.883000000,100,1410,1215,31,0
6200,62.000189185,66.883000000,100,1410,1215,31,0
6201,62.010189668,66.883000000,100,1410,1215,31,0
6202,62.020189510,66.883000000,100,1410,1215,31,0
6203,62.030191777,66.883000000,100,1410,1215,31,0
6204,62.040188753,66.883000000,100,1410,1215,31,0
6205,62.050191581,66.767000000,100,1410,1215,31,0
6206,62.060189499,66.767000000,100,1410,1215,31,0
6207,62.070190113,66.767000000,100,1410,1215,31,0
6208,62.080190926,66.767000000,100,1410,1215,31,0
6209,62.090190368,66.767000000,100,1410,1215,31,0
6210,62.100190029,66.767000000,100,1410,1215,31,0
6211,62.110190102,66.767000000,100,1410,1215,31,0
6212,62.120189833,66.767000000,100,1410,1215,31,0
6213,62.130190647,66.767000000,100,1410,1215,31,0
6214,62.140189818,66.767000000,100,1410,1215,31,0
6215,62.150193908,66.646000000,100,1410,1215,31,0
6216,62.160190373,66.646000000,100,1410,1215,31,0
6217,62.170193431,66.646000000,100,1410,1215,31,0
6218,62.180189476,66.646000000,100,1410,1215,31,0
6219,62.190189749,66.646000000,100,1410,1215,31,0
6220,62.200190973,66.646000000,100,1410,1215,31,0
6221,62.210190665,66.646000000,100,1410,1215,31,0
6222,62.220190247,66.646000000,100,1410,1215,31,0
6223,62.230189638,66.646000000,100,1410,1215,31,0
6224,62.240189189,66.646000000,100,1410,1215,31,0
6225,62.250194571,66.646000000,100,1410,1215,31,0
6226,62.260189935,66.646000000,100,1410,1215,31,0
6227,62.270193213,66.646000000,100,1410,1215,31,0
6228,62.280193406,66.646000000,100,1410,1215,31,0
6229,62.290190032,66.646000000,100,1410,1215,31,0
6230,62.300193130,66.646000000,100,1410,1215,31,0
6231,62.310190197,66.646000000,100,1410,1215,31,0
6232,62.320193575,66.646000000,100,1410,1215,31,0
6233,62.330190231,66.646000000,100,1410,1215,31,0
6234,62.340189101,66.646000000,100,1410,1215,31,0
6235,62.350191257,66.773000000,100,1410,1215,31,0
6236,62.360189977,66.773000000,100,1410,1215,31,0
6237,62.370189689,66.773000000,100,1410,1215,31,0
6238,62.380189561,66.773000000,100,1410,1215,31,0
6239,62.390190415,66.773000000,100,1410,1215,31,0
6240,62.400189545,66.773000000,100,1410,1215,31,0
6241,62.410193505,66.773000000,100,1410,1215,31,0
6242,62.420194129,66.773000000,100,1410,1215,31,0
6243,62.430190334,66.773000000,100,1410,1215,31,0
6244,62.440190085,66.773000000,100,1410,1215,31,0
6245,62.450190979,66.981000000,100,1410,1215,31,0
6246,62.460190290,66.981000000,100,1410,1215,31,0
6247,62.470190222,66.981000000,100,1410,1215,31,0
6248,62.480190124,66.981000000,100,1410,1215,31,0
6249,62.490190858,66.981000000,100,1410,1215,31,0
6250,62.500189858,66.981000000,100,1410,1215,31,0
6251,62.510189861,66.981000000,100,1410,1215,31,0
6252,62.520190053,66.981000000,100,1410,1215,31,0
6253,62.530190536,66.981000000,100,1410,1215,31,0
6254,62.540189156,66.981000000,100,1410,1215,31,0
6255,62.550190401,66.864000000,100,1410,1215,31,0
6256,62.560190313,66.864000000,100,1410,1215,31,0
6257,62.570190054,66.864000000,100,1410,1215,31,0
6258,62.580192982,66.864000000,100,1410,1215,31,0
6259,62.590190029,66.864000000,100,1410,1215,31,0
6260,62.600189430,66.864000000,100,1410,1215,31,0
6261,62.610193901,66.864000000,100,1410,1215,31,0
6262,62.620190056,66.864000000,100,1410,1215,31,0
6263,62.630190348,66.864000000,100,1410,1215,31,0
6264,62.640189559,66.864000000,100,1410,1215,31,0
6265,62.650191275,66.773000000,100,1410,1215,31,0
6266,62.660189523,66.773000000,100,1410,1215,31,0
6267,62.670190408,66.773000000,100,1410,1215,31,0
6268,62.680189328,66.773000000,100,1410,1215,31,0
6269,62.690190712,66.773000000,100,1410,1215,31,0
6270,62.700189543,66.773000000,100,1410,1215,31,0
6271,62.710189805,66.773000000,100,1410,1215,31,0
6272,62.720190369,66.773000000,100,1410,1215,31,0
6273,62.730190451,66.773000000,100,1410,1215,31,0
6274,62.740189582,66.773000000,100,1410,1215,31,0
6275,62.750191237,66.884000000,100,1410,1215,31,0
6276,62.760190087,66.884000000,100,1410,1215,31,0
6277,62.770189137,66.884000000,100,1410,1215,31,0
6278,62.780189711,66.884000000,100,1410,1215,31,0
6279,62.790193690,66.884000000,100,1410,1215,31,0
6280,62.800193582,66.884000000,100,1410,1215,31,0
6281,62.810190018,66.884000000,100,1410,1215,31,0
6282,62.820188287,66.884000000,100,1410,1215,31,0
6283,62.830191916,66.884000000,100,1410,1215,31,0
6284,62.840190065,66.884000000,100,1410,1215,31,0
6285,62.850191009,66.962000000,100,1410,1215,31,0
6286,62.860185901,66.962000000,100,1410,1215,31,0
6287,62.870193818,66.962000000,100,1410,1215,31,0
6288,62.880189773,66.962000000,100,1410,1215,31,0
6289,62.890190146,66.962000000,100,1410,1215,31,0
6290,62.900189888,66.962000000,100,1410,1215,31,0
6291,62.910189960,66.962000000,100,1410,1215,31,0
6292,62.920189161,66.962000000,100,1410,1215,31,0
6293,62.930189454,66.962000000,100,1410,1215,31,0
6294,62.940188895,66.962000000,100,1410,1215,31,0
6295,62.950190009,66.657000000,100,1410,1215,31,0
6296,62.960189681,66.657000000,100,1410,1215,31,0
6297,62.970190374,66.657000000,100,1410,1215,31,0
6298,62.980190677,66.657000000,100,1410,1215,31,0
6299,62.990189858,66.657000000,100,1410,1215,31,0
6300,63.000189529,66.657000000,100,1410,1215,31,0
6301,63.010190523,66.657000000,100,1410,1215,31,0
6302,63.020193742,66.657000000,100,1410,1215,31,0
6303,63.030190247,66.657000000,100,1410,1215,31,0
6304,63.040191161,66.657000000,100,1410,1215,31,0
6305,63.050190693,66.688000000,100,1410,1215,31,0
6306,63.060194161,66.688000000,100,1410,1215,31,0
6307,63.070188974,66.688000000,100,1410,1215,31,0
6308,63.080190469,66.688000000,100,1410,1215,31,0
6309,63.090194629,66.688000000,100,1410,1215,31,0
6310,63.100189472,66.688000000,100,1410,1215,31,0
6311,63.110189013,66.688000000,100,1410,1215,31,0
6312,63.120188815,66.688000000,100,1410,1215,31,0
6313,63.130189108,66.688000000,100,1410,1215,31,0
6314,63.140188889,66.688000000,100,1410,1215,31,0
6315,63.150189904,66.865000000,100,1410,1215,31,0
6316,63.160188994,66.865000000,100,1410,1215,31,0
6317,63.170189628,66.865000000,100,1410,1215,31,0
6318,63.180188427,66.865000000,100,1410,1215,31,0
6319,63.190189041,66.865000000,100,1410,1215,31,0
6320,63.200188492,66.865000000,100,1410,1215,31,0
6321,63.210189196,66.865000000,100,1410,1215,31,0
6322,63.220189158,66.865000000,100,1410,1215,31,0
6323,63.230189060,66.865000000,100,1410,1215,31,0
6324,63.240189553,66.865000000,100,1410,1215,31,0
6325,63.250190928,66.962000000,100,1410,1215,31,0
6326,63.260189167,66.962000000,100,1410,1215,31,0
6327,63.270190131,66.962000000,100,1410,1215,31,0
6328,63.280189271,66.962000000,100,1410,1215,31,0
6329,63.290190817,66.962000000,100,1410,1215,31,0
6330,63.300189466,66.962000000,100,1410,1215,31,0
6331,63.310194568,66.962000000,100,1410,1215,31,0
6332,63.320189811,66.962000000,100,1410,1215,31,0
6333,63.330190665,66.962000000,100,1410,1215,31,0
6334,63.340189716,66.962000000,100,1410,1215,31,0
6335,63.350190760,66.773000000,100,1410,1215,31,0
6336,63.360190001,66.773000000,100,1410,1215,31,0
6337,63.370190173,66.773000000,100,1410,1215,31,0
6338,63.380189815,66.773000000,100,1410,1215,31,0
6339,63.390189717,66.773000000,100,1410,1215,31,0
6340,63.400189849,66.773000000,100,1410,1215,31,0
6341,63.410189040,66.773000000,100,1410,1215,31,0
6342,63.420189353,66.773000000,100,1410,1215,31,0
6343,63.430189626,66.773000000,100,1410,1215,31,0
6344,63.440193535,66.773000000,100,1410,1215,31,0
6345,63.450190351,66.962000000,100,1410,1215,31,0
6346,63.460189772,66.962000000,100,1410,1215,31,0
6347,63.470190095,66.962000000,100,1410,1215,31,0
6348,63.480190408,66.962000000,100,1410,1215,31,0
6349,63.490189018,66.962000000,100,1410,1215,31,0
6350,63.500189711,66.962000000,100,1410,1215,31,0
6351,63.510189463,66.962000000,100,1410,1215,31,0
6352,63.520190467,66.962000000,100,1410,1215,31,0
6353,63.530189758,66.962000000,100,1410,1215,31,0
6354,63.540189670,66.962000000,100,1410,1215,31,0
6355,63.550191195,66.767000000,100,1410,1215,31,0
6356,63.560190436,66.767000000,100,1410,1215,31,0
6357,63.570188935,66.767000000,100,1410,1215,31,0
6358,63.580190270,66.767000000,100,1410,1215,31,0
6359,63.590194971,66.767000000,100,1410,1215,31,0
6360,63.600189794,66.767000000,100,1410,1215,31,0
6361,63.610190096,66.767000000,100,1410,1215,31,0
6362,63.620189147,66.767000000,100,1410,1215,31,0
6363,63.630189881,66.767000000,100,1410,1215,31,0
6364,63.640193660,66.767000000,100,1410,1215,31,0
6365,63.650190636,66.548000000,100,1410,1215,31,0
6366,63.660189336,66.548000000,100,1410,1215,31,0
6367,63.670189649,66.548000000,100,1410,1215,31,0
6368,63.680189701,66.548000000,100,1410,1215,31,0
6369,63.690189573,66.548000000,100,1410,1215,31,0
6370,63.700194304,66.548000000,100,1410,1215,31,0
6371,63.710189848,66.548000000,100,1410,1215,31,0
6372,63.720190792,66.548000000,100,1410,1215,31,0
6373,63.730189893,66.548000000,100,1410,1215,31,0
6374,63.740189765,66.548000000,100,1410,1215,31,0
6375,63.750191550,66.864000000,100,1410,1215,31,0
6376,63.760190431,66.864000000,100,1410,1215,31,0
6377,63.770190573,66.864000000,100,1410,1215,31,0
6378,63.780194523,66.864000000,100,1410,1215,31,0
6379,63.790190297,66.864000000,100,1410,1215,31,0
6380,63.800193826,66.864000000,100,1410,1215,31,0
6381,63.810189550,66.864000000,100,1410,1215,31,0
6382,63.820190093,66.864000000,100,1410,1215,31,0
6383,63.830190767,66.864000000,100,1410,1215,31,0
6384,63.840189837,66.864000000,100,1410,1215,31,0
6385,63.850190871,67.079000000,100,1410,1215,31,0
6386,63.860194049,67.079000000,100,1410,1215,31,0
6387,63.870191176,67.079000000,100,1410,1215,31,0
6388,63.880190087,67.079000000,100,1410,1215,31,0
6389,63.890189959,67.079000000,100,1410,1215,31,0
6390,63.900194489,67.079000000,100,1410,1215,31,0
6391,63.910191576,67.079000000,100,1410,1215,31,0
6392,63.920189003,67.079000000,100,1410,1215,31,0
6393,63.930189817,67.079000000,100,1410,1215,31,0
6394,63.940189298,67.079000000,100,1410,1215,31,0
6395,63.950190513,66.775000000,100,1410,1215,31,0
6396,63.960188892,66.775000000,100,1410,1215,31,0
6397,63.970189686,66.775000000,100,1410,1215,31,0
6398,63.980188786,66.775000000,100,1410,1215,31,0
6399,63.990190111,66.775000000,100,1410,1215,31,0
6400,64.000189192,66.775000000,100,1410,1215,31,0
6401,64.010189815,66.775000000,100,1410,1215,31,0
6402,64.020189276,66.775000000,100,1410,1215,31,0
6403,64.030193937,66.775000000,100,1410,1215,31,0
6404,64.040190433,66.775000000,100,1410,1215,31,0
6405,64.050189914,66.664000000,100,1410,1215,31,0
6406,64.060189806,66.664000000,100,1410,1215,31,0
6407,64.070189538,66.664000000,100,1410,1215,31,0
6408,64.080189730,66.664000000,100,1410,1215,31,0
6409,64.090189332,66.664000000,100,1410,1215,31,0
6410,64.100189474,66.664000000,100,1410,1215,31,0
6411,64.110189597,66.664000000,100,1410,1215,31,0
6412,64.120189719,66.664000000,100,1410,1215,31,0
6413,64.130189822,66.664000000,100,1410,1215,31,0
6414,64.140190285,66.664000000,100,1410,1215,31,0
6415,64.150191169,66.787000000,100,1410,1215,31,0
6416,64.160193976,66.787000000,100,1410,1215,31,0
6417,64.170189760,66.787000000,100,1410,1215,31,0
6418,64.180194031,66.787000000,100,1410,1215,31,0
6419,64.190190767,66.787000000,100,1410,1215,31,0
6420,64.200190008,66.787000000,100,1410,1215,31,0
6421,64.210189779,66.787000000,100,1410,1215,31,0
6422,64.220193468,66.787000000,100,1410,1215,31,0
6423,64.230189674,66.787000000,100,1410,1215,31,0
6424,64.240189275,66.787000000,100,1410,1215,31,0
6425,64.250190620,66.981000000,100,1410,1215,31,0
6426,64.260189470,66.981000000,100,1410,1215,31,0
6427,64.270193840,66.981000000,100,1410,1215,31,0
6428,64.280193782,66.981000000,100,1410,1215,31,0
6429,64.290189657,66.981000000,100,1410,1215,31,0
6430,64.300190170,66.981000000,100,1410,1215,31,0
6431,64.310190002,66.981000000,100,1410,1215,31,0
6432,64.320190475,66.981000000,100,1410,1215,31,0
6433,64.330189756,66.981000000,100,1410,1215,31,0
6434,64.340190329,66.981000000,100,1410,1215,31,0
6435,64.350195712,66.670000000,100,1410,1215,31,0
6436,64.360189883,66.670000000,100,1410,1215,31,0
6437,64.370189354,66.670000000,100,1410,1215,31,0
6438,64.380190799,66.670000000,100,1410,1215,31,0
6439,64.390190180,66.670000000,100,1410,1215,31,0
6440,64.400190433,66.670000000,100,1410,1215,31,0
6441,64.410193781,66.670000000,100,1410,1215,31,0
6442,64.420189796,66.670000000,100,1410,1215,31,0
6443,64.430193225,66.670000000,100,1410,1215,31,0
6444,64.440190812,66.670000000,100,1410,1215,31,0
6445,64.450194982,66.864000000,100,1410,1215,31,0
6446,64.460192059,66.864000000,100,1410,1215,31,0
6447,64.470190108,66.864000000,100,1410,1215,31,0
6448,64.480188577,66.864000000,100,1410,1215,31,0
6449,64.490189501,66.864000000,100,1410,1215,31,0
6450,64.500188782,66.864000000,100,1410,1215,31,0
6451,64.510190117,66.864000000,100,1410,1215,31,0
6452,64.520189317,66.864000000,100,1410,1215,31,0
6453,64.530190021,66.864000000,100,1410,1215,31,0
6454,64.540188540,66.864000000,100,1410,1215,31,0
6455,64.550190566,67.079000000,100,1410,1215,31,0
6456,64.560188304,67.079000000,100,1410,1215,31,0
6457,64.570193647,67.079000000,100,1410,1215,31,0
6458,64.580189601,67.079000000,100,1410,1215,31,0
6459,64.590193541,67.079000000,100,1410,1215,31,0
6460,64.600190407,67.079000000,100,1410,1215,31,0
6461,64.610193796,67.079000000,100,1410,1215,31,0
6462,64.620189730,67.079000000,100,1410,1215,31,0
6463,64.630193850,67.079000000,100,1410,1215,31,0
6464,64.640190276,67.079000000,100,1410,1215,31,0
6465,64.650189617,66.884000000,100,1410,1215,31,0
6466,64.660189479,66.884000000,100,1410,1215,31,0
6467,64.670193829,66.884000000,100,1410,1215,31,0
6468,64.680195404,66.884000000,100,1410,1215,31,0
6469,64.690190217,66.884000000,100,1410,1215,31,0
6470,64.700191481,66.884000000,100,1410,1215,31,0
6471,64.710189620,66.884000000,100,1410,1215,31,0
6472,64.720189723,66.884000000,100,1410,1215,31,0
6473,64.730190536,66.884000000,100,1410,1215,31,0
6474,64.740189256,66.884000000,100,1410,1215,31,0
6475,64.750190711,66.664000000,100,1410,1215,31,0
6476,64.760189691,66.664000000,100,1410,1215,31,0
6477,64.770189964,66.664000000,100,1410,1215,31,0
6478,64.780190087,66.664000000,100,1410,1215,31,0
6479,64.790190940,66.664000000,100,1410,1215,31,0
6480,64.800190291,66.664000000,100,1410,1215,31,0
6481,64.810190985,66.664000000,100,1410,1215,31,0
6482,64.820190707,66.664000000,100,1410,1215,31,0
6483,64.830191090,66.664000000,100,1410,1215,31,0
6484,64.840191563,66.664000000,100,1410,1215,31,0
6485,64.850191214,66.865000000,100,1410,1215,31,0
6486,64.860190395,66.865000000,100,1410,1215,31,0
6487,64.870194154,66.865000000,100,1410,1215,31,0
6488,64.880189969,66.865000000,100,1410,1215,31,0
6489,64.890189610,66.865000000,100,1410,1215,31,0
6490,64.900190173,66.865000000,100,1410,1215,31,0
6491,64.910190476,66.865000000,100,1410,1215,31,0
6492,64.920190258,66.865000000,100,1410,1215,31,0
6493,64.930189599,66.865000000,100,1410,1215,31,0
6494,64.940190102,66.865000000,100,1410,1215,31,0
6495,64.950190064,66.864000000,100,1410,1215,31,0
6496,64.960190217,66.864000000,100,1410,1215,31,0
6497,64.970188646,66.864000000,100,1410,1215,31,0
6498,64.980189390,66.864000000,100,1410,1215,31,0
6499,64.990189843,66.864000000,100,1410,1215,31,0
6500,65.000189033,66.864000000,100,1410,1215,31,0
6501,65.010189667,66.864000000,100,1410,1215,31,0
6502,65.020189078,66.864000000,100,1410,1215,31,0
6503,65.030189491,66.864000000,100,1410,1215,31,0
6504,65.040188982,66.864000000,100,1410,1215,31,0
6505,65.050191118,66.884000000,100,1410,1215,31,0
6506,65.060188796,66.884000000,100,1410,1215,31,0
6507,65.070190181,66.884000000,100,1410,1215,31,0
6508,65.080189332,66.884000000,100,1410,1215,31,0
6509,65.090189945,66.884000000,100,1410,1215,31,0
6510,65.100190148,66.884000000,100,1410,1215,31,0
6511,65.110189929,66.884000000,100,1410,1215,31,0
6512,65.120189281,66.884000000,100,1410,1215,31,0
6513,65.130189243,66.884000000,100,1410,1215,31,0
6514,65.140193262,66.884000000,100,1410,1215,31,0
6515,65.150191231,66.884000000,100,1410,1215,31,0
6516,65.160189299,66.884000000,100,1410,1215,31,0
6517,65.170193550,66.884000000,100,1410,1215,31,0
6518,65.180189695,66.884000000,100,1410,1215,31,0
6519,65.190188915,66.884000000,100,1410,1215,31,0
6520,65.200188437,66.884000000,100,1410,1215,31,0
6521,65.210188689,66.884000000,100,1410,1215,31,0
6522,65.220193340,66.884000000,100,1410,1215,31,0
6523,65.230189756,66.884000000,100,1410,1215,31,0
6524,65.240189047,66.884000000,100,1410,1215,31,0
6525,65.250190391,66.975000000,100,1410,1215,31,0
6526,65.260189312,66.975000000,100,1410,1215,31,0
6527,65.270189905,66.975000000,100,1410,1215,31,0
6528,65.280188404,66.975000000,100,1410,1215,31,0
6529,65.290189028,66.975000000,100,1410,1215,31,0
6530,65.300189521,66.975000000,100,1410,1215,31,0
6531,65.310189363,66.975000000,100,1410,1215,31,0
6532,65.320190086,66.975000000,100,1410,1215,31,0
6533,65.330189728,66.975000000,100,1410,1215,31,0
6534,65.340188628,66.975000000,100,1410,1215,31,0
6535,65.350190995,66.646000000,100,1410,1215,31,0
6536,65.360188652,66.646000000,100,1410,1215,31,0
6537,65.370189747,66.646000000,100,1410,1215,31,0
6538,65.380188527,66.646000000,100,1410,1215,31,0
6539,65.390193138,66.646000000,100,1410,1215,31,0
6540,65.400189202,66.646000000,100,1410,1215,31,0
6541,65.410189535,66.646000000,100,1410,1215,31,0
6542,65.420188175,66.646000000,100,1410,1215,31,0
6543,65.430190131,66.646000000,100,1410,1215,31,0
6544,65.440189922,66.646000000,100,1410,1215,31,0
6545,65.450194503,66.665000000,100,1410,1215,31,0
6546,65.460189396,66.665000000,100,1410,1215,31,0
6547,65.470188807,66.665000000,100,1410,1215,31,0
6548,65.480189010,66.665000000,100,1410,1215,31,0
6549,65.490192949,66.665000000,100,1410,1215,31,0
6550,65.500188904,66.665000000,100,1410,1215,31,0
6551,65.510188455,66.665000000,100,1410,1215,31,0
6552,65.520189329,66.665000000,100,1410,1215,31,0
6553,65.530189492,66.665000000,100,1410,1215,31,0
6554,65.540188372,66.665000000,100,1410,1215,31,0
6555,65.550193584,66.994000000,100,1410,1215,31,0
6556,65.560191632,66.994000000,100,1410,1215,31,0
6557,65.570189140,66.994000000,100,1410,1215,31,0
6558,65.580188942,66.994000000,100,1410,1215,31,0
6559,65.590189465,66.994000000,100,1410,1215,31,0
6560,65.600189227,66.994000000,100,1410,1215,31,0
6561,65.610193016,66.994000000,100,1410,1215,31,0
6562,65.620190013,66.994000000,100,1410,1215,31,0
6563,65.630190025,66.994000000,100,1410,1215,31,0
6564,65.640189897,66.994000000,100,1410,1215,31,0
6565,65.650194868,66.975000000,100,1410,1215,31,0
6566,65.660189621,66.975000000,100,1410,1215,31,0
6567,65.670189122,66.975000000,100,1410,1215,31,0
6568,65.680189184,66.975000000,100,1410,1215,31,0
6569,65.690193946,66.975000000,100,1410,1215,31,0
6570,65.700189540,66.975000000,100,1410,1215,31,0
6571,65.710194651,66.975000000,100,1410,1215,31,0
6572,65.720189354,66.975000000,100,1410,1215,31,0
6573,65.730191259,66.975000000,100,1410,1215,31,0
6574,65.740189568,66.975000000,100,1410,1215,31,0
6575,65.750190773,66.756000000,100,1410,1215,31,0
6576,65.760189192,66.756000000,100,1410,1215,31,0
6577,65.770189886,66.756000000,100,1410,1215,31,0
6578,65.780189738,66.756000000,100,1410,1215,31,0
6579,65.790189740,66.756000000,100,1410,1215,31,0
6580,65.800193649,66.756000000,100,1410,1215,31,0
6581,65.810193902,66.756000000,100,1410,1215,31,0
6582,65.820189566,66.756000000,100,1410,1215,31,0
6583,65.830189769,66.756000000,100,1410,1215,31,0
6584,65.840191063,66.756000000,100,1410,1215,31,0
6585,65.850191456,66.737000000,100,1410,1215,31,0
6586,65.860189545,66.737000000,100,1410,1215,31,0
6587,65.870190108,66.737000000,100,1410,1215,31,0
6588,65.880189700,66.737000000,100,1410,1215,31,0
6589,65.890189792,66.737000000,100,1410,1215,31,0
6590,65.900189333,66.737000000,100,1410,1215,31,0
6591,65.910189927,66.737000000,100,1410,1215,31,0
6592,65.920194367,66.737000000,100,1410,1215,31,0
6593,65.930191143,66.737000000,100,1410,1215,31,0
6594,65.940189002,66.737000000,100,1410,1215,31,0
6595,65.950190997,66.884000000,100,1410,1215,31,0
6596,65.960190419,66.884000000,100,1410,1215,31,0
6597,65.970189219,66.884000000,100,1410,1215,31,0
6598,65.980190162,66.884000000,100,1410,1215,31,0
6599,65.990189864,66.884000000,100,1410,1215,31,0
6600,66.000194014,66.884000000,100,1410,1215,31,0
6601,66.010190139,66.884000000,100,1410,1215,31,0
6602,66.020193337,66.884000000,100,1410,1215,31,0
6603,66.030190414,66.884000000,100,1410,1215,31,0
6604,66.040191228,66.884000000,100,1410,1215,31,0
6605,66.050196941,66.786000000,100,1410,1215,31,0
6606,66.060188717,66.786000000,100,1410,1215,31,0
6607,66.070190403,66.786000000,100,1410,1215,31,0
6608,66.080190575,66.786000000,100,1410,1215,31,0
6609,66.090193834,66.786000000,100,1410,1215,31,0
6610,66.100194016,66.786000000,100,1410,1215,31,0
6611,66.110190582,66.786000000,100,1410,1215,31,0
6612,66.120193550,66.786000000,100,1410,1215,31,0
6613,66.130191598,66.786000000,100,1410,1215,31,0
6614,66.140188835,66.786000000,100,1410,1215,31,0
6615,66.150190591,66.884000000,100,1410,1215,31,0
6616,66.160188589,66.884000000,100,1410,1215,31,0
6617,66.170189634,66.884000000,100,1410,1215,31,0
6618,66.180188984,66.884000000,100,1410,1215,31,0
6619,66.190193465,66.884000000,100,1410,1215,31,0
6620,66.200189540,66.884000000,100,1410,1215,31,0
6621,66.210189793,66.884000000,100,1410,1215,31,0
6622,66.220189855,66.884000000,100,1410,1215,31,0
6623,66.230190999,66.884000000,100,1410,1215,31,0
6624,66.240189769,66.884000000,100,1410,1215,31,0
6625,66.250189992,67.000000000,100,1410,1215,31,0
6626,66.260190054,67.000000000,100,1410,1215,31,0
6627,66.270189365,67.000000000,100,1410,1215,31,0
6628,66.280189798,67.000000000,100,1410,1215,31,0
6629,66.290191143,67.000000000,100,1410,1215,31,0
6630,66.300190424,67.000000000,100,1410,1215,31,0
6631,66.310190526,67.000000000,100,1410,1215,31,0
6632,66.320189697,67.000000000,100,1410,1215,31,0
6633,66.330194057,67.000000000,100,1410,1215,31,0
6634,66.340190853,67.000000000,100,1410,1215,31,0
6635,66.350195364,66.775000000,100,1410,1215,31,0
6636,66.360189405,66.775000000,100,1410,1215,31,0
6637,66.370194236,66.775000000,100,1410,1215,31,0
6638,66.380194439,66.775000000,100,1410,1215,31,0
6639,66.390189822,66.775000000,100,1410,1215,31,0
6640,66.400188582,66.775000000,100,1410,1215,31,0
6641,66.410189727,66.775000000,100,1410,1215,31,0
6642,66.420193346,66.775000000,100,1410,1215,31,0
6643,66.430191034,66.775000000,100,1410,1215,31,0
6644,66.440189373,66.775000000,100,1410,1215,31,0
6645,66.450194765,66.567000000,100,1410,1215,31,0
6646,66.460190099,66.567000000,100,1410,1215,31,0
6647,66.470189379,66.567000000,100,1410,1215,31,0
6648,66.480189171,66.567000000,100,1410,1215,31,0
6649,66.490190526,66.567000000,100,1410,1215,31,0
6650,66.500194175,66.567000000,100,1410,1215,31,0
6651,66.510194878,66.567000000,100,1410,1215,31,0
6652,66.520190503,66.567000000,100,1410,1215,31,0
6653,66.530189423,66.567000000,100,1410,1215,31,0
6654,66.540191278,66.567000000,100,1410,1215,31,0
6655,66.550191391,66.981000000,100,1410,1215,31,0
6656,66.560190772,66.981000000,100,1410,1215,31,0
6657,66.570193720,66.981000000,100,1410,1215,31,0
6658,66.580190165,66.981000000,100,1410,1215,31,0
6659,66.590190488,66.981000000,100,1410,1215,31,0
6660,66.600189588,66.981000000,100,1410,1215,31,0
6661,66.610190032,66.981000000,100,1410,1215,31,0
6662,66.620190424,66.981000000,100,1410,1215,31,0
6663,66.630190697,66.981000000,100,1410,1215,31,0
6664,66.640190749,66.981000000,100,1410,1215,31,0
6665,66.650195571,67.091000000,100,1410,1215,31,0
6666,66.660193900,67.091000000,100,1410,1215,31,0
6667,66.670190045,67.091000000,100,1410,1215,31,0
6668,66.680189406,67.091000000,100,1410,1215,31,0
6669,66.690190019,67.091000000,100,1410,1215,31,0
6670,66.700190562,67.091000000,100,1410,1215,31,0
6671,66.710194292,67.091000000,100,1410,1215,31,0
6672,66.720194805,67.091000000,100,1410,1215,31,0
6673,66.730191441,67.091000000,100,1410,1215,31,0
6674,66.740188888,67.091000000,100,1410,1215,31,0
6675,66.750191275,66.786000000,100,1410,1215,31,0
6676,66.760190025,66.786000000,100,1410,1215,31,0
6677,66.770194195,66.786000000,100,1410,1215,31,0
6678,66.780190560,66.786000000,100,1410,1215,31,0
6679,66.790190973,66.786000000,100,1410,1215,31,0
6680,66.800189492,66.786000000,100,1410,1215,31,0
6681,66.810194304,66.786000000,100,1410,1215,31,0
6682,66.820189547,66.786000000,100,1410,1215,31,0
6683,66.830189469,66.786000000,100,1410,1215,31,0
6684,66.840189642,66.786000000,100,1410,1215,31,0
6685,66.850192599,66.665000000,100,1410,1215,31,0
6686,66.860190237,66.665000000,100,1410,1215,31,0
6687,66.870190189,66.665000000,100,1410,1215,31,0
6688,66.880193357,66.665000000,100,1410,1215,31,0
6689,66.890189673,66.665000000,100,1410,1215,31,0
6690,66.900189845,66.665000000,100,1410,1215,31,0
6691,66.910194366,66.665000000,100,1410,1215,31,0
6692,66.920189840,66.665000000,100,1410,1215,31,0
6693,66.930190443,66.665000000,100,1410,1215,31,0
6694,66.940194362,66.665000000,100,1410,1215,31,0
6695,66.950190387,66.982000000,100,1410,1215,31,0
6696,66.960194006,66.982000000,100,1410,1215,31,0
6697,66.970190201,66.982000000,100,1410,1215,31,0
6698,66.980189061,66.982000000,100,1410,1215,31,0
6699,66.990190015,66.982000000,100,1410,1215,31,0
6700,67.000193364,66.982000000,100,1410,1215,31,0
6701,67.010190120,66.982000000,100,1410,1215,31,0
6702,67.020194039,66.982000000,100,1410,1215,31,0
6703,67.030190745,66.982000000,100,1410,1215,31,0
6704,67.040190607,66.982000000,100,1410,1215,31,0
6705,67.050191662,66.864000000,100,1410,1215,31,0
6706,67.060189520,66.864000000,100,1410,1215,31,0
6707,67.070191405,66.864000000,100,1410,1215,31,0
6708,67.080189684,66.864000000,100,1410,1215,31,0
6709,67.090189777,66.864000000,100,1410,1215,31,0
6710,67.100194177,66.864000000,100,1410,1215,31,0
6711,67.110190693,66.864000000,100,1410,1215,31,0
6712,67.120189693,66.864000000,100,1410,1215,31,0
6713,67.130194204,66.864000000,100,1410,1215,31,0
6714,67.140190249,66.864000000,100,1410,1215,31,0
6715,67.150194309,66.767000000,100,1410,1215,31,0
6716,67.160191045,66.767000000,100,1410,1215,31,0
6717,67.170193161,66.767000000,100,1410,1215,31,0
6718,67.180190308,66.767000000,100,1410,1215,31,0
6719,67.190189528,66.767000000,100,1410,1215,31,0
6720,67.200189761,66.767000000,100,1410,1215,31,0
6721,67.210193961,66.767000000,100,1410,1215,31,0
6722,67.220189625,66.767000000,100,1410,1215,31,0
6723,67.230190529,66.767000000,100,1410,1215,31,0
6724,67.240190581,66.767000000,100,1410,1215,31,0
6725,67.250190834,66.982000000,100,1410,1215,31,0
6726,67.260190496,66.982000000,100,1410,1215,31,0
6727,67.270190368,66.982000000,100,1410,1215,31,0
6728,67.280190450,66.982000000,100,1410,1215,31,0
6729,67.290190172,66.982000000,100,1410,1215,31,0
6730,67.300195624,66.982000000,100,1410,1215,31,0
6731,67.310190356,66.982000000,100,1410,1215,31,0
6732,67.320193214,66.982000000,100,1410,1215,31,0
6733,67.330190601,66.982000000,100,1410,1215,31,0
6734,67.340190213,66.982000000,100,1410,1215,31,0
6735,67.350191167,66.884000000,100,1410,1215,31,0
6736,67.360190117,66.884000000,100,1410,1215,31,0
6737,67.370189929,66.884000000,100,1410,1215,31,0
6738,67.380190282,66.884000000,100,1410,1215,31,0
6739,67.390190514,66.884000000,100,1410,1215,31,0
6740,67.400194213,66.884000000,100,1410,1215,31,0
6741,67.410189847,66.884000000,100,1410,1215,31,0
6742,67.420190521,66.884000000,100,1410,1215,31,0
6743,67.430190954,66.884000000,100,1410,1215,31,0
6744,67.440194282,66.884000000,100,1410,1215,31,0
6745,67.450194846,66.773000000,100,1410,1215,31,0
6746,67.460190309,66.773000000,100,1410,1215,31,0
6747,67.470190051,66.773000000,100,1410,1215,31,0
6748,67.480189993,66.773000000,100,1410,1215,31,0
6749,67.490189985,66.773000000,100,1410,1215,31,0
6750,67.500189677,66.773000000,100,1410,1215,31,0
6751,67.510190320,66.773000000,100,1410,1215,31,0
6752,67.520190403,66.773000000,100,1410,1215,31,0
6753,67.530190715,66.773000000,100,1410,1215,31,0
6754,67.540189956,66.773000000,100,1410,1215,31,0
6755,67.550191521,66.865000000,100,1410,1215,31,0
6756,67.560194760,66.865000000,100,1410,1215,31,0
6757,67.570189903,66.865000000,100,1410,1215,31,0
6758,67.580190606,66.865000000,100,1410,1215,31,0
6759,67.590190128,66.865000000,100,1410,1215,31,0
6760,67.600193827,66.865000000,100,1410,1215,31,0
6761,67.610189862,66.865000000,100,1410,1215,31,0
6762,67.620190305,66.865000000,100,1410,1215,31,0
6763,67.630194645,66.865000000,100,1410,1215,31,0
6764,67.640194918,66.865000000,100,1410,1215,31,0
6765,67.650194709,66.883000000,100,1410,1215,31,0
6766,67.660190404,66.883000000,100,1410,1215,31,0
6767,67.670189284,66.883000000,100,1410,1215,31,0
6768,67.680190077,66.883000000,100,1410,1215,31,0
6769,67.690194087,66.883000000,100,1410,1215,31,0
6770,67.700190422,66.883000000,100,1410,1215,31,0
6771,67.710189473,66.883000000,100,1410,1215,31,0
6772,67.720194034,66.883000000,100,1410,1215,31,0
6773,67.730189988,66.883000000,100,1410,1215,31,0
6774,67.740190001,66.883000000,100,1410,1215,31,0
6775,67.750191155,66.767000000,100,1410,1215,31,0
6776,67.760188963,66.767000000,100,1410,1215,31,0
6777,67.770189186,66.767000000,100,1410,1215,31,0
6778,67.780193616,66.767000000,100,1410,1215,31,0
6779,67.790190182,66.767000000,100,1410,1215,31,0
6780,67.800193500,66.767000000,100,1410,1215,31,0
6781,67.810190397,66.767000000,100,1410,1215,31,0
6782,67.820190208,66.767000000,100,1410,1215,31,0
6783,67.830190491,66.767000000,100,1410,1215,31,0
6784,67.840194301,66.767000000,100,1410,1215,31,0
6785,67.850192159,66.884000000,100,1410,1215,31,0
6786,67.860197511,66.884000000,100,1410,1215,31,0
6787,67.870189067,66.884000000,100,1410,1215,31,0
6788,67.880189991,66.884000000,100,1410,1215,31,0
6789,67.890188821,66.884000000,100,1410,1215,31,0
6790,67.900190517,66.884000000,100,1410,1215,31,0
6791,67.910189297,66.884000000,100,1410,1215,31,0
6792,67.920188838,66.884000000,100,1410,1215,31,0
6793,67.930189291,66.884000000,100,1410,1215,31,0
6794,67.940188872,66.884000000,100,1410,1215,31,0
6795,67.950190067,66.982000000,100,1410,1215,31,0
6796,67.960190279,66.982000000,100,1410,1215,31,0
6797,67.970188488,66.982000000,100,1410,1215,31,0
6798,67.980189222,66.982000000,100,1410,1215,31,0
6799,67.990193171,66.982000000,100,1410,1215,31,0
6800,68.000193414,66.982000000,100,1410,1215,31,0
6801,68.010190771,66.982000000,100,1410,1215,31,0
6802,68.020189100,66.982000000,100,1410,1215,31,0
6803,68.030190185,66.982000000,100,1410,1215,31,0
6804,68.040194385,66.982000000,100,1410,1215,31,0
6805,68.050191291,66.962000000,100,1410,1215,31,0
6806,68.060189941,66.962000000,100,1410,1215,31,0
6807,68.070189752,66.962000000,100,1410,1215,31,0
6808,68.080190606,66.962000000,100,1410,1215,31,0
6809,68.090192252,66.962000000,100,1410,1215,31,0
6810,68.100188657,66.962000000,100,1410,1215,31,0
6811,68.110189330,66.962000000,100,1410,1215,31,0
6812,68.120189473,66.962000000,100,1410,1215,31,0
6813,68.130188794,66.962000000,100,1410,1215,31,0
6814,68.140188616,66.962000000,100,1410,1215,31,0
6815,68.150189980,66.578000000,100,1410,1215,31,0
6816,68.160189011,66.578000000,100,1410,1215,31,0
6817,68.170188632,66.578000000,100,1410,1215,31,0
6818,68.180189135,66.578000000,100,1410,1215,31,0
6819,68.190188286,66.578000000,100,1410,1215,31,0
6820,68.200189681,66.578000000,100,1410,1215,31,0
6821,68.210193300,66.578000000,100,1410,1215,31,0
6822,68.220189495,66.578000000,100,1410,1215,31,0
6823,68.230193505,66.578000000,100,1410,1215,31,0
6824,68.240190201,66.578000000,100,1410,1215,31,0
6825,68.250196064,66.864000000,100,1410,1215,31,0
6826,68.260189173,66.864000000,100,1410,1215,31,0
6827,68.270190157,66.864000000,100,1410,1215,31,0
6828,68.280190209,66.864000000,100,1410,1215,31,0
6829,68.290190222,66.864000000,100,1410,1215,31,0
6830,68.300189412,66.864000000,100,1410,1215,31,0
6831,68.310193021,66.864000000,100,1410,1215,31,0
6832,68.320189948,66.864000000,100,1410,1215,31,0
6833,68.330194549,66.864000000,100,1410,1215,31,0
6834,68.340189832,66.864000000,100,1410,1215,31,0
6835,68.350191517,67.079000000,100,1410,1215,31,0
6836,68.360194124,67.079000000,100,1410,1215,31,0
6837,68.370189949,67.079000000,100,1410,1215,31,0
6838,68.380189450,67.079000000,100,1410,1215,31,0
6839,68.390193450,67.079000000,100,1410,1215,31,0
6840,68.400189995,67.079000000,100,1410,1215,31,0
6841,68.410194506,67.079000000,100,1410,1215,31,0
6842,68.420189850,67.079000000,100,1410,1215,31,0
6843,68.430190403,67.079000000,100,1410,1215,31,0
6844,68.440189183,67.079000000,100,1410,1215,31,0
6845,68.450191589,66.883000000,100,1410,1215,31,0
6846,68.460189257,66.883000000,100,1410,1215,31,0
6847,68.470190772,66.883000000,100,1410,1215,31,0
6848,68.480190073,66.883000000,100,1410,1215,31,0
6849,68.490189414,66.883000000,100,1410,1215,31,0
6850,68.500193314,66.883000000,100,1410,1215,31,0
6851,68.510189388,66.883000000,100,1410,1215,31,0
6852,68.520193458,66.883000000,100,1410,1215,31,0
6853,68.530190435,66.883000000,100,1410,1215,31,0
6854,68.540193333,66.883000000,100,1410,1215,31,0
6855,68.550191431,66.767000000,100,1410,1215,31,0
6856,68.560192886,66.767000000,100,1410,1215,31,0
6857,68.570190163,66.767000000,100,1410,1215,31,0
6858,68.580192450,66.767000000,100,1410,1215,31,0
6859,68.590189466,66.767000000,100,1410,1215,31,0
6860,68.600193115,66.767000000,100,1410,1215,31,0
6861,68.610188859,66.767000000,100,1410,1215,31,0
6862,68.620189313,66.767000000,100,1410,1215,31,0
6863,68.630189926,66.767000000,100,1410,1215,31,0
6864,68.640193535,66.767000000,100,1410,1215,31,0
6865,68.650191523,66.884000000,100,1410,1215,31,0
6866,68.660189351,66.884000000,100,1410,1215,31,0
6867,68.670190315,66.884000000,100,1410,1215,31,0
6868,68.680189977,66.884000000,100,1410,1215,31,0
6869,68.690190300,66.884000000,100,1410,1215,31,0
6870,68.700188739,66.884000000,100,1410,1215,31,0
6871,68.710189002,66.884000000,100,1410,1215,31,0
6872,68.720189745,66.884000000,100,1410,1215,31,0
6873,68.730189798,66.884000000,100,1410,1215,31,0
6874,68.740188698,66.884000000,100,1410,1215,31,0
6875,68.750190303,66.864000000,100,1410,1215,31,0
6876,68.760193421,66.864000000,100,1410,1215,31,0
6877,68.770193483,66.864000000,100,1410,1215,31,0
6878,68.780189588,66.864000000,100,1410,1215,31,0
6879,68.790189029,66.864000000,100,1410,1215,31,0
6880,68.800189252,66.864000000,100,1410,1215,31,0
6881,68.810190106,66.864000000,100,1410,1215,31,0
6882,68.820189557,66.864000000,100,1410,1215,31,0
6883,68.830190060,66.864000000,100,1410,1215,31,0
6884,68.840190433,66.864000000,100,1410,1215,31,0
6885,68.850192269,66.962000000,100,1410,1215,31,0
6886,68.860189856,66.962000000,100,1410,1215,31,0
6887,68.870194226,66.962000000,100,1410,1215,31,0
6888,68.880189770,66.962000000,100,1410,1215,31,0
6889,68.890193860,66.962000000,100,1410,1215,31,0
6890,68.900190185,66.962000000,100,1410,1215,31,0
6891,68.910191540,66.962000000,100,1410,1215,31,0
6892,68.920190470,66.962000000,100,1410,1215,31,0
6893,68.930190142,66.962000000,100,1410,1215,31,0
6894,68.940189323,66.962000000,100,1410,1215,31,0
6895,68.950190176,67.073000000,100,1410,1215,31,0
6896,68.960189357,67.073000000,100,1410,1215,31,0
6897,68.970189009,67.073000000,100,1410,1215,31,0
6898,68.980189271,67.073000000,100,1410,1215,31,0
6899,68.990190235,67.073000000,100,1410,1215,31,0
6900,69.000189917,67.073000000,100,1410,1215,31,0
6901,69.010189989,67.073000000,100,1410,1215,31,0
6902,69.020193468,67.073000000,100,1410,1215,31,0
6903,69.030189803,67.073000000,100,1410,1215,31,0
6904,69.040189355,67.073000000,100,1410,1215,31,0
6905,69.050191982,66.981000000,100,1410,1215,31,0
6906,69.060193747,66.981000000,100,1410,1215,31,0
6907,69.070189161,66.981000000,100,1410,1215,31,0
6908,69.080190275,66.981000000,100,1410,1215,31,0
6909,69.090189576,66.981000000,100,1410,1215,31,0
6910,69.100193756,66.981000000,100,1410,1215,31,0
6911,69.110190202,66.981000000,100,1410,1215,31,0
6912,69.120220320,66.981000000,100,1410,1215,31,0
6913,69.130190486,66.981000000,100,1410,1215,31,0
6914,69.140189186,66.981000000,100,1410,1215,31,0
6915,69.150191012,66.676000000,100,1410,1215,31,0
6916,69.160189361,66.676000000,100,1410,1215,31,0
6917,69.170189193,66.676000000,100,1410,1215,31,0
6918,69.180189345,66.676000000,100,1410,1215,31,0
6919,69.190190810,66.676000000,100,1410,1215,31,0
6920,69.200189009,66.676000000,100,1410,1215,31,0
6921,69.210189262,66.676000000,100,1410,1215,31,0
6922,69.220190105,66.676000000,100,1410,1215,31,0
6923,69.230189747,66.676000000,100,1410,1215,31,0
6924,69.240190651,66.676000000,100,1410,1215,31,0
6925,69.250189781,66.767000000,100,1410,1215,31,0
6926,69.260189753,66.767000000,100,1410,1215,31,0
6927,69.270188664,66.767000000,100,1410,1215,31,0
6928,69.280189958,66.767000000,100,1410,1215,31,0
6929,69.290190411,66.767000000,100,1410,1215,31,0
6930,69.300190123,66.767000000,100,1410,1215,31,0
6931,69.310190666,66.767000000,100,1410,1215,31,0
6932,69.320189115,66.767000000,100,1410,1215,31,0
6933,69.330190510,66.767000000,100,1410,1215,31,0
6934,69.340190422,66.767000000,100,1410,1215,31,0
6935,69.350191256,67.170000000,100,1410,1215,31,0
6936,69.360189014,67.170000000,100,1410,1215,31,0
6937,69.370189647,67.170000000,100,1410,1215,31,0
6938,69.380189369,67.170000000,100,1410,1215,31,0
6939,69.390190133,67.170000000,100,1410,1215,31,0
6940,69.400190215,67.170000000,100,1410,1215,31,0
6941,69.410193914,67.170000000,100,1410,1215,31,0
6942,69.420190800,67.170000000,100,1410,1215,31,0
6943,69.430194850,67.170000000,100,1410,1215,31,0
6944,69.440189783,67.170000000,100,1410,1215,31,0
6945,69.450194644,66.884000000,100,1410,1215,31,0
6946,69.460189176,66.884000000,100,1410,1215,31,0
6947,69.470189649,66.884000000,100,1410,1215,31,0
6948,69.480189161,66.884000000,100,1410,1215,31,0
6949,69.490189553,66.884000000,100,1410,1215,31,0
6950,69.500189786,66.884000000,100,1410,1215,31,0
6951,69.510188937,66.884000000,100,1410,1215,31,0
6952,69.520189330,66.884000000,100,1410,1215,31,0
6953,69.530190494,66.884000000,100,1410,1215,31,0
6954,69.540189104,66.884000000,100,1410,1215,31,0
6955,69.550190148,66.664000000,100,1410,1215,31,0
6956,69.560189769,66.664000000,100,1410,1215,31,0
6957,69.570189581,66.664000000,100,1410,1215,31,0
6958,69.580190214,66.664000000,100,1410,1215,31,0
6959,69.590189826,66.664000000,100,1410,1215,31,0
6960,69.600194537,66.664000000,100,1410,1215,31,0
6961,69.610190121,66.664000000,100,1410,1215,31,0
6962,69.620194271,66.664000000,100,1410,1215,31,0
6963,69.630189184,66.664000000,100,1410,1215,31,0
6964,69.640187783,66.664000000,100,1410,1215,31,0
6965,69.650189468,66.756000000,100,1410,1215,31,0
6966,69.660189861,66.756000000,100,1410,1215,31,0
6967,69.670189583,66.756000000,100,1410,1215,31,0
6968,69.680189565,66.756000000,100,1410,1215,31,0
6969,69.690189617,66.756000000,100,1410,1215,31,0
6970,69.700189109,66.756000000,100,1410,1215,31,0
6971,69.710189522,66.756000000,100,1410,1215,31,0
6972,69.720188833,66.756000000,100,1410,1215,31,0
6973,69.730190077,66.756000000,100,1410,1215,31,0
6974,69.740189148,66.756000000,100,1410,1215,31,0
6975,69.750191033,67.079000000,100,1410,1215,31,0
6976,69.760194151,67.079000000,100,1410,1215,31,0
6977,69.770189124,67.079000000,100,1410,1215,31,0
6978,69.780189737,67.079000000,100,1410,1215,31,0
6979,69.790193907,67.079000000,100,1410,1215,31,0
6980,69.800190072,67.079000000,100,1410,1215,31,0
6981,69.810189584,67.079000000,100,1410,1215,31,0
6982,69.820190247,67.079000000,100,1410,1215,31,0
6983,69.830190460,67.079000000,100,1410,1215,31,0
6984,69.840189560,67.079000000,100,1410,1215,31,0
6985,69.850197026,66.980000000,100,1410,1215,31,0
6986,69.860189554,66.980000000,100,1410,1215,31,0
6987,69.870189246,66.980000000,100,1410,1215,31,0
6988,69.880194188,66.980000000,100,1410,1215,31,0
6989,69.890189832,66.980000000,100,1410,1215,31,0
6990,69.900189092,66.980000000,100,1410,1215,31,0
6991,69.910190918,66.980000000,100,1410,1215,31,0
6992,69.920189638,66.980000000,100,1410,1215,31,0
6993,69.930189650,66.980000000,100,1410,1215,31,0
6994,69.940188750,66.980000000,100,1410,1215,31,0
6995,69.950190846,66.767000000,100,1410,1215,31,0
6996,69.960188925,66.767000000,100,1410,1215,31,0
6997,69.970189839,66.767000000,100,1410,1215,31,0
6998,69.980189521,66.767000000,100,1410,1215,31,0
6999,69.990189583,66.767000000,100,1410,1215,31,0
7000,70.000189395,66.767000000,100,1410,1215,31,0
7001,70.010190709,66.767000000,100,1410,1215,31,0
7002,70.020189369,66.767000000,100,1410,1215,31,0
7003,70.030189572,66.767000000,100,1410,1215,31,0
7004,70.040194062,66.767000000,100,1410,1215,31,0
7005,70.050190498,66.982000000,100,1410,1215,31,0
7006,70.060190450,66.982000000,100,1410,1215,31,0
7007,70.070894012,66.982000000,100,1410,1215,31,0
7008,70.080190023,66.982000000,100,1410,1215,31,0
7009,70.090189525,66.982000000,100,1410,1215,31,0
7010,70.100189627,66.982000000,100,1410,1215,31,0
7011,70.110189038,66.982000000,100,1410,1215,31,0
7012,70.120190303,66.982000000,100,1410,1215,31,0
7013,70.130188501,66.982000000,100,1410,1215,31,0
7014,70.140190487,66.982000000,100,1410,1215,31,0
7015,70.150189818,66.981000000,100,1410,1215,31,0
7016,70.160189299,66.981000000,100,1410,1215,31,0
7017,70.170189863,66.981000000,100,1410,1215,31,0
7018,70.180189424,66.981000000,100,1410,1215,31,0
7019,70.190189997,66.981000000,100,1410,1215,31,0
7020,70.200189839,66.981000000,100,1410,1215,31,0
7021,70.210189932,66.981000000,100,1410,1215,31,0
7022,70.220188792,66.981000000,100,1410,1215,31,0
7023,70.230192581,66.981000000,100,1410,1215,31,0
7024,70.240189788,66.981000000,100,1410,1215,31,0
7025,70.250192004,66.865000000,100,1410,1215,31,0
7026,70.260189632,66.865000000,100,1410,1215,31,0
7027,70.270190586,66.865000000,100,1410,1215,31,0
7028,70.280190408,66.865000000,100,1410,1215,31,0
7029,70.290189077,66.865000000,100,1410,1215,31,0
7030,70.300190282,66.865000000,100,1410,1215,31,0
7031,70.310190565,66.865000000,100,1410,1215,31,0
7032,70.320189996,66.865000000,100,1410,1215,31,0
7033,70.330188856,66.865000000,100,1410,1215,31,0
7034,70.340189499,66.865000000,100,1410,1215,31,0
7035,70.350190313,66.883000000,100,1410,1215,31,0
7036,70.360190045,66.883000000,100,1410,1215,31,0
7037,70.370188965,66.883000000,100,1410,1215,31,0
7038,70.380189608,66.883000000,100,1410,1215,31,0
7039,70.390189400,66.883000000,100,1410,1215,31,0
7040,70.400189993,66.883000000,100,1410,1215,31,0
7041,70.410194053,66.883000000,100,1410,1215,31,0
7042,70.420189767,66.883000000,100,1410,1215,31,0
7043,70.430191172,66.883000000,100,1410,1215,31,0
7044,70.440190082,66.883000000,100,1410,1215,31,0
7045,70.450191527,66.877000000,100,1410,1215,31,0
7046,70.460190607,66.877000000,100,1410,1215,31,0
7047,70.470194537,66.877000000,100,1410,1215,31,0
7048,70.480195150,66.877000000,100,1410,1215,31,0
7049,70.490190454,66.877000000,100,1410,1215,31,0
7050,70.500190726,66.877000000,100,1410,1215,31,0
7051,70.510190328,66.877000000,100,1410,1215,31,0
7052,70.520190931,66.877000000,100,1410,1215,31,0
7053,70.530190663,66.877000000,100,1410,1215,31,0
7054,70.540190164,66.877000000,100,1410,1215,31,0
7055,70.550191439,67.079000000,100,1410,1215,31,0
7056,70.560190519,67.079000000,100,1410,1215,31,0
7057,70.570193787,67.079000000,100,1410,1215,31,0
7058,70.580191015,67.079000000,100,1410,1215,31,0
7059,70.590190385,67.079000000,100,1410,1215,31,0
7060,70.600190608,67.079000000,100,1410,1215,31,0
7061,70.610189458,67.079000000,100,1410,1215,31,0
7062,70.620190292,67.079000000,100,1410,1215,31,0
7063,70.630190765,67.079000000,100,1410,1215,31,0
7064,70.640194244,67.079000000,100,1410,1215,31,0
7065,70.650190429,66.884000000,100,1410,1215,31,0
7066,70.660189960,66.884000000,100,1410,1215,31,0
7067,70.670194150,66.884000000,100,1410,1215,31,0
7068,70.680194823,66.884000000,100,1410,1215,31,0
7069,70.690191018,66.884000000,100,1410,1215,31,0
7070,70.700189778,66.884000000,100,1410,1215,31,0
7071,70.710194630,66.884000000,100,1410,1215,31,0
7072,70.720189913,66.884000000,100,1410,1215,31,0
7073,70.730190827,66.884000000,100,1410,1215,31,0
7074,70.740194786,66.884000000,100,1410,1215,31,0
7075,70.750191533,66.883000000,100,1410,1215,31,0
7076,70.760190884,66.883000000,100,1410,1215,31,0
7077,70.770194082,66.883000000,100,1410,1215,31,0
7078,70.780189635,66.883000000,100,1410,1215,31,0
7079,70.790189958,66.883000000,100,1410,1215,31,0
7080,70.800189650,66.883000000,100,1410,1215,31,0
7081,70.810190414,66.883000000,100,1410,1215,31,0
7082,70.820190546,66.883000000,100,1410,1215,31,0
7083,70.830190428,66.883000000,100,1410,1215,31,0
7084,70.840194377,66.883000000,100,1410,1215,31,0
7085,70.850191374,66.786000000,100,1410,1215,31,0
7086,70.860192779,66.786000000,100,1410,1215,31,0
7087,70.870189846,66.786000000,100,1410,1215,31,0
7088,70.880190339,66.786000000,100,1410,1215,31,0
7089,70.890189549,66.786000000,100,1410,1215,31,0
7090,70.900194831,66.786000000,100,1410,1215,31,0
7091,70.910190105,66.786000000,100,1410,1215,31,0
7092,70.920190237,66.786000000,100,1410,1215,31,0
7093,70.930189828,66.786000000,100,1410,1215,31,0
7094,70.940190021,66.786000000,100,1410,1215,31,0
7095,70.950190123,66.884000000,100,1410,1215,31,0
7096,70.960190677,66.884000000,100,1410,1215,31,0
7097,70.970189437,66.884000000,100,1410,1215,31,0
7098,70.980189599,66.884000000,100,1410,1215,31,0
7099,70.990189771,66.884000000,100,1410,1215,31,0
7100,71.000190886,66.884000000,100,1410,1215,31,0
7101,71.010190117,66.884000000,100,1410,1215,31,0
7102,71.020190269,66.884000000,100,1410,1215,31,0
7103,71.030191574,66.884000000,100,1410,1215,31,0
7104,71.040193980,66.884000000,100,1410,1215,31,0
7105,71.050191317,66.994000000,100,1410,1215,31,0
7106,71.060190188,66.994000000,100,1410,1215,31,0
7107,71.070189619,66.994000000,100,1410,1215,31,0
7108,71.080190623,66.994000000,100,1410,1215,31,0
7109,71.090189493,66.994000000,100,1410,1215,31,0
7110,71.100193913,66.994000000,100,1410,1215,31,0
7111,71.110189878,66.994000000,100,1410,1215,31,0
7112,71.120193757,66.994000000,100,1410,1215,31,0
7113,71.130193359,66.994000000,100,1410,1215,31,0
7114,71.140189614,66.994000000,100,1410,1215,31,0
7115,71.150190668,66.767000000,100,1410,1215,31,0
7116,71.160190219,66.767000000,100,1410,1215,31,0
7117,71.170189079,66.767000000,100,1410,1215,31,0
7118,71.180189793,66.767000000,100,1410,1215,31,0
7119,71.190188422,66.767000000,100,1410,1215,31,0
7120,71.200188946,66.767000000,100,1410,1215,31,0
7121,71.210188457,66.767000000,100,1410,1215,31,0
7122,71.220189812,66.767000000,100,1410,1215,31,0
7123,71.230190796,66.767000000,100,1410,1215,31,0
7124,71.240190106,66.767000000,100,1410,1215,31,0
7125,71.250191241,66.785000000,100,1410,1215,31,0
7126,71.260193608,66.785000000,100,1410,1215,31,0
7127,71.270193219,66.785000000,100,1410,1215,31,0
7128,71.280194343,66.785000000,100,1410,1215,31,0
7129,71.290190789,66.785000000,100,1410,1215,31,0
7130,71.300189829,66.785000000,100,1410,1215,31,0
7131,71.310189841,66.785000000,100,1410,1215,31,0
7132,71.320190875,66.785000000,100,1410,1215,31,0
7133,71.330191318,66.785000000,100,1410,1215,31,0
7134,71.340189667,66.785000000,100,1410,1215,31,0
7135,71.350191433,67.091000000,100,1410,1215,31,0
7136,71.360189351,67.091000000,100,1410,1215,31,0
7137,71.370189945,67.091000000,100,1410,1215,31,0
7138,71.380190778,67.091000000,100,1410,1215,31,0
7139,71.390193916,67.091000000,100,1410,1215,31,0
7140,71.400190662,67.091000000,100,1410,1215,31,0
7141,71.410190124,67.091000000,100,1410,1215,31,0
7142,71.420189765,67.091000000,100,1410,1215,31,0
7143,71.430190769,67.091000000,100,1410,1215,31,0
7144,71.440189900,67.091000000,100,1410,1215,31,0
7145,71.450195212,66.884000000,100,1410,1215,31,0
7146,71.460190295,66.884000000,100,1410,1215,31,0
7147,71.470193713,66.884000000,100,1410,1215,31,0
7148,71.480190349,66.884000000,100,1410,1215,31,0
7149,71.490194259,66.884000000,100,1410,1215,31,0
7150,71.500190985,66.884000000,100,1410,1215,31,0
7151,71.510188973,66.884000000,100,1410,1215,31,0
7152,71.520190098,66.884000000,100,1410,1215,31,0
7153,71.530190480,66.884000000,100,1410,1215,31,0
7154,71.540193919,66.884000000,100,1410,1215,31,0
7155,71.550191667,66.871000000,100,1410,1215,31,0
7156,71.560191399,66.871000000,100,1410,1215,31,0
7157,71.570190138,66.871000000,100,1410,1215,31,0
7158,71.580190902,66.871000000,100,1410,1215,31,0
7159,71.590190674,66.871000000,100,1410,1215,31,0
7160,71.600190886,66.871000000,100,1410,1215,31,0
7161,71.610190027,66.871000000,100,1410,1215,31,0
7162,71.620189749,66.871000000,100,1410,1215,31,0
7163,71.630191324,66.871000000,100,1410,1215,31,0
7164,71.640189432,66.871000000,100,1410,1215,31,0
7165,71.650191879,66.981000000,100,1410,1215,31,0
7166,71.660189978,66.981000000,100,1410,1215,31,0
7167,71.670191703,66.981000000,100,1410,1215,31,0
7168,71.680190463,66.981000000,100,1410,1215,31,0
7169,71.690193311,66.981000000,100,1410,1215,31,0
7170,71.700190457,66.981000000,100,1410,1215,31,0
7171,71.710194197,66.981000000,100,1410,1215,31,0
7172,71.720190482,66.981000000,100,1410,1215,31,0
7173,71.730194301,66.981000000,100,1410,1215,31,0
7174,71.740190175,66.981000000,100,1410,1215,31,0
7175,71.750191801,67.000000000,100,1410,1215,31,0
7176,71.760190721,67.000000000,100,1410,1215,31,0
7177,71.770194570,67.000000000,100,1410,1215,31,0
7178,71.780190495,67.000000000,100,1410,1215,31,0
7179,71.790188904,67.000000000,100,1410,1215,31,0
7180,71.800189958,67.000000000,100,1410,1215,31,0
7181,71.810190571,67.000000000,100,1410,1215,31,0
7182,71.820190544,67.000000000,100,1410,1215,31,0
7183,71.830190746,67.000000000,100,1410,1215,31,0
7184,71.840190668,67.000000000,100,1410,1215,31,0
7185,71.850191993,66.884000000,100,1410,1215,31,0
7186,71.860190572,66.884000000,100,1410,1215,31,0
7187,71.870190735,66.884000000,100,1410,1215,31,0
7188,71.880189905,66.884000000,100,1410,1215,31,0
7189,71.890189727,66.884000000,100,1410,1215,31,0
7190,71.900194308,66.884000000,100,1410,1215,31,0
7191,71.910190633,66.884000000,100,1410,1215,31,0
7192,71.920192128,66.884000000,100,1410,1215,31,0
7193,71.930191349,66.884000000,100,1410,1215,31,0
7194,71.940191271,66.884000000,100,1410,1215,31,0
7195,71.950190662,66.871000000,100,1410,1215,31,0
7196,71.960190143,66.871000000,100,1410,1215,31,0
7197,71.970189544,66.871000000,100,1410,1215,31,0
7198,71.980190208,66.871000000,100,1410,1215,31,0
7199,71.990189639,66.871000000,100,1410,1215,31,0
7200,72.000189952,66.871000000,100,1410,1215,31,0
7201,72.010189353,66.871000000,100,1410,1215,31,0
7202,72.020189996,66.871000000,100,1410,1215,31,0
7203,72.030189477,66.871000000,100,1410,1215,31,0
7204,72.040189519,66.871000000,100,1410,1215,31,0
7205,72.050189912,66.982000000,100,1410,1215,31,0
7206,72.060188913,66.982000000,100,1410,1215,31,0
7207,72.070190097,66.982000000,100,1410,1215,31,0
7208,72.080190480,66.982000000,100,1410,1215,31,0
7209,72.090194249,66.982000000,100,1410,1215,31,0
7210,72.100189523,66.982000000,100,1410,1215,31,0
7211,72.110189695,66.982000000,100,1410,1215,31,0
7212,72.120189577,66.982000000,100,1410,1215,31,0
7213,72.130194739,66.982000000,100,1410,1215,31,0
7214,72.140189571,66.982000000,100,1410,1215,31,0
7215,72.150191667,66.981000000,100,1410,1215,31,0
7216,72.160189876,66.981000000,100,1410,1215,31,0
7217,72.170189448,66.981000000,100,1410,1215,31,0
7218,72.180188849,66.981000000,100,1410,1215,31,0
7219,72.190190043,66.981000000,100,1410,1215,31,0
7220,72.200189564,66.981000000,100,1410,1215,31,0
7221,72.210190168,66.981000000,100,1410,1215,31,0
7222,72.220189869,66.981000000,100,1410,1215,31,0
7223,72.230189921,66.981000000,100,1410,1215,31,0
7224,72.240190034,66.981000000,100,1410,1215,31,0
7225,72.250190958,66.864000000,100,1410,1215,31,0
7226,72.260189728,66.864000000,100,1410,1215,31,0
7227,72.270189940,66.864000000,100,1410,1215,31,0
7228,72.280190283,66.864000000,100,1410,1215,31,0
7229,72.290193191,66.864000000,100,1410,1215,31,0
7230,72.300194245,66.864000000,100,1410,1215,31,0
7231,72.310191111,66.864000000,100,1410,1215,31,0
7232,72.320189330,66.864000000,100,1410,1215,31,0
7233,72.330190544,66.864000000,100,1410,1215,31,0
7234,72.340189935,66.864000000,100,1410,1215,31,0
7235,72.350190619,66.865000000,100,1410,1215,31,0
7236,72.360189880,66.865000000,100,1410,1215,31,0
7237,72.370189531,66.865000000,100,1410,1215,31,0
7238,72.380189824,66.865000000,100,1410,1215,31,0
7239,72.390189856,66.865000000,100,1410,1215,31,0
7240,72.400190089,66.865000000,100,1410,1215,31,0
7241,72.410193798,66.865000000,100,1410,1215,31,0
7242,72.420193169,66.865000000,100,1410,1215,31,0
7243,72.430190306,66.865000000,100,1410,1215,31,0
7244,72.440190688,66.865000000,100,1410,1215,31,0
7245,72.450194909,66.786000000,100,1410,1215,31,0
7246,72.460190192,66.786000000,100,1410,1215,31,0
7247,72.470189563,66.786000000,100,1410,1215,31,0
7248,72.480189635,66.786000000,100,1410,1215,31,0
7249,72.490194126,66.786000000,100,1410,1215,31,0
7250,72.500190221,66.786000000,100,1410,1215,31,0
7251,72.510189532,66.786000000,100,1410,1215,31,0
7252,72.520193331,66.786000000,100,1410,1215,31,0
7253,72.530190969,66.786000000,100,1410,1215,31,0
7254,72.540190009,66.786000000,100,1410,1215,31,0
7255,72.550191875,66.962000000,100,1410,1215,31,0
7256,72.560189773,66.962000000,100,1410,1215,31,0
7257,72.570190587,66.962000000,100,1410,1215,31,0
7258,72.580193995,66.962000000,100,1410,1215,31,0
7259,72.590190320,66.962000000,100,1410,1215,31,0
7260,72.600189982,66.962000000,100,1410,1215,31,0
7261,72.610189724,66.962000000,100,1410,1215,31,0
7262,72.620194485,66.962000000,100,1410,1215,31,0
7263,72.630190970,66.962000000,100,1410,1215,31,0
7264,72.640193938,66.962000000,100,1410,1215,31,0
7265,72.650191205,66.981000000,100,1410,1215,31,0
7266,72.660190165,66.981000000,100,1410,1215,31,0
7267,72.670190208,66.981000000,100,1410,1215,31,0
7268,72.680194037,66.981000000,100,1410,1215,31,0
7269,72.690189481,66.981000000,100,1410,1215,31,0
7270,72.700189753,66.981000000,100,1410,1215,31,0
7271,72.710193903,66.981000000,100,1410,1215,31,0
7272,72.720190820,66.981000000,100,1410,1215,31,0
7273,72.730191303,66.981000000,100,1410,1215,31,0
7274,72.740190413,66.981000000,100,1410,1215,31,0
7275,72.750190686,66.864000000,100,1410,1215,31,0
7276,72.760189997,66.864000000,100,1410,1215,31,0
7277,72.770193024,66.864000000,100,1410,1215,31,0
7278,72.780190452,66.864000000,100,1410,1215,31,0
7279,72.790189753,66.864000000,100,1410,1215,31,0
7280,72.800190196,66.864000000,100,1410,1215,31,0
7281,72.810190278,66.864000000,100,1410,1215,31,0
7282,72.820189659,66.864000000,100,1410,1215,31,0
7283,72.830194590,66.864000000,100,1410,1215,31,0
7284,72.840190034,66.864000000,100,1410,1215,31,0
7285,72.850195356,66.572000000,100,1410,1215,31,0
7286,72.860189337,66.572000000,100,1410,1215,31,0
7287,72.870191233,66.572000000,100,1410,1215,31,0
7288,72.880190243,66.572000000,100,1410,1215,31,0
7289,72.890192429,66.572000000,100,1410,1215,31,0
7290,72.900188735,66.572000000,100,1410,1215,31,0
7291,72.910191131,66.572000000,100,1410,1215,31,0
7292,72.920190342,66.572000000,100,1410,1215,31,0
7293,72.930190695,66.572000000,100,1410,1215,31,0
7294,72.940188523,66.572000000,100,1410,1215,31,0
7295,72.950190819,66.773000000,100,1410,1215,31,0
7296,72.960189008,66.773000000,100,1410,1215,31,0
7297,72.970189862,66.773000000,100,1410,1215,31,0
7298,72.980190014,66.773000000,100,1410,1215,31,0
7299,72.990189826,66.773000000,100,1410,1215,31,0
7300,73.000189097,66.773000000,100,1410,1215,31,0
7301,73.010189911,66.773000000,100,1410,1215,31,0
7302,73.020194411,66.773000000,100,1410,1215,31,0
7303,73.030190666,66.773000000,100,1410,1215,31,0
7304,73.040189025,66.773000000,100,1410,1215,31,0
7305,73.050190631,66.884000000,100,1410,1215,31,0
7306,73.060189611,66.884000000,100,1410,1215,31,0
7307,73.070190204,66.884000000,100,1410,1215,31,0
7308,73.080194254,66.884000000,100,1410,1215,31,0
7309,73.090192423,66.884000000,100,1410,1215,31,0
7310,73.100189730,66.884000000,100,1410,1215,31,0
7311,73.110188540,66.884000000,100,1410,1215,31,0
7312,73.120189654,66.884000000,100,1410,1215,31,0
7313,73.130189606,66.884000000,100,1410,1215,31,0
7314,73.140189037,66.884000000,100,1410,1215,31,0
7315,73.150189580,66.962000000,100,1410,1215,31,0
7316,73.160189172,66.962000000,100,1410,1215,31,0
7317,73.170189935,66.962000000,100,1410,1215,31,0
7318,73.180189156,66.962000000,100,1410,1215,31,0
7319,73.190190010,66.962000000,100,1410,1215,31,0
7320,73.200188219,66.962000000,100,1410,1215,31,0
7321,73.210189603,66.962000000,100,1410,1215,31,0
7322,73.220193563,66.962000000,100,1410,1215,31,0
7323,73.230190860,66.962000000,100,1410,1215,31,0
7324,73.240190161,66.962000000,100,1410,1215,31,0
7325,73.250190814,66.767000000,100,1410,1215,31,0
7326,73.260193482,66.767000000,100,1410,1215,31,0
7327,73.270190007,66.767000000,100,1410,1215,31,0
7328,73.280189819,66.767000000,100,1410,1215,31,0
7329,73.290190162,66.767000000,100,1410,1215,31,0
7330,73.300190144,66.767000000,100,1410,1215,31,0
7331,73.310194134,66.767000000,100,1410,1215,31,0
7332,73.320189928,66.767000000,100,1410,1215,31,0
7333,73.330194649,66.767000000,100,1410,1215,31,0
7334,73.340190233,66.767000000,100,1410,1215,31,0
7335,73.350195194,66.665000000,100,1410,1215,31,0
7336,73.360189736,66.665000000,100,1410,1215,31,0
7337,73.370189478,66.665000000,100,1410,1215,31,0
7338,73.380189871,66.665000000,100,1410,1215,31,0
7339,73.390193309,66.665000000,100,1410,1215,31,0
7340,73.400190296,66.665000000,100,1410,1215,31,0
7341,73.410189917,66.665000000,100,1410,1215,31,0
7342,73.420189609,66.665000000,100,1410,1215,31,0
7343,73.430194681,66.665000000,100,1410,1215,31,0
7344,73.440193821,66.665000000,100,1410,1215,31,0
7345,73.450190868,66.762000000,100,1410,1215,31,0
7346,73.460193304,66.762000000,100,1410,1215,31,0
7347,73.470189860,66.762000000,100,1410,1215,31,0
7348,73.480189892,66.762000000,100,1410,1215,31,0
7349,73.490190125,66.762000000,100,1410,1215,31,0
7350,73.500191199,66.762000000,100,1410,1215,31,0
7351,73.510189919,66.762000000,100,1410,1215,31,0
7352,73.520188779,66.762000000,100,1410,1215,31,0
7353,73.530191717,66.762000000,100,1410,1215,31,0
7354,73.540188423,66.762000000,100,1410,1215,31,0
7355,73.550191340,66.767000000,100,1410,1215,31,0
7356,73.560194328,66.767000000,100,1410,1215,31,0
7357,73.570190373,66.767000000,100,1410,1215,31,0
7358,73.580189784,66.767000000,100,1410,1215,31,0
7359,73.590188614,66.767000000,100,1410,1215,31,0
7360,73.600189718,66.767000000,100,1410,1215,31,0
7361,73.610188748,66.767000000,100,1410,1215,31,0
7362,73.620194121,66.767000000,100,1410,1215,31,0
7363,73.630189604,66.767000000,100,1410,1215,31,0
7364,73.640188775,66.767000000,100,1410,1215,31,0
7365,73.650190931,66.884000000,100,1410,1215,31,0
7366,73.660190763,66.884000000,100,1410,1215,31,0
7367,73.670189032,66.884000000,100,1410,1215,31,0
7368,73.680194104,66.884000000,100,1410,1215,31,0
7369,73.690190028,66.884000000,100,1410,1215,31,0
7370,73.700190191,66.884000000,100,1410,1215,31,0
7371,73.710194401,66.884000000,100,1410,1215,31,0
7372,73.720194333,66.884000000,100,1410,1215,31,0
7373,73.730190968,66.884000000,100,1410,1215,31,0
7374,73.740189227,66.884000000,100,1410,1215,31,0
7375,73.750191143,66.866000000,100,1410,1215,31,0
7376,73.760189352,66.866000000,100,1410,1215,31,0
7377,73.770189404,66.866000000,100,1410,1215,31,0
7378,73.780190589,66.866000000,100,1410,1215,31,0
7379,73.790193857,66.866000000,100,1410,1215,31,0
7380,73.800190102,66.866000000,100,1410,1215,31,0
7381,73.810189653,66.866000000,100,1410,1215,31,0
7382,73.820189886,66.866000000,100,1410,1215,31,0
7383,73.830194316,66.866000000,100,1410,1215,31,0
7384,73.840190281,66.866000000,100,1410,1215,31,0
7385,73.850190914,66.962000000,100,1410,1215,31,0
7386,73.860189925,66.962000000,100,1410,1215,31,0
7387,73.870198513,66.962000000,100,1410,1215,31,0
7388,73.880189408,66.962000000,100,1410,1215,31,0
7389,73.890189099,66.962000000,100,1410,1215,31,0
7390,73.900189392,66.962000000,100,1410,1215,31,0
7391,73.910190046,66.962000000,100,1410,1215,31,0
7392,73.920191310,66.962000000,100,1410,1215,31,0
7393,73.930189609,66.962000000,100,1410,1215,31,0
7394,73.940189261,66.962000000,100,1410,1215,31,0
7395,73.950189994,66.658000000,100,1410,1215,31,0
7396,73.960188904,66.658000000,100,1410,1215,31,0
7397,73.970188355,66.658000000,100,1410,1215,31,0
7398,73.980188989,66.658000000,100,1410,1215,31,0
7399,73.990189151,66.658000000,100,1410,1215,31,0
7400,74.000188612,66.658000000,100,1410,1215,31,0
7401,74.010188985,66.658000000,100,1410,1215,31,0
7402,74.020188206,66.658000000,100,1410,1215,31,0
7403,74.030190803,66.658000000,100,1410,1215,31,0
7404,74.040189292,66.658000000,100,1410,1215,31,0
7405,74.050190787,66.962000000,100,1410,1215,31,0
7406,74.060193725,66.962000000,100,1410,1215,31,0
7407,74.070189720,66.962000000,100,1410,1215,31,0
7408,74.080189892,66.962000000,100,1410,1215,31,0
7409,74.090190295,66.962000000,100,1410,1215,31,0
7410,74.100190037,66.962000000,100,1410,1215,31,0
7411,74.110194387,66.962000000,100,1410,1215,31,0
7412,74.120189720,66.962000000,100,1410,1215,31,0
7413,74.130190043,66.962000000,100,1410,1215,31,0
7414,74.140190025,66.962000000,100,1410,1215,31,0
7415,74.150190478,66.975000000,100,1410,1215,31,0
7416,74.160189358,66.975000000,100,1410,1215,31,0
7417,74.170189861,66.975000000,100,1410,1215,31,0
7418,74.180193781,66.975000000,100,1410,1215,31,0
7419,74.190190246,66.975000000,100,1410,1215,31,0
7420,74.200189617,66.975000000,100,1410,1215,31,0
7421,74.210193988,66.975000000,100,1410,1215,31,0
7422,74.220190313,66.975000000,100,1410,1215,31,0
7423,74.230194533,66.975000000,100,1410,1215,31,0
7424,74.240189015,66.975000000,100,1410,1215,31,0
7425,74.250190680,66.883000000,100,1410,1215,31,0
7426,74.260193989,66.883000000,100,1410,1215,31,0
7427,74.270190594,66.883000000,100,1410,1215,31,0
7428,74.280189474,66.883000000,100,1410,1215,31,0
7429,74.290190078,66.883000000,100,1410,1215,31,0
7430,74.300253389,66.883000000,100,1410,1215,31,0
7431,74.310189591,66.883000000,100,1410,1215,31,0
7432,74.320194883,66.883000000,100,1410,1215,31,0
7433,74.330191699,66.883000000,100,1410,1215,31,0
7434,74.340189077,66.883000000,100,1410,1215,31,0
7435,74.350191353,66.865000000,100,1410,1215,31,0
7436,74.360194591,66.865000000,100,1410,1215,31,0
7437,74.370189524,66.865000000,100,1410,1215,31,0
7438,74.380189716,66.865000000,100,1410,1215,31,0
7439,74.390193616,66.865000000,100,1410,1215,31,0
7440,74.400189971,66.865000000,100,1410,1215,31,0
7441,74.410189543,66.865000000,100,1410,1215,31,0
7442,74.420190296,66.865000000,100,1410,1215,31,0
7443,74.430194927,66.865000000,100,1410,1215,31,0
7444,74.440190341,66.865000000,100,1410,1215,31,0
7445,74.450195012,66.976000000,100,1410,1215,31,0
7446,74.460189834,66.976000000,100,1410,1215,31,0
7447,74.470191449,66.976000000,100,1410,1215,31,0
7448,74.480190089,66.976000000,100,1410,1215,31,0
7449,74.490190241,66.976000000,100,1410,1215,31,0
7450,74.500189612,66.976000000,100,1410,1215,31,0
7451,74.510188753,66.976000000,100,1410,1215,31,0
7452,74.520189857,66.976000000,100,1410,1215,31,0
7453,74.530190019,66.976000000,100,1410,1215,31,0
7454,74.540188749,66.976000000,100,1410,1215,31,0
7455,74.550191016,67.073000000,100,1410,1215,31,0
7456,74.560190026,67.073000000,100,1410,1215,31,0
7457,74.570189677,67.073000000,100,1410,1215,31,0
7458,74.580188728,67.073000000,100,1410,1215,31,0
7459,74.590189461,67.073000000,100,1410,1215,31,0
7460,74.600190085,67.073000000,100,1410,1215,31,0
7461,74.610189586,67.073000000,100,1410,1215,31,0
7462,74.620193505,67.073000000,100,1410,1215,31,0
7463,74.630189831,67.073000000,100,1410,1215,31,0
7464,74.640193089,67.073000000,100,1410,1215,31,0
7465,74.650194333,66.767000000,100,1410,1215,31,0
7466,74.660195007,66.767000000,100,1410,1215,31,0
7467,74.670189589,66.767000000,100,1410,1215,31,0
7468,74.680190473,66.767000000,100,1410,1215,31,0
7469,74.690190014,66.767000000,100,1410,1215,31,0
7470,74.700191288,66.767000000,100,1410,1215,31,0
7471,74.710188415,66.767000000,100,1410,1215,31,0
7472,74.720214176,66.767000000,100,1410,1215,31,0
7473,74.730187598,66.767000000,100,1410,1215,31,0
7474,74.740187660,66.767000000,100,1410,1215,31,0
7475,74.750190327,66.670000000,100,1410,1215,31,0
7476,74.760189688,66.670000000,100,1410,1215,31,0
7477,74.770189620,66.670000000,100,1410,1215,31,0
7478,74.780189152,66.670000000,100,1410,1215,31,0
7479,74.790189675,66.670000000,100,1410,1215,31,0
7480,74.800189817,66.670000000,100,1410,1215,31,0
7481,74.810194147,66.670000000,100,1410,1215,31,0
7482,74.820189351,66.670000000,100,1410,1215,31,0
7483,74.830194242,66.670000000,100,1410,1215,31,0
7484,74.840190227,66.670000000,100,1410,1215,31,0
7485,74.850190319,67.078000000,100,1410,1215,31,0
7486,74.860189690,67.078000000,100,1410,1215,31,0
7487,74.870201765,67.078000000,100,1410,1215,31,0
7488,74.880190466,67.078000000,100,1410,1215,31,0
7489,74.890189566,67.078000000,100,1410,1215,31,0
7490,74.900188596,67.078000000,100,1410,1215,31,0
7491,74.910191133,67.078000000,100,1410,1215,31,0
7492,74.920189973,67.078000000,100,1410,1215,31,0
7493,74.930190276,67.078000000,100,1410,1215,31,0
7494,74.940189467,67.078000000,100,1410,1215,31,0
7495,74.950190340,66.982000000,100,1410,1215,31,0
7496,74.960189581,66.982000000,100,1410,1215,31,0
7497,74.970188612,66.982000000,100,1410,1215,31,0
7498,74.980189235,66.982000000,100,1410,1215,31,0
7499,74.990189157,66.982000000,100,1410,1215,31,0
7500,75.000189740,66.982000000,100,1410,1215,31,0
7501,75.010188911,66.982000000,100,1410,1215,31,0
7502,75.020189624,66.982000000,100,1410,1215,31,0
7503,75.030192011,66.982000000,100,1410,1215,31,0
7504,75.040191302,66.982000000,100,1410,1215,31,0
7505,75.050209668,66.962000000,100,1410,1215,31,0
7506,75.060191306,66.962000000,100,1410,1215,31,0
7507,75.070190607,66.962000000,100,1410,1215,31,0
7508,75.080193344,66.962000000,100,1410,1215,31,0
7509,75.090191894,66.962000000,100,1410,1215,31,0
7510,75.100189181,66.962000000,100,1410,1215,31,0
7511,75.110190946,66.962000000,100,1410,1215,31,0
7512,75.120190147,66.962000000,100,1410,1215,31,0
7513,75.130190319,66.962000000,100,1410,1215,31,0
7514,75.140189520,66.962000000,100,1410,1215,31,0
7515,75.150190884,66.981000000,100,1410,1215,31,0
7516,75.160190286,66.981000000,100,1410,1215,31,0
7517,75.170189797,66.981000000,100,1410,1215,31,0
7518,75.180190009,66.981000000,100,1410,1215,31,0
7519,75.190188900,66.981000000,100,1410,1215,31,0
7520,75.200189553,66.981000000,100,1410,1215,31,0
7521,75.210193693,66.981000000,100,1410,1215,31,0
7522,75.220190008,66.981000000,100,1410,1215,31,0
7523,75.230190411,66.981000000,100,1410,1215,31,0
7524,75.240190353,66.981000000,100,1410,1215,31,0
7525,75.250190415,67.079000000,100,1410,1215,31,0
7526,75.260190357,67.079000000,100,1410,1215,31,0
7527,75.270190670,67.079000000,100,1410,1215,31,0
7528,75.280189370,67.079000000,100,1410,1215,31,0
7529,75.290189753,67.079000000,100,1410,1215,31,0
7530,75.300189985,67.079000000,100,1410,1215,31,0
7531,75.310193915,67.079000000,100,1410,1215,31,0
7532,75.320189799,67.079000000,100,1410,1215,31,0
7533,75.330195131,67.079000000,100,1410,1215,31,0
7534,75.340190164,67.079000000,100,1410,1215,31,0
7535,75.350190667,66.865000000,100,1410,1215,31,0
7536,75.360188926,66.865000000,100,1410,1215,31,0
7537,75.370188818,66.865000000,100,1410,1215,31,0
7538,75.380189041,66.865000000,100,1410,1215,31,0
7539,75.390189995,66.865000000,100,1410,1215,31,0
7540,75.400190267,66.865000000,100,1410,1215,31,0
7541,75.410194327,66.865000000,100,1410,1215,31,0
7542,75.420189911,66.865000000,100,1410,1215,31,0
7543,75.430190394,66.865000000,100,1410,1215,31,0
7544,75.440189935,66.865000000,100,1410,1215,31,0
7545,75.450190508,66.864000000,100,1410,1215,31,0
7546,75.460190070,66.864000000,100,1410,1215,31,0
7547,75.470189290,66.864000000,100,1410,1215,31,0
7548,75.480190234,66.864000000,100,1410,1215,31,0
7549,75.490190166,66.864000000,100,1410,1215,31,0
7550,75.500194136,66.864000000,100,1410,1215,31,0
7551,75.510190411,66.864000000,100,1410,1215,31,0
7552,75.520189652,66.864000000,100,1410,1215,31,0
7553,75.530190466,66.864000000,100,1410,1215,31,0
7554,75.540194085,66.864000000,100,1410,1215,31,0
7555,75.550190189,67.072000000,100,1410,1215,31,0
7556,75.560189731,67.072000000,100,1410,1215,31,0
7557,75.570189152,67.072000000,100,1410,1215,31,0
7558,75.580190496,67.072000000,100,1410,1215,31,0
7559,75.590188795,67.072000000,100,1410,1215,31,0
7560,75.600189399,67.072000000,100,1410,1215,31,0
7561,75.610189601,67.072000000,100,1410,1215,31,0
7562,75.620190195,67.072000000,100,1410,1215,31,0
7563,75.630190497,67.072000000,100,1410,1215,31,0
7564,75.640189728,67.072000000,100,1410,1215,31,0
7565,75.650191373,67.072000000,100,1410,1215,31,0
7566,75.660189702,67.072000000,100,1410,1215,31,0
7567,75.670190065,67.072000000,100,1410,1215,31,0
7568,75.680194375,67.072000000,100,1410,1215,31,0
7569,75.690190771,67.072000000,100,1410,1215,31,0
7570,75.700188749,67.072000000,100,1410,1215,31,0
7571,75.710189833,67.072000000,100,1410,1215,31,0
7572,75.720189445,67.072000000,100,1410,1215,31,0
7573,75.730190028,67.072000000,100,1410,1215,31,0
7574,75.740189870,67.072000000,100,1410,1215,31,0
7575,75.750191094,66.864000000,100,1410,1215,31,0
7576,75.760190034,66.864000000,100,1410,1215,31,0
7577,75.770189365,66.864000000,100,1410,1215,31,0
7578,75.780195599,66.864000000,100,1410,1215,31,0
7579,75.790189319,66.864000000,100,1410,1215,31,0
7580,75.800190614,66.864000000,100,1410,1215,31,0
7581,75.810193882,66.864000000,100,1410,1215,31,0
7582,75.820190799,66.864000000,100,1410,1215,31,0
7583,75.830195059,66.864000000,100,1410,1215,31,0
7584,75.840190152,66.864000000,100,1410,1215,31,0
7585,75.850190444,66.962000000,100,1410,1215,31,0
7586,75.860189845,66.962000000,100,1410,1215,31,0
7587,75.870189447,66.962000000,100,1410,1215,31,0
7588,75.880190401,66.962000000,100,1410,1215,31,0
7589,75.890190383,66.962000000,100,1410,1215,31,0
7590,75.900189493,66.962000000,100,1410,1215,31,0
7591,75.910192842,66.962000000,100,1410,1215,31,0
7592,75.920189568,66.962000000,100,1410,1215,31,0
7593,75.930190542,66.962000000,100,1410,1215,31,0
7594,75.940189291,66.962000000,100,1410,1215,31,0
7595,75.950190977,67.078000000,100,1410,1215,31,0
7596,75.960189576,67.078000000,100,1410,1215,31,0
7597,75.970189859,67.078000000,100,1410,1215,31,0
7598,75.980189951,67.078000000,100,1410,1215,31,0
7599,75.990189062,67.078000000,100,1410,1215,31,0
7600,76.000189244,67.078000000,100,1410,1215,31,0
7601,76.010189507,67.078000000,100,1410,1215,31,0
7602,76.020189900,67.078000000,100,1410,1215,31,0
7603,76.030190543,67.078000000,100,1410,1215,31,0
7604,76.040190195,67.078000000,100,1410,1215,31,0
7605,76.050190077,66.976000000,100,1410,1215,31,0
7606,76.060189928,66.976000000,100,1410,1215,31,0
7607,76.070190251,66.976000000,100,1410,1215,31,0
7608,76.080190213,66.976000000,100,1410,1215,31,0
7609,76.090189274,66.976000000,100,1410,1215,31,0
7610,76.100190308,66.976000000,100,1410,1215,31,0
7611,76.110189859,66.976000000,100,1410,1215,31,0
7612,76.120193508,66.976000000,100,1410,1215,31,0
7613,76.130190064,66.976000000,100,1410,1215,31,0
7614,76.140191559,66.976000000,100,1410,1215,31,0
7615,76.150190739,66.865000000,100,1410,1215,31,0
7616,76.160188698,66.865000000,100,1410,1215,31,0
7617,76.170189942,66.865000000,100,1410,1215,31,0
7618,76.180189724,66.865000000,100,1410,1215,31,0
7619,76.190189355,66.865000000,100,1410,1215,31,0
7620,76.200189057,66.865000000,100,1410,1215,31,0
7621,76.210190792,66.865000000,100,1410,1215,31,0
7622,76.220189252,66.865000000,100,1410,1215,31,0
7623,76.230190286,66.865000000,100,1410,1215,31,0
7624,76.240189286,66.865000000,100,1410,1215,31,0
7625,76.250192494,67.079000000,100,1410,1215,31,0
7626,76.260191154,67.079000000,100,1410,1215,31,0
7627,76.270190004,67.079000000,100,1410,1215,31,0
7628,76.280215043,67.079000000,100,1410,1215,31,0
7629,76.290191431,67.079000000,100,1410,1215,31,0
7630,76.300190140,67.079000000,100,1410,1215,31,0
7631,76.310191034,67.079000000,100,1410,1215,31,0
7632,76.320189954,67.079000000,100,1410,1215,31,0
7633,76.330190878,67.079000000,100,1410,1215,31,0
7634,76.340189468,67.079000000,100,1410,1215,31,0
7635,76.350191474,67.170000000,100,1410,1215,31,0
7636,76.360189312,67.170000000,100,1410,1215,31,0
7637,76.370190085,67.170000000,100,1410,1215,31,0
7638,76.380190178,67.170000000,100,1410,1215,31,0
7639,76.390190049,67.170000000,100,1410,1215,31,0
7640,76.400190022,67.170000000,100,1410,1215,31,0
7641,76.410189623,67.170000000,100,1410,1215,31,0
7642,76.420190787,67.170000000,100,1410,1215,31,0
7643,76.430190369,67.170000000,100,1410,1215,31,0
7644,76.440189800,67.170000000,100,1410,1215,31,0
7645,76.450190754,66.976000000,100,1410,1215,31,0
7646,76.460189023,66.976000000,100,1410,1215,31,0
7647,76.470190127,66.976000000,100,1410,1215,31,0
7648,76.480193125,66.976000000,100,1410,1215,31,0
7649,76.490189250,66.976000000,100,1410,1215,31,0
7650,76.500188911,66.976000000,100,1410,1215,31,0
7651,76.510189214,66.976000000,100,1410,1215,31,0
7652,76.520189536,66.976000000,100,1410,1215,31,0
7653,76.530190190,66.976000000,100,1410,1215,31,0
7654,76.540193548,66.976000000,100,1410,1215,31,0
7655,76.550190294,66.754000000,100,1410,1215,31,0
7656,76.560189866,66.754000000,100,1410,1215,31,0
7657,76.570190499,66.754000000,100,1410,1215,31,0
7658,76.580190170,66.754000000,100,1410,1215,31,0
7659,76.590190473,66.754000000,100,1410,1215,31,0
7660,76.600190275,66.754000000,100,1410,1215,31,0
7661,76.610189997,66.754000000,100,1410,1215,31,0
7662,76.620189027,66.754000000,100,1410,1215,31,0
7663,76.630190342,66.754000000,100,1410,1215,31,0
7664,76.640194391,66.754000000,100,1410,1215,31,0
7665,76.650195385,66.767000000,100,1410,1215,31,0
7666,76.660189827,66.767000000,100,1410,1215,31,0
7667,76.670189549,66.767000000,100,1410,1215,31,0
7668,76.680195512,66.767000000,100,1410,1215,31,0
7669,76.690190284,66.767000000,100,1410,1215,31,0
7670,76.700189415,66.767000000,100,1410,1215,31,0
7671,76.710189948,66.767000000,100,1410,1215,31,0
7672,76.720189179,66.767000000,100,1410,1215,31,0
7673,76.730190143,66.767000000,100,1410,1215,31,0
7674,76.740188862,66.767000000,100,1410,1215,31,0
7675,76.750190708,67.188000000,100,1410,1215,31,0
7676,76.760189588,67.188000000,100,1410,1215,31,0
7677,76.770193888,67.188000000,100,1410,1215,31,0
7678,76.780190514,67.188000000,100,1410,1215,31,0
7679,76.790193632,67.188000000,100,1410,1215,31,0
7680,76.800190158,67.188000000,100,1410,1215,31,0
7681,76.810189278,67.188000000,100,1410,1215,31,0
7682,76.820191725,67.188000000,100,1410,1215,31,0
7683,76.830193490,67.188000000,100,1410,1215,31,0
7684,76.840189876,67.188000000,100,1410,1215,31,0
7685,76.850195719,66.994000000,100,1410,1215,31,0
7686,76.860208976,66.994000000,100,1410,1215,31,0
7687,76.870191094,66.994000000,100,1410,1215,31,0
7688,76.880195575,66.994000000,100,1410,1215,31,0
7689,76.890189606,66.994000000,100,1410,1215,31,0
7690,76.900188195,66.994000000,100,1410,1215,31,0
7691,76.910189169,66.994000000,100,1410,1215,31,0
7692,76.920190895,66.994000000,100,1410,1215,31,0
7693,76.930190516,66.994000000,100,1410,1215,31,0
7694,76.940189857,66.994000000,100,1410,1215,31,0
7695,76.950190811,66.864000000,100,1410,1215,31,0
7696,76.960190032,66.864000000,100,1410,1215,31,0
7697,76.970189733,66.864000000,100,1410,1215,31,0
7698,76.980188884,66.864000000,100,1410,1215,31,0
7699,76.990189206,66.864000000,100,1410,1215,31,0
7700,77.000190260,66.864000000,100,1410,1215,31,0
7701,77.010189952,66.864000000,100,1410,1215,31,0
7702,77.020189503,66.864000000,100,1410,1215,31,0
7703,77.030190327,66.864000000,100,1410,1215,31,0
7704,77.040191822,66.864000000,100,1410,1215,31,0
7705,77.050191103,66.981000000,100,1410,1215,31,0
7706,77.060189412,66.981000000,100,1410,1215,31,0
7707,77.070188743,66.981000000,100,1410,1215,31,0
7708,77.080189126,66.981000000,100,1410,1215,31,0
7709,77.090189178,66.981000000,100,1410,1215,31,0
7710,77.100189120,66.981000000,100,1410,1215,31,0
7711,77.110188982,66.981000000,100,1410,1215,31,0
7712,77.120189375,66.981000000,100,1410,1215,31,0
7713,77.130189978,66.981000000,100,1410,1215,31,0
7714,77.140190401,66.981000000,100,1410,1215,31,0
7715,77.150190613,67.078000000,100,1410,1215,31,0
7716,77.160189874,67.078000000,100,1410,1215,31,0
7717,77.170189996,67.078000000,100,1410,1215,31,0
7718,77.180189918,67.078000000,100,1410,1215,31,0
7719,77.190188718,67.078000000,100,1410,1215,31,0
7720,77.200190374,67.078000000,100,1410,1215,31,0
7721,77.210189935,67.078000000,100,1410,1215,31,0
7722,77.220189386,67.078000000,100,1410,1215,31,0
7723,77.230189488,67.078000000,100,1410,1215,31,0
7724,77.240189540,67.078000000,100,1410,1215,31,0
7725,77.250190855,66.767000000,100,1410,1215,31,0
7726,77.260188273,66.767000000,100,1410,1215,31,0
7727,77.270188455,66.767000000,100,1410,1215,31,0
7728,77.280189830,66.767000000,100,1410,1215,31,0
7729,77.290189401,66.767000000,100,1410,1215,31,0
7730,77.300193040,66.767000000,100,1410,1215,31,0
7731,77.310189385,66.767000000,100,1410,1215,31,0
7732,77.320189418,66.767000000,100,1410,1215,31,0
7733,77.330378304,66.767000000,100,1410,1215,31,0
7734,77.340193660,66.767000000,100,1410,1215,31,0
7735,77.350191037,66.749000000,100,1410,1215,31,0
7736,77.360188885,66.749000000,100,1410,1215,31,0
7737,77.370189679,66.749000000,100,1410,1215,31,0
7738,77.380189320,66.749000000,100,1410,1215,31,0
7739,77.390189122,66.749000000,100,1410,1215,31,0
7740,77.400188874,66.749000000,100,1410,1215,31,0
7741,77.410189607,66.749000000,100,1410,1215,31,0
7742,77.420189679,66.749000000,100,1410,1215,31,0
7743,77.430189541,66.749000000,100,1410,1215,31,0
7744,77.440189323,66.749000000,100,1410,1215,31,0
7745,77.450190648,66.980000000,100,1410,1215,31,0
7746,77.460189518,66.980000000,100,1410,1215,31,0
7747,77.470189920,66.980000000,100,1410,1215,31,0
7748,77.480276335,66.980000000,100,1410,1215,31,0
7749,77.490193662,66.980000000,100,1410,1215,31,0
7750,77.500189907,66.980000000,100,1410,1215,31,0
7751,77.510190160,66.980000000,100,1410,1215,31,0
7752,77.520189901,66.980000000,100,1410,1215,31,0
7753,77.530189713,66.980000000,100,1410,1215,31,0
7754,77.540189885,66.980000000,100,1410,1215,31,0
7755,77.550188806,66.981000000,100,1410,1215,31,0
7756,77.560188477,66.981000000,100,1410,1215,31,0
7757,77.570189832,66.981000000,100,1410,1215,31,0
7758,77.580357378,66.981000000,100,1410,1215,31,0
7759,77.590189936,66.981000000,100,1410,1215,31,0
7760,77.600189558,66.981000000,100,1410,1215,31,0
7761,77.610189930,66.981000000,100,1410,1215,31,0
7762,77.620189532,66.981000000,100,1410,1215,31,0
7763,77.630190736,66.981000000,100,1410,1215,31,0
7764,77.640189396,66.981000000,100,1410,1215,31,0
7765,77.650191061,66.865000000,100,1410,1215,31,0
7766,77.660190402,66.865000000,100,1410,1215,31,0
7767,77.670188951,66.865000000,100,1410,1215,31,0
7768,77.680190126,66.865000000,100,1410,1215,31,0
7769,77.690189958,66.865000000,100,1410,1215,31,0
7770,77.700190280,66.865000000,100,1410,1215,31,0
7771,77.710189771,66.865000000,100,1410,1215,31,0
7772,77.720190194,66.865000000,100,1410,1215,31,0
7773,77.730190407,66.865000000,100,1410,1215,31,0
7774,77.740189968,66.865000000,100,1410,1215,31,0
7775,77.750191513,66.773000000,100,1410,1215,31,0
7776,77.760189642,66.773000000,100,1410,1215,31,0
7777,77.770189123,66.773000000,100,1410,1215,31,0
7778,77.780189907,66.773000000,100,1410,1215,31,0
7779,77.790194016,66.773000000,100,1410,1215,31,0
7780,77.800189280,66.773000000,100,1410,1215,31,0
7781,77.810189823,66.773000000,100,1410,1215,31,0
7782,77.820190907,66.773000000,100,1410,1215,31,0
7783,77.830194236,66.773000000,100,1410,1215,31,0
7784,77.840190270,66.773000000,100,1410,1215,31,0
7785,77.850191284,66.767000000,100,1410,1215,31,0
7786,77.860188732,66.767000000,100,1410,1215,31,0
7787,77.870189676,66.767000000,100,1410,1215,31,0
7788,77.880190068,66.767000000,100,1410,1215,31,0
7789,77.890190111,66.767000000,100,1410,1215,31,0
7790,77.900190163,66.767000000,100,1410,1215,31,0
7791,77.910189053,66.767000000,100,1410,1215,31,0
7792,77.920189506,66.767000000,100,1410,1215,31,0
7793,77.930193876,66.767000000,100,1410,1215,31,0
7794,77.940189440,66.767000000,100,1410,1215,31,0
7795,77.950190775,66.767000000,100,1410,1215,31,0
7796,77.960190025,66.767000000,100,1410,1215,31,0
7797,77.970189567,66.767000000,100,1410,1215,31,0
7798,77.980189669,66.767000000,100,1410,1215,31,0
7799,77.990188479,66.767000000,100,1410,1215,31,0
7800,78.000190274,66.767000000,100,1410,1215,31,0
7801,78.010189034,66.767000000,100,1410,1215,31,0
7802,78.020189838,66.767000000,100,1410,1215,31,0
7803,78.030189469,66.767000000,100,1410,1215,31,0
7804,78.040189552,66.767000000,100,1410,1215,31,0
7805,78.050191167,66.962000000,100,1410,1215,31,0
7806,78.060189526,66.962000000,100,1410,1215,31,0
7807,78.070189778,66.962000000,100,1410,1215,31,0
7808,78.080188989,66.962000000,100,1410,1215,31,0
7809,78.090189432,66.962000000,100,1410,1215,31,0
7810,78.100188683,66.962000000,100,1410,1215,31,0
7811,78.110190067,66.962000000,100,1410,1215,31,0
7812,78.120191312,66.962000000,100,1410,1215,31,0
7813,78.130190693,66.962000000,100,1410,1215,31,0
7814,78.140190324,66.962000000,100,1410,1215,31,0
7815,78.150192571,66.962000000,100,1410,1215,31,0
7816,78.160191170,66.962000000,100,1410,1215,31,0
7817,78.170189329,66.962000000,100,1410,1215,31,0
7818,78.180189151,66.962000000,100,1410,1215,31,0
7819,78.190189724,66.962000000,100,1410,1215,31,0
7820,78.200189826,66.962000000,100,1410,1215,31,0
7821,78.210189668,66.962000000,100,1410,1215,31,0
7822,78.220189931,66.962000000,100,1410,1215,31,0
7823,78.230189772,66.962000000,100,1410,1215,31,0
7824,78.240190506,66.962000000,100,1410,1215,31,0
7825,78.250189877,66.962000000,100,1410,1215,31,0
7826,78.260190460,66.962000000,100,1410,1215,31,0
7827,78.270188739,66.962000000,100,1410,1215,31,0
7828,78.280189533,66.962000000,100,1410,1215,31,0
7829,78.290188813,66.962000000,100,1410,1215,31,0
7830,78.300189878,66.962000000,100,1410,1215,31,0
7831,78.310189289,66.962000000,100,1410,1215,31,0
7832,78.320189702,66.962000000,100,1410,1215,31,0
7833,78.330189934,66.962000000,100,1410,1215,31,0
7834,78.340189215,66.962000000,100,1410,1215,31,0
7835,78.350191251,66.743000000,100,1410,1215,31,0
7836,78.360189490,66.743000000,100,1410,1215,31,0
7837,78.370190574,66.743000000,100,1410,1215,31,0
7838,78.380190626,66.743000000,100,1410,1215,31,0
7839,78.390189626,66.743000000,100,1410,1215,31,0
7840,78.400188797,66.743000000,100,1410,1215,31,0
7841,78.410194089,66.743000000,100,1410,1215,31,0
7842,78.420189282,66.743000000,100,1410,1215,31,0
7843,78.430190516,66.743000000,100,1410,1215,31,0
7844,78.440194065,66.743000000,100,1410,1215,31,0
7845,78.450189008,66.773000000,100,1410,1215,31,0
7846,78.460189701,66.773000000,100,1410,1215,31,0
7847,78.470193461,66.773000000,100,1410,1215,31,0
7848,78.480189315,66.773000000,100,1410,1215,31,0
7849,78.490189207,66.773000000,100,1410,1215,31,0
7850,78.500188948,66.773000000,100,1410,1215,31,0
7851,78.510189011,66.773000000,100,1410,1215,31,0
7852,78.520188903,66.773000000,100,1410,1215,31,0
7853,78.530189215,66.773000000,100,1410,1215,31,0
7854,78.540188596,66.773000000,100,1410,1215,31,0
7855,78.550189670,66.864000000,100,1410,1215,31,0
7856,78.560189452,66.864000000,100,1410,1215,31,0
7857,78.570193031,66.864000000,100,1410,1215,31,0
7858,78.580188735,66.864000000,100,1410,1215,31,0
7859,78.590188928,66.864000000,100,1410,1215,31,0
7860,78.600190473,66.864000000,100,1410,1215,31,0
7861,78.610189723,66.864000000,100,1410,1215,31,0
7862,78.620188854,66.864000000,100,1410,1215,31,0
7863,78.630190239,66.864000000,100,1410,1215,31,0
7864,78.640188798,66.864000000,100,1410,1215,31,0
7865,78.650191105,66.962000000,100,1410,1215,31,0
7866,78.660189424,66.962000000,100,1410,1215,31,0
7867,78.670189806,66.962000000,100,1410,1215,31,0
7868,78.680194958,66.962000000,100,1410,1215,31,0
7869,78.690195491,66.962000000,100,1410,1215,31,0
7870,78.700194882,66.962000000,100,1410,1215,31,0
7871,78.710189464,66.962000000,100,1410,1215,31,0
7872,78.720189286,66.962000000,100,1410,1215,31,0
7873,78.730190020,66.962000000,100,1410,1215,31,0
7874,78.740189731,66.962000000,100,1410,1215,31,0
7875,78.750191937,66.963000000,100,1410,1215,31,0
7876,78.760189765,66.963000000,100,1410,1215,31,0
7877,78.770188555,66.963000000,100,1410,1215,31,0
7878,78.780189870,66.963000000,100,1410,1215,31,0
7879,78.790193819,66.963000000,100,1410,1215,31,0
7880,78.800190055,66.963000000,100,1410,1215,31,0
7881,78.810189516,66.963000000,100,1410,1215,31,0
7882,78.820189157,66.963000000,100,1410,1215,31,0
7883,78.830189460,66.963000000,100,1410,1215,31,0
7884,78.840189963,66.963000000,100,1410,1215,31,0
7885,78.850191167,66.865000000,100,1410,1215,31,0
7886,78.860188805,66.865000000,100,1410,1215,31,0
7887,78.870188486,66.865000000,100,1410,1215,31,0
7888,78.880189530,66.865000000,100,1410,1215,31,0
7889,78.890189913,66.865000000,100,1410,1215,31,0
7890,78.900189996,66.865000000,100,1410,1215,31,0
7891,78.910190509,66.865000000,100,1410,1215,31,0
7892,78.920189739,66.865000000,100,1410,1215,31,0
7893,78.930189671,66.865000000,100,1410,1215,31,0
7894,78.940188742,66.865000000,100,1410,1215,31,0
7895,78.950190297,66.864000000,100,1410,1215,31,0
7896,78.960190088,66.864000000,100,1410,1215,31,0
7897,78.970189469,66.864000000,100,1410,1215,31,0
7898,78.980188790,66.864000000,100,1410,1215,31,0
7899,78.990189233,66.864000000,100,1410,1215,31,0
7900,79.000188654,66.864000000,100,1410,1215,31,0
7901,79.010189578,66.864000000,100,1410,1215,31,0
7902,79.020189660,66.864000000,100,1410,1215,31,0
7903,79.030189883,66.864000000,100,1410,1215,31,0
7904,79.040189424,66.864000000,100,1410,1215,31,0
7905,79.050190779,66.767000000,100,1410,1215,31,0
7906,79.060189579,66.767000000,100,1410,1215,31,0
7907,79.070190142,66.767000000,100,1410,1215,31,0
7908,79.080189783,66.767000000,100,1410,1215,31,0
7909,79.090188663,66.767000000,100,1410,1215,31,0
7910,79.100190529,66.767000000,100,1410,1215,31,0
7911,79.110190481,66.767000000,100,1410,1215,31,0
7912,79.120190233,66.767000000,100,1410,1215,31,0
7913,79.130190766,66.767000000,100,1410,1215,31,0
7914,79.140190147,66.767000000,100,1410,1215,31,0
7915,79.150190800,66.859000000,100,1410,1215,31,0
7916,79.160189390,66.859000000,100,1410,1215,31,0
7917,79.170189482,66.859000000,100,1410,1215,31,0
7918,79.180189404,66.859000000,100,1410,1215,31,0
7919,79.190190428,66.859000000,100,1410,1215,31,0
7920,79.200189869,66.859000000,100,1410,1215,31,0
7921,79.210190543,66.859000000,100,1410,1215,31,0
7922,79.220189763,66.859000000,100,1410,1215,31,0
7923,79.230194254,66.859000000,100,1410,1215,31,0
7924,79.240190950,66.859000000,100,1410,1215,31,0
7925,79.250191333,66.962000000,100,1410,1215,31,0
7926,79.260188820,66.962000000,100,1410,1215,31,0
7927,79.270189393,66.962000000,100,1410,1215,31,0
7928,79.280188714,66.962000000,100,1410,1215,31,0
7929,79.290190159,66.962000000,100,1410,1215,31,0
7930,79.300189580,66.962000000,100,1410,1215,31,0
7931,79.310189913,66.962000000,100,1410,1215,31,0
7932,79.320189775,66.962000000,100,1410,1215,31,0
7933,79.330190177,66.962000000,100,1410,1215,31,0
7934,79.340189528,66.962000000,100,1410,1215,31,0
7935,79.350190082,66.981000000,100,1410,1215,31,0
7936,79.360189232,66.981000000,100,1410,1215,31,0
7937,79.370189054,66.981000000,100,1410,1215,31,0
7938,79.380189337,66.981000000,100,1410,1215,31,0
7939,79.390190060,66.981000000,100,1410,1215,31,0
7940,79.400189752,66.981000000,100,1410,1215,31,0
7941,79.410189914,66.981000000,100,1410,1215,31,0
7942,79.420189976,66.981000000,100,1410,1215,31,0
7943,79.430189477,66.981000000,100,1410,1215,31,0
7944,79.440189610,66.981000000,100,1410,1215,31,0
7945,79.450190734,66.963000000,100,1410,1215,31,0
7946,79.460194964,66.963000000,100,1410,1215,31,0
7947,79.470189686,66.963000000,100,1410,1215,31,0
7948,79.480191392,66.963000000,100,1410,1215,31,0
7949,79.490189731,66.963000000,100,1410,1215,31,0
7950,79.500190144,66.963000000,100,1410,1215,31,0
7951,79.510189805,66.963000000,100,1410,1215,31,0
7952,79.520188805,66.963000000,100,1410,1215,31,0
7953,79.530190270,66.963000000,100,1410,1215,31,0
7954,79.540188359,66.963000000,100,1410,1215,31,0
7955,79.550191166,66.840000000,100,1410,1215,31,0
7956,79.560189615,66.840000000,100,1410,1215,31,0
7957,79.570189788,66.840000000,100,1410,1215,31,0
7958,79.580189479,66.840000000,100,1410,1215,31,0
7959,79.590190403,66.840000000,100,1410,1215,31,0
7960,79.600189363,66.840000000,100,1410,1215,31,0
7961,79.610189466,66.840000000,100,1410,1215,31,0
7962,79.620189898,66.840000000,100,1410,1215,31,0
7963,79.630189951,66.840000000,100,1410,1215,31,0
7964,79.640189272,66.840000000,100,1410,1215,31,0
7965,79.650190366,66.767000000,100,1410,1215,31,0
7966,79.660189687,66.767000000,100,1410,1215,31,0
7967,79.670188957,66.767000000,100,1410,1215,31,0
7968,79.680189240,66.767000000,100,1410,1215,31,0
7969,79.690189583,66.767000000,100,1410,1215,31,0
7970,79.700190136,66.767000000,100,1410,1215,31,0
7971,79.710190569,66.767000000,100,1410,1215,31,0
7972,79.720189329,66.767000000,100,1410,1215,31,0
7973,79.730190754,66.767000000,100,1410,1215,31,0
7974,79.740189363,66.767000000,100,1410,1215,31,0
7975,79.750191639,66.981000000,100,1410,1215,31,0
7976,79.760189177,66.981000000,100,1410,1215,31,0
7977,79.770189860,66.981000000,100,1410,1215,31,0
7978,79.780189722,66.981000000,100,1410,1215,31,0
7979,79.790190005,66.981000000,100,1410,1215,31,0
7980,79.800193213,66.981000000,100,1410,1215,31,0
7981,79.810189709,66.981000000,100,1410,1215,31,0
7982,79.820189340,66.981000000,100,1410,1215,31,0
7983,79.830194542,66.981000000,100,1410,1215,31,0
7984,79.840194314,66.981000000,100,1410,1215,31,0
7985,79.850194426,67.059000000,100,1410,1215,31,0
7986,79.860189449,67.059000000,100,1410,1215,31,0
7987,79.870192707,67.059000000,100,1410,1215,31,0
7988,79.880191317,67.059000000,100,1410,1215,31,0
7989,79.890190998,67.059000000,100,1410,1215,31,0
7990,79.900190810,67.059000000,100,1410,1215,31,0
7991,79.910188558,67.059000000,100,1410,1215,31,0
7992,79.920190243,67.059000000,100,1410,1215,31,0
7993,79.930190425,67.059000000,100,1410,1215,31,0
7994,79.940189075,67.059000000,100,1410,1215,31,0
7995,79.950190760,66.963000000,100,1410,1215,31,0
7996,79.960189149,66.963000000,100,1410,1215,31,0
7997,79.970189272,66.963000000,100,1410,1215,31,0
7998,79.980188833,66.963000000,100,1410,1215,31,0
7999,79.990189947,66.963000000,100,1410,1215,31,0
8000,80.000189278,66.963000000,100,1410,1215,31,0
8001,80.010189701,66.963000000,100,1410,1215,31,0
8002,80.020188902,66.963000000,100,1410,1215,31,0
8003,80.030189785,66.963000000,100,1410,1215,31,0
8004,80.040190068,66.963000000,100,1410,1215,31,0
8005,80.050190962,66.865000000,100,1410,1215,31,0
8006,80.060188700,66.865000000,100,1410,1215,31,0
8007,80.070189153,66.865000000,100,1410,1215,31,0
8008,80.080189696,66.865000000,100,1410,1215,31,0
8009,80.090189077,66.865000000,100,1410,1215,31,0
8010,80.100189049,66.865000000,100,1410,1215,31,0
8011,80.110189532,66.865000000,100,1410,1215,31,0
8012,80.120188953,66.865000000,100,1410,1215,31,0
8013,80.130189466,66.865000000,100,1410,1215,31,0
8014,80.140189598,66.865000000,100,1410,1215,31,0
8015,80.150191374,66.864000000,100,1410,1215,31,0
8016,80.160189833,66.864000000,100,1410,1215,31,0
8017,80.170188813,66.864000000,100,1410,1215,31,0
8018,80.180189877,66.864000000,100,1410,1215,31,0
8019,80.190189980,66.864000000,100,1410,1215,31,0
8020,80.200189651,66.864000000,100,1410,1215,31,0
8021,80.210189443,66.864000000,100,1410,1215,31,0
8022,80.220190497,66.864000000,100,1410,1215,31,0
8023,80.230190038,66.864000000,100,1410,1215,31,0
8024,80.240189640,66.864000000,100,1410,1215,31,0
8025,80.250191295,66.865000000,100,1410,1215,31,0
8026,80.260188171,66.865000000,100,1410,1215,31,0
8027,80.270190187,66.865000000,100,1410,1215,31,0
8028,80.280189768,66.865000000,100,1410,1215,31,0
8029,80.290189790,66.865000000,100,1410,1215,31,0
8030,80.300190544,66.865000000,100,1410,1215,31,0
8031,80.310190977,66.865000000,100,1410,1215,31,0
8032,80.320189396,66.865000000,100,1410,1215,31,0
8033,80.330190480,66.865000000,100,1410,1215,31,0
8034,80.340190422,66.865000000,100,1410,1215,31,0
8035,80.350191657,66.871000000,100,1410,1215,31,0
8036,80.360189415,66.871000000,100,1410,1215,31,0
8037,80.370189597,66.871000000,100,1410,1215,31,0
8038,80.380190291,66.871000000,100,1410,1215,31,0
8039,80.390190273,66.871000000,100,1410,1215,31,0
8040,80.400189143,66.871000000,100,1410,1215,31,0
8041,80.410189726,66.871000000,100,1410,1215,31,0
8042,80.420194627,66.871000000,100,1410,1215,31,0
8043,80.430194058,66.871000000,100,1410,1215,31,0
8044,80.440190984,66.871000000,100,1410,1215,31,0
8045,80.450190135,66.980000000,100,1410,1215,31,0
8046,80.460189766,66.980000000,100,1410,1215,31,0
8047,80.470188907,66.980000000,100,1410,1215,31,0
8048,80.480189650,66.980000000,100,1410,1215,31,0
8049,80.490188831,66.980000000,100,1410,1215,31,0
8050,80.500189394,66.980000000,100,1410,1215,31,0
8051,80.510189597,66.980000000,100,1410,1215,31,0
8052,80.520189278,66.980000000,100,1410,1215,31,0
8053,80.530192426,66.980000000,100,1410,1215,31,0
8054,80.540190134,66.980000000,100,1410,1215,31,0
8055,80.550191359,66.962000000,100,1410,1215,31,0
8056,80.560189788,66.962000000,100,1410,1215,31,0
8057,80.570189650,66.962000000,100,1410,1215,31,0
8058,80.580188530,66.962000000,100,1410,1215,31,0
8059,80.590190505,66.962000000,100,1410,1215,31,0
8060,80.600189536,66.962000000,100,1410,1215,31,0
8061,80.610190480,66.962000000,100,1410,1215,31,0
8062,80.620189420,66.962000000,100,1410,1215,31,0
8063,80.630190704,66.962000000,100,1410,1215,31,0
8064,80.640188903,66.962000000,100,1410,1215,31,0
8065,80.650191771,66.872000000,100,1410,1215,31,0
8066,80.660189298,66.872000000,100,1410,1215,31,0
8067,80.670189040,66.872000000,100,1410,1215,31,0
8068,80.680190134,66.872000000,100,1410,1215,31,0
8069,80.690189966,66.872000000,100,1410,1215,31,0
8070,80.700189627,66.872000000,100,1410,1215,31,0
8071,80.710189339,66.872000000,100,1410,1215,31,0
8072,80.720189972,66.872000000,100,1410,1215,31,0
8073,80.730190725,66.872000000,100,1410,1215,31,0
8074,80.740190387,66.872000000,100,1410,1215,31,0
8075,80.750190229,66.859000000,100,1410,1215,31,0
8076,80.760189900,66.859000000,100,1410,1215,31,0
8077,80.770188891,66.859000000,100,1410,1215,31,0
8078,80.780189784,66.859000000,100,1410,1215,31,0
8079,80.790189837,66.859000000,100,1410,1215,31,0
8080,80.800189698,66.859000000,100,1410,1215,31,0
8081,80.810190432,66.859000000,100,1410,1215,31,0
8082,80.820189903,66.859000000,100,1410,1215,31,0
8083,80.830190697,66.859000000,100,1410,1215,31,0
8084,80.840193855,66.859000000,100,1410,1215,31,0
8085,80.850188667,66.767000000,100,1410,1215,31,0
8086,80.860189310,66.767000000,100,1410,1215,31,0
8087,80.870189433,66.767000000,100,1410,1215,31,0
8088,80.880188844,66.767000000,100,1410,1215,31,0
8089,80.890191831,66.767000000,100,1410,1215,31,0
8090,80.900189760,66.767000000,100,1410,1215,31,0
8091,80.910190102,66.767000000,100,1410,1215,31,0
8092,80.920190315,66.767000000,100,1410,1215,31,0
8093,80.930190387,66.767000000,100,1410,1215,31,0
8094,80.940193445,66.767000000,100,1410,1215,31,0
8095,80.950191584,66.981000000,100,1410,1215,31,0
8096,80.960190714,66.981000000,100,1410,1215,31,0
8097,80.970189284,66.981000000,100,1410,1215,31,0
8098,80.980189987,66.981000000,100,1410,1215,31,0
8099,80.990189308,66.981000000,100,1410,1215,31,0
8100,81.000189761,66.981000000,100,1410,1215,31,0
8101,81.010189272,66.981000000,100,1410,1215,31,0
8102,81.020190256,66.981000000,100,1410,1215,31,0
8103,81.030189487,66.981000000,100,1410,1215,31,0
8104,81.040189809,66.981000000,100,1410,1215,31,0
8105,81.050191424,66.864000000,100,1410,1215,31,0
8106,81.060189232,66.864000000,100,1410,1215,31,0
8107,81.070188764,66.864000000,100,1410,1215,31,0
8108,81.080189888,66.864000000,100,1410,1215,31,0
8109,81.090188948,66.864000000,100,1410,1215,31,0
8110,81.100189291,66.864000000,100,1410,1215,31,0
8111,81.110189624,66.864000000,100,1410,1215,31,0
8112,81.120190638,66.864000000,100,1410,1215,31,0
8113,81.130190009,66.864000000,100,1410,1215,31,0
8114,81.140189089,66.864000000,100,1410,1215,31,0
8115,81.150190614,66.968000000,100,1410,1215,31,0
8116,81.160189153,66.968000000,100,1410,1215,31,0
8117,81.170190177,66.968000000,100,1410,1215,31,0
8118,81.180188446,66.968000000,100,1410,1215,31,0
8119,81.190189731,66.968000000,100,1410,1215,31,0
8120,81.200193961,66.968000000,100,1410,1215,31,0
8121,81.210190316,66.968000000,100,1410,1215,31,0
8122,81.220189757,66.968000000,100,1410,1215,31,0
8123,81.230194568,66.968000000,100,1410,1215,31,0
8124,81.240190663,66.968000000,100,1410,1215,31,0
8125,81.250190505,66.962000000,100,1410,1215,31,0
8126,81.260188974,66.962000000,100,1410,1215,31,0
8127,81.270189888,66.962000000,100,1410,1215,31,0
8128,81.280189069,66.962000000,100,1410,1215,31,0
8129,81.290189983,66.962000000,100,1410,1215,31,0
8130,81.300189494,66.962000000,100,1410,1215,31,0
8131,81.310189596,66.962000000,100,1410,1215,31,0
8132,81.320190039,66.962000000,100,1410,1215,31,0
8133,81.330190061,66.962000000,100,1410,1215,31,0
8134,81.340190284,66.962000000,100,1410,1215,31,0
8135,81.350196016,66.968000000,100,1410,1215,31,0
8136,81.360190558,66.968000000,100,1410,1215,31,0
8137,81.370189879,66.968000000,100,1410,1215,31,0
8138,81.380189531,66.968000000,100,1410,1215,31,0
8139,81.390190435,66.968000000,100,1410,1215,31,0
8140,81.400188633,66.968000000,100,1410,1215,31,0
8141,81.410189828,66.968000000,100,1410,1215,31,0
8142,81.420189259,66.968000000,100,1410,1215,31,0
8143,81.430190122,66.968000000,100,1410,1215,31,0
8144,81.440190495,66.968000000,100,1410,1215,31,0
8145,81.450190948,66.762000000,100,1410,1215,31,0
8146,81.460191151,66.762000000,100,1410,1215,31,0
8147,81.470190572,66.762000000,100,1410,1215,31,0
8148,81.480189672,66.762000000,100,1410,1215,31,0
8149,81.490190095,66.762000000,100,1410,1215,31,0
8150,81.500189426,66.762000000,100,1410,1215,31,0
8151,81.510190109,66.762000000,100,1410,1215,31,0
8152,81.520189961,66.762000000,100,1410,1215,31,0
8153,81.530190404,66.762000000,100,1410,1215,31,0
8154,81.540190026,66.762000000,100,1410,1215,31,0
8155,81.550190478,66.864000000,100,1410,1215,31,0
8156,81.560190350,66.864000000,100,1410,1215,31,0
8157,81.570188679,66.864000000,100,1410,1215,31,0
8158,81.580190144,66.864000000,100,1410,1215,31,0
8159,81.590189255,66.864000000,100,1410,1215,31,0
8160,81.600189557,66.864000000,100,1410,1215,31,0
8161,81.610194799,66.864000000,100,1410,1215,31,0
8162,81.620189912,66.864000000,100,1410,1215,31,0
8163,81.630191177,66.864000000,100,1410,1215,31,0
8164,81.640189976,66.864000000,100,1410,1215,31,0
8165,81.650195128,66.864000000,100,1410,1215,31,0
8166,81.660190592,67.073000000,100,1410,1215,31,0
8167,81.670190133,67.073000000,100,1410,1215,31,0
8168,81.680189524,67.073000000,100,1410,1215,31,0
8169,81.690189186,67.073000000,100,1410,1215,31,0
8170,81.700188657,67.073000000,100,1410,1215,31,0
8171,81.710189380,67.073000000,100,1410,1215,31,0
8172,81.720189192,67.073000000,100,1410,1215,31,0
8173,81.730190126,67.073000000,100,1410,1215,31,0
8174,81.740193194,67.073000000,100,1410,1215,31,0
8175,81.750193075,67.073000000,100,1410,1215,31,0
8176,81.760190673,67.073000000,100,1410,1215,31,0
8177,81.770188892,67.073000000,100,1410,1215,31,0
8178,81.780189575,67.073000000,100,1410,1215,31,0
8179,81.790188976,67.073000000,100,1410,1215,31,0
8180,81.800189309,67.073000000,100,1410,1215,31,0
8181,81.810189642,67.073000000,100,1410,1215,31,0
8182,81.820189544,67.073000000,100,1410,1215,31,0
8183,81.830190728,67.073000000,100,1410,1215,31,0
8184,81.840189708,67.073000000,100,1410,1215,31,0
8185,81.850189600,67.176000000,100,1410,1215,31,0
8186,81.860190754,67.176000000,100,1410,1215,31,0
8187,81.870189244,67.176000000,100,1410,1215,31,0
8188,81.880189867,67.176000000,100,1410,1215,31,0
8189,81.890191552,67.176000000,100,1410,1215,31,0
8190,81.900189961,67.176000000,100,1410,1215,31,0
8191,81.910190525,67.176000000,100,1410,1215,31,0
8192,81.920189585,67.176000000,100,1410,1215,31,0
8193,81.930191290,67.176000000,100,1410,1215,31,0
8194,81.940189188,67.176000000,100,1410,1215,31,0
8195,81.950190132,66.963000000,100,1410,1215,31,0
8196,81.960189974,66.963000000,100,1410,1215,31,0
8197,81.970190166,66.963000000,100,1410,1215,31,0
8198,81.980189307,66.963000000,100,1410,1215,31,0
8199,81.990189489,66.963000000,100,1410,1215,31,0
8200,82.000188830,66.963000000,100,1410,1215,31,0
8201,82.010189874,66.963000000,100,1410,1215,31,0
8202,82.020189285,66.963000000,100,1410,1215,31,0
8203,82.030189298,66.963000000,100,1410,1215,31,0
8204,82.040189991,66.963000000,100,1410,1215,31,0
8205,82.050186537,67.078000000,100,1410,1215,31,0
8206,82.060189103,67.078000000,100,1410,1215,31,0
8207,82.070188975,67.078000000,100,1410,1215,31,0
8208,82.080189288,67.078000000,100,1410,1215,31,0
8209,82.090189961,67.078000000,100,1410,1215,31,0
8210,82.100193390,67.078000000,100,1410,1215,31,0
8211,82.110190226,67.078000000,100,1410,1215,31,0
8212,82.120189777,67.078000000,100,1410,1215,31,0
8213,82.130193797,67.078000000,100,1410,1215,31,0
8214,82.140190283,67.078000000,100,1410,1215,31,0
8215,82.150187089,67.059000000,100,1410,1215,31,0
8216,82.160190026,67.059000000,100,1410,1215,31,0
8217,82.170190650,67.059000000,100,1410,1215,31,0
8218,82.180189900,67.059000000,100,1410,1215,31,0
8219,82.190189902,67.059000000,100,1410,1215,31,0
8220,82.200188672,67.059000000,100,1410,1215,31,0
8221,82.210190367,67.059000000,100,1410,1215,31,0
8222,82.220193215,67.059000000,100,1410,1215,31,0
8223,82.230190853,67.059000000,100,1410,1215,31,0
8224,82.240189693,67.059000000,100,1410,1215,31,0
8225,82.250186178,67.059000000,100,1410,1215,31,0
8226,82.260193474,67.059000000,100,1410,1215,31,0
8227,82.270189398,67.059000000,100,1410,1215,31,0
8228,82.280189561,67.059000000,100,1410,1215,31,0
8229,82.290189673,67.059000000,100,1410,1215,31,0
8230,82.300189715,67.059000000,100,1410,1215,31,0
8231,82.310194376,67.059000000,100,1410,1215,31,0
8232,82.320190050,67.059000000,100,1410,1215,31,0
8233,82.330190563,67.059000000,100,1410,1215,31,0
8234,82.340191287,67.059000000,100,1410,1215,31,0
8235,82.350186510,66.864000000,100,1410,1215,31,0
8236,82.360191070,66.864000000,100,1410,1215,31,0
8237,82.370188528,66.864000000,100,1410,1215,31,0
8238,82.380189932,66.864000000,100,1410,1215,31,0
8239,82.390188622,66.864000000,100,1410,1215,31,0
8240,82.400189325,66.864000000,100,1410,1215,31,0
8241,82.410188346,66.864000000,100,1410,1215,31,0
8242,82.420189921,66.864000000,100,1410,1215,31,0
8243,82.430194421,66.864000000,100,1410,1215,31,0
8244,82.440189274,66.864000000,100,1410,1215,31,0
8245,82.450186491,67.188000000,100,1410,1215,31,0
8246,82.460189418,67.188000000,100,1410,1215,31,0
8247,82.470189821,67.188000000,100,1410,1215,31,0
8248,82.480189843,67.188000000,100,1410,1215,31,0
8249,82.490194494,67.188000000,100,1410,1215,31,0
8250,82.500190950,67.188000000,100,1410,1215,31,0
8251,82.510189679,67.188000000,100,1410,1215,31,0
8252,82.520190102,67.188000000,100,1410,1215,31,0
8253,82.530194182,67.188000000,100,1410,1215,31,0
8254,82.540190056,67.188000000,100,1410,1215,31,0
8255,82.550198695,67.169000000,100,1410,1215,31,0
8256,82.560190842,67.169000000,100,1410,1215,31,0
8257,82.570192698,67.169000000,100,1410,1215,31,0
8258,82.580189694,67.169000000,100,1410,1215,31,0
8259,82.590189766,67.169000000,100,1410,1215,31,0
8260,82.600189438,67.169000000,100,1410,1215,31,0
8261,82.610193618,67.169000000,100,1410,1215,31,0
8262,82.620193690,67.169000000,100,1410,1215,31,0
8263,82.630190296,67.169000000,100,1410,1215,31,0
8264,82.640189947,67.169000000,100,1410,1215,31,0
8265,82.650190801,66.962000000,100,1410,1215,31,0
8266,82.660189841,66.962000000,100,1410,1215,31,0
8267,82.670189904,66.962000000,100,1410,1215,31,0
8268,82.680189705,66.962000000,100,1410,1215,31,0
8269,82.690189427,66.962000000,100,1410,1215,31,0
8270,82.700189880,66.962000000,100,1410,1215,31,0
8271,82.710193719,66.962000000,100,1410,1215,31,0
8272,82.720189423,66.962000000,100,1410,1215,31,0
8273,82.730193272,66.962000000,100,1410,1215,31,0
8274,82.740189387,66.962000000,100,1410,1215,31,0
8275,82.766275661,66.865000000,100,1410,1215,31,0
8276,82.766280830,66.865000000,100,1410,1215,31,0
8277,82.770189374,66.865000000,100,1410,1215,31,0
8278,82.780187713,66.865000000,100,1410,1215,31,0
8279,82.790189167,66.865000000,100,1410,1215,31,0
8280,82.800190272,66.865000000,100,1410,1215,31,0
8281,82.810188240,66.865000000,100,1410,1215,31,0
8282,82.820188532,66.865000000,100,1410,1215,31,0
8283,82.830189216,66.865000000,100,1410,1215,31,0
8284,82.840189178,66.865000000,100,1410,1215,31,0
8285,82.850190142,67.072000000,100,1410,1215,31,0
8286,82.860189643,67.072000000,100,1410,1215,31,0
8287,82.870189455,67.072000000,100,1410,1215,31,0
8288,82.880189457,67.072000000,100,1410,1215,31,0
8289,82.890191212,67.072000000,100,1410,1215,31,0
8290,82.900189481,67.072000000,100,1410,1215,31,0
8291,82.910189583,67.072000000,100,1410,1215,31,0
8292,82.920189706,67.072000000,100,1410,1215,31,0
8293,82.930193184,67.072000000,100,1410,1215,31,0
8294,82.940190101,67.072000000,100,1410,1215,31,0
8295,82.950189882,67.072000000,100,1410,1215,31,0
8296,82.960189694,67.072000000,100,1410,1215,31,0
8297,82.970189295,67.072000000,100,1410,1215,31,0
8298,82.980188246,67.072000000,100,1410,1215,31,0
8299,82.990193017,67.072000000,100,1410,1215,31,0
8300,83.000189512,67.072000000,100,1410,1215,31,0
8301,83.010189204,67.072000000,100,1410,1215,31,0
8302,83.020188935,67.072000000,100,1410,1215,31,0
8303,83.030189759,67.072000000,100,1410,1215,31,0
8304,83.040189170,67.072000000,100,1410,1215,31,0
8305,83.050191416,67.060000000,100,1410,1215,31,0
8306,83.060189905,67.060000000,100,1410,1215,31,0
8307,83.070189547,67.060000000,100,1410,1215,31,0
8308,83.080188597,67.060000000,100,1410,1215,31,0
8309,83.090191625,67.060000000,100,1410,1215,31,0
8310,83.100189603,67.060000000,100,1410,1215,31,0
8311,83.110188714,67.060000000,100,1410,1215,31,0
8312,83.120189978,67.060000000,100,1410,1215,31,0
8313,83.130189830,67.060000000,100,1410,1215,31,0
8314,83.140189201,67.060000000,100,1410,1215,31,0
8315,83.150189634,67.176000000,100,1410,1215,31,0
8316,83.160189947,67.176000000,100,1410,1215,31,0
8317,83.170189438,67.176000000,100,1410,1215,31,0
8318,83.180189720,67.176000000,100,1410,1215,31,0
8319,83.190188991,67.176000000,100,1410,1215,31,0
8320,83.200190185,67.176000000,100,1410,1215,31,0
8321,83.210188484,67.176000000,100,1410,1215,31,0
8322,83.220189358,67.176000000,100,1410,1215,31,0
8323,83.230190452,67.176000000,100,1410,1215,31,0
8324,83.240188150,67.176000000,100,1410,1215,31,0
8325,83.250190286,66.981000000,100,1410,1215,31,0
8326,83.260194366,66.981000000,100,1410,1215,31,0
8327,83.270189299,66.981000000,100,1410,1215,31,0
8328,83.280188960,66.981000000,100,1410,1215,31,0
8329,83.290189193,66.981000000,100,1410,1215,31,0
8330,83.300193102,66.981000000,100,1410,1215,31,0
8331,83.310188826,66.981000000,100,1410,1215,31,0
8332,83.320189449,66.981000000,100,1410,1215,31,0
8333,83.330189922,66.981000000,100,1410,1215,31,0
8334,83.340189403,66.981000000,100,1410,1215,31,0
8335,83.350190918,66.962000000,100,1410,1215,31,0
8336,83.360190470,66.962000000,100,1410,1215,31,0
8337,83.370189480,66.962000000,100,1410,1215,31,0
8338,83.380189652,66.962000000,100,1410,1215,31,0
8339,83.390190626,66.962000000,100,1410,1215,31,0
8340,83.400190478,66.962000000,100,1410,1215,31,0
8341,83.410188887,66.962000000,100,1410,1215,31,0
8342,83.420191013,66.962000000,100,1410,1215,31,0
8343,83.430189813,66.962000000,100,1410,1215,31,0
8344,83.440193562,66.962000000,100,1410,1215,31,0
8345,83.450190238,66.865000000,100,1410,1215,31,0
8346,83.460189689,66.865000000,100,1410,1215,31,0
8347,83.470188739,66.865000000,100,1410,1215,31,0
8348,83.480189062,66.865000000,100,1410,1215,31,0
8349,83.490189585,66.865000000,100,1410,1215,31,0
8350,83.500201329,66.865000000,100,1410,1215,31,0
8351,83.510191253,66.865000000,100,1410,1215,31,0
8352,83.520189011,66.865000000,100,1410,1215,31,0
8353,83.530193481,66.865000000,100,1410,1215,31,0
8354,83.540190828,66.865000000,100,1410,1215,31,0
8355,83.550190980,67.073000000,100,1410,1215,31,0
8356,83.560190622,67.073000000,100,1410,1215,31,0
8357,83.570189742,67.073000000,100,1410,1215,31,0
8358,83.580189143,67.073000000,100,1410,1215,31,0
8359,83.590189887,67.073000000,100,1410,1215,31,0
8360,83.600248649,67.073000000,100,1410,1215,31,0
8361,83.610192216,67.073000000,100,1410,1215,31,0
8362,83.620188711,67.073000000,100,1410,1215,31,0
8363,83.630189905,67.073000000,100,1410,1215,31,0
8364,83.640189026,67.073000000,100,1410,1215,31,0
8365,83.650190240,66.975000000,100,1410,1215,31,0
8366,83.660188880,66.975000000,100,1410,1215,31,0
8367,83.670189914,66.975000000,100,1410,1215,31,0
8368,83.680188954,66.975000000,100,1410,1215,31,0
8369,83.690189076,66.975000000,100,1410,1215,31,0
8370,83.700189810,66.975000000,100,1410,1215,31,0
8371,83.710189281,66.975000000,100,1410,1215,31,0
8372,83.720193220,66.975000000,100,1410,1215,31,0
8373,83.730194315,66.975000000,100,1410,1215,31,0
8374,83.740189678,66.975000000,100,1410,1215,31,0
8375,83.750195241,66.962000000,100,1410,1215,31,0
8376,83.760190844,66.962000000,100,1410,1215,31,0
8377,83.770189594,66.962000000,100,1410,1215,31,0
8378,83.780189556,66.962000000,100,1410,1215,31,0
8379,83.790193415,66.962000000,100,1410,1215,31,0
8380,83.800188659,66.962000000,100,1410,1215,31,0
8381,83.810189242,66.962000000,100,1410,1215,31,0
8382,83.820188723,66.962000000,100,1410,1215,31,0
8383,83.830189266,66.962000000,100,1410,1215,31,0
8384,83.840192705,66.962000000,100,1410,1215,31,0
8385,83.850190092,66.773000000,100,1410,1215,31,0
8386,83.860188361,66.773000000,100,1410,1215,31,0
8387,83.870188613,66.773000000,100,1410,1215,31,0
8388,83.880189777,66.773000000,100,1410,1215,31,0
8389,83.890191002,66.773000000,100,1410,1215,31,0
8390,83.900189201,66.773000000,100,1410,1215,31,0
8391,83.910189253,66.773000000,100,1410,1215,31,0
8392,83.920190638,66.773000000,100,1410,1215,31,0
8393,83.930190139,66.773000000,100,1410,1215,31,0
8394,83.940189149,66.773000000,100,1410,1215,31,0
8395,83.950189762,66.864000000,100,1410,1215,31,0
8396,83.960191097,66.864000000,100,1410,1215,31,0
8397,83.970187993,66.864000000,100,1410,1215,31,0
8398,83.980189508,66.864000000,100,1410,1215,31,0
8399,83.990188278,66.864000000,100,1410,1215,31,0
8400,84.000189332,66.864000000,100,1410,1215,31,0
8401,84.010188733,66.864000000,100,1410,1215,31,0
8402,84.020189236,66.864000000,100,1410,1215,31,0
8403,84.030189098,66.864000000,100,1410,1215,31,0
8404,84.040192656,66.864000000,100,1410,1215,31,0
8405,84.050190434,66.975000000,100,1410,1215,31,0
8406,84.060189184,66.975000000,100,1410,1215,31,0
8407,84.070189857,66.975000000,100,1410,1215,31,0
8408,84.080193637,66.975000000,100,1410,1215,31,0
8409,84.090189401,66.975000000,100,1410,1215,31,0
8410,84.100189162,66.975000000,100,1410,1215,31,0
8411,84.110189445,66.975000000,100,1410,1215,31,0
8412,84.120192593,66.975000000,100,1410,1215,31,0
8413,84.130189269,66.975000000,100,1410,1215,31,0
8414,84.140188910,66.975000000,100,1410,1215,31,0
8415,84.150190015,66.981000000,100,1410,1215,31,0
8416,84.160190367,66.981000000,100,1410,1215,31,0
8417,84.170189748,66.981000000,100,1410,1215,31,0
8418,84.180189780,66.981000000,100,1410,1215,31,0
8419,84.190189893,66.981000000,100,1410,1215,31,0
8420,84.200193131,66.981000000,100,1410,1215,31,0
8421,84.210193964,66.981000000,100,1410,1215,31,0
8422,84.220189879,66.981000000,100,1410,1215,31,0
8423,84.230189741,66.981000000,100,1410,1215,31,0
8424,84.240188791,66.981000000,100,1410,1215,31,0
8425,84.250189976,66.962000000,100,1410,1215,31,0
8426,84.260189457,66.962000000,100,1410,1215,31,0
8427,84.270194288,66.962000000,100,1410,1215,31,0
8428,84.280190382,66.962000000,100,1410,1215,31,0
8429,84.290189393,66.962000000,100,1410,1215,31,0
8430,84.300189235,66.962000000,100,1410,1215,31,0
8431,84.310193274,66.962000000,100,1410,1215,31,0
8432,84.320190311,66.962000000,100,1410,1215,31,0
8433,84.330189411,66.962000000,100,1410,1215,31,0
8434,84.340188962,66.962000000,100,1410,1215,31,0
8435,84.350190237,66.767000000,100,1410,1215,31,0
8436,84.360190509,66.767000000,100,1410,1215,31,0
8437,84.370190291,66.767000000,100,1410,1215,31,0
8438,84.380189021,66.767000000,100,1410,1215,31,0
8439,84.390189093,66.767000000,100,1410,1215,31,0
8440,84.400193624,66.767000000,100,1410,1215,31,0
8441,84.410194127,66.767000000,100,1410,1215,31,0
8442,84.420189210,66.767000000,100,1410,1215,31,0
8443,84.430190013,66.767000000,100,1410,1215,31,0
8444,84.440193672,66.767000000,100,1410,1215,31,0
8445,84.450191460,66.883000000,100,1410,1215,31,0
8446,84.460189949,66.883000000,100,1410,1215,31,0
8447,84.470277876,66.883000000,100,1410,1215,31,0
8448,84.480193350,66.883000000,100,1410,1215,31,0
8449,84.490191569,66.883000000,100,1410,1215,31,0
8450,84.500190379,66.883000000,100,1410,1215,31,0
8451,84.510188607,66.883000000,100,1410,1215,31,0
8452,84.520189191,66.883000000,100,1410,1215,31,0
8453,84.530188782,66.883000000,100,1410,1215,31,0
8454,84.540190016,66.883000000,100,1410,1215,31,0
8455,84.550189297,66.767000000,100,1410,1215,31,0
8456,84.560190121,66.767000000,100,1410,1215,31,0
8457,84.570188369,66.767000000,100,1410,1215,31,0
8458,84.580189854,66.767000000,100,1410,1215,31,0
8459,84.590188494,66.767000000,100,1410,1215,31,0
8460,84.600189688,66.767000000,100,1410,1215,31,0
8461,84.610189530,66.767000000,100,1410,1215,31,0
8462,84.620189622,66.767000000,100,1410,1215,31,0
8463,84.630189624,66.767000000,100,1410,1215,31,0
8464,84.640189376,66.767000000,100,1410,1215,31,0
8465,84.650189819,66.962000000,100,1410,1215,31,0
8466,84.660189901,66.962000000,100,1410,1215,31,0
8467,84.670193169,66.962000000,100,1410,1215,31,0
8468,84.680190266,66.962000000,100,1410,1215,31,0
8469,84.690190058,66.962000000,100,1410,1215,31,0
8470,84.700193316,66.962000000,100,1410,1215,31,0
8471,84.710189721,66.962000000,100,1410,1215,31,0
8472,84.720189182,66.962000000,100,1410,1215,31,0
8473,84.730190066,66.962000000,100,1410,1215,31,0
8474,84.740190469,66.962000000,100,1410,1215,31,0
8475,84.750190100,66.883000000,100,1410,1215,31,0
8476,84.760193970,66.883000000,100,1410,1215,31,0
8477,84.770193681,66.883000000,100,1410,1215,31,0
8478,84.780189646,66.883000000,100,1410,1215,31,0
8479,84.790189788,66.883000000,100,1410,1215,31,0
8480,84.800190091,66.883000000,100,1410,1215,31,0
8481,84.810190584,66.883000000,100,1410,1215,31,0
8482,84.820191327,66.883000000,100,1410,1215,31,0
8483,84.830193774,66.883000000,100,1410,1215,31,0
8484,84.840191051,66.883000000,100,1410,1215,31,0
8485,84.850190432,66.864000000,100,1410,1215,31,0
8486,84.860189462,66.864000000,100,1410,1215,31,0
8487,84.870189404,66.864000000,100,1410,1215,31,0
8488,84.880193284,66.864000000,100,1410,1215,31,0
8489,84.890189108,66.864000000,100,1410,1215,31,0
8490,84.900193538,66.864000000,100,1410,1215,31,0
8491,84.910189763,66.864000000,100,1410,1215,31,0
8492,84.920188853,66.864000000,100,1410,1215,31,0
8493,84.930188725,66.864000000,100,1410,1215,31,0
8494,84.940188016,66.864000000,100,1410,1215,31,0
8495,84.950189641,66.866000000,100,1410,1215,31,0
8496,84.960189483,66.866000000,100,1410,1215,31,0
8497,84.970188153,66.866000000,100,1410,1215,31,0
8498,84.980188886,66.866000000,100,1410,1215,31,0
8499,84.990188628,66.866000000,100,1410,1215,31,0
8500,85.000188660,66.866000000,100,1410,1215,31,0
8501,85.010188502,66.866000000,100,1410,1215,31,0
8502,85.020189496,66.866000000,100,1410,1215,31,0
8503,85.030188726,66.866000000,100,1410,1215,31,0
8504,85.040189420,66.866000000,100,1410,1215,31,0
8505,85.050189762,66.962000000,100,1410,1215,31,0
8506,85.060189344,66.962000000,100,1410,1215,31,0
8507,85.070189085,66.962000000,100,1410,1215,31,0
8508,85.080189819,66.962000000,100,1410,1215,31,0
8509,85.090190122,66.962000000,100,1410,1215,31,0
8510,85.100193139,66.962000000,100,1410,1215,31,0
8511,85.110190136,66.962000000,100,1410,1215,31,0
8512,85.120194416,66.962000000,100,1410,1215,31,0
8513,85.130189499,66.962000000,100,1410,1215,31,0
8514,85.140189541,66.962000000,100,1410,1215,31,0
8515,85.150191016,66.761000000,100,1410,1215,31,0
8516,85.160191298,66.761000000,100,1410,1215,31,0
8517,85.170190248,66.761000000,100,1410,1215,31,0
8518,85.180189609,66.761000000,100,1410,1215,31,0
8519,85.190189391,66.761000000,100,1410,1215,31,0
8520,85.200189283,66.761000000,100,1410,1215,31,0
8521,85.210188884,66.761000000,100,1410,1215,31,0
8522,85.220189598,66.761000000,100,1410,1215,31,0
8523,85.230189119,66.761000000,100,1410,1215,31,0
8524,85.240190644,66.761000000,100,1410,1215,31,0
8525,85.250190476,66.962000000,100,1410,1215,31,0
8526,85.260189195,66.962000000,100,1410,1215,31,0
8527,85.270189708,66.962000000,100,1410,1215,31,0
8528,85.280189350,66.962000000,100,1410,1215,31,0
8529,85.290190063,66.962000000,100,1410,1215,31,0
8530,85.300189384,66.962000000,100,1410,1215,31,0
8531,85.310189687,66.962000000,100,1410,1215,31,0
8532,85.320189048,66.962000000,100,1410,1215,31,0
8533,85.330189350,66.962000000,100,1410,1215,31,0
8534,85.340189202,66.962000000,100,1410,1215,31,0
8535,85.350190627,66.962000000,100,1410,1215,31,0
8536,85.360189757,67.176000000,100,1410,1215,31,0
8537,85.370188828,67.176000000,100,1410,1215,31,0
8538,85.380189341,67.176000000,100,1410,1215,31,0
8539,85.390188641,67.176000000,100,1410,1215,31,0
8540,85.400189565,67.176000000,100,1410,1215,31,0
8541,85.410189046,67.176000000,100,1410,1215,31,0
8542,85.420189720,67.176000000,100,1410,1215,31,0
8543,85.430188349,67.176000000,100,1410,1215,31,0
8544,85.440189403,67.176000000,100,1410,1215,31,0
8545,85.450190257,66.962000000,100,1410,1215,31,0
8546,85.460189928,66.962000000,100,1410,1215,31,0
8547,85.470189390,66.962000000,100,1410,1215,31,0
8548,85.480189462,66.962000000,100,1410,1215,31,0
8549,85.490188532,66.962000000,100,1410,1215,31,0
8550,85.500192612,66.962000000,100,1410,1215,31,0
8551,85.510189498,66.962000000,100,1410,1215,31,0
8552,85.520189981,66.962000000,100,1410,1215,31,0
8553,85.530188831,66.962000000,100,1410,1215,31,0
8554,85.540188733,66.962000000,100,1410,1215,31,0
8555,85.550189727,66.962000000,100,1410,1215,31,0
8556,85.560189989,66.646000000,100,1410,1215,31,0
8557,85.570189010,66.646000000,100,1410,1215,31,0
8558,85.580189332,66.646000000,100,1410,1215,31,0
8559,85.590189355,66.646000000,100,1410,1215,31,0
8560,85.600189647,66.646000000,100,1410,1215,31,0
8561,85.610189379,66.646000000,100,1410,1215,31,0
8562,85.620189291,66.646000000,100,1410,1215,31,0
8563,85.630189854,66.646000000,100,1410,1215,31,0
8564,85.640189605,66.646000000,100,1410,1215,31,0
8565,85.650190189,66.847000000,100,1410,1215,31,0
8566,85.660193577,66.847000000,100,1410,1215,31,0
8567,85.670189361,66.847000000,100,1410,1215,31,0
8568,85.680189343,66.847000000,100,1410,1215,31,0
8569,85.690189295,66.847000000,100,1410,1215,31,0
8570,85.700193505,66.847000000,100,1410,1215,31,0
8571,85.710193307,66.847000000,100,1410,1215,31,0
8572,85.720193540,66.847000000,100,1410,1215,31,0
8573,85.730189724,66.847000000,100,1410,1215,31,0
8574,85.740188454,66.847000000,100,1410,1215,31,0
8575,85.750189518,66.975000000,100,1410,1215,31,0
8576,85.760189731,66.975000000,100,1410,1215,31,0
8577,85.770188911,66.975000000,100,1410,1215,31,0
8578,85.780188873,66.975000000,100,1410,1215,31,0
8579,85.790188925,66.975000000,100,1410,1215,31,0
8580,85.800193676,66.975000000,100,1410,1215,31,0
8581,85.810189511,66.975000000,100,1410,1215,31,0
8582,85.820189924,66.975000000,100,1410,1215,31,0
8583,85.830189425,66.975000000,100,1410,1215,31,0
8584,85.840189166,66.975000000,100,1410,1215,31,0
8585,85.850190691,67.059000000,100,1410,1215,31,0
8586,85.860189321,67.059000000,100,1410,1215,31,0
8587,85.870189754,67.059000000,100,1410,1215,31,0
8588,85.880189956,67.059000000,100,1410,1215,31,0
8589,85.890189347,67.059000000,100,1410,1215,31,0
8590,85.900189820,67.059000000,100,1410,1215,31,0
8591,85.910189361,67.059000000,100,1410,1215,31,0
8592,85.920189784,67.059000000,100,1410,1215,31,0
8593,85.930189265,67.059000000,100,1410,1215,31,0
8594,85.940189157,67.059000000,100,1410,1215,31,0
8595,85.950189490,66.963000000,100,1410,1215,31,0
8596,85.960189181,66.963000000,100,1410,1215,31,0
8597,85.970188903,66.963000000,100,1410,1215,31,0
8598,85.980360527,66.963000000,100,1410,1215,31,0
8599,85.990188817,66.963000000,100,1410,1215,31,0
8600,86.000188188,66.963000000,100,1410,1215,31,0
8601,86.010189502,66.963000000,100,1410,1215,31,0
8602,86.020188713,66.963000000,100,1410,1215,31,0
8603,86.030188805,66.963000000,100,1410,1215,31,0
8604,86.040188146,66.963000000,100,1410,1215,31,0
8605,86.050190232,67.176000000,100,1410,1215,31,0
8606,86.060188180,67.176000000,100,1410,1215,31,0
8607,86.070188824,67.176000000,100,1410,1215,31,0
8608,86.080376007,67.176000000,100,1410,1215,31,0
8609,86.090190150,67.176000000,100,1410,1215,31,0
8610,86.100189371,67.176000000,100,1410,1215,31,0
8611,86.110189072,67.176000000,100,1410,1215,31,0
8612,86.120188614,67.176000000,100,1410,1215,31,0
8613,86.130189798,67.176000000,100,1410,1215,31,0
8614,86.140189079,67.176000000,100,1410,1215,31,0
8615,86.150189131,67.059000000,100,1410,1215,31,0
8616,86.160189363,67.059000000,100,1410,1215,31,0
8617,86.170188374,67.059000000,100,1410,1215,31,0
8618,86.180188356,67.059000000,100,1410,1215,31,0
8619,86.190187867,67.059000000,100,1410,1215,31,0
8620,86.200189251,67.059000000,100,1410,1215,31,0
8621,86.210188101,67.059000000,100,1410,1215,31,0
8622,86.220189286,67.059000000,100,1410,1215,31,0
8623,86.230189027,67.059000000,100,1410,1215,31,0
8624,86.240189841,67.059000000,100,1410,1215,31,0
8625,86.250190755,66.846000000,100,1410,1215,31,0
8626,86.260189124,66.846000000,100,1410,1215,31,0
8627,86.270189977,66.846000000,100,1410,1215,31,0
8628,86.280189439,66.846000000,100,1410,1215,31,0
8629,86.290189300,66.846000000,100,1410,1215,31,0
8630,86.300190254,66.846000000,100,1410,1215,31,0
8631,86.310189535,66.846000000,100,1410,1215,31,0
8632,86.320188976,66.846000000,100,1410,1215,31,0
8633,86.330189739,66.846000000,100,1410,1215,31,0
8634,86.340189481,66.846000000,100,1410,1215,31,0
8635,86.350190004,66.962000000,100,1410,1215,31,0
8636,86.360191158,66.962000000,100,1410,1215,31,0
8637,86.370189658,66.962000000,100,1410,1215,31,0
8638,86.380189640,66.962000000,100,1410,1215,31,0
8639,86.390189481,66.962000000,100,1410,1215,31,0
8640,86.400189564,66.962000000,100,1410,1215,31,0
8641,86.410189776,66.962000000,100,1410,1215,31,0
8642,86.420188847,66.962000000,100,1410,1215,31,0
8643,86.430188869,66.962000000,100,1410,1215,31,0
8644,86.440189271,66.962000000,100,1410,1215,31,0
8645,86.450190796,66.975000000,100,1410,1215,31,0
8646,86.460189626,66.975000000,100,1410,1215,31,0
8647,86.470189638,66.975000000,100,1410,1215,31,0
8648,86.480189971,66.975000000,100,1410,1215,31,0
8649,86.490189833,66.975000000,100,1410,1215,31,0
8650,86.500190075,66.975000000,100,1410,1215,31,0
8651,86.510189847,66.975000000,100,1410,1215,31,0
8652,86.520189739,66.975000000,100,1410,1215,31,0
8653,86.530193869,66.975000000,100,1410,1215,31,0
8654,86.540189713,66.975000000,100,1410,1215,31,0
8655,86.550190937,67.169000000,100,1410,1215,31,0
8656,86.560190228,67.169000000,100,1410,1215,31,0
8657,86.570189178,67.169000000,100,1410,1215,31,0
8658,86.580189611,67.169000000,100,1410,1215,31,0
8659,86.590189503,67.169000000,100,1410,1215,31,0
8660,86.600193453,67.169000000,100,1410,1215,31,0
8661,86.610189217,67.169000000,100,1410,1215,31,0
8662,86.620189449,67.169000000,100,1410,1215,31,0
8663,86.630193679,67.169000000,100,1410,1215,31,0
8664,86.640190175,67.169000000,100,1410,1215,31,0
8665,86.650189926,67.078000000,100,1410,1215,31,0
8666,86.660188997,67.078000000,100,1410,1215,31,0
8667,86.670190141,67.078000000,100,1410,1215,31,0
8668,86.680188901,67.078000000,100,1410,1215,31,0
8669,86.690188973,67.078000000,100,1410,1215,31,0
8670,86.700189476,67.078000000,100,1410,1215,31,0
8671,86.710188867,67.078000000,100,1410,1215,31,0
8672,86.720189631,67.078000000,100,1410,1215,31,0
8673,86.730189412,67.078000000,100,1410,1215,31,0
8674,86.740189534,67.078000000,100,1410,1215,31,0
8675,86.750190178,67.060000000,100,1410,1215,31,0
8676,86.760189799,67.060000000,100,1410,1215,31,0
8677,86.770189851,67.060000000,100,1410,1215,31,0
8678,86.780189272,67.060000000,100,1410,1215,31,0
8679,86.790189495,67.060000000,100,1410,1215,31,0
8680,86.800189136,67.060000000,100,1410,1215,31,0
8681,86.810193046,67.060000000,100,1410,1215,31,0
8682,86.820190333,67.060000000,100,1410,1215,31,0
8683,86.830189182,67.060000000,100,1410,1215,31,0
8684,86.840190527,67.060000000,100,1410,1215,31,0
8685,86.850195148,66.962000000,100,1410,1215,31,0
8686,86.860190421,66.962000000,100,1410,1215,31,0
8687,86.870189932,66.962000000,100,1410,1215,31,0
8688,86.880189874,66.962000000,100,1410,1215,31,0
8689,86.890190588,66.962000000,100,1410,1215,31,0
8690,86.900202793,66.962000000,100,1410,1215,31,0
8691,86.910190482,66.962000000,100,1410,1215,31,0
8692,86.920189452,66.962000000,100,1410,1215,31,0
8693,86.930189444,66.962000000,100,1410,1215,31,0
8694,86.940189536,66.962000000,100,1410,1215,31,0
8695,86.950190009,66.962000000,100,1410,1215,31,0
8696,86.960189560,66.962000000,100,1410,1215,31,0
8697,86.970189141,66.962000000,100,1410,1215,31,0
8698,86.980188462,66.962000000,100,1410,1215,31,0
8699,86.990193153,66.962000000,100,1410,1215,31,0
8700,87.000188947,66.962000000,100,1410,1215,31,0
8701,87.010188509,66.962000000,100,1410,1215,31,0
8702,87.020188561,66.962000000,100,1410,1215,31,0
8703,87.030188072,66.962000000,100,1410,1215,31,0
8704,87.040188034,66.962000000,100,1410,1215,31,0
8705,87.050189649,66.962000000,100,1410,1215,31,0
8706,87.060192657,66.962000000,100,1410,1215,31,0
8707,87.070189503,66.962000000,100,1410,1215,31,0
8708,87.080193513,66.962000000,100,1410,1215,31,0
8709,87.090189808,66.962000000,100,1410,1215,31,0
8710,87.100189168,66.962000000,100,1410,1215,31,0
8711,87.110189692,66.962000000,100,1410,1215,31,0
8712,87.120189624,66.962000000,100,1410,1215,31,0
8713,87.130189175,66.962000000,100,1410,1215,31,0
8714,87.140188696,66.962000000,100,1410,1215,31,0
8715,87.150189960,66.975000000,100,1410,1215,31,0
8716,87.160189041,66.975000000,100,1410,1215,31,0
8717,87.170186328,66.975000000,100,1410,1215,31,0
8718,87.180189195,66.975000000,100,1410,1215,31,0
8719,87.190190029,66.975000000,100,1410,1215,31,0
8720,87.200188338,66.975000000,100,1410,1215,31,0
8721,87.210189121,66.975000000,100,1410,1215,31,0
8722,87.220189274,66.975000000,100,1410,1215,31,0
8723,87.230189065,66.975000000,100,1410,1215,31,0
8724,87.240188055,66.975000000,100,1410,1215,31,0
8725,87.250190061,67.150000000,100,1410,1215,31,0
8726,87.260189142,67.150000000,100,1410,1215,31,0
8727,87.270189294,67.150000000,100,1410,1215,31,0
8728,87.280189036,67.150000000,100,1410,1215,31,0
8729,87.290190611,67.150000000,100,1410,1215,31,0
8730,87.300189871,67.150000000,100,1410,1215,31,0
8731,87.310191166,67.150000000,100,1410,1215,31,0
8732,87.320190196,67.150000000,100,1410,1215,31,0
8733,87.330189848,67.150000000,100,1410,1215,31,0
8734,87.340189459,67.150000000,100,1410,1215,31,0
8735,87.350190803,66.975000000,100,1410,1215,31,0
8736,87.360189964,66.975000000,100,1410,1215,31,0
8737,87.370194144,66.975000000,100,1410,1215,31,0
8738,87.380190179,66.975000000,100,1410,1215,31,0
8739,87.390189129,66.975000000,100,1410,1215,31,0
8740,87.400188279,66.975000000,100,1410,1215,31,0
8741,87.410194172,66.975000000,100,1410,1215,31,0
8742,87.420189666,66.975000000,100,1410,1215,31,0
8743,87.430190079,66.975000000,100,1410,1215,31,0
8744,87.440189600,66.975000000,100,1410,1215,31,0
8745,87.450190454,66.962000000,100,1410,1215,31,0
8746,87.460189404,66.962000000,100,1410,1215,31,0
8747,87.470189847,66.962000000,100,1410,1215,31,0
8748,87.480189498,66.962000000,100,1410,1215,31,0
8749,87.490189009,66.962000000,100,1410,1215,31,0
8750,87.500189763,66.962000000,100,1410,1215,31,0
8751,87.510194153,66.962000000,100,1410,1215,31,0
8752,87.520190348,66.962000000,100,1410,1215,31,0
8753,87.530189959,66.962000000,100,1410,1215,31,0
8754,87.540192997,66.962000000,100,1410,1215,31,0
8755,87.550190194,66.773000000,100,1410,1215,31,0
8756,87.560190006,66.773000000,100,1410,1215,31,0
8757,87.570189817,66.773000000,100,1410,1215,31,0
8758,87.580189208,66.773000000,100,1410,1215,31,0
8759,87.590189461,66.773000000,100,1410,1215,31,0
8760,87.600189152,66.773000000,100,1410,1215,31,0
8761,87.610189495,66.773000000,100,1410,1215,31,0
8762,87.620193034,66.773000000,100,1410,1215,31,0
8763,87.630189840,66.773000000,100,1410,1215,31,0
8764,87.640189241,66.773000000,100,1410,1215,31,0
8765,87.650190475,66.871000000,100,1410,1215,31,0
8766,87.660193663,66.871000000,100,1410,1215,31,0
8767,87.670189317,66.871000000,100,1410,1215,31,0
8768,87.680193667,66.871000000,100,1410,1215,31,0
8769,87.690190043,66.871000000,100,1410,1215,31,0
8770,87.700189704,66.871000000,100,1410,1215,31,0
8771,87.710194195,66.871000000,100,1410,1215,31,0
8772,87.720190500,66.871000000,100,1410,1215,31,0
8773,87.730189650,66.871000000,100,1410,1215,31,0
8774,87.740190253,66.871000000,100,1410,1215,31,0
8775,87.750190175,66.767000000,100,1410,1215,31,0
8776,87.760190097,66.767000000,100,1410,1215,31,0
8777,87.770188837,66.767000000,100,1410,1215,31,0
8778,87.780188839,66.767000000,100,1410,1215,31,0
8779,87.790189172,66.767000000,100,1410,1215,31,0
8780,87.800189464,66.767000000,100,1410,1215,31,0
8781,87.810193193,66.767000000,100,1410,1215,31,0
8782,87.820193837,66.767000000,100,1410,1215,31,0
8783,87.830188849,66.767000000,100,1410,1215,31,0
8784,87.840189002,66.767000000,100,1410,1215,31,0
8785,87.850191348,66.883000000,100,1410,1215,31,0
8786,87.860190228,66.883000000,100,1410,1215,31,0
8787,87.870189759,66.883000000,100,1410,1215,31,0
8788,87.880189882,66.883000000,100,1410,1215,31,0
8789,87.890189814,66.883000000,100,1410,1215,31,0
8790,87.900189395,66.883000000,100,1410,1215,31,0
8791,87.910189748,66.883000000,100,1410,1215,31,0
8792,87.920189880,66.883000000,100,1410,1215,31,0
8793,87.930194060,66.883000000,100,1410,1215,31,0
8794,87.940188502,66.883000000,100,1410,1215,31,0
8795,87.950189686,66.982000000,100,1410,1215,31,0
8796,87.960189518,66.982000000,100,1410,1215,31,0
8797,87.970188518,66.982000000,100,1410,1215,31,0
8798,87.980188590,66.982000000,100,1410,1215,31,0
8799,87.990189193,66.982000000,100,1410,1215,31,0
8800,88.000189025,66.982000000,100,1410,1215,31,0
8801,88.010189398,66.982000000,100,1410,1215,31,0
8802,88.020190051,66.982000000,100,1410,1215,31,0
8803,88.030188711,66.982000000,100,1410,1215,31,0
8804,88.040188582,66.982000000,100,1410,1215,31,0
8805,88.050189446,67.091000000,100,1410,1215,31,0
8806,88.060193175,67.091000000,100,1410,1215,31,0
8807,88.070188078,67.091000000,100,1410,1215,31,0
8808,88.080193570,67.091000000,100,1410,1215,31,0
8809,88.090192200,67.091000000,100,1410,1215,31,0
8810,88.100189787,67.091000000,100,1410,1215,31,0
8811,88.110188507,67.091000000,100,1410,1215,31,0
8812,88.120189120,67.091000000,100,1410,1215,31,0
8813,88.130189443,67.091000000,100,1410,1215,31,0
8814,88.140188633,67.091000000,100,1410,1215,31,0
8815,88.150189898,67.060000000,100,1410,1215,31,0
8816,88.160189569,67.060000000,100,1410,1215,31,0
8817,88.170188800,67.060000000,100,1410,1215,31,0
8818,88.180188371,67.060000000,100,1410,1215,31,0
8819,88.190189365,67.060000000,100,1410,1215,31,0
8820,88.200188596,67.060000000,100,1410,1215,31,0
8821,88.210336555,67.060000000,100,1410,1215,31,0
8822,88.220188249,67.060000000,100,1410,1215,31,0
8823,88.230189393,67.060000000,100,1410,1215,31,0
8824,88.240193563,67.060000000,100,1410,1215,31,0
8825,88.250190800,66.864000000,100,1410,1215,31,0
8826,88.260190051,66.864000000,100,1410,1215,31,0
8827,88.270188951,66.864000000,100,1410,1215,31,0
8828,88.280189774,66.864000000,100,1410,1215,31,0
8829,88.290189045,66.864000000,100,1410,1215,31,0
8830,88.300190199,66.864000000,100,1410,1215,31,0
8831,88.310189250,66.864000000,100,1410,1215,31,0
8832,88.320189041,66.864000000,100,1410,1215,31,0
8833,88.330189785,66.864000000,100,1410,1215,31,0
8834,88.340189987,66.864000000,100,1410,1215,31,0
8835,88.350189348,67.157000000,100,1410,1215,31,0
8836,88.360189641,67.157000000,100,1410,1215,31,0
8837,88.370189573,67.157000000,100,1410,1215,31,0
8838,88.380189605,67.157000000,100,1410,1215,31,0
8839,88.390191270,67.157000000,100,1410,1215,31,0
8840,88.400189048,67.157000000,100,1410,1215,31,0
8841,88.410189771,67.157000000,100,1410,1215,31,0
8842,88.420193661,67.157000000,100,1410,1215,31,0
8843,88.430190156,67.157000000,100,1410,1215,31,0
8844,88.440190389,67.157000000,100,1410,1215,31,0
8845,88.450191032,67.059000000,100,1410,1215,31,0
8846,88.460193990,67.059000000,100,1410,1215,31,0
8847,88.470190475,67.059000000,100,1410,1215,31,0
8848,88.480189886,67.059000000,100,1410,1215,31,0
8849,88.490189327,67.059000000,100,1410,1215,31,0
8850,88.500188998,67.059000000,100,1410,1215,31,0
8851,88.510188910,67.059000000,100,1410,1215,31,0
8852,88.520193291,67.059000000,100,1410,1215,31,0
8853,88.530189455,67.059000000,100,1410,1215,31,0
8854,88.540189718,67.059000000,100,1410,1215,31,0
8855,88.550190061,66.865000000,100,1410,1215,31,0
8856,88.560194040,66.865000000,100,1410,1215,31,0
8857,88.570189273,66.865000000,100,1410,1215,31,0
8858,88.580188865,66.865000000,100,1410,1215,31,0
8859,88.590189578,66.865000000,100,1410,1215,31,0
8860,88.600189009,66.865000000,100,1410,1215,31,0
8861,88.610189162,66.865000000,100,1410,1215,31,0
8862,88.620189234,66.865000000,100,1410,1215,31,0
8863,88.630190117,66.865000000,100,1410,1215,31,0
8864,88.640189378,66.865000000,100,1410,1215,31,0
8865,88.650191474,66.767000000,100,1410,1215,31,0
8866,88.660188911,66.767000000,100,1410,1215,31,0
8867,88.670191378,66.767000000,100,1410,1215,31,0
8868,88.680188605,66.767000000,100,1410,1215,31,0
8869,88.690189168,66.767000000,100,1410,1215,31,0
8870,88.700188860,66.767000000,100,1410,1215,31,0
8871,88.710188811,66.767000000,100,1410,1215,31,0
8872,88.720188273,66.767000000,100,1410,1215,31,0
8873,88.730189337,66.767000000,100,1410,1215,31,0
8874,88.740187916,66.767000000,100,1410,1215,31,0
8875,88.750190212,67.059000000,100,1410,1215,31,0
8876,88.760189163,67.059000000,100,1410,1215,31,0
8877,88.770188884,67.059000000,100,1410,1215,31,0
8878,88.780188886,67.059000000,100,1410,1215,31,0
8879,88.790189239,67.059000000,100,1410,1215,31,0
8880,88.800188670,67.059000000,100,1410,1215,31,0
8881,88.810189484,67.059000000,100,1410,1215,31,0
8882,88.820189115,67.059000000,100,1410,1215,31,0
8883,88.830188556,67.059000000,100,1410,1215,31,0
8884,88.840189720,67.059000000,100,1410,1215,31,0
8885,88.850189301,67.053000000,100,1410,1215,31,0
8886,88.860190155,67.053000000,100,1410,1215,31,0
8887,88.870188524,67.053000000,100,1410,1215,31,0
8888,88.880189328,67.053000000,100,1410,1215,31,0
8889,88.890193808,67.053000000,100,1410,1215,31,0
8890,88.900189121,67.053000000,100,1410,1215,31,0
8891,88.910189184,67.053000000,100,1410,1215,31,0
8892,88.920188474,67.053000000,100,1410,1215,31,0
8893,88.930189408,67.053000000,100,1410,1215,31,0
8894,88.940188799,67.053000000,100,1410,1215,31,0
8895,88.950188961,66.865000000,100,1410,1215,31,0
8896,88.960189705,66.865000000,100,1410,1215,31,0
8897,88.970188885,66.865000000,100,1410,1215,31,0
8898,88.980192083,66.865000000,100,1410,1215,31,0
8899,88.990189230,66.865000000,100,1410,1215,31,0
8900,89.000187439,66.865000000,100,1410,1215,31,0
8901,89.010188723,66.865000000,100,1410,1215,31,0
8902,89.020188214,66.865000000,100,1410,1215,31,0
8903,89.030188307,66.865000000,100,1410,1215,31,0
8904,89.040188178,66.865000000,100,1410,1215,31,0
8905,89.050190164,66.664000000,100,1410,1215,31,0
8906,89.060194304,66.664000000,100,1410,1215,31,0
8907,89.070189036,66.664000000,100,1410,1215,31,0
8908,89.080193577,66.664000000,100,1410,1215,31,0
8909,89.090189672,66.664000000,100,1410,1215,31,0
8910,89.100188842,66.664000000,100,1410,1215,31,0
8911,89.110188994,66.664000000,100,1410,1215,31,0
8912,89.120188646,66.664000000,100,1410,1215,31,0
8913,89.130188888,66.664000000,100,1410,1215,31,0
8914,89.140188410,66.664000000,100,1410,1215,31,0
8915,89.150189784,66.865000000,100,1410,1215,31,0
8916,89.160189826,66.865000000,100,1410,1215,31,0
8917,89.170189869,66.865000000,100,1410,1215,31,0
8918,89.180189199,66.865000000,100,1410,1215,31,0
8919,89.190189642,66.865000000,100,1410,1215,31,0
8920,89.200189023,66.865000000,100,1410,1215,31,0
8921,89.210189065,66.865000000,100,1410,1215,31,0
8922,89.220189879,66.865000000,100,1410,1215,31,0
8923,89.230189430,66.865000000,100,1410,1215,31,0
8924,89.240188881,66.865000000,100,1410,1215,31,0
8925,89.250193712,67.078000000,100,1410,1215,31,0
8926,89.260191059,67.078000000,100,1410,1215,31,0
8927,89.270189709,67.078000000,100,1410,1215,31,0
8928,89.280188960,67.078000000,100,1410,1215,31,0
8929,89.290189803,67.078000000,100,1410,1215,31,0
8930,89.300189414,67.078000000,100,1410,1215,31,0
8931,89.310189316,67.078000000,100,1410,1215,31,0
8932,89.320189128,67.078000000,100,1410,1215,31,0
8933,89.330188950,67.078000000,100,1410,1215,31,0
8934,89.340189663,67.078000000,100,1410,1215,31,0
8935,89.350190497,67.078000000,100,1410,1215,31,0
8936,89.360190148,66.962000000,100,1410,1215,31,0
8937,89.370188938,66.962000000,100,1410,1215,31,0
8938,89.380189351,66.962000000,100,1410,1215,31,0
8939,89.390189704,66.962000000,100,1410,1215,31,0
8940,89.400190086,66.962000000,100,1410,1215,31,0
8941,89.410189978,66.962000000,100,1410,1215,31,0
8942,89.420188838,66.962000000,100,1410,1215,31,0
8943,89.430189221,66.962000000,100,1410,1215,31,0
8944,89.440189564,66.962000000,100,1410,1215,31,0
8945,89.450193924,66.962000000,100,1410,1215,31,0
8946,89.460191021,66.834000000,100,1410,1215,31,0
8947,89.470193918,66.834000000,100,1410,1215,31,0
8948,89.480189341,66.834000000,100,1410,1215,31,0
8949,89.490188672,66.834000000,100,1410,1215,31,0
8950,89.500189045,66.834000000,100,1410,1215,31,0
8951,89.510189328,66.834000000,100,1410,1215,31,0
8952,89.520188047,66.834000000,100,1410,1215,31,0
8953,89.530189662,66.834000000,100,1410,1215,31,0
8954,89.540189184,66.834000000,100,1410,1215,31,0
8955,89.550189687,66.981000000,100,1410,1215,31,0
8956,89.560189148,66.981000000,100,1410,1215,31,0
8957,89.570188919,66.981000000,100,1410,1215,31,0
8958,89.580188150,66.981000000,100,1410,1215,31,0
8959,89.590189344,66.981000000,100,1410,1215,31,0
8960,89.600188966,66.981000000,100,1410,1215,31,0
8961,89.610190190,66.981000000,100,1410,1215,31,0
8962,89.620193418,66.981000000,100,1410,1215,31,0
8963,89.630189513,66.981000000,100,1410,1215,31,0
8964,89.640189084,66.981000000,100,1410,1215,31,0
8965,89.650189647,67.054000000,100,1410,1215,31,0
8966,89.660190300,67.054000000,100,1410,1215,31,0
8967,89.670190182,67.054000000,100,1410,1215,31,0
8968,89.680193591,67.054000000,100,1410,1215,31,0
8969,89.690189766,67.054000000,100,1410,1215,31,0
8970,89.700193655,67.054000000,100,1410,1215,31,0
8971,89.710190030,67.054000000,100,1410,1215,31,0
8972,89.720189251,67.054000000,100,1410,1215,31,0
8973,89.730189413,67.054000000,100,1410,1215,31,0
8974,89.740189095,67.054000000,100,1410,1215,31,0
8975,89.750189808,67.060000000,100,1410,1215,31,0
8976,89.760190401,67.060000000,100,1410,1215,31,0
8977,89.770188349,67.060000000,100,1410,1215,31,0
8978,89.780188642,67.060000000,100,1410,1215,31,0
8979,89.790189506,67.060000000,100,1410,1215,31,0
8980,89.800189468,67.060000000,100,1410,1215,31,0
8981,89.810189400,67.060000000,100,1410,1215,31,0
8982,89.820189151,67.060000000,100,1410,1215,31,0
8983,89.830189945,67.060000000,100,1410,1215,31,0
8984,89.840192562,67.060000000,100,1410,1215,31,0
8985,89.850190981,66.944000000,100,1410,1215,31,0
8986,89.860190081,66.944000000,100,1410,1215,31,0
8987,89.870189352,66.944000000,100,1410,1215,31,0
8988,89.880189504,66.944000000,100,1410,1215,31,0
8989,89.890189326,66.944000000,100,1410,1215,31,0
8990,89.900188987,66.944000000,100,1410,1215,31,0
8991,89.910189070,66.944000000,100,1410,1215,31,0
8992,89.920189302,66.944000000,100,1410,1215,31,0
8993,89.930188643,66.944000000,100,1410,1215,31,0
8994,89.940189416,66.944000000,100,1410,1215,31,0
8995,89.950188437,66.962000000,100,1410,1215,31,0
8996,89.960189801,66.962000000,100,1410,1215,31,0
8997,89.970188571,66.962000000,100,1410,1215,31,0
8998,89.980189705,66.962000000,100,1410,1215,31,0
8999,89.990188806,66.962000000,100,1410,1215,31,0
9000,90.000189820,66.962000000,100,1410,1215,31,0
9001,90.010188078,66.962000000,100,1410,1215,31,0
9002,90.020192589,66.962000000,100,1410,1215,31,0
9003,90.030186860,66.962000000,100,1410,1215,31,0
9004,90.040188956,66.962000000,100,1410,1215,31,0
9005,90.050188998,66.878000000,100,1410,1215,31,0
9006,90.060188580,66.878000000,100,1410,1215,31,0
9007,90.070188011,66.878000000,100,1410,1215,31,0
9008,90.080188263,66.878000000,100,1410,1215,31,0
9009,90.090193044,66.878000000,100,1410,1215,31,0
9010,90.100188528,66.878000000,100,1410,1215,31,0
9011,90.110188670,66.878000000,100,1410,1215,31,0
9012,90.120188261,66.878000000,100,1410,1215,31,0
9013,90.130188303,66.878000000,100,1410,1215,31,0
9014,90.140191301,66.878000000,100,1410,1215,31,0
9015,90.150188818,66.957000000,100,1410,1215,31,0
9016,90.160189322,66.957000000,100,1410,1215,31,0
9017,90.170188963,66.957000000,100,1410,1215,31,0
9018,90.180188735,66.957000000,100,1410,1215,31,0
9019,90.190188366,66.957000000,100,1410,1215,31,0
9020,90.200188759,66.957000000,100,1410,1215,31,0
9021,90.210189262,66.957000000,100,1410,1215,31,0
9022,90.220189304,66.957000000,100,1410,1215,31,0
9023,90.230189526,66.957000000,100,1410,1215,31,0
9024,90.240189829,66.957000000,100,1410,1215,31,0
9025,90.250189430,67.171000000,100,1410,1215,31,0
9026,90.260189643,67.171000000,100,1410,1215,31,0
9027,90.270189745,67.171000000,100,1410,1215,31,0
9028,90.280189647,67.171000000,100,1410,1215,31,0
9029,90.290188877,67.171000000,100,1410,1215,31,0
9030,90.300190683,67.171000000,100,1410,1215,31,0
9031,90.310188862,67.171000000,100,1410,1215,31,0
9032,90.320189685,67.171000000,100,1410,1215,31,0
9033,90.330188946,67.171000000,100,1410,1215,31,0
9034,90.340189158,67.171000000,100,1410,1215,31,0
9035,90.350189852,66.864000000,100,1410,1215,31,0
9036,90.360190715,66.864000000,100,1410,1215,31,0
9037,90.370189575,66.864000000,100,1410,1215,31,0
9038,90.380188866,66.864000000,100,1410,1215,31,0
9039,90.390190231,66.864000000,100,1410,1215,31,0
9040,90.400189531,66.864000000,100,1410,1215,31,0
9041,90.410189533,66.864000000,100,1410,1215,31,0
9042,90.420189044,66.864000000,100,1410,1215,31,0
9043,90.430189588,66.864000000,100,1410,1215,31,0
9044,90.440188778,66.864000000,100,1410,1215,31,0
9045,90.450189241,66.657000000,100,1410,1215,31,0
9046,90.460190676,66.657000000,100,1410,1215,31,0
9047,90.470190327,66.657000000,100,1410,1215,31,0
9048,90.480190039,66.657000000,100,1410,1215,31,0
9049,90.490190411,66.657000000,100,1410,1215,31,0
9050,90.500188240,66.657000000,100,1410,1215,31,0
9051,90.510189053,66.657000000,100,1410,1215,31,0
9052,90.520189225,66.657000000,100,1410,1215,31,0
9053,90.530188917,66.657000000,100,1410,1215,31,0
9054,90.540188989,66.657000000,100,1410,1215,31,0
9055,90.550189512,66.676000000,100,1410,1215,31,0
9056,90.560190396,66.676000000,100,1410,1215,31,0
9057,90.570189045,66.676000000,100,1410,1215,31,0
9058,90.580188406,66.676000000,100,1410,1215,31,0
9059,90.590188719,66.676000000,100,1410,1215,31,0
9060,90.600188581,66.676000000,100,1410,1215,31,0
9061,90.610190797,66.676000000,100,1410,1215,31,0
9062,90.620189376,66.676000000,100,1410,1215,31,0
9063,90.630188978,66.676000000,100,1410,1215,31,0
9064,90.640193007,66.676000000,100,1410,1215,31,0
9065,90.650189963,66.981000000,100,1410,1215,31,0
9066,90.660189024,66.981000000,100,1410,1215,31,0
9067,90.670188204,66.981000000,100,1410,1215,31,0
9068,90.680188837,66.981000000,100,1410,1215,31,0
9069,90.690188820,66.981000000,100,1410,1215,31,0
9070,90.700189463,66.981000000,100,1410,1215,31,0
9071,90.710188303,66.981000000,100,1410,1215,31,0
9072,90.720189156,66.981000000,100,1410,1215,31,0
9073,90.730192865,66.981000000,100,1410,1215,31,0
9074,90.740193909,66.981000000,100,1410,1215,31,0
9075,90.750189794,67.060000000,100,1410,1215,31,0
9076,90.760189585,67.060000000,100,1410,1215,31,0
9077,90.770193505,67.060000000,100,1410,1215,31,0
9078,90.780189660,67.060000000,100,1410,1215,31,0
9079,90.790189351,67.060000000,100,1410,1215,31,0
9080,90.800189433,67.060000000,100,1410,1215,31,0
9081,90.810188985,67.060000000,100,1410,1215,31,0
9082,90.820189898,67.060000000,100,1410,1215,31,0
9083,90.830189590,67.060000000,100,1410,1215,31,0
9084,90.840189431,67.060000000,100,1410,1215,31,0
9085,90.850189273,67.079000000,100,1410,1215,31,0
9086,90.860189746,67.079000000,100,1410,1215,31,0
9087,90.870189778,67.079000000,100,1410,1215,31,0
9088,90.880188668,67.079000000,100,1410,1215,31,0
9089,90.890193960,67.079000000,100,1410,1215,31,0
9090,90.900189414,67.079000000,100,1410,1215,31,0
9091,90.910190117,67.079000000,100,1410,1215,31,0
9092,90.920190039,67.079000000,100,1410,1215,31,0
9093,90.930189981,67.079000000,100,1410,1215,31,0
9094,90.940190224,67.079000000,100,1410,1215,31,0
9095,90.950189063,66.981000000,100,1410,1215,31,0
9096,90.960190699,66.981000000,100,1410,1215,31,0
9097,90.970189017,66.981000000,100,1410,1215,31,0
9098,90.980188148,66.981000000,100,1410,1215,31,0
9099,90.990188891,66.981000000,100,1410,1215,31,0
9100,91.000188773,66.981000000,100,1410,1215,31,0
9101,91.010188104,66.981000000,100,1410,1215,31,0
9102,91.020188246,66.981000000,100,1410,1215,31,0
9103,91.030189390,66.981000000,100,1410,1215,31,0
9104,91.040189182,66.981000000,100,1410,1215,31,0
9105,91.050190346,66.865000000,100,1410,1215,31,0
9106,91.060189898,66.865000000,100,1410,1215,31,0
9107,91.070188768,66.865000000,100,1410,1215,31,0
9108,91.080189270,66.865000000,100,1410,1215,31,0
9109,91.090189493,66.865000000,100,1410,1215,31,0
9110,91.100190236,66.865000000,100,1410,1215,31,0
9111,91.110188986,66.865000000,100,1410,1215,31,0
9112,91.120189479,66.865000000,100,1410,1215,31,0
9113,91.130191555,66.865000000,100,1410,1215,31,0
9114,91.140188411,66.865000000,100,1410,1215,31,0
9115,91.150189115,66.962000000,100,1410,1215,31,0
9116,91.160190870,66.962000000,100,1410,1215,31,0
9117,91.170189910,66.962000000,100,1410,1215,31,0
9118,91.180189792,66.962000000,100,1410,1215,31,0
9119,91.190190536,66.962000000,100,1410,1215,31,0
9120,91.200188634,66.962000000,100,1410,1215,31,0
9121,91.210193876,66.962000000,100,1410,1215,31,0
9122,91.220189760,66.962000000,100,1410,1215,31,0
9123,91.230189411,66.962000000,100,1410,1215,31,0
9124,91.240193201,66.962000000,100,1410,1215,31,0
9125,91.250190588,66.865000000,100,1410,1215,31,0
9126,91.260190740,66.865000000,100,1410,1215,31,0
9127,91.270189901,66.865000000,100,1410,1215,31,0
9128,91.280189372,66.865000000,100,1410,1215,31,0
9129,91.290189304,66.865000000,100,1410,1215,31,0
9130,91.300193734,66.865000000,100,1410,1215,31,0
9131,91.310190019,66.865000000,100,1410,1215,31,0
9132,91.320190462,66.865000000,100,1410,1215,31,0
9133,91.330189172,66.865000000,100,1410,1215,31,0
9134,91.340189074,66.865000000,100,1410,1215,31,0
9135,91.350189126,66.767000000,100,1410,1215,31,0
9136,91.360190370,66.767000000,100,1410,1215,31,0
9137,91.370189010,66.767000000,100,1410,1215,31,0
9138,91.380189432,66.767000000,100,1410,1215,31,0
9139,91.390375554,66.767000000,100,1410,1215,31,0
9140,91.400189567,66.767000000,100,1410,1215,31,0
9141,91.410188887,66.767000000,100,1410,1215,31,0
9142,91.420188419,66.767000000,100,1410,1215,31,0
9143,91.430189653,66.767000000,100,1410,1215,31,0
9144,91.440189174,66.767000000,100,1410,1215,31,0
9145,91.450189857,66.883000000,100,1410,1215,31,0
9146,91.460188377,66.883000000,100,1410,1215,31,0
9147,91.470192517,66.883000000,100,1410,1215,31,0
9148,91.480187389,66.883000000,100,1410,1215,31,0
9149,91.490189385,66.883000000,100,1410,1215,31,0
9150,91.500188706,66.883000000,100,1410,1215,31,0
9151,91.510186974,66.883000000,100,1410,1215,31,0
9152,91.520187898,66.883000000,100,1410,1215,31,0
9153,91.530188171,66.883000000,100,1410,1215,31,0
9154,91.540192281,66.883000000,100,1410,1215,31,0
9155,91.550189758,67.059000000,100,1410,1215,31,0
9156,91.560188778,67.059000000,100,1410,1215,31,0
9157,91.570188890,67.059000000,100,1410,1215,31,0
9158,91.580192309,67.059000000,100,1410,1215,31,0
9159,91.590189405,67.059000000,100,1410,1215,31,0
9160,91.600189488,67.059000000,100,1410,1215,31,0
9161,91.610188979,67.059000000,100,1410,1215,31,0
9162,91.620189181,67.059000000,100,1410,1215,31,0
9163,91.630189734,67.059000000,100,1410,1215,31,0
9164,91.640189476,67.059000000,100,1410,1215,31,0
9165,91.650190891,66.865000000,100,1410,1215,31,0
9166,91.660189871,66.865000000,100,1410,1215,31,0
9167,91.670190063,66.865000000,100,1410,1215,31,0
9168,91.680189434,66.865000000,100,1410,1215,31,0
9169,91.690188885,66.865000000,100,1410,1215,31,0
9170,91.700193876,66.865000000,100,1410,1215,31,0
9171,91.710189470,66.865000000,100,1410,1215,31,0
9172,91.720188971,66.865000000,100,1410,1215,31,0
9173,91.730189605,66.865000000,100,1410,1215,31,0
9174,91.740188314,66.865000000,100,1410,1215,31,0
9175,91.750188957,66.969000000,100,1410,1215,31,0
9176,91.760188749,66.969000000,100,1410,1215,31,0
9177,91.770188320,66.969000000,100,1410,1215,31,0
9178,91.780188002,66.969000000,100,1410,1215,31,0
9179,91.790188645,66.969000000,100,1410,1215,31,0
9180,91.800188597,66.969000000,100,1410,1215,31,0
9181,91.810188058,66.969000000,100,1410,1215,31,0
9182,91.820188701,66.969000000,100,1410,1215,31,0
9183,91.830189625,66.969000000,100,1410,1215,31,0
9184,91.840193534,66.969000000,100,1410,1215,31,0
9185,91.850189359,66.846000000,100,1410,1215,31,0
9186,91.860190352,66.846000000,100,1410,1215,31,0
9187,91.870190214,66.846000000,100,1410,1215,31,0
9188,91.880193643,66.846000000,100,1410,1215,31,0
9189,91.890190198,66.846000000,100,1410,1215,31,0
9190,91.900189469,66.846000000,100,1410,1215,31,0
9191,91.910188780,66.846000000,100,1410,1215,31,0
9192,91.920189253,66.846000000,100,1410,1215,31,0
9193,91.930188383,66.846000000,100,1410,1215,31,0
9194,91.940188806,66.846000000,100,1410,1215,31,0
9195,91.950189690,66.864000000,100,1410,1215,31,0
9196,91.960189692,66.864000000,100,1410,1215,31,0
9197,91.970188632,66.864000000,100,1410,1215,31,0
9198,91.980188113,66.864000000,100,1410,1215,31,0
9199,91.990188546,66.864000000,100,1410,1215,31,0
9200,92.000187906,66.864000000,100,1410,1215,31,0
9201,92.010187929,66.864000000,100,1410,1215,31,0
9202,92.020188372,66.864000000,100,1410,1215,31,0
9203,92.030193052,66.864000000,100,1410,1215,31,0
9204,92.040187905,66.864000000,100,1410,1215,31,0
9205,92.050188668,66.957000000,100,1410,1215,31,0
9206,92.060191225,66.957000000,100,1410,1215,31,0
9207,92.070192700,66.957000000,100,1410,1215,31,0
9208,92.080189596,66.957000000,100,1410,1215,31,0
9209,92.090188967,66.957000000,100,1410,1215,31,0
9210,92.100189690,66.957000000,100,1410,1215,31,0
9211,92.110189041,66.957000000,100,1410,1215,31,0
9212,92.120189143,66.957000000,100,1410,1215,31,0
9213,92.130193504,66.957000000,100,1410,1215,31,0
9214,92.140186522,66.957000000,100,1410,1215,31,0
9215,92.150190412,66.982000000,100,1410,1215,31,0
9216,92.160190714,66.982000000,100,1410,1215,31,0
9217,92.170188663,66.982000000,100,1410,1215,31,0
9218,92.180193243,66.982000000,100,1410,1215,31,0
9219,92.190189038,66.982000000,100,1410,1215,31,0
9220,92.200192346,66.982000000,100,1410,1215,31,0
9221,92.210189272,66.982000000,100,1410,1215,31,0
9222,92.220192861,66.982000000,100,1410,1215,31,0
9223,92.230189286,66.982000000,100,1410,1215,31,0
9224,92.240189018,66.982000000,100,1410,1215,31,0
9225,92.250190583,66.980000000,100,1410,1215,31,0
9226,92.260189733,66.980000000,100,1410,1215,31,0
9227,92.270188152,66.980000000,100,1410,1215,31,0
9228,92.280189537,66.980000000,100,1410,1215,31,0
9229,92.290193216,66.980000000,100,1410,1215,31,0
9230,92.300189090,66.980000000,100,1410,1215,31,0
9231,92.310188130,66.980000000,100,1410,1215,31,0
9232,92.320188754,66.980000000,100,1410,1215,31,0
9233,92.330188265,66.980000000,100,1410,1215,31,0
9234,92.340187886,66.980000000,100,1410,1215,31,0
9235,92.350189050,66.957000000,100,1410,1215,31,0
9236,92.360190214,66.957000000,100,1410,1215,31,0
9237,92.370188493,66.957000000,100,1410,1215,31,0
9238,92.380188395,66.957000000,100,1410,1215,31,0
9239,92.390188257,66.957000000,100,1410,1215,31,0
9240,92.400187868,66.957000000,100,1410,1215,31,0
9241,92.410189413,66.957000000,100,1410,1215,31,0
9242,92.420192992,66.957000000,100,1410,1215,31,0
9243,92.430189107,66.957000000,100,1410,1215,31,0
9244,92.440189089,66.957000000,100,1410,1215,31,0
9245,92.450189522,66.982000000,100,1410,1215,31,0
9246,92.460190465,66.982000000,100,1410,1215,31,0
9247,92.470190057,66.982000000,100,1410,1215,31,0
9248,92.480188987,66.982000000,100,1410,1215,31,0
9249,92.490188508,66.982000000,100,1410,1215,31,0
9250,92.500189412,66.982000000,100,1410,1215,31,0
9251,92.510189133,66.982000000,100,1410,1215,31,0
9252,92.520188574,66.982000000,100,1410,1215,31,0
9253,92.530189157,66.982000000,100,1410,1215,31,0
9254,92.540189310,66.982000000,100,1410,1215,31,0
9255,92.550190524,66.864000000,100,1410,1215,31,0
9256,92.560194473,66.864000000,100,1410,1215,31,0
9257,92.570189837,66.864000000,100,1410,1215,31,0
9258,92.580189168,66.864000000,100,1410,1215,31,0
9259,92.590188969,66.864000000,100,1410,1215,31,0
9260,92.600188841,66.864000000,100,1410,1215,31,0
9261,92.610186338,66.864000000,100,1410,1215,31,0
9262,92.620189025,66.864000000,100,1410,1215,31,0
9263,92.630189238,66.864000000,100,1410,1215,31,0
9264,92.640187988,66.864000000,100,1410,1215,31,0
9265,92.650189843,66.676000000,100,1410,1215,31,0
9266,92.660189795,66.676000000,100,1410,1215,31,0
9267,92.670189146,66.676000000,100,1410,1215,31,0
9268,92.680189298,66.676000000,100,1410,1215,31,0
9269,92.690192596,66.676000000,100,1410,1215,31,0
9270,92.700189382,66.676000000,100,1410,1215,31,0
9271,92.710188252,66.676000000,100,1410,1215,31,0
9272,92.720188565,66.676000000,100,1410,1215,31,0
9273,92.730192595,66.676000000,100,1410,1215,31,0
9274,92.740189371,66.676000000,100,1410,1215,31,0
9275,92.750190354,66.767000000,100,1410,1215,31,0
9276,92.760190918,66.767000000,100,1410,1215,31,0
9277,92.770188315,66.767000000,100,1410,1215,31,0
9278,92.780194228,66.767000000,100,1410,1215,31,0
9279,92.790190493,66.767000000,100,1410,1215,31,0
9280,92.800189032,66.767000000,100,1410,1215,31,0
9281,92.810189014,66.767000000,100,1410,1215,31,0
9282,92.820189307,66.767000000,100,1410,1215,31,0
9283,92.830189419,66.767000000,100,1410,1215,31,0
9284,92.840188990,66.767000000,100,1410,1215,31,0
9285,92.851056139,66.962000000,100,1410,1215,31,0
9286,92.860189956,66.962000000,100,1410,1215,31,0
9287,92.870188265,66.962000000,100,1410,1215,31,0
9288,92.880188267,66.962000000,100,1410,1215,31,0
9289,92.890188670,66.962000000,100,1410,1215,31,0
9290,92.900189343,66.962000000,100,1410,1215,31,0
9291,92.910188013,66.962000000,100,1410,1215,31,0
9292,92.920188836,66.962000000,100,1410,1215,31,0
9293,92.930187816,66.962000000,100,1410,1215,31,0
9294,92.940188289,66.962000000,100,1410,1215,31,0
9295,92.950189353,67.055000000,100,1410,1215,31,0
9296,92.960190908,67.055000000,100,1410,1215,31,0
9297,92.970188065,67.055000000,100,1410,1215,31,0
9298,92.980189279,67.055000000,100,1410,1215,31,0
9299,92.990188931,67.055000000,100,1410,1215,31,0
9300,93.000189163,67.055000000,100,1410,1215,31,0
9301,93.010188664,67.055000000,100,1410,1215,31,0
9302,93.020188516,67.055000000,100,1410,1215,31,0
9303,93.030188037,67.055000000,100,1410,1215,31,0
9304,93.040187598,67.055000000,100,1410,1215,31,0
9305,93.050190225,67.055000000,100,1410,1215,31,0
9306,93.060190428,67.079000000,100,1410,1215,31,0
9307,93.070193355,67.079000000,100,1410,1215,31,0
9308,93.080188729,67.079000000,100,1410,1215,31,0
9309,93.090191075,67.079000000,100,1410,1215,31,0
9310,93.100189053,67.079000000,100,1410,1215,31,0
9311,93.110188515,67.079000000,100,1410,1215,31,0
9312,93.120187755,67.079000000,100,1410,1215,31,0
9313,93.130188238,67.079000000,100,1410,1215,31,0
9314,93.140188150,67.079000000,100,1410,1215,31,0
9315,93.150193412,67.079000000,100,1410,1215,31,0
9316,93.160189787,67.078000000,100,1410,1215,31,0
9317,93.170188737,67.078000000,100,1410,1215,31,0
9318,93.180189641,67.078000000,100,1410,1215,31,0
9319,93.190188180,67.078000000,100,1410,1215,31,0
9320,93.200189865,67.078000000,100,1410,1215,31,0
9321,93.210188936,67.078000000,100,1410,1215,31,0
9322,93.220188888,67.078000000,100,1410,1215,31,0
9323,93.230189391,67.078000000,100,1410,1215,31,0
9324,93.240189062,67.078000000,100,1410,1215,31,0
9325,93.250189555,67.078000000,100,1410,1215,31,0
9326,93.260190930,66.962000000,100,1410,1215,31,0
9327,93.270189830,66.962000000,100,1410,1215,31,0
9328,93.280189110,66.962000000,100,1410,1215,31,0
9329,93.290190435,66.962000000,100,1410,1215,31,0
9330,93.300195055,66.962000000,100,1410,1215,31,0
9331,93.310192473,66.962000000,100,1410,1215,31,0
9332,93.320188527,66.962000000,100,1410,1215,31,0
9333,93.330193008,66.962000000,100,1410,1215,31,0
9334,93.340189914,66.962000000,100,1410,1215,31,0
9335,93.350189515,66.962000000,100,1410,1215,31,0
9336,93.360190379,66.962000000,100,1410,1215,31,0
9337,93.370188958,66.962000000,100,1410,1215,31,0
9338,93.380194020,66.962000000,100,1410,1215,31,0
9339,93.390189273,66.962000000,100,1410,1215,31,0
9340,93.400190107,66.962000000,100,1410,1215,31,0
9341,93.410193425,66.962000000,100,1410,1215,31,0
9342,93.420190081,66.962000000,100,1410,1215,31,0
9343,93.430189993,66.962000000,100,1410,1215,31,0
9344,93.440189774,66.962000000,100,1410,1215,31,0
9345,93.450190017,66.865000000,100,1410,1215,31,0
9346,93.460190760,66.865000000,100,1410,1215,31,0
9347,93.470189219,66.865000000,100,1410,1215,31,0
9348,93.480189933,66.865000000,100,1410,1215,31,0
9349,93.490189614,66.865000000,100,1410,1215,31,0
9350,93.500188915,66.865000000,100,1410,1215,31,0
9351,93.510189698,66.865000000,100,1410,1215,31,0
9352,93.520189430,66.865000000,100,1410,1215,31,0
9353,93.530190113,66.865000000,100,1410,1215,31,0
9354,93.540189905,66.865000000,100,1410,1215,31,0
9355,93.550189957,66.767000000,100,1410,1215,31,0
9356,93.560191001,66.767000000,100,1410,1215,31,0
9357,93.570189670,66.767000000,100,1410,1215,31,0
9358,93.580189933,66.767000000,100,1410,1215,31,0
9359,93.590189043,66.767000000,100,1410,1215,31,0
9360,93.600189707,66.767000000,100,1410,1215,31,0
9361,93.610188717,66.767000000,100,1410,1215,31,0
9362,93.620189831,66.767000000,100,1410,1215,31,0
9363,93.630188781,66.767000000,100,1410,1215,31,0
9364,93.640189655,66.767000000,100,1410,1215,31,0
9365,93.650190959,66.981000000,100,1410,1215,31,0
9366,93.660190581,66.981000000,100,1410,1215,31,0
9367,93.670189661,66.981000000,100,1410,1215,31,0
9368,93.680189863,66.981000000,100,1410,1215,31,0
9369,93.690193502,66.981000000,100,1410,1215,31,0
9370,93.700189877,66.981000000,100,1410,1215,31,0
9371,93.710189288,66.981000000,100,1410,1215,31,0
9372,93.720190072,66.981000000,100,1410,1215,31,0
9373,93.730189863,66.981000000,100,1410,1215,31,0
9374,93.740189074,66.981000000,100,1410,1215,31,0
9375,93.750190148,66.982000000,100,1410,1215,31,0
9376,93.760190180,66.982000000,100,1410,1215,31,0
9377,93.770193679,66.982000000,100,1410,1215,31,0
9378,93.780189703,66.982000000,100,1410,1215,31,0
9379,93.790189204,66.982000000,100,1410,1215,31,0
9380,93.800190008,66.982000000,100,1410,1215,31,0
9381,93.810189038,66.982000000,100,1410,1215,31,0
9382,93.820190323,66.982000000,100,1410,1215,31,0
9383,93.830190645,66.982000000,100,1410,1215,31,0
9384,93.840189375,66.982000000,100,1410,1215,31,0
9385,93.850189477,67.091000000,100,1410,1215,31,0
9386,93.860190852,67.091000000,100,1410,1215,31,0
9387,93.870189722,67.091000000,100,1410,1215,31,0
9388,93.880189393,67.091000000,100,1410,1215,31,0
9389,93.890194154,67.091000000,100,1410,1215,31,0
9390,93.900189437,67.091000000,100,1410,1215,31,0
9391,93.910189429,67.091000000,100,1410,1215,31,0
9392,93.920188740,67.091000000,100,1410,1215,31,0
9393,93.930192218,67.091000000,100,1410,1215,31,0
9394,93.940188674,67.091000000,100,1410,1215,31,0
9395,93.950190720,66.870000000,100,1410,1215,31,0
9396,93.960189490,66.870000000,100,1410,1215,31,0
9397,93.970189011,66.870000000,100,1410,1215,31,0
9398,93.980188442,66.870000000,100,1410,1215,31,0
9399,93.990189195,66.870000000,100,1410,1215,31,0
9400,94.000189658,66.870000000,100,1410,1215,31,0
9401,94.010188969,66.870000000,100,1410,1215,31,0
9402,94.020189371,66.870000000,100,1410,1215,31,0
9403,94.030188642,66.870000000,100,1410,1215,31,0
9404,94.040192862,66.870000000,100,1410,1215,31,0
9405,94.050190910,66.864000000,100,1410,1215,31,0
9406,94.060189620,66.864000000,100,1410,1215,31,0
9407,94.070189211,66.864000000,100,1410,1215,31,0
9408,94.080188582,66.864000000,100,1410,1215,31,0
9409,94.090189195,66.864000000,100,1410,1215,31,0
9410,94.100193365,66.864000000,100,1410,1215,31,0
9411,94.110190292,66.864000000,100,1410,1215,31,0
9412,94.120193429,66.864000000,100,1410,1215,31,0
9413,94.130189304,66.864000000,100,1410,1215,31,0
9414,94.140190087,66.864000000,100,1410,1215,31,0
9415,94.150190340,67.060000000,100,1410,1215,31,0
9416,94.160190041,67.060000000,100,1410,1215,31,0
9417,94.170189342,67.060000000,100,1410,1215,31,0
9418,94.180188683,67.060000000,100,1410,1215,31,0
9419,94.190189616,67.060000000,100,1410,1215,31,0
9420,94.200192895,67.060000000,100,1410,1215,31,0
9421,94.210189430,67.060000000,100,1410,1215,31,0
9422,94.220188460,67.060000000,100,1410,1215,31,0
9423,94.230193913,67.060000000,100,1410,1215,31,0
9424,94.240191911,67.060000000,100,1410,1215,31,0
9425,94.250190190,66.962000000,100,1410,1215,31,0
9426,94.260190973,66.962000000,100,1410,1215,31,0
9427,94.270189412,66.962000000,100,1410,1215,31,0
9428,94.280189344,66.962000000,100,1410,1215,31,0
9429,94.290189326,66.962000000,100,1410,1215,31,0
9430,94.300189609,66.962000000,100,1410,1215,31,0
9431,94.310193137,66.962000000,100,1410,1215,31,0
9432,94.320189663,66.962000000,100,1410,1215,31,0
9433,94.330192841,66.962000000,100,1410,1215,31,0
9434,94.340190148,66.962000000,100,1410,1215,31,0
9435,94.350190290,66.865000000,100,1410,1215,31,0
9436,94.360190683,66.865000000,100,1410,1215,31,0
9437,94.370190014,66.865000000,100,1410,1215,31,0
9438,94.380193182,66.865000000,100,1410,1215,31,0
9439,94.390189487,66.865000000,100,1410,1215,31,0
9440,94.400194508,66.865000000,100,1410,1215,31,0
9441,94.410189220,66.865000000,100,1410,1215,31,0
9442,94.420189924,66.865000000,100,1410,1215,31,0
9443,94.430189595,66.865000000,100,1410,1215,31,0
9444,94.440189437,66.865000000,100,1410,1215,31,0
9445,94.450190501,67.059000000,100,1410,1215,31,0
9446,94.460190222,67.059000000,100,1410,1215,31,0
9447,94.470189273,67.059000000,100,1410,1215,31,0
9448,94.480193332,67.059000000,100,1410,1215,31,0
9449,94.490189106,67.059000000,100,1410,1215,31,0
9450,94.500191673,67.059000000,100,1410,1215,31,0
9451,94.510189431,67.059000000,100,1410,1215,31,0
9452,94.520188922,67.059000000,100,1410,1215,31,0
9453,94.530188604,67.059000000,100,1410,1215,31,0
9454,94.540189006,67.059000000,100,1410,1215,31,0
9455,94.550189089,67.072000000,100,1410,1215,31,0
9456,94.560190904,67.072000000,100,1410,1215,31,0
9457,94.570188331,67.072000000,100,1410,1215,31,0
9458,94.580189175,67.072000000,100,1410,1215,31,0
9459,94.590188856,67.072000000,100,1410,1215,31,0
9460,94.600189379,67.072000000,100,1410,1215,31,0
9461,94.610189061,67.072000000,100,1410,1215,31,0
9462,94.620189283,67.072000000,100,1410,1215,31,0
9463,94.630189215,67.072000000,100,1410,1215,31,0
9464,94.640189067,67.072000000,100,1410,1215,31,0
9465,94.650190953,66.963000000,100,1410,1215,31,0
9466,94.660190594,66.963000000,100,1410,1215,31,0
9467,94.670193431,66.963000000,100,1410,1215,31,0
9468,94.680189155,66.963000000,100,1410,1215,31,0
9469,94.690188957,66.963000000,100,1410,1215,31,0
9470,94.700193447,66.963000000,100,1410,1215,31,0
9471,94.710190534,66.963000000,100,1410,1215,31,0
9472,94.720189153,66.963000000,100,1410,1215,31,0
9473,94.730189867,66.963000000,100,1410,1215,31,0
9474,94.740190019,66.963000000,100,1410,1215,31,0
9475,94.750190352,66.767000000,100,1410,1215,31,0
9476,94.760189532,66.767000000,100,1410,1215,31,0
9477,94.770194003,66.767000000,100,1410,1215,31,0
9478,94.780189416,66.767000000,100,1410,1215,31,0
9479,94.790189829,66.767000000,100,1410,1215,31,0
9480,94.800189079,66.767000000,100,1410,1215,31,0
9481,94.810189071,66.767000000,100,1410,1215,31,0
9482,94.820189685,66.767000000,100,1410,1215,31,0
9483,94.830190258,66.767000000,100,1410,1215,31,0
9484,94.840189368,66.767000000,100,1410,1215,31,0
9485,94.850190662,66.767000000,100,1410,1215,31,0
9486,94.860190735,66.767000000,100,1410,1215,31,0
9487,94.870189474,66.767000000,100,1410,1215,31,0
9488,94.880188955,66.767000000,100,1410,1215,31,0
9489,94.890193556,66.767000000,100,1410,1215,31,0
9490,94.900189871,66.767000000,100,1410,1215,31,0
9491,94.910189873,66.767000000,100,1410,1215,31,0
9492,94.920188863,66.767000000,100,1410,1215,31,0
9493,94.930189086,66.767000000,100,1410,1215,31,0
9494,94.940189188,66.767000000,100,1410,1215,31,0
9495,94.950189450,66.980000000,100,1410,1215,31,0
9496,94.960188992,66.980000000,100,1410,1215,31,0
9497,94.970188994,66.980000000,100,1410,1215,31,0
9498,94.980187763,66.980000000,100,1410,1215,31,0
9499,94.990188988,66.980000000,100,1410,1215,31,0
9500,95.000192486,66.980000000,100,1410,1215,31,0
9501,95.010189803,66.980000000,100,1410,1215,31,0
9502,95.020188072,66.980000000,100,1410,1215,31,0
9503,95.030188856,66.980000000,100,1410,1215,31,0
9504,95.040187986,66.980000000,100,1410,1215,31,0
9505,95.050189411,66.976000000,100,1410,1215,31,0
9506,95.060191036,66.976000000,100,1410,1215,31,0
9507,95.070189956,66.976000000,100,1410,1215,31,0
9508,95.080189016,66.976000000,100,1410,1215,31,0
9509,95.090189259,66.976000000,100,1410,1215,31,0
9510,95.100189331,66.976000000,100,1410,1215,31,0
9511,95.110188201,66.976000000,100,1410,1215,31,0
9512,95.120188293,66.976000000,100,1410,1215,31,0
9513,95.130192773,66.976000000,100,1410,1215,31,0
9514,95.140188587,66.976000000,100,1410,1215,31,0
9515,95.150189962,67.059000000,100,1410,1215,31,0
9516,95.160190114,67.059000000,100,1410,1215,31,0
9517,95.170188493,67.059000000,100,1410,1215,31,0
9518,95.180188786,67.059000000,100,1410,1215,31,0
9519,95.190188828,67.059000000,100,1410,1215,31,0
9520,95.200189571,67.059000000,100,1410,1215,31,0
9521,95.210188752,67.059000000,100,1410,1215,31,0
9522,95.220193302,67.059000000,100,1410,1215,31,0
9523,95.230190209,67.059000000,100,1410,1215,31,0
9524,95.240193186,67.059000000,100,1410,1215,31,0
9525,95.250190253,66.943000000,100,1410,1215,31,0
9526,95.260189383,66.943000000,100,1410,1215,31,0
9527,95.270188544,66.943000000,100,1410,1215,31,0
9528,95.280192794,66.943000000,100,1410,1215,31,0
9529,95.290190291,66.943000000,100,1410,1215,31,0
9530,95.300188259,66.943000000,100,1410,1215,31,0
9531,95.310189303,66.943000000,100,1410,1215,31,0
9532,95.320189275,66.943000000,100,1410,1215,31,0
9533,95.330193094,66.943000000,100,1410,1215,31,0
9534,95.340188217,66.943000000,100,1410,1215,31,0
9535,95.350189812,66.773000000,100,1410,1215,31,0
9536,95.360190586,66.773000000,100,1410,1215,31,0
9537,95.370188233,66.773000000,100,1410,1215,31,0
9538,95.380188836,66.773000000,100,1410,1215,31,0
9539,95.390188277,66.773000000,100,1410,1215,31,0
9540,95.400188049,66.773000000,100,1410,1215,31,0
9541,95.410189654,66.773000000,100,1410,1215,31,0
9542,95.420188454,66.773000000,100,1410,1215,31,0
9543,95.430190420,66.773000000,100,1410,1215,31,0
9544,95.440189871,66.773000000,100,1410,1215,31,0
9545,95.450189502,66.773000000,100,1410,1215,31,0
9546,95.460190796,66.773000000,100,1410,1215,31,0
9547,95.470188754,66.773000000,100,1410,1215,31,0
9548,95.480192934,66.773000000,100,1410,1215,31,0
9549,95.490189761,66.773000000,100,1410,1215,31,0
9550,95.500189051,66.773000000,100,1410,1215,31,0
9551,95.510188993,66.773000000,100,1410,1215,31,0
9552,95.520192983,66.773000000,100,1410,1215,31,0
9553,95.530189148,66.773000000,100,1410,1215,31,0
9554,95.540188458,66.773000000,100,1410,1215,31,0
9555,95.550189903,66.864000000,100,1410,1215,31,0
9556,95.560190306,66.864000000,100,1410,1215,31,0
9557,95.570188875,66.864000000,100,1410,1215,31,0
9558,95.580192865,66.864000000,100,1410,1215,31,0
9559,95.590189310,66.864000000,100,1410,1215,31,0
9560,95.600192368,66.864000000,100,1410,1215,31,0
9561,95.610189354,66.864000000,100,1410,1215,31,0
9562,95.620192632,66.864000000,100,1410,1215,31,0
9563,95.630189458,66.864000000,100,1410,1215,31,0
9564,95.640192546,66.864000000,100,1410,1215,31,0
9565,95.650189953,66.963000000,100,1410,1215,31,0
9566,95.660190106,66.963000000,100,1410,1215,31,0
9567,95.670188815,66.963000000,100,1410,1215,31,0
9568,95.680192765,66.963000000,100,1410,1215,31,0
9569,95.690188849,66.963000000,100,1410,1215,31,0
9570,95.700192749,66.963000000,100,1410,1215,31,0
9571,95.710189004,66.963000000,100,1410,1215,31,0
9572,95.720189527,66.963000000,100,1410,1215,31,0
9573,95.730188447,66.963000000,100,1410,1215,31,0
9574,95.740193328,66.963000000,100,1410,1215,31,0
9575,95.750189743,66.982000000,100,1410,1215,31,0
9576,95.760190537,66.982000000,100,1410,1215,31,0
9577,95.770189026,66.982000000,100,1410,1215,31,0
9578,95.780193496,66.982000000,100,1410,1215,31,0
9579,95.790188809,66.982000000,100,1410,1215,31,0
9580,95.800189102,66.982000000,100,1410,1215,31,0
9581,95.810192601,66.982000000,100,1410,1215,31,0
9582,95.820189707,66.982000000,100,1410,1215,31,0
9583,95.830189699,66.982000000,100,1410,1215,31,0
9584,95.840189461,66.982000000,100,1410,1215,31,0
9585,95.850189333,66.963000000,100,1410,1215,31,0
9586,95.860190457,66.963000000,100,1410,1215,31,0
9587,95.870189798,66.963000000,100,1410,1215,31,0
9588,95.880188597,66.963000000,100,1410,1215,31,0
9589,95.890192617,66.963000000,100,1410,1215,31,0
9590,95.900189433,66.963000000,100,1410,1215,31,0
9591,95.910189695,66.963000000,100,1410,1215,31,0
9592,95.920188725,66.963000000,100,1410,1215,31,0
9593,95.930189900,66.963000000,100,1410,1215,31,0
9594,95.940189251,66.963000000,100,1410,1215,31,0
9595,95.950190755,66.968000000,100,1410,1215,31,0
9596,95.960191359,66.968000000,100,1410,1215,31,0
9597,95.970189878,66.968000000,100,1410,1215,31,0
9598,95.980189720,66.968000000,100,1410,1215,31,0
9599,95.990189140,66.968000000,100,1410,1215,31,0
9600,96.000189223,66.968000000,100,1410,1215,31,0
9601,96.010192631,66.968000000,100,1410,1215,31,0
9602,96.020189036,66.968000000,100,1410,1215,31,0
9603,96.030189098,66.968000000,100,1410,1215,31,0
9604,96.040189311,66.968000000,100,1410,1215,31,0
9605,96.050190365,66.865000000,100,1410,1215,31,0
9606,96.060189425,66.865000000,100,1410,1215,31,0
9607,96.070189678,66.865000000,100,1410,1215,31,0
9608,96.080188457,66.865000000,100,1410,1215,31,0
9609,96.090189101,66.865000000,100,1410,1215,31,0
9610,96.100188602,66.865000000,100,1410,1215,31,0
9611,96.110188744,66.865000000,100,1410,1215,31,0
9612,96.120188996,66.865000000,100,1410,1215,31,0
9613,96.130192295,66.865000000,100,1410,1215,31,0
9614,96.140189622,66.865000000,100,1410,1215,31,0
9615,96.150190285,67.072000000,100,1410,1215,31,0
9616,96.160189986,67.072000000,100,1410,1215,31,0
9617,96.170188165,67.072000000,100,1410,1215,31,0
9618,96.180188858,67.072000000,100,1410,1215,31,0
9619,96.190188900,67.072000000,100,1410,1215,31,0
9620,96.200189443,67.072000000,100,1410,1215,31,0
9621,96.210188724,67.072000000,100,1410,1215,31,0
9622,96.220189598,67.072000000,100,1410,1215,31,0
9623,96.230189470,67.072000000,100,1410,1215,31,0
9624,96.240189291,67.072000000,100,1410,1215,31,0
9625,96.250189995,66.981000000,100,1410,1215,31,0
9626,96.260189576,66.981000000,100,1410,1215,31,0
9627,96.270189628,66.981000000,100,1410,1215,31,0
9628,96.280189109,66.981000000,100,1410,1215,31,0
9629,96.290188680,66.981000000,100,1410,1215,31,0
9630,96.300189724,66.981000000,100,1410,1215,31,0
9631,96.310190197,66.981000000,100,1410,1215,31,0
9632,96.320188666,66.981000000,100,1410,1215,31,0
9633,96.330189219,66.981000000,100,1410,1215,31,0
9634,96.340189271,66.981000000,100,1410,1215,31,0
9635,96.350190235,67.060000000,100,1410,1215,31,0
9636,96.360195417,67.060000000,100,1410,1215,31,0
9637,96.370189758,67.060000000,100,1410,1215,31,0
9638,96.380189630,67.060000000,100,1410,1215,31,0
9639,96.390189472,67.060000000,100,1410,1215,31,0
9640,96.400189053,67.060000000,100,1410,1215,31,0
9641,96.410189426,67.060000000,100,1410,1215,31,0
9642,96.420189739,67.060000000,100,1410,1215,31,0
9643,96.430190261,67.060000000,100,1410,1215,31,0
9644,96.440190123,67.060000000,100,1410,1215,31,0
9645,96.450190105,66.962000000,100,1410,1215,31,0
9646,96.460190518,66.962000000,100,1410,1215,31,0
9647,96.470189538,66.962000000,100,1410,1215,31,0
9648,96.480189590,66.962000000,100,1410,1215,31,0
9649,96.490189141,66.962000000,100,1410,1215,31,0
9650,96.500193382,66.962000000,100,1410,1215,31,0
9651,96.510189366,66.962000000,100,1410,1215,31,0
9652,96.520189849,66.962000000,100,1410,1215,31,0
9653,96.530193628,66.962000000,100,1410,1215,31,0
9654,96.540189653,66.962000000,100,1410,1215,31,0
9655,96.550190306,66.962000000,100,1410,1215,31,0
9656,96.560190128,67.054000000,100,1410,1215,31,0
9657,96.570189699,67.054000000,100,1410,1215,31,0
9658,96.580189761,67.054000000,100,1410,1215,31,0
9659,96.590190274,67.054000000,100,1410,1215,31,0
9660,96.600188663,67.054000000,100,1410,1215,31,0
9661,96.610189847,67.054000000,100,1410,1215,31,0
9662,96.620189869,67.054000000,100,1410,1215,31,0
9663,96.630190442,67.054000000,100,1410,1215,31,0
9664,96.640188971,67.054000000,100,1410,1215,31,0
9665,96.650190476,67.079000000,100,1410,1215,31,0
9666,96.660190498,67.079000000,100,1410,1215,31,0
9667,96.670189368,67.079000000,100,1410,1215,31,0
9668,96.680189160,67.079000000,100,1410,1215,31,0
9669,96.690189633,67.079000000,100,1410,1215,31,0
9670,96.700190517,67.079000000,100,1410,1215,31,0
9671,96.710193684,67.079000000,100,1410,1215,31,0
9672,96.720192905,67.079000000,100,1410,1215,31,0
9673,96.730189831,67.079000000,100,1410,1215,31,0
9674,96.740189473,67.079000000,100,1410,1215,31,0
9675,96.750194995,66.865000000,100,1410,1215,31,0
9676,96.760190028,66.865000000,100,1410,1215,31,0
9677,96.770189108,66.865000000,100,1410,1215,31,0
9678,96.780190012,66.865000000,100,1410,1215,31,0
9679,96.790189332,66.865000000,100,1410,1215,31,0
9680,96.800188753,66.865000000,100,1410,1215,31,0
9681,96.810190008,66.865000000,100,1410,1215,31,0
9682,96.820193827,66.865000000,100,1410,1215,31,0
9683,96.830189421,66.865000000,100,1410,1215,31,0
9684,96.840189703,66.865000000,100,1410,1215,31,0
9685,96.850190527,66.865000000,100,1410,1215,31,0
9686,96.860194917,66.773000000,100,1410,1215,31,0
9687,96.870189689,66.773000000,100,1410,1215,31,0
9688,96.880193959,66.773000000,100,1410,1215,31,0
9689,96.890190765,66.773000000,100,1410,1215,31,0
9690,96.900189816,66.773000000,100,1410,1215,31,0
9691,96.910189828,66.773000000,100,1410,1215,31,0
9692,96.920189249,66.773000000,100,1410,1215,31,0
9693,96.930188780,66.773000000,100,1410,1215,31,0
9694,96.940188371,66.773000000,100,1410,1215,31,0
9695,96.950193042,66.773000000,100,1410,1215,31,0
9696,96.960189607,66.883000000,100,1410,1215,31,0
9697,96.970188968,66.883000000,100,1410,1215,31,0
9698,96.980189020,66.883000000,100,1410,1215,31,0
9699,96.990189022,66.883000000,100,1410,1215,31,0
9700,97.000188603,66.883000000,100,1410,1215,31,0
9701,97.010188355,66.883000000,100,1410,1215,31,0
9702,97.020189178,66.883000000,100,1410,1215,31,0
9703,97.030189832,66.883000000,100,1410,1215,31,0
9704,97.040188862,66.883000000,100,1410,1215,31,0
9705,97.050189245,66.883000000,100,1410,1215,31,0
9706,97.060190579,66.976000000,100,1410,1215,31,0
9707,97.070192785,66.976000000,100,1410,1215,31,0
9708,97.080189070,66.976000000,100,1410,1215,31,0
9709,97.090189093,66.976000000,100,1410,1215,31,0
9710,97.100188483,66.976000000,100,1410,1215,31,0
9711,97.110189317,66.976000000,100,1410,1215,31,0
9712,97.120189159,66.976000000,100,1410,1215,31,0
9713,97.130193238,66.976000000,100,1410,1215,31,0
9714,97.140190866,66.976000000,100,1410,1215,31,0
9715,97.150190387,66.962000000,100,1410,1215,31,0
9716,97.160190780,66.962000000,100,1410,1215,31,0
9717,97.170189299,66.962000000,100,1410,1215,31,0
9718,97.180189561,66.962000000,100,1410,1215,31,0
9719,97.190188762,66.962000000,100,1410,1215,31,0
9720,97.200188854,66.962000000,100,1410,1215,31,0
9721,97.210188966,66.962000000,100,1410,1215,31,0
9722,97.220193427,66.962000000,100,1410,1215,31,0
9723,97.230194280,66.962000000,100,1410,1215,31,0
9724,97.240188822,66.962000000,100,1410,1215,31,0
9725,97.250190668,66.962000000,100,1410,1215,31,0
9726,97.260193755,66.962000000,100,1410,1215,31,0
9727,97.270189359,66.962000000,100,1410,1215,31,0
9728,97.280193589,66.962000000,100,1410,1215,31,0
9729,97.290189794,66.962000000,100,1410,1215,31,0
9730,97.300189686,66.962000000,100,1410,1215,31,0
9731,97.310189508,66.962000000,100,1410,1215,31,0
9732,97.320193958,66.962000000,100,1410,1215,31,0
9733,97.330189942,66.962000000,100,1410,1215,31,0
9734,97.340190265,66.962000000,100,1410,1215,31,0
9735,97.350191048,66.962000000,100,1410,1215,31,0
9736,97.360190950,66.962000000,100,1410,1215,31,0
9737,97.370189620,66.962000000,100,1410,1215,31,0
9738,97.380189772,66.962000000,100,1410,1215,31,0
9739,97.390189594,66.962000000,100,1410,1215,31,0
9740,97.400189075,66.962000000,100,1410,1215,31,0
9741,97.410188406,66.962000000,100,1410,1215,31,0
9742,97.420188558,66.962000000,100,1410,1215,31,0
9743,97.430189051,66.962000000,100,1410,1215,31,0
9744,97.440189414,66.962000000,100,1410,1215,31,0
9745,97.450189977,66.962000000,100,1410,1215,31,0
9746,97.460190189,66.962000000,100,1410,1215,31,0
9747,97.470193858,66.962000000,100,1410,1215,31,0
9748,97.480190333,66.962000000,100,1410,1215,31,0
9749,97.490190476,66.962000000,100,1410,1215,31,0
9750,97.500190428,66.962000000,100,1410,1215,31,0
9751,97.510190139,66.962000000,100,1410,1215,31,0
9752,97.520189840,66.962000000,100,1410,1215,31,0
9753,97.530189652,66.962000000,100,1410,1215,31,0
9754,97.540190546,66.962000000,100,1410,1215,31,0
9755,97.550191490,66.865000000,100,1410,1215,31,0
9756,97.560191011,66.865000000,100,1410,1215,31,0
9757,97.570189560,66.865000000,100,1410,1215,31,0
9758,97.580189752,66.865000000,100,1410,1215,31,0
9759,97.590189674,66.865000000,100,1410,1215,31,0
9760,97.600190157,66.865000000,100,1410,1215,31,0
9761,97.610189288,66.865000000,100,1410,1215,31,0
9762,97.620189700,66.865000000,100,1410,1215,31,0
9763,97.630189362,66.865000000,100,1410,1215,31,0
9764,97.640190556,66.865000000,100,1410,1215,31,0
9765,97.650189997,66.773000000,100,1410,1215,31,0
9766,97.660189448,66.773000000,100,1410,1215,31,0
9767,97.670190001,66.773000000,100,1410,1215,31,0
9768,97.680189161,66.773000000,100,1410,1215,31,0
9769,97.690189985,66.773000000,100,1410,1215,31,0
9770,97.700188765,66.773000000,100,1410,1215,31,0
9771,97.710188747,66.773000000,100,1410,1215,31,0
9772,97.720189550,66.773000000,100,1410,1215,31,0
9773,97.730189382,66.773000000,100,1410,1215,31,0
9774,97.740189113,66.773000000,100,1410,1215,31,0
9775,97.750189156,66.962000000,100,1410,1215,31,0
9776,97.760190380,66.962000000,100,1410,1215,31,0
9777,97.770188679,66.962000000,100,1410,1215,31,0
9778,97.780193209,66.962000000,100,1410,1215,31,0
9779,97.790190306,66.962000000,100,1410,1215,31,0
9780,97.800188895,66.962000000,100,1410,1215,31,0
9781,97.810189258,66.962000000,100,1410,1215,31,0
9782,97.820189470,66.962000000,100,1410,1215,31,0
9783,97.830188460,66.962000000,100,1410,1215,31,0
9784,97.840188883,66.962000000,100,1410,1215,31,0
9785,97.850190408,66.864000000,100,1410,1215,31,0
9786,97.860190159,66.864000000,100,1410,1215,31,0
9787,97.870189460,66.864000000,100,1410,1215,31,0
9788,97.880188520,66.864000000,100,1410,1215,31,0
9789,97.890190126,66.864000000,100,1410,1215,31,0
9790,97.900189566,66.864000000,100,1410,1215,31,0
9791,97.910189108,66.864000000,100,1410,1215,31,0
9792,97.920189510,66.864000000,100,1410,1215,31,0
9793,97.930188250,66.864000000,100,1410,1215,31,0
9794,97.940188342,66.864000000,100,1410,1215,31,0
9795,97.950189476,66.864000000,100,1410,1215,31,0
9796,97.960188597,66.864000000,100,1410,1215,31,0
9797,97.970189210,66.864000000,100,1410,1215,31,0
9798,97.980190474,66.864000000,100,1410,1215,31,0
9799,97.990188973,66.864000000,100,1410,1215,31,0
9800,98.000193634,66.864000000,100,1410,1215,31,0
9801,98.010189478,66.864000000,100,1410,1215,31,0
9802,98.020189060,66.864000000,100,1410,1215,31,0
9803,98.030188030,66.864000000,100,1410,1215,31,0
9804,98.040189254,66.864000000,100,1410,1215,31,0
9805,98.050190027,66.864000000,100,1410,1215,31,0
9806,98.060188867,66.864000000,100,1410,1215,31,0
9807,98.070188919,66.864000000,100,1410,1215,31,0
9808,98.080189903,66.864000000,100,1410,1215,31,0
9809,98.090193422,66.864000000,100,1410,1215,31,0
9810,98.100189226,66.864000000,100,1410,1215,31,0
9811,98.110188547,66.864000000,100,1410,1215,31,0
9812,98.120188729,66.864000000,100,1410,1215,31,0
9813,98.130188390,66.864000000,100,1410,1215,31,0
9814,98.140189094,66.864000000,100,1410,1215,31,0
9815,98.150189937,67.079000000,100,1410,1215,31,0
9816,98.160190350,67.079000000,100,1410,1215,31,0
9817,98.170188358,67.079000000,100,1410,1215,31,0
9818,98.180188290,67.079000000,100,1410,1215,31,0
9819,98.190189244,67.079000000,100,1410,1215,31,0
9820,98.200189026,67.079000000,100,1410,1215,31,0
9821,98.210189669,67.079000000,100,1410,1215,31,0
9822,98.220193618,67.079000000,100,1410,1215,31,0
9823,98.230189172,67.079000000,100,1410,1215,31,0
9824,98.240188242,67.079000000,100,1410,1215,31,0
9825,98.250190468,67.170000000,100,1410,1215,31,0
9826,98.260189378,67.170000000,100,1410,1215,31,0
9827,98.270189721,67.170000000,100,1410,1215,31,0
9828,98.280189202,67.170000000,100,1410,1215,31,0
9829,98.290189354,67.170000000,100,1410,1215,31,0
9830,98.300195498,67.170000000,100,1410,1215,31,0
9831,98.310190270,67.170000000,100,1410,1215,31,0
9832,98.320188359,67.170000000,100,1410,1215,31,0
9833,98.330191597,67.170000000,100,1410,1215,31,0
9834,98.340194143,67.170000000,100,1410,1215,31,0
9835,98.350190629,67.079000000,100,1410,1215,31,0
9836,98.360190060,67.079000000,100,1410,1215,31,0
9837,98.370189941,67.079000000,100,1410,1215,31,0
9838,98.380192699,67.079000000,100,1410,1215,31,0
9839,98.390193232,67.079000000,100,1410,1215,31,0
9840,98.400188976,67.079000000,100,1410,1215,31,0
9841,98.410188447,67.079000000,100,1410,1215,31,0
9842,98.420193588,67.079000000,100,1410,1215,31,0
9843,98.430189503,67.079000000,100,1410,1215,31,0
9844,98.440188593,67.079000000,100,1410,1215,31,0
9845,98.450190108,66.864000000,100,1410,1215,31,0
9846,98.460190450,66.864000000,100,1410,1215,31,0
9847,98.470189390,66.864000000,100,1410,1215,31,0
9848,98.480189092,66.864000000,100,1410,1215,31,0
9849,98.490189405,66.864000000,100,1410,1215,31,0
9850,98.500188966,66.864000000,100,1410,1215,31,0
9851,98.510189198,66.864000000,100,1410,1215,31,0
9852,98.520189571,66.864000000,100,1410,1215,31,0
9853,98.530192488,66.864000000,100,1410,1215,31,0
9854,98.540189355,66.864000000,100,1410,1215,31,0
9855,98.550189908,67.060000000,100,1410,1215,31,0
9856,98.560189639,67.060000000,100,1410,1215,31,0
9857,98.570189200,67.060000000,100,1410,1215,31,0
9858,98.580192218,67.060000000,100,1410,1215,31,0
9859,98.590189595,67.060000000,100,1410,1215,31,0
9860,98.600188825,67.060000000,100,1410,1215,31,0
9861,98.610189038,67.060000000,100,1410,1215,31,0
9862,98.620190242,67.060000000,100,1410,1215,31,0
9863,98.630190294,67.060000000,100,1410,1215,31,0
9864,98.640193192,67.060000000,100,1410,1215,31,0
9865,98.650190058,66.962000000,100,1410,1215,31,0
9866,98.660189739,66.962000000,100,1410,1215,31,0
9867,98.670188369,66.962000000,100,1410,1215,31,0
9868,98.680189373,66.962000000,100,1410,1215,31,0
9869,98.690188994,66.962000000,100,1410,1215,31,0
9870,98.700189357,66.962000000,100,1410,1215,31,0
9871,98.710188788,66.962000000,100,1410,1215,31,0
9872,98.720189260,66.962000000,100,1410,1215,31,0
9873,98.730188942,66.962000000,100,1410,1215,31,0
9874,98.740189355,66.962000000,100,1410,1215,31,0
9875,98.750194797,66.767000000,100,1410,1215,31,0
9876,98.760190000,66.767000000,100,1410,1215,31,0
9877,98.770189421,66.767000000,100,1410,1215,31,0
9878,98.780189232,66.767000000,100,1410,1215,31,0
9879,98.790189595,66.767000000,100,1410,1215,31,0
9880,98.800193214,66.767000000,100,1410,1215,31,0
9881,98.810189038,66.767000000,100,1410,1215,31,0
9882,98.820188329,66.767000000,100,1410,1215,31,0
9883,98.830188992,66.767000000,100,1410,1215,31,0
9884,98.840193222,66.767000000,100,1410,1215,31,0
9885,98.850190168,66.676000000,100,1410,1215,31,0
9886,98.860190411,66.676000000,100,1410,1215,31,0
9887,98.870189230,66.676000000,100,1410,1215,31,0
9888,98.880189212,66.676000000,100,1410,1215,31,0
9889,98.890193783,66.676000000,100,1410,1215,31,0
9890,98.900190008,66.676000000,100,1410,1215,31,0
9891,98.910188758,66.676000000,100,1410,1215,31,0
9892,98.920189050,66.676000000,100,1410,1215,31,0
9893,98.930189413,66.676000000,100,1410,1215,31,0
9894,98.940189826,66.676000000,100,1410,1215,31,0
9895,98.950188926,66.962000000,100,1410,1215,31,0
9896,98.960190100,66.962000000,100,1410,1215,31,0
9897,98.970188940,66.962000000,100,1410,1215,31,0
9898,98.980188521,66.962000000,100,1410,1215,31,0
9899,98.990189685,66.962000000,100,1410,1215,31,0
9900,99.000189327,66.962000000,100,1410,1215,31,0
9901,99.010193386,66.962000000,100,1410,1215,31,0
9902,99.020188529,66.962000000,100,1410,1215,31,0
9903,99.030189373,66.962000000,100,1410,1215,31,0
9904,99.040192791,66.962000000,100,1410,1215,31,0
9905,99.050190860,67.059000000,100,1410,1215,31,0
9906,99.060190080,67.059000000,100,1410,1215,31,0
9907,99.070193058,67.059000000,100,1410,1215,31,0
9908,99.080188681,67.059000000,100,1410,1215,31,0
9909,99.090188914,67.059000000,100,1410,1215,31,0
9910,99.100188736,67.059000000,100,1410,1215,31,0
9911,99.110189369,67.059000000,100,1410,1215,31,0
9912,99.120190152,67.059000000,100,1410,1215,31,0
9913,99.130190886,67.059000000,100,1410,1215,31,0
9914,99.140189746,67.059000000,100,1410,1215,31,0
9915,99.150190188,66.853000000,100,1410,1215,31,0
9916,99.160191383,66.853000000,100,1410,1215,31,0
9917,99.170189451,66.853000000,100,1410,1215,31,0
9918,99.180189944,66.853000000,100,1410,1215,31,0
9919,99.190188874,66.853000000,100,1410,1215,31,0
9920,99.200189427,66.853000000,100,1410,1215,31,0
9921,99.210189449,66.853000000,100,1410,1215,31,0
9922,99.220189070,66.853000000,100,1410,1215,31,0
9923,99.230188401,66.853000000,100,1410,1215,31,0
9924,99.240189325,66.853000000,100,1410,1215,31,0
9925,99.250189587,66.969000000,100,1410,1215,31,0
9926,99.260190892,66.969000000,100,1410,1215,31,0
9927,99.270189441,66.969000000,100,1410,1215,31,0
9928,99.280189673,66.969000000,100,1410,1215,31,0
9929,99.290190226,66.969000000,100,1410,1215,31,0
9930,99.300194226,66.969000000,100,1410,1215,31,0
9931,99.310194348,66.969000000,100,1410,1215,31,0
9932,99.320188700,66.969000000,100,1410,1215,31,0
9933,99.330189473,66.969000000,100,1410,1215,31,0
9934,99.340193372,66.969000000,100,1410,1215,31,0
9935,99.350189948,66.767000000,100,1410,1215,31,0
9936,99.360189900,66.767000000,100,1410,1215,31,0
9937,99.370189591,66.767000000,100,1410,1215,31,0
9938,99.380188992,66.767000000,100,1410,1215,31,0
9939,99.390188814,66.767000000,100,1410,1215,31,0
9940,99.400192733,66.767000000,100,1410,1215,31,0
9941,99.410189228,66.767000000,100,1410,1215,31,0
9942,99.420188319,66.767000000,100,1410,1215,31,0
9943,99.430188441,66.767000000,100,1410,1215,31,0
9944,99.440188784,66.767000000,100,1410,1215,31,0
9945,99.450189427,66.865000000,100,1410,1215,31,0
9946,99.460189579,66.865000000,100,1410,1215,31,0
9947,99.470188519,66.865000000,100,1410,1215,31,0
9948,99.480189463,66.865000000,100,1410,1215,31,0
9949,99.490189495,66.865000000,100,1410,1215,31,0
9950,99.500189277,66.865000000,100,1410,1215,31,0
9951,99.510192274,66.865000000,100,1410,1215,31,0
9952,99.520189160,66.865000000,100,1410,1215,31,0
9953,99.530189704,66.865000000,100,1410,1215,31,0
9954,99.540189946,66.865000000,100,1410,1215,31,0
9955,99.550190028,67.078000000,100,1410,1215,31,0
9956,99.560189709,67.078000000,100,1410,1215,31,0
9957,99.570189010,67.078000000,100,1410,1215,31,0
9958,99.580188682,67.078000000,100,1410,1215,31,0
9959,99.590189305,67.078000000,100,1410,1215,31,0
9960,99.600189297,67.078000000,100,1410,1215,31,0
9961,99.610190461,67.078000000,100,1410,1215,31,0
9962,99.620189201,67.078000000,100,1410,1215,31,0
9963,99.630189884,67.078000000,100,1410,1215,31,0
9964,99.640189495,67.078000000,100,1410,1215,31,0
9965,99.650190760,67.073000000,100,1410,1215,31,0
9966,99.660190992,67.073000000,100,1410,1215,31,0
9967,99.670191184,67.073000000,100,1410,1215,31,0
9968,99.680190024,67.073000000,100,1410,1215,31,0
9969,99.690189816,67.073000000,100,1410,1215,31,0
9970,99.700188165,67.073000000,100,1410,1215,31,0
9971,99.710190070,67.073000000,100,1410,1215,31,0
9972,99.720193318,67.073000000,100,1410,1215,31,0
9973,99.730189263,67.073000000,100,1410,1215,31,0
9974,99.740188934,67.073000000,100,1410,1215,31,0
9975,99.750188084,67.059000000,100,1410,1215,31,0
9976,99.760189068,67.059000000,100,1410,1215,31,0
9977,99.770187988,67.059000000,100,1410,1215,31,0
9978,99.780191487,67.059000000,100,1410,1215,31,0
9979,99.790188904,67.059000000,100,1410,1215,31,0
9980,99.800188215,67.059000000,100,1410,1215,31,0
9981,99.810186604,67.059000000,100,1410,1215,31,0
9982,99.820193208,67.059000000,100,1410,1215,31,0
9983,99.830189042,67.059000000,100,1410,1215,31,0
9984,99.840188914,67.059000000,100,1410,1215,31,0
9985,99.850190138,66.865000000,100,1410,1215,31,0
9986,99.860187816,66.865000000,100,1410,1215,31,0
9987,99.870188399,66.865000000,100,1410,1215,31,0
9988,99.880189273,66.865000000,100,1410,1215,31,0
9989,99.890186219,66.865000000,100,1410,1215,31,0
9990,99.900188886,66.865000000,100,1410,1215,31,0
9991,99.910189409,66.865000000,100,1410,1215,31,0
9992,99.920188038,66.865000000,100,1410,1215,31,0
9993,99.930186818,66.865000000,100,1410,1215,31,0
9994,99.940186850,66.865000000,100,1410,1215,31,0
9995,99.950191741,67.055000000,100,1410,1215,31,0
9996,99.960190280,67.055000000,100,1410,1215,31,0
9997,99.970188319,67.055000000,100,1410,1215,31,0
9998,99.980189293,67.055000000,100,1410,1215,31,0
9999,99.990192701,67.055000000,100,1410,1215,31,0
10000,100.000188535,67.055000000,100,1410,1215,31,0
10001,100.010188968,67.055000000,100,1410,1215,31,0
10002,100.020188429,67.055000000,100,1410,1215,31,0
10003,100.030193070,67.055000000,100,1410,1215,31,0
10004,100.040190878,67.055000000,100,1410,1215,31,0
10005,100.050188946,66.962000000,100,1410,1215,31,0
10006,100.060189499,66.962000000,100,1410,1215,31,0
10007,100.070189150,66.962000000,100,1410,1215,31,0
10008,100.080188221,66.962000000,100,1410,1215,31,0
10009,100.090189094,66.962000000,100,1410,1215,31,0
10010,100.100188705,66.962000000,100,1410,1215,31,0
10011,100.110189579,66.962000000,100,1410,1215,31,0
10012,100.120186646,66.962000000,100,1410,1215,31,0
10013,100.130188651,66.962000000,100,1410,1215,31,0
10014,100.140188523,66.962000000,100,1410,1215,31,0
10015,100.150190178,66.962000000,100,1410,1215,31,0
10016,100.160189810,66.670000000,100,1410,1215,31,0
10017,100.170190152,66.670000000,100,1410,1215,31,0
10018,100.180189563,66.670000000,100,1410,1215,31,0
10019,100.190189485,66.670000000,100,1410,1215,31,0
10020,100.200190729,66.670000000,100,1410,1215,31,0
10021,100.210191773,66.670000000,100,1410,1215,31,0
10022,100.220188930,66.670000000,100,1410,1215,31,0
10023,100.230189483,66.670000000,100,1410,1215,31,0
10024,100.240188573,66.670000000,100,1410,1215,31,0
10025,100.250189317,66.670000000,100,1410,1215,31,0
10026,100.260190721,66.871000000,100,1410,1215,31,0
10027,100.270190052,66.871000000,100,1410,1215,31,0
10028,100.280190064,66.871000000,100,1410,1215,31,0
10029,100.290190246,66.871000000,100,1410,1215,31,0
10030,100.300189457,66.871000000,100,1410,1215,31,0
10031,100.310189088,66.871000000,100,1410,1215,31,0
10032,100.320318623,66.871000000,100,1410,1215,31,0
10033,100.330189413,66.871000000,100,1410,1215,31,0
10034,100.340188673,66.871000000,100,1410,1215,31,0
10035,100.350190308,66.871000000,100,1410,1215,31,0
10036,100.360194158,66.962000000,100,1410,1215,31,0
10037,100.370189571,66.962000000,100,1410,1215,31,0
10038,100.380189092,66.962000000,100,1410,1215,31,0
10039,100.390188733,66.962000000,100,1410,1215,31,0
10040,100.400189266,66.962000000,100,1410,1215,31,0
10041,100.410189359,66.962000000,100,1410,1215,31,0
10042,100.420193067,66.962000000,100,1410,1215,31,0
10043,100.430189523,66.962000000,100,1410,1215,31,0
10044,100.440189114,66.962000000,100,1410,1215,31,0
10045,100.450195368,66.962000000,100,1410,1215,31,0
10046,100.460191062,67.060000000,100,1410,1215,31,0
10047,100.470189331,67.060000000,100,1410,1215,31,0
10048,100.480189723,67.060000000,100,1410,1215,31,0
10049,100.490190336,67.060000000,100,1410,1215,31,0
10050,100.500188775,67.060000000,100,1410,1215,31,0
10051,100.510188417,67.060000000,100,1410,1215,31,0
10052,100.520193228,67.060000000,100,1410,1215,31,0
10053,100.530193641,67.060000000,100,1410,1215,31,0
10054,100.540190106,67.060000000,100,1410,1215,31,0
10055,100.550190609,67.060000000,100,1410,1215,31,0
10056,100.560190551,66.866000000,100,1410,1215,31,0
10057,100.570188950,66.866000000,100,1410,1215,31,0
10058,100.580190174,66.866000000,100,1410,1215,31,0
10059,100.590194554,66.866000000,100,1410,1215,31,0
10060,100.600189958,66.866000000,100,1410,1215,31,0
10061,100.610189789,66.866000000,100,1410,1215,31,0
10062,100.620190062,66.866000000,100,1410,1215,31,0
10063,100.630189683,66.866000000,100,1410,1215,31,0
10064,100.640189184,66.866000000,100,1410,1215,31,0
10065,100.650194516,66.866000000,100,1410,1215,31,0
10066,100.660190631,66.981000000,100,1410,1215,31,0
10067,100.670190172,66.981000000,100,1410,1215,31,0
10068,100.680189002,66.981000000,100,1410,1215,31,0
10069,100.690189885,66.981000000,100,1410,1215,31,0
10070,100.700189387,66.981000000,100,1410,1215,31,0
10071,100.710189819,66.981000000,100,1410,1215,31,0
10072,100.720190793,66.981000000,100,1410,1215,31,0
10073,100.730189403,66.981000000,100,1410,1215,31,0
10074,100.740189715,66.981000000,100,1410,1215,31,0
10075,100.750189697,66.864000000,100,1410,1215,31,0
10076,100.760189869,66.864000000,100,1410,1215,31,0
10077,100.770193388,66.864000000,100,1410,1215,31,0
10078,100.780189663,66.864000000,100,1410,1215,31,0
10079,100.790189134,66.864000000,100,1410,1215,31,0
10080,100.800190118,66.864000000,100,1410,1215,31,0
10081,100.810193326,66.864000000,100,1410,1215,31,0
10082,100.820189020,66.864000000,100,1410,1215,31,0
10083,100.830189893,66.864000000,100,1410,1215,31,0
10084,100.840189625,66.864000000,100,1410,1215,31,0
10085,100.850190699,66.864000000,100,1410,1215,31,0
10086,100.860194308,66.883000000,100,1410,1215,31,0
10087,100.870193448,66.883000000,100,1410,1215,31,0
10088,100.880189092,66.883000000,100,1410,1215,31,0
10089,100.890189615,66.883000000,100,1410,1215,31,0
10090,100.900189877,66.883000000,100,1410,1215,31,0
10091,100.910189018,66.883000000,100,1410,1215,31,0
10092,100.920189120,66.883000000,100,1410,1215,31,0
10093,100.930189633,66.883000000,100,1410,1215,31,0
10094,100.940187962,66.883000000,100,1410,1215,31,0
10095,100.950189767,67.072000000,100,1410,1215,31,0
10096,100.960191793,67.072000000,100,1410,1215,31,0
10097,100.970188909,67.072000000,100,1410,1215,31,0
10098,100.980188030,67.072000000,100,1410,1215,31,0
10099,100.990189114,67.072000000,100,1410,1215,31,0
10100,101.000189496,67.072000000,100,1410,1215,31,0
10101,101.010189138,67.072000000,100,1410,1215,31,0
10102,101.020188699,67.072000000,100,1410,1215,31,0
10103,101.030189492,67.072000000,100,1410,1215,31,0
10104,101.040189575,67.072000000,100,1410,1215,31,0
10105,101.050189777,67.072000000,100,1410,1215,31,0
10106,101.060190470,67.073000000,100,1410,1215,31,0
10107,101.070188589,67.073000000,100,1410,1215,31,0
10108,101.080189392,67.073000000,100,1410,1215,31,0
10109,101.090190015,67.073000000,100,1410,1215,31,0
10110,101.100189136,67.073000000,100,1410,1215,31,0
10111,101.110188887,67.073000000,100,1410,1215,31,0
10112,101.120190021,67.073000000,100,1410,1215,31,0
10113,101.130189573,67.073000000,100,1410,1215,31,0
10114,101.140188973,67.073000000,100,1410,1215,31,0
10115,101.150189717,67.073000000,100,1410,1215,31,0
10116,101.160193746,66.864000000,100,1410,1215,31,0
10117,101.170189430,66.864000000,100,1410,1215,31,0
10118,101.180189182,66.864000000,100,1410,1215,31,0
10119,101.190190286,66.864000000,100,1410,1215,31,0
10120,101.200189296,66.864000000,100,1410,1215,31,0
10121,101.210189388,66.864000000,100,1410,1215,31,0
10122,101.220188258,66.864000000,100,1410,1215,31,0
10123,101.230193460,66.864000000,100,1410,1215,31,0
10124,101.240188923,66.864000000,100,1410,1215,31,0
10125,101.250193724,66.864000000,100,1410,1215,31,0
10126,101.260189288,66.865000000,100,1410,1215,31,0
10127,101.270188849,66.865000000,100,1410,1215,31,0
10128,101.280189552,66.865000000,100,1410,1215,31,0
10129,101.290189985,66.865000000,100,1410,1215,31,0
10130,101.300188534,66.865000000,100,1410,1215,31,0
10131,101.310193696,66.865000000,100,1410,1215,31,0
10132,101.320189149,66.865000000,100,1410,1215,31,0
10133,101.330188791,66.865000000,100,1410,1215,31,0
10134,101.340189624,66.865000000,100,1410,1215,31,0
10135,101.350202120,66.865000000,100,1410,1215,31,0
10136,101.360190881,66.865000000,100,1410,1215,31,0
10137,101.370193478,66.865000000,100,1410,1215,31,0
10138,101.380193169,66.865000000,100,1410,1215,31,0
10139,101.390189053,66.865000000,100,1410,1215,31,0
10140,101.400193624,66.865000000,100,1410,1215,31,0
10141,101.410189949,66.865000000,100,1410,1215,31,0
10142,101.420189089,66.865000000,100,1410,1215,31,0
10143,101.430187999,66.865000000,100,1410,1215,31,0
10144,101.440189384,66.865000000,100,1410,1215,31,0
10145,101.450189486,66.962000000,100,1410,1215,31,0
10146,101.460190530,66.962000000,100,1410,1215,31,0
10147,101.470188859,66.962000000,100,1410,1215,31,0
10148,101.480189412,66.962000000,100,1410,1215,31,0
10149,101.490189384,66.962000000,100,1410,1215,31,0
10150,101.500189606,66.962000000,100,1410,1215,31,0
10151,101.510189197,66.962000000,100,1410,1215,31,0
10152,101.520189630,66.962000000,100,1410,1215,31,0
10153,101.530188560,66.962000000,100,1410,1215,31,0
10154,101.540189274,66.962000000,100,1410,1215,31,0
10155,101.550190017,66.870000000,100,1410,1215,31,0
10156,101.560190510,66.870000000,100,1410,1215,31,0
10157,101.570188969,66.870000000,100,1410,1215,31,0
10158,101.580189552,66.870000000,100,1410,1215,31,0
10159,101.590189023,66.870000000,100,1410,1215,31,0
10160,101.600189265,66.870000000,100,1410,1215,31,0
10161,101.610188907,66.870000000,100,1410,1215,31,0
10162,101.620188969,66.870000000,100,1410,1215,31,0
10163,101.630189552,66.870000000,100,1410,1215,31,0
10164,101.640193902,66.870000000,100,1410,1215,31,0
10165,101.650190428,66.773000000,100,1410,1215,31,0
10166,101.660190219,66.773000000,100,1410,1215,31,0
10167,101.670189099,66.773000000,100,1410,1215,31,0
10168,101.680189301,66.773000000,100,1410,1215,31,0
10169,101.690190305,66.773000000,100,1410,1215,31,0
10170,101.700193624,66.773000000,100,1410,1215,31,0
10171,101.710189197,66.773000000,100,1410,1215,31,0
10172,101.720193547,66.773000000,100,1410,1215,31,0
10173,101.730189251,66.773000000,100,1410,1215,31,0
10174,101.740189003,66.773000000,100,1410,1215,31,0
10175,101.750189716,66.865000000,100,1410,1215,31,0
10176,101.760187514,66.865000000,100,1410,1215,31,0
10177,101.770189610,66.865000000,100,1410,1215,31,0
10178,101.780189281,66.865000000,100,1410,1215,31,0
10179,101.790186037,66.865000000,100,1410,1215,31,0
10180,101.800189415,66.865000000,100,1410,1215,31,0
10181,101.810192864,66.865000000,100,1410,1215,31,0
10182,101.820193347,66.865000000,100,1410,1215,31,0
10183,101.830189331,66.865000000,100,1410,1215,31,0
10184,101.840189323,66.865000000,100,1410,1215,31,0
10185,101.850188824,67.059000000,100,1410,1215,31,0
10186,101.860188966,67.059000000,100,1410,1215,31,0
10187,101.870192816,67.059000000,100,1410,1215,31,0
10188,101.880189471,67.059000000,100,1410,1215,31,0
10189,101.890188872,67.059000000,100,1410,1215,31,0
10190,101.900327214,67.059000000,100,1410,1215,31,0
10191,101.910188155,67.059000000,100,1410,1215,31,0
10192,101.920188838,67.059000000,100,1410,1215,31,0
10193,101.930188379,67.059000000,100,1410,1215,31,0
10194,101.940192920,67.059000000,100,1410,1215,31,0
10195,101.950189986,67.060000000,100,1410,1215,31,0
10196,101.960189307,67.060000000,100,1410,1215,31,0
10197,101.970188377,67.060000000,100,1410,1215,31,0
10198,101.980189030,67.060000000,100,1410,1215,31,0
10199,101.990192539,67.060000000,100,1410,1215,31,0
10200,102.000189025,67.060000000,100,1410,1215,31,0
10201,102.010189828,67.060000000,100,1410,1215,31,0
10202,102.020188878,67.060000000,100,1410,1215,31,0
10203,102.030188630,67.060000000,100,1410,1215,31,0
10204,102.040188231,67.060000000,100,1410,1215,31,0
10205,102.050189355,66.944000000,100,1410,1215,31,0
10206,102.060190810,66.944000000,100,1410,1215,31,0
10207,102.070189760,66.944000000,100,1410,1215,31,0
10208,102.080188710,66.944000000,100,1410,1215,31,0
10209,102.090188451,66.944000000,100,1410,1215,31,0
10210,102.100188553,66.944000000,100,1410,1215,31,0
10211,102.110188575,66.944000000,100,1410,1215,31,0
10212,102.120188187,66.944000000,100,1410,1215,31,0
10213,102.130188840,66.944000000,100,1410,1215,31,0
10214,102.140188261,66.944000000,100,1410,1215,31,0
10215,102.150189846,66.962000000,100,1410,1215,31,0
10216,102.160193925,66.962000000,100,1410,1215,31,0
10217,102.170191272,66.962000000,100,1410,1215,31,0
10218,102.180189882,66.962000000,100,1410,1215,31,0
10219,102.190188872,66.962000000,100,1410,1215,31,0
10220,102.200188764,66.962000000,100,1410,1215,31,0
10221,102.210188986,66.962000000,100,1410,1215,31,0
10222,102.220188517,66.962000000,100,1410,1215,31,0
10223,102.230188539,66.962000000,100,1410,1215,31,0
10224,102.240189142,66.962000000,100,1410,1215,31,0
10225,102.250189755,66.962000000,100,1410,1215,31,0
10226,102.260190028,66.962000000,100,1410,1215,31,0
10227,102.270190350,66.962000000,100,1410,1215,31,0
10228,102.280193188,66.962000000,100,1410,1215,31,0
10229,102.290189232,66.962000000,100,1410,1215,31,0
10230,102.300188984,66.962000000,100,1410,1215,31,0
10231,102.310188816,66.962000000,100,1410,1215,31,0
10232,102.320190060,66.962000000,100,1410,1215,31,0
10233,102.330193919,66.962000000,100,1410,1215,31,0
10234,102.340193671,66.962000000,100,1410,1215,31,0
10235,102.350192280,66.884000000,100,1410,1215,31,0
10236,102.360188555,66.884000000,100,1410,1215,31,0
10237,102.370189368,66.884000000,100,1410,1215,31,0
10238,102.380189611,66.884000000,100,1410,1215,31,0
10239,102.390190274,66.884000000,100,1410,1215,31,0
10240,102.400190016,66.884000000,100,1410,1215,31,0
10241,102.410189547,66.884000000,100,1410,1215,31,0
10242,102.420189709,66.884000000,100,1410,1215,31,0
10243,102.430189992,66.884000000,100,1410,1215,31,0
10244,102.440189132,66.884000000,100,1410,1215,31,0
10245,102.450195446,66.981000000,100,1410,1215,31,0
10246,102.460191591,66.981000000,100,1410,1215,31,0
10247,102.470189669,66.981000000,100,1410,1215,31,0
10248,102.480189330,66.981000000,100,1410,1215,31,0
10249,102.490189202,66.981000000,100,1410,1215,31,0
10250,102.500189364,66.981000000,100,1410,1215,31,0
10251,102.510189046,66.981000000,100,1410,1215,31,0
10252,102.520189969,66.981000000,100,1410,1215,31,0
10253,102.530189230,66.981000000,100,1410,1215,31,0
10254,102.540189503,66.981000000,100,1410,1215,31,0
10255,102.550193622,67.073000000,100,1410,1215,31,0
10256,102.560190849,67.073000000,100,1410,1215,31,0
10257,102.570189348,67.073000000,100,1410,1215,31,0
10258,102.580189791,67.073000000,100,1410,1215,31,0
10259,102.590189282,67.073000000,100,1410,1215,31,0
10260,102.600188983,67.073000000,100,1410,1215,31,0
10261,102.610189566,67.073000000,100,1410,1215,31,0
10262,102.620190009,67.073000000,100,1410,1215,31,0
10263,102.630189039,67.073000000,100,1410,1215,31,0
10264,102.640188941,67.073000000,100,1410,1215,31,0
10265,102.650190316,67.097000000,100,1410,1215,31,0
10266,102.660189927,67.097000000,100,1410,1215,31,0
10267,102.670189007,67.097000000,100,1410,1215,31,0
10268,102.680193648,67.097000000,100,1410,1215,31,0
10269,102.690190063,67.097000000,100,1410,1215,31,0
10270,102.700189334,67.097000000,100,1410,1215,31,0
10271,102.710189125,67.097000000,100,1410,1215,31,0
10272,102.720190580,67.097000000,100,1410,1215,31,0
10273,102.730193758,67.097000000,100,1410,1215,31,0
10274,102.740189853,67.097000000,100,1410,1215,31,0
10275,102.750194484,67.079000000,100,1410,1215,31,0
10276,102.760190478,67.079000000,100,1410,1215,31,0
10277,102.770190159,67.079000000,100,1410,1215,31,0
10278,102.780194049,67.079000000,100,1410,1215,31,0
10279,102.790189201,67.079000000,100,1410,1215,31,0
10280,102.800189494,67.079000000,100,1410,1215,31,0
10281,102.810189847,67.079000000,100,1410,1215,31,0
10282,102.820189197,67.079000000,100,1410,1215,31,0
10283,102.830194119,67.079000000,100,1410,1215,31,0
10284,102.840190323,67.079000000,100,1410,1215,31,0
10285,102.850190295,67.060000000,100,1410,1215,31,0
10286,102.860190929,67.060000000,100,1410,1215,31,0
10287,102.870190971,67.060000000,100,1410,1215,31,0
10288,102.880189820,67.060000000,100,1410,1215,31,0
10289,102.890190594,67.060000000,100,1410,1215,31,0
10290,102.900189784,67.060000000,100,1410,1215,31,0
10291,102.910190087,67.060000000,100,1410,1215,31,0
10292,102.920189778,67.060000000,100,1410,1215,31,0
10293,102.930193698,67.060000000,100,1410,1215,31,0
10294,102.940189702,67.060000000,100,1410,1215,31,0
10295,102.950190135,66.785000000,100,1410,1215,31,0
10296,102.960190738,66.785000000,100,1410,1215,31,0
10297,102.970194086,66.785000000,100,1410,1215,31,0
10298,102.980189650,66.785000000,100,1410,1215,31,0
10299,102.990189842,66.785000000,100,1410,1215,31,0
10300,103.000189854,66.785000000,100,1410,1215,31,0
10301,103.010189766,66.785000000,100,1410,1215,31,0
10302,103.020193655,66.785000000,100,1410,1215,31,0
10303,103.030189650,66.785000000,100,1410,1215,31,0
10304,103.040189331,66.785000000,100,1410,1215,31,0
10305,103.050189804,66.962000000,100,1410,1215,31,0
10306,103.060194645,66.962000000,100,1410,1215,31,0
10307,103.070189167,66.962000000,100,1410,1215,31,0
10308,103.080189269,66.962000000,100,1410,1215,31,0
10309,103.090192076,66.962000000,100,1410,1215,31,0
10310,103.100188882,66.962000000,100,1410,1215,31,0
10311,103.110188604,66.962000000,100,1410,1215,31,0
10312,103.120189467,66.962000000,100,1410,1215,31,0
10313,103.130189600,66.962000000,100,1410,1215,31,0
10314,103.140188680,66.962000000,100,1410,1215,31,0
10315,103.150189363,66.962000000,100,1410,1215,31,0
10316,103.160189455,66.962000000,100,1410,1215,31,0
10317,103.170189557,66.962000000,100,1410,1215,31,0
10318,103.180188096,66.962000000,100,1410,1215,31,0
10319,103.190189121,66.962000000,100,1410,1215,31,0
10320,103.200189633,66.962000000,100,1410,1215,31,0
10321,103.210189145,66.962000000,100,1410,1215,31,0
10322,103.220188806,66.962000000,100,1410,1215,31,0
10323,103.230315395,66.962000000,100,1410,1215,31,0
10324,103.240189241,66.962000000,100,1410,1215,31,0
10325,103.250190234,66.864000000,100,1410,1215,31,0
10326,103.260191368,66.864000000,100,1410,1215,31,0
10327,103.270194006,66.864000000,100,1410,1215,31,0
10328,103.280189659,66.864000000,100,1410,1215,31,0
10329,103.290194029,66.864000000,100,1410,1215,31,0
10330,103.300190335,66.864000000,100,1410,1215,31,0
10331,103.310189575,66.864000000,100,1410,1215,31,0
10332,103.320189357,66.864000000,100,1410,1215,31,0
10333,103.330189840,66.864000000,100,1410,1215,31,0
10334,103.340189851,66.864000000,100,1410,1215,31,0
10335,103.350190465,66.865000000,100,1410,1215,31,0
10336,103.360190457,66.865000000,100,1410,1215,31,0
10337,103.370189877,66.865000000,100,1410,1215,31,0
10338,103.380193617,66.865000000,100,1410,1215,31,0
10339,103.390194200,66.865000000,100,1410,1215,31,0
10340,103.400189573,66.865000000,100,1410,1215,31,0
10341,103.410189525,66.865000000,100,1410,1215,31,0
10342,103.420189897,66.865000000,100,1410,1215,31,0
10343,103.430189539,66.865000000,100,1410,1215,31,0
10344,103.440189471,66.865000000,100,1410,1215,31,0
10345,103.450190545,67.079000000,100,1410,1215,31,0
10346,103.460190787,67.079000000,100,1410,1215,31,0
10347,103.470190128,67.079000000,100,1410,1215,31,0
10348,103.480189418,67.079000000,100,1410,1215,31,0
10349,103.490189771,67.079000000,100,1410,1215,31,0
10350,103.500193370,67.079000000,100,1410,1215,31,0
10351,103.510194293,67.079000000,100,1410,1215,31,0
10352,103.520193103,67.079000000,100,1410,1215,31,0
10353,103.530189448,67.079000000,100,1410,1215,31,0
10354,103.540189120,67.079000000,100,1410,1215,31,0
10355,103.550189583,66.871000000,100,1410,1215,31,0
10356,103.560190025,66.871000000,100,1410,1215,31,0
10357,103.570189086,66.871000000,100,1410,1215,31,0
10358,103.580189659,66.871000000,100,1410,1215,31,0
10359,103.590189721,66.871000000,100,1410,1215,31,0
10360,103.600189332,66.871000000,100,1410,1215,31,0
10361,103.610189514,66.871000000,100,1410,1215,31,0
10362,103.620189396,66.871000000,100,1410,1215,31,0
10363,103.630193215,66.871000000,100,1410,1215,31,0
10364,103.640188929,66.871000000,100,1410,1215,31,0
10365,103.650189582,66.871000000,100,1410,1215,31,0
10366,103.660190226,66.865000000,100,1410,1215,31,0
10367,103.670189135,66.865000000,100,1410,1215,31,0
10368,103.680194097,66.865000000,100,1410,1215,31,0
10369,103.690190662,66.865000000,100,1410,1215,31,0
10370,103.700191025,66.865000000,100,1410,1215,31,0
10371,103.710190336,66.865000000,100,1410,1215,31,0
10372,103.720189095,66.865000000,100,1410,1215,31,0
10373,103.730190620,66.865000000,100,1410,1215,31,0
10374,103.740189951,66.865000000,100,1410,1215,31,0
10375,103.750190283,66.865000000,100,1410,1215,31,0
10376,103.760190886,66.962000000,100,1410,1215,31,0
10377,103.770190067,66.962000000,100,1410,1215,31,0
10378,103.780189758,66.962000000,100,1410,1215,31,0
10379,103.790190201,66.962000000,100,1410,1215,31,0
10380,103.800194111,66.962000000,100,1410,1215,31,0
10381,103.810191107,66.962000000,100,1410,1215,31,0
10382,103.820190437,66.962000000,100,1410,1215,31,0
10383,103.830190109,66.962000000,100,1410,1215,31,0
10384,103.840190061,66.962000000,100,1410,1215,31,0
10385,103.850194621,66.962000000,100,1410,1215,31,0
10386,103.860190596,66.981000000,100,1410,1215,31,0
10387,103.870193844,66.981000000,100,1410,1215,31,0
10388,103.880189988,66.981000000,100,1410,1215,31,0
10389,103.890190191,66.981000000,100,1410,1215,31,0
10390,103.900189592,66.981000000,100,1410,1215,31,0
10391,103.910190235,66.981000000,100,1410,1215,31,0
10392,103.920193824,66.981000000,100,1410,1215,31,0
10393,103.930195308,66.981000000,100,1410,1215,31,0
10394,103.940192235,66.981000000,100,1410,1215,31,0
10395,103.950190574,66.981000000,100,1410,1215,31,0
10396,103.960189954,67.091000000,100,1410,1215,31,0
10397,103.970189535,67.091000000,100,1410,1215,31,0
10398,103.980188475,67.091000000,100,1410,1215,31,0
10399,103.990189800,67.091000000,100,1410,1215,31,0
10400,104.000188519,67.091000000,100,1410,1215,31,0
10401,104.010189022,67.091000000,100,1410,1215,31,0
10402,104.020188994,67.091000000,100,1410,1215,31,0
10403,104.030190910,67.091000000,100,1410,1215,31,0
10404,104.040189519,67.091000000,100,1410,1215,31,0
10405,104.050190573,67.091000000,100,1410,1215,31,0
10406,104.060191276,67.078000000,100,1410,1215,31,0
10407,104.070189475,67.078000000,100,1410,1215,31,0
10408,104.080190198,67.078000000,100,1410,1215,31,0
10409,104.090191002,67.078000000,100,1410,1215,31,0
10410,104.100189922,67.078000000,100,1410,1215,31,0
10411,104.110189573,67.078000000,100,1410,1215,31,0
10412,104.120189655,67.078000000,100,1410,1215,31,0
10413,104.130189637,67.078000000,100,1410,1215,31,0
10414,104.140189829,67.078000000,100,1410,1215,31,0
10415,104.150191004,67.078000000,100,1410,1215,31,0
10416,104.160192228,67.079000000,100,1410,1215,31,0
10417,104.170190076,67.079000000,100,1410,1215,31,0
10418,104.180193825,67.079000000,100,1410,1215,31,0
10419,104.190194959,67.079000000,100,1410,1215,31,0
10420,104.200189631,67.079000000,100,1410,1215,31,0
10421,104.210189132,67.079000000,100,1410,1215,31,0
10422,104.220189635,67.079000000,100,1410,1215,31,0
10423,104.230191060,67.079000000,100,1410,1215,31,0
10424,104.240189899,67.079000000,100,1410,1215,31,0
10425,104.250190743,67.079000000,100,1410,1215,31,0
10426,104.260194712,67.078000000,100,1410,1215,31,0
10427,104.270189945,67.078000000,100,1410,1215,31,0
10428,104.280193534,67.078000000,100,1410,1215,31,0
10429,104.290190110,67.078000000,100,1410,1215,31,0
10430,104.300193839,67.078000000,100,1410,1215,31,0
10431,104.310190675,67.078000000,100,1410,1215,31,0
10432,104.320194053,67.078000000,100,1410,1215,31,0
10433,104.330192362,67.078000000,100,1410,1215,31,0
10434,104.340189368,67.078000000,100,1410,1215,31,0
10435,104.350191063,67.059000000,100,1410,1215,31,0
10436,104.360190955,67.059000000,100,1410,1215,31,0
10437,104.370189715,67.059000000,100,1410,1215,31,0
10438,104.380193524,67.059000000,100,1410,1215,31,0
10439,104.390193846,67.059000000,100,1410,1215,31,0
10440,104.400190101,67.059000000,100,1410,1215,31,0
10441,104.410190163,67.059000000,100,1410,1215,31,0
10442,104.420189825,67.059000000,100,1410,1215,31,0
10443,104.430190428,67.059000000,100,1410,1215,31,0
10444,104.440194838,67.059000000,100,1410,1215,31,0
10445,104.450190662,66.883000000,100,1410,1215,31,0
10446,104.460189813,66.883000000,100,1410,1215,31,0
10447,104.470190326,66.883000000,100,1410,1215,31,0
10448,104.480189787,66.883000000,100,1410,1215,31,0
10449,104.490193836,66.883000000,100,1410,1215,31,0
10450,104.500190251,66.883000000,100,1410,1215,31,0
10451,104.510190293,66.883000000,100,1410,1215,31,0
10452,104.520191418,66.883000000,100,1410,1215,31,0
10453,104.530190678,66.883000000,100,1410,1215,31,0
10454,104.540189378,66.883000000,100,1410,1215,31,0
10455,104.550191554,67.097000000,100,1410,1215,31,0
10456,104.560190243,67.097000000,100,1410,1215,31,0
10457,104.570190626,67.097000000,100,1410,1215,31,0
10458,104.580188784,67.097000000,100,1410,1215,31,0
10459,104.590188967,67.097000000,100,1410,1215,31,0
10460,104.600188297,67.097000000,100,1410,1215,31,0
10461,104.610189492,67.097000000,100,1410,1215,31,0
10462,104.620189484,67.097000000,100,1410,1215,31,0
10463,104.630191169,67.097000000,100,1410,1215,31,0
10464,104.640188906,67.097000000,100,1410,1215,31,0
10465,104.650190852,67.176000000,100,1410,1215,31,0
10466,104.660191515,67.176000000,100,1410,1215,31,0
10467,104.670190295,67.176000000,100,1410,1215,31,0
10468,104.680194064,67.176000000,100,1410,1215,31,0
10469,104.690187484,67.176000000,100,1410,1215,31,0
10470,104.700192014,67.176000000,100,1410,1215,31,0
10471,104.710188790,67.176000000,100,1410,1215,31,0
10472,104.720189714,67.176000000,100,1410,1215,31,0
10473,104.730190487,67.176000000,100,1410,1215,31,0
10474,104.740190088,67.176000000,100,1410,1215,31,0
10475,104.750190441,66.962000000,100,1410,1215,31,0
10476,104.760190052,66.962000000,100,1410,1215,31,0
10477,104.770188892,66.962000000,100,1410,1215,31,0
10478,104.780188904,66.962000000,100,1410,1215,31,0
10479,104.790189056,66.962000000,100,1410,1215,31,0
10480,104.800188988,66.962000000,100,1410,1215,31,0
10481,104.810190142,66.962000000,100,1410,1215,31,0
10482,104.820189132,66.962000000,100,1410,1215,31,0
10483,104.830193793,66.962000000,100,1410,1215,31,0
10484,104.840190699,66.962000000,100,1410,1215,31,0
10485,104.850190280,66.864000000,100,1410,1215,31,0
10486,104.860191224,66.864000000,100,1410,1215,31,0
10487,104.870189833,66.864000000,100,1410,1215,31,0
10488,104.880189675,66.864000000,100,1410,1215,31,0
10489,104.890193594,66.864000000,100,1410,1215,31,0
10490,104.900189519,66.864000000,100,1410,1215,31,0
10491,104.910189210,66.864000000,100,1410,1215,31,0
10492,104.920189282,66.864000000,100,1410,1215,31,0
10493,104.930189615,66.864000000,100,1410,1215,31,0
10494,104.940189106,66.864000000,100,1410,1215,31,0
10495,104.950189929,67.078000000,100,1410,1215,31,0
10496,104.960191234,67.078000000,100,1410,1215,31,0
10497,104.970189242,67.078000000,100,1410,1215,31,0
10498,104.980188863,67.078000000,100,1410,1215,31,0
10499,104.990194135,67.078000000,100,1410,1215,31,0
10500,105.000190210,67.078000000,100,1410,1215,31,0
10501,105.010189721,67.078000000,100,1410,1215,31,0
10502,105.020189322,67.078000000,100,1410,1215,31,0
10503,105.030193882,67.078000000,100,1410,1215,31,0
10504,105.040189627,67.078000000,100,1410,1215,31,0
10505,105.050193947,67.078000000,100,1410,1215,31,0
10506,105.060191374,66.981000000,100,1410,1215,31,0
10507,105.070189672,66.981000000,100,1410,1215,31,0
10508,105.080193662,66.981000000,100,1410,1215,31,0
10509,105.090189907,66.981000000,100,1410,1215,31,0
10510,105.100192333,66.981000000,100,1410,1215,31,0
10511,105.110189871,66.981000000,100,1410,1215,31,0
10512,105.120193600,66.981000000,100,1410,1215,31,0
10513,105.130189885,66.981000000,100,1410,1215,31,0
10514,105.140189857,66.981000000,100,1410,1215,31,0
10515,105.150190850,66.981000000,100,1410,1215,31,0
10516,105.160194229,66.865000000,100,1410,1215,31,0
10517,105.170193620,66.865000000,100,1410,1215,31,0
10518,105.180189925,66.865000000,100,1410,1215,31,0
10519,105.190189035,66.865000000,100,1410,1215,31,0
10520,105.200189929,66.865000000,100,1410,1215,31,0
10521,105.210194058,66.865000000,100,1410,1215,31,0
10522,105.220190243,66.865000000,100,1410,1215,31,0
10523,105.230189985,66.865000000,100,1410,1215,31,0
10524,105.240189546,66.865000000,100,1410,1215,31,0
10525,105.250190580,67.059000000,100,1410,1215,31,0
10526,105.260190992,67.059000000,100,1410,1215,31,0
10527,105.270189702,67.059000000,100,1410,1215,31,0
10528,105.280189794,67.059000000,100,1410,1215,31,0
10529,105.290189515,67.059000000,100,1410,1215,31,0
10530,105.300190058,67.059000000,100,1410,1215,31,0
10531,105.310194218,67.059000000,100,1410,1215,31,0
10532,105.320188870,67.059000000,100,1410,1215,31,0
10533,105.330190796,67.059000000,100,1410,1215,31,0
10534,105.340189986,67.059000000,100,1410,1215,31,0
10535,105.350194737,66.975000000,100,1410,1215,31,0
10536,105.360189910,66.975000000,100,1410,1215,31,0
10537,105.370189822,66.975000000,100,1410,1215,31,0
10538,105.380190194,66.975000000,100,1410,1215,31,0
10539,105.390194094,66.975000000,100,1410,1215,31,0
10540,105.400189407,66.975000000,100,1410,1215,31,0
10541,105.410194047,66.975000000,100,1410,1215,31,0
10542,105.420194410,66.975000000,100,1410,1215,31,0
10543,105.430190956,66.975000000,100,1410,1215,31,0
10544,105.440189335,66.975000000,100,1410,1215,31,0
10545,105.450194636,66.864000000,100,1410,1215,31,0
10546,105.460191272,66.864000000,100,1410,1215,31,0
10547,105.470194620,66.864000000,100,1410,1215,31,0
10548,105.480189453,66.864000000,100,1410,1215,31,0
10549,105.490189425,66.864000000,100,1410,1215,31,0
10550,105.500189988,66.864000000,100,1410,1215,31,0
10551,105.510194097,66.864000000,100,1410,1215,31,0
10552,105.520189891,66.864000000,100,1410,1215,31,0
10553,105.530191677,66.864000000,100,1410,1215,31,0
10554,105.540190737,66.864000000,100,1410,1215,31,0
10555,105.550190408,66.743000000,100,1410,1215,31,0
10556,105.560190801,66.743000000,100,1410,1215,31,0
10557,105.570189490,66.743000000,100,1410,1215,31,0
10558,105.580188971,66.743000000,100,1410,1215,31,0
10559,105.590194594,66.743000000,100,1410,1215,31,0
10560,105.600189937,66.743000000,100,1410,1215,31,0
10561,105.610194658,66.743000000,100,1410,1215,31,0
10562,105.620190382,66.743000000,100,1410,1215,31,0
10563,105.630190083,66.743000000,100,1410,1215,31,0
10564,105.640194223,66.743000000,100,1410,1215,31,0
10565,105.650191290,66.743000000,100,1410,1215,31,0
10566,105.660190430,66.864000000,100,1410,1215,31,0
10567,105.670190722,66.864000000,100,1410,1215,31,0
10568,105.680190264,66.864000000,100,1410,1215,31,0
10569,105.690194023,66.864000000,100,1410,1215,31,0
10570,105.700189927,66.864000000,100,1410,1215,31,0
10571,105.710189588,66.864000000,100,1410,1215,31,0
10572,105.720189841,66.864000000,100,1410,1215,31,0
10573,105.730190193,66.864000000,100,1410,1215,31,0
10574,105.740193662,66.864000000,100,1410,1215,31,0
10575,105.750190758,66.786000000,100,1410,1215,31,0
10576,105.760190399,66.786000000,100,1410,1215,31,0
10577,105.770188748,66.786000000,100,1410,1215,31,0
10578,105.780189111,66.786000000,100,1410,1215,31,0
10579,105.790189814,66.786000000,100,1410,1215,31,0
10580,105.800189375,66.786000000,100,1410,1215,31,0
10581,105.810190099,66.786000000,100,1410,1215,31,0
10582,105.820193377,66.786000000,100,1410,1215,31,0
10583,105.830190343,66.786000000,100,1410,1215,31,0
10584,105.840193250,66.786000000,100,1410,1215,31,0
10585,105.850190307,66.786000000,100,1410,1215,31,0
10586,105.860190149,66.962000000,100,1410,1215,31,0
10587,105.870189549,66.962000000,100,1410,1215,31,0
10588,105.880193228,66.962000000,100,1410,1215,31,0
10589,105.890190666,66.962000000,100,1410,1215,31,0
10590,105.900189525,66.962000000,100,1410,1215,31,0
10591,105.910189758,66.962000000,100,1410,1215,31,0
10592,105.920190050,66.962000000,100,1410,1215,31,0
10593,105.930190443,66.962000000,100,1410,1215,31,0
10594,105.940192439,66.962000000,100,1410,1215,31,0
10595,105.950194544,66.962000000,100,1410,1215,31,0
10596,105.960191972,66.962000000,100,1410,1215,31,0
10597,105.970189810,66.962000000,100,1410,1215,31,0
10598,105.980190242,66.962000000,100,1410,1215,31,0
10599,105.990189162,66.962000000,100,1410,1215,31,0
10600,106.000189545,66.962000000,100,1410,1215,31,0
10601,106.010189908,66.962000000,100,1410,1215,31,0
10602,106.020194939,66.962000000,100,1410,1215,31,0
10603,106.030189952,66.962000000,100,1410,1215,31,0
10604,106.040189583,66.962000000,100,1410,1215,31,0
10605,106.050190847,66.962000000,100,1410,1215,31,0
10606,106.060191080,66.962000000,100,1410,1215,31,0
10607,106.070189929,66.962000000,100,1410,1215,31,0
10608,106.080190242,66.962000000,100,1410,1215,31,0
10609,106.090214149,66.962000000,100,1410,1215,31,0
10610,106.100189725,66.962000000,100,1410,1215,31,0
10611,106.110190098,66.962000000,100,1410,1215,31,0
10612,106.120189047,66.962000000,100,1410,1215,31,0
10613,106.130193618,66.962000000,100,1410,1215,31,0
10614,106.140190043,66.962000000,100,1410,1215,31,0
10615,106.150190376,66.962000000,100,1410,1215,31,0
10616,106.160191420,66.962000000,100,1410,1215,31,0
10617,106.170193706,66.962000000,100,1410,1215,31,0
10618,106.180189891,66.962000000,100,1410,1215,31,0
10619,106.190190173,66.962000000,100,1410,1215,31,0
10620,106.200189284,66.962000000,100,1410,1215,31,0
10621,106.210189436,66.962000000,100,1410,1215,31,0
10622,106.220189338,66.962000000,100,1410,1215,31,0
10623,106.230194639,66.962000000,100,1410,1215,31,0
10624,106.240189442,66.962000000,100,1410,1215,31,0
10625,106.250190466,66.872000000,100,1410,1215,31,0
10626,106.260190498,66.872000000,100,1410,1215,31,0
10627,106.270194046,66.872000000,100,1410,1215,31,0
10628,106.280189480,66.872000000,100,1410,1215,31,0
10629,106.290189672,66.872000000,100,1410,1215,31,0
10630,106.300194844,66.872000000,100,1410,1215,31,0
10631,106.310190668,66.872000000,100,1410,1215,31,0
10632,106.320189127,66.872000000,100,1410,1215,31,0
10633,106.330190381,66.872000000,100,1410,1215,31,0
10634,106.340189552,66.872000000,100,1410,1215,31,0
10635,106.350191046,66.872000000,100,1410,1215,31,0
10636,106.360191269,66.962000000,100,1410,1215,31,0
10637,106.370189768,66.962000000,100,1410,1215,31,0
10638,106.380194068,66.962000000,100,1410,1215,31,0
10639,106.390189331,66.962000000,100,1410,1215,31,0
10640,106.400189433,66.962000000,100,1410,1215,31,0
10641,106.410189405,66.962000000,100,1410,1215,31,0
10642,106.420189848,66.962000000,100,1410,1215,31,0
10643,106.430190701,66.962000000,100,1410,1215,31,0
10644,106.440189511,66.962000000,100,1410,1215,31,0
10645,106.450190575,66.962000000,100,1410,1215,31,0
10646,106.460194635,66.981000000,100,1410,1215,31,0
10647,106.470193905,66.981000000,100,1410,1215,31,0
10648,106.480190661,66.981000000,100,1410,1215,31,0
10649,106.490190974,66.981000000,100,1410,1215,31,0
10650,106.500189292,66.981000000,100,1410,1215,31,0
10651,106.510189775,66.981000000,100,1410,1215,31,0
10652,106.520195338,66.981000000,100,1410,1215,31,0
10653,106.530191212,66.981000000,100,1410,1215,31,0
10654,106.540189951,66.981000000,100,1410,1215,31,0
10655,106.554553080,67.176000000,100,1410,1215,31,0
10656,106.560191168,67.176000000,100,1410,1215,31,0
10657,106.570188795,67.176000000,100,1410,1215,31,0
10658,106.580189799,67.176000000,100,1410,1215,31,0
10659,106.590189120,67.176000000,100,1410,1215,31,0
10660,106.600189713,67.176000000,100,1410,1215,31,0
10661,106.610189975,67.176000000,100,1410,1215,31,0
10662,106.620189516,67.176000000,100,1410,1215,31,0
10663,106.630190751,67.176000000,100,1410,1215,31,0
10664,106.640190522,67.176000000,100,1410,1215,31,0
10665,106.650189813,67.176000000,100,1410,1215,31,0
10666,106.660189725,67.073000000,100,1410,1215,31,0
10667,106.670190007,67.073000000,100,1410,1215,31,0
10668,106.680191231,67.073000000,100,1410,1215,31,0
10669,106.690189650,67.073000000,100,1410,1215,31,0
10670,106.700188610,67.073000000,100,1410,1215,31,0
10671,106.710189654,67.073000000,100,1410,1215,31,0
10672,106.720188664,67.073000000,100,1410,1215,31,0
10673,106.730190480,67.073000000,100,1410,1215,31,0
10674,106.740188628,67.073000000,100,1410,1215,31,0
10675,106.750191546,67.073000000,100,1410,1215,31,0
10676,106.760189924,66.968000000,100,1410,1215,31,0
10677,106.770188644,66.968000000,100,1410,1215,31,0
10678,106.780189728,66.968000000,100,1410,1215,31,0
10679,106.790188778,66.968000000,100,1410,1215,31,0
10680,106.800189321,66.968000000,100,1410,1215,31,0
10681,106.810188722,66.968000000,100,1410,1215,31,0
10682,106.820188243,66.968000000,100,1410,1215,31,0
10683,106.830189698,66.968000000,100,1410,1215,31,0
10684,106.840189680,66.968000000,100,1410,1215,31,0
10685,106.850193769,66.968000000,100,1410,1215,31,0
10686,106.860190756,66.865000000,100,1410,1215,31,0
10687,106.870188664,66.865000000,100,1410,1215,31,0
10688,106.880189718,66.865000000,100,1410,1215,31,0
10689,106.890190130,66.865000000,100,1410,1215,31,0
10690,106.900194070,66.865000000,100,1410,1215,31,0
10691,106.910190034,66.865000000,100,1410,1215,31,0
10692,106.920188964,66.865000000,100,1410,1215,31,0
10693,106.930190389,66.865000000,100,1410,1215,31,0
10694,106.940189890,66.865000000,100,1410,1215,31,0
10695,106.950191014,66.865000000,100,1410,1215,31,0
10696,106.960189513,67.000000000,100,1410,1215,31,0
10697,106.970189204,67.000000000,100,1410,1215,31,0
10698,106.980188074,67.000000000,100,1410,1215,31,0
10699,106.990189178,67.000000000,100,1410,1215,31,0
10700,107.000188529,67.000000000,100,1410,1215,31,0
10701,107.010189012,67.000000000,100,1410,1215,31,0
10702,107.020190787,67.000000000,100,1410,1215,31,0
10703,107.030190829,67.000000000,100,1410,1215,31,0
10704,107.040190190,67.000000000,100,1410,1215,31,0
10705,107.050191063,67.000000000,100,1410,1215,31,0
10706,107.060190745,66.975000000,100,1410,1215,31,0
10707,107.070189925,66.975000000,100,1410,1215,31,0
10708,107.080190478,66.975000000,100,1410,1215,31,0
10709,107.090191001,66.975000000,100,1410,1215,31,0
10710,107.100191013,66.975000000,100,1410,1215,31,0
10711,107.110189933,66.975000000,100,1410,1215,31,0
10712,107.120190376,66.975000000,100,1410,1215,31,0
10713,107.130190117,66.975000000,100,1410,1215,31,0
10714,107.140193646,66.975000000,100,1410,1215,31,0
10715,107.150190732,66.975000000,100,1410,1215,31,0
10716,107.160194561,66.962000000,100,1410,1215,31,0
10717,107.170188522,66.962000000,100,1410,1215,31,0
10718,107.180190087,66.962000000,100,1410,1215,31,0
10719,107.190189628,66.962000000,100,1410,1215,31,0
10720,107.200377793,66.962000000,100,1410,1215,31,0
10721,107.210190023,66.962000000,100,1410,1215,31,0
10722,107.220193391,66.962000000,100,1410,1215,31,0
10723,107.230190588,66.962000000,100,1410,1215,31,0
10724,107.240190830,66.962000000,100,1410,1215,31,0
10725,107.250189489,66.962000000,100,1410,1215,31,0
10726,107.260191746,67.078000000,100,1410,1215,31,0
10727,107.270194793,67.078000000,100,1410,1215,31,0
10728,107.280194044,67.078000000,100,1410,1215,31,0
10729,107.290189167,67.078000000,100,1410,1215,31,0
10730,107.300189209,67.078000000,100,1410,1215,31,0
10731,107.310194040,67.078000000,100,1410,1215,31,0
10732,107.320194422,67.078000000,100,1410,1215,31,0
10733,107.330189305,67.078000000,100,1410,1215,31,0
10734,107.340189036,67.078000000,100,1410,1215,31,0
10735,107.350189559,67.078000000,100,1410,1215,31,0
10736,107.360192266,67.079000000,100,1410,1215,31,0
10737,107.370189293,67.079000000,100,1410,1215,31,0
10738,107.380189856,67.079000000,100,1410,1215,31,0
10739,107.390189126,67.079000000,100,1410,1215,31,0
10740,107.400190290,67.079000000,100,1410,1215,31,0
10741,107.410189921,67.079000000,100,1410,1215,31,0
10742,107.420190004,67.079000000,100,1410,1215,31,0
10743,107.430190376,67.079000000,100,1410,1215,31,0
10744,107.440189637,67.079000000,100,1410,1215,31,0
10745,107.450189990,67.079000000,100,1410,1215,31,0
10746,107.460191274,66.962000000,100,1410,1215,31,0
10747,107.470189793,66.962000000,100,1410,1215,31,0
10748,107.480193863,66.962000000,100,1410,1215,31,0
10749,107.490190448,66.962000000,100,1410,1215,31,0
10750,107.500193656,66.962000000,100,1410,1215,31,0
10751,107.510189370,66.962000000,100,1410,1215,31,0
10752,107.520189683,66.962000000,100,1410,1215,31,0
10753,107.530190616,66.962000000,100,1410,1215,31,0
10754,107.540193905,66.962000000,100,1410,1215,31,0
10755,107.550190961,66.962000000,100,1410,1215,31,0
10756,107.560194980,66.767000000,100,1410,1215,31,0
10757,107.570191115,66.767000000,100,1410,1215,31,0
10758,107.580193922,66.767000000,100,1410,1215,31,0
10759,107.590189446,66.767000000,100,1410,1215,31,0
10760,107.600194467,66.767000000,100,1410,1215,31,0
10761,107.610194249,66.767000000,100,1410,1215,31,0
10762,107.620189462,66.767000000,100,1410,1215,31,0
10763,107.630190656,66.767000000,100,1410,1215,31,0
10764,107.640189476,66.767000000,100,1410,1215,31,0
10765,107.650190490,66.767000000,100,1410,1215,31,0
10766,107.660194369,66.883000000,100,1410,1215,31,0
10767,107.670188961,66.883000000,100,1410,1215,31,0
10768,107.680193431,66.883000000,100,1410,1215,31,0
10769,107.690191028,66.883000000,100,1410,1215,31,0
10770,107.700190790,66.883000000,100,1410,1215,31,0
10771,107.710189028,66.883000000,100,1410,1215,31,0
10772,107.720189421,66.883000000,100,1410,1215,31,0
10773,107.730190175,66.883000000,100,1410,1215,31,0
10774,107.740189876,66.883000000,100,1410,1215,31,0
10775,107.750190038,66.883000000,100,1410,1215,31,0
10776,107.760191192,66.980000000,100,1410,1215,31,0
10777,107.770190954,66.980000000,100,1410,1215,31,0
10778,107.780189303,66.980000000,100,1410,1215,31,0
10779,107.790194114,66.980000000,100,1410,1215,31,0
10780,107.800188194,66.980000000,100,1410,1215,31,0
10781,107.810189930,66.980000000,100,1410,1215,31,0
10782,107.820194089,66.980000000,100,1410,1215,31,0
10783,107.830190795,66.980000000,100,1410,1215,31,0
10784,107.840194013,66.980000000,100,1410,1215,31,0
10785,107.850189877,66.980000000,100,1410,1215,31,0
10786,107.860191202,67.059000000,100,1410,1215,31,0
10787,107.870189911,67.059000000,100,1410,1215,31,0
10788,107.880193891,67.059000000,100,1410,1215,31,0
10789,107.890210915,67.059000000,100,1410,1215,31,0
10790,107.900195217,67.059000000,100,1410,1215,31,0
10791,107.910201080,67.059000000,100,1410,1215,31,0
10792,107.920192816,67.059000000,100,1410,1215,31,0
10793,107.930188450,67.059000000,100,1410,1215,31,0
10794,107.940187340,67.059000000,100,1410,1215,31,0
10795,107.950192121,67.059000000,100,1410,1215,31,0
10796,107.960191271,66.864000000,100,1410,1215,31,0
10797,107.970190121,66.864000000,100,1410,1215,31,0
10798,107.980190614,66.864000000,100,1410,1215,31,0
10799,107.990190185,66.864000000,100,1410,1215,31,0
10800,108.000189977,66.864000000,100,1410,1215,31,0
10801,108.010190249,66.864000000,100,1410,1215,31,0
10802,108.020189009,66.864000000,100,1410,1215,31,0
10803,108.030190884,66.864000000,100,1410,1215,31,0
10804,108.040189093,66.864000000,100,1410,1215,31,0
10805,108.050191459,66.864000000,100,1410,1215,31,0
10806,108.060191111,66.865000000,100,1410,1215,31,0
10807,108.070189750,66.865000000,100,1410,1215,31,0
10808,108.080189822,66.865000000,100,1410,1215,31,0
10809,108.090189604,66.865000000,100,1410,1215,31,0
10810,108.100189686,66.865000000,100,1410,1215,31,0
10811,108.110189998,66.865000000,100,1410,1215,31,0
10812,108.120194579,66.865000000,100,1410,1215,31,0
10813,108.130191966,66.865000000,100,1410,1215,31,0
10814,108.140190495,66.865000000,100,1410,1215,31,0
10815,108.150192090,66.865000000,100,1410,1215,31,0
10816,108.160191811,66.840000000,100,1410,1215,31,0
10817,108.170189599,66.840000000,100,1410,1215,31,0
10818,108.180190162,66.840000000,100,1410,1215,31,0
10819,108.190190475,66.840000000,100,1410,1215,31,0
10820,108.200190306,66.840000000,100,1410,1215,31,0
10821,108.210189056,66.840000000,100,1410,1215,31,0
10822,108.220189759,66.840000000,100,1410,1215,31,0
10823,108.230189942,66.840000000,100,1410,1215,31,0
10824,108.240190074,66.840000000,100,1410,1215,31,0
10825,108.250190406,66.840000000,100,1410,1215,31,0
10826,108.260191380,66.871000000,100,1410,1215,31,0
10827,108.270189809,66.871000000,100,1410,1215,31,0
10828,108.280191915,66.871000000,100,1410,1215,31,0
10829,108.290190214,66.871000000,100,1410,1215,31,0
10830,108.300189765,66.871000000,100,1410,1215,31,0
10831,108.310189436,66.871000000,100,1410,1215,31,0
10832,108.320189408,66.871000000,100,1410,1215,31,0
10833,108.330194900,66.871000000,100,1410,1215,31,0
10834,108.340189692,66.871000000,100,1410,1215,31,0
10835,108.350190576,66.871000000,100,1410,1215,31,0
10836,108.360191600,66.865000000,100,1410,1215,31,0
10837,108.370190460,66.865000000,100,1410,1215,31,0
10838,108.380189871,66.865000000,100,1410,1215,31,0
10839,108.390189412,66.865000000,100,1410,1215,31,0
10840,108.400189163,66.865000000,100,1410,1215,31,0
10841,108.410190698,66.865000000,100,1410,1215,31,0
10842,108.420190159,66.865000000,100,1410,1215,31,0
10843,108.430190481,66.865000000,100,1410,1215,31,0
10844,108.440189622,66.865000000,100,1410,1215,31,0
10845,108.450190315,66.865000000,100,1410,1215,31,0
10846,108.460220644,66.962000000,100,1410,1215,31,0
10847,108.470192603,66.962000000,100,1410,1215,31,0
10848,108.480190311,66.962000000,100,1410,1215,31,0
10849,108.490190654,66.962000000,100,1410,1215,31,0
10850,108.500194793,66.962000000,100,1410,1215,31,0
10851,108.510191289,66.962000000,100,1410,1215,31,0
10852,108.520190549,66.962000000,100,1410,1215,31,0
10853,108.530194328,66.962000000,100,1410,1215,31,0
10854,108.540190363,66.962000000,100,1410,1215,31,0
10855,108.550190285,66.962000000,100,1410,1215,31,0
10856,108.560190567,66.982000000,100,1410,1215,31,0
10857,108.570189777,66.982000000,100,1410,1215,31,0
10858,108.580190100,66.982000000,100,1410,1215,31,0
10859,108.590189501,66.982000000,100,1410,1215,31,0
10860,108.600193580,66.982000000,100,1410,1215,31,0
10861,108.610190116,66.982000000,100,1410,1215,31,0
10862,108.620194045,66.982000000,100,1410,1215,31,0
10863,108.630190070,66.982000000,100,1410,1215,31,0
10864,108.640189090,66.982000000,100,1410,1215,31,0
10865,108.650190384,66.982000000,100,1410,1215,31,0
10866,108.660191258,67.078000000,100,1410,1215,31,0
10867,108.670189096,67.078000000,100,1410,1215,31,0
10868,108.680189829,67.078000000,100,1410,1215,31,0
10869,108.690193939,67.078000000,100,1410,1215,31,0
10870,108.700192598,67.078000000,100,1410,1215,31,0
10871,108.710189845,67.078000000,100,1410,1215,31,0
10872,108.720189787,67.078000000,100,1410,1215,31,0
10873,108.730190730,67.078000000,100,1410,1215,31,0
10874,108.740189720,67.078000000,100,1410,1215,31,0
10875,108.750190013,67.078000000,100,1410,1215,31,0
10876,108.760190646,67.097000000,100,1410,1215,31,0
10877,108.770189135,67.097000000,100,1410,1215,31,0
10878,108.780190319,67.097000000,100,1410,1215,31,0
10879,108.790194068,67.097000000,100,1410,1215,31,0
10880,108.800189742,67.097000000,100,1410,1215,31,0
10881,108.810189934,67.097000000,100,1410,1215,31,0
10882,108.820190107,67.097000000,100,1410,1215,31,0
10883,108.830190179,67.097000000,100,1410,1215,31,0
10884,108.840188898,67.097000000,100,1410,1215,31,0
10885,108.850191145,67.097000000,100,1410,1215,31,0
10886,108.860191728,66.866000000,100,1410,1215,31,0
10887,108.870191519,66.866000000,100,1410,1215,31,0
10888,108.880190179,66.866000000,100,1410,1215,31,0
10889,108.890194579,66.866000000,100,1410,1215,31,0
10890,108.900190814,66.866000000,100,1410,1215,31,0
10891,108.910212897,66.866000000,100,1410,1215,31,0
10892,108.920191980,66.866000000,100,1410,1215,31,0
10893,108.930197532,66.866000000,100,1410,1215,31,0
10894,108.940189429,66.866000000,100,1410,1215,31,0
10895,108.950190703,66.866000000,100,1410,1215,31,0
10896,108.960191166,67.059000000,100,1410,1215,31,0
10897,108.970190056,67.059000000,100,1410,1215,31,0
10898,108.980190829,67.059000000,100,1410,1215,31,0
10899,108.990189939,67.059000000,100,1410,1215,31,0
10900,109.000190052,67.059000000,100,1410,1215,31,0
10901,109.010190825,67.059000000,100,1410,1215,31,0
10902,109.020193412,67.059000000,100,1410,1215,31,0
10903,109.030190007,67.059000000,100,1410,1215,31,0
10904,109.040189528,67.059000000,100,1410,1215,31,0
10905,109.050191905,67.059000000,100,1410,1215,31,0
10906,109.060191085,66.883000000,100,1410,1215,31,0
10907,109.070189344,66.883000000,100,1410,1215,31,0
10908,109.080190558,66.883000000,100,1410,1215,31,0
10909,109.090189769,66.883000000,100,1410,1215,31,0
10910,109.100189290,66.883000000,100,1410,1215,31,0
10911,109.110189712,66.883000000,100,1410,1215,31,0
10912,109.120189354,66.883000000,100,1410,1215,31,0
10913,109.130191379,66.883000000,100,1410,1215,31,0
10914,109.140194868,66.883000000,100,1410,1215,31,0
10915,109.150190762,66.883000000,100,1410,1215,31,0
10916,109.160190393,66.883000000,100,1410,1215,31,0
10917,109.170190195,66.883000000,100,1410,1215,31,0
10918,109.180189936,66.883000000,100,1410,1215,31,0
10919,109.190189538,66.883000000,100,1410,1215,31,0
10920,109.200189449,66.883000000,100,1410,1215,31,0
10921,109.210191565,66.883000000,100,1410,1215,31,0
10922,109.220190385,66.883000000,100,1410,1215,31,0
10923,109.230191920,66.883000000,100,1410,1215,31,0
10924,109.240190188,66.883000000,100,1410,1215,31,0
10925,109.250191353,66.883000000,100,1410,1215,31,0
10926,109.260191184,66.871000000,100,1410,1215,31,0
10927,109.270190234,66.871000000,100,1410,1215,31,0
10928,109.280189585,66.871000000,100,1410,1215,31,0
10929,109.290189417,66.871000000,100,1410,1215,31,0
10930,109.300190210,66.871000000,100,1410,1215,31,0
10931,109.310189220,66.871000000,100,1410,1215,31,0
10932,109.320189703,66.871000000,100,1410,1215,31,0
10933,109.330189284,66.871000000,100,1410,1215,31,0
10934,109.340189827,66.871000000,100,1410,1215,31,0
10935,109.350190981,66.871000000,100,1410,1215,31,0
10936,109.360191254,66.883000000,100,1410,1215,31,0
10937,109.370190274,66.883000000,100,1410,1215,31,0
10938,109.380189735,66.883000000,100,1410,1215,31,0
10939,109.390189787,66.883000000,100,1410,1215,31,0
10940,109.400189007,66.883000000,100,1410,1215,31,0
10941,109.410190362,66.883000000,100,1410,1215,31,0
10942,109.420193940,66.883000000,100,1410,1215,31,0
10943,109.430191117,66.883000000,100,1410,1215,31,0
10944,109.440194375,66.883000000,100,1410,1215,31,0
10945,109.450191041,66.883000000,100,1410,1215,31,0
10946,109.460190251,67.059000000,100,1410,1215,31,0
10947,109.470190644,67.059000000,100,1410,1215,31,0
10948,109.480186408,67.059000000,100,1410,1215,31,0
10949,109.490190407,67.059000000,100,1410,1215,31,0
10950,109.500188796,67.059000000,100,1410,1215,31,0
10951,109.510193878,67.059000000,100,1410,1215,31,0
10952,109.520190654,67.059000000,100,1410,1215,31,0
10953,109.530191668,67.059000000,100,1410,1215,31,0
10954,109.540189836,67.059000000,100,1410,1215,31,0
10955,109.550190650,67.059000000,100,1410,1215,31,0
10956,109.560191253,66.859000000,100,1410,1215,31,0
10957,109.570189101,66.859000000,100,1410,1215,31,0
10958,109.580185816,66.859000000,100,1410,1215,31,0
10959,109.590189074,66.859000000,100,1410,1215,31,0
10960,109.600189517,66.859000000,100,1410,1215,31,0
10961,109.610189068,66.859000000,100,1410,1215,31,0
10962,109.620189631,66.859000000,100,1410,1215,31,0
10963,109.630190715,66.859000000,100,1410,1215,31,0
10964,109.640190076,66.859000000,100,1410,1215,31,0
10965,109.650190098,66.859000000,100,1410,1215,31,0
10966,109.660194829,66.871000000,100,1410,1215,31,0
10967,109.670189901,66.871000000,100,1410,1215,31,0
10968,109.680185415,66.871000000,100,1410,1215,31,0
10969,109.690189915,66.871000000,100,1410,1215,31,0
10970,109.700189046,66.871000000,100,1410,1215,31,0
10971,109.710190530,66.871000000,100,1410,1215,31,0
10972,109.720190663,66.871000000,100,1410,1215,31,0
10973,109.730191246,66.871000000,100,1410,1215,31,0
10974,109.740192129,66.871000000,100,1410,1215,31,0
10975,109.750191460,66.871000000,100,1410,1215,31,0
10976,109.760192354,66.981000000,100,1410,1215,31,0
10977,109.770189640,66.981000000,100,1410,1215,31,0
10978,109.780185695,66.981000000,100,1410,1215,31,0
10979,109.790189795,66.981000000,100,1410,1215,31,0
10980,109.800189396,66.981000000,100,1410,1215,31,0
10981,109.810190640,66.981000000,100,1410,1215,31,0
10982,109.820190171,66.981000000,100,1410,1215,31,0
10983,109.830189632,66.981000000,100,1410,1215,31,0
10984,109.840189413,66.981000000,100,1410,1215,31,0
10985,109.850189626,66.981000000,100,1410,1215,31,0
10986,109.860191000,66.981000000,100,1410,1215,31,0
10987,109.870189710,66.981000000,100,1410,1215,31,0
10988,109.880185243,66.981000000,100,1410,1215,31,0
10989,109.890190505,66.981000000,100,1410,1215,31,0
10990,109.900189475,66.981000000,100,1410,1215,31,0
10991,109.910189878,66.981000000,100,1410,1215,31,0
10992,109.920193667,66.981000000,100,1410,1215,31,0
10993,109.930190533,66.981000000,100,1410,1215,31,0
10994,109.940190074,66.981000000,100,1410,1215,31,0
10995,109.950191318,66.981000000,100,1410,1215,31,0
10996,109.960190278,67.060000000,100,1410,1215,31,0
10997,109.970189308,67.060000000,100,1410,1215,31,0
10998,109.980191765,67.060000000,100,1410,1215,31,0
10999,109.990190444,67.060000000,100,1410,1215,31,0
11000,110.000189224,67.060000000,100,1410,1215,31,0
11001,110.010190248,67.060000000,100,1410,1215,31,0
11002,110.020191041,67.060000000,100,1410,1215,31,0
11003,110.030193819,67.060000000,100,1410,1215,31,0
11004,110.040189512,67.060000000,100,1410,1215,31,0
11005,110.050193211,67.060000000,100,1410,1215,31,0
11006,110.060190739,67.188000000,100,1410,1215,31,0
11007,110.070190300,67.188000000,100,1410,1215,31,0
11008,110.080192065,67.188000000,100,1410,1215,31,0
11009,110.090188520,67.188000000,100,1410,1215,31,0
11010,110.100189704,67.188000000,100,1410,1215,31,0
11011,110.110189746,67.188000000,100,1410,1215,31,0
11012,110.120190269,67.188000000,100,1410,1215,31,0
11013,110.130190231,67.188000000,100,1410,1215,31,0
11014,110.140190844,67.188000000,100,1410,1215,31,0
11015,110.150190195,67.188000000,100,1410,1215,31,0
11016,110.160190858,67.176000000,100,1410,1215,31,0
11017,110.170188405,67.176000000,100,1410,1215,31,0
11018,110.180189690,67.176000000,100,1410,1215,31,0
11019,110.190193719,67.176000000,100,1410,1215,31,0
11020,110.200189363,67.176000000,100,1410,1215,31,0
11021,110.210190557,67.176000000,100,1410,1215,31,0
11022,110.220189247,67.176000000,100,1410,1215,31,0
11023,110.230190501,67.176000000,100,1410,1215,31,0
11024,110.240189722,67.176000000,100,1410,1215,31,0
11025,110.250190996,67.176000000,100,1410,1215,31,0
11026,110.260190677,66.962000000,100,1410,1215,31,0
11027,110.270194296,66.962000000,100,1410,1215,31,0
11028,110.280189739,66.962000000,100,1410,1215,31,0
11029,110.290190222,66.962000000,100,1410,1215,31,0
11030,110.300189733,66.962000000,100,1410,1215,31,0
11031,110.310192841,66.962000000,100,1410,1215,31,0
11032,110.320194666,66.962000000,100,1410,1215,31,0
11033,110.330189939,66.962000000,100,1410,1215,31,0
11034,110.340189340,66.962000000,100,1410,1215,31,0
11035,110.350188460,66.962000000,100,1410,1215,31,0
11036,110.360191869,66.962000000,100,1410,1215,31,0
11037,110.370190328,66.962000000,100,1410,1215,31,0
11038,110.380190019,66.962000000,100,1410,1215,31,0
11039,110.390190492,66.962000000,100,1410,1215,31,0
11040,110.400194401,66.962000000,100,1410,1215,31,0
11041,110.410189825,66.962000000,100,1410,1215,31,0
11042,110.420189656,66.962000000,100,1410,1215,31,0
11043,110.430190480,66.962000000,100,1410,1215,31,0
11044,110.440189981,66.962000000,100,1410,1215,31,0
11045,110.450191145,66.962000000,100,1410,1215,31,0
11046,110.460191658,67.078000000,100,1410,1215,31,0
11047,110.470189355,67.078000000,100,1410,1215,31,0
11048,110.480189337,67.078000000,100,1410,1215,31,0
11049,110.490190521,67.078000000,100,1410,1215,31,0
11050,110.500189672,67.078000000,100,1410,1215,31,0
11051,110.510190135,67.078000000,100,1410,1215,31,0
11052,110.520191138,67.078000000,100,1410,1215,31,0
11053,110.530195238,67.078000000,100,1410,1215,31,0
11054,110.540190140,67.078000000,100,1410,1215,31,0
11055,110.550190844,67.078000000,100,1410,1215,31,0
11056,110.560190695,66.864000000,100,1410,1215,31,0
11057,110.570190327,66.864000000,100,1410,1215,31,0
11058,110.580190108,66.864000000,100,1410,1215,31,0
11059,110.590189859,66.864000000,100,1410,1215,31,0
11060,110.600189791,66.864000000,100,1410,1215,31,0
11061,110.610193631,66.864000000,100,1410,1215,31,0
11062,110.620189865,66.864000000,100,1410,1215,31,0
11063,110.630190148,66.864000000,100,1410,1215,31,0
11064,110.640190921,66.864000000,100,1410,1215,31,0
11065,110.650190612,66.864000000,100,1410,1215,31,0
11066,110.660190715,66.981000000,100,1410,1215,31,0
11067,110.670189845,66.981000000,100,1410,1215,31,0
11068,110.680193614,66.981000000,100,1410,1215,31,0
11069,110.690193846,66.981000000,100,1410,1215,31,0
11070,110.700189921,66.981000000,100,1410,1215,31,0
11071,110.710189983,66.981000000,100,1410,1215,31,0
11072,110.720190245,66.981000000,100,1410,1215,31,0
11073,110.730194295,66.981000000,100,1410,1215,31,0
11074,110.740189548,66.981000000,100,1410,1215,31,0
11075,110.750190922,66.981000000,100,1410,1215,31,0
11076,110.760190914,67.189000000,100,1410,1215,31,0
11077,110.770190556,67.189000000,100,1410,1215,31,0
11078,110.780190277,67.189000000,100,1410,1215,31,0
11079,110.790190139,67.189000000,100,1410,1215,31,0
11080,110.800194078,67.189000000,100,1410,1215,31,0
11081,110.810190383,67.189000000,100,1410,1215,31,0
11082,110.820190455,67.189000000,100,1410,1215,31,0
11083,110.830193753,67.189000000,100,1410,1215,31,0
11084,110.840190609,67.189000000,100,1410,1215,31,0
11085,110.850190661,67.189000000,100,1410,1215,31,0
11086,110.860190373,67.079000000,100,1410,1215,31,0
11087,110.870189042,67.079000000,100,1410,1215,31,0
11088,110.880190126,67.079000000,100,1410,1215,31,0
11089,110.890193564,67.079000000,100,1410,1215,31,0
11090,110.900190100,67.079000000,100,1410,1215,31,0
11091,110.910190252,67.079000000,100,1410,1215,31,0
11092,110.920189803,67.079000000,100,1410,1215,31,0
11093,110.930189895,67.079000000,100,1410,1215,31,0
11094,110.940190548,67.079000000,100,1410,1215,31,0
11095,110.950189859,67.079000000,100,1410,1215,31,0
11096,110.960191464,66.859000000,100,1410,1215,31,0
11097,110.970190484,66.859000000,100,1410,1215,31,0
11098,110.980190175,66.859000000,100,1410,1215,31,0
11099,110.990189115,66.859000000,100,1410,1215,31,0
11100,111.000189047,66.859000000,100,1410,1215,31,0
11101,111.010189580,66.859000000,100,1410,1215,31,0
11102,111.020188801,66.859000000,100,1410,1215,31,0
11103,111.030190586,66.859000000,100,1410,1215,31,0
11104,111.040189285,66.859000000,100,1410,1215,31,0
11105,111.050190740,66.859000000,100,1410,1215,31,0
11106,111.060191553,66.883000000,100,1410,1215,31,0
11107,111.070190253,66.883000000,100,1410,1215,31,0
11108,111.080190155,66.883000000,100,1410,1215,31,0
11109,111.090190527,66.883000000,100,1410,1215,31,0
11110,111.100190249,66.883000000,100,1410,1215,31,0
11111,111.110190742,66.883000000,100,1410,1215,31,0
11112,111.120190533,66.883000000,100,1410,1215,31,0
11113,111.130190395,66.883000000,100,1410,1215,31,0
11114,111.140189946,66.883000000,100,1410,1215,31,0
11115,111.150191100,66.883000000,100,1410,1215,31,0
11116,111.160191723,66.980000000,100,1410,1215,31,0
11117,111.170193649,66.980000000,100,1410,1215,31,0
11118,111.180190765,66.980000000,100,1410,1215,31,0
11119,111.190191128,66.980000000,100,1410,1215,31,0
11120,111.200190478,66.980000000,100,1410,1215,31,0
11121,111.210190611,66.980000000,100,1410,1215,31,0
11122,111.220190472,66.980000000,100,1410,1215,31,0
11123,111.230191737,66.980000000,100,1410,1215,31,0
11124,111.240190897,66.980000000,100,1410,1215,31,0
11125,111.250194526,66.980000000,100,1410,1215,31,0
11126,111.260191402,66.864000000,100,1410,1215,31,0
11127,111.270190362,66.864000000,100,1410,1215,31,0
11128,111.280190945,66.864000000,100,1410,1215,31,0
11129,111.290195165,66.864000000,100,1410,1215,31,0
11130,111.300191019,66.864000000,100,1410,1215,31,0
11131,111.310191421,66.864000000,100,1410,1215,31,0
11132,111.320190261,66.864000000,100,1410,1215,31,0
11133,111.330191536,66.864000000,100,1410,1215,31,0
11134,111.340190035,66.864000000,100,1410,1215,31,0
11135,111.350191429,66.864000000,100,1410,1215,31,0
11136,111.360190910,66.962000000,100,1410,1215,31,0
11137,111.370190581,66.962000000,100,1410,1215,31,0
11138,111.380190333,66.962000000,100,1410,1215,31,0
11139,111.390190926,66.962000000,100,1410,1215,31,0
11140,111.400190347,66.962000000,100,1410,1215,31,0
11141,111.410193976,66.962000000,100,1410,1215,31,0
11142,111.420190451,66.962000000,100,1410,1215,31,0
11143,111.430191144,66.962000000,100,1410,1215,31,0
11144,111.440190615,66.962000000,100,1410,1215,31,0
11145,111.450191799,66.962000000,100,1410,1215,31,0
11146,111.460190719,67.097000000,100,1410,1215,31,0
11147,111.470194588,67.097000000,100,1410,1215,31,0
11148,111.480190933,67.097000000,100,1410,1215,31,0
11149,111.490194402,67.097000000,100,1410,1215,31,0
11150,111.500190326,67.097000000,100,1410,1215,31,0
11151,111.510189516,67.097000000,100,1410,1215,31,0
11152,111.520190631,67.097000000,100,1410,1215,31,0
11153,111.530190262,67.097000000,100,1410,1215,31,0
11154,111.540190063,67.097000000,100,1410,1215,31,0
11155,111.550191708,67.097000000,100,1410,1215,31,0
11156,111.560191760,66.864000000,100,1410,1215,31,0
11157,111.570189728,66.864000000,100,1410,1215,31,0
11158,111.580189510,66.864000000,100,1410,1215,31,0
11159,111.590193239,66.864000000,100,1410,1215,31,0
11160,111.600190285,66.864000000,100,1410,1215,31,0
11161,111.610190027,66.864000000,100,1410,1215,31,0
11162,111.620190590,66.864000000,100,1410,1215,31,0
11163,111.630194820,66.864000000,100,1410,1215,31,0
11164,111.640189932,66.864000000,100,1410,1215,31,0
11165,111.650191367,66.864000000,100,1410,1215,31,0
11166,111.660191459,66.664000000,100,1410,1215,31,0
11167,111.670190269,66.664000000,100,1410,1215,31,0
11168,111.680190191,66.664000000,100,1410,1215,31,0
11169,111.690189852,66.664000000,100,1410,1215,31,0
11170,111.700190365,66.664000000,100,1410,1215,31,0
11171,111.710189816,66.664000000,100,1410,1215,31,0
11172,111.720193685,66.664000000,100,1410,1215,31,0
11173,111.730190942,66.664000000,100,1410,1215,31,0
11174,111.740189872,66.664000000,100,1410,1215,31,0
11175,111.750190585,66.664000000,100,1410,1215,31,0
11176,111.760191158,66.865000000,100,1410,1215,31,0
11177,111.770190298,66.865000000,100,1410,1215,31,0
11178,111.780190410,66.865000000,100,1410,1215,31,0
11179,111.790191284,66.865000000,100,1410,1215,31,0
11180,111.800190174,66.865000000,100,1410,1215,31,0
11181,111.810189755,66.865000000,100,1410,1215,31,0
11182,111.820189907,66.865000000,100,1410,1215,31,0
11183,111.830190480,66.865000000,100,1410,1215,31,0
11184,111.840190201,66.865000000,100,1410,1215,31,0
11185,111.850190053,66.865000000,100,1410,1215,31,0
11186,111.860191137,66.981000000,100,1410,1215,31,0
11187,111.870191259,66.981000000,100,1410,1215,31,0
11188,111.880188867,66.981000000,100,1410,1215,31,0
11189,111.890189931,66.981000000,100,1410,1215,31,0
11190,111.900190193,66.981000000,100,1410,1215,31,0
11191,111.910190004,66.981000000,100,1410,1215,31,0
11192,111.920193603,66.981000000,100,1410,1215,31,0
11193,111.930191151,66.981000000,100,1410,1215,31,0
11194,111.940189750,66.981000000,100,1410,1215,31,0
11195,111.950192707,66.981000000,100,1410,1215,31,0
11196,111.960191577,66.676000000,100,1410,1215,31,0
11197,111.970189124,66.676000000,100,1410,1215,31,0
11198,111.980190489,66.676000000,100,1410,1215,31,0
11199,111.990191192,66.676000000,100,1410,1215,31,0
11200,112.000190563,66.676000000,100,1410,1215,31,0
11201,112.010190455,66.676000000,100,1410,1215,31,0
11202,112.020193532,66.676000000,100,1410,1215,31,0
11203,112.030190228,66.676000000,100,1410,1215,31,0
11204,112.040189769,66.676000000,100,1410,1215,31,0
11205,112.050190843,66.676000000,100,1410,1215,31,0
11206,112.060191135,66.871000000,100,1410,1215,31,0
11207,112.070189184,66.871000000,100,1410,1215,31,0
11208,112.080190899,66.871000000,100,1410,1215,31,0
11209,112.090190230,66.871000000,100,1410,1215,31,0
11210,112.100190181,66.871000000,100,1410,1215,31,0
11211,112.110190895,66.871000000,100,1410,1215,31,0
11212,112.120192439,66.871000000,100,1410,1215,31,0
11213,112.130192622,66.871000000,100,1410,1215,31,0
11214,112.140191231,66.871000000,100,1410,1215,31,0
11215,112.150193618,66.871000000,100,1410,1215,31,0
11216,112.160190754,67.176000000,100,1410,1215,31,0
11217,112.170189995,67.176000000,100,1410,1215,31,0
11218,112.180190097,67.176000000,100,1410,1215,31,0
11219,112.190189838,67.176000000,100,1410,1215,31,0
11220,112.200194509,67.176000000,100,1410,1215,31,0
11221,112.210190403,67.176000000,100,1410,1215,31,0
11222,112.220190004,67.176000000,100,1410,1215,31,0
11223,112.230190617,67.176000000,100,1410,1215,31,0
11224,112.240190359,67.176000000,100,1410,1215,31,0
11225,112.250190872,67.176000000,100,1410,1215,31,0
11226,112.260190944,66.756000000,100,1410,1215,31,0
11227,112.270189343,66.756000000,100,1410,1215,31,0
11228,112.280189364,66.756000000,100,1410,1215,31,0
11229,112.290190118,66.756000000,100,1410,1215,31,0
11230,112.300189789,66.756000000,100,1410,1215,31,0
11231,112.310190482,66.756000000,100,1410,1215,31,0
11232,112.320189833,66.756000000,100,1410,1215,31,0
11233,112.330190937,66.756000000,100,1410,1215,31,0
11234,112.340190418,66.756000000,100,1410,1215,31,0
11235,112.350190450,66.756000000,100,1410,1215,31,0
11236,112.360195822,66.754000000,100,1410,1215,31,0
11237,112.370191436,66.754000000,100,1410,1215,31,0
11238,112.380190576,66.754000000,100,1410,1215,31,0
11239,112.390190818,66.754000000,100,1410,1215,31,0
11240,112.400189859,66.754000000,100,1410,1215,31,0
11241,112.410190622,66.754000000,100,1410,1215,31,0
11242,112.420189442,66.754000000,100,1410,1215,31,0
11243,112.430190175,66.754000000,100,1410,1215,31,0
11244,112.440188824,66.754000000,100,1410,1215,31,0
11245,112.450190399,66.754000000,100,1410,1215,31,0
11246,112.460189970,66.865000000,100,1410,1215,31,0
11247,112.470190634,66.865000000,100,1410,1215,31,0
11248,112.480189213,66.865000000,100,1410,1215,31,0
11249,112.490190317,66.865000000,100,1410,1215,31,0
11250,112.500189557,66.865000000,100,1410,1215,31,0
11251,112.510189439,66.865000000,100,1410,1215,31,0
11252,112.520190132,66.865000000,100,1410,1215,31,0
11253,112.530190906,66.865000000,100,1410,1215,31,0
11254,112.540189926,66.865000000,100,1410,1215,31,0
11255,112.550191130,66.865000000,100,1410,1215,31,0
11256,112.560191573,67.078000000,100,1410,1215,31,0
11257,112.570191635,67.078000000,100,1410,1215,31,0
11258,112.580190424,67.078000000,100,1410,1215,31,0
11259,112.590190066,67.078000000,100,1410,1215,31,0
11260,112.600190418,67.078000000,100,1410,1215,31,0
11261,112.610191021,67.078000000,100,1410,1215,31,0
11262,112.620190793,67.078000000,100,1410,1215,31,0
11263,112.630190704,67.078000000,100,1410,1215,31,0
11264,112.640190997,67.078000000,100,1410,1215,31,0
11265,112.650190969,67.078000000,100,1410,1215,31,0
11266,112.660191502,66.962000000,100,1410,1215,31,0
11267,112.670190342,66.962000000,100,1410,1215,31,0
11268,112.680190293,66.962000000,100,1410,1215,31,0
11269,112.690190616,66.962000000,100,1410,1215,31,0
11270,112.700194224,66.962000000,100,1410,1215,31,0
11271,112.710189908,66.962000000,100,1410,1215,31,0
11272,112.720189800,66.962000000,100,1410,1215,31,0
11273,112.730191475,66.962000000,100,1410,1215,31,0
11274,112.740190936,66.962000000,100,1410,1215,31,0
11275,112.750190567,66.962000000,100,1410,1215,31,0
11276,112.760191070,66.968000000,100,1410,1215,31,0
11277,112.770194298,66.968000000,100,1410,1215,31,0
11278,112.780190994,66.968000000,100,1410,1215,31,0
11279,112.790189974,66.968000000,100,1410,1215,31,0
11280,112.800190467,66.968000000,100,1410,1215,31,0
11281,112.810189567,66.968000000,100,1410,1215,31,0
11282,112.820193857,66.968000000,100,1410,1215,31,0
11283,112.830194500,66.968000000,100,1410,1215,31,0
11284,112.840189853,66.968000000,100,1410,1215,31,0
11285,112.850189855,66.968000000,100,1410,1215,31,0
11286,112.860190759,67.091000000,100,1410,1215,31,0
11287,112.870193325,67.091000000,100,1410,1215,31,0
11288,112.880190252,67.091000000,100,1410,1215,31,0
11289,112.890190143,67.091000000,100,1410,1215,31,0
11290,112.900188492,67.091000000,100,1410,1215,31,0
11291,112.910190448,67.091000000,100,1410,1215,31,0
11292,112.920194076,67.091000000,100,1410,1215,31,0
11293,112.930192175,67.091000000,100,1410,1215,31,0
11294,112.940190654,67.091000000,100,1410,1215,31,0
11295,112.950190305,67.091000000,100,1410,1215,31,0
11296,112.960190117,66.981000000,100,1410,1215,31,0
11297,112.970189568,66.981000000,100,1410,1215,31,0
11298,112.980189579,66.981000000,100,1410,1215,31,0
11299,112.990189712,66.981000000,100,1410,1215,31,0
11300,113.000189213,66.981000000,100,1410,1215,31,0
11301,113.010189185,66.981000000,100,1410,1215,31,0
11302,113.020189487,66.981000000,100,1410,1215,31,0
11303,113.030189399,66.981000000,100,1410,1215,31,0
11304,113.040188679,66.981000000,100,1410,1215,31,0
11305,113.050190224,66.981000000,100,1410,1215,31,0
11306,113.060190446,66.871000000,100,1410,1215,31,0
11307,113.070188775,66.871000000,100,1410,1215,31,0
11308,113.080189949,66.871000000,100,1410,1215,31,0
11309,113.090190442,66.871000000,100,1410,1215,31,0
11310,113.100189823,66.871000000,100,1410,1215,31,0
11311,113.110189504,66.871000000,100,1410,1215,31,0
11312,113.120190408,66.871000000,100,1410,1215,31,0
11313,113.130190710,66.871000000,100,1410,1215,31,0
11314,113.140190221,66.871000000,100,1410,1215,31,0
11315,113.150191095,66.871000000,100,1410,1215,31,0
11316,113.160191107,66.865000000,100,1410,1215,31,0
11317,113.170189896,66.865000000,100,1410,1215,31,0
11318,113.180190309,66.865000000,100,1410,1215,31,0
11319,113.190190281,66.865000000,100,1410,1215,31,0
11320,113.200191055,66.865000000,100,1410,1215,31,0
11321,113.210194052,66.865000000,100,1410,1215,31,0
11322,113.220190117,66.865000000,100,1410,1215,31,0
11323,113.230190700,66.865000000,100,1410,1215,31,0
11324,113.240190040,66.865000000,100,1410,1215,31,0
11325,113.250190683,66.865000000,100,1410,1215,31,0
11326,113.260191226,66.962000000,100,1410,1215,31,0
11327,113.270194404,66.962000000,100,1410,1215,31,0
11328,113.280190339,66.962000000,100,1410,1215,31,0
11329,113.290189158,66.962000000,100,1410,1215,31,0
11330,113.300190282,66.962000000,100,1410,1215,31,0
11331,113.310194803,66.962000000,100,1410,1215,31,0
11332,113.320190336,66.962000000,100,1410,1215,31,0
11333,113.330190679,66.962000000,100,1410,1215,31,0
11334,113.340194357,66.962000000,100,1410,1215,31,0
11335,113.350191394,66.962000000,100,1410,1215,31,0
11336,113.360190815,67.079000000,100,1410,1215,31,0
11337,113.370191027,67.079000000,100,1410,1215,31,0
11338,113.380190268,67.079000000,100,1410,1215,31,0
11339,113.390189829,67.079000000,100,1410,1215,31,0
11340,113.400189821,67.079000000,100,1410,1215,31,0
11341,113.410189883,67.079000000,100,1410,1215,31,0
11342,113.420190365,67.079000000,100,1410,1215,31,0
11343,113.430195797,67.079000000,100,1410,1215,31,0
11344,113.440191912,67.079000000,100,1410,1215,31,0
11345,113.450192044,67.079000000,100,1410,1215,31,0
11346,113.460192437,66.981000000,100,1410,1215,31,0
11347,113.470195515,66.981000000,100,1410,1215,31,0
11348,113.480190928,66.981000000,100,1410,1215,31,0
11349,113.490189948,66.981000000,100,1410,1215,31,0
11350,113.500189148,66.981000000,100,1410,1215,31,0
11351,113.510190453,66.981000000,100,1410,1215,31,0
11352,113.520190665,66.981000000,100,1410,1215,31,0
11353,113.530190978,66.981000000,100,1410,1215,31,0
11354,113.540190168,66.981000000,100,1410,1215,31,0
11355,113.550191723,66.981000000,100,1410,1215,31,0
11356,113.560190713,66.962000000,100,1410,1215,31,0
11357,113.570189933,66.962000000,100,1410,1215,31,0
11358,113.580189915,66.962000000,100,1410,1215,31,0
11359,113.590193995,66.962000000,100,1410,1215,31,0
11360,113.600190079,66.962000000,100,1410,1215,31,0
11361,113.610189741,66.962000000,100,1410,1215,31,0
11362,113.620190654,66.962000000,100,1410,1215,31,0
11363,113.630190586,66.962000000,100,1410,1215,31,0
11364,113.640189877,66.962000000,100,1410,1215,31,0
11365,113.650190550,66.962000000,100,1410,1215,31,0
11366,113.660192025,67.176000000,100,1410,1215,31,0
11367,113.670190263,67.176000000,100,1410,1215,31,0
11368,113.680190375,67.176000000,100,1410,1215,31,0
11369,113.690189956,67.176000000,100,1410,1215,31,0
11370,113.700190489,67.176000000,100,1410,1215,31,0
11371,113.710193948,67.176000000,100,1410,1215,31,0
11372,113.720194050,67.176000000,100,1410,1215,31,0
11373,113.730190405,67.176000000,100,1410,1215,31,0
11374,113.740190217,67.176000000,100,1410,1215,31,0
11375,113.750191110,67.176000000,100,1410,1215,31,0
11376,113.760191282,66.982000000,100,1410,1215,31,0
11377,113.770189932,66.982000000,100,1410,1215,31,0
11378,113.780189613,66.982000000,100,1410,1215,31,0
11379,113.790194374,66.982000000,100,1410,1215,31,0
11380,113.800194155,66.982000000,100,1410,1215,31,0
11381,113.810190230,66.982000000,100,1410,1215,31,0
11382,113.820190152,66.982000000,100,1410,1215,31,0
11383,113.830190264,66.982000000,100,1410,1215,31,0
11384,113.840190426,66.982000000,100,1410,1215,31,0
11385,113.850190358,66.982000000,100,1410,1215,31,0
11386,113.860190700,66.870000000,100,1410,1215,31,0
11387,113.870190322,66.870000000,100,1410,1215,31,0
11388,113.880189893,66.870000000,100,1410,1215,31,0
11389,113.890189774,66.870000000,100,1410,1215,31,0
11390,113.900189836,66.870000000,100,1410,1215,31,0
11391,113.910193766,66.870000000,100,1410,1215,31,0
11392,113.920190912,66.870000000,100,1410,1215,31,0
11393,113.930189521,66.870000000,100,1410,1215,31,0
11394,113.940188862,66.870000000,100,1410,1215,31,0
11395,113.950189686,66.870000000,100,1410,1215,31,0
11396,113.960190760,66.883000000,100,1410,1215,31,0
11397,113.970190932,66.883000000,100,1410,1215,31,0
11398,113.980191495,66.883000000,100,1410,1215,31,0
11399,113.990190966,66.883000000,100,1410,1215,31,0
11400,114.000189415,66.883000000,100,1410,1215,31,0
11401,114.010189296,66.883000000,100,1410,1215,31,0
11402,114.020190050,66.883000000,100,1410,1215,31,0
11403,114.030190863,66.883000000,100,1410,1215,31,0
11404,114.040189663,66.883000000,100,1410,1215,31,0
11405,114.050190717,66.883000000,100,1410,1215,31,0
11406,114.060191640,67.091000000,100,1410,1215,31,0
11407,114.070190189,67.091000000,100,1410,1215,31,0
11408,114.080188909,67.091000000,100,1410,1215,31,0
11409,114.090189572,67.091000000,100,1410,1215,31,0
11410,114.100190215,67.091000000,100,1410,1215,31,0
11411,114.110190618,67.091000000,100,1410,1215,31,0
11412,114.120193415,67.091000000,100,1410,1215,31,0
11413,114.130189640,67.091000000,100,1410,1215,31,0
11414,114.140189742,67.091000000,100,1410,1215,31,0
11415,114.150190616,67.091000000,100,1410,1215,31,0
11416,114.160194565,67.059000000,100,1410,1215,31,0
11417,114.170190860,67.059000000,100,1410,1215,31,0
11418,114.180190301,67.059000000,100,1410,1215,31,0
11419,114.190190573,67.059000000,100,1410,1215,31,0
11420,114.200194172,67.059000000,100,1410,1215,31,0
11421,114.210189926,67.059000000,100,1410,1215,31,0
11422,114.220189958,67.059000000,100,1410,1215,31,0
11423,114.230190631,67.059000000,100,1410,1215,31,0
11424,114.240190663,67.059000000,100,1410,1215,31,0
11425,114.250191286,67.059000000,100,1410,1215,31,0
11426,114.260191939,66.883000000,100,1410,1215,31,0
11427,114.270190338,66.883000000,100,1410,1215,31,0
11428,114.280190620,66.883000000,100,1410,1215,31,0
11429,114.290190773,66.883000000,100,1410,1215,31,0
11430,114.300190073,66.883000000,100,1410,1215,31,0
11431,114.310190266,66.883000000,100,1410,1215,31,0
11432,114.320190227,66.883000000,100,1410,1215,31,0
11433,114.330194688,66.883000000,100,1410,1215,31,0
11434,114.340189260,66.883000000,100,1410,1215,31,0
11435,114.350190674,66.883000000,100,1410,1215,31,0
11436,114.360190035,67.060000000,100,1410,1215,31,0
11437,114.370189726,67.060000000,100,1410,1215,31,0
11438,114.380189768,67.060000000,100,1410,1215,31,0
11439,114.390190862,67.060000000,100,1410,1215,31,0
11440,114.400189972,67.060000000,100,1410,1215,31,0
11441,114.410190675,67.060000000,100,1410,1215,31,0
11442,114.420196107,67.060000000,100,1410,1215,31,0
11443,114.430191070,67.060000000,100,1410,1215,31,0
11444,114.440190020,67.060000000,100,1410,1215,31,0
11445,114.450192998,67.060000000,100,1410,1215,31,0
11446,114.460192178,67.059000000,100,1410,1215,31,0
11447,114.470188974,67.059000000,100,1410,1215,31,0
11448,114.480190218,67.059000000,100,1410,1215,31,0
11449,114.490188867,67.059000000,100,1410,1215,31,0
11450,114.500190001,67.059000000,100,1410,1215,31,0
11451,114.510188971,67.059000000,100,1410,1215,31,0
11452,114.520191037,67.059000000,100,1410,1215,31,0
11453,114.530192311,67.059000000,100,1410,1215,31,0
11454,114.540188907,67.059000000,100,1410,1215,31,0
11455,114.550190532,67.059000000,100,1410,1215,31,0
11456,114.560190294,66.871000000,100,1410,1215,31,0
11457,114.570189774,66.871000000,100,1410,1215,31,0
11458,114.580188955,66.871000000,100,1410,1215,31,0
11459,114.590190339,66.871000000,100,1410,1215,31,0
11460,114.600189129,66.871000000,100,1410,1215,31,0
11461,114.610189992,66.871000000,100,1410,1215,31,0
11462,114.620188592,66.871000000,100,1410,1215,31,0
11463,114.630190187,66.871000000,100,1410,1215,31,0
11464,114.640188626,66.871000000,100,1410,1215,31,0
11465,114.650190210,66.871000000,100,1410,1215,31,0
11466,114.660189962,66.670000000,100,1410,1215,31,0
11467,114.670188832,66.670000000,100,1410,1215,31,0
11468,114.680189745,66.670000000,100,1410,1215,31,0
11469,114.690189417,66.670000000,100,1410,1215,31,0
11470,114.700189769,66.670000000,100,1410,1215,31,0
11471,114.710190613,66.670000000,100,1410,1215,31,0
11472,114.720190324,66.670000000,100,1410,1215,31,0
11473,114.730189785,66.670000000,100,1410,1215,31,0
11474,114.740190428,66.670000000,100,1410,1215,31,0
11475,114.750190460,66.670000000,100,1410,1215,31,0
11476,114.760191013,67.059000000,100,1410,1215,31,0
11477,114.770192738,67.059000000,100,1410,1215,31,0
11478,114.780189784,67.059000000,100,1410,1215,31,0
11479,114.790190147,67.059000000,100,1410,1215,31,0
11480,114.800189478,67.059000000,100,1410,1215,31,0
11481,114.810190361,67.059000000,100,1410,1215,31,0
11482,114.820188850,67.059000000,100,1410,1215,31,0
11483,114.830190205,67.059000000,100,1410,1215,31,0
11484,114.840189736,67.059000000,100,1410,1215,31,0
11485,114.850190650,67.059000000,100,1410,1215,31,0
11486,114.860190431,67.176000000,100,1410,1215,31,0
11487,114.870190303,67.176000000,100,1410,1215,31,0
11488,114.880189573,67.176000000,100,1410,1215,31,0
11489,114.890190737,67.176000000,100,1410,1215,31,0
11490,114.900188515,67.176000000,100,1410,1215,31,0
11491,114.910189679,67.176000000,100,1410,1215,31,0
11492,114.920189571,67.176000000,100,1410,1215,31,0
11493,114.930194913,67.176000000,100,1410,1215,31,0
11494,114.940189314,67.176000000,100,1410,1215,31,0
11495,114.950189727,67.176000000,100,1410,1215,31,0
11496,114.960190280,66.865000000,100,1410,1215,31,0
11497,114.970189150,66.865000000,100,1410,1215,31,0
11498,114.980189452,66.865000000,100,1410,1215,31,0
11499,114.990189123,66.865000000,100,1410,1215,31,0
11500,115.000189706,66.865000000,100,1410,1215,31,0
11501,115.010189989,66.865000000,100,1410,1215,31,0
11502,115.020189760,66.865000000,100,1410,1215,31,0
11503,115.030189131,66.865000000,100,1410,1215,31,0
11504,115.040189323,66.865000000,100,1410,1215,31,0
11505,115.050190457,66.865000000,100,1410,1215,31,0
11506,115.060190840,66.865000000,100,1410,1215,31,0
11507,115.070189780,66.865000000,100,1410,1215,31,0
11508,115.080190072,66.865000000,100,1410,1215,31,0
11509,115.090190184,66.865000000,100,1410,1215,31,0
11510,115.100188824,66.865000000,100,1410,1215,31,0
11511,115.110189527,66.865000000,100,1410,1215,31,0
11512,115.120189970,66.865000000,100,1410,1215,31,0
11513,115.130190553,66.865000000,100,1410,1215,31,0
11514,115.140189342,66.865000000,100,1410,1215,31,0
11515,115.150193983,66.865000000,100,1410,1215,31,0
11516,115.160190528,66.962000000,100,1410,1215,31,0
11517,115.170190560,66.962000000,100,1410,1215,31,0
11518,115.180190462,66.962000000,100,1410,1215,31,0
11519,115.190190043,66.962000000,100,1410,1215,31,0
11520,115.200188993,66.962000000,100,1410,1215,31,0
11521,115.210189085,66.962000000,100,1410,1215,31,0
11522,115.220190450,66.962000000,100,1410,1215,31,0
11523,115.230190832,66.962000000,100,1410,1215,31,0
11524,115.240190483,66.962000000,100,1410,1215,31,0
11525,115.250194182,66.962000000,100,1410,1215,31,0
11526,115.260191088,66.864000000,100,1410,1215,31,0
11527,115.270189968,66.864000000,100,1410,1215,31,0
11528,115.280190822,66.864000000,100,1410,1215,31,0
11529,115.290189060,66.864000000,100,1410,1215,31,0
11530,115.300189553,66.864000000,100,1410,1215,31,0
11531,115.310189124,66.864000000,100,1410,1215,31,0
11532,115.320190128,66.864000000,100,1410,1215,31,0
11533,115.330190681,66.864000000,100,1410,1215,31,0
11534,115.340189511,66.864000000,100,1410,1215,31,0
11535,115.350190525,66.864000000,100,1410,1215,31,0
11536,115.360191408,66.864000000,100,1410,1215,31,0
11537,115.370189547,66.864000000,100,1410,1215,31,0
11538,115.380188727,66.864000000,100,1410,1215,31,0
11539,115.390190322,66.864000000,100,1410,1215,31,0
11540,115.400188240,66.864000000,100,1410,1215,31,0
11541,115.410189905,66.864000000,100,1410,1215,31,0
11542,115.420189556,66.864000000,100,1410,1215,31,0
11543,115.430190390,66.864000000,100,1410,1215,31,0
11544,115.440189179,66.864000000,100,1410,1215,31,0
11545,115.450190433,66.864000000,100,1410,1215,31,0
11546,115.460191097,67.059000000,100,1410,1215,31,0
11547,115.470194094,67.059000000,100,1410,1215,31,0
11548,115.480194777,67.059000000,100,1410,1215,31,0
11549,115.490189319,67.059000000,100,1410,1215,31,0
11550,115.500193930,67.059000000,100,1410,1215,31,0
11551,115.510188702,67.059000000,100,1410,1215,31,0
11552,115.520192881,67.059000000,100,1410,1215,31,0
11553,115.530189687,67.059000000,100,1410,1215,31,0
11554,115.540189048,67.059000000,100,1410,1215,31,0
11555,115.550189320,67.059000000,100,1410,1215,31,0
11556,115.560190615,66.963000000,100,1410,1215,31,0
11557,115.570188783,66.963000000,100,1410,1215,31,0
11558,115.580191580,66.963000000,100,1410,1215,31,0
11559,115.590189558,66.963000000,100,1410,1215,31,0
11560,115.600189661,66.963000000,100,1410,1215,31,0
11561,115.610188811,66.963000000,100,1410,1215,31,0
11562,115.620189174,66.963000000,100,1410,1215,31,0
11563,115.630190308,66.963000000,100,1410,1215,31,0
11564,115.640193496,66.963000000,100,1410,1215,31,0
11565,115.650190261,66.963000000,100,1410,1215,31,0
11566,115.660189963,66.949000000,100,1410,1215,31,0
11567,115.670189123,66.949000000,100,1410,1215,31,0
11568,115.680193754,66.949000000,100,1410,1215,31,0
11569,115.690189988,66.949000000,100,1410,1215,31,0
11570,115.700188878,66.949000000,100,1410,1215,31,0
11571,115.710189802,66.949000000,100,1410,1215,31,0
11572,115.720188772,66.949000000,100,1410,1215,31,0
11573,115.730190267,66.949000000,100,1410,1215,31,0
11574,115.740189447,66.949000000,100,1410,1215,31,0
11575,115.750190551,66.949000000,100,1410,1215,31,0
11576,115.760197255,66.865000000,100,1410,1215,31,0
11577,115.770190515,66.865000000,100,1410,1215,31,0
11578,115.780193763,66.865000000,100,1410,1215,31,0
11579,115.790188995,66.865000000,100,1410,1215,31,0
11580,115.800189599,66.865000000,100,1410,1215,31,0
11581,115.810189009,66.865000000,100,1410,1215,31,0
11582,115.820190193,66.865000000,100,1410,1215,31,0
11583,115.830189324,66.865000000,100,1410,1215,31,0
11584,115.840190117,66.865000000,100,1410,1215,31,0
11585,115.850190169,66.865000000,100,1410,1215,31,0
11586,115.860194028,66.981000000,100,1410,1215,31,0
11587,115.870189742,66.981000000,100,1410,1215,31,0
11588,115.880189874,66.981000000,100,1410,1215,31,0
11589,115.890189405,66.981000000,100,1410,1215,31,0
11590,115.900189658,66.981000000,100,1410,1215,31,0
11591,115.910189820,66.981000000,100,1410,1215,31,0
11592,115.920188600,66.981000000,100,1410,1215,31,0
11593,115.930190184,66.981000000,100,1410,1215,31,0
11594,115.940188814,66.981000000,100,1410,1215,31,0
11595,115.950189968,66.981000000,100,1410,1215,31,0
11596,115.960190090,67.079000000,100,1410,1215,31,0
11597,115.970189821,67.079000000,100,1410,1215,31,0
11598,115.980188531,67.079000000,100,1410,1215,31,0
11599,115.990190086,67.079000000,100,1410,1215,31,0
11600,116.000188144,67.079000000,100,1410,1215,31,0
11601,116.010189288,67.079000000,100,1410,1215,31,0
11602,116.020188558,67.079000000,100,1410,1215,31,0
11603,116.030190103,67.079000000,100,1410,1215,31,0
11604,116.040189234,67.079000000,100,1410,1215,31,0
11605,116.050189175,67.079000000,100,1410,1215,31,0
11606,116.060191011,67.091000000,100,1410,1215,31,0
11607,116.070188768,67.091000000,100,1410,1215,31,0
11608,116.080189451,67.091000000,100,1410,1215,31,0
11609,116.090188962,67.091000000,100,1410,1215,31,0
11610,116.100189556,67.091000000,100,1410,1215,31,0
11611,116.110188516,67.091000000,100,1410,1215,31,0
11612,116.120189800,67.091000000,100,1410,1215,31,0
11613,116.130190804,67.091000000,100,1410,1215,31,0
11614,116.140193270,67.091000000,100,1410,1215,31,0
11615,116.150190256,67.091000000,100,1410,1215,31,0
11616,116.160191010,66.962000000,100,1410,1215,31,0
11617,116.170189679,66.962000000,100,1410,1215,31,0
11618,116.180194210,66.962000000,100,1410,1215,31,0
11619,116.190189743,66.962000000,100,1410,1215,31,0
11620,116.200189024,66.962000000,100,1410,1215,31,0
11621,116.210193484,66.962000000,100,1410,1215,31,0
11622,116.220191131,66.962000000,100,1410,1215,31,0
11623,116.230190222,66.962000000,100,1410,1215,31,0
11624,116.240189071,66.962000000,100,1410,1215,31,0
11625,116.250190686,66.962000000,100,1410,1215,31,0
11626,116.260191490,66.980000000,100,1410,1215,31,0
11627,116.270190119,66.980000000,100,1410,1215,31,0
11628,116.280191193,66.980000000,100,1410,1215,31,0
11629,116.290190393,66.980000000,100,1410,1215,31,0
11630,116.300189383,66.980000000,100,1410,1215,31,0
11631,116.310189726,66.980000000,100,1410,1215,31,0
11632,116.320190229,66.980000000,100,1410,1215,31,0
11633,116.330194278,66.980000000,100,1410,1215,31,0
11634,116.340190533,66.980000000,100,1410,1215,31,0
11635,116.350191336,66.980000000,100,1410,1215,31,0
11636,116.360191148,66.981000000,100,1410,1215,31,0
11637,116.370193574,66.981000000,100,1410,1215,31,0
11638,116.380190130,66.981000000,100,1410,1215,31,0
11639,116.390189370,66.981000000,100,1410,1215,31,0
11640,116.400189242,66.981000000,100,1410,1215,31,0
11641,116.410189074,66.981000000,100,1410,1215,31,0
11642,116.420189336,66.981000000,100,1410,1215,31,0
11643,116.430189619,66.981000000,100,1410,1215,31,0
11644,116.440189851,66.981000000,100,1410,1215,31,0
11645,116.450191666,66.981000000,100,1410,1215,31,0
11646,116.460190947,66.980000000,100,1410,1215,31,0
11647,116.470190929,66.980000000,100,1410,1215,31,0
11648,116.480189808,66.980000000,100,1410,1215,31,0
11649,116.490190131,66.980000000,100,1410,1215,31,0
11650,116.500188810,66.980000000,100,1410,1215,31,0
11651,116.510189503,66.980000000,100,1410,1215,31,0
11652,116.520188594,66.980000000,100,1410,1215,31,0
11653,116.530190048,66.980000000,100,1410,1215,31,0
11654,116.540189880,66.980000000,100,1410,1215,31,0
11655,116.550190653,66.980000000,100,1410,1215,31,0
11656,116.560190405,66.980000000,100,1410,1215,31,0
11657,116.570192971,66.980000000,100,1410,1215,31,0
11658,116.580189106,66.980000000,100,1410,1215,31,0
11659,116.590194498,66.980000000,100,1410,1215,31,0
11660,116.600189661,66.980000000,100,1410,1215,31,0
11661,116.610188961,66.980000000,100,1410,1215,31,0
11662,116.620190095,66.980000000,100,1410,1215,31,0
11663,116.630190608,66.980000000,100,1410,1215,31,0
11664,116.640189378,66.980000000,100,1410,1215,31,0
11665,116.650191584,66.980000000,100,1410,1215,31,0
11666,116.660191295,66.962000000,100,1410,1215,31,0
11667,116.670193571,66.962000000,100,1410,1215,31,0
11668,116.680189977,66.962000000,100,1410,1215,31,0
11669,116.690189277,66.962000000,100,1410,1215,31,0
11670,116.700189119,66.962000000,100,1410,1215,31,0
11671,116.710190022,66.962000000,100,1410,1215,31,0
11672,116.720188942,66.962000000,100,1410,1215,31,0
11673,116.730189435,66.962000000,100,1410,1215,31,0
11674,116.740189708,66.962000000,100,1410,1215,31,0
11675,116.750190631,66.962000000,100,1410,1215,31,0
11676,116.760194881,66.949000000,100,1410,1215,31,0
11677,116.770190004,66.949000000,100,1410,1215,31,0
11678,116.780193382,66.949000000,100,1410,1215,31,0
11679,116.790189957,66.949000000,100,1410,1215,31,0
11680,116.800192374,66.949000000,100,1410,1215,31,0
11681,116.810190092,66.949000000,100,1410,1215,31,0
11682,116.820189532,66.949000000,100,1410,1215,31,0
11683,116.830190436,66.949000000,100,1410,1215,31,0
11684,116.840189065,66.949000000,100,1410,1215,31,0
11685,116.850190139,66.949000000,100,1410,1215,31,0
11686,116.860191243,66.865000000,100,1410,1215,31,0
11687,116.870189622,66.865000000,100,1410,1215,31,0
11688,116.880190686,66.865000000,100,1410,1215,31,0
11689,116.890189025,66.865000000,100,1410,1215,31,0
11690,116.900192172,66.865000000,100,1410,1215,31,0
11691,116.910189309,66.865000000,100,1410,1215,31,0
11692,116.920189842,66.865000000,100,1410,1215,31,0
11693,116.930190675,66.865000000,100,1410,1215,31,0
11694,116.940189695,66.865000000,100,1410,1215,31,0
11695,116.950189697,66.865000000,100,1410,1215,31,0
11696,116.960190861,66.883000000,100,1410,1215,31,0
11697,116.970189691,66.883000000,100,1410,1215,31,0
11698,116.980189803,66.883000000,100,1410,1215,31,0
11699,116.990190096,66.883000000,100,1410,1215,31,0
11700,117.000188865,66.883000000,100,1410,1215,31,0
11701,117.010190069,66.883000000,100,1410,1215,31,0
11702,117.020189871,66.883000000,100,1410,1215,31,0
11703,117.030194301,66.883000000,100,1410,1215,31,0
11704,117.040189444,66.883000000,100,1410,1215,31,0
11705,117.050190157,66.883000000,100,1410,1215,31,0
11706,117.060190530,66.853000000,100,1410,1215,31,0
11707,117.070189019,66.853000000,100,1410,1215,31,0
11708,117.080190073,66.853000000,100,1410,1215,31,0
11709,117.090189934,66.853000000,100,1410,1215,31,0
11710,117.100189696,66.853000000,100,1410,1215,31,0
11711,117.110193384,66.853000000,100,1410,1215,31,0
11712,117.120192825,66.853000000,100,1410,1215,31,0
11713,117.130189531,66.853000000,100,1410,1215,31,0
11714,117.140190485,66.853000000,100,1410,1215,31,0
11715,117.150190627,66.853000000,100,1410,1215,31,0
11716,117.160196079,67.060000000,100,1410,1215,31,0
11717,117.170188747,67.060000000,100,1410,1215,31,0
11718,117.180189621,67.060000000,100,1410,1215,31,0
11719,117.190189322,67.060000000,100,1410,1215,31,0
11720,117.200189965,67.060000000,100,1410,1215,31,0
11721,117.210188655,67.060000000,100,1410,1215,31,0
11722,117.220189628,67.060000000,100,1410,1215,31,0
11723,117.230189420,67.060000000,100,1410,1215,31,0
11724,117.240190043,67.060000000,100,1410,1215,31,0
11725,117.250190305,67.060000000,100,1410,1215,31,0
11726,117.260191008,67.000000000,100,1410,1215,31,0
11727,117.270193425,67.000000000,100,1410,1215,31,0
11728,117.280190251,67.000000000,100,1410,1215,31,0
11729,117.290190774,67.000000000,100,1410,1215,31,0
11730,117.300188732,67.000000000,100,1410,1215,31,0
11731,117.310190547,67.000000000,100,1410,1215,31,0
11732,117.320189427,67.000000000,100,1410,1215,31,0
11733,117.330190541,67.000000000,100,1410,1215,31,0
11734,117.340189952,67.000000000,100,1410,1215,31,0
11735,117.350190745,67.000000000,100,1410,1215,31,0
11736,117.360190897,66.981000000,100,1410,1215,31,0
11737,117.370190047,66.981000000,100,1410,1215,31,0
11738,117.380189588,66.981000000,100,1410,1215,31,0
11739,117.390190352,66.981000000,100,1410,1215,31,0
11740,117.400190634,66.981000000,100,1410,1215,31,0
11741,117.410188853,66.981000000,100,1410,1215,31,0
11742,117.420193674,66.981000000,100,1410,1215,31,0
11743,117.430191031,66.981000000,100,1410,1215,31,0
11744,117.440189810,66.981000000,100,1410,1215,31,0
11745,117.450190473,66.981000000,100,1410,1215,31,0
11746,117.460191087,66.969000000,100,1410,1215,31,0
11747,117.470189796,66.969000000,100,1410,1215,31,0
11748,117.480194196,66.969000000,100,1410,1215,31,0
11749,117.490189579,66.969000000,100,1410,1215,31,0
11750,117.500189712,66.969000000,100,1410,1215,31,0
11751,117.510188752,66.969000000,100,1410,1215,31,0
11752,117.520189525,66.969000000,100,1410,1215,31,0
11753,117.530191330,66.969000000,100,1410,1215,31,0
11754,117.540190140,66.969000000,100,1410,1215,31,0
11755,117.550190513,66.969000000,100,1410,1215,31,0
11756,117.560191035,67.060000000,100,1410,1215,31,0
11757,117.570194404,67.060000000,100,1410,1215,31,0
11758,117.580189897,67.060000000,100,1410,1215,31,0
11759,117.590190260,67.060000000,100,1410,1215,31,0
11760,117.600188649,67.060000000,100,1410,1215,31,0
11761,117.610189933,67.060000000,100,1410,1215,31,0
11762,117.620188652,67.060000000,100,1410,1215,31,0
11763,117.630190508,67.060000000,100,1410,1215,31,0
11764,117.640189818,67.060000000,100,1410,1215,31,0
11765,117.650191093,67.060000000,100,1410,1215,31,0
11766,117.660191185,67.077000000,100,1410,1215,31,0
11767,117.670190135,67.077000000,100,1410,1215,31,0
11768,117.680190297,67.077000000,100,1410,1215,31,0
11769,117.690186942,67.077000000,100,1410,1215,31,0
11770,117.700189820,67.077000000,100,1410,1215,31,0
11771,117.710188659,67.077000000,100,1410,1215,31,0
11772,117.720189964,67.077000000,100,1410,1215,31,0
11773,117.730194394,67.077000000,100,1410,1215,31,0
11774,117.740189737,67.077000000,100,1410,1215,31,0
11775,117.750189759,67.077000000,100,1410,1215,31,0
11776,117.760190562,66.962000000,100,1410,1215,31,0
11777,117.770189913,66.962000000,100,1410,1215,31,0
11778,117.780189825,66.962000000,100,1410,1215,31,0
11779,117.790189316,66.962000000,100,1410,1215,31,0
11780,117.800189358,66.962000000,100,1410,1215,31,0
11781,117.810189099,66.962000000,100,1410,1215,31,0
11782,117.820189452,66.962000000,100,1410,1215,31,0
11783,117.830189934,66.962000000,100,1410,1215,31,0
11784,117.840190217,66.962000000,100,1410,1215,31,0
11785,117.850194757,66.962000000,100,1410,1215,31,0
11786,117.860194699,66.962000000,100,1410,1215,31,0
11787,117.870190172,66.962000000,100,1410,1215,31,0
11788,117.880188541,66.962000000,100,1410,1215,31,0
11789,117.890190176,66.962000000,100,1410,1215,31,0
11790,117.900189988,66.962000000,100,1410,1215,31,0
11791,117.910189178,66.962000000,100,1410,1215,31,0
11792,117.920188789,66.962000000,100,1410,1215,31,0
11793,117.930190344,66.962000000,100,1410,1215,31,0
11794,117.940193402,66.962000000,100,1410,1215,31,0
11795,117.950190689,66.962000000,100,1410,1215,31,0
11796,117.960189949,67.091000000,100,1410,1215,31,0
11797,117.970188809,67.091000000,100,1410,1215,31,0
11798,117.980188720,67.091000000,100,1410,1215,31,0
11799,117.990188833,67.091000000,100,1410,1215,31,0
11800,118.000188734,67.091000000,100,1410,1215,31,0
11801,118.010188656,67.091000000,100,1410,1215,31,0
11802,118.020193367,67.091000000,100,1410,1215,31,0
11803,118.030189621,67.091000000,100,1410,1215,31,0
11804,118.040190355,67.091000000,100,1410,1215,31,0
11805,118.050189265,67.091000000,100,1410,1215,31,0
11806,118.060190819,66.962000000,100,1410,1215,31,0
11807,118.070188677,66.962000000,100,1410,1215,31,0
11808,118.080190382,66.962000000,100,1410,1215,31,0
11809,118.090192308,66.962000000,100,1410,1215,31,0
11810,118.100188042,66.962000000,100,1410,1215,31,0
11811,118.110189126,66.962000000,100,1410,1215,31,0
11812,118.120193887,66.962000000,100,1410,1215,31,0
11813,118.130188709,66.962000000,100,1410,1215,31,0
11814,118.140190654,66.962000000,100,1410,1215,31,0
11815,118.150190336,66.962000000,100,1410,1215,31,0
11816,118.160190408,66.943000000,100,1410,1215,31,0
11817,118.170189237,66.943000000,100,1410,1215,31,0
11818,118.180188358,66.943000000,100,1410,1215,31,0
11819,118.190190594,66.943000000,100,1410,1215,31,0
11820,118.200188552,66.943000000,100,1410,1215,31,0
11821,118.210189946,66.943000000,100,1410,1215,31,0
11822,118.220189327,66.943000000,100,1410,1215,31,0
11823,118.230190521,66.943000000,100,1410,1215,31,0
11824,118.240189892,66.943000000,100,1410,1215,31,0
11825,118.250189232,66.943000000,100,1410,1215,31,0
11826,118.260190777,67.059000000,100,1410,1215,31,0
11827,118.270189066,67.059000000,100,1410,1215,31,0
11828,118.280189609,67.059000000,100,1410,1215,31,0
11829,118.290188769,67.059000000,100,1410,1215,31,0
11830,118.300189482,67.059000000,100,1410,1215,31,0
11831,118.310188853,67.059000000,100,1410,1215,31,0
11832,118.320189206,67.059000000,100,1410,1215,31,0
11833,118.330189518,67.059000000,100,1410,1215,31,0
11834,118.340190061,67.059000000,100,1410,1215,31,0
11835,118.350190614,67.059000000,100,1410,1215,31,0
11836,118.360194703,66.883000000,100,1410,1215,31,0
11837,118.370194445,66.883000000,100,1410,1215,31,0
11838,118.380189077,66.883000000,100,1410,1215,31,0
11839,118.390187295,66.883000000,100,1410,1215,31,0
11840,118.400189101,66.883000000,100,1410,1215,31,0
11841,118.410189663,66.883000000,100,1410,1215,31,0
11842,118.420189014,66.883000000,100,1410,1215,31,0
11843,118.430190519,66.883000000,100,1410,1215,31,0
11844,118.440188838,66.883000000,100,1410,1215,31,0
11845,118.450190723,66.883000000,100,1410,1215,31,0
11846,118.460191246,66.676000000,100,1410,1215,31,0
11847,118.470190126,66.676000000,100,1410,1215,31,0
11848,118.480189947,66.676000000,100,1410,1215,31,0
11849,118.490189478,66.676000000,100,1410,1215,31,0
11850,118.500189901,66.676000000,100,1410,1215,31,0
11851,118.510189702,66.676000000,100,1410,1215,31,0
11852,118.520190215,66.676000000,100,1410,1215,31,0
11853,118.530189015,66.676000000,100,1410,1215,31,0
11854,118.540189528,66.676000000,100,1410,1215,31,0
11855,118.550194188,66.676000000,100,1410,1215,31,0
11856,118.560190684,66.865000000,100,1410,1215,31,0
11857,118.570190014,66.865000000,100,1410,1215,31,0
11858,118.580189996,66.865000000,100,1410,1215,31,0
11859,118.590185109,66.865000000,100,1410,1215,31,0
11860,118.600188698,66.865000000,100,1410,1215,31,0
11861,118.610188950,66.865000000,100,1410,1215,31,0
11862,118.620189813,66.865000000,100,1410,1215,31,0
11863,118.630190867,66.865000000,100,1410,1215,31,0
11864,118.640194095,66.865000000,100,1410,1215,31,0
11865,118.650190691,66.865000000,100,1410,1215,31,0
11866,118.660189951,67.078000000,100,1410,1215,31,0
11867,118.670190775,67.078000000,100,1410,1215,31,0
11868,118.680194203,67.078000000,100,1410,1215,31,0
11869,118.690185559,67.078000000,100,1410,1215,31,0
11870,118.700188676,67.078000000,100,1410,1215,31,0
11871,118.710189400,67.078000000,100,1410,1215,31,0
11872,118.720188931,67.078000000,100,1410,1215,31,0
11873,118.730194693,67.078000000,100,1410,1215,31,0
11874,118.740189505,67.078000000,100,1410,1215,31,0
11875,118.750190910,67.078000000,100,1410,1215,31,0
11876,118.760191132,66.962000000,100,1410,1215,31,0
11877,118.770193569,66.962000000,100,1410,1215,31,0
11878,118.780189333,66.962000000,100,1410,1215,31,0
11879,118.790185327,66.962000000,100,1410,1215,31,0
11880,118.800189777,66.962000000,100,1410,1215,31,0
11881,118.810189078,66.962000000,100,1410,1215,31,0
11882,118.820189000,66.962000000,100,1410,1215,31,0
11883,118.830190033,66.962000000,100,1410,1215,31,0
11884,118.840193572,66.962000000,100,1410,1215,31,0
11885,118.850195257,66.962000000,100,1410,1215,31,0
11886,118.860191061,66.847000000,100,1410,1215,31,0
11887,118.870189430,66.847000000,100,1410,1215,31,0
11888,118.880190013,66.847000000,100,1410,1215,31,0
11889,118.890172993,66.847000000,100,1410,1215,31,0
11890,118.900191800,66.847000000,100,1410,1215,31,0
11891,118.910194948,66.847000000,100,1410,1215,31,0
11892,118.920190882,66.847000000,100,1410,1215,31,0
11893,118.930191184,66.847000000,100,1410,1215,31,0
11894,118.940189794,66.847000000,100,1410,1215,31,0
11895,118.950190617,66.847000000,100,1410,1215,31,0
11896,118.960191601,66.871000000,100,1410,1215,31,0
11897,118.970193767,66.871000000,100,1410,1215,31,0
11898,118.980188779,66.871000000,100,1410,1215,31,0
11899,118.990190344,66.871000000,100,1410,1215,31,0
11900,119.000190025,66.871000000,100,1410,1215,31,0
11901,119.010189426,66.871000000,100,1410,1215,31,0
11902,119.020188837,66.871000000,100,1410,1215,31,0
11903,119.030193518,66.871000000,100,1410,1215,31,0
11904,119.040189662,66.871000000,100,1410,1215,31,0
11905,119.050191508,66.871000000,100,1410,1215,31,0
11906,119.060191039,66.864000000,100,1410,1215,31,0
11907,119.070189337,66.864000000,100,1410,1215,31,0
11908,119.080190642,66.864000000,100,1410,1215,31,0
11909,119.090202466,66.864000000,100,1410,1215,31,0
11910,119.100190635,66.864000000,100,1410,1215,31,0
11911,119.110189465,66.864000000,100,1410,1215,31,0
11912,119.120190098,66.864000000,100,1410,1215,31,0
11913,119.130191052,66.864000000,100,1410,1215,31,0
11914,119.140190242,66.864000000,100,1410,1215,31,0
11915,119.150191016,66.864000000,100,1410,1215,31,0
11916,119.160190817,67.060000000,100,1410,1215,31,0
11917,119.170190228,67.060000000,100,1410,1215,31,0
11918,119.180189358,67.060000000,100,1410,1215,31,0
11919,119.190190362,67.060000000,100,1410,1215,31,0
11920,119.200189933,67.060000000,100,1410,1215,31,0
11921,119.210193462,67.060000000,100,1410,1215,31,0
11922,119.220189165,67.060000000,100,1410,1215,31,0
11923,119.230194457,67.060000000,100,1410,1215,31,0
11924,119.240189510,67.060000000,100,1410,1215,31,0
11925,119.250190824,67.060000000,100,1410,1215,31,0
11926,119.260190625,67.078000000,100,1410,1215,31,0
11927,119.270193513,67.078000000,100,1410,1215,31,0
11928,119.280189858,67.078000000,100,1410,1215,31,0
11929,119.290191383,67.078000000,100,1410,1215,31,0
11930,119.300189311,67.078000000,100,1410,1215,31,0
11931,119.310188912,67.078000000,100,1410,1215,31,0
11932,119.320190406,67.078000000,100,1410,1215,31,0
11933,119.330190378,67.078000000,100,1410,1215,31,0
11934,119.340190019,67.078000000,100,1410,1215,31,0
11935,119.350191033,67.078000000,100,1410,1215,31,0
11936,119.360194622,67.078000000,100,1410,1215,31,0
11937,119.370194053,67.078000000,100,1410,1215,31,0
11938,119.380189486,67.078000000,100,1410,1215,31,0
11939,119.390189428,67.078000000,100,1410,1215,31,0
11940,119.400190261,67.078000000,100,1410,1215,31,0
11941,119.410188991,67.078000000,100,1410,1215,31,0
11942,119.420189944,67.078000000,100,1410,1215,31,0
11943,119.430194345,67.078000000,100,1410,1215,31,0
11944,119.440189527,67.078000000,100,1410,1215,31,0
11945,119.450190621,67.078000000,100,1410,1215,31,0
11946,119.460191295,66.981000000,100,1410,1215,31,0
11947,119.470189453,66.981000000,100,1410,1215,31,0
11948,119.480189896,66.981000000,100,1410,1215,31,0
11949,119.490190338,66.981000000,100,1410,1215,31,0
11950,119.500190541,66.981000000,100,1410,1215,31,0
11951,119.510190021,66.981000000,100,1410,1215,31,0
11952,119.520189633,66.981000000,100,1410,1215,31,0
11953,119.530194143,66.981000000,100,1410,1215,31,0
11954,119.540192502,66.981000000,100,1410,1215,31,0
11955,119.550190059,66.981000000,100,1410,1215,31,0
11956,119.560191814,67.073000000,100,1410,1215,31,0
11957,119.570190433,67.073000000,100,1410,1215,31,0
11958,119.580189704,67.073000000,100,1410,1215,31,0
11959,119.590189065,67.073000000,100,1410,1215,31,0
11960,119.600190339,67.073000000,100,1410,1215,31,0
11961,119.610188988,67.073000000,100,1410,1215,31,0
11962,119.620193459,67.073000000,100,1410,1215,31,0
11963,119.630189764,67.073000000,100,1410,1215,31,0
11964,119.640189625,67.073000000,100,1410,1215,31,0
11965,119.650191170,67.073000000,100,1410,1215,31,0
11966,119.660190861,66.962000000,100,1410,1215,31,0
11967,119.670189320,66.962000000,100,1410,1215,31,0
11968,119.680193700,66.962000000,100,1410,1215,31,0
11969,119.690191107,66.962000000,100,1410,1215,31,0
11970,119.700189847,66.962000000,100,1410,1215,31,0
11971,119.710188617,66.962000000,100,1410,1215,31,0
11972,119.720189771,66.962000000,100,1410,1215,31,0
11973,119.730190634,66.962000000,100,1410,1215,31,0
11974,119.740189283,66.962000000,100,1410,1215,31,0
11975,119.750190728,66.962000000,100,1410,1215,31,0
11976,119.760190239,66.773000000,100,1410,1215,31,0
11977,119.770191012,66.773000000,100,1410,1215,31,0
11978,119.780189050,66.773000000,100,1410,1215,31,0
11979,119.790189974,66.773000000,100,1410,1215,31,0
11980,119.800189966,66.773000000,100,1410,1215,31,0
11981,119.810191370,66.773000000,100,1410,1215,31,0
11982,119.820190070,66.773000000,100,1410,1215,31,0
11983,119.830190472,66.773000000,100,1410,1215,31,0
11984,119.840189062,66.773000000,100,1410,1215,31,0
11985,119.850189835,66.773000000,100,1410,1215,31,0
11986,119.860190879,66.981000000,100,1410,1215,31,0
11987,119.870190240,66.981000000,100,1410,1215,31,0
11988,119.880189751,66.981000000,100,1410,1215,31,0
11989,119.890190294,66.981000000,100,1410,1215,31,0
11990,119.900190125,66.981000000,100,1410,1215,31,0
11991,119.910190327,66.981000000,100,1410,1215,31,0
11992,119.920190219,66.981000000,100,1410,1215,31,0
11993,119.930190692,66.981000000,100,1410,1215,31,0
11994,119.940190974,66.981000000,100,1410,1215,31,0
11995,119.950190044,66.981000000,100,1410,1215,31,0
11996,119.960190797,67.091000000,100,1410,1215,31,0
11997,119.970190990,67.091000000,100,1410,1215,31,0
11998,119.980189058,67.091000000,100,1410,1215,31,0
11999,119.990190242,67.091000000,100,1410,1215,31,0
12000,120.000188631,67.091000000,100,1410,1215,31,0
12001,120.010189444,67.091000000,100,1410,1215,31,0
12002,120.020188795,67.091000000,100,1410,1215,31,0
12003,120.030190069,67.091000000,100,1410,1215,31,0
12004,120.040188558,67.091000000,100,1410,1215,31,0
12005,120.050190424,67.091000000,100,1410,1215,31,0
12006,120.060190846,66.962000000,100,1410,1215,31,0
12007,120.070189125,66.962000000,100,1410,1215,31,0
12008,120.080188526,66.962000000,100,1410,1215,31,0
12009,120.090189750,66.962000000,100,1410,1215,31,0
12010,120.100190934,66.962000000,100,1410,1215,31,0
12011,120.110189573,66.962000000,100,1410,1215,31,0
12012,120.120190016,66.962000000,100,1410,1215,31,0
12013,120.130191050,66.962000000,100,1410,1215,31,0
12014,120.140190511,66.962000000,100,1410,1215,31,0
12015,120.150220028,66.962000000,100,1410,1215,31,0
12016,120.160192218,66.773000000,100,1410,1215,31,0
12017,120.170188032,66.773000000,100,1410,1215,31,0
12018,120.180193644,66.773000000,100,1410,1215,31,0
12019,120.190189338,66.773000000,100,1410,1215,31,0
12020,120.200186835,66.773000000,100,1410,1215,31,0
12021,120.210187498,66.773000000,100,1410,1215,31,0
12022,120.220190897,66.773000000,100,1410,1215,31,0
12023,120.230190227,66.773000000,100,1410,1215,31,0
12024,120.240190299,66.773000000,100,1410,1215,31,0
12025,120.250190682,66.773000000,100,1410,1215,31,0
12026,120.260190353,66.962000000,100,1410,1215,31,0
12027,120.270190756,66.962000000,100,1410,1215,31,0
12028,120.280189074,66.962000000,100,1410,1215,31,0
12029,120.290189888,66.962000000,100,1410,1215,31,0
12030,120.300189148,66.962000000,100,1410,1215,31,0
12031,120.310190913,66.962000000,100,1410,1215,31,0
12032,120.320189523,66.962000000,100,1410,1215,31,0
12033,120.330195105,66.962000000,100,1410,1215,31,0
12034,120.340195448,66.962000000,100,1410,1215,31,0
12035,120.350191131,66.962000000,100,1410,1215,31,0
12036,120.360191394,66.962000000,100,1410,1215,31,0
12037,120.370190043,66.962000000,100,1410,1215,31,0
12038,120.380189384,66.962000000,100,1410,1215,31,0
12039,120.390190648,66.962000000,100,1410,1215,31,0
12040,120.400190439,66.962000000,100,1410,1215,31,0
12041,120.410193808,66.962000000,100,1410,1215,31,0
12042,120.420190423,66.962000000,100,1410,1215,31,0
12043,120.430196336,66.962000000,100,1410,1215,31,0
12044,120.440191649,66.962000000,100,1410,1215,31,0
12045,120.450190128,66.962000000,100,1410,1215,31,0
12046,120.460192134,66.773000000,100,1410,1215,31,0
12047,120.470189761,66.773000000,100,1410,1215,31,0
12048,120.480190224,66.773000000,100,1410,1215,31,0
12049,120.490190797,66.773000000,100,1410,1215,31,0
12050,120.500190418,66.773000000,100,1410,1215,31,0
12051,120.510194448,66.773000000,100,1410,1215,31,0
12052,120.520189490,66.773000000,100,1410,1215,31,0
12053,120.530190214,66.773000000,100,1410,1215,31,0
12054,120.540189664,66.773000000,100,1410,1215,31,0
12055,120.550190638,66.773000000,100,1410,1215,31,0
12056,120.560190670,66.864000000,100,1410,1215,31,0
12057,120.570190271,66.864000000,100,1410,1215,31,0
12058,120.580194401,66.864000000,100,1410,1215,31,0
12059,120.590190986,66.864000000,100,1410,1215,31,0
12060,120.600189565,66.864000000,100,1410,1215,31,0
12061,120.610190339,66.864000000,100,1410,1215,31,0
12062,120.620190170,66.864000000,100,1410,1215,31,0
12063,120.630190793,66.864000000,100,1410,1215,31,0
12064,120.640189483,66.864000000,100,1410,1215,31,0
12065,120.650191028,66.864000000,100,1410,1215,31,0
12066,120.660191220,66.981000000,100,1410,1215,31,0
12067,120.670190380,66.981000000,100,1410,1215,31,0
12068,120.680189480,66.981000000,100,1410,1215,31,0
12069,120.690189532,66.981000000,100,1410,1215,31,0
12070,120.700190236,66.981000000,100,1410,1215,31,0
12071,120.710189887,66.981000000,100,1410,1215,31,0
12072,120.720190239,66.981000000,100,1410,1215,31,0
12073,120.730190662,66.981000000,100,1410,1215,31,0
12074,120.740190934,66.981000000,100,1410,1215,31,0
12075,120.750191267,66.981000000,100,1410,1215,31,0
12076,120.760191239,66.981000000,100,1410,1215,31,0
12077,120.770193605,66.981000000,100,1410,1215,31,0
12078,120.780190902,66.981000000,100,1410,1215,31,0
12079,120.790189842,66.981000000,100,1410,1215,31,0
12080,120.800190234,66.981000000,100,1410,1215,31,0
12081,120.810190276,66.981000000,100,1410,1215,31,0
12082,120.820190468,66.981000000,100,1410,1215,31,0
12083,120.830190861,66.981000000,100,1410,1215,31,0
12084,120.840188999,66.981000000,100,1410,1215,31,0
12085,120.850190975,66.981000000,100,1410,1215,31,0
12086,120.860190786,66.982000000,100,1410,1215,31,0
12087,120.870195287,66.982000000,100,1410,1215,31,0
12088,120.880189087,66.982000000,100,1410,1215,31,0
12089,120.890194619,66.982000000,100,1410,1215,31,0
12090,120.900190984,66.982000000,100,1410,1215,31,0
12091,120.910190084,66.982000000,100,1410,1215,31,0
12092,120.920189475,66.982000000,100,1410,1215,31,0
12093,120.930191060,66.982000000,100,1410,1215,31,0
12094,120.940189980,66.982000000,100,1410,1215,31,0
12095,120.950190352,66.982000000,100,1410,1215,31,0
12096,120.960190805,66.981000000,100,1410,1215,31,0
12097,120.970190096,66.981000000,100,1410,1215,31,0
12098,120.980190368,66.981000000,100,1410,1215,31,0
12099,120.990189518,66.981000000,100,1410,1215,31,0
12100,121.000193828,66.981000000,100,1410,1215,31,0
12101,121.010190153,66.981000000,100,1410,1215,31,0
12102,121.020189985,66.981000000,100,1410,1215,31,0
12103,121.030190347,66.981000000,100,1410,1215,31,0
12104,121.040189949,66.981000000,100,1410,1215,31,0
12105,121.050190401,66.981000000,100,1410,1215,31,0
12106,121.060191124,66.981000000,100,1410,1215,31,0
12107,121.070189423,66.981000000,100,1410,1215,31,0
12108,121.080194474,66.981000000,100,1410,1215,31,0
12109,121.090190218,66.981000000,100,1410,1215,31,0
12110,121.100189208,66.981000000,100,1410,1215,31,0
12111,121.110189711,66.981000000,100,1410,1215,31,0
12112,121.120188821,66.981000000,100,1410,1215,31,0
12113,121.130190246,66.981000000,100,1410,1215,31,0
12114,121.140189977,66.981000000,100,1410,1215,31,0
12115,121.150191592,66.981000000,100,1410,1215,31,0
12116,121.160191925,66.962000000,100,1410,1215,31,0
12117,121.170189763,66.962000000,100,1410,1215,31,0
12118,121.180189023,66.962000000,100,1410,1215,31,0
12119,121.190196198,66.962000000,100,1410,1215,31,0
12120,121.200190239,66.962000000,100,1410,1215,31,0
12121,121.210190712,66.962000000,100,1410,1215,31,0
12122,121.220189712,66.962000000,100,1410,1215,31,0
12123,121.230190024,66.962000000,100,1410,1215,31,0
12124,121.240190347,66.962000000,100,1410,1215,31,0
12125,121.250190599,66.962000000,100,1410,1215,31,0
12126,121.260190892,66.767000000,100,1410,1215,31,0
12127,121.270190533,66.767000000,100,1410,1215,31,0
12128,121.280190515,66.767000000,100,1410,1215,31,0
12129,121.290190146,66.767000000,100,1410,1215,31,0
12130,121.300189496,66.767000000,100,1410,1215,31,0
12131,121.310193876,66.767000000,100,1410,1215,31,0
12132,121.320190432,66.767000000,100,1410,1215,31,0
12133,121.330190454,66.767000000,100,1410,1215,31,0
12134,121.340190686,66.767000000,100,1410,1215,31,0
12135,121.350191479,66.767000000,100,1410,1215,31,0
12136,121.360191451,67.078000000,100,1410,1215,31,0
12137,121.370189279,67.078000000,100,1410,1215,31,0
12138,121.380194841,67.078000000,100,1410,1215,31,0
12139,121.390190345,67.078000000,100,1410,1215,31,0
12140,121.400190146,67.078000000,100,1410,1215,31,0
12141,121.410190439,67.078000000,100,1410,1215,31,0
12142,121.420194448,67.078000000,100,1410,1215,31,0
12143,121.430190663,67.078000000,100,1410,1215,31,0
12144,121.440190084,67.078000000,100,1410,1215,31,0
12145,121.450191408,67.078000000,100,1410,1215,31,0
12146,121.460195518,67.175000000,100,1410,1215,31,0
12147,121.470189578,67.175000000,100,1410,1215,31,0
12148,121.480189831,67.175000000,100,1410,1215,31,0
12149,121.490189953,67.175000000,100,1410,1215,31,0
12150,121.500190396,67.175000000,100,1410,1215,31,0
12151,121.510190217,67.175000000,100,1410,1215,31,0
12152,121.520190590,67.175000000,100,1410,1215,31,0
12153,121.530191142,67.175000000,100,1410,1215,31,0
12154,121.540201584,67.175000000,100,1410,1215,31,0
12155,121.550188521,67.175000000,100,1410,1215,31,0
12156,121.560189234,67.079000000,100,1410,1215,31,0
12157,121.570189667,67.079000000,100,1410,1215,31,0
12158,121.580190451,67.079000000,100,1410,1215,31,0
12159,121.590189621,67.079000000,100,1410,1215,31,0
12160,121.600190234,67.079000000,100,1410,1215,31,0
12161,121.610189464,67.079000000,100,1410,1215,31,0
12162,121.620190138,67.079000000,100,1410,1215,31,0
12163,121.630190781,67.079000000,100,1410,1215,31,0
12164,121.640189380,67.079000000,100,1410,1215,31,0
12165,121.650190924,67.079000000,100,1410,1215,31,0
12166,121.660190716,66.950000000,100,1410,1215,31,0
12167,121.670190207,66.950000000,100,1410,1215,31,0
12168,121.680189818,66.950000000,100,1410,1215,31,0
12169,121.690190802,66.950000000,100,1410,1215,31,0
12170,121.700189702,66.950000000,100,1410,1215,31,0
12171,121.710194182,66.950000000,100,1410,1215,31,0
12172,121.720190357,66.950000000,100,1410,1215,31,0
12173,121.730190970,66.950000000,100,1410,1215,31,0
12174,121.740189940,66.950000000,100,1410,1215,31,0
12175,121.750191384,66.950000000,100,1410,1215,31,0
12176,121.760191586,66.968000000,100,1410,1215,31,0
12177,121.770190005,66.968000000,100,1410,1215,31,0
12178,121.780190237,66.968000000,100,1410,1215,31,0
12179,121.790190420,66.968000000,100,1410,1215,31,0
12180,121.800190362,66.968000000,100,1410,1215,31,0
12181,121.810189582,66.968000000,100,1410,1215,31,0
12182,121.820193301,66.968000000,100,1410,1215,31,0
12183,121.830190557,66.968000000,100,1410,1215,31,0
12184,121.840193996,66.968000000,100,1410,1215,31,0
12185,121.850190421,66.968000000,100,1410,1215,31,0
12186,121.860190823,66.962000000,100,1410,1215,31,0
12187,121.870195344,66.962000000,100,1410,1215,31,0
12188,121.880190016,66.962000000,100,1410,1215,31,0
12189,121.890189647,66.962000000,100,1410,1215,31,0
12190,121.900190030,66.962000000,100,1410,1215,31,0
12191,121.910190963,66.962000000,100,1410,1215,31,0
12192,121.920189202,66.962000000,100,1410,1215,31,0
12193,121.930191969,66.962000000,100,1410,1215,31,0
12194,121.940189145,66.962000000,100,1410,1215,31,0
12195,121.950190830,66.962000000,100,1410,1215,31,0
12196,121.960190441,67.059000000,100,1410,1215,31,0
12197,121.970190744,67.059000000,100,1410,1215,31,0
12198,121.980190185,67.059000000,100,1410,1215,31,0
12199,121.990190507,67.059000000,100,1410,1215,31,0
12200,122.000189197,67.059000000,100,1410,1215,31,0
12201,122.010190100,67.059000000,100,1410,1215,31,0
12202,122.020188960,67.059000000,100,1410,1215,31,0
12203,122.030190855,67.059000000,100,1410,1215,31,0
12204,122.040189635,67.059000000,100,1410,1215,31,0
12205,122.050191230,67.059000000,100,1410,1215,31,0
12206,122.060190981,67.176000000,100,1410,1215,31,0
12207,122.070194149,67.176000000,100,1410,1215,31,0
12208,122.080212205,67.176000000,100,1410,1215,31,0
12209,122.090190095,67.176000000,100,1410,1215,31,0
12210,122.100190768,67.176000000,100,1410,1215,31,0
12211,122.110190309,67.176000000,100,1410,1215,31,0
12212,122.120190061,67.176000000,100,1410,1215,31,0
12213,122.130189582,67.176000000,100,1410,1215,31,0
12214,122.140190084,67.176000000,100,1410,1215,31,0
12215,122.150190036,67.176000000,100,1410,1215,31,0
12216,122.160191290,67.272000000,100,1410,1215,31,0
12217,122.170189880,67.272000000,100,1410,1215,31,0
12218,122.180188880,67.272000000,100,1410,1215,31,0
12219,122.190189723,67.272000000,100,1410,1215,31,0
12220,122.200189985,67.272000000,100,1410,1215,31,0
12221,122.210189446,67.272000000,100,1410,1215,31,0
12222,122.220189318,67.272000000,100,1410,1215,31,0
12223,122.230190472,67.272000000,100,1410,1215,31,0
12224,122.240188811,67.272000000,100,1410,1215,31,0
12225,122.250190255,67.272000000,100,1410,1215,31,0
12226,122.260190257,67.078000000,100,1410,1215,31,0
12227,122.270190500,67.078000000,100,1410,1215,31,0
12228,122.280189059,67.078000000,100,1410,1215,31,0
12229,122.290189902,67.078000000,100,1410,1215,31,0
12230,122.300195394,67.078000000,100,1410,1215,31,0
12231,122.310189355,67.078000000,100,1410,1215,31,0
12232,122.320189807,67.078000000,100,1410,1215,31,0
12233,122.330189409,67.078000000,100,1410,1215,31,0
12234,122.340190482,67.078000000,100,1410,1215,31,0
12235,122.350191075,67.078000000,100,1410,1215,31,0
12236,122.360191338,67.157000000,100,1410,1215,31,0
12237,122.370193935,67.157000000,100,1410,1215,31,0
12238,122.380189819,67.157000000,100,1410,1215,31,0
12239,122.390190241,67.157000000,100,1410,1215,31,0
12240,122.400190003,67.157000000,100,1410,1215,31,0
12241,122.410190005,67.157000000,100,1410,1215,31,0
12242,122.420190067,67.157000000,100,1410,1215,31,0
12243,122.430189197,67.157000000,100,1410,1215,31,0
12244,122.440189359,67.157000000,100,1410,1215,31,0
12245,122.450193899,67.157000000,100,1410,1215,31,0
12246,122.460190826,66.962000000,100,1410,1215,31,0
12247,122.470190877,66.962000000,100,1410,1215,31,0
12248,122.480190328,66.962000000,100,1410,1215,31,0
12249,122.490190601,66.962000000,100,1410,1215,31,0
12250,122.500189480,66.962000000,100,1410,1215,31,0
12251,122.510193179,66.962000000,100,1410,1215,31,0
12252,122.520188522,66.962000000,100,1410,1215,31,0
12253,122.530190137,66.962000000,100,1410,1215,31,0
12254,122.540224584,66.962000000,100,1410,1215,31,0
12255,122.550194098,66.962000000,100,1410,1215,31,0
12256,122.560190574,66.871000000,100,1410,1215,31,0
12257,122.570191477,66.871000000,100,1410,1215,31,0
12258,122.580194765,66.871000000,100,1410,1215,31,0
12259,122.590189858,66.871000000,100,1410,1215,31,0
12260,122.600189780,66.871000000,100,1410,1215,31,0
12261,122.610191825,66.871000000,100,1410,1215,31,0
12262,122.620194923,66.871000000,100,1410,1215,31,0
12263,122.630195556,66.871000000,100,1410,1215,31,0
12264,122.640190488,66.871000000,100,1410,1215,31,0
12265,122.650190069,66.871000000,100,1410,1215,31,0
12266,122.660191294,66.883000000,100,1410,1215,31,0
12267,122.670189713,66.883000000,100,1410,1215,31,0
12268,122.680194423,66.883000000,100,1410,1215,31,0
12269,122.690192081,66.883000000,100,1410,1215,31,0
12270,122.700190740,66.883000000,100,1410,1215,31,0
12271,122.710190692,66.883000000,100,1410,1215,31,0
12272,122.720190834,66.883000000,100,1410,1215,31,0
12273,122.730191216,66.883000000,100,1410,1215,31,0
12274,122.740189766,66.883000000,100,1410,1215,31,0
12275,122.750191250,66.883000000,100,1410,1215,31,0
12276,122.760190250,66.981000000,100,1410,1215,31,0
12277,122.770190172,66.981000000,100,1410,1215,31,0
12278,122.780189252,66.981000000,100,1410,1215,31,0
12279,122.790189835,66.981000000,100,1410,1215,31,0
12280,122.800189296,66.981000000,100,1410,1215,31,0
12281,122.810190700,66.981000000,100,1410,1215,31,0
12282,122.820190762,66.981000000,100,1410,1215,31,0
12283,122.830195032,66.981000000,100,1410,1215,31,0
12284,122.840193682,66.981000000,100,1410,1215,31,0
12285,122.850191289,66.981000000,100,1410,1215,31,0
12286,122.860190550,67.176000000,100,1410,1215,31,0
12287,122.870190902,67.176000000,100,1410,1215,31,0
12288,122.880190102,67.176000000,100,1410,1215,31,0
12289,122.890191046,67.176000000,100,1410,1215,31,0
12290,122.900190026,67.176000000,100,1410,1215,31,0
12291,122.910192683,67.176000000,100,1410,1215,31,0
12292,122.920190230,67.176000000,100,1410,1215,31,0
12293,122.930191054,67.176000000,100,1410,1215,31,0
12294,122.940206174,67.176000000,100,1410,1215,31,0
12295,122.950191137,67.176000000,100,1410,1215,31,0
12296,122.960190658,67.091000000,100,1410,1215,31,0
12297,122.970189278,67.091000000,100,1410,1215,31,0
12298,122.980189330,67.091000000,100,1410,1215,31,0
12299,122.990191335,67.091000000,100,1410,1215,31,0
12300,123.000189584,67.091000000,100,1410,1215,31,0
12301,123.010189736,67.091000000,100,1410,1215,31,0
12302,123.020189467,67.091000000,100,1410,1215,31,0
12303,123.030189539,67.091000000,100,1410,1215,31,0
12304,123.040189501,67.091000000,100,1410,1215,31,0
12305,123.050190745,67.091000000,100,1410,1215,31,0
12306,123.060190507,66.987000000,100,1410,1215,31,0
12307,123.070189677,66.987000000,100,1410,1215,31,0
12308,123.080189368,66.987000000,100,1410,1215,31,0
12309,123.090189921,66.987000000,100,1410,1215,31,0
12310,123.100189973,66.987000000,100,1410,1215,31,0
12311,123.110189424,66.987000000,100,1410,1215,31,0
12312,123.120188875,66.987000000,100,1410,1215,31,0
12313,123.130189949,66.987000000,100,1410,1215,31,0
12314,123.140188798,66.987000000,100,1410,1215,31,0
12315,123.150193910,66.987000000,100,1410,1215,31,0
12316,123.160190085,67.060000000,100,1410,1215,31,0
12317,123.170188894,67.060000000,100,1410,1215,31,0
12318,123.180189216,67.060000000,100,1410,1215,31,0
12319,123.190189459,67.060000000,100,1410,1215,31,0
12320,123.200186305,67.060000000,100,1410,1215,31,0
12321,123.210189142,67.060000000,100,1410,1215,31,0
12322,123.220189855,67.060000000,100,1410,1215,31,0
12323,123.230191109,67.060000000,100,1410,1215,31,0
12324,123.240190049,67.060000000,100,1410,1215,31,0
12325,123.250189871,67.060000000,100,1410,1215,31,0
12326,123.260190935,67.041000000,100,1410,1215,31,0
12327,123.270190135,67.041000000,100,1410,1215,31,0
12328,123.280189235,67.041000000,100,1410,1215,31,0
12329,123.290189928,67.041000000,100,1410,1215,31,0
12330,123.300189329,67.041000000,100,1410,1215,31,0
12331,123.310190453,67.041000000,100,1410,1215,31,0
12332,123.320189784,67.041000000,100,1410,1215,31,0
12333,123.330190577,67.041000000,100,1410,1215,31,0
12334,123.340189667,67.041000000,100,1410,1215,31,0
12335,123.350190911,67.041000000,100,1410,1215,31,0
12336,123.360190212,67.060000000,100,1410,1215,31,0
12337,123.370189833,67.060000000,100,1410,1215,31,0
12338,123.380189875,67.060000000,100,1410,1215,31,0
12339,123.390190428,67.060000000,100,1410,1215,31,0
12340,123.400189638,67.060000000,100,1410,1215,31,0
12341,123.410189991,67.060000000,100,1410,1215,31,0
12342,123.420189752,67.060000000,100,1410,1215,31,0
12343,123.430189774,67.060000000,100,1410,1215,31,0
12344,123.440189015,67.060000000,100,1410,1215,31,0
12345,123.450190429,67.060000000,100,1410,1215,31,0
12346,123.460190391,67.078000000,100,1410,1215,31,0
12347,123.470189641,67.078000000,100,1410,1215,31,0
12348,123.480189673,67.078000000,100,1410,1215,31,0
12349,123.490194093,67.078000000,100,1410,1215,31,0
12350,123.500190188,67.078000000,100,1410,1215,31,0
12351,123.510194047,67.078000000,100,1410,1215,31,0
12352,123.520190041,67.078000000,100,1410,1215,31,0
12353,123.530190153,67.078000000,100,1410,1215,31,0
12354,123.540189243,67.078000000,100,1410,1215,31,0
12355,123.550190127,67.078000000,100,1410,1215,31,0
12356,123.560190249,67.169000000,100,1410,1215,31,0
12357,123.570190121,67.169000000,100,1410,1215,31,0
12358,123.580188800,67.169000000,100,1410,1215,31,0
12359,123.590189894,67.169000000,100,1410,1215,31,0
12360,123.600189756,67.169000000,100,1410,1215,31,0
12361,123.610189447,67.169000000,100,1410,1215,31,0
12362,123.620188707,67.169000000,100,1410,1215,31,0
12363,123.630189260,67.169000000,100,1410,1215,31,0
12364,123.640294830,67.169000000,100,1410,1215,31,0
12365,123.650190727,67.169000000,100,1410,1215,31,0
12366,123.660191620,67.170000000,100,1410,1215,31,0
12367,123.670189989,67.170000000,100,1410,1215,31,0
12368,123.680189730,67.170000000,100,1410,1215,31,0
12369,123.690190293,67.170000000,100,1410,1215,31,0
12370,123.700189564,67.170000000,100,1410,1215,31,0
12371,123.710190017,67.170000000,100,1410,1215,31,0
12372,123.720190349,67.170000000,100,1410,1215,31,0
12373,123.730189700,67.170000000,100,1410,1215,31,0
12374,123.740189812,67.170000000,100,1410,1215,31,0
12375,123.750190325,67.170000000,100,1410,1215,31,0
12376,123.760190617,67.079000000,100,1410,1215,31,0
12377,123.770194496,67.079000000,100,1410,1215,31,0
12378,123.780189789,67.079000000,100,1410,1215,31,0
12379,123.790189901,67.079000000,100,1410,1215,31,0
12380,123.800189542,67.079000000,100,1410,1215,31,0
12381,123.810189564,67.079000000,100,1410,1215,31,0
12382,123.820189596,67.079000000,100,1410,1215,31,0
12383,123.830190379,67.079000000,100,1410,1215,31,0
12384,123.840190171,67.079000000,100,1410,1215,31,0
12385,123.850190443,67.079000000,100,1410,1215,31,0
12386,123.860191507,66.962000000,100,1410,1215,31,0
12387,123.870189826,66.962000000,100,1410,1215,31,0
12388,123.880190198,66.962000000,100,1410,1215,31,0
12389,123.890190060,66.962000000,100,1410,1215,31,0
12390,123.900190513,66.962000000,100,1410,1215,31,0
12391,123.910191076,66.962000000,100,1410,1215,31,0
12392,123.920188793,66.962000000,100,1410,1215,31,0
12393,123.930189977,66.962000000,100,1410,1215,31,0
12394,123.940189238,66.962000000,100,1410,1215,31,0
12395,123.950189410,66.962000000,100,1410,1215,31,0
12396,123.960191235,67.060000000,100,1410,1215,31,0
12397,123.970188813,67.060000000,100,1410,1215,31,0
12398,123.980189566,67.060000000,100,1410,1215,31,0
12399,123.990188917,67.060000000,100,1410,1215,31,0
12400,124.000189029,67.060000000,100,1410,1215,31,0
12401,124.010189331,67.060000000,100,1410,1215,31,0
12402,124.020188962,67.060000000,100,1410,1215,31,0
12403,124.030190266,67.060000000,100,1410,1215,31,0
12404,124.040189557,67.060000000,100,1410,1215,31,0
12405,124.050189409,67.060000000,100,1410,1215,31,0
12406,124.060190532,67.060000000,100,1410,1215,31,0
12407,124.070189402,67.060000000,100,1410,1215,31,0
12408,124.080188933,67.060000000,100,1410,1215,31,0
12409,124.090190037,67.060000000,100,1410,1215,31,0
12410,124.100190269,67.060000000,100,1410,1215,31,0
12411,124.110189891,67.060000000,100,1410,1215,31,0
12412,124.120188760,67.060000000,100,1410,1215,31,0
12413,124.130189513,67.060000000,100,1410,1215,31,0
12414,124.140188914,67.060000000,100,1410,1215,31,0
12415,124.150189768,67.060000000,100,1410,1215,31,0
12416,124.160190361,66.981000000,100,1410,1215,31,0
12417,124.170189932,66.981000000,100,1410,1215,31,0
12418,124.180190234,66.981000000,100,1410,1215,31,0
12419,124.190189705,66.981000000,100,1410,1215,31,0
12420,124.200189026,66.981000000,100,1410,1215,31,0
12421,124.210190681,66.981000000,100,1410,1215,31,0
12422,124.220189560,66.981000000,100,1410,1215,31,0
12423,124.230189592,66.981000000,100,1410,1215,31,0
12424,124.240189995,66.981000000,100,1410,1215,31,0
12425,124.250190107,66.981000000,100,1410,1215,31,0
12426,124.260190439,66.962000000,100,1410,1215,31,0
12427,124.270189299,66.962000000,100,1410,1215,31,0
12428,124.280190203,66.962000000,100,1410,1215,31,0
12429,124.290190505,66.962000000,100,1410,1215,31,0
12430,124.300189926,66.962000000,100,1410,1215,31,0
12431,124.310189387,66.962000000,100,1410,1215,31,0
12432,124.320190080,66.962000000,100,1410,1215,31,0
12433,124.330190512,66.962000000,100,1410,1215,31,0
12434,124.340191206,66.962000000,100,1410,1215,31,0
12435,124.350190877,66.962000000,100,1410,1215,31,0
12436,124.360190628,67.073000000,100,1410,1215,31,0
12437,124.370189278,67.073000000,100,1410,1215,31,0
12438,124.380194529,67.073000000,100,1410,1215,31,0
12439,124.390189832,67.073000000,100,1410,1215,31,0
12440,124.400190505,67.073000000,100,1410,1215,31,0
12441,124.410189696,67.073000000,100,1410,1215,31,0
12442,124.420190068,67.073000000,100,1410,1215,31,0
12443,124.430190120,67.073000000,100,1410,1215,31,0
12444,124.440189150,67.073000000,100,1410,1215,31,0
12445,124.450190495,67.073000000,100,1410,1215,31,0
12446,124.460190196,66.962000000,100,1410,1215,31,0
12447,124.470190659,66.962000000,100,1410,1215,31,0
12448,124.480189559,66.962000000,100,1410,1215,31,0
12449,124.490190542,66.962000000,100,1410,1215,31,0
12450,124.500189642,66.962000000,100,1410,1215,31,0
12451,124.510189354,66.962000000,100,1410,1215,31,0
12452,124.520189766,66.962000000,100,1410,1215,31,0
12453,124.530193445,66.962000000,100,1410,1215,31,0
12454,124.540190812,66.962000000,100,1410,1215,31,0
12455,124.550190974,66.962000000,100,1410,1215,31,0
12456,124.560189934,66.773000000,100,1410,1215,31,0
12457,124.570189385,66.773000000,100,1410,1215,31,0
12458,124.580189968,66.773000000,100,1410,1215,31,0
12459,124.590188437,66.773000000,100,1410,1215,31,0
12460,124.600189591,66.773000000,100,1410,1215,31,0
12461,124.610227073,66.773000000,100,1410,1215,31,0
12462,124.620189524,66.773000000,100,1410,1215,31,0
12463,124.630189185,66.773000000,100,1410,1215,31,0
12464,124.640189187,66.773000000,100,1410,1215,31,0
12465,124.650189600,66.773000000,100,1410,1215,31,0
12466,124.660189792,66.865000000,100,1410,1215,31,0
12467,124.670189674,66.865000000,100,1410,1215,31,0
12468,124.680189846,66.865000000,100,1410,1215,31,0
12469,124.690189016,66.865000000,100,1410,1215,31,0
12470,124.700189639,66.865000000,100,1410,1215,31,0
12471,124.710189671,66.865000000,100,1410,1215,31,0
12472,124.720215211,66.865000000,100,1410,1215,31,0
12473,124.730189695,66.865000000,100,1410,1215,31,0
12474,124.740189487,66.865000000,100,1410,1215,31,0
12475,124.750190650,66.865000000,100,1410,1215,31,0
12476,124.760190001,67.170000000,100,1410,1215,31,0
12477,124.770189983,67.170000000,100,1410,1215,31,0
12478,124.780189454,67.170000000,100,1410,1215,31,0
12479,124.790189526,67.170000000,100,1410,1215,31,0
12480,124.800189317,67.170000000,100,1410,1215,31,0
12481,124.810189780,67.170000000,100,1410,1215,31,0
12482,124.820379638,67.170000000,100,1410,1215,31,0
12483,124.830189563,67.170000000,100,1410,1215,31,0
12484,124.840189295,67.170000000,100,1410,1215,31,0
12485,124.850189166,67.170000000,100,1410,1215,31,0
12486,124.860190531,66.962000000,100,1410,1215,31,0
12487,124.870188509,66.962000000,100,1410,1215,31,0
12488,124.880189292,66.962000000,100,1410,1215,31,0
12489,124.890189835,66.962000000,100,1410,1215,31,0
12490,124.900188434,66.962000000,100,1410,1215,31,0
12491,124.910189598,66.962000000,100,1410,1215,31,0
12492,124.920188828,66.962000000,100,1410,1215,31,0
12493,124.930190303,66.962000000,100,1410,1215,31,0
12494,124.940190135,66.962000000,100,1410,1215,31,0
12495,124.950189566,66.962000000,100,1410,1215,31,0
12496,124.960189768,66.962000000,100,1410,1215,31,0
12497,124.970189289,66.962000000,100,1410,1215,31,0
12498,124.980189431,66.962000000,100,1410,1215,31,0
12499,124.990189573,66.962000000,100,1410,1215,31,0
12500,125.000188954,66.962000000,100,1410,1215,31,0
12501,125.010188935,66.962000000,100,1410,1215,31,0
12502,125.020188977,66.962000000,100,1410,1215,31,0
12503,125.030188829,66.962000000,100,1410,1215,31,0
12504,125.040189272,66.962000000,100,1410,1215,31,0
12505,125.050190225,66.962000000,100,1410,1215,31,0
12506,125.060191469,66.962000000,100,1410,1215,31,0
12507,125.070188385,66.962000000,100,1410,1215,31,0
12508,125.080189129,66.962000000,100,1410,1215,31,0
12509,125.090189141,66.962000000,100,1410,1215,31,0
12510,125.100189082,66.962000000,100,1410,1215,31,0
12511,125.110189174,66.962000000,100,1410,1215,31,0
12512,125.120189797,66.962000000,100,1410,1215,31,0
12513,125.130189368,66.962000000,100,1410,1215,31,0
12514,125.140189310,66.962000000,100,1410,1215,31,0
12515,125.150190073,66.962000000,100,1410,1215,31,0
12516,125.160189514,66.962000000,100,1410,1215,31,0
12517,125.170188695,66.962000000,100,1410,1215,31,0
12518,125.180193866,66.962000000,100,1410,1215,31,0
12519,125.190189950,66.962000000,100,1410,1215,31,0
12520,125.200189281,66.962000000,100,1410,1215,31,0
12521,125.210189564,66.962000000,100,1410,1215,31,0
12522,125.220188864,66.962000000,100,1410,1215,31,0
12523,125.230193384,66.962000000,100,1410,1215,31,0
12524,125.240190621,66.962000000,100,1410,1215,31,0
12525,125.250189671,66.962000000,100,1410,1215,31,0
12526,125.260190274,66.664000000,100,1410,1215,31,0
12527,125.270189625,66.664000000,100,1410,1215,31,0
12528,125.280190027,66.664000000,100,1410,1215,31,0
12529,125.290189638,66.664000000,100,1410,1215,31,0
12530,125.300188638,66.664000000,100,1410,1215,31,0
12531,125.310189792,66.664000000,100,1410,1215,31,0
12532,125.320189935,66.664000000,100,1410,1215,31,0
12533,125.330189796,66.664000000,100,1410,1215,31,0
12534,125.340188886,66.664000000,100,1410,1215,31,0
12535,125.350190551,66.664000000,100,1410,1215,31,0
12536,125.360189932,66.865000000,100,1410,1215,31,0
12537,125.370189283,66.865000000,100,1410,1215,31,0
12538,125.380189876,66.865000000,100,1410,1215,31,0
12539,125.390190008,66.865000000,100,1410,1215,31,0
12540,125.400190550,66.865000000,100,1410,1215,31,0
12541,125.410189570,66.865000000,100,1410,1215,31,0
12542,125.420193800,66.865000000,100,1410,1215,31,0
12543,125.430190576,66.865000000,100,1410,1215,31,0
12544,125.440190257,66.865000000,100,1410,1215,31,0
12545,125.450189217,66.865000000,100,1410,1215,31,0
12546,125.460190471,66.981000000,100,1410,1215,31,0
12547,125.470189912,66.981000000,100,1410,1215,31,0
12548,125.480189113,66.981000000,100,1410,1215,31,0
12549,125.490189285,66.981000000,100,1410,1215,31,0
12550,125.500189106,66.981000000,100,1410,1215,31,0
12551,125.510189218,66.981000000,100,1410,1215,31,0
12552,125.520190282,66.981000000,100,1410,1215,31,0
12553,125.530189633,66.981000000,100,1410,1215,31,0
12554,125.540189565,66.981000000,100,1410,1215,31,0
12555,125.550189546,66.981000000,100,1410,1215,31,0
12556,125.560190951,67.060000000,100,1410,1215,31,0
12557,125.570194058,67.060000000,100,1410,1215,31,0
12558,125.580190303,67.060000000,100,1410,1215,31,0
12559,125.590188852,67.060000000,100,1410,1215,31,0
12560,125.600189886,67.060000000,100,1410,1215,31,0
12561,125.610188966,67.060000000,100,1410,1215,31,0
12562,125.620189349,67.060000000,100,1410,1215,31,0
12563,125.630189331,67.060000000,100,1410,1215,31,0
12564,125.640190164,67.060000000,100,1410,1215,31,0
12565,125.650189986,67.060000000,100,1410,1215,31,0
12566,125.660189727,67.170000000,100,1410,1215,31,0
12567,125.670189398,67.170000000,100,1410,1215,31,0
12568,125.680189390,67.170000000,100,1410,1215,31,0
12569,125.690189582,67.170000000,100,1410,1215,31,0
12570,125.700189634,67.170000000,100,1410,1215,31,0
12571,125.710189526,67.170000000,100,1410,1215,31,0
12572,125.720193315,67.170000000,100,1410,1215,31,0
12573,125.730190271,67.170000000,100,1410,1215,31,0
12574,125.740189952,67.170000000,100,1410,1215,31,0
12575,125.750190906,67.170000000,100,1410,1215,31,0
12576,125.760190938,66.982000000,100,1410,1215,31,0
12577,125.770190268,66.982000000,100,1410,1215,31,0
12578,125.780189679,66.982000000,100,1410,1215,31,0
12579,125.790189711,66.982000000,100,1410,1215,31,0
12580,125.800188831,66.982000000,100,1410,1215,31,0
12581,125.810189544,66.982000000,100,1410,1215,31,0
12582,125.820189516,66.982000000,100,1410,1215,31,0
12583,125.830189117,66.982000000,100,1410,1215,31,0
12584,125.840188718,66.982000000,100,1410,1215,31,0
12585,125.850189021,66.982000000,100,1410,1215,31,0
12586,125.860190986,66.980000000,100,1410,1215,31,0
12587,125.870188844,66.980000000,100,1410,1215,31,0
12588,125.880189297,66.980000000,100,1410,1215,31,0
12589,125.890188948,66.980000000,100,1410,1215,31,0
12590,125.900189551,66.980000000,100,1410,1215,31,0
12591,125.910188992,66.980000000,100,1410,1215,31,0
12592,125.920189434,66.980000000,100,1410,1215,31,0
12593,125.930188595,66.980000000,100,1410,1215,31,0
12594,125.940189057,66.980000000,100,1410,1215,31,0
12595,125.950188919,66.980000000,100,1410,1215,31,0
12596,125.960189943,66.962000000,100,1410,1215,31,0
12597,125.970190025,66.962000000,100,1410,1215,31,0
12598,125.980189816,66.962000000,100,1410,1215,31,0
12599,125.990188806,66.962000000,100,1410,1215,31,0
12600,126.000188698,66.962000000,100,1410,1215,31,0
12601,126.010190182,66.962000000,100,1410,1215,31,0
12602,126.020188261,66.962000000,100,1410,1215,31,0
12603,126.030188854,66.962000000,100,1410,1215,31,0
12604,126.040188375,66.962000000,100,1410,1215,31,0
12605,126.050188937,66.962000000,100,1410,1215,31,0
12606,126.060189350,66.962000000,100,1410,1215,31,0
12607,126.070189031,66.962000000,100,1410,1215,31,0
12608,126.080189674,66.962000000,100,1410,1215,31,0
12609,126.090189746,66.962000000,100,1410,1215,31,0
12610,126.100189067,66.962000000,100,1410,1215,31,0
12611,126.110190040,66.962000000,100,1410,1215,31,0
12612,126.120189892,66.962000000,100,1410,1215,31,0
12613,126.130189984,66.962000000,100,1410,1215,31,0
12614,126.140189485,66.962000000,100,1410,1215,31,0
12615,126.150189427,66.962000000,100,1410,1215,31,0
12616,126.160190050,66.883000000,100,1410,1215,31,0
12617,126.170189761,66.883000000,100,1410,1215,31,0
12618,126.180189512,66.883000000,100,1410,1215,31,0
12619,126.190189494,66.883000000,100,1410,1215,31,0
12620,126.200189286,66.883000000,100,1410,1215,31,0
12621,126.210189638,66.883000000,100,1410,1215,31,0
12622,126.220190031,66.883000000,100,1410,1215,31,0
12623,126.230189622,66.883000000,100,1410,1215,31,0
12624,126.240190285,66.883000000,100,1410,1215,31,0
12625,126.250189485,66.883000000,100,1410,1215,31,0
12626,126.260190439,66.962000000,100,1410,1215,31,0
12627,126.270193486,66.962000000,100,1410,1215,31,0
12628,126.280190453,66.962000000,100,1410,1215,31,0
12629,126.290190364,66.962000000,100,1410,1215,31,0
12630,126.300190937,66.962000000,100,1410,1215,31,0
12631,126.310194436,66.962000000,100,1410,1215,31,0
12632,126.320189057,66.962000000,100,1410,1215,31,0
12633,126.330189991,66.962000000,100,1410,1215,31,0
12634,126.340189742,66.962000000,100,1410,1215,31,0
12635,126.350189854,66.962000000,100,1410,1215,31,0
12636,126.360191119,67.079000000,100,1410,1215,31,0
12637,126.370189307,67.079000000,100,1410,1215,31,0
12638,126.380190000,67.079000000,100,1410,1215,31,0
12639,126.390189741,67.079000000,100,1410,1215,31,0
12640,126.400188892,67.079000000,100,1410,1215,31,0
12641,126.410189044,67.079000000,100,1410,1215,31,0
12642,126.420189126,67.079000000,100,1410,1215,31,0
12643,126.430188998,67.079000000,100,1410,1215,31,0
12644,126.440189370,67.079000000,100,1410,1215,31,0
12645,126.450189081,67.079000000,100,1410,1215,31,0
12646,126.460190937,67.059000000,100,1410,1215,31,0
12647,126.470189416,67.059000000,100,1410,1215,31,0
12648,126.480188997,67.059000000,100,1410,1215,31,0
12649,126.490189850,67.059000000,100,1410,1215,31,0
12650,126.500189582,67.059000000,100,1410,1215,31,0
12651,126.510188932,67.059000000,100,1410,1215,31,0
12652,126.520189685,67.059000000,100,1410,1215,31,0
12653,126.530194025,67.059000000,100,1410,1215,31,0
12654,126.540190150,67.059000000,100,1410,1215,31,0
12655,126.550190202,67.059000000,100,1410,1215,31,0
12656,126.560191426,66.657000000,100,1410,1215,31,0
12657,126.570190316,66.657000000,100,1410,1215,31,0
12658,126.580189436,66.657000000,100,1410,1215,31,0
12659,126.590189358,66.657000000,100,1410,1215,31,0
12660,126.600189319,66.657000000,100,1410,1215,31,0
12661,126.610189432,66.657000000,100,1410,1215,31,0
12662,126.620189013,66.657000000,100,1410,1215,31,0
12663,126.630189395,66.657000000,100,1410,1215,31,0
12664,126.640189227,66.657000000,100,1410,1215,31,0
12665,126.650190110,66.657000000,100,1410,1215,31,0
12666,126.660190863,66.962000000,100,1410,1215,31,0
12667,126.670190274,66.962000000,100,1410,1215,31,0
12668,126.680189474,66.962000000,100,1410,1215,31,0
12669,126.690189687,66.962000000,100,1410,1215,31,0
12670,126.700189448,66.962000000,100,1410,1215,31,0
12671,126.710194640,66.962000000,100,1410,1215,31,0
12672,126.720189803,66.962000000,100,1410,1215,31,0
12673,126.730189574,66.962000000,100,1410,1215,31,0
12674,126.740189866,66.962000000,100,1410,1215,31,0
12675,126.750189678,66.962000000,100,1410,1215,31,0
12676,126.760190000,67.170000000,100,1410,1215,31,0
12677,126.770189321,67.170000000,100,1410,1215,31,0
12678,126.780190174,67.170000000,100,1410,1215,31,0
12679,126.790189294,67.170000000,100,1410,1215,31,0
12680,126.800253346,67.170000000,100,1410,1215,31,0
12681,126.810189458,67.170000000,100,1410,1215,31,0
12682,126.820189811,67.170000000,100,1410,1215,31,0
12683,126.830189151,67.170000000,100,1410,1215,31,0
12684,126.840190225,67.170000000,100,1410,1215,31,0
12685,126.850189225,67.170000000,100,1410,1215,31,0
12686,126.860190269,67.060000000,100,1410,1215,31,0
12687,126.870189469,67.060000000,100,1410,1215,31,0
12688,126.880188870,67.060000000,100,1410,1215,31,0
12689,126.890189223,67.060000000,100,1410,1215,31,0
12690,126.900189024,67.060000000,100,1410,1215,31,0
12691,126.910190589,67.060000000,100,1410,1215,31,0
12692,126.920188186,67.060000000,100,1410,1215,31,0
12693,126.930188919,67.060000000,100,1410,1215,31,0
12694,126.940189212,67.060000000,100,1410,1215,31,0
12695,126.950188352,67.060000000,100,1410,1215,31,0
12696,126.960189726,66.962000000,100,1410,1215,31,0
12697,126.970189648,66.962000000,100,1410,1215,31,0
12698,126.980188778,66.962000000,100,1410,1215,31,0
12699,126.990187979,66.962000000,100,1410,1215,31,0
12700,127.000188952,66.962000000,100,1410,1215,31,0
12701,127.010188103,66.962000000,100,1410,1215,31,0
12702,127.020188926,66.962000000,100,1410,1215,31,0
12703,127.030189288,66.962000000,100,1410,1215,31,0
12704,127.040189230,66.962000000,100,1410,1215,31,0
12705,127.050188471,66.962000000,100,1410,1215,31,0
12706,127.060189314,67.079000000,100,1410,1215,31,0
12707,127.070188855,67.079000000,100,1410,1215,31,0
12708,127.080189167,67.079000000,100,1410,1215,31,0
12709,127.090188157,67.079000000,100,1410,1215,31,0
12710,127.100188841,67.079000000,100,1410,1215,31,0
12711,127.110192860,67.079000000,100,1410,1215,31,0
12712,127.120189295,67.079000000,100,1410,1215,31,0
12713,127.130190349,67.079000000,100,1410,1215,31,0
12714,127.140189770,67.079000000,100,1410,1215,31,0
12715,127.150188870,67.079000000,100,1410,1215,31,0
12716,127.160190885,67.060000000,100,1410,1215,31,0
12717,127.170190266,67.060000000,100,1410,1215,31,0
12718,127.180189266,67.060000000,100,1410,1215,31,0
12719,127.190189689,67.060000000,100,1410,1215,31,0
12720,127.200188598,67.060000000,100,1410,1215,31,0
12721,127.210193970,67.060000000,100,1410,1215,31,0
12722,127.220190325,67.060000000,100,1410,1215,31,0
12723,127.230193283,67.060000000,100,1410,1215,31,0
12724,127.240191802,67.060000000,100,1410,1215,31,0
12725,127.250189359,67.060000000,100,1410,1215,31,0
12726,127.260190313,66.865000000,100,1410,1215,31,0
12727,127.270188772,66.865000000,100,1410,1215,31,0
12728,127.280189194,66.865000000,100,1410,1215,31,0
12729,127.290190528,66.865000000,100,1410,1215,31,0
12730,127.300189549,66.865000000,100,1410,1215,31,0
12731,127.310190372,66.865000000,100,1410,1215,31,0
12732,127.320193960,66.865000000,100,1410,1215,31,0
12733,127.330189995,66.865000000,100,1410,1215,31,0
12734,127.340189305,66.865000000,100,1410,1215,31,0
12735,127.350189578,66.865000000,100,1410,1215,31,0
12736,127.360190131,66.962000000,100,1410,1215,31,0
12737,127.370189441,66.962000000,100,1410,1215,31,0
12738,127.380189994,66.962000000,100,1410,1215,31,0
12739,127.390189234,66.962000000,100,1410,1215,31,0
12740,127.400188485,66.962000000,100,1410,1215,31,0
12741,127.410188797,66.962000000,100,1410,1215,31,0
12742,127.420189250,66.962000000,100,1410,1215,31,0
12743,127.430189893,66.962000000,100,1410,1215,31,0
12744,127.440193472,66.962000000,100,1410,1215,31,0
12745,127.450189746,66.962000000,100,1410,1215,31,0
12746,127.460195349,67.248000000,100,1410,1215,31,0
12747,127.470187306,67.248000000,100,1410,1215,31,0
12748,127.480191696,67.248000000,100,1410,1215,31,0
12749,127.490190746,67.248000000,100,1410,1215,31,0
12750,127.500189575,67.248000000,100,1410,1215,31,0
12751,127.510190208,67.248000000,100,1410,1215,31,0
12752,127.520189569,67.248000000,100,1410,1215,31,0
12753,127.530189431,67.248000000,100,1410,1215,31,0
12754,127.540188881,67.248000000,100,1410,1215,31,0
12755,127.550188252,67.248000000,100,1410,1215,31,0
12756,127.560189526,67.169000000,100,1410,1215,31,0
12757,127.570189358,67.169000000,100,1410,1215,31,0
12758,127.580189329,67.169000000,100,1410,1215,31,0
12759,127.590188961,67.169000000,100,1410,1215,31,0
12760,127.600189023,67.169000000,100,1410,1215,31,0
12761,127.610188584,67.169000000,100,1410,1215,31,0
12762,127.620187614,67.169000000,100,1410,1215,31,0
12763,127.630188918,67.169000000,100,1410,1215,31,0
12764,127.640189731,67.169000000,100,1410,1215,31,0
12765,127.650188711,67.169000000,100,1410,1215,31,0
12766,127.660189956,66.864000000,100,1410,1215,31,0
12767,127.670188905,66.864000000,100,1410,1215,31,0
12768,127.680189508,66.864000000,100,1410,1215,31,0
12769,127.690189159,66.864000000,100,1410,1215,31,0
12770,127.700189362,66.864000000,100,1410,1215,31,0
12771,127.710189353,66.864000000,100,1410,1215,31,0
12772,127.720189385,66.864000000,100,1410,1215,31,0
12773,127.730189668,66.864000000,100,1410,1215,31,0
12774,127.740189970,66.864000000,100,1410,1215,31,0
12775,127.750188880,66.864000000,100,1410,1215,31,0
12776,127.760190054,66.743000000,100,1410,1215,31,0
12777,127.770189164,66.743000000,100,1410,1215,31,0
12778,127.780188976,66.743000000,100,1410,1215,31,0
12779,127.790188807,66.743000000,100,1410,1215,31,0
12780,127.800188879,66.743000000,100,1410,1215,31,0
12781,127.810188861,66.743000000,100,1410,1215,31,0
12782,127.820189634,66.743000000,100,1410,1215,31,0
12783,127.830188784,66.743000000,100,1410,1215,31,0
12784,127.840188957,66.743000000,100,1410,1215,31,0
12785,127.850194699,66.743000000,100,1410,1215,31,0
12786,127.860190994,66.865000000,100,1410,1215,31,0
12787,127.870188982,66.865000000,100,1410,1215,31,0
12788,127.880190577,66.865000000,100,1410,1215,31,0
12789,127.890189076,66.865000000,100,1410,1215,31,0
12790,127.900189458,66.865000000,100,1410,1215,31,0
12791,127.910188599,66.865000000,100,1410,1215,31,0
12792,127.920189162,66.865000000,100,1410,1215,31,0
12793,127.930189574,66.865000000,100,1410,1215,31,0
12794,127.940188604,66.865000000,100,1410,1215,31,0
12795,127.950188135,66.865000000,100,1410,1215,31,0
12796,127.960189239,66.749000000,100,1410,1215,31,0
12797,127.970189201,66.749000000,100,1410,1215,31,0
12798,127.980187890,66.749000000,100,1410,1215,31,0
12799,127.990189715,66.749000000,100,1410,1215,31,0
12800,128.000188926,66.749000000,100,1410,1215,31,0
12801,128.010188958,66.749000000,100,1410,1215,31,0
12802,128.020188649,66.749000000,100,1410,1215,31,0
12803,128.030188460,66.749000000,100,1410,1215,31,0
12804,128.040188462,66.749000000,100,1410,1215,31,0
12805,128.050189586,66.749000000,100,1410,1215,31,0
12806,128.060190319,67.060000000,100,1410,1215,31,0
12807,128.070188798,67.060000000,100,1410,1215,31,0
12808,128.080188860,67.060000000,100,1410,1215,31,0
12809,128.090188602,67.060000000,100,1410,1215,31,0
12810,128.100188864,67.060000000,100,1410,1215,31,0
12811,128.110188806,67.060000000,100,1410,1215,31,0
12812,128.120189108,67.060000000,100,1410,1215,31,0
12813,128.130189130,67.060000000,100,1410,1215,31,0
12814,128.140189172,67.060000000,100,1410,1215,31,0
12815,128.150189444,67.060000000,100,1410,1215,31,0
12816,128.160189887,67.170000000,100,1410,1215,31,0
12817,128.170188817,67.170000000,100,1410,1215,31,0
12818,128.180189840,67.170000000,100,1410,1215,31,0
12819,128.190189001,67.170000000,100,1410,1215,31,0
12820,128.200189564,67.170000000,100,1410,1215,31,0
12821,128.210190177,67.170000000,100,1410,1215,31,0
12822,128.220189086,67.170000000,100,1410,1215,31,0
12823,128.230188697,67.170000000,100,1410,1215,31,0
12824,128.240189130,67.170000000,100,1410,1215,31,0
12825,128.250190945,67.170000000,100,1410,1215,31,0
12826,128.260190586,67.073000000,100,1410,1215,31,0
12827,128.270190087,67.073000000,100,1410,1215,31,0
12828,128.280189168,67.073000000,100,1410,1215,31,0
12829,128.290194479,67.073000000,100,1410,1215,31,0
12830,128.300190403,67.073000000,100,1410,1215,31,0
12831,128.310190485,67.073000000,100,1410,1215,31,0
12832,128.320189055,67.073000000,100,1410,1215,31,0
12833,128.330189437,67.073000000,100,1410,1215,31,0
12834,128.340189449,67.073000000,100,1410,1215,31,0
12835,128.350190202,67.073000000,100,1410,1215,31,0
12836,128.360189563,67.059000000,100,1410,1215,31,0
12837,128.370191989,67.059000000,100,1410,1215,31,0
12838,128.380189857,67.059000000,100,1410,1215,31,0
12839,128.390189488,67.059000000,100,1410,1215,31,0
12840,128.400189480,67.059000000,100,1410,1215,31,0
12841,128.410190383,67.059000000,100,1410,1215,31,0
12842,128.420189934,67.059000000,100,1410,1215,31,0
12843,128.430189726,67.059000000,100,1410,1215,31,0
12844,128.440188325,67.059000000,100,1410,1215,31,0
12845,128.450189008,67.059000000,100,1410,1215,31,0
12846,128.460190904,66.962000000,100,1410,1215,31,0
12847,128.470189102,66.962000000,100,1410,1215,31,0
12848,128.480188773,66.962000000,100,1410,1215,31,0
12849,128.490188955,66.962000000,100,1410,1215,31,0
12850,128.500190009,66.962000000,100,1410,1215,31,0
12851,128.510194069,66.962000000,100,1410,1215,31,0
12852,128.520190504,66.962000000,100,1410,1215,31,0
12853,128.530190315,66.962000000,100,1410,1215,31,0
12854,128.540189546,66.962000000,100,1410,1215,31,0
12855,128.550189768,66.962000000,100,1410,1215,31,0
12856,128.560190141,66.981000000,100,1410,1215,31,0
12857,128.570189371,66.981000000,100,1410,1215,31,0
12858,128.580189373,66.981000000,100,1410,1215,31,0
12859,128.590189074,66.981000000,100,1410,1215,31,0
12860,128.600189296,66.981000000,100,1410,1215,31,0
12861,128.610190080,66.981000000,100,1410,1215,31,0
12862,128.620189100,66.981000000,100,1410,1215,31,0
12863,128.630189542,66.981000000,100,1410,1215,31,0
12864,128.640189314,66.981000000,100,1410,1215,31,0
12865,128.650189386,66.981000000,100,1410,1215,31,0
12866,128.660190710,66.883000000,100,1410,1215,31,0
12867,128.670190421,66.883000000,100,1410,1215,31,0
12868,128.680188640,66.883000000,100,1410,1215,31,0
12869,128.690189503,66.883000000,100,1410,1215,31,0
12870,128.700189946,66.883000000,100,1410,1215,31,0
12871,128.710189377,66.883000000,100,1410,1215,31,0
12872,128.720190009,66.883000000,100,1410,1215,31,0
12873,128.730189440,66.883000000,100,1410,1215,31,0
12874,128.740189683,66.883000000,100,1410,1215,31,0
12875,128.750189164,66.883000000,100,1410,1215,31,0
12876,128.760189826,66.962000000,100,1410,1215,31,0
12877,128.770189388,66.962000000,100,1410,1215,31,0
12878,128.780189780,66.962000000,100,1410,1215,31,0
12879,128.790193990,66.962000000,100,1410,1215,31,0
12880,128.800190645,66.962000000,100,1410,1215,31,0
12881,128.810190327,66.962000000,100,1410,1215,31,0
12882,128.820190098,66.962000000,100,1410,1215,31,0
12883,128.830189068,66.962000000,100,1410,1215,31,0
12884,128.840190001,66.962000000,100,1410,1215,31,0
12885,128.850188991,66.962000000,100,1410,1215,31,0
12886,128.860190937,66.864000000,100,1410,1215,31,0
12887,128.870190328,66.864000000,100,1410,1215,31,0
12888,128.880190490,66.864000000,100,1410,1215,31,0
12889,128.890190091,66.864000000,100,1410,1215,31,0
12890,128.900189331,66.864000000,100,1410,1215,31,0
12891,128.910189393,66.864000000,100,1410,1215,31,0
12892,128.920188974,66.864000000,100,1410,1215,31,0
12893,128.930188976,66.864000000,100,1410,1215,31,0
12894,128.940189659,66.864000000,100,1410,1215,31,0
12895,128.950189240,66.864000000,100,1410,1215,31,0
12896,128.960190755,66.968000000,100,1410,1215,31,0
12897,128.970188763,66.968000000,100,1410,1215,31,0
12898,128.980188464,66.968000000,100,1410,1215,31,0
12899,128.990189428,66.968000000,100,1410,1215,31,0
12900,129.000188488,66.968000000,100,1410,1215,31,0
12901,129.010189251,66.968000000,100,1410,1215,31,0
12902,129.020193581,66.968000000,100,1410,1215,31,0
12903,129.030188794,66.968000000,100,1410,1215,31,0
12904,129.040189457,66.968000000,100,1410,1215,31,0
12905,129.050189379,66.968000000,100,1410,1215,31,0
12906,129.060189771,67.060000000,100,1410,1215,31,0
12907,129.070189503,67.060000000,100,1410,1215,31,0
12908,129.080189254,67.060000000,100,1410,1215,31,0
12909,129.090189486,67.060000000,100,1410,1215,31,0
12910,129.100188747,67.060000000,100,1410,1215,31,0
12911,129.110189420,67.060000000,100,1410,1215,31,0
12912,129.120188229,67.060000000,100,1410,1215,31,0
12913,129.130188942,67.060000000,100,1410,1215,31,0
12914,129.140188834,67.060000000,100,1410,1215,31,0
12915,129.150189537,67.060000000,100,1410,1215,31,0
12916,129.160190220,67.059000000,100,1410,1215,31,0
12917,129.170188539,67.059000000,100,1410,1215,31,0
12918,129.180189132,67.059000000,100,1410,1215,31,0
12919,129.190188693,67.059000000,100,1410,1215,31,0
12920,129.200190198,67.059000000,100,1410,1215,31,0
12921,129.210189749,67.059000000,100,1410,1215,31,0
12922,129.220189570,67.059000000,100,1410,1215,31,0
12923,129.230189051,67.059000000,100,1410,1215,31,0
12924,129.240189814,67.059000000,100,1410,1215,31,0
12925,129.250189064,67.059000000,100,1410,1215,31,0
12926,129.260191611,66.847000000,100,1410,1215,31,0
12927,129.270189920,66.847000000,100,1410,1215,31,0
12928,129.280189952,66.847000000,100,1410,1215,31,0
12929,129.290189643,66.847000000,100,1410,1215,31,0
12930,129.300188763,66.847000000,100,1410,1215,31,0
12931,129.310189617,66.847000000,100,1410,1215,31,0
12932,129.320190690,66.847000000,100,1410,1215,31,0
12933,129.330189590,66.847000000,100,1410,1215,31,0
12934,129.340189632,66.847000000,100,1410,1215,31,0
12935,129.350189674,66.847000000,100,1410,1215,31,0
12936,129.360194805,66.962000000,100,1410,1215,31,0
12937,129.370190259,66.962000000,100,1410,1215,31,0
12938,129.380189148,66.962000000,100,1410,1215,31,0
12939,129.390189260,66.962000000,100,1410,1215,31,0
12940,129.400190915,66.962000000,100,1410,1215,31,0
12941,129.410189485,66.962000000,100,1410,1215,31,0
12942,129.420189106,66.962000000,100,1410,1215,31,0
12943,129.430189578,66.962000000,100,1410,1215,31,0
12944,129.440190261,66.962000000,100,1410,1215,31,0
12945,129.450189422,66.962000000,100,1410,1215,31,0
12946,129.460190225,66.981000000,100,1410,1215,31,0
12947,129.470190267,66.981000000,100,1410,1215,31,0
12948,129.480189588,66.981000000,100,1410,1215,31,0
12949,129.490189098,66.981000000,100,1410,1215,31,0
12950,129.500189942,66.981000000,100,1410,1215,31,0
12951,129.510190314,66.981000000,100,1410,1215,31,0
12952,129.520193292,66.981000000,100,1410,1215,31,0
12953,129.530190218,66.981000000,100,1410,1215,31,0
12954,129.540189158,66.981000000,100,1410,1215,31,0
12955,129.550190352,66.981000000,100,1410,1215,31,0
12956,129.560189402,67.072000000,100,1410,1215,31,0
12957,129.570189474,67.072000000,100,1410,1215,31,0
12958,129.580188343,67.072000000,100,1410,1215,31,0
12959,129.590188926,67.072000000,100,1410,1215,31,0
12960,129.600188387,67.072000000,100,1410,1215,31,0
12961,129.610189180,67.072000000,100,1410,1215,31,0
12962,129.620188271,67.072000000,100,1410,1215,31,0
12963,129.630190026,67.072000000,100,1410,1215,31,0
12964,129.640190058,67.072000000,100,1410,1215,31,0
12965,129.650188717,67.072000000,100,1410,1215,31,0
12966,129.660191304,67.079000000,100,1410,1215,31,0
12967,129.670189793,67.079000000,100,1410,1215,31,0
12968,129.680190235,67.079000000,100,1410,1215,31,0
12969,129.690189536,67.079000000,100,1410,1215,31,0
12970,129.700189948,67.079000000,100,1410,1215,31,0
12971,129.710189730,67.079000000,100,1410,1215,31,0
12972,129.720189872,67.079000000,100,1410,1215,31,0
12973,129.730189212,67.079000000,100,1410,1215,31,0
12974,129.740189194,67.079000000,100,1410,1215,31,0
12975,129.750190458,67.079000000,100,1410,1215,31,0
12976,129.760194047,67.078000000,100,1410,1215,31,0
12977,129.770189440,67.078000000,100,1410,1215,31,0
12978,129.780189833,67.078000000,100,1410,1215,31,0
12979,129.790189434,67.078000000,100,1410,1215,31,0
12980,129.800193493,67.078000000,100,1410,1215,31,0
12981,129.810189468,67.078000000,100,1410,1215,31,0
12982,129.820189519,67.078000000,100,1410,1215,31,0
12983,129.830189591,67.078000000,100,1410,1215,31,0
12984,129.840189253,67.078000000,100,1410,1215,31,0
12985,129.850188493,67.078000000,100,1410,1215,31,0
12986,129.860190158,66.865000000,100,1410,1215,31,0
12987,129.870189348,66.865000000,100,1410,1215,31,0
12988,129.880194099,66.865000000,100,1410,1215,31,0
12989,129.890189632,66.865000000,100,1410,1215,31,0
12990,129.900191117,66.865000000,100,1410,1215,31,0
12991,129.910190137,66.865000000,100,1410,1215,31,0
12992,129.920190690,66.865000000,100,1410,1215,31,0
12993,129.930188628,66.865000000,100,1410,1215,31,0
12994,129.940188960,66.865000000,100,1410,1215,31,0
12995,129.950187980,66.865000000,100,1410,1215,31,0
12996,129.960190637,66.865000000,100,1410,1215,31,0
12997,129.970188755,66.865000000,100,1410,1215,31,0
12998,129.980190009,66.865000000,100,1410,1215,31,0
12999,129.990192386,66.865000000,100,1410,1215,31,0
13000,130.000189953,66.865000000,100,1410,1215,31,0
13001,130.010188552,66.865000000,100,1410,1215,31,0
13002,130.020188714,66.865000000,100,1410,1215,31,0
13003,130.030189608,66.865000000,100,1410,1215,31,0
13004,130.040189499,66.865000000,100,1410,1215,31,0
13005,130.050189080,66.865000000,100,1410,1215,31,0
13006,130.060189814,66.962000000,100,1410,1215,31,0
13007,130.070189154,66.962000000,100,1410,1215,31,0
13008,130.080188715,66.962000000,100,1410,1215,31,0
13009,130.090189338,66.962000000,100,1410,1215,31,0
13010,130.100188889,66.962000000,100,1410,1215,31,0
13011,130.110190043,66.962000000,100,1410,1215,31,0
13012,130.120188943,66.962000000,100,1410,1215,31,0
13013,130.130189656,66.962000000,100,1410,1215,31,0
13014,130.140187564,66.962000000,100,1410,1215,31,0
13015,130.150188457,66.962000000,100,1410,1215,31,0
13016,130.160189070,66.865000000,100,1410,1215,31,0
13017,130.170188992,66.865000000,100,1410,1215,31,0
13018,130.180189004,66.865000000,100,1410,1215,31,0
13019,130.190188445,66.865000000,100,1410,1215,31,0
13020,130.200188827,66.865000000,100,1410,1215,31,0
13021,130.210188789,66.865000000,100,1410,1215,31,0
13022,130.220188781,66.865000000,100,1410,1215,31,0
13023,130.230189304,66.865000000,100,1410,1215,31,0
13024,130.240189065,66.865000000,100,1410,1215,31,0
13025,130.250188315,66.865000000,100,1410,1215,31,0
13026,130.260190892,66.864000000,100,1410,1215,31,0
13027,130.270189471,66.864000000,100,1410,1215,31,0
13028,130.280189072,66.864000000,100,1410,1215,31,0
13029,130.290192721,66.864000000,100,1410,1215,31,0
13030,130.300191050,66.864000000,100,1410,1215,31,0
13031,130.310188747,66.864000000,100,1410,1215,31,0
13032,130.320189240,66.864000000,100,1410,1215,31,0
13033,130.330188751,66.864000000,100,1410,1215,31,0
13034,130.340188242,66.864000000,100,1410,1215,31,0
13035,130.350189546,66.864000000,100,1410,1215,31,0
13036,130.360190970,67.060000000,100,1410,1215,31,0
13037,130.370189299,67.060000000,100,1410,1215,31,0
13038,130.380189311,67.060000000,100,1410,1215,31,0
13039,130.390188692,67.060000000,100,1410,1215,31,0
13040,130.400188763,67.060000000,100,1410,1215,31,0
13041,130.410189667,67.060000000,100,1410,1215,31,0
13042,130.420189809,67.060000000,100,1410,1215,31,0
13043,130.430189901,67.060000000,100,1410,1215,31,0
13044,130.440188570,67.060000000,100,1410,1215,31,0
13045,130.450190055,67.060000000,100,1410,1215,31,0
13046,130.460191049,67.073000000,100,1410,1215,31,0
13047,130.470188315,67.073000000,100,1410,1215,31,0
13048,130.480188518,67.073000000,100,1410,1215,31,0
13049,130.490189682,67.073000000,100,1410,1215,31,0
13050,130.500193991,67.073000000,100,1410,1215,31,0
13051,130.510189144,67.073000000,100,1410,1215,31,0
13052,130.520189176,67.073000000,100,1410,1215,31,0
13053,130.530188236,67.073000000,100,1410,1215,31,0
13054,130.540194369,67.073000000,100,1410,1215,31,0
13055,130.550190394,67.073000000,100,1410,1215,31,0
13056,130.560227696,66.864000000,100,1410,1215,31,0
13057,130.570188845,66.864000000,100,1410,1215,31,0
13058,130.580189007,66.864000000,100,1410,1215,31,0
13059,130.590188648,66.864000000,100,1410,1215,31,0
13060,130.600188860,66.864000000,100,1410,1215,31,0
13061,130.610189453,66.864000000,100,1410,1215,31,0
13062,130.620188884,66.864000000,100,1410,1215,31,0
13063,130.630188956,66.864000000,100,1410,1215,31,0
13064,130.640189298,66.864000000,100,1410,1215,31,0
13065,130.650189270,66.864000000,100,1410,1215,31,0
13066,130.660191105,66.962000000,100,1410,1215,31,0
13067,130.670188813,66.962000000,100,1410,1215,31,0
13068,130.680188905,66.962000000,100,1410,1215,31,0
13069,130.690189758,66.962000000,100,1410,1215,31,0
13070,130.700193587,66.962000000,100,1410,1215,31,0
13071,130.710190022,66.962000000,100,1410,1215,31,0
13072,130.720187950,66.962000000,100,1410,1215,31,0
13073,130.730189996,66.962000000,100,1410,1215,31,0
13074,130.740193104,66.962000000,100,1410,1215,31,0
13075,130.750189028,66.962000000,100,1410,1215,31,0
13076,130.760189941,67.170000000,100,1410,1215,31,0
13077,130.770192939,67.170000000,100,1410,1215,31,0
13078,130.780189314,67.170000000,100,1410,1215,31,0
13079,130.790189095,67.170000000,100,1410,1215,31,0
13080,130.800189357,67.170000000,100,1410,1215,31,0
13081,130.810188778,67.170000000,100,1410,1215,31,0
13082,130.820189441,67.170000000,100,1410,1215,31,0
13083,130.830188421,67.170000000,100,1410,1215,31,0
13084,130.840189625,67.170000000,100,1410,1215,31,0
13085,130.850189447,67.170000000,100,1410,1215,31,0
13086,130.860195380,67.157000000,100,1410,1215,31,0
13087,130.870189320,67.157000000,100,1410,1215,31,0
13088,130.880189823,67.157000000,100,1410,1215,31,0
13089,130.890189384,67.157000000,100,1410,1215,31,0
13090,130.900189255,67.157000000,100,1410,1215,31,0
13091,130.910189978,67.157000000,100,1410,1215,31,0
13092,130.920189389,67.157000000,100,1410,1215,31,0
13093,130.930189772,67.157000000,100,1410,1215,31,0
13094,130.940193801,67.157000000,100,1410,1215,31,0
13095,130.950189795,67.157000000,100,1410,1215,31,0
13096,130.960191490,66.669000000,100,1410,1215,31,0
13097,130.970189368,66.669000000,100,1410,1215,31,0
13098,130.980188799,66.669000000,100,1410,1215,31,0
13099,130.990189562,66.669000000,100,1410,1215,31,0
13100,131.000189995,66.669000000,100,1410,1215,31,0
13101,131.010188564,66.669000000,100,1410,1215,31,0
13102,131.020189147,66.669000000,100,1410,1215,31,0
13103,131.030188638,66.669000000,100,1410,1215,31,0
13104,131.040189531,66.669000000,100,1410,1215,31,0
13105,131.050187910,66.669000000,100,1410,1215,31,0
13106,131.060190426,67.078000000,100,1410,1215,31,0
13107,131.070189296,67.078000000,100,1410,1215,31,0
13108,131.080189599,67.078000000,100,1410,1215,31,0
13109,131.090188819,67.078000000,100,1410,1215,31,0
13110,131.100188490,67.078000000,100,1410,1215,31,0
13111,131.110189314,67.078000000,100,1410,1215,31,0
13112,131.120189636,67.078000000,100,1410,1215,31,0
13113,131.130189968,67.078000000,100,1410,1215,31,0
13114,131.140188968,67.078000000,100,1410,1215,31,0
13115,131.150188549,67.078000000,100,1410,1215,31,0
13116,131.160190675,67.188000000,100,1410,1215,31,0
13117,131.170189725,67.188000000,100,1410,1215,31,0
13118,131.180189156,67.188000000,100,1410,1215,31,0
13119,131.190186803,67.188000000,100,1410,1215,31,0
13120,131.200189550,67.188000000,100,1410,1215,31,0
13121,131.210190584,67.188000000,100,1410,1215,31,0
13122,131.220188532,67.188000000,100,1410,1215,31,0
13123,131.230189496,67.188000000,100,1410,1215,31,0
13124,131.240188686,67.188000000,100,1410,1215,31,0
13125,131.250189309,67.188000000,100,1410,1215,31,0
13126,131.260189461,66.962000000,100,1410,1215,31,0
13127,131.270189523,66.962000000,100,1410,1215,31,0
13128,131.280190527,66.962000000,100,1410,1215,31,0
13129,131.290189617,66.962000000,100,1410,1215,31,0
13130,131.300194137,66.962000000,100,1410,1215,31,0
13131,131.310189771,66.962000000,100,1410,1215,31,0
13132,131.320189712,66.962000000,100,1410,1215,31,0
13133,131.330189033,66.962000000,100,1410,1215,31,0
13134,131.340189826,66.962000000,100,1410,1215,31,0
13135,131.350188866,66.962000000,100,1410,1215,31,0
13136,131.360190271,66.767000000,100,1410,1215,31,0
13137,131.370189521,66.767000000,100,1410,1215,31,0
13138,131.380189202,66.767000000,100,1410,1215,31,0
13139,131.390189685,66.767000000,100,1410,1215,31,0
13140,131.400189827,66.767000000,100,1410,1215,31,0
13141,131.410190871,66.767000000,100,1410,1215,31,0
13142,131.420189370,66.767000000,100,1410,1215,31,0
13143,131.430189462,66.767000000,100,1410,1215,31,0
13144,131.440192960,66.767000000,100,1410,1215,31,0
13145,131.450190027,66.767000000,100,1410,1215,31,0
13146,131.460190389,67.060000000,100,1410,1215,31,0
13147,131.470189870,67.060000000,100,1410,1215,31,0
13148,131.480189892,67.060000000,100,1410,1215,31,0
13149,131.490191036,67.060000000,100,1410,1215,31,0
13150,131.500190737,67.060000000,100,1410,1215,31,0
13151,131.510189306,67.060000000,100,1410,1215,31,0
13152,131.520188947,67.060000000,100,1410,1215,31,0
13153,131.530189720,67.060000000,100,1410,1215,31,0
13154,131.540189772,67.060000000,100,1410,1215,31,0
13155,131.550189944,67.060000000,100,1410,1215,31,0
13156,131.560194785,66.773000000,100,1410,1215,31,0
13157,131.570189668,66.773000000,100,1410,1215,31,0
13158,131.580190180,66.773000000,100,1410,1215,31,0
13159,131.590189852,66.773000000,100,1410,1215,31,0
13160,131.600190074,66.773000000,100,1410,1215,31,0
13161,131.610189014,66.773000000,100,1410,1215,31,0
13162,131.620190278,66.773000000,100,1410,1215,31,0
13163,131.630188877,66.773000000,100,1410,1215,31,0
13164,131.640189370,66.773000000,100,1410,1215,31,0
13165,131.650188971,66.773000000,100,1410,1215,31,0
13166,131.660191127,66.670000000,100,1410,1215,31,0
13167,131.670189285,66.670000000,100,1410,1215,31,0
13168,131.680189517,66.670000000,100,1410,1215,31,0
13169,131.690193747,66.670000000,100,1410,1215,31,0
13170,131.700189391,66.670000000,100,1410,1215,31,0
13171,131.710189593,66.670000000,100,1410,1215,31,0
13172,131.720188523,66.670000000,100,1410,1215,31,0
13173,131.730189727,66.670000000,100,1410,1215,31,0
13174,131.740188747,66.670000000,100,1410,1215,31,0
13175,131.750188889,66.670000000,100,1410,1215,31,0
13176,131.760189902,66.962000000,100,1410,1215,31,0
13177,131.770189453,66.962000000,100,1410,1215,31,0
13178,131.780188443,66.962000000,100,1410,1215,31,0
13179,131.790188776,66.962000000,100,1410,1215,31,0
13180,131.800190290,66.962000000,100,1410,1215,31,0
13181,131.810189310,66.962000000,100,1410,1215,31,0
13182,131.820188370,66.962000000,100,1410,1215,31,0
13183,131.830189454,66.962000000,100,1410,1215,31,0
13184,131.840188795,66.962000000,100,1410,1215,31,0
13185,131.850189187,66.962000000,100,1410,1215,31,0
13186,131.860190662,67.060000000,100,1410,1215,31,0
13187,131.870189582,67.060000000,100,1410,1215,31,0
13188,131.880189103,67.060000000,100,1410,1215,31,0
13189,131.890193643,67.060000000,100,1410,1215,31,0
13190,131.900189888,67.060000000,100,1410,1215,31,0
13191,131.910189659,67.060000000,100,1410,1215,31,0
13192,131.920189310,67.060000000,100,1410,1215,31,0
13193,131.930188701,67.060000000,100,1410,1215,31,0
13194,131.940189013,67.060000000,100,1410,1215,31,0
13195,131.950189426,67.060000000,100,1410,1215,31,0
13196,131.960194948,67.059000000,100,1410,1215,31,0
13197,131.970189660,67.059000000,100,1410,1215,31,0
13198,131.980187928,67.059000000,100,1410,1215,31,0
13199,131.990190165,67.059000000,100,1410,1215,31,0
13200,132.000190788,67.059000000,100,1410,1215,31,0
13201,132.010189787,67.059000000,100,1410,1215,31,0
13202,132.020189869,67.059000000,100,1410,1215,31,0
13203,132.030189561,67.059000000,100,1410,1215,31,0
13204,132.040189302,67.059000000,100,1410,1215,31,0
13205,132.050189544,67.059000000,100,1410,1215,31,0
13206,132.060190298,66.962000000,100,1410,1215,31,0
13207,132.070189618,66.962000000,100,1410,1215,31,0
13208,132.080189730,66.962000000,100,1410,1215,31,0
13209,132.090189101,66.962000000,100,1410,1215,31,0
13210,132.100189864,66.962000000,100,1410,1215,31,0
13211,132.110189345,66.962000000,100,1410,1215,31,0
13212,132.120189677,66.962000000,100,1410,1215,31,0
13213,132.130189138,66.962000000,100,1410,1215,31,0
13214,132.140190072,66.962000000,100,1410,1215,31,0
13215,132.150189001,66.962000000,100,1410,1215,31,0
13216,132.160190696,67.059000000,100,1410,1215,31,0
13217,132.170188654,67.059000000,100,1410,1215,31,0
13218,132.180190600,67.059000000,100,1410,1215,31,0
13219,132.190189459,67.059000000,100,1410,1215,31,0
13220,132.200190293,67.059000000,100,1410,1215,31,0
13221,132.210189092,67.059000000,100,1410,1215,31,0
13222,132.220189775,67.059000000,100,1410,1215,31,0
13223,132.230188876,67.059000000,100,1410,1215,31,0
13224,132.240190540,67.059000000,100,1410,1215,31,0
13225,132.250189791,67.059000000,100,1410,1215,31,0
13226,132.260190955,66.949000000,100,1410,1215,31,0
13227,132.270189925,66.949000000,100,1410,1215,31,0
13228,132.280193864,66.949000000,100,1410,1215,31,0
13229,132.290189888,66.949000000,100,1410,1215,31,0
13230,132.300189339,66.949000000,100,1410,1215,31,0
13231,132.310189872,66.949000000,100,1410,1215,31,0
13232,132.320188541,66.949000000,100,1410,1215,31,0
13233,132.330189124,66.949000000,100,1410,1215,31,0
13234,132.340189737,66.949000000,100,1410,1215,31,0
13235,132.350189939,66.949000000,100,1410,1215,31,0
13236,132.360190983,66.864000000,100,1410,1215,31,0
13237,132.370189743,66.864000000,100,1410,1215,31,0
13238,132.380189173,66.864000000,100,1410,1215,31,0
13239,132.390190047,66.864000000,100,1410,1215,31,0
13240,132.400193355,66.864000000,100,1410,1215,31,0
13241,132.410188988,66.864000000,100,1410,1215,31,0
13242,132.420189571,66.864000000,100,1410,1215,31,0
13243,132.430188170,66.864000000,100,1410,1215,31,0
13244,132.440188994,66.864000000,100,1410,1215,31,0
13245,132.450188945,66.864000000,100,1410,1215,31,0
13246,132.460190971,67.073000000,100,1410,1215,31,0
13247,132.470189891,67.073000000,100,1410,1215,31,0
13248,132.480188680,67.073000000,100,1410,1215,31,0
13249,132.490188402,67.073000000,100,1410,1215,31,0
13250,132.500189756,67.073000000,100,1410,1215,31,0
13251,132.510189668,67.073000000,100,1410,1215,31,0
13252,132.520188157,67.073000000,100,1410,1215,31,0
13253,132.530189421,67.073000000,100,1410,1215,31,0
13254,132.540189282,67.073000000,100,1410,1215,31,0
13255,132.550189104,67.073000000,100,1410,1215,31,0
13256,132.560189607,67.169000000,100,1410,1215,31,0
13257,132.570189107,67.169000000,100,1410,1215,31,0
13258,132.580228142,67.169000000,100,1410,1215,31,0
13259,132.590194050,67.169000000,100,1410,1215,31,0
13260,132.600194483,67.169000000,100,1410,1215,31,0
13261,132.610189586,67.169000000,100,1410,1215,31,0
13262,132.620188836,67.169000000,100,1410,1215,31,0
13263,132.630189198,67.169000000,100,1410,1215,31,0
13264,132.640189300,67.169000000,100,1410,1215,31,0
13265,132.650189573,67.169000000,100,1410,1215,31,0
13266,132.660190747,67.079000000,100,1410,1215,31,0
13267,132.670190117,67.079000000,100,1410,1215,31,0
13268,132.680190159,67.079000000,100,1410,1215,31,0
13269,132.690188949,67.079000000,100,1410,1215,31,0
13270,132.700189993,67.079000000,100,1410,1215,31,0
13271,132.710189093,67.079000000,100,1410,1215,31,0
13272,132.720189195,67.079000000,100,1410,1215,31,0
13273,132.730188215,67.079000000,100,1410,1215,31,0
13274,132.740189268,67.079000000,100,1410,1215,31,0
13275,132.750189561,67.079000000,100,1410,1215,31,0
13276,132.760190895,66.962000000,100,1410,1215,31,0
13277,132.770189364,66.962000000,100,1410,1215,31,0
13278,132.780189336,66.962000000,100,1410,1215,31,0
13279,132.790189268,66.962000000,100,1410,1215,31,0
13280,132.800189600,66.962000000,100,1410,1215,31,0
13281,132.810189492,66.962000000,100,1410,1215,31,0
13282,132.820188271,66.962000000,100,1410,1215,31,0
13283,132.830189034,66.962000000,100,1410,1215,31,0
13284,132.840189447,66.962000000,100,1410,1215,31,0
13285,132.850192905,66.962000000,100,1410,1215,31,0
13286,132.860190322,66.962000000,100,1410,1215,31,0
13287,132.870189032,66.962000000,100,1410,1215,31,0
13288,132.880188853,66.962000000,100,1410,1215,31,0
13289,132.890189706,66.962000000,100,1410,1215,31,0
13290,132.900188997,66.962000000,100,1410,1215,31,0
13291,132.910189319,66.962000000,100,1410,1215,31,0
13292,132.920190493,66.962000000,100,1410,1215,31,0
13293,132.930188912,66.962000000,100,1410,1215,31,0
13294,132.940189285,66.962000000,100,1410,1215,31,0
13295,132.950188164,66.962000000,100,1410,1215,31,0
13296,132.960190581,67.059000000,100,1410,1215,31,0
13297,132.970188198,67.059000000,100,1410,1215,31,0
13298,132.980189001,67.059000000,100,1410,1215,31,0
13299,132.990188091,67.059000000,100,1410,1215,31,0
13300,133.000189145,67.059000000,100,1410,1215,31,0
13301,133.010189137,67.059000000,100,1410,1215,31,0
13302,133.020188738,67.059000000,100,1410,1215,31,0
13303,133.030188479,67.059000000,100,1410,1215,31,0
13304,133.040189262,67.059000000,100,1410,1215,31,0
13305,133.050189094,67.059000000,100,1410,1215,31,0
13306,133.060191340,66.962000000,100,1410,1215,31,0
13307,133.070193376,66.962000000,100,1410,1215,31,0
13308,133.080189580,66.962000000,100,1410,1215,31,0
13309,133.090188690,66.962000000,100,1410,1215,31,0
13310,133.100190375,66.962000000,100,1410,1215,31,0
13311,133.110189395,66.962000000,100,1410,1215,31,0
13312,133.120189247,66.962000000,100,1410,1215,31,0
13313,133.130188708,66.962000000,100,1410,1215,31,0
13314,133.140188820,66.962000000,100,1410,1215,31,0
13315,133.150189733,66.962000000,100,1410,1215,31,0
13316,133.160190827,66.981000000,100,1410,1215,31,0
13317,133.170189186,66.981000000,100,1410,1215,31,0
13318,133.180189709,66.981000000,100,1410,1215,31,0
13319,133.190189229,66.981000000,100,1410,1215,31,0
13320,133.200188750,66.981000000,100,1410,1215,31,0
13321,133.210188442,66.981000000,100,1410,1215,31,0
13322,133.220189165,66.981000000,100,1410,1215,31,0
13323,133.230188225,66.981000000,100,1410,1215,31,0
13324,133.240189028,66.981000000,100,1410,1215,31,0
13325,133.250194911,66.981000000,100,1410,1215,31,0
13326,133.260190845,66.883000000,100,1410,1215,31,0
13327,133.270188803,66.883000000,100,1410,1215,31,0
13328,133.280188955,66.883000000,100,1410,1215,31,0
13329,133.290189528,66.883000000,100,1410,1215,31,0
13330,133.300189520,66.883000000,100,1410,1215,31,0
13331,133.310188810,66.883000000,100,1410,1215,31,0
13332,133.320189143,66.883000000,100,1410,1215,31,0
13333,133.330188854,66.883000000,100,1410,1215,31,0
13334,133.340189838,66.883000000,100,1410,1215,31,0
13335,133.350190070,66.883000000,100,1410,1215,31,0
13336,133.360189320,67.059000000,100,1410,1215,31,0
13337,133.370189182,67.059000000,100,1410,1215,31,0
13338,133.380188823,67.059000000,100,1410,1215,31,0
13339,133.390188895,67.059000000,100,1410,1215,31,0
13340,133.400188135,67.059000000,100,1410,1215,31,0
13341,133.410189229,67.059000000,100,1410,1215,31,0
13342,133.420188329,67.059000000,100,1410,1215,31,0
13343,133.430188632,67.059000000,100,1410,1215,31,0
13344,133.440187922,67.059000000,100,1410,1215,31,0
13345,133.450189116,67.059000000,100,1410,1215,31,0
13346,133.460191352,66.975000000,100,1410,1215,31,0
13347,133.470188939,66.975000000,100,1410,1215,31,0
13348,133.480189082,66.975000000,100,1410,1215,31,0
13349,133.490189214,66.975000000,100,1410,1215,31,0
13350,133.500189586,66.975000000,100,1410,1215,31,0
13351,133.510190690,66.975000000,100,1410,1215,31,0
13352,133.520189099,66.975000000,100,1410,1215,31,0
13353,133.530193549,66.975000000,100,1410,1215,31,0
13354,133.540189473,66.975000000,100,1410,1215,31,0
13355,133.550189665,66.975000000,100,1410,1215,31,0
13356,133.560189827,66.773000000,100,1410,1215,31,0
13357,133.570188517,66.773000000,100,1410,1215,31,0
13358,133.580188318,66.773000000,100,1410,1215,31,0
13359,133.590189542,66.773000000,100,1410,1215,31,0
13360,133.600188372,66.773000000,100,1410,1215,31,0
13361,133.610189155,66.773000000,100,1410,1215,31,0
13362,133.620188245,66.773000000,100,1410,1215,31,0
13363,133.630189139,66.773000000,100,1410,1215,31,0
13364,133.640188138,66.773000000,100,1410,1215,31,0
13365,133.650187940,66.773000000,100,1410,1215,31,0
13366,133.660195266,66.847000000,100,1410,1215,31,0
13367,133.670189286,66.847000000,100,1410,1215,31,0
13368,133.680189007,66.847000000,100,1410,1215,31,0
13369,133.690189600,66.847000000,100,1410,1215,31,0
13370,133.700188740,66.847000000,100,1410,1215,31,0
13371,133.710190846,66.847000000,100,1410,1215,31,0
13372,133.720188203,66.847000000,100,1410,1215,31,0
13373,133.730189117,66.847000000,100,1410,1215,31,0
13374,133.740189008,66.847000000,100,1410,1215,31,0
13375,133.750189351,66.847000000,100,1410,1215,31,0
13376,133.760190435,67.060000000,100,1410,1215,31,0
13377,133.770188793,67.060000000,100,1410,1215,31,0
13378,133.780188825,67.060000000,100,1410,1215,31,0
13379,133.790189368,67.060000000,100,1410,1215,31,0
13380,133.800189510,67.060000000,100,1410,1215,31,0
13381,133.810188760,67.060000000,100,1410,1215,31,0
13382,133.820188652,67.060000000,100,1410,1215,31,0
13383,133.830193062,67.060000000,100,1410,1215,31,0
13384,133.840189668,67.060000000,100,1410,1215,31,0
13385,133.850189519,67.060000000,100,1410,1215,31,0
13386,133.860191074,66.865000000,100,1410,1215,31,0
13387,133.870189112,66.865000000,100,1410,1215,31,0
13388,133.880189835,66.865000000,100,1410,1215,31,0
13389,133.890189887,66.865000000,100,1410,1215,31,0
13390,133.900189257,66.865000000,100,1410,1215,31,0
13391,133.910190502,66.865000000,100,1410,1215,31,0
13392,133.920188540,66.865000000,100,1410,1215,31,0
13393,133.930189613,66.865000000,100,1410,1215,31,0
13394,133.940187592,66.865000000,100,1410,1215,31,0
13395,133.950188585,66.865000000,100,1410,1215,31,0
13396,133.960191292,66.767000000,100,1410,1215,31,0
13397,133.970189881,66.767000000,100,1410,1215,31,0
13398,133.980189612,66.767000000,100,1410,1215,31,0
13399,133.990189474,66.767000000,100,1410,1215,31,0
13400,134.000189856,66.767000000,100,1410,1215,31,0
13401,134.010189578,66.767000000,100,1410,1215,31,0
13402,134.020189429,66.767000000,100,1410,1215,31,0
13403,134.030192697,66.767000000,100,1410,1215,31,0
13404,134.040188461,66.767000000,100,1410,1215,31,0
13405,134.050188443,66.767000000,100,1410,1215,31,0
13406,134.060191651,66.994000000,100,1410,1215,31,0
13407,134.070188356,66.994000000,100,1410,1215,31,0
13408,134.080188839,66.994000000,100,1410,1215,31,0
13409,134.090189021,66.994000000,100,1410,1215,31,0
13410,134.100189464,66.994000000,100,1410,1215,31,0
13411,134.110188323,66.994000000,100,1410,1215,31,0
13412,134.120189858,66.994000000,100,1410,1215,31,0
13413,134.130189329,66.994000000,100,1410,1215,31,0
13414,134.140189190,66.994000000,100,1410,1215,31,0
13415,134.150188391,66.994000000,100,1410,1215,31,0
13416,134.160189875,67.175000000,100,1410,1215,31,0
13417,134.170189797,67.175000000,100,1410,1215,31,0
13418,134.180189478,67.175000000,100,1410,1215,31,0
13419,134.190189029,67.175000000,100,1410,1215,31,0
13420,134.200188430,67.175000000,100,1410,1215,31,0
13421,134.210189975,67.175000000,100,1410,1215,31,0
13422,134.220187942,67.175000000,100,1410,1215,31,0
13423,134.230189106,67.175000000,100,1410,1215,31,0
13424,134.240188166,67.175000000,100,1410,1215,31,0
13425,134.250189250,67.175000000,100,1410,1215,31,0
13426,134.260189122,67.078000000,100,1410,1215,31,0
13427,134.270191097,67.078000000,100,1410,1215,31,0
13428,134.280188554,67.078000000,100,1410,1215,31,0
13429,134.290188787,67.078000000,100,1410,1215,31,0
13430,134.300188828,67.078000000,100,1410,1215,31,0
13431,134.310189321,67.078000000,100,1410,1215,31,0
13432,134.320189563,67.078000000,100,1410,1215,31,0
13433,134.330189575,67.078000000,100,1410,1215,31,0
13434,134.340189707,67.078000000,100,1410,1215,31,0
13435,134.350189919,67.078000000,100,1410,1215,31,0
13436,134.360190352,67.060000000,100,1410,1215,31,0
13437,134.370189993,67.060000000,100,1410,1215,31,0
13438,134.380194013,67.060000000,100,1410,1215,31,0
13439,134.390189726,67.060000000,100,1410,1215,31,0
13440,134.400189558,67.060000000,100,1410,1215,31,0
13441,134.410189289,67.060000000,100,1410,1215,31,0
13442,134.420190283,67.060000000,100,1410,1215,31,0
13443,134.430190285,67.060000000,100,1410,1215,31,0
13444,134.440188834,67.060000000,100,1410,1215,31,0
13445,134.450189166,67.060000000,100,1410,1215,31,0
13446,134.460191152,67.078000000,100,1410,1215,31,0
13447,134.470189951,67.078000000,100,1410,1215,31,0
13448,134.480188951,67.078000000,100,1410,1215,31,0
13449,134.490188642,67.078000000,100,1410,1215,31,0
13450,134.500188885,67.078000000,100,1410,1215,31,0
13451,134.510189698,67.078000000,100,1410,1215,31,0
13452,134.520188978,67.078000000,100,1410,1215,31,0
13453,134.530189812,67.078000000,100,1410,1215,31,0
13454,134.540189583,67.078000000,100,1410,1215,31,0
13455,134.550189996,67.078000000,100,1410,1215,31,0
13456,134.560191891,66.864000000,100,1410,1215,31,0
13457,134.570189899,66.864000000,100,1410,1215,31,0
13458,134.580189901,66.864000000,100,1410,1215,31,0
13459,134.590189782,66.864000000,100,1410,1215,31,0
13460,134.600189844,66.864000000,100,1410,1215,31,0
13461,134.610188754,66.864000000,100,1410,1215,31,0
13462,134.620188285,66.864000000,100,1410,1215,31,0
13463,134.630188808,66.864000000,100,1410,1215,31,0
13464,134.640189230,66.864000000,100,1410,1215,31,0
13465,134.650188861,66.864000000,100,1410,1215,31,0
13466,134.660190126,66.865000000,100,1410,1215,31,0
13467,134.670192712,66.865000000,100,1410,1215,31,0
13468,134.680188877,66.865000000,100,1410,1215,31,0
13469,134.690189480,66.865000000,100,1410,1215,31,0
13470,134.700193659,66.865000000,100,1410,1215,31,0
13471,134.710190265,66.865000000,100,1410,1215,31,0
13472,134.720188734,66.865000000,100,1410,1215,31,0
13473,134.730189217,66.865000000,100,1410,1215,31,0
13474,134.740189178,66.865000000,100,1410,1215,31,0
13475,134.750189481,66.865000000,100,1410,1215,31,0
13476,134.760190364,66.962000000,100,1410,1215,31,0
13477,134.770189394,66.962000000,100,1410,1215,31,0
13478,134.780193163,66.962000000,100,1410,1215,31,0
13479,134.790189798,66.962000000,100,1410,1215,31,0
13480,134.800189580,66.962000000,100,1410,1215,31,0
13481,134.810189822,66.962000000,100,1410,1215,31,0
13482,134.820188301,66.962000000,100,1410,1215,31,0
13483,134.830188593,66.962000000,100,1410,1215,31,0
13484,134.840190559,66.962000000,100,1410,1215,31,0
13485,134.850189609,66.962000000,100,1410,1215,31,0
13486,134.860190612,66.980000000,100,1410,1215,31,0
13487,134.870193209,66.980000000,100,1410,1215,31,0
13488,134.880190085,66.980000000,100,1410,1215,31,0
13489,134.890343004,66.980000000,100,1410,1215,31,0
13490,134.900189427,66.980000000,100,1410,1215,31,0
13491,134.910190060,66.980000000,100,1410,1215,31,0
13492,134.920189321,66.980000000,100,1410,1215,31,0
13493,134.930188270,66.980000000,100,1410,1215,31,0
13494,134.940189294,66.980000000,100,1410,1215,31,0
13495,134.950188494,66.980000000,100,1410,1215,31,0
13496,134.960190210,67.170000000,100,1410,1215,31,0
13497,134.970192896,67.170000000,100,1410,1215,31,0
13498,134.980190133,67.170000000,100,1410,1215,31,0
13499,134.990189143,67.170000000,100,1410,1215,31,0
13500,135.000188694,67.170000000,100,1410,1215,31,0
13501,135.010189407,67.170000000,100,1410,1215,31,0
13502,135.020188777,67.170000000,100,1410,1215,31,0
13503,135.030189521,67.170000000,100,1410,1215,31,0
13504,135.040193240,67.170000000,100,1410,1215,31,0
13505,135.050189324,67.170000000,100,1410,1215,31,0
13506,135.060189586,66.866000000,100,1410,1215,31,0
13507,135.070188917,66.866000000,100,1410,1215,31,0
13508,135.080189410,66.866000000,100,1410,1215,31,0
13509,135.090188860,66.866000000,100,1410,1215,31,0
13510,135.100189052,66.866000000,100,1410,1215,31,0
13511,135.110188944,66.866000000,100,1410,1215,31,0
13512,135.120189938,66.866000000,100,1410,1215,31,0
13513,135.130188657,66.866000000,100,1410,1215,31,0
13514,135.140188989,66.866000000,100,1410,1215,31,0
13515,135.150189142,66.866000000,100,1410,1215,31,0
13516,135.160190796,66.870000000,100,1410,1215,31,0
13517,135.170189726,66.870000000,100,1410,1215,31,0
13518,135.180189508,66.870000000,100,1410,1215,31,0
13519,135.190190110,66.870000000,100,1410,1215,31,0
13520,135.200189872,66.870000000,100,1410,1215,31,0
13521,135.210189914,66.870000000,100,1410,1215,31,0
13522,135.220193743,66.870000000,100,1410,1215,31,0
13523,135.230189617,66.870000000,100,1410,1215,31,0
13524,135.240187825,66.870000000,100,1410,1215,31,0
13525,135.250189460,66.870000000,100,1410,1215,31,0
13526,135.260191385,66.962000000,100,1410,1215,31,0
13527,135.270190095,66.962000000,100,1410,1215,31,0
13528,135.280189265,66.962000000,100,1410,1215,31,0
13529,135.290189888,66.962000000,100,1410,1215,31,0
13530,135.300190160,66.962000000,100,1410,1215,31,0
13531,135.310191034,66.962000000,100,1410,1215,31,0
13532,135.320327261,66.962000000,100,1410,1215,31,0
13533,135.330189094,66.962000000,100,1410,1215,31,0
13534,135.340189727,66.962000000,100,1410,1215,31,0
13535,135.350188666,66.962000000,100,1410,1215,31,0
13536,135.360190522,67.176000000,100,1410,1215,31,0
13537,135.370193960,67.176000000,100,1410,1215,31,0
13538,135.380189974,67.176000000,100,1410,1215,31,0
13539,135.390189415,67.176000000,100,1410,1215,31,0
13540,135.400190028,67.176000000,100,1410,1215,31,0
13541,135.410187836,67.176000000,100,1410,1215,31,0
13542,135.420189360,67.176000000,100,1410,1215,31,0
13543,135.430188470,67.176000000,100,1410,1215,31,0
13544,135.440188472,67.176000000,100,1410,1215,31,0
13545,135.450189496,67.176000000,100,1410,1215,31,0
13546,135.460189448,67.054000000,100,1410,1215,31,0
13547,135.470189159,67.054000000,100,1410,1215,31,0
13548,135.480188750,67.054000000,100,1410,1215,31,0
13549,135.490189022,67.054000000,100,1410,1215,31,0
13550,135.500188593,67.054000000,100,1410,1215,31,0
13551,135.510189056,67.054000000,100,1410,1215,31,0
13552,135.520188146,67.054000000,100,1410,1215,31,0
13553,135.530190202,67.054000000,100,1410,1215,31,0
13554,135.540189903,67.054000000,100,1410,1215,31,0
13555,135.550190446,67.054000000,100,1410,1215,31,0
13556,135.560190948,66.962000000,100,1410,1215,31,0
13557,135.570194567,66.962000000,100,1410,1215,31,0
13558,135.580190201,66.962000000,100,1410,1215,31,0
13559,135.590189661,66.962000000,100,1410,1215,31,0
13560,135.600189443,66.962000000,100,1410,1215,31,0
13561,135.610189965,66.962000000,100,1410,1215,31,0
13562,135.620189436,66.962000000,100,1410,1215,31,0
13563,135.630189508,66.962000000,100,1410,1215,31,0
13564,135.640189971,66.962000000,100,1410,1215,31,0
13565,135.650189672,66.962000000,100,1410,1215,31,0
13566,135.660190435,66.962000000,100,1410,1215,31,0
13567,135.670189495,66.962000000,100,1410,1215,31,0
13568,135.680193645,66.962000000,100,1410,1215,31,0
13569,135.690190230,66.962000000,100,1410,1215,31,0
13570,135.700193859,66.962000000,100,1410,1215,31,0
13571,135.710189152,66.962000000,100,1410,1215,31,0
13572,135.720190106,66.962000000,100,1410,1215,31,0
13573,135.730189286,66.962000000,100,1410,1215,31,0
13574,135.740189578,66.962000000,100,1410,1215,31,0
13575,135.750192375,66.962000000,100,1410,1215,31,0
13576,135.760190173,66.962000000,100,1410,1215,31,0
13577,135.770188822,66.962000000,100,1410,1215,31,0
13578,135.780190006,66.962000000,100,1410,1215,31,0
13579,135.790293662,66.962000000,100,1410,1215,31,0
13580,135.800188777,66.962000000,100,1410,1215,31,0
13581,135.810186124,66.962000000,100,1410,1215,31,0
13582,135.820188901,66.962000000,100,1410,1215,31,0
13583,135.830188933,66.962000000,100,1410,1215,31,0
13584,135.840189025,66.962000000,100,1410,1215,31,0
13585,135.850188416,66.962000000,100,1410,1215,31,0
13586,135.860189639,66.845000000,100,1410,1215,31,0
13587,135.870189882,66.845000000,100,1410,1215,31,0
13588,135.880188932,66.845000000,100,1410,1215,31,0
13589,135.890355376,66.845000000,100,1410,1215,31,0
13590,135.900189476,66.845000000,100,1410,1215,31,0
13591,135.910189368,66.845000000,100,1410,1215,31,0
13592,135.920189099,66.845000000,100,1410,1215,31,0
13593,135.930189311,66.845000000,100,1410,1215,31,0
13594,135.940189243,66.845000000,100,1410,1215,31,0
13595,135.950188754,66.845000000,100,1410,1215,31,0
13596,135.960189838,66.675000000,100,1410,1215,31,0
13597,135.970188707,66.675000000,100,1410,1215,31,0
13598,135.980189340,66.675000000,100,1410,1215,31,0
13599,135.990188471,66.675000000,100,1410,1215,31,0
13600,136.000189665,66.675000000,100,1410,1215,31,0
13601,136.010188474,66.675000000,100,1410,1215,31,0
13602,136.020188025,66.675000000,100,1410,1215,31,0
13603,136.030188217,66.675000000,100,1410,1215,31,0
13604,136.040188740,66.675000000,100,1410,1215,31,0
13605,136.050188892,66.675000000,100,1410,1215,31,0
13606,136.060190787,66.884000000,100,1410,1215,31,0
13607,136.070188465,66.884000000,100,1410,1215,31,0
13608,136.080188487,66.884000000,100,1410,1215,31,0
13609,136.090188909,66.884000000,100,1410,1215,31,0
13610,136.100188200,66.884000000,100,1410,1215,31,0
13611,136.110189404,66.884000000,100,1410,1215,31,0
13612,136.120189366,66.884000000,100,1410,1215,31,0
13613,136.130189187,66.884000000,100,1410,1215,31,0
13614,136.140188708,66.884000000,100,1410,1215,31,0
13615,136.150189030,66.884000000,100,1410,1215,31,0
13616,136.160189433,67.176000000,100,1410,1215,31,0
13617,136.170188593,67.176000000,100,1410,1215,31,0
13618,136.180188965,67.176000000,100,1410,1215,31,0
13619,136.190194037,67.176000000,100,1410,1215,31,0
13620,136.200188979,67.176000000,100,1410,1215,31,0
13621,136.210189031,67.176000000,100,1410,1215,31,0
13622,136.220189564,67.176000000,100,1410,1215,31,0
13623,136.230188734,67.176000000,100,1410,1215,31,0
13624,136.240189287,67.176000000,100,1410,1215,31,0
13625,136.250190882,67.176000000,100,1410,1215,31,0
13626,136.260190803,66.834000000,100,1410,1215,31,0
13627,136.270189182,66.834000000,100,1410,1215,31,0
13628,136.280193612,66.834000000,100,1410,1215,31,0
13629,136.290190288,66.834000000,100,1410,1215,31,0
13630,136.300190019,66.834000000,100,1410,1215,31,0
13631,136.310186304,66.834000000,100,1410,1215,31,0
13632,136.320189301,66.834000000,100,1410,1215,31,0
13633,136.330189784,66.834000000,100,1410,1215,31,0
13634,136.340189385,66.834000000,100,1410,1215,31,0
13635,136.350193504,66.834000000,100,1410,1215,31,0
13636,136.360190080,66.962000000,100,1410,1215,31,0
13637,136.370189721,66.962000000,100,1410,1215,31,0
13638,136.380189452,66.962000000,100,1410,1215,31,0
13639,136.390189314,66.962000000,100,1410,1215,31,0
13640,136.400189646,66.962000000,100,1410,1215,31,0
13641,136.410185500,66.962000000,100,1410,1215,31,0
13642,136.420188908,66.962000000,100,1410,1215,31,0
13643,136.430189381,66.962000000,100,1410,1215,31,0
13644,136.440189994,66.962000000,100,1410,1215,31,0
13645,136.450189675,66.962000000,100,1410,1215,31,0
13646,136.460191280,67.079000000,100,1410,1215,31,0
13647,136.470189027,67.079000000,100,1410,1215,31,0
13648,136.480189630,67.079000000,100,1410,1215,31,0
13649,136.490188861,67.079000000,100,1410,1215,31,0
13650,136.500189313,67.079000000,100,1410,1215,31,0
13651,136.510189485,67.079000000,100,1410,1215,31,0
13652,136.520189848,67.079000000,100,1410,1215,31,0
13653,136.530188477,67.079000000,100,1410,1215,31,0
13654,136.540188589,67.079000000,100,1410,1215,31,0
13655,136.550188961,67.079000000,100,1410,1215,31,0
13656,136.560191037,66.884000000,100,1410,1215,31,0
13657,136.570188885,66.884000000,100,1410,1215,31,0
13658,136.580189808,66.884000000,100,1410,1215,31,0
13659,136.590189530,66.884000000,100,1410,1215,31,0
13660,136.600188660,66.884000000,100,1410,1215,31,0
13661,136.610185596,66.884000000,100,1410,1215,31,0
13662,136.620189154,66.884000000,100,1410,1215,31,0
13663,136.630193574,66.884000000,100,1410,1215,31,0
13664,136.640189799,66.884000000,100,1410,1215,31,0
13665,136.650193207,66.884000000,100,1410,1215,31,0
13666,136.660191065,67.059000000,100,1410,1215,31,0
13667,136.670189223,67.059000000,100,1410,1215,31,0
13668,136.680189305,67.059000000,100,1410,1215,31,0
13669,136.690188866,67.059000000,100,1410,1215,31,0
13670,136.700190020,67.059000000,100,1410,1215,31,0
13671,136.710184973,67.059000000,100,1410,1215,31,0
13672,136.720189803,67.059000000,100,1410,1215,31,0
13673,136.730189895,67.059000000,100,1410,1215,31,0
13674,136.740188955,67.059000000,100,1410,1215,31,0
13675,136.750188326,67.059000000,100,1410,1215,31,0
13676,136.760191053,67.078000000,100,1410,1215,31,0
13677,136.770190093,67.078000000,100,1410,1215,31,0
13678,136.780189063,67.078000000,100,1410,1215,31,0
13679,136.790194254,67.078000000,100,1410,1215,31,0
13680,136.800189507,67.078000000,100,1410,1215,31,0
13681,136.810169090,67.078000000,100,1410,1215,31,0
13682,136.820191144,67.078000000,100,1410,1215,31,0
13683,136.830189562,67.078000000,100,1410,1215,31,0
13684,136.840189284,67.078000000,100,1410,1215,31,0
13685,136.850188765,67.078000000,100,1410,1215,31,0
13686,136.860190900,67.189000000,100,1410,1215,31,0
13687,136.870189089,67.189000000,100,1410,1215,31,0
13688,136.880188580,67.189000000,100,1410,1215,31,0
13689,136.890189443,67.189000000,100,1410,1215,31,0
13690,136.900189555,67.189000000,100,1410,1215,31,0
13691,136.910188825,67.189000000,100,1410,1215,31,0
13692,136.920188987,67.189000000,100,1410,1215,31,0
13693,136.930189110,67.189000000,100,1410,1215,31,0
13694,136.940193950,67.189000000,100,1410,1215,31,0
13695,136.950187991,67.189000000,100,1410,1215,31,0
13696,136.960190588,67.059000000,100,1410,1215,31,0
13697,136.970193284,67.059000000,100,1410,1215,31,0
13698,136.980189760,67.059000000,100,1410,1215,31,0
13699,136.990188910,67.059000000,100,1410,1215,31,0
13700,137.000190815,67.059000000,100,1410,1215,31,0
13701,137.010188643,67.059000000,100,1410,1215,31,0
13702,137.020188524,67.059000000,100,1410,1215,31,0
13703,137.030187935,67.059000000,100,1410,1215,31,0
13704,137.040188308,67.059000000,100,1410,1215,31,0
13705,137.050188941,67.059000000,100,1410,1215,31,0
13706,137.060190756,66.883000000,100,1410,1215,31,0
13707,137.070189345,66.883000000,100,1410,1215,31,0
13708,137.080193474,66.883000000,100,1410,1215,31,0
13709,137.090189529,66.883000000,100,1410,1215,31,0
13710,137.100188378,66.883000000,100,1410,1215,31,0
13711,137.110188911,66.883000000,100,1410,1215,31,0
13712,137.120193191,66.883000000,100,1410,1215,31,0
13713,137.130189345,66.883000000,100,1410,1215,31,0
13714,137.140189838,66.883000000,100,1410,1215,31,0
13715,137.150189389,66.883000000,100,1410,1215,31,0
13716,137.160190383,67.059000000,100,1410,1215,31,0
13717,137.170189653,67.059000000,100,1410,1215,31,0
13718,137.180188292,67.059000000,100,1410,1215,31,0
13719,137.190188775,67.059000000,100,1410,1215,31,0
13720,137.200190701,67.059000000,100,1410,1215,31,0
13721,137.210188608,67.059000000,100,1410,1215,31,0
13722,137.220189321,67.059000000,100,1410,1215,31,0
13723,137.230188752,67.059000000,100,1410,1215,31,0
13724,137.240187912,67.059000000,100,1410,1215,31,0
13725,137.250189547,67.059000000,100,1410,1215,31,0
13726,137.260195300,66.962000000,100,1410,1215,31,0
13727,137.270190072,66.962000000,100,1410,1215,31,0
13728,137.280188791,66.962000000,100,1410,1215,31,0
13729,137.290189244,66.962000000,100,1410,1215,31,0
13730,137.300192862,66.962000000,100,1410,1215,31,0
13731,137.310191101,66.962000000,100,1410,1215,31,0
13732,137.320190842,66.962000000,100,1410,1215,31,0
13733,137.330189542,66.962000000,100,1410,1215,31,0
13734,137.340188682,66.962000000,100,1410,1215,31,0
13735,137.350193242,66.962000000,100,1410,1215,31,0
13736,137.360190068,66.883000000,100,1410,1215,31,0
13737,137.370187906,66.883000000,100,1410,1215,31,0
13738,137.380188118,66.883000000,100,1410,1215,31,0
13739,137.390188570,66.883000000,100,1410,1215,31,0
13740,137.400189955,66.883000000,100,1410,1215,31,0
13741,137.410188674,66.883000000,100,1410,1215,31,0
13742,137.420189427,66.883000000,100,1410,1215,31,0
13743,137.430188377,66.883000000,100,1410,1215,31,0
13744,137.440188660,66.883000000,100,1410,1215,31,0
13745,137.450189543,66.883000000,100,1410,1215,31,0
13746,137.460189585,67.059000000,100,1410,1215,31,0
13747,137.470189627,67.059000000,100,1410,1215,31,0
13748,137.480188406,67.059000000,100,1410,1215,31,0
13749,137.490189049,67.059000000,100,1410,1215,31,0
13750,137.500188891,67.059000000,100,1410,1215,31,0
13751,137.510189283,67.059000000,100,1410,1215,31,0
13752,137.520189165,67.059000000,100,1410,1215,31,0
13753,137.530188425,67.059000000,100,1410,1215,31,0
13754,137.540188447,67.059000000,100,1410,1215,31,0
13755,137.550189510,67.059000000,100,1410,1215,31,0
13756,137.560191356,66.981000000,100,1410,1215,31,0
13757,137.570194203,66.981000000,100,1410,1215,31,0
13758,137.580189406,66.981000000,100,1410,1215,31,0
13759,137.590188736,66.981000000,100,1410,1215,31,0
13760,137.600188718,66.981000000,100,1410,1215,31,0
13761,137.610187978,66.981000000,100,1410,1215,31,0
13762,137.620188852,66.981000000,100,1410,1215,31,0
13763,137.630188663,66.981000000,100,1410,1215,31,0
13764,137.640192703,66.981000000,100,1410,1215,31,0
13765,137.650187875,66.981000000,100,1410,1215,31,0
13766,137.660194820,66.944000000,100,1410,1215,31,0
13767,137.670188460,66.944000000,100,1410,1215,31,0
13768,137.680188802,66.944000000,100,1410,1215,31,0
13769,137.690188604,66.944000000,100,1410,1215,31,0
13770,137.700189427,66.944000000,100,1410,1215,31,0
13771,137.710188998,66.944000000,100,1410,1215,31,0
13772,137.720189010,66.944000000,100,1410,1215,31,0
13773,137.730189753,66.944000000,100,1410,1215,31,0
13774,137.740193362,66.944000000,100,1410,1215,31,0
13775,137.750189687,66.944000000,100,1410,1215,31,0
13776,137.760194447,66.871000000,100,1410,1215,31,0
13777,137.770193718,66.871000000,100,1410,1215,31,0
13778,137.780189862,66.871000000,100,1410,1215,31,0
13779,137.790188742,66.871000000,100,1410,1215,31,0
13780,137.800189134,66.871000000,100,1410,1215,31,0
13781,137.810193745,66.871000000,100,1410,1215,31,0
13782,137.820189178,66.871000000,100,1410,1215,31,0
13783,137.830188248,66.871000000,100,1410,1215,31,0
13784,137.840188089,66.871000000,100,1410,1215,31,0
13785,137.850188732,66.871000000,100,1410,1215,31,0
13786,137.860196519,66.962000000,100,1410,1215,31,0
13787,137.870190630,66.962000000,100,1410,1215,31,0
13788,137.880189269,66.962000000,100,1410,1215,31,0
13789,137.890188609,66.962000000,100,1410,1215,31,0
13790,137.900189122,66.962000000,100,1410,1215,31,0
13791,137.910189715,66.962000000,100,1410,1215,31,0
13792,137.920189296,66.962000000,100,1410,1215,31,0
13793,137.930190069,66.962000000,100,1410,1215,31,0
13794,137.940189109,66.962000000,100,1410,1215,31,0
13795,137.950194371,66.962000000,100,1410,1215,31,0
13796,137.960190605,67.175000000,100,1410,1215,31,0
13797,137.970194895,67.175000000,100,1410,1215,31,0
13798,137.980189677,67.175000000,100,1410,1215,31,0
13799,137.990189348,67.175000000,100,1410,1215,31,0
13800,138.000191053,67.175000000,100,1410,1215,31,0
13801,138.010189472,67.175000000,100,1410,1215,31,0
13802,138.020188923,67.175000000,100,1410,1215,31,0
13803,138.030188554,67.175000000,100,1410,1215,31,0
13804,138.040189608,67.175000000,100,1410,1215,31,0
13805,138.050193156,67.175000000,100,1410,1215,31,0
13806,138.060190633,67.060000000,100,1410,1215,31,0
13807,138.070188932,67.060000000,100,1410,1215,31,0
13808,138.080189224,67.060000000,100,1410,1215,31,0
13809,138.090189547,67.060000000,100,1410,1215,31,0
13810,138.100190680,67.060000000,100,1410,1215,31,0
13811,138.110192866,67.060000000,100,1410,1215,31,0
13812,138.120190213,67.060000000,100,1410,1215,31,0
13813,138.130193100,67.060000000,100,1410,1215,31,0
13814,138.140189265,67.060000000,100,1410,1215,31,0
13815,138.150193795,67.060000000,100,1410,1215,31,0
13816,138.160191012,67.059000000,100,1410,1215,31,0
13817,138.170188248,67.059000000,100,1410,1215,31,0
13818,138.180188791,67.059000000,100,1410,1215,31,0
13819,138.190188222,67.059000000,100,1410,1215,31,0
13820,138.200188604,67.059000000,100,1410,1215,31,0
13821,138.210188937,67.059000000,100,1410,1215,31,0
13822,138.220189139,67.059000000,100,1410,1215,31,0
13823,138.230189371,67.059000000,100,1410,1215,31,0
13824,138.240188681,67.059000000,100,1410,1215,31,0
13825,138.250189335,67.059000000,100,1410,1215,31,0
13826,138.260190308,66.976000000,100,1410,1215,31,0
13827,138.270194217,66.976000000,100,1410,1215,31,0
13828,138.280190562,66.976000000,100,1410,1215,31,0
13829,138.290189161,66.976000000,100,1410,1215,31,0
13830,138.300189744,66.976000000,100,1410,1215,31,0
13831,138.310193703,66.976000000,100,1410,1215,31,0
13832,138.320189547,66.976000000,100,1410,1215,31,0
13833,138.330189279,66.976000000,100,1410,1215,31,0
13834,138.340190062,66.976000000,100,1410,1215,31,0
13835,138.350189362,66.976000000,100,1410,1215,31,0
13836,138.360191478,67.059000000,100,1410,1215,31,0
13837,138.370189897,67.059000000,100,1410,1215,31,0
13838,138.380189177,67.059000000,100,1410,1215,31,0
13839,138.390189209,67.059000000,100,1410,1215,31,0
13840,138.400189562,67.059000000,100,1410,1215,31,0
13841,138.410193942,67.059000000,100,1410,1215,31,0
13842,138.420190076,67.059000000,100,1410,1215,31,0
13843,138.430190108,67.059000000,100,1410,1215,31,0
13844,138.440190040,67.059000000,100,1410,1215,31,0
13845,138.450189110,67.059000000,100,1410,1215,31,0
13846,138.460193840,66.871000000,100,1410,1215,31,0
13847,138.470189243,66.871000000,100,1410,1215,31,0
13848,138.480192792,66.871000000,100,1410,1215,31,0
13849,138.490189878,66.871000000,100,1410,1215,31,0
13850,138.500189048,66.871000000,100,1410,1215,31,0
13851,138.510188890,66.871000000,100,1410,1215,31,0
13852,138.520188681,66.871000000,100,1410,1215,31,0
13853,138.530188933,66.871000000,100,1410,1215,31,0
13854,138.540188575,66.871000000,100,1410,1215,31,0
13855,138.550189909,66.871000000,100,1410,1215,31,0
13856,138.560190422,66.846000000,100,1410,1215,31,0
13857,138.570189472,66.846000000,100,1410,1215,31,0
13858,138.580189313,66.846000000,100,1410,1215,31,0
13859,138.590189706,66.846000000,100,1410,1215,31,0
13860,138.600193925,66.846000000,100,1410,1215,31,0
13861,138.610190210,66.846000000,100,1410,1215,31,0
13862,138.620189771,66.846000000,100,1410,1215,31,0
13863,138.630189162,66.846000000,100,1410,1215,31,0
13864,138.640189514,66.846000000,100,1410,1215,31,0
13865,138.650189496,66.846000000,100,1410,1215,31,0
13866,138.660190219,66.755000000,100,1410,1215,31,0
13867,138.670192675,66.755000000,100,1410,1215,31,0
13868,138.680193809,66.755000000,100,1410,1215,31,0
13869,138.690189202,66.755000000,100,1410,1215,31,0
13870,138.700192971,66.755000000,100,1410,1215,31,0
13871,138.710189426,66.755000000,100,1410,1215,31,0
13872,138.720189168,66.755000000,100,1410,1215,31,0
13873,138.730188959,66.755000000,100,1410,1215,31,0
13874,138.740193079,66.755000000,100,1410,1215,31,0
13875,138.750189924,66.755000000,100,1410,1215,31,0
13876,138.760189245,66.865000000,100,1410,1215,31,0
13877,138.770188275,66.865000000,100,1410,1215,31,0
13878,138.780188787,66.865000000,100,1410,1215,31,0
13879,138.790189861,66.865000000,100,1410,1215,31,0
13880,138.800193600,66.865000000,100,1410,1215,31,0
13881,138.810189905,66.865000000,100,1410,1215,31,0
13882,138.820189646,66.865000000,100,1410,1215,31,0
13883,138.830189618,66.865000000,100,1410,1215,31,0
13884,138.840193858,66.865000000,100,1410,1215,31,0
13885,138.850189451,66.865000000,100,1410,1215,31,0
13886,138.860190615,67.079000000,100,1410,1215,31,0
13887,138.870189835,67.079000000,100,1410,1215,31,0
13888,138.880189096,67.079000000,100,1410,1215,31,0
13889,138.890189037,67.079000000,100,1410,1215,31,0
13890,138.900189280,67.079000000,100,1410,1215,31,0
13891,138.910189722,67.079000000,100,1410,1215,31,0
13892,138.920193180,67.079000000,100,1410,1215,31,0
13893,138.930193593,67.079000000,100,1410,1215,31,0
13894,138.940190689,67.079000000,100,1410,1215,31,0
13895,138.950193677,67.079000000,100,1410,1215,31,0
13896,138.960190583,67.079000000,100,1410,1215,31,0
13897,138.970189452,67.079000000,100,1410,1215,31,0
13898,138.980188853,67.079000000,100,1410,1215,31,0
13899,138.990189135,67.079000000,100,1410,1215,31,0
13900,139.000357864,67.079000000,100,1410,1215,31,0
13901,139.010193637,67.079000000,100,1410,1215,31,0
13902,139.020189301,67.079000000,100,1410,1215,31,0
13903,139.030189002,67.079000000,100,1410,1215,31,0
13904,139.040188443,67.079000000,100,1410,1215,31,0
13905,139.050188635,67.079000000,100,1410,1215,31,0
13906,139.060189929,67.079000000,100,1410,1215,31,0
13907,139.070194239,67.079000000,100,1410,1215,31,0
13908,139.080189782,67.079000000,100,1410,1215,31,0
13909,139.090194032,67.079000000,100,1410,1215,31,0
13910,139.100314300,67.079000000,100,1410,1215,31,0
13911,139.110189627,67.079000000,100,1410,1215,31,0
13912,139.120189840,67.079000000,100,1410,1215,31,0
13913,139.130190012,67.079000000,100,1410,1215,31,0
13914,139.140188921,67.079000000,100,1410,1215,31,0
13915,139.150188482,67.079000000,100,1410,1215,31,0
13916,139.160190147,66.962000000,100,1410,1215,31,0
13917,139.170190700,66.962000000,100,1410,1215,31,0
13918,139.180190552,66.962000000,100,1410,1215,31,0
13919,139.190189832,66.962000000,100,1410,1215,31,0
13920,139.200189233,66.962000000,100,1410,1215,31,0
13921,139.210189956,66.962000000,100,1410,1215,31,0
13922,139.220193354,66.962000000,100,1410,1215,31,0
13923,139.230190110,66.962000000,100,1410,1215,31,0
13924,139.240189560,66.962000000,100,1410,1215,31,0
13925,139.250189752,66.962000000,100,1410,1215,31,0
13926,139.260189674,67.157000000,100,1410,1215,31,0
13927,139.270188754,67.157000000,100,1410,1215,31,0
13928,139.280194086,67.157000000,100,1410,1215,31,0
13929,139.290189729,67.157000000,100,1410,1215,31,0
13930,139.300189851,67.157000000,100,1410,1215,31,0
13931,139.310189322,67.157000000,100,1410,1215,31,0
13932,139.320188963,67.157000000,100,1410,1215,31,0
13933,139.330193303,67.157000000,100,1410,1215,31,0
13934,139.340189307,67.157000000,100,1410,1215,31,0
13935,139.350189179,67.157000000,100,1410,1215,31,0
13936,139.360190012,66.864000000,100,1410,1215,31,0
13937,139.370188892,66.864000000,100,1410,1215,31,0
13938,139.380189174,66.864000000,100,1410,1215,31,0
13939,139.390189166,66.864000000,100,1410,1215,31,0
13940,139.400193346,66.864000000,100,1410,1215,31,0
13941,139.410189540,66.864000000,100,1410,1215,31,0
13942,139.420190013,66.864000000,100,1410,1215,31,0
13943,139.430190185,66.864000000,100,1410,1215,31,0
13944,139.440189065,66.864000000,100,1410,1215,31,0
13945,139.450190289,66.864000000,100,1410,1215,31,0
13946,139.460190080,66.651000000,100,1410,1215,31,0
13947,139.470193418,66.651000000,100,1410,1215,31,0
13948,139.480189112,66.651000000,100,1410,1215,31,0
13949,139.490188322,66.651000000,100,1410,1215,31,0
13950,139.500189306,66.651000000,100,1410,1215,31,0
13951,139.510188827,66.651000000,100,1410,1215,31,0
13952,139.520188919,66.651000000,100,1410,1215,31,0
13953,139.530189181,66.651000000,100,1410,1215,31,0
13954,139.540188992,66.651000000,100,1410,1215,31,0
13955,139.550193412,66.651000000,100,1410,1215,31,0
13956,139.560189968,66.846000000,100,1410,1215,31,0
13957,139.570189498,66.846000000,100,1410,1215,31,0
13958,139.580189581,66.846000000,100,1410,1215,31,0
13959,139.590189612,66.846000000,100,1410,1215,31,0
13960,139.600188091,66.846000000,100,1410,1215,31,0
13961,139.610189255,66.846000000,100,1410,1215,31,0
13962,139.620189487,66.846000000,100,1410,1215,31,0
13963,139.630189609,66.846000000,100,1410,1215,31,0
13964,139.640188369,66.846000000,100,1410,1215,31,0
13965,139.650193610,66.846000000,100,1410,1215,31,0
13966,139.660191588,66.981000000,100,1410,1215,31,0
13967,139.670189115,66.981000000,100,1410,1215,31,0
13968,139.680190530,66.981000000,100,1410,1215,31,0
13969,139.690189500,66.981000000,100,1410,1215,31,0
13970,139.700189171,66.981000000,100,1410,1215,31,0
13971,139.710189754,66.981000000,100,1410,1215,31,0
13972,139.720189405,66.981000000,100,1410,1215,31,0
13973,139.730190449,66.981000000,100,1410,1215,31,0
13974,139.740188988,66.981000000,100,1410,1215,31,0
13975,139.750189831,66.981000000,100,1410,1215,31,0
13976,139.760190444,67.060000000,100,1410,1215,31,0
13977,139.770189354,67.060000000,100,1410,1215,31,0
13978,139.780189115,67.060000000,100,1410,1215,31,0
13979,139.790189558,67.060000000,100,1410,1215,31,0
13980,139.800189058,67.060000000,100,1410,1215,31,0
13981,139.810189291,67.060000000,100,1410,1215,31,0
13982,139.820193180,67.060000000,100,1410,1215,31,0
13983,139.830189655,67.060000000,100,1410,1215,31,0
13984,139.840189376,67.060000000,100,1410,1215,31,0
13985,139.850189117,67.060000000,100,1410,1215,31,0
13986,139.860194629,66.853000000,100,1410,1215,31,0
13987,139.870189161,66.853000000,100,1410,1215,31,0
13988,139.880189403,66.853000000,100,1410,1215,31,0
13989,139.890189916,66.853000000,100,1410,1215,31,0
13990,139.900189297,66.853000000,100,1410,1215,31,0
13991,139.910190400,66.853000000,100,1410,1215,31,0
13992,139.920187807,66.853000000,100,1410,1215,31,0
13993,139.930189212,66.853000000,100,1410,1215,31,0
13994,139.940193321,66.853000000,100,1410,1215,31,0
13995,139.950188353,66.853000000,100,1410,1215,31,0
13996,139.960189828,66.865000000,100,1410,1215,31,0
13997,139.970187876,66.865000000,100,1410,1215,31,0
13998,139.980188188,66.865000000,100,1410,1215,31,0
13999,139.990187309,66.865000000,100,1410,1215,31,0
14000,140.000188152,66.865000000,100,1410,1215,31,0
14001,140.010188995,66.865000000,100,1410,1215,31,0
14002,140.020187715,66.865000000,100,1410,1215,31,0
14003,140.030188398,66.865000000,100,1410,1215,31,0
14004,140.040187708,66.865000000,100,1410,1215,31,0
14005,140.050192809,66.865000000,100,1410,1215,31,0
14006,140.060195106,67.059000000,100,1410,1215,31,0
14007,140.070188966,67.059000000,100,1410,1215,31,0
14008,140.080188547,67.059000000,100,1410,1215,31,0
14009,140.090193177,67.059000000,100,1410,1215,31,0
14010,140.100189202,67.059000000,100,1410,1215,31,0
14011,140.110188552,67.059000000,100,1410,1215,31,0
14012,140.120188414,67.059000000,100,1410,1215,31,0
14013,140.130193405,67.059000000,100,1410,1215,31,0
14014,140.140188678,67.059000000,100,1410,1215,31,0
14015,140.150192146,67.059000000,100,1410,1215,31,0
14016,140.160190034,66.944000000,100,1410,1215,31,0
14017,140.170188272,66.944000000,100,1410,1215,31,0
14018,140.180188194,66.944000000,100,1410,1215,31,0
14019,140.190188797,66.944000000,100,1410,1215,31,0
14020,140.200189940,66.944000000,100,1410,1215,31,0
14021,140.210189942,66.944000000,100,1410,1215,31,0
14022,140.220189453,66.944000000,100,1410,1215,31,0
14023,140.230188934,66.944000000,100,1410,1215,31,0
14024,140.240188284,66.944000000,100,1410,1215,31,0
14025,140.250189088,66.944000000,100,1410,1215,31,0
14026,140.260190292,66.944000000,100,1410,1215,31,0
14027,140.270188320,66.944000000,100,1410,1215,31,0
14028,140.280188281,66.944000000,100,1410,1215,31,0
14029,140.290192271,66.944000000,100,1410,1215,31,0
14030,140.300188836,66.944000000,100,1410,1215,31,0
14031,140.310192765,66.944000000,100,1410,1215,31,0
14032,140.320189150,66.944000000,100,1410,1215,31,0
14033,140.330189272,66.944000000,100,1410,1215,31,0
14034,140.340192490,66.944000000,100,1410,1215,31,0
14035,140.350188985,66.944000000,100,1410,1215,31,0
14036,140.360189668,66.962000000,100,1410,1215,31,0
14037,140.370188628,66.962000000,100,1410,1215,31,0
14038,140.380192517,66.962000000,100,1410,1215,31,0
14039,140.390189914,66.962000000,100,1410,1215,31,0
14040,140.400193262,66.962000000,100,1410,1215,31,0
14041,140.410189948,66.962000000,100,1410,1215,31,0
14042,140.420188506,66.962000000,100,1410,1215,31,0
14043,140.430189210,66.962000000,100,1410,1215,31,0
14044,140.440188340,66.962000000,100,1410,1215,31,0
14045,140.450188061,66.962000000,100,1410,1215,31,0
14046,140.460190718,66.943000000,100,1410,1215,31,0
14047,140.470189157,66.943000000,100,1410,1215,31,0
14048,140.480189459,66.943000000,100,1410,1215,31,0
14049,140.490189862,66.943000000,100,1410,1215,31,0
14050,140.500194933,66.943000000,100,1410,1215,31,0
14051,140.510189905,66.943000000,100,1410,1215,31,0
14052,140.520188464,66.943000000,100,1410,1215,31,0
14053,140.530189588,66.943000000,100,1410,1215,31,0
14054,140.540189490,66.943000000,100,1410,1215,31,0
14055,140.550189581,66.943000000,100,1410,1215,31,0
14056,140.560190385,67.078000000,100,1410,1215,31,0
14057,140.570193222,67.078000000,100,1410,1215,31,0
14058,140.580189336,67.078000000,100,1410,1215,31,0
14059,140.590189238,67.078000000,100,1410,1215,31,0
14060,140.600189761,67.078000000,100,1410,1215,31,0
14061,140.610189131,67.078000000,100,1410,1215,31,0
14062,140.620188872,67.078000000,100,1410,1215,31,0
14063,140.630193944,67.078000000,100,1410,1215,31,0
14064,140.640189607,67.078000000,100,1410,1215,31,0
14065,140.650193226,67.078000000,100,1410,1215,31,0
14066,140.660190553,67.079000000,100,1410,1215,31,0
14067,140.670189603,67.079000000,100,1410,1215,31,0
14068,140.680189244,67.079000000,100,1410,1215,31,0
14069,140.690189727,67.079000000,100,1410,1215,31,0
14070,140.700189518,67.079000000,100,1410,1215,31,0
14071,140.710189650,67.079000000,100,1410,1215,31,0
14072,140.720189732,67.079000000,100,1410,1215,31,0
14073,140.730193631,67.079000000,100,1410,1215,31,0
14074,140.740189124,67.079000000,100,1410,1215,31,0
14075,140.750193755,67.079000000,100,1410,1215,31,0
14076,140.760190621,67.059000000,100,1410,1215,31,0
14077,140.770193257,67.059000000,100,1410,1215,31,0
14078,140.780189562,67.059000000,100,1410,1215,31,0
14079,140.790188963,67.059000000,100,1410,1215,31,0
14080,140.800189014,67.059000000,100,1410,1215,31,0
14081,140.810189147,67.059000000,100,1410,1215,31,0
14082,140.820189078,67.059000000,100,1410,1215,31,0
14083,140.830189851,67.059000000,100,1410,1215,31,0
14084,140.840189532,67.059000000,100,1410,1215,31,0
14085,140.850194123,67.059000000,100,1410,1215,31,0
14086,140.860191369,66.773000000,100,1410,1215,31,0
14087,140.870189668,66.773000000,100,1410,1215,31,0
14088,140.880189219,66.773000000,100,1410,1215,31,0
14089,140.890192507,66.773000000,100,1410,1215,31,0
14090,140.900189894,66.773000000,100,1410,1215,31,0
14091,140.910189645,66.773000000,100,1410,1215,31,0
14092,140.920189497,66.773000000,100,1410,1215,31,0
14093,140.930192293,66.773000000,100,1410,1215,31,0
14094,140.940189149,66.773000000,100,1410,1215,31,0
14095,140.950188841,66.773000000,100,1410,1215,31,0
14096,140.960191297,66.864000000,100,1410,1215,31,0
14097,140.970192872,66.864000000,100,1410,1215,31,0
14098,140.980188926,66.864000000,100,1410,1215,31,0
14099,140.990193246,66.864000000,100,1410,1215,31,0
14100,141.000189460,66.864000000,100,1410,1215,31,0
14101,141.010188611,66.864000000,100,1410,1215,31,0
14102,141.020189043,66.864000000,100,1410,1215,31,0
14103,141.030188344,66.864000000,100,1410,1215,31,0
14104,141.040188355,66.864000000,100,1410,1215,31,0
14105,141.050189038,66.864000000,100,1410,1215,31,0
14106,141.060190182,67.079000000,100,1410,1215,31,0
14107,141.070189343,67.079000000,100,1410,1215,31,0
14108,141.080188262,67.079000000,100,1410,1215,31,0
14109,141.090188755,67.079000000,100,1410,1215,31,0
14110,141.100189458,67.079000000,100,1410,1215,31,0
14111,141.110189790,67.079000000,100,1410,1215,31,0
14112,141.120188560,67.079000000,100,1410,1215,31,0
14113,141.130190996,67.079000000,100,1410,1215,31,0
14114,141.140189185,67.079000000,100,1410,1215,31,0
14115,141.150188465,67.079000000,100,1410,1215,31,0
14116,141.160191382,66.962000000,100,1410,1215,31,0
14117,141.170189761,66.962000000,100,1410,1215,31,0
14118,141.180189562,66.962000000,100,1410,1215,31,0
14119,141.190189213,66.962000000,100,1410,1215,31,0
14120,141.200189616,66.962000000,100,1410,1215,31,0
14121,141.210189247,66.962000000,100,1410,1215,31,0
14122,141.220189048,66.962000000,100,1410,1215,31,0
14123,141.230189511,66.962000000,100,1410,1215,31,0
14124,141.240188431,66.962000000,100,1410,1215,31,0
14125,141.250190526,66.962000000,100,1410,1215,31,0
14126,141.260195928,67.157000000,100,1410,1215,31,0
14127,141.270189959,67.157000000,100,1410,1215,31,0
14128,141.280188969,67.157000000,100,1410,1215,31,0
14129,141.290189351,67.157000000,100,1410,1215,31,0
14130,141.300189884,67.157000000,100,1410,1215,31,0
14131,141.310191358,67.157000000,100,1410,1215,31,0
14132,141.320189707,67.157000000,100,1410,1215,31,0
14133,141.330190270,67.157000000,100,1410,1215,31,0
14134,141.340189901,67.157000000,100,1410,1215,31,0
14135,141.350190063,67.157000000,100,1410,1215,31,0
14136,141.360189835,67.170000000,100,1410,1215,31,0
14137,141.370189866,67.170000000,100,1410,1215,31,0
14138,141.380189728,67.170000000,100,1410,1215,31,0
14139,141.390194498,67.170000000,100,1410,1215,31,0
14140,141.400189721,67.170000000,100,1410,1215,31,0
14141,141.410194362,67.170000000,100,1410,1215,31,0
14142,141.420189865,67.170000000,100,1410,1215,31,0
14143,141.430190258,67.170000000,100,1410,1215,31,0
14144,141.440189578,67.170000000,100,1410,1215,31,0
14145,141.450190221,67.170000000,100,1410,1215,31,0
14146,141.460195102,67.176000000,100,1410,1215,31,0
14147,141.470190315,67.176000000,100,1410,1215,31,0
14148,141.480189244,67.176000000,100,1410,1215,31,0
14149,141.490190148,67.176000000,100,1410,1215,31,0
14150,141.500189879,67.176000000,100,1410,1215,31,0
14151,141.510194540,67.176000000,100,1410,1215,31,0
14152,141.520189722,67.176000000,100,1410,1215,31,0
14153,141.530193882,67.176000000,100,1410,1215,31,0
14154,141.540189866,67.176000000,100,1410,1215,31,0
14155,141.550189778,67.176000000,100,1410,1215,31,0
14156,141.560190952,67.059000000,100,1410,1215,31,0
14157,141.570189360,67.059000000,100,1410,1215,31,0
14158,141.580189452,67.059000000,100,1410,1215,31,0
14159,141.590190125,67.059000000,100,1410,1215,31,0
14160,141.600189646,67.059000000,100,1410,1215,31,0
14161,141.610189718,67.059000000,100,1410,1215,31,0
14162,141.620189800,67.059000000,100,1410,1215,31,0
14163,141.630189902,67.059000000,100,1410,1215,31,0
14164,141.640190114,67.059000000,100,1410,1215,31,0
14165,141.650193282,67.059000000,100,1410,1215,31,0
14166,141.660190609,66.865000000,100,1410,1215,31,0
14167,141.670190039,66.865000000,100,1410,1215,31,0
14168,141.680193878,66.865000000,100,1410,1215,31,0
14169,141.690190163,66.865000000,100,1410,1215,31,0
14170,141.700193551,66.865000000,100,1410,1215,31,0
14171,141.710190217,66.865000000,100,1410,1215,31,0
14172,141.720189617,66.865000000,100,1410,1215,31,0
14173,141.730190170,66.865000000,100,1410,1215,31,0
14174,141.740194620,66.865000000,100,1410,1215,31,0
14175,141.750190414,66.865000000,100,1410,1215,31,0
14176,141.760190666,66.981000000,100,1410,1215,31,0
14177,141.770189305,66.981000000,100,1410,1215,31,0
14178,141.780189948,66.981000000,100,1410,1215,31,0
14179,141.790189850,66.981000000,100,1410,1215,31,0
14180,141.800190112,66.981000000,100,1410,1215,31,0
14181,141.810189633,66.981000000,100,1410,1215,31,0
14182,141.820189454,66.981000000,100,1410,1215,31,0
14183,141.830189246,66.981000000,100,1410,1215,31,0
14184,141.840189749,66.981000000,100,1410,1215,31,0
14185,141.850189340,66.981000000,100,1410,1215,31,0
14186,141.860194641,66.962000000,100,1410,1215,31,0
14187,141.870190205,66.962000000,100,1410,1215,31,0
14188,141.880194374,66.962000000,100,1410,1215,31,0
14189,141.890190158,66.962000000,100,1410,1215,31,0
14190,141.900193727,66.962000000,100,1410,1215,31,0
14191,141.910190202,66.962000000,100,1410,1215,31,0
14192,141.920194261,66.962000000,100,1410,1215,31,0
14193,141.930188993,66.962000000,100,1410,1215,31,0
14194,141.940190167,66.962000000,100,1410,1215,31,0
14195,141.950189918,66.962000000,100,1410,1215,31,0
14196,141.960190641,66.962000000,100,1410,1215,31,0
14197,141.970189210,66.962000000,100,1410,1215,31,0
14198,141.980193821,66.962000000,100,1410,1215,31,0
14199,141.990190196,66.962000000,100,1410,1215,31,0
14200,142.000190147,66.962000000,100,1410,1215,31,0
14201,142.010190700,66.962000000,100,1410,1215,31,0
14202,142.020189880,66.962000000,100,1410,1215,31,0
14203,142.030189802,66.962000000,100,1410,1215,31,0
14204,142.040189483,66.962000000,100,1410,1215,31,0
14205,142.050189335,66.962000000,100,1410,1215,31,0
14206,142.060194666,66.961000000,100,1410,1215,31,0
14207,142.070189408,66.961000000,100,1410,1215,31,0
14208,142.080190722,66.961000000,100,1410,1215,31,0
14209,142.090189402,66.961000000,100,1410,1215,31,0
14210,142.100189714,66.961000000,100,1410,1215,31,0
14211,142.110189746,66.961000000,100,1410,1215,31,0
14212,142.120190178,66.961000000,100,1410,1215,31,0
14213,142.130189499,66.961000000,100,1410,1215,31,0
14214,142.140189911,66.961000000,100,1410,1215,31,0
14215,142.150190154,66.961000000,100,1410,1215,31,0
14216,142.160195055,66.962000000,100,1410,1215,31,0
14217,142.170189205,66.962000000,100,1410,1215,31,0
14218,142.180190019,66.962000000,100,1410,1215,31,0
14219,142.190194238,66.962000000,100,1410,1215,31,0
14220,142.200189692,66.962000000,100,1410,1215,31,0
14221,142.210189523,66.962000000,100,1410,1215,31,0
14222,142.220193793,66.962000000,100,1410,1215,31,0
14223,142.230263225,66.962000000,100,1410,1215,31,0
14224,142.240189358,66.962000000,100,1410,1215,31,0
14225,142.250189510,66.962000000,100,1410,1215,31,0
14226,142.260190774,67.073000000,100,1410,1215,31,0
14227,142.270189463,67.073000000,100,1410,1215,31,0
14228,142.280194294,67.073000000,100,1410,1215,31,0
14229,142.290189507,67.073000000,100,1410,1215,31,0
14230,142.300193797,67.073000000,100,1410,1215,31,0
14231,142.310189160,67.073000000,100,1410,1215,31,0
14232,142.320189893,67.073000000,100,1410,1215,31,0
14233,142.330189704,67.073000000,100,1410,1215,31,0
14234,142.340189666,67.073000000,100,1410,1215,31,0
14235,142.350190189,67.073000000,100,1410,1215,31,0
14236,142.360190922,66.871000000,100,1410,1215,31,0
14237,142.370189731,66.871000000,100,1410,1215,31,0
14238,142.380189102,66.871000000,100,1410,1215,31,0
14239,142.390190036,66.871000000,100,1410,1215,31,0
14240,142.400190037,66.871000000,100,1410,1215,31,0
14241,142.410189628,66.871000000,100,1410,1215,31,0
14242,142.420189850,66.871000000,100,1410,1215,31,0
14243,142.430190143,66.871000000,100,1410,1215,31,0
14244,142.440190034,66.871000000,100,1410,1215,31,0
14245,142.450189455,66.871000000,100,1410,1215,31,0
14246,142.460190859,66.864000000,100,1410,1215,31,0
14247,142.470190270,66.864000000,100,1410,1215,31,0
14248,142.480193468,66.864000000,100,1410,1215,31,0
14249,142.490190213,66.864000000,100,1410,1215,31,0
14250,142.500189834,66.864000000,100,1410,1215,31,0
14251,142.510190447,66.864000000,100,1410,1215,31,0
14252,142.520193936,66.864000000,100,1410,1215,31,0
14253,142.530190381,66.864000000,100,1410,1215,31,0
14254,142.540190132,66.864000000,100,1410,1215,31,0
14255,142.550189983,66.864000000,100,1410,1215,31,0
14256,142.560191207,67.060000000,100,1410,1215,31,0
14257,142.570189967,67.060000000,100,1410,1215,31,0
14258,142.580193655,67.060000000,100,1410,1215,31,0
14259,142.590189580,67.060000000,100,1410,1215,31,0
14260,142.600188920,67.060000000,100,1410,1215,31,0
14261,142.610189914,67.060000000,100,1410,1215,31,0
14262,142.620189775,67.060000000,100,1410,1215,31,0
14263,142.630189466,67.060000000,100,1410,1215,31,0
14264,142.640188957,67.060000000,100,1410,1215,31,0
14265,142.650189350,67.060000000,100,1410,1215,31,0
14266,142.660193970,67.079000000,100,1410,1215,31,0
14267,142.670189253,67.079000000,100,1410,1215,31,0
14268,142.680189605,67.079000000,100,1410,1215,31,0
14269,142.690189798,67.079000000,100,1410,1215,31,0
14270,142.700190340,67.079000000,100,1410,1215,31,0
14271,142.710190613,67.079000000,100,1410,1215,31,0
14272,142.720194031,67.079000000,100,1410,1215,31,0
14273,142.730190876,67.079000000,100,1410,1215,31,0
14274,142.740189245,67.079000000,100,1410,1215,31,0
14275,142.750194246,67.079000000,100,1410,1215,31,0
14276,142.760191192,67.060000000,100,1410,1215,31,0
14277,142.770189341,67.060000000,100,1410,1215,31,0
14278,142.780189252,67.060000000,100,1410,1215,31,0
14279,142.790189535,67.060000000,100,1410,1215,31,0
14280,142.800189586,67.060000000,100,1410,1215,31,0
14281,142.810189197,67.060000000,100,1410,1215,31,0
14282,142.820189339,67.060000000,100,1410,1215,31,0
14283,142.830189662,67.060000000,100,1410,1215,31,0
14284,142.840193551,67.060000000,100,1410,1215,31,0
14285,142.850189345,67.060000000,100,1410,1215,31,0
14286,142.860194135,67.175000000,100,1410,1215,31,0
14287,142.870190420,67.175000000,100,1410,1215,31,0
14288,142.880193518,67.175000000,100,1410,1215,31,0
14289,142.890189863,67.175000000,100,1410,1215,31,0
14290,142.900189043,67.175000000,100,1410,1215,31,0
14291,142.910189585,67.175000000,100,1410,1215,31,0
14292,142.920188295,67.175000000,100,1410,1215,31,0
14293,142.930189168,67.175000000,100,1410,1215,31,0
14294,142.940188078,67.175000000,100,1410,1215,31,0
14295,142.950189402,67.175000000,100,1410,1215,31,0
14296,142.960189504,67.079000000,100,1410,1215,31,0
14297,142.970189466,67.079000000,100,1410,1215,31,0
14298,142.980189207,67.079000000,100,1410,1215,31,0
14299,142.990189109,67.079000000,100,1410,1215,31,0
14300,143.000193639,67.079000000,100,1410,1215,31,0
14301,143.010190565,67.079000000,100,1410,1215,31,0
14302,143.020189956,67.079000000,100,1410,1215,31,0
14303,143.030189797,67.079000000,100,1410,1215,31,0
14304,143.040188947,67.079000000,100,1410,1215,31,0
14305,143.050188859,67.079000000,100,1410,1215,31,0
14306,143.060190554,67.059000000,100,1410,1215,31,0
14307,143.070189453,67.059000000,100,1410,1215,31,0
14308,143.080189335,67.059000000,100,1410,1215,31,0
14309,143.090188585,67.059000000,100,1410,1215,31,0
14310,143.100189298,67.059000000,100,1410,1215,31,0
14311,143.110193358,67.059000000,100,1410,1215,31,0
14312,143.120190203,67.059000000,100,1410,1215,31,0
14313,143.130188662,67.059000000,100,1410,1215,31,0
14314,143.140188393,67.059000000,100,1410,1215,31,0
14315,143.150194717,67.059000000,100,1410,1215,31,0
14316,143.160191262,66.962000000,100,1410,1215,31,0
14317,143.170189070,66.962000000,100,1410,1215,31,0
14318,143.180188741,66.962000000,100,1410,1215,31,0
14319,143.190193121,66.962000000,100,1410,1215,31,0
14320,143.200189997,66.962000000,100,1410,1215,31,0
14321,143.210189057,66.962000000,100,1410,1215,31,0
14322,143.220188568,66.962000000,100,1410,1215,31,0
14323,143.230189311,66.962000000,100,1410,1215,31,0
14324,143.240193010,66.962000000,100,1410,1215,31,0
14325,143.250189745,66.962000000,100,1410,1215,31,0
14326,143.260194887,67.078000000,100,1410,1215,31,0
14327,143.270189769,67.078000000,100,1410,1215,31,0
14328,143.280189570,67.078000000,100,1410,1215,31,0
14329,143.290189442,67.078000000,100,1410,1215,31,0
14330,143.300192960,67.078000000,100,1410,1215,31,0
14331,143.310189205,67.078000000,100,1410,1215,31,0
14332,143.320188675,67.078000000,100,1410,1215,31,0
14333,143.330189388,67.078000000,100,1410,1215,31,0
14334,143.340188829,67.078000000,100,1410,1215,31,0
14335,143.350189111,67.078000000,100,1410,1215,31,0
14336,143.360189945,67.059000000,100,1410,1215,31,0
14337,143.370189025,67.059000000,100,1410,1215,31,0
14338,143.380189207,67.059000000,100,1410,1215,31,0
14339,143.390187726,67.059000000,100,1410,1215,31,0
14340,143.400188499,67.059000000,100,1410,1215,31,0
14341,143.410188852,67.059000000,100,1410,1215,31,0
14342,143.420188382,67.059000000,100,1410,1215,31,0
14343,143.430189596,67.059000000,100,1410,1215,31,0
14344,143.440189348,67.059000000,100,1410,1215,31,0
14345,143.450188388,67.059000000,100,1410,1215,31,0
14346,143.460191164,66.962000000,100,1410,1215,31,0
14347,143.470193651,66.962000000,100,1410,1215,31,0
14348,143.480189625,66.962000000,100,1410,1215,31,0
14349,143.490189236,66.962000000,100,1410,1215,31,0
14350,143.500189168,66.962000000,100,1410,1215,31,0
14351,143.510188909,66.962000000,100,1410,1215,31,0
14352,143.520189412,66.962000000,100,1410,1215,31,0
14353,143.530189454,66.962000000,100,1410,1215,31,0
14354,143.540189215,66.962000000,100,1410,1215,31,0
14355,143.550189187,66.962000000,100,1410,1215,31,0
14356,143.560190771,66.981000000,100,1410,1215,31,0
14357,143.570193037,66.981000000,100,1410,1215,31,0
14358,143.580189643,66.981000000,100,1410,1215,31,0
14359,143.590188703,66.981000000,100,1410,1215,31,0
14360,143.600187632,66.981000000,100,1410,1215,31,0
14361,143.610189137,66.981000000,100,1410,1215,31,0
14362,143.620192776,66.981000000,100,1410,1215,31,0
14363,143.630189000,66.981000000,100,1410,1215,31,0
14364,143.640190044,66.981000000,100,1410,1215,31,0
14365,143.650189214,66.981000000,100,1410,1215,31,0
14366,143.660190829,67.060000000,100,1410,1215,31,0
14367,143.670188737,67.060000000,100,1410,1215,31,0
14368,143.680189199,67.060000000,100,1410,1215,31,0
14369,143.690188409,67.060000000,100,1410,1215,31,0
14370,143.700188692,67.060000000,100,1410,1215,31,0
14371,143.710188313,67.060000000,100,1410,1215,31,0
14372,143.720188224,67.060000000,100,1410,1215,31,0
14373,143.730188397,67.060000000,100,1410,1215,31,0
14374,143.740188148,67.060000000,100,1410,1215,31,0
14375,143.750188150,67.060000000,100,1410,1215,31,0
14376,143.760188722,66.865000000,100,1410,1215,31,0
14377,143.770188273,66.865000000,100,1410,1215,31,0
14378,143.780188135,66.865000000,100,1410,1215,31,0
14379,143.790188367,66.865000000,100,1410,1215,31,0
14380,143.800189390,66.865000000,100,1410,1215,31,0
14381,143.810188771,66.865000000,100,1410,1215,31,0
14382,143.820189244,66.865000000,100,1410,1215,31,0
14383,143.830189055,66.865000000,100,1410,1215,31,0
14384,143.840189237,66.865000000,100,1410,1215,31,0
14385,143.850189059,66.865000000,100,1410,1215,31,0
14386,143.860190193,66.943000000,100,1410,1215,31,0
14387,143.870189072,66.943000000,100,1410,1215,31,0
14388,143.880189124,66.943000000,100,1410,1215,31,0
14389,143.890188605,66.943000000,100,1410,1215,31,0
14390,143.900188667,66.943000000,100,1410,1215,31,0
14391,143.910188728,66.943000000,100,1410,1215,31,0
14392,143.920187939,66.943000000,100,1410,1215,31,0
14393,143.930188301,66.943000000,100,1410,1215,31,0
14394,143.940188193,66.943000000,100,1410,1215,31,0
14395,143.950188024,66.943000000,100,1410,1215,31,0
14396,143.960189048,66.883000000,100,1410,1215,31,0
14397,143.970188088,66.883000000,100,1410,1215,31,0
14398,143.980188160,66.883000000,100,1410,1215,31,0
14399,143.990188993,66.883000000,100,1410,1215,31,0
14400,144.000188514,66.883000000,100,1410,1215,31,0
14401,144.010188255,66.883000000,100,1410,1215,31,0
14402,144.020188277,66.883000000,100,1410,1215,31,0
14403,144.030188369,66.883000000,100,1410,1215,31,0
14404,144.040193009,66.883000000,100,1410,1215,31,0
14405,144.050188502,66.883000000,100,1410,1215,31,0
14406,144.060190177,67.054000000,100,1410,1215,31,0
14407,144.070188185,67.054000000,100,1410,1215,31,0
14408,144.080188788,67.054000000,100,1410,1215,31,0
14409,144.090187407,67.054000000,100,1410,1215,31,0
14410,144.100188651,67.054000000,100,1410,1215,31,0
14411,144.110192901,67.054000000,100,1410,1215,31,0
14412,144.120192813,67.054000000,100,1410,1215,31,0
14413,144.130193526,67.054000000,100,1410,1215,31,0
14414,144.140188919,67.054000000,100,1410,1215,31,0
14415,144.150189301,67.054000000,100,1410,1215,31,0
14416,144.160194483,67.157000000,100,1410,1215,31,0
14417,144.170193683,67.157000000,100,1410,1215,31,0
14418,144.180189817,67.157000000,100,1410,1215,31,0
14419,144.190188587,67.157000000,100,1410,1215,31,0
14420,144.200190532,67.157000000,100,1410,1215,31,0
14421,144.210189662,67.157000000,100,1410,1215,31,0
14422,144.220189053,67.157000000,100,1410,1215,31,0
14423,144.230189445,67.157000000,100,1410,1215,31,0
14424,144.240188866,67.157000000,100,1410,1215,31,0
14425,144.250189349,67.157000000,100,1410,1215,31,0
14426,144.260190142,66.865000000,100,1410,1215,31,0
14427,144.270189422,66.865000000,100,1410,1215,31,0
14428,144.280188913,66.865000000,100,1410,1215,31,0
14429,144.290188965,66.865000000,100,1410,1215,31,0
14430,144.300189137,66.865000000,100,1410,1215,31,0
14431,144.310188848,66.865000000,100,1410,1215,31,0
14432,144.320189571,66.865000000,100,1410,1215,31,0
14433,144.330189313,66.865000000,100,1410,1215,31,0
14434,144.340189194,66.865000000,100,1410,1215,31,0
14435,144.350189015,66.865000000,100,1410,1215,31,0
14436,144.360190139,66.864000000,100,1410,1215,31,0
14437,144.370189189,66.864000000,100,1410,1215,31,0
14438,144.380190363,66.864000000,100,1410,1215,31,0
14439,144.390193521,66.864000000,100,1410,1215,31,0
14440,144.400189826,66.864000000,100,1410,1215,31,0
14441,144.410189347,66.864000000,100,1410,1215,31,0
14442,144.420189899,66.864000000,100,1410,1215,31,0
14443,144.430189741,66.864000000,100,1410,1215,31,0
14444,144.440190203,66.864000000,100,1410,1215,31,0
14445,144.450189203,66.864000000,100,1410,1215,31,0
14446,144.460190247,66.950000000,100,1410,1215,31,0
14447,144.470188425,66.950000000,100,1410,1215,31,0
14448,144.480188848,66.950000000,100,1410,1215,31,0
14449,144.490188860,66.950000000,100,1410,1215,31,0
14450,144.500188881,66.950000000,100,1410,1215,31,0
14451,144.510189675,66.950000000,100,1410,1215,31,0
14452,144.520189436,66.950000000,100,1410,1215,31,0
14453,144.530188686,66.950000000,100,1410,1215,31,0
14454,144.540193287,66.950000000,100,1410,1215,31,0
14455,144.550189321,66.950000000,100,1410,1215,31,0
14456,144.560188902,66.864000000,100,1410,1215,31,0
14457,144.570189505,66.864000000,100,1410,1215,31,0
14458,144.580190468,66.864000000,100,1410,1215,31,0
14459,144.590190270,66.864000000,100,1410,1215,31,0
14460,144.600188378,66.864000000,100,1410,1215,31,0
14461,144.610189372,66.864000000,100,1410,1215,31,0
14462,144.620188532,66.864000000,100,1410,1215,31,0
14463,144.630188072,66.864000000,100,1410,1215,31,0
14464,144.640188976,66.864000000,100,1410,1215,31,0
14465,144.650188176,66.864000000,100,1410,1215,31,0
14466,144.660189921,66.845000000,100,1410,1215,31,0
14467,144.670188380,66.845000000,100,1410,1215,31,0
14468,144.680190766,66.845000000,100,1410,1215,31,0
14469,144.690190337,66.845000000,100,1410,1215,31,0
14470,144.700188496,66.845000000,100,1410,1215,31,0
14471,144.710188758,66.845000000,100,1410,1215,31,0
14472,144.720192917,66.845000000,100,1410,1215,31,0
14473,144.730189633,66.845000000,100,1410,1215,31,0
14474,144.740189424,66.845000000,100,1410,1215,31,0
14475,144.750190047,66.845000000,100,1410,1215,31,0
14476,144.760190069,67.054000000,100,1410,1215,31,0
14477,144.770189079,67.054000000,100,1410,1215,31,0
14478,144.780188890,67.054000000,100,1410,1215,31,0
14479,144.790193320,67.054000000,100,1410,1215,31,0
14480,144.800189154,67.054000000,100,1410,1215,31,0
14481,144.810188785,67.054000000,100,1410,1215,31,0
14482,144.820188787,67.054000000,100,1410,1215,31,0
14483,144.830188588,67.054000000,100,1410,1215,31,0
14484,144.840225379,67.054000000,100,1410,1215,31,0
14485,144.850189383,67.054000000,100,1410,1215,31,0
14486,144.860190076,67.079000000,100,1410,1215,31,0
14487,144.870189447,67.079000000,100,1410,1215,31,0
14488,144.880189428,67.079000000,100,1410,1215,31,0
14489,144.890193347,67.079000000,100,1410,1215,31,0
14490,144.900189362,67.079000000,100,1410,1215,31,0
14491,144.910189764,67.079000000,100,1410,1215,31,0
14492,144.920190588,67.079000000,100,1410,1215,31,0
14493,144.930188566,67.079000000,100,1410,1215,31,0
14494,144.940188467,67.079000000,100,1410,1215,31,0
14495,144.950187697,67.079000000,100,1410,1215,31,0
14496,144.960189162,66.962000000,100,1410,1215,31,0
14497,144.970188041,66.962000000,100,1410,1215,31,0
14498,144.980188955,66.962000000,100,1410,1215,31,0
14499,144.990189087,66.962000000,100,1410,1215,31,0
14500,145.000189099,66.962000000,100,1410,1215,31,0
14501,145.010189160,66.962000000,100,1410,1215,31,0
14502,145.020188170,66.962000000,100,1410,1215,31,0
14503,145.030187912,66.962000000,100,1410,1215,31,0
14504,145.040194185,66.962000000,100,1410,1215,31,0
14505,145.050193315,66.962000000,100,1410,1215,31,0
14506,145.060190672,66.865000000,100,1410,1215,31,0
14507,145.070188570,66.865000000,100,1410,1215,31,0
14508,145.080189393,66.865000000,100,1410,1215,31,0
14509,145.090189114,66.865000000,100,1410,1215,31,0
14510,145.100188865,66.865000000,100,1410,1215,31,0
14511,145.110188647,66.865000000,100,1410,1215,31,0
14512,145.120188548,66.865000000,100,1410,1215,31,0
14513,145.130189211,66.865000000,100,1410,1215,31,0
14514,145.140193101,66.865000000,100,1410,1215,31,0
14515,145.150189596,66.865000000,100,1410,1215,31,0
14516,145.160194957,66.981000000,100,1410,1215,31,0
14517,145.170193066,66.981000000,100,1410,1215,31,0
14518,145.180193488,66.981000000,100,1410,1215,31,0
14519,145.190189031,66.981000000,100,1410,1215,31,0
14520,145.200189474,66.981000000,100,1410,1215,31,0
14521,145.210189766,66.981000000,100,1410,1215,31,0
14522,145.220189628,66.981000000,100,1410,1215,31,0
14523,145.230189419,66.981000000,100,1410,1215,31,0
14524,145.240192927,66.981000000,100,1410,1215,31,0
14525,145.250193681,66.981000000,100,1410,1215,31,0
14526,145.260190667,66.962000000,100,1410,1215,31,0
14527,145.270189416,66.962000000,100,1410,1215,31,0
14528,145.280189067,66.962000000,100,1410,1215,31,0
14529,145.290193207,66.962000000,100,1410,1215,31,0
14530,145.300189331,66.962000000,100,1410,1215,31,0
14531,145.310189764,66.962000000,100,1410,1215,31,0
14532,145.320189134,66.962000000,100,1410,1215,31,0
14533,145.330189437,66.962000000,100,1410,1215,31,0
14534,145.340189579,66.962000000,100,1410,1215,31,0
14535,145.350189370,66.962000000,100,1410,1215,31,0
14536,145.360190223,66.767000000,100,1410,1215,31,0
14537,145.370189333,66.767000000,100,1410,1215,31,0
14538,145.380189325,66.767000000,100,1410,1215,31,0
14539,145.390189717,66.767000000,100,1410,1215,31,0
14540,145.400189479,66.767000000,100,1410,1215,31,0
14541,145.410189040,66.767000000,100,1410,1215,31,0
14542,145.420189051,66.767000000,100,1410,1215,31,0
14543,145.430189374,66.767000000,100,1410,1215,31,0
14544,145.440188774,66.767000000,100,1410,1215,31,0
14545,145.450188786,66.767000000,100,1410,1215,31,0
14546,145.460190100,67.170000000,100,1410,1215,31,0
14547,145.470189371,67.170000000,100,1410,1215,31,0
14548,145.480189152,67.170000000,100,1410,1215,31,0
14549,145.490189605,67.170000000,100,1410,1215,31,0
14550,145.500188915,67.170000000,100,1410,1215,31,0
14551,145.510189127,67.170000000,100,1410,1215,31,0
14552,145.520189299,67.170000000,100,1410,1215,31,0
14553,145.530189371,67.170000000,100,1410,1215,31,0
14554,145.540189693,67.170000000,100,1410,1215,31,0
14555,145.550189355,67.170000000,100,1410,1215,31,0
14556,145.560194817,67.073000000,100,1410,1215,31,0
14557,145.570189388,67.073000000,100,1410,1215,31,0
14558,145.580189009,67.073000000,100,1410,1215,31,0
14559,145.590189582,67.073000000,100,1410,1215,31,0
14560,145.600189343,67.073000000,100,1410,1215,31,0
14561,145.610188674,67.073000000,100,1410,1215,31,0
14562,145.620189357,67.073000000,100,1410,1215,31,0
14563,145.630189318,67.073000000,100,1410,1215,31,0
14564,145.640194580,67.073000000,100,1410,1215,31,0
14565,145.650188781,67.073000000,100,1410,1215,31,0
14566,145.660189985,66.962000000,100,1410,1215,31,0
14567,145.670189636,66.962000000,100,1410,1215,31,0
14568,145.680189688,66.962000000,100,1410,1215,31,0
14569,145.690193857,66.962000000,100,1410,1215,31,0
14570,145.700194450,66.962000000,100,1410,1215,31,0
14571,145.710193600,66.962000000,100,1410,1215,31,0
14572,145.720193191,66.962000000,100,1410,1215,31,0
14573,145.730189166,66.962000000,100,1410,1215,31,0
14574,145.740188636,66.962000000,100,1410,1215,31,0
14575,145.750189299,66.962000000,100,1410,1215,31,0
14576,145.760190283,67.176000000,100,1410,1215,31,0
14577,145.770189393,67.176000000,100,1410,1215,31,0
14578,145.780188954,67.176000000,100,1410,1215,31,0
14579,145.790193564,67.176000000,100,1410,1215,31,0
14580,145.800189588,67.176000000,100,1410,1215,31,0
14581,145.810188338,67.176000000,100,1410,1215,31,0
14582,145.820188410,67.176000000,100,1410,1215,31,0
14583,145.830189313,67.176000000,100,1410,1215,31,0
14584,145.840188914,67.176000000,100,1410,1215,31,0
14585,145.850188936,67.176000000,100,1410,1215,31,0
14586,145.860189549,67.078000000,100,1410,1215,31,0
14587,145.870188929,67.078000000,100,1410,1215,31,0
14588,145.880193069,67.078000000,100,1410,1215,31,0
14589,145.890189243,67.078000000,100,1410,1215,31,0
14590,145.900193673,67.078000000,100,1410,1215,31,0
14591,145.910189788,67.078000000,100,1410,1215,31,0
14592,145.920188046,67.078000000,100,1410,1215,31,0
14593,145.930188960,67.078000000,100,1410,1215,31,0
14594,145.940187338,67.078000000,100,1410,1215,31,0
14595,145.950188031,67.078000000,100,1410,1215,31,0
14596,145.960188825,66.864000000,100,1410,1215,31,0
14597,145.970188195,66.864000000,100,1410,1215,31,0
14598,145.980189359,66.864000000,100,1410,1215,31,0
14599,145.990188940,66.864000000,100,1410,1215,31,0
14600,146.000188611,66.864000000,100,1410,1215,31,0
14601,146.010188422,66.864000000,100,1410,1215,31,0
14602,146.020187813,66.864000000,100,1410,1215,31,0
14603,146.030188306,66.864000000,100,1410,1215,31,0
14604,146.040189129,66.864000000,100,1410,1215,31,0
14605,146.050193299,66.864000000,100,1410,1215,31,0
14606,146.060190295,66.962000000,100,1410,1215,31,0
14607,146.070188904,66.962000000,100,1410,1215,31,0
14608,146.080188835,66.962000000,100,1410,1215,31,0
14609,146.090188857,66.962000000,100,1410,1215,31,0
14610,146.100188588,66.962000000,100,1410,1215,31,0
14611,146.110189001,66.962000000,100,1410,1215,31,0
14612,146.120191207,66.962000000,100,1410,1215,31,0
14613,146.130189425,66.962000000,100,1410,1215,31,0
14614,146.140188265,66.962000000,100,1410,1215,31,0
14615,146.150188988,66.962000000,100,1410,1215,31,0
14616,146.160190582,66.975000000,100,1410,1215,31,0
14617,146.170188240,66.975000000,100,1410,1215,31,0
14618,146.180188883,66.975000000,100,1410,1215,31,0
14619,146.190188844,66.975000000,100,1410,1215,31,0
14620,146.200189157,66.975000000,100,1410,1215,31,0
14621,146.210189128,66.975000000,100,1410,1215,31,0
14622,146.220189000,66.975000000,100,1410,1215,31,0
14623,146.230189512,66.975000000,100,1410,1215,31,0
14624,146.240188553,66.975000000,100,1410,1215,31,0
14625,146.250188835,66.975000000,100,1410,1215,31,0
14626,146.260190119,67.059000000,100,1410,1215,31,0
14627,146.270188668,67.059000000,100,1410,1215,31,0
14628,146.280188269,67.059000000,100,1410,1215,31,0
14629,146.290193080,67.059000000,100,1410,1215,31,0
14630,146.300189254,67.059000000,100,1410,1215,31,0
14631,146.310188635,67.059000000,100,1410,1215,31,0
14632,146.320189578,67.059000000,100,1410,1215,31,0
14633,146.330189039,67.059000000,100,1410,1215,31,0
14634,146.340193028,67.059000000,100,1410,1215,31,0
14635,146.350189103,67.059000000,100,1410,1215,31,0
14636,146.360190968,66.962000000,100,1410,1215,31,0
14637,146.370193013,66.962000000,100,1410,1215,31,0
14638,146.380193005,66.962000000,100,1410,1215,31,0
14639,146.390188989,66.962000000,100,1410,1215,31,0
14640,146.400189602,66.962000000,100,1410,1215,31,0
14641,146.410193351,66.962000000,100,1410,1215,31,0
14642,146.420188704,66.962000000,100,1410,1215,31,0
14643,146.430188746,66.962000000,100,1410,1215,31,0
14644,146.440188848,66.962000000,100,1410,1215,31,0
14645,146.450188939,66.962000000,100,1410,1215,31,0
14646,146.460195133,66.864000000,100,1410,1215,31,0
14647,146.470189454,66.864000000,100,1410,1215,31,0
14648,146.480188975,66.864000000,100,1410,1215,31,0
14649,146.490193295,66.864000000,100,1410,1215,31,0
14650,146.500188948,66.864000000,100,1410,1215,31,0
14651,146.510188679,66.864000000,100,1410,1215,31,0
14652,146.520189012,66.864000000,100,1410,1215,31,0
14653,146.530189284,66.864000000,100,1410,1215,31,0
14654,146.540188755,66.864000000,100,1410,1215,31,0
14655,146.550188255,66.864000000,100,1410,1215,31,0
14656,146.560191083,66.865000000,100,1410,1215,31,0
14657,146.570192747,66.865000000,100,1410,1215,31,0
14658,146.580193120,66.865000000,100,1410,1215,31,0
14659,146.590189415,66.865000000,100,1410,1215,31,0
14660,146.600188204,66.865000000,100,1410,1215,31,0
14661,146.610189057,66.865000000,100,1410,1215,31,0
14662,146.620193447,66.865000000,100,1410,1215,31,0
14663,146.630189802,66.865000000,100,1410,1215,31,0
14664,146.640189193,66.865000000,100,1410,1215,31,0
14665,146.650189756,66.865000000,100,1410,1215,31,0
14666,146.660190569,66.773000000,100,1410,1215,31,0
14667,146.670193566,66.773000000,100,1410,1215,31,0
14668,146.680189100,66.773000000,100,1410,1215,31,0
14669,146.690188781,66.773000000,100,1410,1215,31,0
14670,146.700188722,66.773000000,100,1410,1215,31,0
14671,146.710188694,66.773000000,100,1410,1215,31,0
14672,146.720189818,66.773000000,100,1410,1215,31,0
14673,146.730188116,66.773000000,100,1410,1215,31,0
14674,146.740192947,66.773000000,100,1410,1215,31,0
14675,146.750188511,66.773000000,100,1410,1215,31,0
14676,146.760189875,66.962000000,100,1410,1215,31,0
14677,146.770188274,66.962000000,100,1410,1215,31,0
14678,146.780188255,66.962000000,100,1410,1215,31,0
14679,146.790188678,66.962000000,100,1410,1215,31,0
14680,146.800189010,66.962000000,100,1410,1215,31,0
14681,146.810188611,66.962000000,100,1410,1215,31,0
14682,146.820188302,66.962000000,100,1410,1215,31,0
14683,146.830189757,66.962000000,100,1410,1215,31,0
14684,146.840188606,66.962000000,100,1410,1215,31,0
14685,146.850188768,66.962000000,100,1410,1215,31,0
14686,146.860191014,66.981000000,100,1410,1215,31,0
14687,146.870193751,66.981000000,100,1410,1215,31,0
14688,146.880189465,66.981000000,100,1410,1215,31,0
14689,146.890188535,66.981000000,100,1410,1215,31,0
14690,146.900189218,66.981000000,100,1410,1215,31,0
14691,146.910188678,66.981000000,100,1410,1215,31,0
14692,146.920188610,66.981000000,100,1410,1215,31,0
14693,146.930188161,66.981000000,100,1410,1215,31,0
14694,146.940189285,66.981000000,100,1410,1215,31,0
14695,146.950187904,66.981000000,100,1410,1215,31,0
14696,146.960189168,67.060000000,100,1410,1215,31,0
14697,146.970188278,67.060000000,100,1410,1215,31,0
14698,146.980188170,67.060000000,100,1410,1215,31,0
14699,146.990188332,67.060000000,100,1410,1215,31,0
14700,147.000188313,67.060000000,100,1410,1215,31,0
14701,147.010188395,67.060000000,100,1410,1215,31,0
14702,147.020192254,67.060000000,100,1410,1215,31,0
14703,147.030188619,67.060000000,100,1410,1215,31,0
14704,147.040188180,67.060000000,100,1410,1215,31,0
14705,147.050187851,67.060000000,100,1410,1215,31,0
14706,147.060189496,67.073000000,100,1410,1215,31,0
14707,147.070188255,67.073000000,100,1410,1215,31,0
14708,147.080188357,67.073000000,100,1410,1215,31,0
14709,147.090187648,67.073000000,100,1410,1215,31,0
14710,147.100188150,67.073000000,100,1410,1215,31,0
14711,147.110187922,67.073000000,100,1410,1215,31,0
14712,147.120188634,67.073000000,100,1410,1215,31,0
14713,147.130188847,67.073000000,100,1410,1215,31,0
14714,147.140188227,67.073000000,100,1410,1215,31,0
14715,147.150188990,67.073000000,100,1410,1215,31,0
14716,147.160190866,66.845000000,100,1410,1215,31,0
14717,147.170188914,66.845000000,100,1410,1215,31,0
14718,147.180192302,66.845000000,100,1410,1215,31,0
14719,147.190188997,66.845000000,100,1410,1215,31,0
14720,147.200188538,66.845000000,100,1410,1215,31,0
14721,147.210189121,66.845000000,100,1410,1215,31,0
14722,147.220189333,66.845000000,100,1410,1215,31,0
14723,147.230189004,66.845000000,100,1410,1215,31,0
14724,147.240189687,66.845000000,100,1410,1215,31,0
14725,147.250188747,66.845000000,100,1410,1215,31,0
14726,147.260189721,66.773000000,100,1410,1215,31,0
14727,147.270189242,66.773000000,100,1410,1215,31,0
14728,147.280189253,66.773000000,100,1410,1215,31,0
14729,147.290189185,66.773000000,100,1410,1215,31,0
14730,147.300189577,66.773000000,100,1410,1215,31,0
14731,147.310188748,66.773000000,100,1410,1215,31,0
14732,147.320189400,66.773000000,100,1410,1215,31,0
14733,147.330193199,66.773000000,100,1410,1215,31,0
14734,147.340188613,66.773000000,100,1410,1215,31,0
14735,147.350194004,66.773000000,100,1410,1215,31,0
14736,147.360189918,67.078000000,100,1410,1215,31,0
14737,147.370188788,67.078000000,100,1410,1215,31,0
14738,147.380190333,67.078000000,100,1410,1215,31,0
14739,147.390188982,67.078000000,100,1410,1215,31,0
14740,147.400188733,67.078000000,100,1410,1215,31,0
14741,147.410190007,67.078000000,100,1410,1215,31,0
14742,147.420191612,67.078000000,100,1410,1215,31,0
14743,147.430189750,67.078000000,100,1410,1215,31,0
14744,147.440188880,67.078000000,100,1410,1215,31,0
14745,147.450189804,67.078000000,100,1410,1215,31,0
14746,147.460189875,66.864000000,100,1410,1215,31,0
14747,147.470190048,66.864000000,100,1410,1215,31,0
14748,147.480189488,66.864000000,100,1410,1215,31,0
14749,147.490189801,66.864000000,100,1410,1215,31,0
14750,147.500189382,66.864000000,100,1410,1215,31,0
14751,147.510189604,66.864000000,100,1410,1215,31,0
14752,147.520193653,66.864000000,100,1410,1215,31,0
14753,147.530189687,66.864000000,100,1410,1215,31,0
14754,147.540190160,66.864000000,100,1410,1215,31,0
14755,147.550189731,66.864000000,100,1410,1215,31,0
14756,147.560190885,66.864000000,100,1410,1215,31,0
14757,147.570189955,66.864000000,100,1410,1215,31,0
14758,147.580189195,66.864000000,100,1410,1215,31,0
14759,147.590189658,66.864000000,100,1410,1215,31,0
14760,147.600193597,66.864000000,100,1410,1215,31,0
14761,147.610189461,66.864000000,100,1410,1215,31,0
14762,147.620189573,66.864000000,100,1410,1215,31,0
14763,147.630189825,66.864000000,100,1410,1215,31,0
14764,147.640190017,66.864000000,100,1410,1215,31,0
14765,147.650193014,66.864000000,100,1410,1215,31,0
14766,147.660190671,67.176000000,100,1410,1215,31,0
14767,147.670189631,67.176000000,100,1410,1215,31,0
14768,147.680189673,67.176000000,100,1410,1215,31,0
14769,147.690193342,67.176000000,100,1410,1215,31,0
14770,147.700189987,67.176000000,100,1410,1215,31,0
14771,147.710193235,67.176000000,100,1410,1215,31,0
14772,147.720189860,67.176000000,100,1410,1215,31,0
14773,147.730189471,67.176000000,100,1410,1215,31,0
14774,147.740190124,67.176000000,100,1410,1215,31,0
14775,147.750189164,67.176000000,100,1410,1215,31,0
14776,147.760191220,67.091000000,100,1410,1215,31,0
14777,147.770189859,67.091000000,100,1410,1215,31,0
14778,147.780188999,67.091000000,100,1410,1215,31,0
14779,147.790193279,67.091000000,100,1410,1215,31,0
14780,147.800189724,67.091000000,100,1410,1215,31,0
14781,147.810189425,67.091000000,100,1410,1215,31,0
14782,147.820189327,67.091000000,100,1410,1215,31,0
14783,147.830189158,67.091000000,100,1410,1215,31,0
14784,147.840189240,67.091000000,100,1410,1215,31,0
14785,147.850189332,67.091000000,100,1410,1215,31,0
14786,147.860189704,66.773000000,100,1410,1215,31,0
14787,147.870189295,66.773000000,100,1410,1215,31,0
14788,147.880189908,66.773000000,100,1410,1215,31,0
14789,147.890189509,66.773000000,100,1410,1215,31,0
14790,147.900188960,66.773000000,100,1410,1215,31,0
14791,147.910190725,66.773000000,100,1410,1215,31,0
14792,147.920189694,66.773000000,100,1410,1215,31,0
14793,147.930190047,66.773000000,100,1410,1215,31,0
14794,147.940190289,66.773000000,100,1410,1215,31,0
14795,147.950189399,66.773000000,100,1410,1215,31,0
14796,147.960190322,66.981000000,100,1410,1215,31,0
14797,147.970188841,66.981000000,100,1410,1215,31,0
14798,147.980189384,66.981000000,100,1410,1215,31,0
14799,147.990192973,66.981000000,100,1410,1215,31,0
14800,148.000189578,66.981000000,100,1410,1215,31,0
14801,148.010189239,66.981000000,100,1410,1215,31,0
14802,148.020189471,66.981000000,100,1410,1215,31,0
14803,148.030190104,66.981000000,100,1410,1215,31,0
14804,148.040189024,66.981000000,100,1410,1215,31,0
14805,148.050188945,66.981000000,100,1410,1215,31,0
14806,148.060189959,67.157000000,100,1410,1215,31,0
14807,148.070188798,67.157000000,100,1410,1215,31,0
14808,148.080189041,67.157000000,100,1410,1215,31,0
14809,148.090189654,67.157000000,100,1410,1215,31,0
14810,148.100188723,67.157000000,100,1410,1215,31,0
14811,148.110188715,67.157000000,100,1410,1215,31,0
14812,148.120188897,67.157000000,100,1410,1215,31,0
14813,148.130189139,67.157000000,100,1410,1215,31,0
14814,148.140188941,67.157000000,100,1410,1215,31,0
14815,148.150188431,67.157000000,100,1410,1215,31,0
14816,148.160189636,66.864000000,100,1410,1215,31,0
14817,148.170189477,66.864000000,100,1410,1215,31,0
14818,148.180188677,66.864000000,100,1410,1215,31,0
14819,148.190188569,66.864000000,100,1410,1215,31,0
14820,148.200188931,66.864000000,100,1410,1215,31,0
14821,148.210189323,66.864000000,100,1410,1215,31,0
14822,148.220193373,66.864000000,100,1410,1215,31,0
14823,148.230189457,66.864000000,100,1410,1215,31,0
14824,148.240188998,66.864000000,100,1410,1215,31,0
14825,148.250189521,66.864000000,100,1410,1215,31,0
14826,148.260189773,66.962000000,100,1410,1215,31,0
14827,148.270189855,66.962000000,100,1410,1215,31,0
14828,148.280193904,66.962000000,100,1410,1215,31,0
14829,148.290189477,66.962000000,100,1410,1215,31,0
14830,148.300189529,66.962000000,100,1410,1215,31,0
14831,148.310189802,66.962000000,100,1410,1215,31,0
14832,148.320189623,66.962000000,100,1410,1215,31,0
14833,148.330189013,66.962000000,100,1410,1215,31,0
14834,148.340189186,66.962000000,100,1410,1215,31,0
14835,148.350189558,66.962000000,100,1410,1215,31,0
14836,148.360194389,67.170000000,100,1410,1215,31,0
14837,148.370189762,67.170000000,100,1410,1215,31,0
14838,148.380189233,67.170000000,100,1410,1215,31,0
14839,148.390189825,67.170000000,100,1410,1215,31,0
14840,148.400188865,67.170000000,100,1410,1215,31,0
14841,148.410189959,67.170000000,100,1410,1215,31,0
14842,148.420191724,67.170000000,100,1410,1215,31,0
14843,148.430189822,67.170000000,100,1410,1215,31,0
14844,148.440194984,67.170000000,100,1410,1215,31,0
14845,148.450190066,67.170000000,100,1410,1215,31,0
14846,148.460191771,66.982000000,100,1410,1215,31,0
14847,148.470189258,66.982000000,100,1410,1215,31,0
14848,148.480188769,66.982000000,100,1410,1215,31,0
14849,148.490189612,66.982000000,100,1410,1215,31,0
14850,148.500194593,66.982000000,100,1410,1215,31,0
14851,148.510193823,66.982000000,100,1410,1215,31,0
14852,148.520190008,66.982000000,100,1410,1215,31,0
14853,148.530189329,66.982000000,100,1410,1215,31,0
14854,148.540190462,66.982000000,100,1410,1215,31,0
14855,148.550193610,66.982000000,100,1410,1215,31,0
14856,148.560190476,66.949000000,100,1410,1215,31,0
14857,148.570188624,66.949000000,100,1410,1215,31,0
14858,148.580189207,66.949000000,100,1410,1215,31,0
14859,148.590193467,66.949000000,100,1410,1215,31,0
14860,148.600190212,66.949000000,100,1410,1215,31,0
14861,148.610193911,66.949000000,100,1410,1215,31,0
14862,148.620190426,66.949000000,100,1410,1215,31,0
14863,148.630189646,66.949000000,100,1410,1215,31,0
14864,148.640190309,66.949000000,100,1410,1215,31,0
14865,148.650189660,66.949000000,100,1410,1215,31,0
14866,148.660190703,66.962000000,100,1410,1215,31,0
14867,148.670190124,66.962000000,100,1410,1215,31,0
14868,148.680188653,66.962000000,100,1410,1215,31,0
14869,148.690188945,66.962000000,100,1410,1215,31,0
14870,148.700193586,66.962000000,100,1410,1215,31,0
14871,148.710189810,66.962000000,100,1410,1215,31,0
14872,148.720189481,66.962000000,100,1410,1215,31,0
14873,148.730189573,66.962000000,100,1410,1215,31,0
14874,148.740188553,66.962000000,100,1410,1215,31,0
14875,148.750189627,66.962000000,100,1410,1215,31,0
14876,148.760189789,67.170000000,100,1410,1215,31,0
14877,148.770192836,67.170000000,100,1410,1215,31,0
14878,148.780190213,67.170000000,100,1410,1215,31,0
14879,148.790189874,67.170000000,100,1410,1215,31,0
14880,148.800189495,67.170000000,100,1410,1215,31,0
14881,148.810189968,67.170000000,100,1410,1215,31,0
14882,148.820194348,67.170000000,100,1410,1215,31,0
14883,148.830190212,67.170000000,100,1410,1215,31,0
14884,148.840188791,67.170000000,100,1410,1215,31,0
14885,148.850189794,67.170000000,100,1410,1215,31,0
14886,148.860194926,66.962000000,100,1410,1215,31,0
14887,148.870188846,66.962000000,100,1410,1215,31,0
14888,148.880189940,66.962000000,100,1410,1215,31,0
14889,148.890189701,66.962000000,100,1410,1215,31,0
14890,148.900189352,66.962000000,100,1410,1215,31,0
14891,148.910189334,66.962000000,100,1410,1215,31,0
14892,148.920189907,66.962000000,100,1410,1215,31,0
14893,148.930189377,66.962000000,100,1410,1215,31,0
14894,148.940188066,66.962000000,100,1410,1215,31,0
14895,148.950188739,66.962000000,100,1410,1215,31,0
14896,148.960189282,67.079000000,100,1410,1215,31,0
14897,148.970188603,67.079000000,100,1410,1215,31,0
14898,148.980189075,67.079000000,100,1410,1215,31,0
14899,148.990188927,67.079000000,100,1410,1215,31,0
14900,149.000192976,67.079000000,100,1410,1215,31,0
14901,149.010188930,67.079000000,100,1410,1215,31,0
14902,149.020189292,67.079000000,100,1410,1215,31,0
14903,149.030189024,67.079000000,100,1410,1215,31,0
14904,149.040188915,67.079000000,100,1410,1215,31,0
14905,149.050189378,67.079000000,100,1410,1215,31,0
14906,149.060190822,66.975000000,100,1410,1215,31,0
14907,149.070189391,66.975000000,100,1410,1215,31,0
14908,149.080193350,66.975000000,100,1410,1215,31,0
14909,149.090189926,66.975000000,100,1410,1215,31,0
14910,149.100189557,66.975000000,100,1410,1215,31,0
14911,149.110201811,66.975000000,100,1410,1215,31,0
14912,149.120193417,66.975000000,100,1410,1215,31,0
14913,149.130189372,66.975000000,100,1410,1215,31,0
14914,149.140189373,66.975000000,100,1410,1215,31,0
14915,149.150188974,66.975000000,100,1410,1215,31,0
14916,149.160191000,66.962000000,100,1410,1215,31,0
14917,149.170194097,66.962000000,100,1410,1215,31,0
14918,149.180189390,66.962000000,100,1410,1215,31,0
14919,149.190188951,66.962000000,100,1410,1215,31,0
14920,149.200188872,66.962000000,100,1410,1215,31,0
14921,149.210189455,66.962000000,100,1410,1215,31,0
14922,149.220190279,66.962000000,100,1410,1215,31,0
14923,149.230188677,66.962000000,100,1410,1215,31,0
14924,149.240188799,66.962000000,100,1410,1215,31,0
14925,149.250188801,66.962000000,100,1410,1215,31,0
14926,149.260191157,66.982000000,100,1410,1215,31,0
14927,149.270189075,66.982000000,100,1410,1215,31,0
14928,149.280189227,66.982000000,100,1410,1215,31,0
14929,149.290189159,66.982000000,100,1410,1215,31,0
14930,149.300189090,66.982000000,100,1410,1215,31,0
14931,149.310188911,66.982000000,100,1410,1215,31,0
14932,149.320194043,66.982000000,100,1410,1215,31,0
14933,149.330189837,66.982000000,100,1410,1215,31,0
14934,149.340190059,66.982000000,100,1410,1215,31,0
14935,149.350193717,66.982000000,100,1410,1215,31,0
14936,149.360191665,66.962000000,100,1410,1215,31,0
14937,149.370189553,66.962000000,100,1410,1215,31,0
14938,149.380188613,66.962000000,100,1410,1215,31,0
14939,149.390188374,66.962000000,100,1410,1215,31,0
14940,149.400188346,66.962000000,100,1410,1215,31,0
14941,149.410189059,66.962000000,100,1410,1215,31,0
14942,149.420189051,66.962000000,100,1410,1215,31,0
14943,149.430193180,66.962000000,100,1410,1215,31,0
14944,149.440189294,66.962000000,100,1410,1215,31,0
14945,149.450193103,66.962000000,100,1410,1215,31,0
14946,149.460190099,66.858000000,100,1410,1215,31,0
14947,149.470188899,66.858000000,100,1410,1215,31,0
14948,149.480188680,66.858000000,100,1410,1215,31,0
14949,149.490187930,66.858000000,100,1410,1215,31,0
14950,149.500188844,66.858000000,100,1410,1215,31,0
14951,149.510191981,66.858000000,100,1410,1215,31,0
14952,149.520189248,66.858000000,100,1410,1215,31,0
14953,149.530189169,66.858000000,100,1410,1215,31,0
14954,149.540192938,66.858000000,100,1410,1215,31,0
14955,149.550188923,66.858000000,100,1410,1215,31,0
14956,149.560194825,66.864000000,100,1410,1215,31,0
14957,149.570189447,66.864000000,100,1410,1215,31,0
14958,149.580190911,66.864000000,100,1410,1215,31,0
14959,149.590188328,66.864000000,100,1410,1215,31,0
14960,149.600188901,66.864000000,100,1410,1215,31,0
14961,149.610188472,66.864000000,100,1410,1215,31,0
14962,149.620188824,66.864000000,100,1410,1215,31,0
14963,149.630188435,66.864000000,100,1410,1215,31,0
14964,149.640189389,66.864000000,100,1410,1215,31,0
14965,149.650188619,66.864000000,100,1410,1215,31,0
14966,149.660190124,67.079000000,100,1410,1215,31,0
14967,149.670189755,67.079000000,100,1410,1215,31,0
14968,149.680189706,67.079000000,100,1410,1215,31,0
14969,149.690192774,67.079000000,100,1410,1215,31,0
14970,149.700188858,67.079000000,100,1410,1215,31,0
14971,149.710192336,67.079000000,100,1410,1215,31,0
14972,149.720189062,67.079000000,100,1410,1215,31,0
14973,149.730188953,67.079000000,100,1410,1215,31,0
14974,149.740188615,67.079000000,100,1410,1215,31,0
14975,149.750192674,67.079000000,100,1410,1215,31,0
14976,149.760190912,66.962000000,100,1410,1215,31,0
14977,149.770188499,66.962000000,100,1410,1215,31,0
14978,149.780189052,66.962000000,100,1410,1215,31,0
14979,149.790188783,66.962000000,100,1410,1215,31,0
14980,149.800189546,66.962000000,100,1410,1215,31,0
14981,149.810188947,66.962000000,100,1410,1215,31,0
14982,149.820188197,66.962000000,100,1410,1215,31,0
14983,149.830188630,66.962000000,100,1410,1215,31,0
14984,149.840188612,66.962000000,100,1410,1215,31,0
14985,149.850188453,66.962000000,100,1410,1215,31,0
14986,149.860189537,66.864000000,100,1410,1215,31,0
14987,149.870188857,66.864000000,100,1410,1215,31,0
14988,149.880188468,66.864000000,100,1410,1215,31,0
14989,149.890188510,66.864000000,100,1410,1215,31,0
14990,149.900187920,66.864000000,100,1410,1215,31,0
14991,149.910189615,66.864000000,100,1410,1215,31,0
14992,149.920189166,66.864000000,100,1410,1215,31,0
14993,149.930188928,66.864000000,100,1410,1215,31,0
14994,149.940188949,66.864000000,100,1410,1215,31,0
14995,149.950188640,66.864000000,100,1410,1215,31,0
14996,149.960190465,67.091000000,100,1410,1215,31,0
14997,149.970188433,67.091000000,100,1410,1215,31,0
14998,149.980189046,67.091000000,100,1410,1215,31,0
14999,149.990187916,67.091000000,100,1410,1215,31,0
15000,150.000188469,67.091000000,100,1410,1215,31,0
15001,150.010190795,67.091000000,100,1410,1215,31,0
15002,150.020188943,67.091000000,100,1410,1215,31,0
15003,150.030193994,67.091000000,100,1410,1215,31,0
15004,150.040188766,67.091000000,100,1410,1215,31,0
15005,150.050191994,67.091000000,100,1410,1215,31,0
15006,150.060189872,67.176000000,100,1410,1215,31,0
15007,150.070193250,67.176000000,100,1410,1215,31,0
15008,150.080188492,67.176000000,100,1410,1215,31,0
15009,150.090194054,67.176000000,100,1410,1215,31,0
15010,150.100190630,67.176000000,100,1410,1215,31,0
15011,150.110214897,67.176000000,100,1410,1215,31,0
15012,150.120189130,67.176000000,100,1410,1215,31,0
15013,150.130189252,67.176000000,100,1410,1215,31,0
15014,150.140190035,67.176000000,100,1410,1215,31,0
15015,150.150188544,67.176000000,100,1410,1215,31,0
15016,150.160190650,66.743000000,100,1410,1215,31,0
15017,150.170189369,66.743000000,100,1410,1215,31,0
15018,150.180189672,66.743000000,100,1410,1215,31,0
15019,150.190193120,66.743000000,100,1410,1215,31,0
15020,150.200189314,66.743000000,100,1410,1215,31,0
15021,150.210361138,66.743000000,100,1410,1215,31,0
15022,150.220188937,66.743000000,100,1410,1215,31,0
15023,150.230188598,66.743000000,100,1410,1215,31,0
15024,150.240188670,66.743000000,100,1410,1215,31,0
15025,150.250189213,66.743000000,100,1410,1215,31,0
15026,150.260189755,66.864000000,100,1410,1215,31,0
15027,150.270190078,66.864000000,100,1410,1215,31,0
15028,150.280189528,66.864000000,100,1410,1215,31,0
15029,150.290189510,66.864000000,100,1410,1215,31,0
15030,150.300189181,66.864000000,100,1410,1215,31,0
15031,150.310188752,66.864000000,100,1410,1215,31,0
15032,150.320189044,66.864000000,100,1410,1215,31,0
15033,150.330189497,66.864000000,100,1410,1215,31,0
15034,150.340190541,66.864000000,100,1410,1215,31,0
15035,150.350189410,66.864000000,100,1410,1215,31,0
15036,150.360191235,66.956000000,100,1410,1215,31,0
15037,150.370193702,66.956000000,100,1410,1215,31,0
15038,150.380190006,66.956000000,100,1410,1215,31,0
15039,150.390190208,66.956000000,100,1410,1215,31,0
15040,150.400193186,66.956000000,100,1410,1215,31,0
15041,150.410189520,66.956000000,100,1410,1215,31,0
15042,150.420189613,66.956000000,100,1410,1215,31,0
15043,150.430190165,66.956000000,100,1410,1215,31,0
15044,150.440190618,66.956000000,100,1410,1215,31,0
15045,150.450192884,66.956000000,100,1410,1215,31,0
15046,150.460191843,66.982000000,100,1410,1215,31,0
15047,150.470188810,66.982000000,100,1410,1215,31,0
15048,150.480189513,66.982000000,100,1410,1215,31,0
15049,150.490193912,66.982000000,100,1410,1215,31,0
15050,150.500189716,66.982000000,100,1410,1215,31,0
15051,150.510189969,66.982000000,100,1410,1215,31,0
15052,150.520190441,66.982000000,100,1410,1215,31,0
15053,150.530193959,66.982000000,100,1410,1215,31,0
15054,150.540189182,66.982000000,100,1410,1215,31,0
15055,150.550190727,66.982000000,100,1410,1215,31,0
15056,150.560191099,67.059000000,100,1410,1215,31,0
15057,150.570190339,67.059000000,100,1410,1215,31,0
15058,150.580188979,67.059000000,100,1410,1215,31,0
15059,150.590193599,67.059000000,100,1410,1215,31,0
15060,150.600189784,67.059000000,100,1410,1215,31,0
15061,150.610189034,67.059000000,100,1410,1215,31,0
15062,150.620189807,67.059000000,100,1410,1215,31,0
15063,150.630189007,67.059000000,100,1410,1215,31,0
15064,150.640188899,67.059000000,100,1410,1215,31,0
15065,150.650189201,67.059000000,100,1410,1215,31,0
15066,150.660190365,66.982000000,100,1410,1215,31,0
15067,150.670188914,66.982000000,100,1410,1215,31,0
15068,150.680189807,66.982000000,100,1410,1215,31,0
15069,150.690189178,66.982000000,100,1410,1215,31,0
15070,150.700192676,66.982000000,100,1410,1215,31,0
15071,150.710189371,66.982000000,100,1410,1215,31,0
15072,150.720189323,66.982000000,100,1410,1215,31,0
15073,150.730189635,66.982000000,100,1410,1215,31,0
15074,150.740189146,66.982000000,100,1410,1215,31,0
15075,150.750189519,66.982000000,100,1410,1215,31,0
15076,150.760190753,67.041000000,100,1410,1215,31,0
15077,150.770189131,67.041000000,100,1410,1215,31,0
15078,150.780189273,67.041000000,100,1410,1215,31,0
15079,150.790189225,67.041000000,100,1410,1215,31,0
15080,150.800189457,67.041000000,100,1410,1215,31,0
15081,150.810189599,67.041000000,100,1410,1215,31,0
15082,150.820189070,67.041000000,100,1410,1215,31,0
15083,150.830189322,67.041000000,100,1410,1215,31,0
15084,150.840189093,67.041000000,100,1410,1215,31,0
15085,150.850189095,67.041000000,100,1410,1215,31,0
15086,150.860189627,67.060000000,100,1410,1215,31,0
15087,150.870188808,67.060000000,100,1410,1215,31,0
15088,150.880188889,67.060000000,100,1410,1215,31,0
15089,150.890188511,67.060000000,100,1410,1215,31,0
15090,150.900188522,67.060000000,100,1410,1215,31,0
15091,150.910193613,67.060000000,100,1410,1215,31,0
15092,150.920189668,67.060000000,100,1410,1215,31,0
15093,150.930189319,67.060000000,100,1410,1215,31,0
15094,150.940188760,67.060000000,100,1410,1215,31,0
15095,150.950193420,67.060000000,100,1410,1215,31,0
15096,150.960189745,66.864000000,100,1410,1215,31,0
15097,150.970188745,66.864000000,100,1410,1215,31,0
15098,150.980188656,66.864000000,100,1410,1215,31,0
15099,150.990192695,66.864000000,100,1410,1215,31,0
15100,151.000189060,66.864000000,100,1410,1215,31,0
15101,151.010193049,66.864000000,100,1410,1215,31,0
15102,151.020190045,66.864000000,100,1410,1215,31,0
15103,151.030193454,66.864000000,100,1410,1215,31,0
15104,151.040190490,66.864000000,100,1410,1215,31,0
15105,151.050190692,66.864000000,100,1410,1215,31,0
15106,151.060190413,67.152000000,100,1410,1215,31,0
15107,151.070189273,67.152000000,100,1410,1215,31,0
15108,151.080190316,67.152000000,100,1410,1215,31,0
15109,151.090190078,67.152000000,100,1410,1215,31,0
15110,151.100189268,67.152000000,100,1410,1215,31,0
15111,151.110190091,67.152000000,100,1410,1215,31,0
15112,151.120188810,67.152000000,100,1410,1215,31,0
15113,151.130190475,67.152000000,100,1410,1215,31,0
15114,151.140188533,67.152000000,100,1410,1215,31,0
15115,151.150188735,67.152000000,100,1410,1215,31,0
15116,151.160190180,67.267000000,100,1410,1215,31,0
15117,151.170189600,67.267000000,100,1410,1215,31,0
15118,151.180189301,67.267000000,100,1410,1215,31,0
15119,151.190189894,67.267000000,100,1410,1215,31,0
15120,151.200189295,67.267000000,100,1410,1215,31,0
15121,151.210189347,67.267000000,100,1410,1215,31,0
15122,151.220193306,67.267000000,100,1410,1215,31,0
15123,151.230189991,67.267000000,100,1410,1215,31,0
15124,151.240189452,67.267000000,100,1410,1215,31,0
15125,151.250188953,67.267000000,100,1410,1215,31,0
15126,151.260195136,66.962000000,100,1410,1215,31,0
15127,151.270189828,66.962000000,100,1410,1215,31,0
15128,151.280189509,66.962000000,100,1410,1215,31,0
15129,151.290189110,66.962000000,100,1410,1215,31,0
15130,151.300190204,66.962000000,100,1410,1215,31,0
15131,151.310193822,66.962000000,100,1410,1215,31,0
15132,151.320190157,66.962000000,100,1410,1215,31,0
15133,151.330189677,66.962000000,100,1410,1215,31,0
15134,151.340189940,66.962000000,100,1410,1215,31,0
15135,151.350188980,66.962000000,100,1410,1215,31,0
15136,151.360194732,66.865000000,100,1410,1215,31,0
15137,151.370189875,66.865000000,100,1410,1215,31,0
15138,151.380189416,66.865000000,100,1410,1215,31,0
15139,151.390189508,66.865000000,100,1410,1215,31,0
15140,151.400189750,66.865000000,100,1410,1215,31,0
15141,151.410193969,66.865000000,100,1410,1215,31,0
15142,151.420189202,66.865000000,100,1410,1215,31,0
15143,151.430189604,66.865000000,100,1410,1215,31,0
15144,151.440193443,66.865000000,100,1410,1215,31,0
15145,151.450189428,66.865000000,100,1410,1215,31,0
15146,151.460191163,67.157000000,100,1410,1215,31,0
15147,151.470189952,67.157000000,100,1410,1215,31,0
15148,151.480189423,67.157000000,100,1410,1215,31,0
15149,151.490189595,67.157000000,100,1410,1215,31,0
15150,151.500189827,67.157000000,100,1410,1215,31,0
15151,151.510189378,67.157000000,100,1410,1215,31,0
15152,151.520190261,67.157000000,100,1410,1215,31,0
15153,151.530189932,67.157000000,100,1410,1215,31,0
15154,151.540189613,67.157000000,100,1410,1215,31,0
15155,151.550189765,67.157000000,100,1410,1215,31,0
15156,151.560190608,66.865000000,100,1410,1215,31,0
15157,151.570189187,66.865000000,100,1410,1215,31,0
15158,151.580189730,66.865000000,100,1410,1215,31,0
15159,151.590190363,66.865000000,100,1410,1215,31,0
15160,151.600189914,66.865000000,100,1410,1215,31,0
15161,151.610190407,66.865000000,100,1410,1215,31,0
15162,151.620189507,66.865000000,100,1410,1215,31,0
15163,151.630189518,66.865000000,100,1410,1215,31,0
15164,151.640189059,66.865000000,100,1410,1215,31,0
15165,151.650189462,66.865000000,100,1410,1215,31,0
15166,151.660189764,66.657000000,100,1410,1215,31,0
15167,151.670189195,66.657000000,100,1410,1215,31,0
15168,151.680189377,66.657000000,100,1410,1215,31,0
15169,151.690189208,66.657000000,100,1410,1215,31,0
15170,151.700193658,66.657000000,100,1410,1215,31,0
15171,151.710193530,66.657000000,100,1410,1215,31,0
15172,151.720189293,66.657000000,100,1410,1215,31,0
15173,151.730189996,66.657000000,100,1410,1215,31,0
15174,151.740189998,66.657000000,100,1410,1215,31,0
15175,151.750189459,66.657000000,100,1410,1215,31,0
15176,151.760194700,66.956000000,100,1410,1215,31,0
15177,151.770189302,66.956000000,100,1410,1215,31,0
15178,151.780189694,66.956000000,100,1410,1215,31,0
15179,151.790193212,66.956000000,100,1410,1215,31,0
15180,151.800189567,66.956000000,100,1410,1215,31,0
15181,151.810189269,66.956000000,100,1410,1215,31,0
15182,151.820193568,66.956000000,100,1410,1215,31,0
15183,151.830189282,66.956000000,100,1410,1215,31,0
15184,151.840194273,66.956000000,100,1410,1215,31,0
15185,151.850189325,66.956000000,100,1410,1215,31,0
15186,151.860190529,66.975000000,100,1410,1215,31,0
15187,151.870189730,66.975000000,100,1410,1215,31,0
15188,151.880190182,66.975000000,100,1410,1215,31,0
15189,151.890189222,66.975000000,100,1410,1215,31,0
15190,151.900193211,66.975000000,100,1410,1215,31,0
15191,151.910190157,66.975000000,100,1410,1215,31,0
15192,151.920190009,66.975000000,100,1410,1215,31,0
15193,151.930189680,66.975000000,100,1410,1215,31,0
15194,151.940189291,66.975000000,100,1410,1215,31,0
15195,151.950189142,66.975000000,100,1410,1215,31,0
15196,151.960189524,66.773000000,100,1410,1215,31,0
15197,151.970188304,66.773000000,100,1410,1215,31,0
15198,151.980188726,66.773000000,100,1410,1215,31,0
15199,151.990189780,66.773000000,100,1410,1215,31,0
15200,152.000189551,66.773000000,100,1410,1215,31,0
15201,152.010188661,66.773000000,100,1410,1215,31,0
15202,152.020189444,66.773000000,100,1410,1215,31,0
15203,152.030188675,66.773000000,100,1410,1215,31,0
15204,152.040189017,66.773000000,100,1410,1215,31,0
15205,152.050189049,66.773000000,100,1410,1215,31,0
15206,152.060190834,66.853000000,100,1410,1215,31,0
15207,152.070190725,66.853000000,100,1410,1215,31,0
15208,152.080193682,66.853000000,100,1410,1215,31,0
15209,152.090196890,66.853000000,100,1410,1215,31,0
15210,152.100188616,66.853000000,100,1410,1215,31,0
15211,152.110188979,66.853000000,100,1410,1215,31,0
15212,152.120190022,66.853000000,100,1410,1215,31,0
15213,152.130193701,66.853000000,100,1410,1215,31,0
15214,152.140190146,66.853000000,100,1410,1215,31,0
15215,152.150194205,66.853000000,100,1410,1215,31,0
15216,152.160191292,67.060000000,100,1410,1215,31,0
15217,152.170188859,67.060000000,100,1410,1215,31,0
15218,152.180189031,67.060000000,100,1410,1215,31,0
15219,152.190190685,67.060000000,100,1410,1215,31,0
15220,152.200188884,67.060000000,100,1410,1215,31,0
15221,152.210188866,67.060000000,100,1410,1215,31,0
15222,152.220188627,67.060000000,100,1410,1215,31,0
15223,152.230189270,67.060000000,100,1410,1215,31,0
15224,152.240193620,67.060000000,100,1410,1215,31,0
15225,152.250189684,67.060000000,100,1410,1215,31,0
15226,152.260194455,66.865000000,100,1410,1215,31,0
15227,152.270189798,66.865000000,100,1410,1215,31,0
15228,152.280188747,66.865000000,100,1410,1215,31,0
15229,152.290189160,66.865000000,100,1410,1215,31,0
15230,152.300188340,66.865000000,100,1410,1215,31,0
15231,152.310189133,66.865000000,100,1410,1215,31,0
15232,152.320189195,66.865000000,100,1410,1215,31,0
15233,152.330189197,66.865000000,100,1410,1215,31,0
15234,152.340192655,66.865000000,100,1410,1215,31,0
15235,152.350189841,66.865000000,100,1410,1215,31,0
15236,152.360190514,66.864000000,100,1410,1215,31,0
15237,152.370189333,66.864000000,100,1410,1215,31,0
15238,152.380193223,66.864000000,100,1410,1215,31,0
15239,152.390188686,66.864000000,100,1410,1215,31,0
15240,152.400187676,66.864000000,100,1410,1215,31,0
15241,152.410188539,66.864000000,100,1410,1215,31,0
15242,152.420189172,66.864000000,100,1410,1215,31,0
15243,152.430189574,66.864000000,100,1410,1215,31,0
15244,152.440188504,66.864000000,100,1410,1215,31,0
15245,152.450188566,66.864000000,100,1410,1215,31,0
15246,152.460190090,67.151000000,100,1410,1215,31,0
15247,152.470188078,67.151000000,100,1410,1215,31,0
15248,152.480188571,67.151000000,100,1410,1215,31,0
15249,152.490192119,67.151000000,100,1410,1215,31,0
15250,152.500189266,67.151000000,100,1410,1215,31,0
15251,152.510187714,67.151000000,100,1410,1215,31,0
15252,152.520188327,67.151000000,100,1410,1215,31,0
15253,152.530189260,67.151000000,100,1410,1215,31,0
15254,152.540193119,67.151000000,100,1410,1215,31,0
15255,152.550189444,67.151000000,100,1410,1215,31,0
15256,152.560189256,67.060000000,100,1410,1215,31,0
15257,152.570189458,67.060000000,100,1410,1215,31,0
15258,152.580189019,67.060000000,100,1410,1215,31,0
15259,152.590188379,67.060000000,100,1410,1215,31,0
15260,152.600191987,67.060000000,100,1410,1215,31,0
15261,152.610188543,67.060000000,100,1410,1215,31,0
15262,152.620189025,67.060000000,100,1410,1215,31,0
15263,152.630188937,67.060000000,100,1410,1215,31,0
15264,152.640188808,67.060000000,100,1410,1215,31,0
15265,152.650192307,67.060000000,100,1410,1215,31,0
15266,152.660190435,66.846000000,100,1410,1215,31,0
15267,152.670192831,66.846000000,100,1410,1215,31,0
15268,152.680189747,66.846000000,100,1410,1215,31,0
15269,152.690190240,66.846000000,100,1410,1215,31,0
15270,152.700189981,66.846000000,100,1410,1215,31,0
15271,152.710190183,66.846000000,100,1410,1215,31,0
15272,152.720188762,66.846000000,100,1410,1215,31,0
15273,152.730189946,66.846000000,100,1410,1215,31,0
15274,152.740189276,66.846000000,100,1410,1215,31,0
15275,152.750189598,66.846000000,100,1410,1215,31,0
15276,152.760301580,66.871000000,100,1410,1215,31,0
15277,152.770193299,66.871000000,100,1410,1215,31,0
15278,152.780188692,66.871000000,100,1410,1215,31,0
15279,152.790189054,66.871000000,100,1410,1215,31,0
15280,152.800188224,66.871000000,100,1410,1215,31,0
15281,152.810188046,66.871000000,100,1410,1215,31,0
15282,152.820193157,66.871000000,100,1410,1215,31,0
15283,152.830189181,66.871000000,100,1410,1215,31,0
15284,152.840188151,66.871000000,100,1410,1215,31,0
15285,152.850189075,66.871000000,100,1410,1215,31,0
15286,152.860320042,66.864000000,100,1410,1215,31,0
15287,152.870193546,66.864000000,100,1410,1215,31,0
15288,152.880188889,66.864000000,100,1410,1215,31,0
15289,152.890193900,66.864000000,100,1410,1215,31,0
15290,152.900189724,66.864000000,100,1410,1215,31,0
15291,152.910189265,66.864000000,100,1410,1215,31,0
15292,152.920189667,66.864000000,100,1410,1215,31,0
15293,152.930188918,66.864000000,100,1410,1215,31,0
15294,152.940188188,66.864000000,100,1410,1215,31,0
15295,152.950189422,66.864000000,100,1410,1215,31,0
15296,152.960189925,67.078000000,100,1410,1215,31,0
15297,152.970188263,67.078000000,100,1410,1215,31,0
15298,152.980188756,67.078000000,100,1410,1215,31,0
15299,152.990188487,67.078000000,100,1410,1215,31,0
15300,153.000189441,67.078000000,100,1410,1215,31,0
15301,153.010188991,67.078000000,100,1410,1215,31,0
15302,153.020188582,67.078000000,100,1410,1215,31,0
15303,153.030188955,67.078000000,100,1410,1215,31,0
15304,153.040188686,67.078000000,100,1410,1215,31,0
15305,153.050193386,67.078000000,100,1410,1215,31,0
15306,153.060190613,66.962000000,100,1410,1215,31,0
15307,153.070189302,66.962000000,100,1410,1215,31,0
15308,153.080189063,66.962000000,100,1410,1215,31,0
15309,153.090188915,66.962000000,100,1410,1215,31,0
15310,153.100188866,66.962000000,100,1410,1215,31,0
15311,153.110193286,66.962000000,100,1410,1215,31,0
15312,153.120189020,66.962000000,100,1410,1215,31,0
15313,153.130188070,66.962000000,100,1410,1215,31,0
15314,153.140188011,66.962000000,100,1410,1215,31,0
15315,153.150189145,66.962000000,100,1410,1215,31,0
15316,153.160190199,66.962000000,100,1410,1215,31,0
15317,153.170188287,66.962000000,100,1410,1215,31,0
15318,153.180193218,66.962000000,100,1410,1215,31,0
15319,153.190189032,66.962000000,100,1410,1215,31,0
15320,153.200190086,66.962000000,100,1410,1215,31,0
15321,153.210188685,66.962000000,100,1410,1215,31,0
15322,153.220192263,66.962000000,100,1410,1215,31,0
15323,153.230189740,66.962000000,100,1410,1215,31,0
15324,153.240188399,66.962000000,100,1410,1215,31,0
15325,153.250189433,66.962000000,100,1410,1215,31,0
15326,153.260189805,67.189000000,100,1410,1215,31,0
15327,153.270189336,67.189000000,100,1410,1215,31,0
15328,153.280188636,67.189000000,100,1410,1215,31,0
15329,153.290188918,67.189000000,100,1410,1215,31,0
15330,153.300189591,67.189000000,100,1410,1215,31,0
15331,153.310189663,67.189000000,100,1410,1215,31,0
15332,153.320193703,67.189000000,100,1410,1215,31,0
15333,153.330189196,67.189000000,100,1410,1215,31,0
15334,153.340189448,67.189000000,100,1410,1215,31,0
15335,153.350193557,67.189000000,100,1410,1215,31,0
15336,153.360190583,67.060000000,100,1410,1215,31,0
15337,153.370188972,67.060000000,100,1410,1215,31,0
15338,153.380189295,67.060000000,100,1410,1215,31,0
15339,153.390194145,67.060000000,100,1410,1215,31,0
15340,153.400189689,67.060000000,100,1410,1215,31,0
15341,153.410189700,67.060000000,100,1410,1215,31,0
15342,153.420189371,67.060000000,100,1410,1215,31,0
15343,153.430189924,67.060000000,100,1410,1215,31,0
15344,153.440189485,67.060000000,100,1410,1215,31,0
15345,153.450188615,67.060000000,100,1410,1215,31,0
15346,153.460189579,66.870000000,100,1410,1215,31,0
15347,153.470193397,66.870000000,100,1410,1215,31,0
15348,153.480190253,66.870000000,100,1410,1215,31,0
15349,153.490189634,66.870000000,100,1410,1215,31,0
15350,153.500189525,66.870000000,100,1410,1215,31,0
15351,153.510190008,66.870000000,100,1410,1215,31,0
15352,153.520190070,66.870000000,100,1410,1215,31,0
15353,153.530189881,66.870000000,100,1410,1215,31,0
15354,153.540190073,66.870000000,100,1410,1215,31,0
15355,153.550194373,66.870000000,100,1410,1215,31,0
15356,153.560191198,66.864000000,100,1410,1215,31,0
15357,153.570189988,66.864000000,100,1410,1215,31,0
15358,153.580189799,66.864000000,100,1410,1215,31,0
15359,153.590189340,66.864000000,100,1410,1215,31,0
15360,153.600190123,66.864000000,100,1410,1215,31,0
15361,153.610190425,66.864000000,100,1410,1215,31,0
15362,153.620189545,66.864000000,100,1410,1215,31,0
15363,153.630189086,66.864000000,100,1410,1215,31,0
15364,153.640189128,66.864000000,100,1410,1215,31,0
15365,153.650189491,66.864000000,100,1410,1215,31,0
15366,153.660190745,67.170000000,100,1410,1215,31,0
15367,153.670189334,67.170000000,100,1410,1215,31,0
15368,153.680190127,67.170000000,100,1410,1215,31,0
15369,153.690190218,67.170000000,100,1410,1215,31,0
15370,153.700190150,67.170000000,100,1410,1215,31,0
15371,153.710188609,67.170000000,100,1410,1215,31,0
15372,153.720189903,67.170000000,100,1410,1215,31,0
15373,153.730189875,67.170000000,100,1410,1215,31,0
15374,153.740190528,67.170000000,100,1410,1215,31,0
15375,153.750190128,67.170000000,100,1410,1215,31,0
15376,153.760194979,67.079000000,100,1410,1215,31,0
15377,153.770189831,67.079000000,100,1410,1215,31,0
15378,153.780189553,67.079000000,100,1410,1215,31,0
15379,153.790189524,67.079000000,100,1410,1215,31,0
15380,153.800189987,67.079000000,100,1410,1215,31,0
15381,153.810189107,67.079000000,100,1410,1215,31,0
15382,153.820190020,67.079000000,100,1410,1215,31,0
15383,153.830189180,67.079000000,100,1410,1215,31,0
15384,153.840190274,67.079000000,100,1410,1215,31,0
15385,153.850189925,67.079000000,100,1410,1215,31,0
15386,153.860195117,67.060000000,100,1410,1215,31,0
15387,153.870189297,67.060000000,100,1410,1215,31,0
15388,153.880190732,67.060000000,100,1410,1215,31,0
15389,153.890189812,67.060000000,100,1410,1215,31,0
15390,153.900189262,67.060000000,100,1410,1215,31,0
15391,153.910189825,67.060000000,100,1410,1215,31,0
15392,153.920189316,67.060000000,100,1410,1215,31,0
15393,153.930190189,67.060000000,100,1410,1215,31,0
15394,153.940190581,67.060000000,100,1410,1215,31,0
15395,153.950188700,67.060000000,100,1410,1215,31,0
15396,153.960189904,67.079000000,100,1410,1215,31,0
15397,153.970189074,67.079000000,100,1410,1215,31,0
15398,153.980190077,67.079000000,100,1410,1215,31,0
15399,153.990189448,67.079000000,100,1410,1215,31,0
15400,154.000189359,67.079000000,100,1410,1215,31,0
15401,154.010190052,67.079000000,100,1410,1215,31,0
15402,154.020189603,67.079000000,100,1410,1215,31,0
15403,154.030188913,67.079000000,100,1410,1215,31,0
15404,154.040193965,67.079000000,100,1410,1215,31,0
15405,154.050190239,67.079000000,100,1410,1215,31,0
15406,154.060189740,67.169000000,100,1410,1215,31,0
15407,154.070189471,67.169000000,100,1410,1215,31,0
15408,154.080192889,67.169000000,100,1410,1215,31,0
15409,154.090189916,67.169000000,100,1410,1215,31,0
15410,154.100189637,67.169000000,100,1410,1215,31,0
15411,154.110189348,67.169000000,100,1410,1215,31,0
15412,154.120189630,67.169000000,100,1410,1215,31,0
15413,154.130189461,67.169000000,100,1410,1215,31,0
15414,154.140189834,67.169000000,100,1410,1215,31,0
15415,154.150188693,67.169000000,100,1410,1215,31,0
15416,154.160191099,67.059000000,100,1410,1215,31,0
15417,154.170189669,67.059000000,100,1410,1215,31,0
15418,154.180189470,67.059000000,100,1410,1215,31,0
15419,154.190188359,67.059000000,100,1410,1215,31,0
15420,154.200189694,67.059000000,100,1410,1215,31,0
15421,154.210188924,67.059000000,100,1410,1215,31,0
15422,154.220189737,67.059000000,100,1410,1215,31,0
15423,154.230189378,67.059000000,100,1410,1215,31,0
15424,154.240189620,67.059000000,100,1410,1215,31,0
15425,154.250188730,67.059000000,100,1410,1215,31,0
15426,154.260191427,66.962000000,100,1410,1215,31,0
15427,154.270190286,66.962000000,100,1410,1215,31,0
15428,154.280189427,66.962000000,100,1410,1215,31,0
15429,154.290189729,66.962000000,100,1410,1215,31,0
15430,154.300190131,66.962000000,100,1410,1215,31,0
15431,154.310189051,66.962000000,100,1410,1215,31,0
15432,154.320189614,66.962000000,100,1410,1215,31,0
15433,154.330189265,66.962000000,100,1410,1215,31,0
15434,154.340189587,66.962000000,100,1410,1215,31,0
15435,154.350189629,66.962000000,100,1410,1215,31,0
15436,154.360190201,67.072000000,100,1410,1215,31,0
15437,154.370189993,67.072000000,100,1410,1215,31,0
15438,154.380190004,67.072000000,100,1410,1215,31,0
15439,154.390190076,67.072000000,100,1410,1215,31,0
15440,154.400189367,67.072000000,100,1410,1215,31,0
15441,154.410189629,67.072000000,100,1410,1215,31,0
15442,154.420189560,67.072000000,100,1410,1215,31,0
15443,154.430189903,67.072000000,100,1410,1215,31,0
15444,154.440190195,67.072000000,100,1410,1215,31,0
15445,154.450189916,67.072000000,100,1410,1215,31,0
15446,154.460194917,66.981000000,100,1410,1215,31,0
15447,154.470190250,66.981000000,100,1410,1215,31,0
15448,154.480193508,66.981000000,100,1410,1215,31,0
15449,154.490190945,66.981000000,100,1410,1215,31,0
15450,154.500194453,66.981000000,100,1410,1215,31,0
15451,154.510190517,66.981000000,100,1410,1215,31,0
15452,154.520190128,66.981000000,100,1410,1215,31,0
15453,154.530189459,66.981000000,100,1410,1215,31,0
15454,154.540189380,66.981000000,100,1410,1215,31,0
15455,154.550189913,66.981000000,100,1410,1215,31,0
15456,154.560190907,66.962000000,100,1410,1215,31,0
15457,154.570189225,66.962000000,100,1410,1215,31,0
15458,154.580189597,66.962000000,100,1410,1215,31,0
15459,154.590190922,66.962000000,100,1410,1215,31,0
15460,154.600188459,66.962000000,100,1410,1215,31,0
15461,154.610189753,66.962000000,100,1410,1215,31,0
15462,154.620189033,66.962000000,100,1410,1215,31,0
15463,154.630189075,66.962000000,100,1410,1215,31,0
15464,154.640188365,66.962000000,100,1410,1215,31,0
15465,154.650189549,66.962000000,100,1410,1215,31,0
15466,154.660191484,67.169000000,100,1410,1215,31,0
15467,154.670191666,67.169000000,100,1410,1215,31,0
15468,154.680190796,67.169000000,100,1410,1215,31,0
15469,154.690189766,67.169000000,100,1410,1215,31,0
15470,154.700190750,67.169000000,100,1410,1215,31,0
15471,154.710189329,67.169000000,100,1410,1215,31,0
15472,154.720189611,67.169000000,100,1410,1215,31,0
15473,154.730190014,67.169000000,100,1410,1215,31,0
15474,154.740190246,67.169000000,100,1410,1215,31,0
15475,154.750189816,67.169000000,100,1410,1215,31,0
15476,154.760190119,67.073000000,100,1410,1215,31,0
15477,154.770189199,67.073000000,100,1410,1215,31,0
15478,154.780193719,67.073000000,100,1410,1215,31,0
15479,154.790189913,67.073000000,100,1410,1215,31,0
15480,154.800189184,67.073000000,100,1410,1215,31,0
15481,154.810189827,67.073000000,100,1410,1215,31,0
15482,154.820188816,67.073000000,100,1410,1215,31,0
15483,154.830189489,67.073000000,100,1410,1215,31,0
15484,154.840189531,67.073000000,100,1410,1215,31,0
15485,154.850189242,67.073000000,100,1410,1215,31,0
15486,154.860189685,66.865000000,100,1410,1215,31,0
15487,154.870190247,66.865000000,100,1410,1215,31,0
15488,154.880190209,66.865000000,100,1410,1215,31,0
15489,154.890189179,66.865000000,100,1410,1215,31,0
15490,154.900189311,66.865000000,100,1410,1215,31,0
15491,154.910189252,66.865000000,100,1410,1215,31,0
15492,154.920189735,66.865000000,100,1410,1215,31,0
15493,154.930188695,66.865000000,100,1410,1215,31,0
15494,154.940188977,66.865000000,100,1410,1215,31,0
15495,154.950188908,66.865000000,100,1410,1215,31,0
15496,154.960189341,66.962000000,100,1410,1215,31,0
15497,154.970188240,66.962000000,100,1410,1215,31,0
15498,154.980188382,66.962000000,100,1410,1215,31,0
15499,154.990187863,66.962000000,100,1410,1215,31,0
15500,155.000189388,66.962000000,100,1410,1215,31,0
15501,155.010188137,66.962000000,100,1410,1215,31,0
15502,155.020188499,66.962000000,100,1410,1215,31,0
15503,155.030187469,66.962000000,100,1410,1215,31,0
15504,155.040188653,66.962000000,100,1410,1215,31,0
15505,155.050192261,66.962000000,100,1410,1215,31,0
15506,155.060189758,66.975000000,100,1410,1215,31,0
15507,155.070187746,66.975000000,100,1410,1215,31,0
15508,155.080188730,66.975000000,100,1410,1215,31,0
15509,155.090189293,66.975000000,100,1410,1215,31,0
15510,155.100188453,66.975000000,100,1410,1215,31,0
15511,155.110188665,66.975000000,100,1410,1215,31,0
15512,155.120188777,66.975000000,100,1410,1215,31,0
15513,155.130189870,66.975000000,100,1410,1215,31,0
15514,155.140193920,66.975000000,100,1410,1215,31,0
15515,155.150189954,66.975000000,100,1410,1215,31,0
15516,155.160190406,66.878000000,100,1410,1215,31,0
15517,155.170189336,66.878000000,100,1410,1215,31,0
15518,155.180189107,66.878000000,100,1410,1215,31,0
15519,155.190189410,66.878000000,100,1410,1215,31,0
15520,155.200188950,66.878000000,100,1410,1215,31,0
15521,155.210189243,66.878000000,100,1410,1215,31,0
15522,155.220193643,66.878000000,100,1410,1215,31,0
15523,155.230189877,66.878000000,100,1410,1215,31,0
15524,155.240188166,66.878000000,100,1410,1215,31,0
15525,155.250188478,66.878000000,100,1410,1215,31,0
15526,155.260190784,67.157000000,100,1410,1215,31,0
15527,155.270189473,67.157000000,100,1410,1215,31,0
15528,155.280189725,67.157000000,100,1410,1215,31,0
15529,155.290188795,67.157000000,100,1410,1215,31,0
15530,155.300192925,67.157000000,100,1410,1215,31,0
15531,155.310188488,67.157000000,100,1410,1215,31,0
15532,155.320190033,67.157000000,100,1410,1215,31,0
15533,155.330194332,67.157000000,100,1410,1215,31,0
15534,155.340189695,67.157000000,100,1410,1215,31,0
15535,155.350188455,67.157000000,100,1410,1215,31,0
15536,155.360190821,67.079000000,100,1410,1215,31,0
15537,155.370189129,67.079000000,100,1410,1215,31,0
15538,155.380193429,67.079000000,100,1410,1215,31,0
15539,155.390189373,67.079000000,100,1410,1215,31,0
15540,155.400193422,67.079000000,100,1410,1215,31,0
15541,155.410193865,67.079000000,100,1410,1215,31,0
15542,155.420189699,67.079000000,100,1410,1215,31,0
15543,155.430189029,67.079000000,100,1410,1215,31,0
15544,155.440189151,67.079000000,100,1410,1215,31,0
15545,155.450189463,67.079000000,100,1410,1215,31,0
15546,155.460191038,66.981000000,100,1410,1215,31,0
15547,155.470189627,66.981000000,100,1410,1215,31,0
15548,155.480189148,66.981000000,100,1410,1215,31,0
15549,155.490190602,66.981000000,100,1410,1215,31,0
15550,155.500193559,66.981000000,100,1410,1215,31,0
15551,155.510189003,66.981000000,100,1410,1215,31,0
15552,155.520189124,66.981000000,100,1410,1215,31,0
15553,155.530189958,66.981000000,100,1410,1215,31,0
15554,155.540193125,66.981000000,100,1410,1215,31,0
15555,155.550189590,66.981000000,100,1410,1215,31,0
15556,155.560191285,66.962000000,100,1410,1215,31,0
15557,155.570189834,66.962000000,100,1410,1215,31,0
15558,155.580189696,66.962000000,100,1410,1215,31,0
15559,155.590190068,66.962000000,100,1410,1215,31,0
15560,155.600188938,66.962000000,100,1410,1215,31,0
15561,155.610189130,66.962000000,100,1410,1215,31,0
15562,155.620189722,66.962000000,100,1410,1215,31,0
15563,155.630188872,66.962000000,100,1410,1215,31,0
15564,155.640193693,66.962000000,100,1410,1215,31,0
15565,155.650189277,66.962000000,100,1410,1215,31,0
15566,155.660189900,66.962000000,100,1410,1215,31,0
15567,155.670192706,66.962000000,100,1410,1215,31,0
15568,155.680189222,66.962000000,100,1410,1215,31,0
15569,155.690189083,66.962000000,100,1410,1215,31,0
15570,155.700188043,66.962000000,100,1410,1215,31,0
15571,155.710188906,66.962000000,100,1410,1215,31,0
15572,155.720193366,66.962000000,100,1410,1215,31,0
15573,155.730189300,66.962000000,100,1410,1215,31,0
15574,155.740188109,66.962000000,100,1410,1215,31,0
15575,155.750188873,66.962000000,100,1410,1215,31,0
15576,155.760189646,66.864000000,100,1410,1215,31,0
15577,155.770189257,66.864000000,100,1410,1215,31,0
15578,155.780194138,66.864000000,100,1410,1215,31,0
15579,155.790188679,66.864000000,100,1410,1215,31,0
15580,155.800189522,66.864000000,100,1410,1215,31,0
15581,155.810188382,66.864000000,100,1410,1215,31,0
15582,155.820189676,66.864000000,100,1410,1215,31,0
15583,155.830188886,66.864000000,100,1410,1215,31,0
15584,155.840189128,66.864000000,100,1410,1215,31,0
15585,155.850188469,66.864000000,100,1410,1215,31,0
15586,155.860190254,66.883000000,100,1410,1215,31,0
15587,155.870189865,66.883000000,100,1410,1215,31,0
15588,155.880188474,66.883000000,100,1410,1215,31,0
15589,155.890190259,66.883000000,100,1410,1215,31,0
15590,155.900189970,66.883000000,100,1410,1215,31,0
15591,155.910189260,66.883000000,100,1410,1215,31,0
15592,155.920188921,66.883000000,100,1410,1215,31,0
15593,155.930189574,66.883000000,100,1410,1215,31,0
15594,155.940189676,66.883000000,100,1410,1215,31,0
15595,155.950192633,66.883000000,100,1410,1215,31,0
15596,155.960190721,67.059000000,100,1410,1215,31,0
15597,155.970188509,67.059000000,100,1410,1215,31,0
15598,155.980193089,67.059000000,100,1410,1215,31,0
15599,155.990188682,67.059000000,100,1410,1215,31,0
15600,156.000188664,67.059000000,100,1410,1215,31,0
15601,156.010188425,67.059000000,100,1410,1215,31,0
15602,156.020188878,67.059000000,100,1410,1215,31,0
15603,156.030189160,67.059000000,100,1410,1215,31,0
15604,156.040188100,67.059000000,100,1410,1215,31,0
15605,156.050189304,67.059000000,100,1410,1215,31,0
15606,156.060193473,67.074000000,100,1410,1215,31,0
15607,156.070188856,67.074000000,100,1410,1215,31,0
15608,156.080188698,67.074000000,100,1410,1215,31,0
15609,156.090188439,67.074000000,100,1410,1215,31,0
15610,156.100188641,67.074000000,100,1410,1215,31,0
15611,156.110191448,67.074000000,100,1410,1215,31,0
15612,156.120189285,67.074000000,100,1410,1215,31,0
15613,156.130191341,67.074000000,100,1410,1215,31,0
15614,156.140190491,67.074000000,100,1410,1215,31,0
15615,156.150188198,67.074000000,100,1410,1215,31,0
15616,156.160190204,66.865000000,100,1410,1215,31,0
15617,156.170188342,66.865000000,100,1410,1215,31,0
15618,156.180188774,66.865000000,100,1410,1215,31,0
15619,156.190188385,66.865000000,100,1410,1215,31,0
15620,156.200188267,66.865000000,100,1410,1215,31,0
15621,156.210192767,66.865000000,100,1410,1215,31,0
15622,156.220189422,66.865000000,100,1410,1215,31,0
15623,156.230189224,66.865000000,100,1410,1215,31,0
15624,156.240188173,66.865000000,100,1410,1215,31,0
15625,156.250188205,66.865000000,100,1410,1215,31,0
15626,156.260189259,66.864000000,100,1410,1215,31,0
15627,156.270188539,66.864000000,100,1410,1215,31,0
15628,156.280188551,66.864000000,100,1410,1215,31,0
15629,156.290189184,66.864000000,100,1410,1215,31,0
15630,156.300188795,66.864000000,100,1410,1215,31,0
15631,156.310188706,66.864000000,100,1410,1215,31,0
15632,156.320193046,66.864000000,100,1410,1215,31,0
15633,156.330190593,66.864000000,100,1410,1215,31,0
15634,156.340189663,66.864000000,100,1410,1215,31,0
15635,156.350189634,66.864000000,100,1410,1215,31,0
15636,156.360194916,67.060000000,100,1410,1215,31,0
15637,156.370189568,67.060000000,100,1410,1215,31,0
15638,156.380193547,67.060000000,100,1410,1215,31,0
15639,156.390190252,67.060000000,100,1410,1215,31,0
15640,156.400189893,67.060000000,100,1410,1215,31,0
15641,156.410191208,67.060000000,100,1410,1215,31,0
15642,156.420189165,67.060000000,100,1410,1215,31,0
15643,156.430190369,67.060000000,100,1410,1215,31,0
15644,156.440189089,67.060000000,100,1410,1215,31,0
15645,156.450189000,67.060000000,100,1410,1215,31,0
15646,156.460191216,66.883000000,100,1410,1215,31,0
15647,156.470189434,66.883000000,100,1410,1215,31,0
15648,156.480189055,66.883000000,100,1410,1215,31,0
15649,156.490188807,66.883000000,100,1410,1215,31,0
15650,156.500193717,66.883000000,100,1410,1215,31,0
15651,156.510190463,66.883000000,100,1410,1215,31,0
15652,156.520193761,66.883000000,100,1410,1215,31,0
15653,156.530190025,66.883000000,100,1410,1215,31,0
15654,156.540189977,66.883000000,100,1410,1215,31,0
15655,156.550193335,66.883000000,100,1410,1215,31,0
15656,156.560190271,66.883000000,100,1410,1215,31,0
15657,156.570189120,66.883000000,100,1410,1215,31,0
15658,156.580188240,66.883000000,100,1410,1215,31,0
15659,156.590189054,66.883000000,100,1410,1215,31,0
15660,156.600188885,66.883000000,100,1410,1215,31,0
15661,156.610188105,66.883000000,100,1410,1215,31,0
15662,156.620188628,66.883000000,100,1410,1215,31,0
15663,156.630188710,66.883000000,100,1410,1215,31,0
15664,156.640188180,66.883000000,100,1410,1215,31,0
15665,156.650189755,66.883000000,100,1410,1215,31,0
15666,156.660190368,67.054000000,100,1410,1215,31,0
15667,156.670189017,67.054000000,100,1410,1215,31,0
15668,156.680193176,67.054000000,100,1410,1215,31,0
15669,156.690189261,67.054000000,100,1410,1215,31,0
15670,156.700189663,67.054000000,100,1410,1215,31,0
15671,156.710189705,67.054000000,100,1410,1215,31,0
15672,156.720189176,67.054000000,100,1410,1215,31,0
15673,156.730189478,67.054000000,100,1410,1215,31,0
15674,156.740190582,67.054000000,100,1410,1215,31,0
15675,156.750189892,67.054000000,100,1410,1215,31,0
15676,156.760191056,67.059000000,100,1410,1215,31,0
15677,156.770190076,67.059000000,100,1410,1215,31,0
15678,156.780189146,67.059000000,100,1410,1215,31,0
15679,156.790189959,67.059000000,100,1410,1215,31,0
15680,156.800189219,67.059000000,100,1410,1215,31,0
15681,156.810188950,67.059000000,100,1410,1215,31,0
15682,156.820188231,67.059000000,100,1410,1215,31,0
15683,156.830192801,67.059000000,100,1410,1215,31,0
15684,156.840189987,67.059000000,100,1410,1215,31,0
15685,156.850189678,67.059000000,100,1410,1215,31,0
15686,156.860190441,66.767000000,100,1410,1215,31,0
15687,156.870188339,66.767000000,100,1410,1215,31,0
15688,156.880190605,66.767000000,100,1410,1215,31,0
15689,156.890189705,66.767000000,100,1410,1215,31,0
15690,156.900188855,66.767000000,100,1410,1215,31,0
15691,156.910189217,66.767000000,100,1410,1215,31,0
15692,156.920194740,66.767000000,100,1410,1215,31,0
15693,156.930190313,66.767000000,100,1410,1215,31,0
15694,156.940188631,66.767000000,100,1410,1215,31,0
15695,156.950189475,66.767000000,100,1410,1215,31,0
15696,156.960190468,66.865000000,100,1410,1215,31,0
15697,156.970189187,66.865000000,100,1410,1215,31,0
15698,156.980189019,66.865000000,100,1410,1215,31,0
15699,156.990189551,66.865000000,100,1410,1215,31,0
15700,157.000189202,66.865000000,100,1410,1215,31,0
15701,157.010189585,66.865000000,100,1410,1215,31,0
15702,157.020189286,66.865000000,100,1410,1215,31,0
15703,157.030190289,66.865000000,100,1410,1215,31,0
15704,157.040188868,66.865000000,100,1410,1215,31,0
15705,157.050190103,66.865000000,100,1410,1215,31,0
15706,157.060190074,66.981000000,100,1410,1215,31,0
15707,157.070189525,66.981000000,100,1410,1215,31,0
15708,157.080188595,66.981000000,100,1410,1215,31,0
15709,157.090189228,66.981000000,100,1410,1215,31,0
15710,157.100188959,66.981000000,100,1410,1215,31,0
15711,157.110189612,66.981000000,100,1410,1215,31,0
15712,157.120188802,66.981000000,100,1410,1215,31,0
15713,157.130189495,66.981000000,100,1410,1215,31,0
15714,157.140189406,66.981000000,100,1410,1215,31,0
15715,157.150189288,66.981000000,100,1410,1215,31,0
15716,157.160191303,66.864000000,100,1410,1215,31,0
15717,157.170189531,66.864000000,100,1410,1215,31,0
15718,157.180190355,66.864000000,100,1410,1215,31,0
15719,157.190189585,66.864000000,100,1410,1215,31,0
15720,157.200188585,66.864000000,100,1410,1215,31,0
15721,157.210189478,66.864000000,100,1410,1215,31,0
15722,157.220189199,66.864000000,100,1410,1215,31,0
15723,157.230189331,66.864000000,100,1410,1215,31,0
15724,157.240189152,66.864000000,100,1410,1215,31,0
15725,157.250189124,66.864000000,100,1410,1215,31,0
15726,157.260189657,66.767000000,100,1410,1215,31,0
15727,157.270188646,66.767000000,100,1410,1215,31,0
15728,157.280193167,66.767000000,100,1410,1215,31,0
15729,157.290188810,66.767000000,100,1410,1215,31,0
15730,157.300188812,66.767000000,100,1410,1215,31,0
15731,157.310189184,66.767000000,100,1410,1215,31,0
15732,157.320193093,66.767000000,100,1410,1215,31,0
15733,157.330189959,66.767000000,100,1410,1215,31,0
15734,157.340193277,66.767000000,100,1410,1215,31,0
15735,157.350188960,66.767000000,100,1410,1215,31,0
15736,157.360190805,67.170000000,100,1410,1215,31,0
15737,157.370188463,67.170000000,100,1410,1215,31,0
15738,157.380189396,67.170000000,100,1410,1215,31,0
15739,157.390189208,67.170000000,100,1410,1215,31,0
15740,157.400189139,67.170000000,100,1410,1215,31,0
15741,157.410193689,67.170000000,100,1410,1215,31,0
15742,157.420190255,67.170000000,100,1410,1215,31,0
15743,157.430189405,67.170000000,100,1410,1215,31,0
15744,157.440189416,67.170000000,100,1410,1215,31,0
15745,157.450190680,67.170000000,100,1410,1215,31,0
15746,157.460190772,67.267000000,100,1410,1215,31,0
15747,157.470193288,67.267000000,100,1410,1215,31,0
15748,157.480189573,67.267000000,100,1410,1215,31,0
15749,157.490188212,67.267000000,100,1410,1215,31,0
15750,157.500188865,67.267000000,100,1410,1215,31,0
15751,157.510188927,67.267000000,100,1410,1215,31,0
15752,157.520188658,67.267000000,100,1410,1215,31,0
15753,157.530189060,67.267000000,100,1410,1215,31,0
15754,157.540188812,67.267000000,100,1410,1215,31,0
15755,157.550188984,67.267000000,100,1410,1215,31,0
15756,157.560190458,67.071000000,100,1410,1215,31,0
15757,157.570189077,67.071000000,100,1410,1215,31,0
15758,157.580189269,67.071000000,100,1410,1215,31,0
15759,157.590189552,67.071000000,100,1410,1215,31,0
15760,157.600189253,67.071000000,100,1410,1215,31,0
15761,157.610188743,67.071000000,100,1410,1215,31,0
15762,157.620189256,67.071000000,100,1410,1215,31,0
15763,157.630188687,67.071000000,100,1410,1215,31,0
15764,157.640189199,67.071000000,100,1410,1215,31,0
15765,157.650189241,67.071000000,100,1410,1215,31,0
15766,157.660189723,66.962000000,100,1410,1215,31,0
15767,157.670188292,66.962000000,100,1410,1215,31,0
15768,157.680189086,66.962000000,100,1410,1215,31,0
15769,157.690189197,66.962000000,100,1410,1215,31,0
15770,157.700188688,66.962000000,100,1410,1215,31,0
15771,157.710188480,66.962000000,100,1410,1215,31,0
15772,157.720189433,66.962000000,100,1410,1215,31,0
15773,157.730189775,66.962000000,100,1410,1215,31,0
15774,157.740189587,66.962000000,100,1410,1215,31,0
15775,157.750189138,66.962000000,100,1410,1215,31,0
15776,157.760190111,66.956000000,100,1410,1215,31,0
15777,157.770188660,66.956000000,100,1410,1215,31,0
15778,157.780188922,66.956000000,100,1410,1215,31,0
15779,157.790189375,66.956000000,100,1410,1215,31,0
15780,157.800189296,66.956000000,100,1410,1215,31,0
15781,157.810189157,66.956000000,100,1410,1215,31,0
15782,157.820193137,66.956000000,100,1410,1215,31,0
15783,157.830190263,66.956000000,100,1410,1215,31,0
15784,157.840193911,66.956000000,100,1410,1215,31,0
15785,157.850190016,66.956000000,100,1410,1215,31,0
15786,157.860190138,67.059000000,100,1410,1215,31,0
15787,157.870193215,67.059000000,100,1410,1215,31,0
15788,157.880189259,67.059000000,100,1410,1215,31,0
15789,157.890189181,67.059000000,100,1410,1215,31,0
15790,157.900189453,67.059000000,100,1410,1215,31,0
15791,157.910189204,67.059000000,100,1410,1215,31,0
15792,157.920189096,67.059000000,100,1410,1215,31,0
15793,157.930194067,67.059000000,100,1410,1215,31,0
15794,157.940189680,67.059000000,100,1410,1215,31,0
15795,157.950189912,67.059000000,100,1410,1215,31,0
15796,157.960189242,66.865000000,100,1410,1215,31,0
15797,157.970189294,66.865000000,100,1410,1215,31,0
15798,157.980189366,66.865000000,100,1410,1215,31,0
15799,157.990189939,66.865000000,100,1410,1215,31,0
15800,158.000189891,66.865000000,100,1410,1215,31,0
15801,158.010190674,66.865000000,100,1410,1215,31,0
15802,158.020189613,66.865000000,100,1410,1215,31,0
15803,158.030190557,66.865000000,100,1410,1215,31,0
15804,158.040189707,66.865000000,100,1410,1215,31,0
15805,158.050188556,66.865000000,100,1410,1215,31,0
15806,158.060190612,67.073000000,100,1410,1215,31,0
15807,158.070189622,67.073000000,100,1410,1215,31,0
15808,158.080189293,67.073000000,100,1410,1215,31,0
15809,158.090189124,67.073000000,100,1410,1215,31,0
15810,158.100189086,67.073000000,100,1410,1215,31,0
15811,158.110193876,67.073000000,100,1410,1215,31,0
15812,158.120190361,67.073000000,100,1410,1215,31,0
15813,158.130190143,67.073000000,100,1410,1215,31,0
15814,158.140191066,67.073000000,100,1410,1215,31,0
15815,158.150189845,67.073000000,100,1410,1215,31,0
15816,158.160190678,66.975000000,100,1410,1215,31,0
15817,158.170189809,66.975000000,100,1410,1215,31,0
15818,158.180190001,66.975000000,100,1410,1215,31,0
15819,158.190189952,66.975000000,100,1410,1215,31,0
15820,158.200193821,66.975000000,100,1410,1215,31,0
15821,158.210190086,66.975000000,100,1410,1215,31,0
15822,158.220188424,66.975000000,100,1410,1215,31,0
15823,158.230189598,66.975000000,100,1410,1215,31,0
15824,158.240189850,66.975000000,100,1410,1215,31,0
15825,158.250188600,66.975000000,100,1410,1215,31,0
15826,158.260191226,66.962000000,100,1410,1215,31,0
15827,158.270190517,66.962000000,100,1410,1215,31,0
15828,158.280189096,66.962000000,100,1410,1215,31,0
15829,158.290193295,66.962000000,100,1410,1215,31,0
15830,158.300189049,66.962000000,100,1410,1215,31,0
15831,158.310189692,66.962000000,100,1410,1215,31,0
15832,158.320188722,66.962000000,100,1410,1215,31,0
15833,158.330190116,66.962000000,100,1410,1215,31,0
15834,158.340189967,66.962000000,100,1410,1215,31,0
15835,158.350189418,66.962000000,100,1410,1215,31,0
15836,158.360190491,66.944000000,100,1410,1215,31,0
15837,158.370189261,66.944000000,100,1410,1215,31,0
15838,158.380189353,66.944000000,100,1410,1215,31,0
15839,158.390190597,66.944000000,100,1410,1215,31,0
15840,158.400190869,66.944000000,100,1410,1215,31,0
15841,158.410189017,66.944000000,100,1410,1215,31,0
15842,158.420189269,66.944000000,100,1410,1215,31,0
15843,158.430193599,66.944000000,100,1410,1215,31,0
15844,158.440189643,66.944000000,100,1410,1215,31,0
15845,158.450190035,66.944000000,100,1410,1215,31,0
15846,158.460191720,66.864000000,100,1410,1215,31,0
15847,158.470189488,66.864000000,100,1410,1215,31,0
15848,158.480194318,66.864000000,100,1410,1215,31,0
15849,158.490189431,66.864000000,100,1410,1215,31,0
15850,158.500191306,66.864000000,100,1410,1215,31,0
15851,158.510189715,66.864000000,100,1410,1215,31,0
15852,158.520190047,66.864000000,100,1410,1215,31,0
15853,158.530190550,66.864000000,100,1410,1215,31,0
15854,158.540193126,66.864000000,100,1410,1215,31,0
15855,158.550188790,66.864000000,100,1410,1215,31,0
15856,158.560189553,66.846000000,100,1410,1215,31,0
15857,158.570189515,66.846000000,100,1410,1215,31,0
15858,158.580190077,66.846000000,100,1410,1215,31,0
15859,158.590189057,66.846000000,100,1410,1215,31,0
15860,158.600188728,66.846000000,100,1410,1215,31,0
15861,158.610193138,66.846000000,100,1410,1215,31,0
15862,158.620190304,66.846000000,100,1410,1215,31,0
15863,158.630189915,66.846000000,100,1410,1215,31,0
15864,158.640189035,66.846000000,100,1410,1215,31,0
15865,158.650189618,66.846000000,100,1410,1215,31,0
15866,158.660190371,66.767000000,100,1410,1215,31,0
15867,158.670189832,66.767000000,100,1410,1215,31,0
15868,158.680193090,66.767000000,100,1410,1215,31,0
15869,158.690190296,66.767000000,100,1410,1215,31,0
15870,158.700190177,66.767000000,100,1410,1215,31,0
15871,158.710190169,66.767000000,100,1410,1215,31,0
15872,158.720189590,66.767000000,100,1410,1215,31,0
15873,158.730190202,66.767000000,100,1410,1215,31,0
15874,158.740193711,66.767000000,100,1410,1215,31,0
15875,158.750189554,66.767000000,100,1410,1215,31,0
15876,158.760190227,66.864000000,100,1410,1215,31,0
15877,158.770189588,66.864000000,100,1410,1215,31,0
15878,158.780189770,66.864000000,100,1410,1215,31,0
15879,158.790189070,66.864000000,100,1410,1215,31,0
15880,158.800189463,66.864000000,100,1410,1215,31,0
15881,158.810190546,66.864000000,100,1410,1215,31,0
15882,158.820189356,66.864000000,100,1410,1215,31,0
15883,158.830188666,66.864000000,100,1410,1215,31,0
15884,158.840189259,66.864000000,100,1410,1215,31,0
15885,158.850189150,66.864000000,100,1410,1215,31,0
15886,158.860193891,67.059000000,100,1410,1215,31,0
15887,158.870190076,67.059000000,100,1410,1215,31,0
15888,158.880189586,67.059000000,100,1410,1215,31,0
15889,158.890188696,67.059000000,100,1410,1215,31,0
15890,158.900192225,67.059000000,100,1410,1215,31,0
15891,158.910188820,67.059000000,100,1410,1215,31,0
15892,158.920189403,67.059000000,100,1410,1215,31,0
15893,158.930189444,67.059000000,100,1410,1215,31,0
15894,158.940189847,67.059000000,100,1410,1215,31,0
15895,158.950188786,67.059000000,100,1410,1215,31,0
15896,158.960189239,66.962000000,100,1410,1215,31,0
15897,158.970189190,66.962000000,100,1410,1215,31,0
15898,158.980192358,66.962000000,100,1410,1215,31,0
15899,158.990189154,66.962000000,100,1410,1215,31,0
15900,159.000189225,66.962000000,100,1410,1215,31,0
15901,159.010192924,66.962000000,100,1410,1215,31,0
15902,159.020189509,66.962000000,100,1410,1215,31,0
15903,159.030189471,66.962000000,100,1410,1215,31,0
15904,159.040188751,66.962000000,100,1410,1215,31,0
15905,159.050188152,66.962000000,100,1410,1215,31,0
15906,159.060190187,66.969000000,100,1410,1215,31,0
15907,159.070192724,66.969000000,100,1410,1215,31,0
15908,159.080189129,66.969000000,100,1410,1215,31,0
15909,159.090189551,66.969000000,100,1410,1215,31,0
15910,159.100190124,66.969000000,100,1410,1215,31,0
15911,159.110193672,66.969000000,100,1410,1215,31,0
15912,159.120194475,66.969000000,100,1410,1215,31,0
15913,159.130189307,66.969000000,100,1410,1215,31,0
15914,159.140189389,66.969000000,100,1410,1215,31,0
15915,159.150189170,66.969000000,100,1410,1215,31,0
15916,159.160190064,66.870000000,100,1410,1215,31,0
15917,159.170188913,66.870000000,100,1410,1215,31,0
15918,159.180188334,66.870000000,100,1410,1215,31,0
15919,159.190192874,66.870000000,100,1410,1215,31,0
15920,159.200188597,66.870000000,100,1410,1215,31,0
15921,159.210188619,66.870000000,100,1410,1215,31,0
15922,159.220189833,66.870000000,100,1410,1215,31,0
15923,159.230188632,66.870000000,100,1410,1215,31,0
15924,159.240188354,66.870000000,100,1410,1215,31,0
15925,159.250188996,66.870000000,100,1410,1215,31,0
15926,159.260189399,66.864000000,100,1410,1215,31,0
15927,159.270189040,66.864000000,100,1410,1215,31,0
15928,159.280188350,66.864000000,100,1410,1215,31,0
15929,159.290189344,66.864000000,100,1410,1215,31,0
15930,159.300188915,66.864000000,100,1410,1215,31,0
15931,159.310193324,66.864000000,100,1410,1215,31,0
15932,159.320189529,66.864000000,100,1410,1215,31,0
15933,159.330190032,66.864000000,100,1410,1215,31,0
15934,159.340188971,66.864000000,100,1410,1215,31,0
15935,159.350193421,66.864000000,100,1410,1215,31,0
15936,159.360190407,66.865000000,100,1410,1215,31,0
15937,159.370194446,66.865000000,100,1410,1215,31,0
15938,159.380189238,66.865000000,100,1410,1215,31,0
15939,159.390188879,66.865000000,100,1410,1215,31,0
15940,159.400188621,66.865000000,100,1410,1215,31,0
15941,159.410188552,66.865000000,100,1410,1215,31,0
15942,159.420189105,66.865000000,100,1410,1215,31,0
15943,159.430188926,66.865000000,100,1410,1215,31,0
15944,159.440189248,66.865000000,100,1410,1215,31,0
15945,159.450192867,66.865000000,100,1410,1215,31,0
15946,159.460190203,67.150000000,100,1410,1215,31,0
15947,159.470189824,67.150000000,100,1410,1215,31,0
15948,159.480188994,67.150000000,100,1410,1215,31,0
15949,159.490188866,67.150000000,100,1410,1215,31,0
15950,159.500188998,67.150000000,100,1410,1215,31,0
15951,159.510193638,67.150000000,100,1410,1215,31,0
15952,159.520194602,67.150000000,100,1410,1215,31,0
15953,159.530190045,67.150000000,100,1410,1215,31,0
15954,159.540189686,67.150000000,100,1410,1215,31,0
15955,159.550189547,67.150000000,100,1410,1215,31,0
15956,159.560189930,67.055000000,100,1410,1215,31,0
15957,159.570191394,67.055000000,100,1410,1215,31,0
15958,159.580189482,67.055000000,100,1410,1215,31,0
15959,159.590190035,67.055000000,100,1410,1215,31,0
15960,159.600192211,67.055000000,100,1410,1215,31,0
15961,159.610188806,67.055000000,100,1410,1215,31,0
15962,159.620188717,67.055000000,100,1410,1215,31,0
15963,159.630188579,67.055000000,100,1410,1215,31,0
15964,159.640188941,67.055000000,100,1410,1215,31,0
15965,159.650188362,67.055000000,100,1410,1215,31,0
15966,159.660190147,66.962000000,100,1410,1215,31,0
15967,159.670192413,66.962000000,100,1410,1215,31,0
15968,159.680189228,66.962000000,100,1410,1215,31,0
15969,159.690189430,66.962000000,100,1410,1215,31,0
15970,159.700190103,66.962000000,100,1410,1215,31,0
15971,159.710189003,66.962000000,100,1410,1215,31,0
15972,159.720188704,66.962000000,100,1410,1215,31,0
15973,159.730188986,66.962000000,100,1410,1215,31,0
15974,159.740190440,66.962000000,100,1410,1215,31,0
15975,159.750189340,66.962000000,100,1410,1215,31,0
15976,159.760189973,66.943000000,100,1410,1215,31,0
15977,159.770189263,66.943000000,100,1410,1215,31,0
15978,159.780189204,66.943000000,100,1410,1215,31,0
15979,159.790188896,66.943000000,100,1410,1215,31,0
15980,159.800193436,66.943000000,100,1410,1215,31,0
15981,159.810189861,66.943000000,100,1410,1215,31,0
15982,159.820188750,66.943000000,100,1410,1215,31,0
15983,159.830189103,66.943000000,100,1410,1215,31,0
15984,159.840189475,66.943000000,100,1410,1215,31,0
15985,159.850189917,66.943000000,100,1410,1215,31,0
15986,159.860190450,67.078000000,100,1410,1215,31,0
15987,159.870188939,67.078000000,100,1410,1215,31,0
15988,159.880188880,67.078000000,100,1410,1215,31,0
15989,159.890193701,67.078000000,100,1410,1215,31,0
15990,159.900189475,67.078000000,100,1410,1215,31,0
15991,159.910189917,67.078000000,100,1410,1215,31,0
15992,159.920257075,67.078000000,100,1410,1215,31,0
15993,159.930189069,67.078000000,100,1410,1215,31,0
15994,159.940189011,67.078000000,100,1410,1215,31,0
15995,159.950193210,67.078000000,100,1410,1215,31,0
15996,159.960190356,67.073000000,100,1410,1215,31,0
15997,159.970194586,67.073000000,100,1410,1215,31,0
15998,159.980189568,67.073000000,100,1410,1215,31,0
15999,159.990190161,67.073000000,100,1410,1215,31,0
16000,160.000189542,67.073000000,100,1410,1215,31,0
16001,160.010189203,67.073000000,100,1410,1215,31,0
16002,160.020189785,67.073000000,100,1410,1215,31,0
16003,160.030189927,67.073000000,100,1410,1215,31,0
16004,160.040193415,67.073000000,100,1410,1215,31,0
16005,160.050188999,67.073000000,100,1410,1215,31,0
16006,160.060191224,67.073000000,100,1410,1215,31,0
16007,160.070189152,67.073000000,100,1410,1215,31,0
16008,160.080193011,67.073000000,100,1410,1215,31,0
16009,160.090193263,67.073000000,100,1410,1215,31,0
16010,160.100189388,67.073000000,100,1410,1215,31,0
16011,160.110188798,67.073000000,100,1410,1215,31,0
16012,160.120193799,67.073000000,100,1410,1215,31,0
16013,160.130190144,67.073000000,100,1410,1215,31,0
16014,160.140189514,67.073000000,100,1410,1215,31,0
16015,160.150188474,67.073000000,100,1410,1215,31,0
16016,160.160190369,67.157000000,100,1410,1215,31,0
16017,160.170188317,67.157000000,100,1410,1215,31,0
16018,160.180189291,67.157000000,100,1410,1215,31,0
16019,160.190190184,67.157000000,100,1410,1215,31,0
16020,160.200189224,67.157000000,100,1410,1215,31,0
16021,160.210189716,67.157000000,100,1410,1215,31,0
16022,160.220193415,67.157000000,100,1410,1215,31,0
16023,160.230189619,67.157000000,100,1410,1215,31,0
16024,160.240190272,67.157000000,100,1410,1215,31,0
16025,160.250190064,67.157000000,100,1410,1215,31,0
16026,160.260191077,67.286000000,100,1410,1215,31,0
16027,160.270189987,67.286000000,100,1410,1215,31,0
16028,160.280188756,67.286000000,100,1410,1215,31,0
16029,160.290189028,67.286000000,100,1410,1215,31,0
16030,160.300189711,67.286000000,100,1410,1215,31,0
16031,160.310189603,67.286000000,100,1410,1215,31,0
16032,160.320189103,67.286000000,100,1410,1215,31,0
16033,160.330189947,67.286000000,100,1410,1215,31,0
16034,160.340189497,67.286000000,100,1410,1215,31,0
16035,160.350192835,67.286000000,100,1410,1215,31,0
16036,160.360190012,66.963000000,100,1410,1215,31,0
16037,160.370189022,66.963000000,100,1410,1215,31,0
16038,160.380189775,66.963000000,100,1410,1215,31,0
16039,160.390189556,66.963000000,100,1410,1215,31,0
16040,160.400189337,66.963000000,100,1410,1215,31,0
16041,160.410189729,66.963000000,100,1410,1215,31,0
16042,160.420189921,66.963000000,100,1410,1215,31,0
16043,160.430189222,66.963000000,100,1410,1215,31,0
16044,160.440189684,66.963000000,100,1410,1215,31,0
16045,160.450189796,66.963000000,100,1410,1215,31,0
16046,160.460189888,66.962000000,100,1410,1215,31,0
16047,160.470188878,66.962000000,100,1410,1215,31,0
16048,160.480189591,66.962000000,100,1410,1215,31,0
16049,160.490189242,66.962000000,100,1410,1215,31,0
16050,160.500189143,66.962000000,100,1410,1215,31,0
16051,160.510189275,66.962000000,100,1410,1215,31,0
16052,160.520189357,66.962000000,100,1410,1215,31,0
16053,160.530189349,66.962000000,100,1410,1215,31,0
16054,160.540189711,66.962000000,100,1410,1215,31,0
16055,160.550189612,66.962000000,100,1410,1215,31,0
16056,160.560189875,67.079000000,100,1410,1215,31,0
16057,160.570190057,67.079000000,100,1410,1215,31,0
16058,160.580189838,67.079000000,100,1410,1215,31,0
16059,160.590190911,67.079000000,100,1410,1215,31,0
16060,160.600190913,67.079000000,100,1410,1215,31,0
16061,160.610193580,67.079000000,100,1410,1215,31,0
16062,160.620189404,67.079000000,100,1410,1215,31,0
16063,160.630189546,67.079000000,100,1410,1215,31,0
16064,160.640189156,67.079000000,100,1410,1215,31,0
16065,160.650190290,67.079000000,100,1410,1215,31,0
16066,160.660190713,67.156000000,100,1410,1215,31,0
16067,160.670189442,67.156000000,100,1410,1215,31,0
16068,160.680189143,67.156000000,100,1410,1215,31,0
16069,160.690188904,67.156000000,100,1410,1215,31,0
16070,160.700189166,67.156000000,100,1410,1215,31,0
16071,160.710190200,67.156000000,100,1410,1215,31,0
16072,160.720189410,67.156000000,100,1410,1215,31,0
16073,160.730189582,67.156000000,100,1410,1215,31,0
16074,160.740194212,67.156000000,100,1410,1215,31,0
16075,160.750190487,67.156000000,100,1410,1215,31,0
16076,160.760195077,67.072000000,100,1410,1215,31,0
16077,160.770193887,67.072000000,100,1410,1215,31,0
16078,160.780189190,67.072000000,100,1410,1215,31,0
16079,160.790188751,67.072000000,100,1410,1215,31,0
16080,160.800189674,67.072000000,100,1410,1215,31,0
16081,160.810189816,67.072000000,100,1410,1215,31,0
16082,160.820188725,67.072000000,100,1410,1215,31,0
16083,160.830361541,67.072000000,100,1410,1215,31,0
16084,160.840189210,67.072000000,100,1410,1215,31,0
16085,160.850194471,67.072000000,100,1410,1215,31,0
16086,160.860190465,67.079000000,100,1410,1215,31,0
16087,160.870193913,67.079000000,100,1410,1215,31,0
16088,160.880189527,67.079000000,100,1410,1215,31,0
16089,160.890189759,67.079000000,100,1410,1215,31,0
16090,160.900188087,67.079000000,100,1410,1215,31,0
16091,160.910189371,67.079000000,100,1410,1215,31,0
16092,160.920188161,67.079000000,100,1410,1215,31,0
16093,160.930188583,67.079000000,100,1410,1215,31,0
16094,160.940188996,67.079000000,100,1410,1215,31,0
16095,160.950189228,67.079000000,100,1410,1215,31,0
16096,160.960190281,67.091000000,100,1410,1215,31,0
16097,160.970188369,67.091000000,100,1410,1215,31,0
16098,160.980188431,67.091000000,100,1410,1215,31,0
16099,160.990192330,67.091000000,100,1410,1215,31,0
16100,161.000188965,67.091000000,100,1410,1215,31,0
16101,161.010188626,67.091000000,100,1410,1215,31,0
16102,161.020189740,67.091000000,100,1410,1215,31,0
16103,161.030189271,67.091000000,100,1410,1215,31,0
16104,161.040189493,67.091000000,100,1410,1215,31,0
16105,161.050187301,67.091000000,100,1410,1215,31,0
16106,161.060190488,67.059000000,100,1410,1215,31,0
16107,161.070188336,67.059000000,100,1410,1215,31,0
16108,161.080188007,67.059000000,100,1410,1215,31,0
16109,161.090187197,67.059000000,100,1410,1215,31,0
16110,161.100187870,67.059000000,100,1410,1215,31,0
16111,161.110192330,67.059000000,100,1410,1215,31,0
16112,161.120189767,67.059000000,100,1410,1215,31,0
16113,161.130189468,67.059000000,100,1410,1215,31,0
16114,161.140188377,67.059000000,100,1410,1215,31,0
16115,161.150193078,67.059000000,100,1410,1215,31,0
16116,161.160190174,66.962000000,100,1410,1215,31,0
16117,161.170189785,66.962000000,100,1410,1215,31,0
16118,161.180188965,66.962000000,100,1410,1215,31,0
16119,161.190189157,66.962000000,100,1410,1215,31,0
16120,161.200188878,66.962000000,100,1410,1215,31,0
16121,161.210189591,66.962000000,100,1410,1215,31,0
16122,161.220187008,66.962000000,100,1410,1215,31,0
16123,161.230189194,66.962000000,100,1410,1215,31,0
16124,161.240192892,66.962000000,100,1410,1215,31,0
16125,161.250188616,66.962000000,100,1410,1215,31,0
16126,161.260190211,67.059000000,100,1410,1215,31,0
16127,161.270188669,67.059000000,100,1410,1215,31,0
16128,161.280188611,67.059000000,100,1410,1215,31,0
16129,161.290189574,67.059000000,100,1410,1215,31,0
16130,161.300189546,67.059000000,100,1410,1215,31,0
16131,161.310188195,67.059000000,100,1410,1215,31,0
16132,161.320188998,67.059000000,100,1410,1215,31,0
16133,161.330188539,67.059000000,100,1410,1215,31,0
16134,161.340193520,67.059000000,100,1410,1215,31,0
16135,161.350189354,67.059000000,100,1410,1215,31,0
16136,161.360190748,67.054000000,100,1410,1215,31,0
16137,161.370189027,67.054000000,100,1410,1215,31,0
16138,161.380188878,67.054000000,100,1410,1215,31,0
16139,161.390189861,67.054000000,100,1410,1215,31,0
16140,161.400189152,67.054000000,100,1410,1215,31,0
16141,161.410188883,67.054000000,100,1410,1215,31,0
16142,161.420189446,67.054000000,100,1410,1215,31,0
16143,161.430189497,67.054000000,100,1410,1215,31,0
16144,161.440188227,67.054000000,100,1410,1215,31,0
16145,161.450193288,67.054000000,100,1410,1215,31,0
16146,161.460190394,67.058000000,100,1410,1215,31,0
16147,161.470189143,67.058000000,100,1410,1215,31,0
16148,161.480189305,67.058000000,100,1410,1215,31,0
16149,161.490189828,67.058000000,100,1410,1215,31,0
16150,161.500188838,67.058000000,100,1410,1215,31,0
16151,161.510189440,67.058000000,100,1410,1215,31,0
16152,161.520189742,67.058000000,100,1410,1215,31,0
16153,161.530195765,67.058000000,100,1410,1215,31,0
16154,161.540190678,67.058000000,100,1410,1215,31,0
16155,161.550189156,67.058000000,100,1410,1215,31,0
16156,161.560190440,67.054000000,100,1410,1215,31,0
16157,161.570189280,67.054000000,100,1410,1215,31,0
16158,161.580190013,67.054000000,100,1410,1215,31,0
16159,161.590190325,67.054000000,100,1410,1215,31,0
16160,161.600189195,67.054000000,100,1410,1215,31,0
16161,161.610189377,67.054000000,100,1410,1215,31,0
16162,161.620188266,67.054000000,100,1410,1215,31,0
16163,161.630189270,67.054000000,100,1410,1215,31,0
16164,161.640188410,67.054000000,100,1410,1215,31,0
16165,161.650191988,67.054000000,100,1410,1215,31,0
16166,161.660190307,66.962000000,100,1410,1215,31,0
16167,161.670192873,66.962000000,100,1410,1215,31,0
16168,161.680189478,66.962000000,100,1410,1215,31,0
16169,161.690192937,66.962000000,100,1410,1215,31,0
16170,161.700194191,66.962000000,100,1410,1215,31,0
16171,161.710188542,66.962000000,100,1410,1215,31,0
16172,161.720188694,66.962000000,100,1410,1215,31,0
16173,161.730190358,66.962000000,100,1410,1215,31,0
16174,161.740193275,66.962000000,100,1410,1215,31,0
16175,161.750193658,66.962000000,100,1410,1215,31,0
16176,161.760189572,66.846000000,100,1410,1215,31,0
16177,161.770188892,66.846000000,100,1410,1215,31,0
16178,161.780188724,66.846000000,100,1410,1215,31,0
16179,161.790188575,66.846000000,100,1410,1215,31,0
16180,161.800188927,66.846000000,100,1410,1215,31,0
16181,161.810188488,66.846000000,100,1410,1215,31,0
16182,161.820193028,66.846000000,100,1410,1215,31,0
16183,161.830188722,66.846000000,100,1410,1215,31,0
16184,161.840189605,66.846000000,100,1410,1215,31,0
16185,161.850193384,66.846000000,100,1410,1215,31,0
16186,161.860190330,67.035000000,100,1410,1215,31,0
16187,161.870188568,67.035000000,100,1410,1215,31,0
16188,161.880188389,67.035000000,100,1410,1215,31,0
16189,161.890192889,67.035000000,100,1410,1215,31,0
16190,161.900189224,67.035000000,100,1410,1215,31,0
16191,161.910188454,67.035000000,100,1410,1215,31,0
16192,161.920188456,67.035000000,100,1410,1215,31,0
16193,161.930189790,67.035000000,100,1410,1215,31,0
16194,161.940188239,67.035000000,100,1410,1215,31,0
16195,161.950194011,67.035000000,100,1410,1215,31,0
16196,161.960190667,67.054000000,100,1410,1215,31,0
16197,161.970189115,67.054000000,100,1410,1215,31,0
16198,161.980190640,67.054000000,100,1410,1215,31,0
16199,161.990189519,67.054000000,100,1410,1215,31,0
16200,162.000189271,67.054000000,100,1410,1215,31,0
16201,162.010188811,67.054000000,100,1410,1215,31,0
16202,162.020193131,67.054000000,100,1410,1215,31,0
16203,162.030190448,67.054000000,100,1410,1215,31,0
16204,162.040189698,67.054000000,100,1410,1215,31,0
16205,162.050189509,67.054000000,100,1410,1215,31,0
16206,162.060191124,66.962000000,100,1410,1215,31,0
16207,162.070189342,66.962000000,100,1410,1215,31,0
16208,162.080188963,66.962000000,100,1410,1215,31,0
16209,162.090189406,66.962000000,100,1410,1215,31,0
16210,162.100189207,66.962000000,100,1410,1215,31,0
16211,162.110190671,66.962000000,100,1410,1215,31,0
16212,162.120189160,66.962000000,100,1410,1215,31,0
16213,162.130189943,66.962000000,100,1410,1215,31,0
16214,162.140189344,66.962000000,100,1410,1215,31,0
16215,162.150189676,66.962000000,100,1410,1215,31,0
16216,162.160190178,66.962000000,100,1410,1215,31,0
16217,162.170189880,66.962000000,100,1410,1215,31,0
16218,162.180188689,66.962000000,100,1410,1215,31,0
16219,162.190189532,66.962000000,100,1410,1215,31,0
16220,162.200189674,66.962000000,100,1410,1215,31,0
16221,162.210190187,66.962000000,100,1410,1215,31,0
16222,162.220188796,66.962000000,100,1410,1215,31,0
16223,162.230189659,66.962000000,100,1410,1215,31,0
16224,162.240188759,66.962000000,100,1410,1215,31,0
16225,162.250189422,66.962000000,100,1410,1215,31,0
16226,162.260190796,67.060000000,100,1410,1215,31,0
16227,162.270189886,67.060000000,100,1410,1215,31,0
16228,162.280189186,67.060000000,100,1410,1215,31,0
16229,162.290190471,67.060000000,100,1410,1215,31,0
16230,162.300189130,67.060000000,100,1410,1215,31,0
16231,162.310190083,67.060000000,100,1410,1215,31,0
16232,162.320189784,67.060000000,100,1410,1215,31,0
16233,162.330189676,67.060000000,100,1410,1215,31,0
16234,162.340188715,67.060000000,100,1410,1215,31,0
16235,162.350188707,67.060000000,100,1410,1215,31,0
16236,162.360190652,66.962000000,100,1410,1215,31,0
16237,162.370188981,66.962000000,100,1410,1215,31,0
16238,162.380188892,66.962000000,100,1410,1215,31,0
16239,162.390189395,66.962000000,100,1410,1215,31,0
16240,162.400189707,66.962000000,100,1410,1215,31,0
16241,162.410188837,66.962000000,100,1410,1215,31,0
16242,162.420188849,66.962000000,100,1410,1215,31,0
16243,162.430188700,66.962000000,100,1410,1215,31,0
16244,162.440188211,66.962000000,100,1410,1215,31,0
16245,162.450189555,66.962000000,100,1410,1215,31,0
16246,162.460194977,66.773000000,100,1410,1215,31,0
16247,162.470189909,66.773000000,100,1410,1215,31,0
16248,162.480189590,66.773000000,100,1410,1215,31,0
16249,162.490189682,66.773000000,100,1410,1215,31,0
16250,162.500188832,66.773000000,100,1410,1215,31,0
16251,162.510189044,66.773000000,100,1410,1215,31,0
16252,162.520189747,66.773000000,100,1410,1215,31,0
16253,162.530188947,66.773000000,100,1410,1215,31,0
16254,162.540189149,66.773000000,100,1410,1215,31,0
16255,162.550189992,66.773000000,100,1410,1215,31,0
16256,162.560190896,66.865000000,100,1410,1215,31,0
16257,162.570188873,66.865000000,100,1410,1215,31,0
16258,162.580189436,66.865000000,100,1410,1215,31,0
16259,162.590189788,66.865000000,100,1410,1215,31,0
16260,162.600189409,66.865000000,100,1410,1215,31,0
16261,162.610192797,66.865000000,100,1410,1215,31,0
16262,162.620190194,66.865000000,100,1410,1215,31,0
16263,162.630189454,66.865000000,100,1410,1215,31,0
16264,162.640190268,66.865000000,100,1410,1215,31,0
16265,162.650189688,66.865000000,100,1410,1215,31,0
16266,162.660190191,67.157000000,100,1410,1215,31,0
16267,162.670190343,67.157000000,100,1410,1215,31,0
16268,162.680189633,67.157000000,100,1410,1215,31,0
16269,162.690189304,67.157000000,100,1410,1215,31,0
16270,162.700334708,67.157000000,100,1410,1215,31,0
16271,162.710189578,67.157000000,100,1410,1215,31,0
16272,162.720193937,67.157000000,100,1410,1215,31,0
16273,162.730190603,67.157000000,100,1410,1215,31,0
16274,162.740190204,67.157000000,100,1410,1215,31,0
16275,162.750190977,67.157000000,100,1410,1215,31,0
16276,162.760191029,67.060000000,100,1410,1215,31,0
16277,162.770194236,67.060000000,100,1410,1215,31,0
16278,162.780189729,67.060000000,100,1410,1215,31,0
16279,162.790193558,67.060000000,100,1410,1215,31,0
16280,162.800189953,67.060000000,100,1410,1215,31,0
16281,162.810190406,67.060000000,100,1410,1215,31,0
16282,162.820189596,67.060000000,100,1410,1215,31,0
16283,162.830189437,67.060000000,100,1410,1215,31,0
16284,162.840188848,67.060000000,100,1410,1215,31,0
16285,162.850193217,67.060000000,100,1410,1215,31,0
16286,162.860189853,66.762000000,100,1410,1215,31,0
16287,162.870189564,66.762000000,100,1410,1215,31,0
16288,162.880193343,66.762000000,100,1410,1215,31,0
16289,162.890189397,66.762000000,100,1410,1215,31,0
16290,162.900189148,66.762000000,100,1410,1215,31,0
16291,162.910190182,66.762000000,100,1410,1215,31,0
16292,162.920189482,66.762000000,100,1410,1215,31,0
16293,162.930188892,66.762000000,100,1410,1215,31,0
16294,162.940189636,66.762000000,100,1410,1215,31,0
16295,162.950188325,66.762000000,100,1410,1215,31,0
16296,162.960190971,66.962000000,100,1410,1215,31,0
16297,162.970188619,66.962000000,100,1410,1215,31,0
16298,162.980188540,66.962000000,100,1410,1215,31,0
16299,162.990187850,66.962000000,100,1410,1215,31,0
16300,163.000189385,66.962000000,100,1410,1215,31,0
16301,163.010189527,66.962000000,100,1410,1215,31,0
16302,163.020187955,66.962000000,100,1410,1215,31,0
16303,163.030188258,66.962000000,100,1410,1215,31,0
16304,163.040193699,66.962000000,100,1410,1215,31,0
16305,163.050188501,66.962000000,100,1410,1215,31,0
16306,163.060194544,66.962000000,100,1410,1215,31,0
16307,163.070188495,66.962000000,100,1410,1215,31,0
16308,163.080188807,66.962000000,100,1410,1215,31,0
16309,163.090192716,66.962000000,100,1410,1215,31,0
16310,163.100189131,66.962000000,100,1410,1215,31,0
16311,163.110188812,66.962000000,100,1410,1215,31,0
16312,163.120189304,66.962000000,100,1410,1215,31,0
16313,163.130189276,66.962000000,100,1410,1215,31,0
16314,163.140189027,66.962000000,100,1410,1215,31,0
16315,163.150188087,66.962000000,100,1410,1215,31,0
16316,163.160190543,66.748000000,100,1410,1215,31,0
16317,163.170192979,66.748000000,100,1410,1215,31,0
16318,163.180189014,66.748000000,100,1410,1215,31,0
16319,163.190188154,66.748000000,100,1410,1215,31,0
16320,163.200188797,66.748000000,100,1410,1215,31,0
16321,163.210189189,66.748000000,100,1410,1215,31,0
16322,163.220192797,66.748000000,100,1410,1215,31,0
16323,163.230188581,66.748000000,100,1410,1215,31,0
16324,163.240189014,66.748000000,100,1410,1215,31,0
16325,163.250188775,66.748000000,100,1410,1215,31,0
16326,163.260190580,66.962000000,100,1410,1215,31,0
16327,163.270188527,66.962000000,100,1410,1215,31,0
16328,163.280188669,66.962000000,100,1410,1215,31,0
16329,163.290188040,66.962000000,100,1410,1215,31,0
16330,163.300189584,66.962000000,100,1410,1215,31,0
16331,163.310194375,66.962000000,100,1410,1215,31,0
16332,163.320188776,66.962000000,100,1410,1215,31,0
16333,163.330188016,66.962000000,100,1410,1215,31,0
16334,163.340188469,66.962000000,100,1410,1215,31,0
16335,163.350188571,66.962000000,100,1410,1215,31,0
16336,163.360189604,67.267000000,100,1410,1215,31,0
16337,163.370188905,67.267000000,100,1410,1215,31,0
16338,163.380189607,67.267000000,100,1410,1215,31,0
16339,163.390193777,67.267000000,100,1410,1215,31,0
16340,163.400189320,67.267000000,100,1410,1215,31,0
16341,163.410188450,67.267000000,100,1410,1215,31,0
16342,163.420189313,67.267000000,100,1410,1215,31,0
16343,163.430189025,67.267000000,100,1410,1215,31,0
16344,163.440188676,67.267000000,100,1410,1215,31,0
16345,163.450193156,67.267000000,100,1410,1215,31,0
16346,163.460190552,67.059000000,100,1410,1215,31,0
16347,163.470188560,67.059000000,100,1410,1215,31,0
16348,163.480189624,67.059000000,100,1410,1215,31,0
16349,163.490192671,67.059000000,100,1410,1215,31,0
16350,163.500189427,67.059000000,100,1410,1215,31,0
16351,163.510189458,67.059000000,100,1410,1215,31,0
16352,163.520188709,67.059000000,100,1410,1215,31,0
16353,163.530188520,67.059000000,100,1410,1215,31,0
16354,163.540189033,67.059000000,100,1410,1215,31,0
16355,163.550189285,67.059000000,100,1410,1215,31,0
16356,163.560190218,66.743000000,100,1410,1215,31,0
16357,163.570189589,66.743000000,100,1410,1215,31,0
16358,163.580188378,66.743000000,100,1410,1215,31,0
16359,163.590189151,66.743000000,100,1410,1215,31,0
16360,163.600192589,66.743000000,100,1410,1215,31,0
16361,163.610189174,66.743000000,100,1410,1215,31,0
16362,163.620188415,66.743000000,100,1410,1215,31,0
16363,163.630189518,66.743000000,100,1410,1215,31,0
16364,163.640188628,66.743000000,100,1410,1215,31,0
16365,163.650188089,66.743000000,100,1410,1215,31,0
16366,163.660189473,66.944000000,100,1410,1215,31,0
16367,163.670195516,66.944000000,100,1410,1215,31,0
16368,163.680189546,66.944000000,100,1410,1215,31,0
16369,163.690189097,66.944000000,100,1410,1215,31,0
16370,163.700193397,66.944000000,100,1410,1215,31,0
16371,163.710189501,66.944000000,100,1410,1215,31,0
16372,163.720188160,66.944000000,100,1410,1215,31,0
16373,163.730189104,66.944000000,100,1410,1215,31,0
16374,163.740188935,66.944000000,100,1410,1215,31,0
16375,163.750188746,66.944000000,100,1410,1215,31,0
16376,163.760190120,67.157000000,100,1410,1215,31,0
16377,163.770193619,67.157000000,100,1410,1215,31,0
16378,163.780188100,67.157000000,100,1410,1215,31,0
16379,163.790188102,67.157000000,100,1410,1215,31,0
16380,163.800189105,67.157000000,100,1410,1215,31,0
16381,163.810193685,67.157000000,100,1410,1215,31,0
16382,163.820191363,67.157000000,100,1410,1215,31,0
16383,163.830189451,67.157000000,100,1410,1215,31,0
16384,163.840188671,67.157000000,100,1410,1215,31,0
16385,163.850190606,67.157000000,100,1410,1215,31,0
16386,163.860188764,66.962000000,100,1410,1215,31,0
16387,163.870189517,66.962000000,100,1410,1215,31,0
16388,163.880332527,66.962000000,100,1410,1215,31,0
16389,163.890188739,66.962000000,100,1410,1215,31,0
16390,163.900187799,66.962000000,100,1410,1215,31,0
16391,163.910189213,66.962000000,100,1410,1215,31,0
16392,163.920187692,66.962000000,100,1410,1215,31,0
16393,163.930188535,66.962000000,100,1410,1215,31,0
16394,163.940188106,66.962000000,100,1410,1215,31,0
16395,163.950188899,66.962000000,100,1410,1215,31,0
16396,163.960190293,66.962000000,100,1410,1215,31,0
16397,163.970186257,66.962000000,100,1410,1215,31,0
16398,163.980188584,66.962000000,100,1410,1215,31,0
16399,163.990189737,66.962000000,100,1410,1215,31,0
16400,164.000188737,66.962000000,100,1410,1215,31,0
16401,164.010187777,66.962000000,100,1410,1215,31,0
16402,164.020190043,66.962000000,100,1410,1215,31,0
16403,164.030189674,66.962000000,100,1410,1215,31,0
16404,164.040189315,66.962000000,100,1410,1215,31,0
16405,164.050186521,66.962000000,100,1410,1215,31,0
16406,164.060190350,67.054000000,100,1410,1215,31,0
16407,164.070192225,67.054000000,100,1410,1215,31,0
16408,164.080188520,67.054000000,100,1410,1215,31,0
16409,164.090188231,67.054000000,100,1410,1215,31,0
16410,164.100188794,67.054000000,100,1410,1215,31,0
16411,164.110188094,67.054000000,100,1410,1215,31,0
16412,164.120188707,67.054000000,100,1410,1215,31,0
16413,164.130186394,67.054000000,100,1410,1215,31,0
16414,164.140190533,67.054000000,100,1410,1215,31,0
16415,164.150189633,67.054000000,100,1410,1215,31,0
16416,164.160190346,67.176000000,100,1410,1215,31,0
16417,164.170188484,67.176000000,100,1410,1215,31,0
16418,164.180188807,67.176000000,100,1410,1215,31,0
16419,164.190192856,67.176000000,100,1410,1215,31,0
16420,164.200193569,67.176000000,100,1410,1215,31,0
16421,164.210188812,67.176000000,100,1410,1215,31,0
16422,164.220188773,67.176000000,100,1410,1215,31,0
16423,164.230188053,67.176000000,100,1410,1215,31,0
16424,164.240189889,67.176000000,100,1410,1215,31,0
16425,164.250189570,67.176000000,100,1410,1215,31,0
16426,164.260191675,67.085000000,100,1410,1215,31,0
16427,164.270188821,67.085000000,100,1410,1215,31,0
16428,164.280189194,67.085000000,100,1410,1215,31,0
16429,164.290190057,67.085000000,100,1410,1215,31,0
16430,164.300189578,67.085000000,100,1410,1215,31,0
16431,164.310189118,67.085000000,100,1410,1215,31,0
16432,164.320189691,67.085000000,100,1410,1215,31,0
16433,164.330189222,67.085000000,100,1410,1215,31,0
16434,164.340189514,67.085000000,100,1410,1215,31,0
16435,164.350189776,67.085000000,100,1410,1215,31,0
16436,164.360190910,67.060000000,100,1410,1215,31,0
16437,164.370189409,67.060000000,100,1410,1215,31,0
16438,164.380189521,67.060000000,100,1410,1215,31,0
16439,164.390189743,67.060000000,100,1410,1215,31,0
16440,164.400193431,67.060000000,100,1410,1215,31,0
16441,164.410189205,67.060000000,100,1410,1215,31,0
16442,164.420188525,67.060000000,100,1410,1215,31,0
16443,164.430188797,67.060000000,100,1410,1215,31,0
16444,164.440188148,67.060000000,100,1410,1215,31,0
16445,164.450188250,67.060000000,100,1410,1215,31,0
16446,164.460190155,66.865000000,100,1410,1215,31,0
16447,164.470188804,66.865000000,100,1410,1215,31,0
16448,164.480189357,66.865000000,100,1410,1215,31,0
16449,164.490188527,66.865000000,100,1410,1215,31,0
16450,164.500193778,66.865000000,100,1410,1215,31,0
16451,164.510189832,66.865000000,100,1410,1215,31,0
16452,164.520189313,66.865000000,100,1410,1215,31,0
16453,164.530189685,66.865000000,100,1410,1215,31,0
16454,164.540189958,66.865000000,100,1410,1215,31,0
16455,164.550189278,66.865000000,100,1410,1215,31,0
16456,164.560190913,67.060000000,100,1410,1215,31,0
16457,164.570189872,67.060000000,100,1410,1215,31,0
16458,164.580193541,67.060000000,100,1410,1215,31,0
16459,164.590190066,67.060000000,100,1410,1215,31,0
16460,164.600193394,67.060000000,100,1410,1215,31,0
16461,164.610190390,67.060000000,100,1410,1215,31,0
16462,164.620189369,67.060000000,100,1410,1215,31,0
16463,164.630188630,67.060000000,100,1410,1215,31,0
16464,164.640188862,67.060000000,100,1410,1215,31,0
16465,164.650189254,67.060000000,100,1410,1215,31,0
16466,164.660191220,67.188000000,100,1410,1215,31,0
16467,164.670189989,67.188000000,100,1410,1215,31,0
16468,164.680188968,67.188000000,100,1410,1215,31,0
16469,164.690189090,67.188000000,100,1410,1215,31,0
16470,164.700189012,67.188000000,100,1410,1215,31,0
16471,164.710188863,67.188000000,100,1410,1215,31,0
16472,164.720189837,67.188000000,100,1410,1215,31,0
16473,164.730189347,67.188000000,100,1410,1215,31,0
16474,164.740188968,67.188000000,100,1410,1215,31,0
16475,164.750192988,67.188000000,100,1410,1215,31,0
16476,164.760191176,67.078000000,100,1410,1215,31,0
16477,164.770189775,67.078000000,100,1410,1215,31,0
16478,164.780189416,67.078000000,100,1410,1215,31,0
16479,164.790189357,67.078000000,100,1410,1215,31,0
16480,164.800194108,67.078000000,100,1410,1215,31,0
16481,164.810189090,67.078000000,100,1410,1215,31,0
16482,164.820189082,67.078000000,100,1410,1215,31,0
16483,164.830189694,67.078000000,100,1410,1215,31,0
16484,164.840188945,67.078000000,100,1410,1215,31,0
16485,164.850190068,67.078000000,100,1410,1215,31,0
16486,164.860190210,66.962000000,100,1410,1215,31,0
16487,164.870189060,66.962000000,100,1410,1215,31,0
16488,164.880189332,66.962000000,100,1410,1215,31,0
16489,164.890188953,66.962000000,100,1410,1215,31,0
16490,164.900188624,66.962000000,100,1410,1215,31,0
16491,164.910189928,66.962000000,100,1410,1215,31,0
16492,164.920188968,66.962000000,100,1410,1215,31,0
16493,164.930189230,66.962000000,100,1410,1215,31,0
16494,164.940189472,66.962000000,100,1410,1215,31,0
16495,164.950189584,66.962000000,100,1410,1215,31,0
16496,164.960189816,67.170000000,100,1410,1215,31,0
16497,164.970189026,67.170000000,100,1410,1215,31,0
16498,164.980189508,67.170000000,100,1410,1215,31,0
16499,164.990189350,67.170000000,100,1410,1215,31,0
16500,165.000189492,67.170000000,100,1410,1215,31,0
16501,165.010189293,67.170000000,100,1410,1215,31,0
16502,165.020193673,67.170000000,100,1410,1215,31,0
16503,165.030188074,67.170000000,100,1410,1215,31,0
16504,165.040189698,67.170000000,100,1410,1215,31,0
16505,165.050189830,67.170000000,100,1410,1215,31,0
16506,165.060190373,67.053000000,100,1410,1215,31,0
16507,165.070188822,67.053000000,100,1410,1215,31,0
16508,165.080189014,67.053000000,100,1410,1215,31,0
16509,165.090188715,67.053000000,100,1410,1215,31,0
16510,165.100188486,67.053000000,100,1410,1215,31,0
16511,165.110188998,67.053000000,100,1410,1215,31,0
16512,165.120189130,67.053000000,100,1410,1215,31,0
16513,165.130188731,67.053000000,100,1410,1215,31,0
16514,165.140189314,67.053000000,100,1410,1215,31,0
16515,165.150189205,67.053000000,100,1410,1215,31,0
16516,165.160190309,66.865000000,100,1410,1215,31,0
16517,165.170188988,66.865000000,100,1410,1215,31,0
16518,165.180186746,66.865000000,100,1410,1215,31,0
16519,165.190193330,66.865000000,100,1410,1215,31,0
16520,165.200188572,66.865000000,100,1410,1215,31,0
16521,165.210188564,66.865000000,100,1410,1215,31,0
16522,165.220188646,66.865000000,100,1410,1215,31,0
16523,165.230188227,66.865000000,100,1410,1215,31,0
16524,165.240191204,66.865000000,100,1410,1215,31,0
16525,165.250188240,66.865000000,100,1410,1215,31,0
16526,165.260190385,66.864000000,100,1410,1215,31,0
16527,165.270189555,66.864000000,100,1410,1215,31,0
16528,165.280188796,66.864000000,100,1410,1215,31,0
16529,165.290188377,66.864000000,100,1410,1215,31,0
16530,165.300188909,66.864000000,100,1410,1215,31,0
16531,165.310189332,66.864000000,100,1410,1215,31,0
16532,165.320188682,66.864000000,100,1410,1215,31,0
16533,165.330188523,66.864000000,100,1410,1215,31,0
16534,165.340187333,66.864000000,100,1410,1215,31,0
16535,165.350188396,66.864000000,100,1410,1215,31,0
16536,165.360190011,67.072000000,100,1410,1215,31,0
16537,165.370188099,67.072000000,100,1410,1215,31,0
16538,165.380189413,67.072000000,100,1410,1215,31,0
16539,165.390189405,67.072000000,100,1410,1215,31,0
16540,165.400190028,67.072000000,100,1410,1215,31,0
16541,165.410188987,67.072000000,100,1410,1215,31,0
16542,165.420189900,67.072000000,100,1410,1215,31,0
16543,165.430189972,67.072000000,100,1410,1215,31,0
16544,165.440189433,67.072000000,100,1410,1215,31,0
16545,165.450189294,67.072000000,100,1410,1215,31,0
16546,165.460190308,67.072000000,100,1410,1215,31,0
16547,165.470189438,67.072000000,100,1410,1215,31,0
16548,165.480189269,67.072000000,100,1410,1215,31,0
16549,165.490189802,67.072000000,100,1410,1215,31,0
16550,165.500293748,67.072000000,100,1410,1215,31,0
16551,165.510189084,67.072000000,100,1410,1215,31,0
16552,165.520190328,67.072000000,100,1410,1215,31,0
16553,165.530189357,67.072000000,100,1410,1215,31,0
16554,165.540189630,67.072000000,100,1410,1215,31,0
16555,165.550190463,67.072000000,100,1410,1215,31,0
16556,165.560191216,67.060000000,100,1410,1215,31,0
16557,165.570188162,67.060000000,100,1410,1215,31,0
16558,165.580189316,67.060000000,100,1410,1215,31,0
16559,165.590190690,67.060000000,100,1410,1215,31,0
16560,165.600189178,67.060000000,100,1410,1215,31,0
16561,165.610188328,67.060000000,100,1410,1215,31,0
16562,165.620189212,67.060000000,100,1410,1215,31,0
16563,165.630190376,67.060000000,100,1410,1215,31,0
16564,165.640189045,67.060000000,100,1410,1215,31,0
16565,165.650188445,67.060000000,100,1410,1215,31,0
16566,165.660189900,66.865000000,100,1410,1215,31,0
16567,165.670187877,66.865000000,100,1410,1215,31,0
16568,165.680188741,66.865000000,100,1410,1215,31,0
16569,165.690192750,66.865000000,100,1410,1215,31,0
16570,165.700188443,66.865000000,100,1410,1215,31,0
16571,165.710188545,66.865000000,100,1410,1215,31,0
16572,165.720189348,66.865000000,100,1410,1215,31,0
16573,165.730189570,66.865000000,100,1410,1215,31,0
16574,165.740189622,66.865000000,100,1410,1215,31,0
16575,165.750189463,66.865000000,100,1410,1215,31,0
16576,165.760190898,66.962000000,100,1410,1215,31,0
16577,165.770189126,66.962000000,100,1410,1215,31,0
16578,165.780189168,66.962000000,100,1410,1215,31,0
16579,165.790188017,66.962000000,100,1410,1215,31,0
16580,165.800188790,66.962000000,100,1410,1215,31,0
16581,165.810189052,66.962000000,100,1410,1215,31,0
16582,165.820188593,66.962000000,100,1410,1215,31,0
16583,165.830190839,66.962000000,100,1410,1215,31,0
16584,165.840193095,66.962000000,100,1410,1215,31,0
16585,165.850193327,66.962000000,100,1410,1215,31,0
16586,165.860190533,66.962000000,100,1410,1215,31,0
16587,165.870188231,66.962000000,100,1410,1215,31,0
16588,165.880189134,66.962000000,100,1410,1215,31,0
16589,165.890188053,66.962000000,100,1410,1215,31,0
16590,165.900188766,66.962000000,100,1410,1215,31,0
16591,165.910188558,66.962000000,100,1410,1215,31,0
16592,165.920189451,66.962000000,100,1410,1215,31,0
16593,165.930188932,66.962000000,100,1410,1215,31,0
16594,165.940189164,66.962000000,100,1410,1215,31,0
16595,165.950189165,66.962000000,100,1410,1215,31,0
16596,165.960189768,66.962000000,100,1410,1215,31,0
16597,165.970189178,66.962000000,100,1410,1215,31,0
16598,165.980188278,66.962000000,100,1410,1215,31,0
16599,165.990188130,66.962000000,100,1410,1215,31,0
16600,166.000192079,66.962000000,100,1410,1215,31,0
16601,166.010222437,66.962000000,100,1410,1215,31,0
16602,166.020188205,66.962000000,100,1410,1215,31,0
16603,166.030190050,66.962000000,100,1410,1215,31,0
16604,166.040188008,66.962000000,100,1410,1215,31,0
16605,166.050192047,66.962000000,100,1410,1215,31,0
16606,166.060189343,66.657000000,100,1410,1215,31,0
16607,166.070187892,66.657000000,100,1410,1215,31,0
16608,166.080186281,66.657000000,100,1410,1215,31,0
16609,166.090188326,66.657000000,100,1410,1215,31,0
16610,166.100188218,66.657000000,100,1410,1215,31,0
16611,166.110188460,66.657000000,100,1410,1215,31,0
16612,166.120188632,66.657000000,100,1410,1215,31,0
16613,166.130188794,66.657000000,100,1410,1215,31,0
16614,166.140189206,66.657000000,100,1410,1215,31,0
16615,166.150189528,66.657000000,100,1410,1215,31,0
16616,166.160193808,67.157000000,100,1410,1215,31,0
16617,166.170189271,67.157000000,100,1410,1215,31,0
16618,166.180192649,67.157000000,100,1410,1215,31,0
16619,166.190188954,67.157000000,100,1410,1215,31,0
16620,166.200189216,67.157000000,100,1410,1215,31,0
16621,166.210189127,67.157000000,100,1410,1215,31,0
16622,166.220189650,67.157000000,100,1410,1215,31,0
16623,166.230191054,67.157000000,100,1410,1215,31,0
16624,166.240189894,67.157000000,100,1410,1215,31,0
16625,166.250188563,67.157000000,100,1410,1215,31,0
16626,166.260190027,67.170000000,100,1410,1215,31,0
16627,166.270190069,67.170000000,100,1410,1215,31,0
16628,166.280188688,67.170000000,100,1410,1215,31,0
16629,166.290194100,67.170000000,100,1410,1215,31,0
16630,166.300188551,67.170000000,100,1410,1215,31,0
16631,166.310188853,67.170000000,100,1410,1215,31,0
16632,166.320188704,67.170000000,100,1410,1215,31,0
16633,166.330188586,67.170000000,100,1410,1215,31,0
16634,166.340189078,67.170000000,100,1410,1215,31,0
16635,166.350189250,67.170000000,100,1410,1215,31,0
16636,166.360189993,66.962000000,100,1410,1215,31,0
16637,166.370188963,66.962000000,100,1410,1215,31,0
16638,166.380189045,66.962000000,100,1410,1215,31,0
16639,166.390189417,66.962000000,100,1410,1215,31,0
16640,166.400192134,66.962000000,100,1410,1215,31,0
16641,166.410188829,66.962000000,100,1410,1215,31,0
16642,166.420188821,66.962000000,100,1410,1215,31,0
16643,166.430189203,66.962000000,100,1410,1215,31,0
16644,166.440281027,66.962000000,100,1410,1215,31,0
16645,166.450187994,66.962000000,100,1410,1215,31,0
16646,166.460191051,66.762000000,100,1410,1215,31,0
16647,166.470188608,66.762000000,100,1410,1215,31,0
16648,166.480188690,66.762000000,100,1410,1215,31,0
16649,166.490186999,66.762000000,100,1410,1215,31,0
16650,166.500188834,66.762000000,100,1410,1215,31,0
16651,166.510188775,66.762000000,100,1410,1215,31,0
16652,166.520188727,66.762000000,100,1410,1215,31,0
16653,166.530189039,66.762000000,100,1410,1215,31,0
16654,166.540293396,66.762000000,100,1410,1215,31,0
16655,166.550188892,66.762000000,100,1410,1215,31,0
16656,166.560190366,67.157000000,100,1410,1215,31,0
16657,166.570190178,67.157000000,100,1410,1215,31,0
16658,166.580190269,67.157000000,100,1410,1215,31,0
16659,166.590190010,67.157000000,100,1410,1215,31,0
16660,166.600190323,67.157000000,100,1410,1215,31,0
16661,166.610189884,67.157000000,100,1410,1215,31,0
16662,166.620189545,67.157000000,100,1410,1215,31,0
16663,166.630190278,67.157000000,100,1410,1215,31,0
16664,166.640193515,67.157000000,100,1410,1215,31,0
16665,166.650189569,67.157000000,100,1410,1215,31,0
16666,166.660189571,67.055000000,100,1410,1215,31,0
16667,166.670190134,67.055000000,100,1410,1215,31,0
16668,166.680189404,67.055000000,100,1410,1215,31,0
16669,166.690188153,67.055000000,100,1410,1215,31,0
16670,166.700189437,67.055000000,100,1410,1215,31,0
16671,166.710189990,67.055000000,100,1410,1215,31,0
16672,166.720190382,67.055000000,100,1410,1215,31,0
16673,166.730190013,67.055000000,100,1410,1215,31,0
16674,166.740189324,67.055000000,100,1410,1215,31,0
16675,166.750189485,67.055000000,100,1410,1215,31,0
16676,166.760194787,66.865000000,100,1410,1215,31,0
16677,166.770189900,66.865000000,100,1410,1215,31,0
16678,166.780188578,66.865000000,100,1410,1215,31,0
16679,166.790188720,66.865000000,100,1410,1215,31,0
16680,166.800189714,66.865000000,100,1410,1215,31,0
16681,166.810192882,66.865000000,100,1410,1215,31,0
16682,166.820189567,66.865000000,100,1410,1215,31,0
16683,166.830188426,66.865000000,100,1410,1215,31,0
16684,166.840188849,66.865000000,100,1410,1215,31,0
16685,166.850189962,66.865000000,100,1410,1215,31,0
16686,166.860189754,67.059000000,100,1410,1215,31,0
16687,166.870193322,67.059000000,100,1410,1215,31,0
16688,166.880190128,67.059000000,100,1410,1215,31,0
16689,166.890188687,67.059000000,100,1410,1215,31,0
16690,166.900188508,67.059000000,100,1410,1215,31,0
16691,166.910189241,67.059000000,100,1410,1215,31,0
16692,166.920193160,67.059000000,100,1410,1215,31,0
16693,166.930189444,67.059000000,100,1410,1215,31,0
16694,166.940188234,67.059000000,100,1410,1215,31,0
16695,166.950188266,67.059000000,100,1410,1215,31,0
16696,166.960189640,67.164000000,100,1410,1215,31,0
16697,166.970190002,67.164000000,100,1410,1215,31,0
16698,166.980187940,67.164000000,100,1410,1215,31,0
16699,166.990189114,67.164000000,100,1410,1215,31,0
16700,167.000189406,67.164000000,100,1410,1215,31,0
16701,167.010189948,67.164000000,100,1410,1215,31,0
16702,167.020188477,67.164000000,100,1410,1215,31,0
16703,167.030189370,67.164000000,100,1410,1215,31,0
16704,167.040188500,67.164000000,100,1410,1215,31,0
16705,167.050192490,67.164000000,100,1410,1215,31,0
16706,167.060190898,66.962000000,100,1410,1215,31,0
16707,167.070187333,66.962000000,100,1410,1215,31,0
16708,167.080189529,66.962000000,100,1410,1215,31,0
16709,167.090189100,66.962000000,100,1410,1215,31,0
16710,167.100190103,66.962000000,100,1410,1215,31,0
16711,167.110188682,66.962000000,100,1410,1215,31,0
16712,167.120188734,66.962000000,100,1410,1215,31,0
16713,167.130189507,66.962000000,100,1410,1215,31,0
16714,167.140188987,66.962000000,100,1410,1215,31,0
16715,167.150188819,66.962000000,100,1410,1215,31,0
16716,167.160189732,66.767000000,100,1410,1215,31,0
16717,167.170189563,66.767000000,100,1410,1215,31,0
16718,167.180188904,66.767000000,100,1410,1215,31,0
16719,167.190189286,66.767000000,100,1410,1215,31,0
16720,167.200189718,66.767000000,100,1410,1215,31,0
16721,167.210189480,66.767000000,100,1410,1215,31,0
16722,167.220189872,66.767000000,100,1410,1215,31,0
16723,167.230190114,66.767000000,100,1410,1215,31,0
16724,167.240193753,66.767000000,100,1410,1215,31,0
16725,167.250190508,66.767000000,100,1410,1215,31,0
16726,167.260189738,67.059000000,100,1410,1215,31,0
16727,167.270191092,67.059000000,100,1410,1215,31,0
16728,167.280189110,67.059000000,100,1410,1215,31,0
16729,167.290190084,67.059000000,100,1410,1215,31,0
16730,167.300189144,67.059000000,100,1410,1215,31,0
16731,167.310189185,67.059000000,100,1410,1215,31,0
16732,167.320189517,67.059000000,100,1410,1215,31,0
16733,167.330190651,67.059000000,100,1410,1215,31,0
16734,167.340192366,67.059000000,100,1410,1215,31,0
16735,167.350188791,67.059000000,100,1410,1215,31,0
16736,167.360190546,66.976000000,100,1410,1215,31,0
16737,167.370189536,66.976000000,100,1410,1215,31,0
16738,167.380188716,66.976000000,100,1410,1215,31,0
16739,167.390189459,66.976000000,100,1410,1215,31,0
16740,167.400188909,66.976000000,100,1410,1215,31,0
16741,167.410188751,66.976000000,100,1410,1215,31,0
16742,167.420189414,66.976000000,100,1410,1215,31,0
16743,167.430189465,66.976000000,100,1410,1215,31,0
16744,167.440194646,66.976000000,100,1410,1215,31,0
16745,167.450190500,66.976000000,100,1410,1215,31,0
16746,167.460190883,67.138000000,100,1410,1215,31,0
16747,167.470189702,67.138000000,100,1410,1215,31,0
16748,167.480189664,67.138000000,100,1410,1215,31,0
16749,167.490189595,67.138000000,100,1410,1215,31,0
16750,167.500188535,67.138000000,100,1410,1215,31,0
16751,167.510188957,67.138000000,100,1410,1215,31,0
16752,167.520189129,67.138000000,100,1410,1215,31,0
16753,167.530189852,67.138000000,100,1410,1215,31,0
16754,167.540188992,67.138000000,100,1410,1215,31,0
16755,167.550188894,67.138000000,100,1410,1215,31,0
16756,167.560189596,67.079000000,100,1410,1215,31,0
16757,167.570190079,67.079000000,100,1410,1215,31,0
16758,167.580188918,67.079000000,100,1410,1215,31,0
16759,167.590188690,67.079000000,100,1410,1215,31,0
16760,167.600193200,67.079000000,100,1410,1215,31,0
16761,167.610189805,67.079000000,100,1410,1215,31,0
16762,167.620193203,67.079000000,100,1410,1215,31,0
16763,167.630188766,67.079000000,100,1410,1215,31,0
16764,167.640188427,67.079000000,100,1410,1215,31,0
16765,167.650188299,67.079000000,100,1410,1215,31,0
16766,167.660190474,67.060000000,100,1410,1215,31,0
16767,167.670188653,67.060000000,100,1410,1215,31,0
16768,167.680189516,67.060000000,100,1410,1215,31,0
16769,167.690189277,67.060000000,100,1410,1215,31,0
16770,167.700187876,67.060000000,100,1410,1215,31,0
16771,167.710189651,67.060000000,100,1410,1215,31,0
16772,167.720193510,67.060000000,100,1410,1215,31,0
16773,167.730190426,67.060000000,100,1410,1215,31,0
16774,167.740190096,67.060000000,100,1410,1215,31,0
16775,167.750189577,67.060000000,100,1410,1215,31,0
16776,167.760190370,66.834000000,100,1410,1215,31,0
16777,167.770189460,66.834000000,100,1410,1215,31,0
16778,167.780188250,66.834000000,100,1410,1215,31,0
16779,167.790188772,66.834000000,100,1410,1215,31,0
16780,167.800188774,66.834000000,100,1410,1215,31,0
16781,167.810189597,66.834000000,100,1410,1215,31,0
16782,167.820188526,66.834000000,100,1410,1215,31,0
16783,167.830189059,66.834000000,100,1410,1215,31,0
16784,167.840189121,66.834000000,100,1410,1215,31,0
16785,167.850187389,66.834000000,100,1410,1215,31,0
16786,167.860189084,67.060000000,100,1410,1215,31,0
16787,167.870187723,67.060000000,100,1410,1215,31,0
16788,167.880189187,67.060000000,100,1410,1215,31,0
16789,167.890189440,67.060000000,100,1410,1215,31,0
16790,167.900188870,67.060000000,100,1410,1215,31,0
16791,167.910189493,67.060000000,100,1410,1215,31,0
16792,167.920189705,67.060000000,100,1410,1215,31,0
16793,167.930186601,67.060000000,100,1410,1215,31,0
16794,167.940188255,67.060000000,100,1410,1215,31,0
16795,167.950188838,67.060000000,100,1410,1215,31,0
16796,167.960189090,67.072000000,100,1410,1215,31,0
16797,167.970188751,67.072000000,100,1410,1215,31,0
16798,167.980188131,67.072000000,100,1410,1215,31,0
16799,167.990190688,67.072000000,100,1410,1215,31,0
16800,168.000185840,67.072000000,100,1410,1215,31,0
16801,168.010188988,67.072000000,100,1410,1215,31,0
16802,168.020189190,67.072000000,100,1410,1215,31,0
16803,168.030187959,67.072000000,100,1410,1215,31,0
16804,168.040192339,67.072000000,100,1410,1215,31,0
16805,168.050188934,67.072000000,100,1410,1215,31,0
16806,168.060190489,67.077000000,100,1410,1215,31,0
16807,168.070189148,67.077000000,100,1410,1215,31,0
16808,168.080188909,67.077000000,100,1410,1215,31,0
16809,168.090192297,67.077000000,100,1410,1215,31,0
16810,168.100193631,67.077000000,100,1410,1215,31,0
16811,168.110188303,67.077000000,100,1410,1215,31,0
16812,168.120189116,67.077000000,100,1410,1215,31,0
16813,168.130188837,67.077000000,100,1410,1215,31,0
16814,168.140189680,67.077000000,100,1410,1215,31,0
16815,168.150189241,67.077000000,100,1410,1215,31,0
16816,168.160194533,67.079000000,100,1410,1215,31,0
16817,168.170188503,67.079000000,100,1410,1215,31,0
16818,168.180189156,67.079000000,100,1410,1215,31,0
16819,168.190189227,67.079000000,100,1410,1215,31,0
16820,168.200189650,67.079000000,100,1410,1215,31,0
16821,168.210188770,67.079000000,100,1410,1215,31,0
16822,168.220268300,67.079000000,100,1410,1215,31,0
16823,168.230188452,67.079000000,100,1410,1215,31,0
16824,168.240188454,67.079000000,100,1410,1215,31,0
16825,168.250188786,67.079000000,100,1410,1215,31,0
16826,168.260190231,66.981000000,100,1410,1215,31,0
16827,168.270189320,66.981000000,100,1410,1215,31,0
16828,168.280189222,66.981000000,100,1410,1215,31,0
16829,168.290189023,66.981000000,100,1410,1215,31,0
16830,168.300189896,66.981000000,100,1410,1215,31,0
16831,168.310188936,66.981000000,100,1410,1215,31,0
16832,168.320189278,66.981000000,100,1410,1215,31,0
16833,168.330189320,66.981000000,100,1410,1215,31,0
16834,168.340189682,66.981000000,100,1410,1215,31,0
16835,168.350190245,66.981000000,100,1410,1215,31,0
16836,168.360190738,67.059000000,100,1410,1215,32,0
16837,168.370189297,67.059000000,100,1410,1215,32,0
16838,168.380189268,67.059000000,100,1410,1215,32,0
16839,168.390189490,67.059000000,100,1410,1215,32,0
16840,168.400189121,67.059000000,100,1410,1215,32,0
16841,168.410189303,67.059000000,100,1410,1215,32,0
16842,168.420189315,67.059000000,100,1410,1215,32,0
16843,168.430189056,67.059000000,100,1410,1215,32,0
16844,168.440188887,67.059000000,100,1410,1215,32,0
16845,168.450187786,67.059000000,100,1410,1215,32,0
16846,168.460189341,66.846000000,100,1410,1215,31,0
16847,168.470188972,66.846000000,100,1410,1215,31,0
16848,168.480188683,66.846000000,100,1410,1215,31,0
16849,168.490194065,66.846000000,100,1410,1215,31,0
16850,168.500189468,66.846000000,100,1410,1215,31,0
16851,168.510189239,66.846000000,100,1410,1215,31,0
16852,168.520188339,66.846000000,100,1410,1215,31,0
16853,168.530188791,66.846000000,100,1410,1215,31,0
16854,168.540189214,66.846000000,100,1410,1215,31,0
16855,168.550189806,66.846000000,100,1410,1215,31,0
16856,168.560194637,66.864000000,100,1410,1215,31,0
16857,168.570189349,66.864000000,100,1410,1215,31,0
16858,168.580188679,66.864000000,100,1410,1215,31,0
16859,168.590189422,66.864000000,100,1410,1215,31,0
16860,168.600189614,66.864000000,100,1410,1215,31,0
16861,168.610189606,66.864000000,100,1410,1215,31,0
16862,168.620190569,66.864000000,100,1410,1215,31,0
16863,168.630189389,66.864000000,100,1410,1215,31,0
16864,168.640187476,66.864000000,100,1410,1215,31,0
16865,168.650189422,66.864000000,100,1410,1215,31,0
16866,168.660191497,67.059000000,100,1410,1215,31,0
16867,168.670194154,67.059000000,100,1410,1215,31,0
16868,168.680194446,67.059000000,100,1410,1215,31,0
16869,168.690189528,67.059000000,100,1410,1215,31,0
16870,168.700189249,67.059000000,100,1410,1215,31,0
16871,168.710188860,67.059000000,100,1410,1215,31,0
16872,168.720189673,67.059000000,100,1410,1215,31,0
16873,168.730189635,67.059000000,100,1410,1215,31,0
16874,168.740188795,67.059000000,100,1410,1215,31,0
16875,168.750189358,67.059000000,100,1410,1215,31,0
16876,168.760189479,66.883000000,100,1410,1215,31,0
16877,168.770189140,66.883000000,100,1410,1215,31,0
16878,168.780188631,66.883000000,100,1410,1215,31,0
16879,168.790188543,66.883000000,100,1410,1215,31,0
16880,168.800192371,66.883000000,100,1410,1215,31,0
16881,168.810193866,66.883000000,100,1410,1215,31,0
16882,168.820189098,66.883000000,100,1410,1215,31,0
16883,168.830189751,66.883000000,100,1410,1215,31,0
16884,168.840189562,66.883000000,100,1410,1215,31,0
16885,168.850190205,66.883000000,100,1410,1215,31,0
16886,168.860191359,66.864000000,100,1410,1215,31,0
16887,168.870188906,66.864000000,100,1410,1215,31,0
16888,168.880189960,66.864000000,100,1410,1215,31,0
16889,168.890189140,66.864000000,100,1410,1215,31,0
16890,168.900189322,66.864000000,100,1410,1215,31,0
16891,168.910189203,66.864000000,100,1410,1215,31,0
16892,168.920188894,66.864000000,100,1410,1215,31,0
16893,168.930188846,66.864000000,100,1410,1215,31,0
16894,168.940189508,66.864000000,100,1410,1215,31,0
16895,168.950188879,66.864000000,100,1410,1215,31,0
16896,168.960190063,67.073000000,100,1410,1215,31,0
16897,168.970188481,67.073000000,100,1410,1215,31,0
16898,168.980189204,67.073000000,100,1410,1215,31,0
16899,168.990188545,67.073000000,100,1410,1215,31,0
16900,169.000193095,67.073000000,100,1410,1215,31,0
16901,169.010189660,67.073000000,100,1410,1215,31,0
16902,169.020190223,67.073000000,100,1410,1215,31,0
16903,169.030189853,67.073000000,100,1410,1215,31,0
16904,169.040190707,67.073000000,100,1410,1215,31,0
16905,169.050190007,67.073000000,100,1410,1215,31,0
16906,169.060190840,67.060000000,100,1410,1215,31,0
16907,169.070188908,67.060000000,100,1410,1215,31,0
16908,169.080189230,67.060000000,100,1410,1215,31,0
16909,169.090189843,67.060000000,100,1410,1215,31,0
16910,169.100189374,67.060000000,100,1410,1215,31,0
16911,169.110189666,67.060000000,100,1410,1215,31,0
16912,169.120190610,67.060000000,100,1410,1215,31,0
16913,169.130189629,67.060000000,100,1410,1215,31,0
16914,169.140190102,67.060000000,100,1410,1215,31,0
16915,169.150189713,67.060000000,100,1410,1215,31,0
16916,169.160190035,66.755000000,100,1410,1215,31,0
16917,169.170193042,66.755000000,100,1410,1215,31,0
16918,169.180190008,66.755000000,100,1410,1215,31,0
16919,169.190189348,66.755000000,100,1410,1215,31,0
16920,169.200189520,66.755000000,100,1410,1215,31,0
16921,169.210189953,66.755000000,100,1410,1215,31,0
16922,169.220193761,66.755000000,100,1410,1215,31,0
16923,169.230190056,66.755000000,100,1410,1215,31,0
16924,169.240189336,66.755000000,100,1410,1215,31,0
16925,169.250190230,66.755000000,100,1410,1215,31,0
16926,169.260191393,66.767000000,100,1410,1215,32,0
16927,169.270189311,66.767000000,100,1410,1215,32,0
16928,169.280189022,66.767000000,100,1410,1215,32,0
16929,169.290193432,66.767000000,100,1410,1215,32,0
16930,169.300189466,66.767000000,100,1410,1215,32,0
16931,169.310189518,66.767000000,100,1410,1215,32,0
16932,169.320188638,66.767000000,100,1410,1215,32,0
16933,169.330189671,66.767000000,100,1410,1215,32,0
16934,169.340190725,66.767000000,100,1410,1215,32,0
16935,169.350189314,66.767000000,100,1410,1215,32,0
16936,169.360189646,67.060000000,100,1410,1215,31,0
16937,169.370190940,67.060000000,100,1410,1215,31,0
16938,169.380190200,67.060000000,100,1410,1215,31,0
16939,169.390189250,67.060000000,100,1410,1215,31,0
16940,169.400189152,67.060000000,100,1410,1215,31,0
16941,169.410189574,67.060000000,100,1410,1215,31,0
16942,169.420193433,67.060000000,100,1410,1215,31,0
16943,169.430189948,67.060000000,100,1410,1215,31,0
16944,169.440189499,67.060000000,100,1410,1215,31,0
16945,169.450189871,67.060000000,100,1410,1215,31,0
16946,169.460190203,66.962000000,100,1410,1215,31,0
16947,169.470193591,66.962000000,100,1410,1215,31,0
16948,169.480189675,66.962000000,100,1410,1215,31,0
16949,169.490193815,66.962000000,100,1410,1215,31,0
16950,169.500189819,66.962000000,100,1410,1215,31,0
16951,169.510190021,66.962000000,100,1410,1215,31,0
16952,169.520189702,66.962000000,100,1410,1215,31,0
16953,169.530190054,66.962000000,100,1410,1215,31,0
16954,169.540190056,66.962000000,100,1410,1215,31,0
16955,169.550189917,66.962000000,100,1410,1215,31,0
16956,169.560190520,66.962000000,100,1410,1215,31,0
16957,169.570189389,66.962000000,100,1410,1215,31,0
16958,169.580189872,66.962000000,100,1410,1215,31,0
16959,169.590189783,66.962000000,100,1410,1215,31,0
16960,169.600189414,66.962000000,100,1410,1215,31,0
16961,169.610191500,66.962000000,100,1410,1215,31,0
16962,169.620188796,66.962000000,100,1410,1215,31,0
16963,169.630189579,66.962000000,100,1410,1215,31,0
16964,169.640190182,66.962000000,100,1410,1215,31,0
16965,169.650189532,66.962000000,100,1410,1215,31,0
16966,169.660190626,67.060000000,100,1410,1215,31,0
16967,169.670188904,67.060000000,100,1410,1215,31,0
16968,169.680189708,67.060000000,100,1410,1215,31,0
16969,169.690188878,67.060000000,100,1410,1215,31,0
16970,169.700189170,67.060000000,100,1410,1215,31,0
16971,169.710193850,67.060000000,100,1410,1215,31,0
16972,169.720189464,67.060000000,100,1410,1215,31,0
16973,169.730189605,67.060000000,100,1410,1215,31,0
16974,169.740193825,67.060000000,100,1410,1215,31,0
16975,169.750194097,67.060000000,100,1410,1215,31,0
16976,169.760190742,66.859000000,100,1410,1215,31,0
16977,169.770189462,66.859000000,100,1410,1215,31,0
16978,169.780189523,66.859000000,100,1410,1215,31,0
16979,169.790189926,66.859000000,100,1410,1215,31,0
16980,169.800189176,66.859000000,100,1410,1215,31,0
16981,169.810189929,66.859000000,100,1410,1215,31,0
16982,169.820188889,66.859000000,100,1410,1215,31,0
16983,169.830189070,66.859000000,100,1410,1215,31,0
16984,169.840189984,66.859000000,100,1410,1215,31,0
16985,169.850189905,66.859000000,100,1410,1215,31,0
16986,169.860190909,66.773000000,100,1410,1215,31,0
16987,169.870189588,66.773000000,100,1410,1215,31,0
16988,169.880190341,66.773000000,100,1410,1215,31,0
16989,169.890189310,66.773000000,100,1410,1215,31,0
16990,169.900189553,66.773000000,100,1410,1215,31,0
16991,169.910190185,66.773000000,100,1410,1215,31,0
16992,169.920188784,66.773000000,100,1410,1215,31,0
16993,169.930190770,66.773000000,100,1410,1215,31,0
16994,169.940188397,66.773000000,100,1410,1215,31,0
16995,169.950189611,66.773000000,100,1410,1215,31,0
16996,169.960189071,67.079000000,100,1410,1215,31,0
16997,169.970189323,67.079000000,100,1410,1215,31,0
16998,169.980189696,67.079000000,100,1410,1215,31,0
16999,169.990188956,67.079000000,100,1410,1215,31,0
17000,170.000193035,67.079000000,100,1410,1215,31,0
17001,170.010189280,67.079000000,100,1410,1215,31,0
17002,170.020188790,67.079000000,100,1410,1215,31,0
17003,170.030188511,67.079000000,100,1410,1215,31,0
17004,170.040189004,67.079000000,100,1410,1215,31,0
17005,170.050188394,67.079000000,100,1410,1215,31,0
17006,170.060190169,67.152000000,100,1410,1215,31,0
17007,170.070193477,67.152000000,100,1410,1215,31,0
17008,170.080189351,67.152000000,100,1410,1215,31,0
17009,170.090188511,67.152000000,100,1410,1215,31,0
17010,170.100188853,67.152000000,100,1410,1215,31,0
17011,170.110193243,67.152000000,100,1410,1215,31,0
17012,170.120189468,67.152000000,100,1410,1215,31,0
17013,170.130188708,67.152000000,100,1410,1215,31,0
17014,170.140192897,67.152000000,100,1410,1215,31,0
17015,170.150193460,67.152000000,100,1410,1215,31,0
17016,170.160190847,66.853000000,100,1410,1215,31,0
17017,170.170190968,66.853000000,100,1410,1215,31,0
17018,170.180193034,66.853000000,100,1410,1215,31,0
17019,170.190189579,66.853000000,100,1410,1215,31,0
17020,170.200189020,66.853000000,100,1410,1215,31,0
17021,170.210189332,66.853000000,100,1410,1215,31,0
17022,170.220193080,66.853000000,100,1410,1215,31,0
17023,170.230188984,66.853000000,100,1410,1215,31,0
17024,170.240189547,66.853000000,100,1410,1215,31,0
17025,170.250189999,66.853000000,100,1410,1215,31,0
17026,170.260190512,66.982000000,100,1410,1215,32,0
17027,170.270191605,66.982000000,100,1410,1215,32,0
17028,170.280189714,66.982000000,100,1410,1215,32,0
17029,170.290189144,66.982000000,100,1410,1215,32,0
17030,170.300189096,66.982000000,100,1410,1215,32,0
17031,170.310188526,66.982000000,100,1410,1215,32,0
17032,170.320193567,66.982000000,100,1410,1215,32,0
17033,170.330189030,66.982000000,100,1410,1215,32,0
17034,170.340189132,66.982000000,100,1410,1215,32,0
17035,170.350188953,66.982000000,100,1410,1215,32,0
17036,170.360194315,67.176000000,100,1410,1215,31,0
17037,170.370190479,67.176000000,100,1410,1215,31,0
17038,170.380189549,67.176000000,100,1410,1215,31,0
17039,170.390189390,67.176000000,100,1410,1215,31,0
17040,170.400189272,67.176000000,100,1410,1215,31,0
17041,170.410188903,67.176000000,100,1410,1215,31,0
17042,170.420189506,67.176000000,100,1410,1215,31,0
17043,170.430189707,67.176000000,100,1410,1215,31,0
17044,170.440189409,67.176000000,100,1410,1215,31,0
17045,170.450188839,67.176000000,100,1410,1215,31,0
17046,170.460190714,66.962000000,100,1410,1215,31,0
17047,170.470189513,66.962000000,100,1410,1215,31,0
17048,170.480188894,66.962000000,100,1410,1215,31,0
17049,170.490188645,66.962000000,100,1410,1215,31,0
17050,170.500188817,66.962000000,100,1410,1215,31,0
17051,170.510188979,66.962000000,100,1410,1215,31,0
17052,170.520192437,66.962000000,100,1410,1215,31,0
17053,170.530190755,66.962000000,100,1410,1215,31,0
17054,170.540189304,66.962000000,100,1410,1215,31,0
17055,170.550189606,66.962000000,100,1410,1215,31,0
17056,170.560189618,66.962000000,100,1410,1215,31,0
17057,170.570195140,66.962000000,100,1410,1215,31,0
17058,170.580189080,66.962000000,100,1410,1215,31,0
17059,170.590193150,66.962000000,100,1410,1215,31,0
17060,170.600189214,66.962000000,100,1410,1215,31,0
17061,170.610188744,66.962000000,100,1410,1215,31,0
17062,170.620188716,66.962000000,100,1410,1215,31,0
17063,170.630189369,66.962000000,100,1410,1215,31,0
17064,170.640189190,66.962000000,100,1410,1215,31,0
17065,170.650188871,66.962000000,100,1410,1215,31,0
17066,170.660189804,67.280000000,100,1410,1215,31,0
17067,170.670189956,67.280000000,100,1410,1215,31,0
17068,170.680189186,67.280000000,100,1410,1215,31,0
17069,170.690189368,67.280000000,100,1410,1215,31,0
17070,170.700189621,67.280000000,100,1410,1215,31,0
17071,170.710187548,67.280000000,100,1410,1215,31,0
17072,170.720188672,67.280000000,100,1410,1215,31,0
17073,170.730188263,67.280000000,100,1410,1215,31,0
17074,170.740188976,67.280000000,100,1410,1215,31,0
17075,170.750192474,67.280000000,100,1410,1215,31,0
17076,170.760188468,67.170000000,100,1410,1215,31,0
17077,170.770189672,67.170000000,100,1410,1215,31,0
17078,170.780188441,67.170000000,100,1410,1215,31,0
17079,170.790188533,67.170000000,100,1410,1215,31,0
17080,170.800193053,67.170000000,100,1410,1215,31,0
17081,170.810189698,67.170000000,100,1410,1215,31,0
17082,170.820189289,67.170000000,100,1410,1215,31,0
17083,170.830188870,67.170000000,100,1410,1215,31,0
17084,170.840188431,67.170000000,100,1410,1215,31,0
17085,170.850189424,67.170000000,100,1410,1215,31,0
17086,170.860188995,66.962000000,100,1410,1215,31,0
17087,170.870189427,66.962000000,100,1410,1215,31,0
17088,170.880188146,66.962000000,100,1410,1215,31,0
17089,170.890188879,66.962000000,100,1410,1215,31,0
17090,170.900190053,66.962000000,100,1410,1215,31,0
17091,170.910188522,66.962000000,100,1410,1215,31,0
17092,170.920188503,66.962000000,100,1410,1215,31,0
17093,170.930188575,66.962000000,100,1410,1215,31,0
17094,170.940193115,66.962000000,100,1410,1215,31,0
17095,170.950188518,66.962000000,100,1410,1215,31,0
17096,170.960186716,66.962000000,100,1410,1215,31,0
17097,170.970189774,66.962000000,100,1410,1215,32,0
17098,170.980192781,66.962000000,100,1410,1215,32,0
17099,170.990192913,66.962000000,100,1410,1215,32,0
17100,171.000188576,66.962000000,100,1410,1215,32,0
17101,171.010188919,66.962000000,100,1410,1215,32,0
17102,171.020189421,66.962000000,100,1410,1215,32,0
17103,171.030189693,66.962000000,100,1410,1215,32,0
17104,171.040188402,66.962000000,100,1410,1215,32,0
17105,171.050193323,66.962000000,100,1410,1215,32,0
17106,171.060190139,67.054000000,100,1410,1215,31,0
17107,171.070188598,67.054000000,100,1410,1215,31,0
17108,171.080192707,67.054000000,100,1410,1215,31,0
17109,171.090188871,67.054000000,100,1410,1215,31,0
17110,171.100188482,67.054000000,100,1410,1215,31,0
17111,171.110188724,67.054000000,100,1410,1215,31,0
17112,171.120190188,67.054000000,100,1410,1215,31,0
17113,171.130189980,67.054000000,100,1410,1215,31,0
17114,171.140188990,67.054000000,100,1410,1215,31,0
17115,171.150189502,67.054000000,100,1410,1215,31,0
17116,171.160190726,66.976000000,100,1410,1215,31,0
17117,171.170189325,66.976000000,100,1410,1215,31,0
17118,171.180189487,66.976000000,100,1410,1215,31,0
17119,171.190188497,66.976000000,100,1410,1215,31,0
17120,171.200188538,66.976000000,100,1410,1215,31,0
17121,171.210189512,66.976000000,100,1410,1215,31,0
17122,171.220188932,66.976000000,100,1410,1215,31,0
17123,171.230194284,66.976000000,100,1410,1215,31,0
17124,171.240189777,66.976000000,100,1410,1215,31,0
17125,171.250189067,66.976000000,100,1410,1215,31,0
17126,171.260189580,66.981000000,100,1410,1215,31,0
17127,171.270189221,66.981000000,100,1410,1215,31,0
17128,171.280189362,66.981000000,100,1410,1215,31,0
17129,171.290189334,66.981000000,100,1410,1215,31,0
17130,171.300188845,66.981000000,100,1410,1215,31,0
17131,171.310194056,66.981000000,100,1410,1215,31,0
17132,171.320189990,66.981000000,100,1410,1215,31,0
17133,171.330189060,66.981000000,100,1410,1215,31,0
17134,171.340189402,66.981000000,100,1410,1215,31,0
17135,171.350188863,66.981000000,100,1410,1215,31,0
17136,171.360190347,67.079000000,100,1410,1215,31,0
17137,171.370189637,67.079000000,100,1410,1215,31,0
17138,171.380188697,67.079000000,100,1410,1215,31,0
17139,171.390189630,67.079000000,100,1410,1215,31,0
17140,171.400189081,67.079000000,100,1410,1215,31,0
17141,171.410189233,67.079000000,100,1410,1215,31,0
17142,171.420189325,67.079000000,100,1410,1215,31,0
17143,171.430190188,67.079000000,100,1410,1215,31,0
17144,171.440190009,67.079000000,100,1410,1215,31,0
17145,171.450189480,67.079000000,100,1410,1215,31,0
17146,171.460190734,66.865000000,100,1410,1215,32,0
17147,171.470188882,66.865000000,100,1410,1215,32,0
17148,171.480189905,66.865000000,100,1410,1215,32,0
17149,171.490189416,66.865000000,100,1410,1215,32,0
17150,171.500189398,66.865000000,100,1410,1215,32,0
17151,171.510189569,66.865000000,100,1410,1215,32,0
17152,171.520193859,66.865000000,100,1410,1215,32,0
17153,171.530189342,66.865000000,100,1410,1215,32,0
17154,171.540188803,66.865000000,100,1410,1215,32,0
17155,171.550192922,66.865000000,100,1410,1215,32,0
17156,171.560190289,66.865000000,100,1410,1215,31,0
17157,171.570193797,66.865000000,100,1410,1215,31,0
17158,171.580189250,66.865000000,100,1410,1215,31,0
17159,171.590188831,66.865000000,100,1410,1215,31,0
17160,171.600189514,66.865000000,100,1410,1215,31,0
17161,171.610189035,66.865000000,100,1410,1215,31,0
17162,171.620189587,66.865000000,100,1410,1215,31,0
17163,171.630188957,66.865000000,100,1410,1215,31,0
17164,171.640193468,66.865000000,100,1410,1215,31,0
17165,171.650190033,66.865000000,100,1410,1215,31,0
17166,171.660190425,66.962000000,100,1410,1215,32,0
17167,171.670189084,66.962000000,100,1410,1215,32,0
17168,171.680189587,66.962000000,100,1410,1215,32,0
17169,171.690189769,66.962000000,100,1410,1215,32,0
17170,171.700190071,66.962000000,100,1410,1215,32,0
17171,171.710193028,66.962000000,100,1410,1215,32,0
17172,171.720189373,66.962000000,100,1410,1215,32,0
17173,171.730190116,66.962000000,100,1410,1215,32,0
17174,171.740189907,66.962000000,100,1410,1215,32,0
17175,171.750188686,66.962000000,100,1410,1215,32,0
17176,171.760190321,66.773000000,100,1410,1215,31,0
17177,171.770195111,66.773000000,100,1410,1215,31,0
17178,171.780188831,66.773000000,100,1410,1215,31,0
17179,171.790192860,66.773000000,100,1410,1215,31,0
17180,171.800188925,66.773000000,100,1410,1215,31,0
17181,171.810193194,66.773000000,100,1410,1215,31,0
17182,171.820192945,66.773000000,100,1410,1215,31,0
17183,171.830188539,66.773000000,100,1410,1215,31,0
17184,171.840192367,66.773000000,100,1410,1215,31,0
17185,171.850189343,66.773000000,100,1410,1215,31,0
17186,171.860195376,66.748000000,100,1410,1215,31,0
17187,171.870188635,66.748000000,100,1410,1215,31,0
17188,171.880190711,66.748000000,100,1410,1215,31,0
17189,171.890188728,66.748000000,100,1410,1215,31,0
17190,171.900189662,66.748000000,100,1410,1215,31,0
17191,171.910188762,66.748000000,100,1410,1215,31,0
17192,171.920189034,66.748000000,100,1410,1215,31,0
17193,171.930189025,66.748000000,100,1410,1215,31,0
17194,171.940189488,66.748000000,100,1410,1215,31,0
17195,171.950190091,66.748000000,100,1410,1215,31,0
17196,171.960193529,67.060000000,100,1410,1215,32,0
17197,171.970190044,67.060000000,100,1410,1215,32,0
17198,171.980189274,67.060000000,100,1410,1215,32,0
17199,171.990188444,67.060000000,100,1410,1215,32,0
17200,172.000189668,67.060000000,100,1410,1215,32,0
17201,172.010190110,67.060000000,100,1410,1215,32,0
17202,172.020188479,67.060000000,100,1410,1215,32,0
17203,172.030190103,67.060000000,100,1410,1215,32,0
17204,172.040189323,67.060000000,100,1410,1215,32,0
17205,172.050190127,67.060000000,100,1410,1215,32,0
17206,172.060189717,67.079000000,100,1410,1215,31,0
17207,172.070189008,67.079000000,100,1410,1215,31,0
17208,172.080188819,67.079000000,100,1410,1215,31,0
17209,172.090189382,67.079000000,100,1410,1215,31,0
17210,172.100189483,67.079000000,100,1410,1215,31,0
17211,172.110188413,67.079000000,100,1410,1215,31,0
17212,172.120189336,67.079000000,100,1410,1215,31,0
17213,172.130189238,67.079000000,100,1410,1215,31,0
17214,172.140188728,67.079000000,100,1410,1215,31,0
17215,172.150189491,67.079000000,100,1410,1215,31,0
17216,172.160190044,66.773000000,100,1410,1215,31,0
17217,172.170194163,66.773000000,100,1410,1215,31,0
17218,172.180189446,66.773000000,100,1410,1215,31,0
17219,172.190189307,66.773000000,100,1410,1215,31,0
17220,172.200192936,66.773000000,100,1410,1215,31,0
17221,172.210189050,66.773000000,100,1410,1215,31,0
17222,172.220189132,66.773000000,100,1410,1215,31,0
17223,172.230188692,66.773000000,100,1410,1215,31,0
17224,172.240193463,66.773000000,100,1410,1215,31,0
17225,172.250189537,66.773000000,100,1410,1215,31,0
17226,172.260189849,66.976000000,100,1410,1215,31,0
17227,172.270189621,66.976000000,100,1410,1215,31,0
17228,172.280190614,66.976000000,100,1410,1215,31,0
17229,172.290189894,66.976000000,100,1410,1215,31,0
17230,172.300188694,66.976000000,100,1410,1215,31,0
17231,172.310188725,66.976000000,100,1410,1215,31,0
17232,172.320190951,66.976000000,100,1410,1215,31,0
17233,172.330190151,66.976000000,100,1410,1215,31,0
17234,172.340189982,66.976000000,100,1410,1215,31,0
17235,172.350190344,66.976000000,100,1410,1215,31,0
17236,172.360190206,67.091000000,100,1410,1215,31,0
17237,172.370189566,67.091000000,100,1410,1215,31,0
17238,172.380189147,67.091000000,100,1410,1215,31,0
17239,172.390189279,67.091000000,100,1410,1215,31,0
17240,172.400188830,67.091000000,100,1410,1215,31,0
17241,172.410188601,67.091000000,100,1410,1215,31,0
17242,172.420189745,67.091000000,100,1410,1215,31,0
17243,172.430188614,67.091000000,100,1410,1215,31,0
17244,172.440189377,67.091000000,100,1410,1215,31,0
17245,172.450187846,67.091000000,100,1410,1215,31,0
17246,172.460190392,66.767000000,100,1410,1215,31,0
17247,172.470189382,66.767000000,100,1410,1215,31,0
17248,172.480189504,66.767000000,100,1410,1215,31,0
17249,172.490189345,66.767000000,100,1410,1215,31,0
17250,172.500188755,66.767000000,100,1410,1215,31,0
17251,172.510189148,66.767000000,100,1410,1215,31,0
17252,172.520188969,66.767000000,100,1410,1215,31,0
17253,172.530189732,66.767000000,100,1410,1215,31,0
17254,172.540189593,66.767000000,100,1410,1215,31,0
17255,172.550189785,66.767000000,100,1410,1215,31,0
17256,172.560190188,66.864000000,100,1410,1215,32,0
17257,172.570195028,66.864000000,100,1410,1215,32,0
17258,172.580189279,66.864000000,100,1410,1215,32,0
17259,172.590189712,66.864000000,100,1410,1215,32,0
17260,172.600190054,66.864000000,100,1410,1215,32,0
17261,172.610189735,66.864000000,100,1410,1215,32,0
17262,172.620189225,66.864000000,100,1410,1215,32,0
17263,172.630189778,66.864000000,100,1410,1215,32,0
17264,172.640190351,66.864000000,100,1410,1215,32,0
17265,172.650189801,66.864000000,100,1410,1215,32,0
17266,172.660190043,67.176000000,100,1410,1215,32,0
17267,172.670189724,67.176000000,100,1410,1215,32,0
17268,172.680190708,67.176000000,100,1410,1215,32,0
17269,172.690193595,67.176000000,100,1410,1215,32,0
17270,172.700189378,67.176000000,100,1410,1215,32,0
17271,172.710190582,67.176000000,100,1410,1215,32,0
17272,172.720189973,67.176000000,100,1410,1215,32,0
17273,172.730194062,67.176000000,100,1410,1215,32,0
17274,172.740189154,67.176000000,100,1410,1215,32,0
17275,172.750189356,67.176000000,100,1410,1215,32,0
17276,172.760190280,66.963000000,100,1410,1215,32,0
17277,172.770190131,66.963000000,100,1410,1215,32,0
17278,172.780189010,66.963000000,100,1410,1215,32,0
17279,172.790193050,66.963000000,100,1410,1215,32,0
17280,172.800189915,66.963000000,100,1410,1215,32,0
17281,172.810193504,66.963000000,100,1410,1215,32,0
17282,172.820190379,66.963000000,100,1410,1215,32,0
17283,172.830190261,66.963000000,100,1410,1215,32,0
17284,172.840190052,66.963000000,100,1410,1215,32,0
17285,172.850190063,66.963000000,100,1410,1215,32,0
17286,172.860190285,66.962000000,100,1410,1215,31,0
17287,172.870189496,66.962000000,100,1410,1215,31,0
17288,172.880188866,66.962000000,100,1410,1215,31,0
17289,172.890190771,66.962000000,100,1410,1215,31,0
17290,172.900188899,66.962000000,100,1410,1215,31,0
17291,172.910189462,66.962000000,100,1410,1215,31,0
17292,172.920192800,66.962000000,100,1410,1215,31,0
17293,172.930189886,66.962000000,100,1410,1215,31,0
17294,172.940188956,66.962000000,100,1410,1215,31,0
17295,172.950188466,66.962000000,100,1410,1215,31,0
17296,172.960189790,67.060000000,100,1410,1215,32,0
17297,172.970189872,67.060000000,100,1410,1215,32,0
17298,172.980189333,67.060000000,100,1410,1215,32,0
17299,172.990188292,67.060000000,100,1410,1215,32,0
17300,173.000188645,67.060000000,100,1410,1215,32,0
17301,173.010192523,67.060000000,100,1410,1215,32,0
17302,173.020188968,67.060000000,100,1410,1215,32,0
17303,173.030189280,67.060000000,100,1410,1215,32,0
17304,173.040188691,67.060000000,100,1410,1215,32,0
17305,173.050189073,67.060000000,100,1410,1215,32,0
17306,173.060189476,66.962000000,100,1410,1215,32,0
17307,173.070188656,66.962000000,100,1410,1215,32,0
17308,173.080193336,66.962000000,100,1410,1215,32,0
17309,173.090189681,66.962000000,100,1410,1215,32,0
17310,173.100188200,66.962000000,100,1410,1215,32,0
17311,173.110189493,66.962000000,100,1410,1215,32,0
17312,173.120193793,66.962000000,100,1410,1215,32,0
17313,173.130190308,66.962000000,100,1410,1215,32,0
17314,173.140189589,66.962000000,100,1410,1215,32,0
17315,173.150188448,66.962000000,100,1410,1215,32,0
17316,173.160200642,66.962000000,100,1410,1215,31,0
17317,173.170192960,66.962000000,100,1410,1215,31,0
17318,173.180189194,66.962000000,100,1410,1215,31,0
17319,173.190193594,66.962000000,100,1410,1215,31,0
17320,173.200193996,66.962000000,100,1410,1215,31,0
17321,173.210189109,66.962000000,100,1410,1215,31,0
17322,173.220189531,66.962000000,100,1410,1215,31,0
17323,173.230189553,66.962000000,100,1410,1215,31,0
17324,173.240188522,66.962000000,100,1410,1215,31,0
17325,173.250189135,66.962000000,100,1410,1215,31,0
17326,173.260191231,67.188000000,100,1410,1215,31,0
17327,173.270189188,67.188000000,100,1410,1215,31,0
17328,173.280189581,67.188000000,100,1410,1215,31,0
17329,173.290189592,67.188000000,100,1410,1215,31,0
17330,173.300193161,67.188000000,100,1410,1215,31,0
17331,173.310189645,67.188000000,100,1410,1215,31,0
17332,173.320189116,67.188000000,100,1410,1215,31,0
17333,173.330190100,67.188000000,100,1410,1215,31,0
17334,173.340193988,67.188000000,100,1410,1215,31,0
17335,173.350194170,67.188000000,100,1410,1215,31,0
17336,173.360190265,67.171000000,100,1410,1215,32,0
17337,173.370190587,67.171000000,100,1410,1215,32,0
17338,173.380190268,67.171000000,100,1410,1215,32,0
17339,173.390194127,67.171000000,100,1410,1215,32,0
17340,173.400189259,67.171000000,100,1410,1215,32,0
17341,173.410189220,67.171000000,100,1410,1215,32,0
17342,173.420189613,67.171000000,100,1410,1215,32,0
17343,173.430190767,67.171000000,100,1410,1215,32,0
17344,173.440190207,67.171000000,100,1410,1215,32,0
17345,173.450192884,67.171000000,100,1410,1215,32,0
17346,173.460191162,66.988000000,100,1410,1215,32,0
17347,173.470190032,66.988000000,100,1410,1215,32,0
17348,173.480190053,66.988000000,100,1410,1215,32,0
17349,173.490193171,66.988000000,100,1410,1215,32,0
17350,173.500189916,66.988000000,100,1410,1215,32,0
17351,173.510194176,66.988000000,100,1410,1215,32,0
17352,173.520189879,66.988000000,100,1410,1215,32,0
17353,173.530189520,66.988000000,100,1410,1215,32,0
17354,173.540189241,66.988000000,100,1410,1215,32,0
17355,173.550188992,66.988000000,100,1410,1215,32,0
17356,173.560193743,67.079000000,100,1410,1215,32,0
17357,173.570191230,67.079000000,100,1410,1215,32,0
17358,173.580189508,67.079000000,100,1410,1215,32,0
17359,173.590188488,67.079000000,100,1410,1215,32,0
17360,173.600192407,67.079000000,100,1410,1215,32,0
17361,173.610189483,67.079000000,100,1410,1215,32,0
17362,173.620188973,67.079000000,100,1410,1215,32,0
17363,173.630190257,67.079000000,100,1410,1215,32,0
17364,173.640189317,67.079000000,100,1410,1215,32,0
17365,173.650188477,67.079000000,100,1410,1215,32,0
17366,173.660195342,67.170000000,100,1410,1215,32,0
17367,173.670189112,67.170000000,100,1410,1215,32,0
17368,173.680189544,67.170000000,100,1410,1215,32,0
17369,173.690189495,67.170000000,100,1410,1215,32,0
17370,173.700194196,67.170000000,100,1410,1215,32,0
17371,173.710189228,67.170000000,100,1410,1215,32,0
17372,173.720193317,67.170000000,100,1410,1215,32,0
17373,173.730190073,67.170000000,100,1410,1215,32,0
17374,173.740189894,67.170000000,100,1410,1215,32,0
17375,173.750190046,67.170000000,100,1410,1215,32,0
17376,173.760190809,66.865000000,100,1410,1215,32,0
17377,173.770191151,66.865000000,100,1410,1215,32,0
17378,173.780189620,66.865000000,100,1410,1215,32,0
17379,173.790190192,66.865000000,100,1410,1215,32,0
17380,173.800189683,66.865000000,100,1410,1215,32,0
17381,173.810193662,66.865000000,100,1410,1215,32,0
17382,173.820190077,66.865000000,100,1410,1215,32,0
17383,173.830189578,66.865000000,100,1410,1215,32,0
17384,173.840188828,66.865000000,100,1410,1215,32,0
17385,173.850193117,66.865000000,100,1410,1215,32,0
17386,173.860191356,66.864000000,100,1410,1215,32,0
17387,173.870210443,66.864000000,100,1410,1215,32,0
17388,173.880188323,66.864000000,100,1410,1215,32,0
17389,173.890186381,66.864000000,100,1410,1215,32,0
17390,173.900188607,66.864000000,100,1410,1215,32,0
17391,173.910189520,66.864000000,100,1410,1215,32,0
17392,173.920191966,66.864000000,100,1410,1215,32,0
17393,173.930188191,66.864000000,100,1410,1215,32,0
17394,173.940186940,66.864000000,100,1410,1215,32,0
17395,173.950190228,66.864000000,100,1410,1215,32,0
17396,173.960194838,67.169000000,100,1410,1215,32,0
17397,173.970191253,67.169000000,100,1410,1215,32,0
17398,173.980189341,67.169000000,100,1410,1215,32,0
17399,173.990189743,67.169000000,100,1410,1215,32,0
17400,174.000189594,67.169000000,100,1410,1215,32,0
17401,174.010194565,67.169000000,100,1410,1215,32,0
17402,174.020189888,67.169000000,100,1410,1215,32,0
17403,174.030190160,67.169000000,100,1410,1215,32,0
17404,174.040217684,67.169000000,100,1410,1215,32,0
17405,174.050187278,67.169000000,100,1410,1215,32,0
17406,174.060199352,67.060000000,100,1410,1215,31,0
17407,174.070191199,67.060000000,100,1410,1215,31,0
17408,174.080190168,67.060000000,100,1410,1215,31,0
17409,174.090189789,67.060000000,100,1410,1215,31,0
17410,174.100191113,67.060000000,100,1410,1215,31,0
17411,174.110187238,67.060000000,100,1410,1215,31,0
17412,174.120190194,67.060000000,100,1410,1215,31,0
17413,174.130190316,67.060000000,100,1410,1215,31,0
17414,174.140189426,67.060000000,100,1410,1215,31,0
17415,174.150191281,67.060000000,100,1410,1215,31,0
17416,174.160191413,66.865000000,100,1410,1215,31,0
17417,174.170190092,66.865000000,100,1410,1215,31,0
17418,174.180189453,66.865000000,100,1410,1215,31,0
17419,174.190188973,66.865000000,100,1410,1215,31,0
17420,174.200189516,66.865000000,100,1410,1215,31,0
17421,174.210189728,66.865000000,100,1410,1215,31,0
17422,174.220189118,66.865000000,100,1410,1215,31,0
17423,174.230190412,66.865000000,100,1410,1215,31,0
17424,174.240189011,66.865000000,100,1410,1215,31,0
17425,174.250189534,66.865000000,100,1410,1215,31,0
17426,174.260190056,66.871000000,100,1410,1215,31,0
17427,174.270190859,66.871000000,100,1410,1215,32,0
17428,174.280188877,66.871000000,100,1410,1215,32,0
17429,174.290190021,66.871000000,100,1410,1215,32,0
17430,174.300193940,66.871000000,100,1410,1215,32,0
17431,174.310189714,66.871000000,100,1410,1215,32,0
17432,174.320190306,66.871000000,100,1410,1215,32,0
17433,174.330191771,66.871000000,100,1410,1215,32,0
17434,174.340189859,66.871000000,100,1410,1215,32,0
17435,174.350189810,66.871000000,100,1410,1215,32,0
17436,174.360190954,66.883000000,100,1410,1215,32,0
17437,174.370190705,66.883000000,100,1410,1215,32,0
17438,174.380190426,66.883000000,100,1410,1215,32,0
17439,174.390201619,66.883000000,100,1410,1215,32,0
17440,174.400190489,66.883000000,100,1410,1215,32,0
17441,174.410194839,66.883000000,100,1410,1215,32,0
17442,174.420194730,66.883000000,100,1410,1215,32,0
17443,174.430191937,66.883000000,100,1410,1215,32,0
17444,174.440188532,66.883000000,100,1410,1215,32,0
17445,174.450190287,66.883000000,100,1410,1215,32,0
17446,174.460195338,66.883000000,100,1410,1215,32,0
17447,174.470191392,67.059000000,100,1410,1215,32,0
17448,174.480189951,67.059000000,100,1410,1215,32,0
17449,174.490189732,67.059000000,100,1410,1215,32,0
17450,174.500193561,67.059000000,100,1410,1215,32,0
17451,174.510189345,67.059000000,100,1410,1215,32,0
17452,174.520190378,67.059000000,100,1410,1215,32,0
17453,174.530190560,67.059000000,100,1410,1215,32,0
17454,174.540189860,67.059000000,100,1410,1215,32,0
17455,174.550190062,67.059000000,100,1410,1215,32,0
17456,174.560212446,67.060000000,100,1410,1215,32,0
17457,174.570194975,67.060000000,100,1410,1215,32,0
17458,174.580191099,67.060000000,100,1410,1215,32,0
17459,174.590426512,67.060000000,100,1410,1215,32,0
17460,174.600190441,67.060000000,100,1410,1215,32,0
17461,174.610188389,67.060000000,100,1410,1215,32,0
17462,174.620192698,67.060000000,100,1410,1215,32,0
17463,174.630189935,67.060000000,100,1410,1215,32,0
17464,174.640189355,67.060000000,100,1410,1215,32,0
17465,174.650189637,67.060000000,100,1410,1215,32,0
17466,174.660191302,66.864000000,100,1410,1215,32,0
17467,174.670189260,66.864000000,100,1410,1215,32,0
17468,174.680190193,66.864000000,100,1410,1215,32,0
17469,174.690188762,66.864000000,100,1410,1215,32,0
17470,174.700189886,66.864000000,100,1410,1215,32,0
17471,174.710190238,66.864000000,100,1410,1215,32,0
17472,174.720189167,66.864000000,100,1410,1215,32,0
17473,174.730190211,66.864000000,100,1410,1215,32,0
17474,174.740209839,66.864000000,100,1410,1215,32,0
17475,174.750193500,66.864000000,100,1410,1215,32,0
17476,174.760202940,66.871000000,100,1410,1215,32,0
17477,174.770190648,66.871000000,100,1410,1215,32,0
17478,174.780190379,66.871000000,100,1410,1215,32,0
17479,174.790189489,66.871000000,100,1410,1215,32,0
17480,174.800189671,66.871000000,100,1410,1215,32,0
17481,174.810190183,66.871000000,100,1410,1215,32,0
17482,174.820189143,66.871000000,100,1410,1215,32,0
17483,174.830190677,66.871000000,100,1410,1215,32,0
17484,174.840189817,66.871000000,100,1410,1215,32,0
17485,174.850190170,66.871000000,100,1410,1215,32,0
17486,174.860190642,67.060000000,100,1410,1215,32,0
17487,174.870189632,67.060000000,100,1410,1215,32,0
17488,174.880196787,67.060000000,100,1410,1215,32,0
17489,174.890189555,67.060000000,100,1410,1215,32,0
17490,174.900192542,67.060000000,100,1410,1215,32,0
17491,174.910189347,67.060000000,100,1410,1215,32,0
17492,174.920190832,67.060000000,100,1410,1215,32,0
17493,174.930189471,67.060000000,100,1410,1215,32,0
17494,174.940194842,67.060000000,100,1410,1215,32,0
17495,174.950188212,67.060000000,100,1410,1215,32,0
17496,174.960191880,66.846000000,100,1410,1215,32,0
17497,174.970190208,66.846000000,100,1410,1215,32,0
17498,174.980189980,66.846000000,100,1410,1215,32,0
17499,174.990190933,66.846000000,100,1410,1215,32,0
17500,175.000187688,66.846000000,100,1410,1215,32,0
17501,175.010189664,66.846000000,100,1410,1215,32,0
17502,175.020191108,66.846000000,100,1410,1215,32,0
17503,175.030189867,66.846000000,100,1410,1215,32,0
17504,175.040190029,66.846000000,100,1410,1215,32,0
17505,175.050189821,66.846000000,100,1410,1215,32,0
17506,175.060190864,66.755000000,100,1410,1215,32,0
17507,175.070189944,66.755000000,100,1410,1215,32,0
17508,175.080190216,66.755000000,100,1410,1215,32,0
17509,175.090189706,66.755000000,100,1410,1215,32,0
17510,175.100189648,66.755000000,100,1410,1215,32,0
17511,175.110190010,66.755000000,100,1410,1215,32,0
17512,175.120193719,66.755000000,100,1410,1215,32,0
17513,175.130189242,66.755000000,100,1410,1215,32,0
17514,175.140189664,66.755000000,100,1410,1215,32,0
17515,175.150190267,66.755000000,100,1410,1215,32,0
17516,175.160191020,67.059000000,100,1410,1215,32,0
17517,175.170190901,67.059000000,100,1410,1215,32,0
17518,175.180189580,67.059000000,100,1410,1215,32,0
17519,175.190189762,67.059000000,100,1410,1215,32,0
17520,175.200189644,67.059000000,100,1410,1215,32,0
17521,175.210189355,67.059000000,100,1410,1215,32,0
17522,175.220189677,67.059000000,100,1410,1215,32,0
17523,175.230189458,67.059000000,100,1410,1215,32,0
17524,175.240189129,67.059000000,100,1410,1215,32,0
17525,175.250189481,67.059000000,100,1410,1215,32,0
17526,175.260189954,67.273000000,100,1410,1215,32,0
17527,175.270189134,67.273000000,100,1410,1215,32,0
17528,175.280188955,67.273000000,100,1410,1215,32,0
17529,175.290190259,67.273000000,100,1410,1215,32,0
17530,175.300188417,67.273000000,100,1410,1215,32,0
17531,175.310189561,67.273000000,100,1410,1215,32,0
17532,175.320188200,67.273000000,100,1410,1215,32,0
17533,175.330190576,67.273000000,100,1410,1215,32,0
17534,175.340189926,67.273000000,100,1410,1215,32,0
17535,175.350189687,67.273000000,100,1410,1215,32,0
17536,175.360190691,66.865000000,100,1410,1215,32,0
17537,175.370191213,66.865000000,100,1410,1215,32,0
17538,175.380189622,66.865000000,100,1410,1215,32,0
17539,175.390189914,66.865000000,100,1410,1215,32,0
17540,175.400190216,66.865000000,100,1410,1215,32,0
17541,175.410189837,66.865000000,100,1410,1215,32,0
17542,175.420189548,66.865000000,100,1410,1215,32,0
17543,175.430189380,66.865000000,100,1410,1215,32,0
17544,175.440189842,66.865000000,100,1410,1215,32,0
17545,175.450189773,66.865000000,100,1410,1215,32,0
17546,175.460191147,66.762000000,100,1410,1215,32,0
17547,175.470189656,66.762000000,100,1410,1215,32,0
17548,175.480194457,66.762000000,100,1410,1215,32,0
17549,175.490194088,66.762000000,100,1410,1215,32,0
17550,175.500190472,66.762000000,100,1410,1215,32,0
17551,175.510189312,66.762000000,100,1410,1215,32,0
17552,175.520189924,66.762000000,100,1410,1215,32,0
17553,175.530190337,66.762000000,100,1410,1215,32,0
17554,175.540190178,66.762000000,100,1410,1215,32,0
17555,175.550189448,66.762000000,100,1410,1215,32,0
17556,175.560190191,66.883000000,100,1410,1215,32,0
17557,175.570190834,66.883000000,100,1410,1215,32,0
17558,175.580190134,66.883000000,100,1410,1215,32,0
17559,175.590189505,66.883000000,100,1410,1215,32,0
17560,175.600189366,66.883000000,100,1410,1215,32,0
17561,175.610190049,66.883000000,100,1410,1215,32,0
17562,175.620193337,66.883000000,100,1410,1215,32,0
17563,175.630190854,66.883000000,100,1410,1215,32,0
17564,175.640189422,66.883000000,100,1410,1215,32,0
17565,175.650190857,66.883000000,100,1410,1215,32,0
17566,175.660191219,67.188000000,100,1410,1215,32,0
17567,175.670191782,67.188000000,100,1410,1215,32,0
17568,175.680190671,67.188000000,100,1410,1215,32,0
17569,175.690193698,67.188000000,100,1410,1215,32,0
17570,175.700191536,67.188000000,100,1410,1215,32,0
17571,175.710189914,67.188000000,100,1410,1215,32,0
17572,175.720190557,67.188000000,100,1410,1215,32,0
17573,175.730190699,67.188000000,100,1410,1215,32,0
17574,175.740190791,67.188000000,100,1410,1215,32,0
17575,175.750200781,67.188000000,100,1410,1215,32,0
17576,175.760190734,66.981000000,100,1410,1215,31,0
17577,175.770191817,66.981000000,100,1410,1215,31,0
17578,175.780190056,66.981000000,100,1410,1215,31,0
17579,175.790190899,66.981000000,100,1410,1215,31,0
17580,175.800189478,66.981000000,100,1410,1215,31,0
17581,175.810190110,66.981000000,100,1410,1215,31,0
17582,175.820189341,66.981000000,100,1410,1215,31,0
17583,175.830190124,66.981000000,100,1410,1215,31,0
17584,175.840189013,66.981000000,100,1410,1215,31,0
17585,175.850189616,66.981000000,100,1410,1215,31,0
17586,175.860191000,66.852000000,100,1410,1215,32,0
17587,175.870190200,66.852000000,100,1410,1215,32,0
17588,175.880209267,66.852000000,100,1410,1215,32,0
17589,175.890187538,66.852000000,100,1410,1215,32,0
17590,175.900187109,66.852000000,100,1410,1215,32,0
17591,175.910189796,66.852000000,100,1410,1215,32,0
17592,175.920188525,66.852000000,100,1410,1215,32,0
17593,175.930189658,66.852000000,100,1410,1215,32,0
17594,175.940189600,66.852000000,100,1410,1215,32,0
17595,175.950188800,66.852000000,100,1410,1215,32,0
17596,175.960189353,67.060000000,100,1410,1215,32,0
17597,175.970188983,67.060000000,100,1410,1215,32,0
17598,175.980189386,67.060000000,100,1410,1215,32,0
17599,175.990190369,67.060000000,100,1410,1215,32,0
17600,176.000190291,67.060000000,100,1410,1215,32,0
17601,176.010189060,67.060000000,100,1410,1215,32,0
17602,176.020191105,67.060000000,100,1410,1215,32,0
17603,176.030190375,67.060000000,100,1410,1215,32,0
17604,176.040189646,67.060000000,100,1410,1215,32,0
17605,176.050189617,67.060000000,100,1410,1215,32,0
17606,176.060191262,67.156000000,100,1410,1215,32,0
17607,176.070190181,67.156000000,100,1410,1215,32,0
17608,176.080189922,67.156000000,100,1410,1215,32,0
17609,176.090189824,67.156000000,100,1410,1215,32,0
17610,176.100191919,67.156000000,100,1410,1215,32,0
17611,176.110190969,67.156000000,100,1410,1215,32,0
17612,176.120280008,67.156000000,100,1410,1215,32,0
17613,176.130190231,67.156000000,100,1410,1215,32,0
17614,176.140188880,67.156000000,100,1410,1215,32,0
17615,176.150189783,67.156000000,100,1410,1215,32,0
17616,176.160189524,67.079000000,100,1410,1215,32,0
17617,176.170190227,67.079000000,100,1410,1215,32,0
17618,176.180189006,67.079000000,100,1410,1215,32,0
17619,176.190189709,67.079000000,100,1410,1215,32,0
17620,176.200188749,67.079000000,100,1410,1215,32,0
17621,176.210189031,67.079000000,100,1410,1215,32,0
17622,176.220189744,67.079000000,100,1410,1215,32,0
17623,176.230194284,67.079000000,100,1410,1215,32,0
17624,176.240189857,67.079000000,100,1410,1215,32,0
17625,176.250189739,67.079000000,100,1410,1215,32,0
17626,176.260190271,67.079000000,100,1410,1215,32,0
17627,176.270189551,67.079000000,100,1410,1215,32,0
17628,176.280191527,67.079000000,100,1410,1215,32,0
17629,176.290189966,67.079000000,100,1410,1215,32,0
17630,176.300188945,67.079000000,100,1410,1215,32,0
17631,176.310189758,67.079000000,100,1410,1215,32,0
17632,176.320190000,67.079000000,100,1410,1215,32,0
17633,176.330189731,67.079000000,100,1410,1215,32,0
17634,176.340189993,67.079000000,100,1410,1215,32,0
17635,176.350190035,67.079000000,100,1410,1215,32,0
17636,176.360191299,66.981000000,100,1410,1215,32,0
17637,176.370190669,66.981000000,100,1410,1215,32,0
17638,176.380193977,66.981000000,100,1410,1215,32,0
17639,176.390190392,66.981000000,100,1410,1215,32,0
17640,176.400190293,66.981000000,100,1410,1215,32,0
17641,176.410190024,66.981000000,100,1410,1215,32,0
17642,176.420189976,66.981000000,100,1410,1215,32,0
17643,176.430190559,66.981000000,100,1410,1215,32,0
17644,176.440189899,66.981000000,100,1410,1215,32,0
17645,176.450190201,66.981000000,100,1410,1215,32,0
17646,176.460191465,67.176000000,100,1410,1215,32,0
17647,176.470190164,67.176000000,100,1410,1215,32,0
17648,176.480190226,67.176000000,100,1410,1215,32,0
17649,176.490189796,67.176000000,100,1410,1215,32,0
17650,176.500193545,67.176000000,100,1410,1215,32,0
17651,176.510191152,67.176000000,100,1410,1215,32,0
17652,176.520189701,67.176000000,100,1410,1215,32,0
17653,176.530190835,67.176000000,100,1410,1215,32,0
17654,176.540193702,67.176000000,100,1410,1215,32,0
17655,176.550190116,67.176000000,100,1410,1215,32,0
17656,176.560190509,67.079000000,100,1410,1215,32,0
17657,176.570190320,67.079000000,100,1410,1215,32,0
17658,176.580205400,67.079000000,100,1410,1215,32,0
17659,176.590192898,67.079000000,100,1410,1215,32,0
17660,176.600198530,67.079000000,100,1410,1215,32,0
17661,176.610192641,67.079000000,100,1410,1215,32,0
17662,176.620187342,67.079000000,100,1410,1215,32,0
17663,176.630214926,67.079000000,100,1410,1215,32,0
17664,176.640193136,67.079000000,100,1410,1215,32,0
17665,176.650189812,67.079000000,100,1410,1215,32,0
17666,176.660190655,66.864000000,100,1410,1215,32,0
17667,176.670190226,66.864000000,100,1410,1215,32,0
17668,176.680193804,66.864000000,100,1410,1215,32,0
17669,176.690190740,66.864000000,100,1410,1215,32,0
17670,176.700193687,66.864000000,100,1410,1215,32,0
17671,176.710189891,66.864000000,100,1410,1215,32,0
17672,176.720190213,66.864000000,100,1410,1215,32,0
17673,176.730190826,66.864000000,100,1410,1215,32,0
17674,176.740189685,66.864000000,100,1410,1215,32,0
17675,176.750190909,66.864000000,100,1410,1215,32,0
17676,176.760195349,67.059000000,100,1410,1215,32,0
17677,176.770191023,67.059000000,100,1410,1215,32,0
17678,176.780190293,67.059000000,100,1410,1215,32,0
17679,176.790190405,67.059000000,100,1410,1215,32,0
17680,176.800193823,67.059000000,100,1410,1215,32,0
17681,176.810190348,67.059000000,100,1410,1215,32,0
17682,176.820189918,67.059000000,100,1410,1215,32,0
17683,176.830244162,67.059000000,100,1410,1215,32,0
17684,176.840191675,67.059000000,100,1410,1215,32,0
17685,176.850193309,67.059000000,100,1410,1215,32,0
17686,176.860196828,67.267000000,100,1410,1215,32,0
17687,176.870191068,67.267000000,100,1410,1215,32,0
17688,176.880190489,67.267000000,100,1410,1215,32,0
17689,176.890189839,67.267000000,100,1410,1215,32,0
17690,176.900189170,67.267000000,100,1410,1215,32,0
17691,176.910189983,67.267000000,100,1410,1215,32,0
17692,176.920189393,67.267000000,100,1410,1215,32,0
17693,176.930190567,67.267000000,100,1410,1215,32,0
17694,176.940246814,67.267000000,100,1410,1215,32,0
17695,176.950196952,67.267000000,100,1410,1215,32,0
17696,176.960201292,67.170000000,100,1410,1215,32,0
17697,176.970189892,67.170000000,100,1410,1215,32,0
17698,176.980191987,67.170000000,100,1410,1215,32,0
17699,176.990187070,67.170000000,100,1410,1215,32,0
17700,177.000186741,67.170000000,100,1410,1215,32,0
17701,177.010190800,67.170000000,100,1410,1215,32,0
17702,177.020190320,67.170000000,100,1410,1215,32,0
17703,177.030189190,67.170000000,100,1410,1215,32,0
17704,177.040188821,67.170000000,100,1410,1215,32,0
17705,177.050189173,67.170000000,100,1410,1215,32,0
17706,177.060190517,66.962000000,100,1410,1215,32,0
17707,177.070190058,66.962000000,100,1410,1215,32,0
17708,177.080190180,66.962000000,100,1410,1215,32,0
17709,177.090190321,66.962000000,100,1410,1215,32,0
17710,177.100191215,66.962000000,100,1410,1215,32,0
17711,177.110189613,66.962000000,100,1410,1215,32,0
17712,177.120189565,66.962000000,100,1410,1215,32,0
17713,177.130195287,66.962000000,100,1410,1215,32,0
17714,177.140190109,66.962000000,100,1410,1215,32,0
17715,177.150189840,66.962000000,100,1410,1215,32,0
17716,177.160191194,66.962000000,100,1410,1215,32,0
17717,177.170190735,66.962000000,100,1410,1215,32,0
17718,177.180189434,66.962000000,100,1410,1215,32,0
17719,177.190189506,66.962000000,100,1410,1215,32,0
17720,177.200190389,66.962000000,100,1410,1215,32,0
17721,177.210190551,66.962000000,100,1410,1215,32,0
17722,177.220194429,66.962000000,100,1410,1215,32,0
17723,177.230190383,66.962000000,100,1410,1215,32,0
17724,177.240189634,66.962000000,100,1410,1215,32,0
17725,177.250190286,66.962000000,100,1410,1215,32,0
17726,177.260195458,67.176000000,100,1410,1215,32,0
17727,177.270189909,67.176000000,100,1410,1215,32,0
17728,177.280189780,67.176000000,100,1410,1215,32,0
17729,177.290194961,67.176000000,100,1410,1215,32,0
17730,177.300190665,67.176000000,100,1410,1215,32,0
17731,177.310189735,67.176000000,100,1410,1215,32,0
17732,177.320191129,67.176000000,100,1410,1215,32,0
17733,177.330191130,67.176000000,100,1410,1215,32,0
17734,177.340190310,67.176000000,100,1410,1215,32,0
17735,177.350190242,67.176000000,100,1410,1215,32,0
17736,177.360190694,67.091000000,100,1410,1215,32,0
17737,177.370196206,67.091000000,100,1410,1215,32,0
17738,177.380190777,67.091000000,100,1410,1215,32,0
17739,177.390190328,67.091000000,100,1410,1215,32,0
17740,177.400190290,67.091000000,100,1410,1215,32,0
17741,177.410189169,67.091000000,100,1410,1215,32,0
17742,177.420191415,67.091000000,100,1410,1215,32,0
17743,177.430190505,67.091000000,100,1410,1215,32,0
17744,177.440188883,67.091000000,100,1410,1215,32,0
17745,177.450189907,67.091000000,100,1410,1215,32,0
17746,177.460190069,66.981000000,100,1410,1215,32,0
17747,177.470190431,66.981000000,100,1410,1215,32,0
17748,177.480189070,66.981000000,100,1410,1215,32,0
17749,177.490189803,66.981000000,100,1410,1215,32,0
17750,177.500189133,66.981000000,100,1410,1215,32,0
17751,177.510189676,66.981000000,100,1410,1215,32,0
17752,177.520189216,66.981000000,100,1410,1215,32,0
17753,177.530190480,66.981000000,100,1410,1215,32,0
17754,177.540194409,66.981000000,100,1410,1215,32,0
17755,177.550189872,66.981000000,100,1410,1215,32,0
17756,177.560190826,67.078000000,100,1410,1215,32,0
17757,177.570190637,67.078000000,100,1410,1215,32,0
17758,177.580190148,67.078000000,100,1410,1215,32,0
17759,177.590191973,67.078000000,100,1410,1215,32,0
17760,177.600195160,67.078000000,100,1410,1215,32,0
17761,177.610193378,67.078000000,100,1410,1215,32,0
17762,177.620189443,67.078000000,100,1410,1215,32,0
17763,177.630194313,67.078000000,100,1410,1215,32,0
17764,177.640190217,67.078000000,100,1410,1215,32,0
17765,177.650189377,67.078000000,100,1410,1215,32,0
17766,177.660190481,67.176000000,100,1410,1215,32,0
17767,177.670190352,67.176000000,100,1410,1215,32,0
17768,177.680193399,67.176000000,100,1410,1215,32,0
17769,177.690190966,67.176000000,100,1410,1215,32,0
17770,177.700190347,67.176000000,100,1410,1215,32,0
17771,177.710189998,67.176000000,100,1410,1215,32,0
17772,177.720189648,67.176000000,100,1410,1215,32,0
17773,177.730190632,67.176000000,100,1410,1215,32,0
17774,177.740189020,67.176000000,100,1410,1215,32,0
17775,177.750190074,67.176000000,100,1410,1215,32,0
17776,177.760190436,66.968000000,100,1410,1215,32,0
17777,177.770191650,66.968000000,100,1410,1215,32,0
17778,177.780188897,66.968000000,100,1410,1215,32,0
17779,177.790189309,66.968000000,100,1410,1215,32,0
17780,177.800189681,66.968000000,100,1410,1215,32,0
17781,177.810190013,66.968000000,100,1410,1215,32,0
17782,177.820189524,66.968000000,100,1410,1215,32,0
17783,177.830194264,66.968000000,100,1410,1215,32,0
17784,177.840188996,66.968000000,100,1410,1215,32,0
17785,177.850190230,66.968000000,100,1410,1215,32,0
17786,177.860195281,67.059000000,100,1410,1215,32,0
17787,177.870190774,67.059000000,100,1410,1215,32,0
17788,177.880189954,67.059000000,100,1410,1215,32,0
17789,177.890193673,67.059000000,100,1410,1215,32,0
17790,177.900189737,67.059000000,100,1410,1215,32,0
17791,177.910193445,67.059000000,100,1410,1215,32,0
17792,177.920190491,67.059000000,100,1410,1215,32,0
17793,177.930189621,67.059000000,100,1410,1215,32,0
17794,177.940189673,67.059000000,100,1410,1215,32,0
17795,177.950189274,67.059000000,100,1410,1215,32,0
17796,177.960191089,67.059000000,100,1410,1215,32,0
17797,177.970190028,67.169000000,100,1410,1215,32,0
17798,177.980189418,67.169000000,100,1410,1215,32,0
17799,177.990189270,67.169000000,100,1410,1215,32,0
17800,178.000189352,67.169000000,100,1410,1215,32,0
17801,178.010190205,67.169000000,100,1410,1215,32,0
17802,178.020190026,67.169000000,100,1410,1215,32,0
17803,178.030190879,67.169000000,100,1410,1215,32,0
17804,178.040190099,67.169000000,100,1410,1215,32,0
17805,178.050189740,67.169000000,100,1410,1215,32,0
17806,178.060194210,67.169000000,100,1410,1215,32,0
17807,178.070190134,67.157000000,100,1410,1215,32,0
17808,178.080188683,67.157000000,100,1410,1215,32,0
17809,178.090189396,67.157000000,100,1410,1215,32,0
17810,178.100194176,67.157000000,100,1410,1215,32,0
17811,178.110189769,67.157000000,100,1410,1215,32,0
17812,178.120193218,67.157000000,100,1410,1215,32,0
17813,178.130190835,67.157000000,100,1410,1215,32,0
17814,178.140189774,67.157000000,100,1410,1215,32,0
17815,178.150189675,67.157000000,100,1410,1215,32,0
17816,178.160190629,67.157000000,100,1410,1215,32,0
17817,178.170195480,67.073000000,100,1410,1215,32,0
17818,178.180190011,67.073000000,100,1410,1215,32,0
17819,178.190194060,67.073000000,100,1410,1215,32,0
17820,178.200189763,67.073000000,100,1410,1215,32,0
17821,178.210189434,67.073000000,100,1410,1215,32,0
17822,178.220190408,67.073000000,100,1410,1215,32,0
17823,178.230190990,67.073000000,100,1410,1215,32,0
17824,178.240189900,67.073000000,100,1410,1215,32,0
17825,178.250193859,67.073000000,100,1410,1215,32,0
17826,178.260190795,67.156000000,100,1410,1215,32,0
17827,178.270190175,67.156000000,100,1410,1215,32,0
17828,178.280190607,67.156000000,100,1410,1215,32,0
17829,178.290190539,67.156000000,100,1410,1215,32,0
17830,178.300189729,67.156000000,100,1410,1215,32,0
17831,178.310190011,67.156000000,100,1410,1215,32,0
17832,178.320189642,67.156000000,100,1410,1215,32,0
17833,178.330194473,67.156000000,100,1410,1215,32,0
17834,178.340190236,67.156000000,100,1410,1215,32,0
17835,178.350190077,67.156000000,100,1410,1215,32,0
17836,178.360191211,66.962000000,100,1410,1215,32,0
17837,178.370195030,66.962000000,100,1410,1215,32,0
17838,178.380189872,66.962000000,100,1410,1215,32,0
17839,178.390189683,66.962000000,100,1410,1215,32,0
17840,178.400190125,66.962000000,100,1410,1215,32,0
17841,178.410193794,66.962000000,100,1410,1215,32,0
17842,178.420206369,66.962000000,100,1410,1215,32,0
17843,178.430189409,66.962000000,100,1410,1215,32,0
17844,178.440191194,66.962000000,100,1410,1215,32,0
17845,178.450189933,66.962000000,100,1410,1215,32,0
17846,178.460190225,66.963000000,100,1410,1215,32,0
17847,178.470190477,66.963000000,100,1410,1215,32,0
17848,178.480189697,66.963000000,100,1410,1215,32,0
17849,178.490189107,66.963000000,100,1410,1215,32,0
17850,178.500190041,66.963000000,100,1410,1215,32,0
17851,178.510194360,66.963000000,100,1410,1215,32,0
17852,178.520190555,66.963000000,100,1410,1215,32,0
17853,178.530191438,66.963000000,100,1410,1215,32,0
17854,178.540189115,66.963000000,100,1410,1215,32,0
17855,178.550190289,66.963000000,100,1410,1215,32,0
17856,178.560190371,67.176000000,100,1410,1215,32,0
17857,178.570193197,67.176000000,100,1410,1215,32,0
17858,178.580187098,67.176000000,100,1410,1215,32,0
17859,178.590232404,67.176000000,100,1410,1215,32,0
17860,178.600191830,67.176000000,100,1410,1215,32,0
17861,178.610189878,67.176000000,100,1410,1215,32,0
17862,178.620188567,67.176000000,100,1410,1215,32,0
17863,178.630190642,67.176000000,100,1410,1215,32,0
17864,178.640189411,67.176000000,100,1410,1215,32,0
17865,178.650190265,67.176000000,100,1410,1215,32,0
17866,178.660190426,67.156000000,100,1410,1215,32,0
17867,178.670189977,67.156000000,100,1410,1215,32,0
17868,178.680189848,67.156000000,100,1410,1215,32,0
17869,178.690189179,67.156000000,100,1410,1215,32,0
17870,178.700190112,67.156000000,100,1410,1215,32,0
17871,178.710190073,67.156000000,100,1410,1215,32,0
17872,178.720190045,67.156000000,100,1410,1215,32,0
17873,178.730190377,67.156000000,100,1410,1215,32,0
17874,178.740189948,67.156000000,100,1410,1215,32,0
17875,178.750189398,67.156000000,100,1410,1215,32,0
17876,178.760190171,67.078000000,100,1410,1215,32,0
17877,178.770190674,67.078000000,100,1410,1215,32,0
17878,178.780190024,67.078000000,100,1410,1215,32,0
17879,178.790189415,67.078000000,100,1410,1215,32,0
17880,178.800189687,67.078000000,100,1410,1215,32,0
17881,178.810190199,67.078000000,100,1410,1215,32,0
17882,178.820191854,67.078000000,100,1410,1215,32,0
17883,178.830191485,67.078000000,100,1410,1215,32,0
17884,178.840189833,67.078000000,100,1410,1215,32,0
17885,178.850190756,67.078000000,100,1410,1215,32,0
17886,178.860191349,67.060000000,100,1410,1215,32,0
17887,178.870190880,67.060000000,100,1410,1215,32,0
17888,178.880189429,67.060000000,100,1410,1215,32,0
17889,178.890190322,67.060000000,100,1410,1215,32,0
17890,178.900194842,67.060000000,100,1410,1215,32,0
17891,178.910191337,67.060000000,100,1410,1215,32,0
17892,178.920189475,67.060000000,100,1410,1215,32,0
17893,178.930190388,67.060000000,100,1410,1215,32,0
17894,178.940190119,67.060000000,100,1410,1215,32,0
17895,178.950190081,67.060000000,100,1410,1215,32,0
17896,178.960190683,67.060000000,100,1410,1215,32,0
17897,178.970190535,67.060000000,100,1410,1215,32,0
17898,178.980190366,67.060000000,100,1410,1215,32,0
17899,178.990190037,67.060000000,100,1410,1215,32,0
17900,179.000189537,67.060000000,100,1410,1215,32,0
17901,179.010189659,67.060000000,100,1410,1215,32,0
17902,179.020189901,67.060000000,100,1410,1215,32,0
17903,179.030194271,67.060000000,100,1410,1215,32,0
17904,179.040189474,67.060000000,100,1410,1215,32,0
17905,179.050189505,67.060000000,100,1410,1215,32,0
17906,179.060190659,66.865000000,100,1410,1215,32,0
17907,179.070190711,66.865000000,100,1410,1215,32,0
17908,179.080190351,66.865000000,100,1410,1215,32,0
17909,179.090190243,66.865000000,100,1410,1215,32,0
17910,179.100190104,66.865000000,100,1410,1215,32,0
17911,179.110190306,66.865000000,100,1410,1215,32,0
17912,179.120190538,66.865000000,100,1410,1215,32,0
17913,179.130190810,66.865000000,100,1410,1215,32,0
17914,179.140190471,66.865000000,100,1410,1215,32,0
17915,179.150190392,66.865000000,100,1410,1215,32,0
17916,179.160190594,67.054000000,100,1410,1215,32,0
17917,179.170191157,67.054000000,100,1410,1215,32,0
17918,179.180191729,67.054000000,100,1410,1215,32,0
17919,179.190190238,67.054000000,100,1410,1215,32,0
17920,179.200189939,67.054000000,100,1410,1215,32,0
17921,179.210191213,67.054000000,100,1410,1215,32,0
17922,179.220190634,67.054000000,100,1410,1215,32,0
17923,179.230191186,67.054000000,100,1410,1215,32,0
17924,179.240194184,67.054000000,100,1410,1215,32,0
17925,179.250190688,67.054000000,100,1410,1215,32,0
17926,179.260191542,67.054000000,100,1410,1215,32,0
17927,179.270191243,67.176000000,100,1410,1215,32,0
17928,179.280191124,67.176000000,100,1410,1215,32,0
17929,179.290190685,67.176000000,100,1410,1215,32,0
17930,179.300194093,67.176000000,100,1410,1215,32,0
17931,179.310191099,67.176000000,100,1410,1215,32,0
17932,179.320191501,67.176000000,100,1410,1215,32,0
17933,179.330191372,67.176000000,100,1410,1215,32,0
17934,179.340195121,67.176000000,100,1410,1215,32,0
17935,179.350191275,67.176000000,100,1410,1215,32,0
17936,179.360191307,67.176000000,100,1410,1215,32,0
17937,179.370191549,67.091000000,100,1410,1215,32,0
17938,179.380194306,67.091000000,100,1410,1215,32,0
17939,179.390191121,67.091000000,100,1410,1215,32,0
17940,179.400188808,67.091000000,100,1410,1215,32,0
17941,179.410189571,67.091000000,100,1410,1215,32,0
17942,179.420189693,67.091000000,100,1410,1215,32,0
17943,179.430191067,67.091000000,100,1410,1215,32,0
17944,179.440189927,67.091000000,100,1410,1215,32,0
17945,179.450190379,67.091000000,100,1410,1215,32,0
17946,179.460189729,67.091000000,100,1410,1215,32,0
17947,179.470190883,67.091000000,100,1410,1215,32,0
17948,179.480189622,67.091000000,100,1410,1215,32,0
17949,179.490190065,67.091000000,100,1410,1215,32,0
17950,179.500190898,67.091000000,100,1410,1215,32,0
17951,179.510190649,67.091000000,100,1410,1215,32,0
17952,179.520190951,67.091000000,100,1410,1215,32,0
17953,179.530190271,67.091000000,100,1410,1215,32,0
17954,179.540190483,67.091000000,100,1410,1215,32,0
17955,179.550190605,67.091000000,100,1410,1215,32,0
17956,179.560191688,67.059000000,100,1410,1215,32,0
17957,179.570191169,67.059000000,100,1410,1215,32,0
17958,179.580190309,67.059000000,100,1410,1215,32,0
17959,179.590190391,67.059000000,100,1410,1215,32,0
17960,179.600191073,67.059000000,100,1410,1215,32,0
17961,179.610189512,67.059000000,100,1410,1215,32,0
17962,179.620193942,67.059000000,100,1410,1215,32,0
17963,179.630191599,67.059000000,100,1410,1215,32,0
17964,179.640189867,67.059000000,100,1410,1215,32,0
17965,179.650189939,67.059000000,100,1410,1215,32,0
17966,179.660190231,66.981000000,100,1410,1215,32,0
17967,179.670191175,66.981000000,100,1410,1215,32,0
17968,179.680195304,66.981000000,100,1410,1215,32,0
17969,179.690187521,66.981000000,100,1410,1215,32,0
17970,179.700190548,66.981000000,100,1410,1215,32,0
17971,179.710190409,66.981000000,100,1410,1215,32,0
17972,179.720189659,66.981000000,100,1410,1215,32,0
17973,179.730189911,66.981000000,100,1410,1215,32,0
17974,179.740189943,66.981000000,100,1410,1215,32,0
17975,179.750189233,66.981000000,100,1410,1215,32,0
17976,179.760190607,67.176000000,100,1410,1215,32,0
17977,179.770190228,67.176000000,100,1410,1215,32,0
17978,179.780189669,67.176000000,100,1410,1215,32,0
17979,179.790189320,67.176000000,100,1410,1215,32,0
17980,179.800189852,67.176000000,100,1410,1215,32,0
17981,179.810189443,67.176000000,100,1410,1215,32,0
17982,179.820189985,67.176000000,100,1410,1215,32,0
17983,179.830382298,67.176000000,100,1410,1215,32,0
17984,179.840190890,67.176000000,100,1410,1215,32,0
17985,179.850189960,67.176000000,100,1410,1215,32,0
17986,179.860191595,67.189000000,100,1410,1215,32,0
17987,179.870191486,67.189000000,100,1410,1215,32,0
17988,179.880193902,67.189000000,100,1410,1215,32,0
17989,179.890193242,67.189000000,100,1410,1215,32,0
17990,179.900190319,67.189000000,100,1410,1215,32,0
17991,179.910190009,67.189000000,100,1410,1215,32,0
17992,179.920189330,67.189000000,100,1410,1215,32,0
17993,179.930191375,67.189000000,100,1410,1215,32,0
17994,179.940189473,67.189000000,100,1410,1215,32,0
17995,179.950190216,67.189000000,100,1410,1215,32,0
17996,179.960190158,67.176000000,100,1410,1215,32,0
17997,179.970191071,67.176000000,100,1410,1215,32,0
17998,179.980189199,67.176000000,100,1410,1215,32,0
17999,179.990189972,67.176000000,100,1410,1215,32,0
18000,180.000189292,67.176000000,100,1410,1215,32,0
18001,180.010190135,67.176000000,100,1410,1215,32,0
18002,180.020190287,67.176000000,100,1410,1215,32,0
18003,180.030195468,67.176000000,100,1410,1215,32,0
18004,180.040190651,67.176000000,100,1410,1215,32,0
18005,180.050188599,67.176000000,100,1410,1215,32,0
18006,180.060191055,67.079000000,100,1410,1215,32,0
18007,180.070188912,67.079000000,100,1410,1215,32,0
18008,180.080189735,67.079000000,100,1410,1215,32,0
18009,180.090189767,67.079000000,100,1410,1215,32,0
18010,180.100189939,67.079000000,100,1410,1215,32,0
18011,180.110189519,67.079000000,100,1410,1215,32,0
18012,180.120190423,67.079000000,100,1410,1215,32,0
18013,180.130190254,67.079000000,100,1410,1215,32,0
18014,180.140189494,67.079000000,100,1410,1215,32,0
18015,180.150193172,67.079000000,100,1410,1215,32,0
18016,180.160191220,66.969000000,100,1410,1215,32,0
18017,180.170193847,66.969000000,100,1410,1215,32,0
18018,180.180190041,66.969000000,100,1410,1215,32,0
18019,180.190190303,66.969000000,100,1410,1215,32,0
18020,180.200189614,66.969000000,100,1410,1215,32,0
18021,180.210189725,66.969000000,100,1410,1215,32,0
18022,180.220189016,66.969000000,100,1410,1215,32,0
18023,180.230190690,66.969000000,100,1410,1215,32,0
18024,180.240189149,66.969000000,100,1410,1215,32,0
18025,180.250191084,66.969000000,100,1410,1215,32,0
18026,180.260189843,67.059000000,100,1410,1215,32,0
18027,180.270190015,67.059000000,100,1410,1215,32,0
18028,180.280188995,67.059000000,100,1410,1215,32,0
18029,180.290189868,67.059000000,100,1410,1215,32,0
18030,180.300189509,67.059000000,100,1410,1215,32,0
18031,180.310189130,67.059000000,100,1410,1215,32,0
18032,180.320189191,67.059000000,100,1410,1215,32,0
18033,180.330189473,67.059000000,100,1410,1215,32,0
18034,180.340189796,67.059000000,100,1410,1215,32,0
18035,180.350188635,67.059000000,100,1410,1215,32,0
18036,180.360190159,67.072000000,100,1410,1215,32,0
18037,180.370192736,67.072000000,100,1410,1215,32,0
18038,180.380189942,67.072000000,100,1410,1215,32,0
18039,180.390190695,67.072000000,100,1410,1215,32,0
18040,180.400190436,67.072000000,100,1410,1215,32,0
18041,180.410189756,67.072000000,100,1410,1215,32,0
18042,180.420190089,67.072000000,100,1410,1215,32,0
18043,180.430190441,67.072000000,100,1410,1215,32,0
18044,180.440189511,67.072000000,100,1410,1215,32,0
18045,180.450190083,67.072000000,100,1410,1215,32,0
18046,180.460193020,67.157000000,100,1410,1215,32,0
18047,180.470190066,67.157000000,100,1410,1215,32,0
18048,180.480189336,67.157000000,100,1410,1215,32,0
18049,180.490189719,67.157000000,100,1410,1215,32,0
18050,180.500190091,67.157000000,100,1410,1215,32,0
18051,180.510190373,67.157000000,100,1410,1215,32,0
18052,180.520190174,67.157000000,100,1410,1215,32,0
18053,180.530190997,67.157000000,100,1410,1215,32,0
18054,180.540190788,67.157000000,100,1410,1215,32,0
18055,180.550193826,67.157000000,100,1410,1215,32,0
18056,180.560194478,67.060000000,100,1410,1215,32,0
18057,180.570191084,67.060000000,100,1410,1215,32,0
18058,180.580190414,67.060000000,100,1410,1215,32,0
18059,180.590193932,67.060000000,100,1410,1215,32,0
18060,180.600190247,67.060000000,100,1410,1215,32,0
18061,180.610191130,67.060000000,100,1410,1215,32,0
18062,180.620189599,67.060000000,100,1410,1215,32,0
18063,180.630191604,67.060000000,100,1410,1215,32,0
18064,180.640190443,67.060000000,100,1410,1215,32,0
18065,180.650190275,67.060000000,100,1410,1215,32,0
18066,180.660190817,67.073000000,100,1410,1215,32,0
18067,180.670190678,67.073000000,100,1410,1215,32,0
18068,180.680189938,67.073000000,100,1410,1215,32,0
18069,180.690188798,67.073000000,100,1410,1215,32,0
18070,180.700189841,67.073000000,100,1410,1215,32,0
18071,180.710190073,67.073000000,100,1410,1215,32,0
18072,180.720189784,67.073000000,100,1410,1215,32,0
18073,180.730190307,67.073000000,100,1410,1215,32,0
18074,180.740190138,67.073000000,100,1410,1215,32,0
18075,180.750189348,67.073000000,100,1410,1215,32,0
18076,180.760190863,66.981000000,100,1410,1215,32,0
18077,180.770190634,66.981000000,100,1410,1215,32,0
18078,180.780193561,66.981000000,100,1410,1215,32,0
18079,180.790190146,66.981000000,100,1410,1215,32,0
18080,180.800192682,66.981000000,100,1410,1215,32,0
18081,180.810189989,66.981000000,100,1410,1215,32,0
18082,180.820190521,66.981000000,100,1410,1215,32,0
18083,180.830190823,66.981000000,100,1410,1215,32,0
18084,180.840192738,66.981000000,100,1410,1215,32,0
18085,180.850190456,66.981000000,100,1410,1215,32,0
18086,180.860191890,66.981000000,100,1410,1215,32,0
18087,180.870194516,66.981000000,100,1410,1215,32,0
18088,180.880190510,66.981000000,100,1410,1215,32,0
18089,180.890189811,66.981000000,100,1410,1215,32,0
18090,180.900193710,66.981000000,100,1410,1215,32,0
18091,180.910189834,66.981000000,100,1410,1215,32,0
18092,180.920190216,66.981000000,100,1410,1215,32,0
18093,180.930189396,66.981000000,100,1410,1215,32,0
18094,180.940189528,66.981000000,100,1410,1215,32,0
18095,180.950189179,66.981000000,100,1410,1215,32,0
18096,180.960190172,67.170000000,100,1410,1215,32,0
18097,180.970193229,67.170000000,100,1410,1215,32,0
18098,180.980189113,67.170000000,100,1410,1215,32,0
18099,180.990190107,67.170000000,100,1410,1215,32,0
18100,181.000189106,67.170000000,100,1410,1215,32,0
18101,181.010189709,67.170000000,100,1410,1215,32,0
18102,181.020189550,67.170000000,100,1410,1215,32,0
18103,181.030190353,67.170000000,100,1410,1215,32,0
18104,181.040189152,67.170000000,100,1410,1215,32,0
18105,181.050191258,67.170000000,100,1410,1215,32,0
18106,181.060189907,67.286000000,100,1410,1215,32,0
18107,181.070191371,67.286000000,100,1410,1215,32,0
18108,181.080187285,67.286000000,100,1410,1215,32,0
18109,181.090188128,67.286000000,100,1410,1215,32,0
18110,181.100190254,67.286000000,100,1410,1215,32,0
18111,181.110189785,67.286000000,100,1410,1215,32,0
18112,181.120190728,67.286000000,100,1410,1215,32,0
18113,181.130191411,67.286000000,100,1410,1215,32,0
18114,181.140207963,67.286000000,100,1410,1215,32,0
18115,181.150190161,67.286000000,100,1410,1215,32,0
18116,181.160191065,66.962000000,100,1410,1215,32,0
18117,181.170191417,66.962000000,100,1410,1215,32,0
18118,181.180191028,66.962000000,100,1410,1215,32,0
18119,181.190189386,66.962000000,100,1410,1215,32,0
18120,181.200189849,66.962000000,100,1410,1215,32,0
18121,181.210189980,66.962000000,100,1410,1215,32,0
18122,181.220190242,66.962000000,100,1410,1215,32,0
18123,181.230194331,66.962000000,100,1410,1215,32,0
18124,181.240190526,66.962000000,100,1410,1215,32,0
18125,181.250217919,66.962000000,100,1410,1215,32,0
18126,181.260192883,66.968000000,100,1410,1215,32,0
18127,181.270191743,66.968000000,100,1410,1215,32,0
18128,181.280195982,66.968000000,100,1410,1215,32,0
18129,181.290187879,66.968000000,100,1410,1215,32,0
18130,181.300188271,66.968000000,100,1410,1215,32,0
18131,181.310192911,66.968000000,100,1410,1215,32,0
18132,181.320189827,66.968000000,100,1410,1215,32,0
18133,181.330194447,66.968000000,100,1410,1215,32,0
18134,181.340190682,66.968000000,100,1410,1215,32,0
18135,181.350190543,66.968000000,100,1410,1215,32,0
18136,181.360189833,67.091000000,100,1410,1215,32,0
18137,181.370191408,67.091000000,100,1410,1215,32,0
18138,181.380189706,67.091000000,100,1410,1215,32,0
18139,181.390194747,67.091000000,100,1410,1215,32,0
18140,181.400190721,67.091000000,100,1410,1215,32,0
18141,181.410194159,67.091000000,100,1410,1215,32,0
18142,181.420194040,67.091000000,100,1410,1215,32,0
18143,181.430190115,67.091000000,100,1410,1215,32,0
18144,181.440190306,67.091000000,100,1410,1215,32,0
18145,181.450190358,67.091000000,100,1410,1215,32,0
18146,181.460190520,67.157000000,100,1410,1215,32,0
18147,181.470194719,67.157000000,100,1410,1215,32,0
18148,181.480190623,67.157000000,100,1410,1215,32,0
18149,181.490189573,67.157000000,100,1410,1215,32,0
18150,181.500190786,67.157000000,100,1410,1215,32,0
18151,181.510189846,67.157000000,100,1410,1215,32,0
18152,181.520190248,67.157000000,100,1410,1215,32,0
18153,181.530190701,67.157000000,100,1410,1215,32,0
18154,181.540189330,67.157000000,100,1410,1215,32,0
18155,181.550192698,67.157000000,100,1410,1215,32,0
18156,181.560189213,67.157000000,100,1410,1215,32,0
18157,181.570194815,67.156000000,100,1410,1215,32,0
18158,181.580189737,67.156000000,100,1410,1215,32,0
18159,181.590189778,67.156000000,100,1410,1215,32,0
18160,181.600189940,67.156000000,100,1410,1215,32,0
18161,181.610190192,67.156000000,100,1410,1215,32,0
18162,181.620190595,67.156000000,100,1410,1215,32,0
18163,181.630190115,67.156000000,100,1410,1215,32,0
18164,181.640190287,67.156000000,100,1410,1215,32,0
18165,181.650194537,67.156000000,100,1410,1215,32,0
18166,181.660191032,67.156000000,100,1410,1215,32,0
18167,181.670194840,67.176000000,100,1410,1215,32,0
18168,181.680190644,67.176000000,100,1410,1215,32,0
18169,181.690189954,67.176000000,100,1410,1215,32,0
18170,181.700191028,67.176000000,100,1410,1215,32,0
18171,181.710190328,67.176000000,100,1410,1215,32,0
18172,181.720190219,67.176000000,100,1410,1215,32,0
18173,181.730190582,67.176000000,100,1410,1215,32,0
18174,181.740194240,67.176000000,100,1410,1215,32,0
18175,181.750188270,67.176000000,100,1410,1215,32,0
18176,181.760190256,67.176000000,100,1410,1215,32,0
18177,181.770195056,67.188000000,100,1410,1215,32,0
18178,181.780190469,67.188000000,100,1410,1215,32,0
18179,181.790193636,67.188000000,100,1410,1215,32,0
18180,181.800189220,67.188000000,100,1410,1215,32,0
18181,181.810194080,67.188000000,100,1410,1215,32,0
18182,181.820189564,67.188000000,100,1410,1215,32,0
18183,181.830190617,67.188000000,100,1410,1215,32,0
18184,181.840189927,67.188000000,100,1410,1215,32,0
18185,181.850189949,67.188000000,100,1410,1215,32,0
18186,181.860190181,67.188000000,100,1410,1215,32,0
18187,181.870195382,66.871000000,100,1410,1215,32,0
18188,181.880189813,66.871000000,100,1410,1215,32,0
18189,181.890189915,66.871000000,100,1410,1215,32,0
18190,181.900194275,66.871000000,100,1410,1215,32,0
18191,181.910189868,66.871000000,100,1410,1215,32,0
18192,181.920189940,66.871000000,100,1410,1215,32,0
18193,181.930191013,66.871000000,100,1410,1215,32,0
18194,181.940189913,66.871000000,100,1410,1215,32,0
18195,181.950189573,66.871000000,100,1410,1215,32,0
18196,181.960190066,67.157000000,100,1410,1215,32,0
18197,181.970190017,67.157000000,100,1410,1215,32,0
18198,181.980189628,67.157000000,100,1410,1215,32,0
18199,181.990208164,67.157000000,100,1410,1215,32,0
18200,182.000190804,67.157000000,100,1410,1215,32,0
18201,182.010191236,67.157000000,100,1410,1215,32,0
18202,182.020189845,67.157000000,100,1410,1215,32,0
18203,182.030190157,67.157000000,100,1410,1215,32,0
18204,182.040190439,67.157000000,100,1410,1215,32,0
18205,182.050189148,67.157000000,100,1410,1215,32,0
18206,182.060191234,67.267000000,100,1410,1215,32,0
18207,182.070190544,67.267000000,100,1410,1215,32,0
18208,182.080190054,67.267000000,100,1410,1215,32,0
18209,182.090189996,67.267000000,100,1410,1215,32,0
18210,182.100190388,67.267000000,100,1410,1215,32,0
18211,182.110189999,67.267000000,100,1410,1215,32,0
18212,182.120194309,67.267000000,100,1410,1215,32,0
18213,182.130190984,67.267000000,100,1410,1215,32,0
18214,182.140189893,67.267000000,100,1410,1215,32,0
18215,182.150190456,67.267000000,100,1410,1215,32,0
18216,182.160190377,67.059000000,100,1410,1215,32,0
18217,182.170191290,67.059000000,100,1410,1215,32,0
18218,182.180193156,67.059000000,100,1410,1215,32,0
18219,182.190190262,67.059000000,100,1410,1215,32,0
18220,182.200194130,67.059000000,100,1410,1215,32,0
18221,182.210189804,67.059000000,100,1410,1215,32,0
18222,182.220190577,67.059000000,100,1410,1215,32,0
18223,182.230191180,67.059000000,100,1410,1215,32,0
18224,182.240190019,67.059000000,100,1410,1215,32,0
18225,182.250189009,67.059000000,100,1410,1215,32,0
18226,182.260191465,66.969000000,100,1410,1215,32,0
18227,182.270191176,66.969000000,100,1410,1215,32,0
18228,182.280190266,66.969000000,100,1410,1215,32,0
18229,182.290188834,66.969000000,100,1410,1215,32,0
18230,182.300190419,66.969000000,100,1410,1215,32,0
18231,182.310190160,66.969000000,100,1410,1215,32,0
18232,182.320190562,66.969000000,100,1410,1215,32,0
18233,182.330249735,66.969000000,100,1410,1215,32,0
18234,182.340192669,66.969000000,100,1410,1215,32,0
18235,182.350190667,66.969000000,100,1410,1215,32,0
18236,182.360194386,67.176000000,100,1410,1215,32,0
18237,182.370190470,67.176000000,100,1410,1215,32,0
18238,182.380191153,67.176000000,100,1410,1215,32,0
18239,182.390190433,67.176000000,100,1410,1215,32,0
18240,182.400189122,67.176000000,100,1410,1215,32,0
18241,182.410189704,67.176000000,100,1410,1215,32,0
18242,182.420190217,67.176000000,100,1410,1215,32,0
18243,182.430190920,67.176000000,100,1410,1215,32,0
18244,182.440189939,67.176000000,100,1410,1215,32,0
18245,182.450190192,67.176000000,100,1410,1215,32,0
18246,182.460191656,67.059000000,100,1410,1215,32,0
18247,182.470191046,67.059000000,100,1410,1215,32,0
18248,182.480193703,67.059000000,100,1410,1215,32,0
18249,182.490195377,67.059000000,100,1410,1215,32,0
18250,182.500189939,67.059000000,100,1410,1215,32,0
18251,182.510189399,67.059000000,100,1410,1215,32,0
18252,182.520190743,67.059000000,100,1410,1215,32,0
18253,182.530189563,67.059000000,100,1410,1215,32,0
18254,182.540189704,67.059000000,100,1410,1215,32,0
18255,182.550189045,67.059000000,100,1410,1215,32,0
18256,182.560190309,66.870000000,100,1410,1215,32,0
18257,182.570190100,66.870000000,100,1410,1215,32,0
18258,182.580190091,66.870000000,100,1410,1215,32,0
18259,182.590188800,66.870000000,100,1410,1215,32,0
18260,182.600190255,66.870000000,100,1410,1215,32,0
18261,182.610189575,66.870000000,100,1410,1215,32,0
18262,182.620190308,66.870000000,100,1410,1215,32,0
18263,182.630190560,66.870000000,100,1410,1215,32,0
18264,182.640190020,66.870000000,100,1410,1215,32,0
18265,182.650193799,66.870000000,100,1410,1215,32,0
18266,182.660190584,67.059000000,100,1410,1215,32,0
18267,182.670191207,67.059000000,100,1410,1215,32,0
18268,182.680189796,67.059000000,100,1410,1215,32,0
18269,182.690190339,67.059000000,100,1410,1215,32,0
18270,182.700189809,67.059000000,100,1410,1215,32,0
18271,182.710189881,67.059000000,100,1410,1215,32,0
18272,182.720189742,67.059000000,100,1410,1215,32,0
18273,182.730191076,67.059000000,100,1410,1215,32,0
18274,182.740193923,67.059000000,100,1410,1215,32,0
18275,182.750189556,67.059000000,100,1410,1215,32,0
18276,182.760189348,67.267000000,100,1410,1215,32,0
18277,182.770190591,67.267000000,100,1410,1215,32,0
18278,182.780189952,67.267000000,100,1410,1215,32,0
18279,182.790190053,67.267000000,100,1410,1215,32,0
18280,182.800189985,67.267000000,100,1410,1215,32,0
18281,182.810194284,67.267000000,100,1410,1215,32,0
18282,182.820188134,67.267000000,100,1410,1215,32,0
18283,182.830190270,67.267000000,100,1410,1215,32,0
18284,182.840190742,67.267000000,100,1410,1215,32,0
18285,182.850196685,67.267000000,100,1410,1215,32,0
18286,182.860192869,67.176000000,100,1410,1215,32,0
18287,182.870190787,67.176000000,100,1410,1215,32,0
18288,182.880189126,67.176000000,100,1410,1215,32,0
18289,182.890187604,67.176000000,100,1410,1215,32,0
18290,182.900189589,67.176000000,100,1410,1215,32,0
18291,182.910188449,67.176000000,100,1410,1215,32,0
18292,182.920189482,67.176000000,100,1410,1215,32,0
18293,182.930189333,67.176000000,100,1410,1215,32,0
18294,182.940239078,67.176000000,100,1410,1215,32,0
18295,182.950191250,67.176000000,100,1410,1215,32,0
18296,182.960189579,66.871000000,100,1410,1215,32,0
18297,182.970190382,66.871000000,100,1410,1215,32,0
18298,182.980189431,66.871000000,100,1410,1215,32,0
18299,182.990189804,66.871000000,100,1410,1215,32,0
18300,183.000189164,66.871000000,100,1410,1215,32,0
18301,183.010327114,66.871000000,100,1410,1215,32,0
18302,183.020190920,66.871000000,100,1410,1215,32,0
18303,183.030189720,66.871000000,100,1410,1215,32,0
18304,183.040189771,66.871000000,100,1410,1215,32,0
18305,183.050189322,66.871000000,100,1410,1215,32,0
18306,183.060190135,66.962000000,100,1410,1215,32,0
18307,183.070189686,66.962000000,100,1410,1215,32,0
18308,183.080189597,66.962000000,100,1410,1215,32,0
18309,183.090188847,66.962000000,100,1410,1215,32,0
18310,183.100189921,66.962000000,100,1410,1215,32,0
18311,183.110189261,66.962000000,100,1410,1215,32,0
18312,183.120189803,66.962000000,100,1410,1215,32,0
18313,183.130190406,66.962000000,100,1410,1215,32,0
18314,183.140189616,66.962000000,100,1410,1215,32,0
18315,183.150190069,66.962000000,100,1410,1215,32,0
18316,183.160189489,67.267000000,100,1410,1215,32,0
18317,183.170190482,67.267000000,100,1410,1215,32,0
18318,183.180194091,67.267000000,100,1410,1215,32,0
18319,183.190190155,67.267000000,100,1410,1215,32,0
18320,183.200189014,67.267000000,100,1410,1215,32,0
18321,183.210190008,67.267000000,100,1410,1215,32,0
18322,183.220188847,67.267000000,100,1410,1215,32,0
18323,183.230190892,67.267000000,100,1410,1215,32,0
18324,183.240189501,67.267000000,100,1410,1215,32,0
18325,183.250189573,67.267000000,100,1410,1215,32,0
18326,183.260190216,67.273000000,100,1410,1215,32,0
18327,183.270190197,67.273000000,100,1410,1215,32,0
18328,183.280193114,67.273000000,100,1410,1215,32,0
18329,183.290189880,67.273000000,100,1410,1215,32,0
18330,183.300188939,67.273000000,100,1410,1215,32,0
18331,183.310190233,67.273000000,100,1410,1215,32,0
18332,183.320189363,67.273000000,100,1410,1215,32,0
18333,183.330189916,67.273000000,100,1410,1215,32,0
18334,183.340189376,67.273000000,100,1410,1215,32,0
18335,183.350190109,67.273000000,100,1410,1215,32,0
18336,183.360189820,67.078000000,100,1410,1215,32,0
18337,183.370194551,67.078000000,100,1410,1215,32,0
18338,183.380190174,67.078000000,100,1410,1215,32,0
18339,183.390189815,67.078000000,100,1410,1215,32,0
18340,183.400189977,67.078000000,100,1410,1215,32,0
18341,183.410189397,67.078000000,100,1410,1215,32,0
18342,183.420190461,67.078000000,100,1410,1215,32,0
18343,183.430195802,67.078000000,100,1410,1215,32,0
18344,183.440190384,67.078000000,100,1410,1215,32,0
18345,183.450190996,67.078000000,100,1410,1215,32,0
18346,183.460190998,67.157000000,100,1410,1215,32,0
18347,183.470190278,67.157000000,100,1410,1215,32,0
18348,183.480188697,67.157000000,100,1410,1215,32,0
18349,183.490189770,67.157000000,100,1410,1215,32,0
18350,183.500188780,67.157000000,100,1410,1215,32,0
18351,183.510190064,67.157000000,100,1410,1215,32,0
18352,183.520189023,67.157000000,100,1410,1215,32,0
18353,183.530190347,67.157000000,100,1410,1215,32,0
18354,183.540190048,67.157000000,100,1410,1215,32,0
18355,183.550189669,67.157000000,100,1410,1215,32,0
18356,183.560190001,67.060000000,100,1410,1215,32,0
18357,183.570190444,67.060000000,100,1410,1215,32,0
18358,183.580189253,67.060000000,100,1410,1215,32,0
18359,183.590190397,67.060000000,100,1410,1215,32,0
18360,183.600189496,67.060000000,100,1410,1215,32,0
18361,183.610189498,67.060000000,100,1410,1215,32,0
18362,183.620188898,67.060000000,100,1410,1215,32,0
18363,183.630190573,67.060000000,100,1410,1215,32,0
18364,183.640189362,67.060000000,100,1410,1215,32,0
18365,183.650189504,67.060000000,100,1410,1215,32,0
18366,183.660190608,67.059000000,100,1410,1215,32,0
18367,183.670190599,67.059000000,100,1410,1215,32,0
18368,183.680190150,67.059000000,100,1410,1215,32,0
18369,183.690190783,67.059000000,100,1410,1215,32,0
18370,183.700189872,67.059000000,100,1410,1215,32,0
18371,183.710190415,67.059000000,100,1410,1215,32,0
18372,183.720190046,67.059000000,100,1410,1215,32,0
18373,183.730191681,67.059000000,100,1410,1215,32,0
18374,183.740190299,67.059000000,100,1410,1215,32,0
18375,183.750190221,67.059000000,100,1410,1215,32,0
18376,183.760190042,67.175000000,100,1410,1215,32,0
18377,183.770190765,67.175000000,100,1410,1215,32,0
18378,183.780190055,67.175000000,100,1410,1215,32,0
18379,183.790190357,67.175000000,100,1410,1215,32,0
18380,183.800190098,67.175000000,100,1410,1215,32,0
18381,183.810190100,67.175000000,100,1410,1215,32,0
18382,183.820189901,67.175000000,100,1410,1215,32,0
18383,183.830190303,67.175000000,100,1410,1215,32,0
18384,183.840193571,67.175000000,100,1410,1215,32,0
18385,183.850189955,67.175000000,100,1410,1215,32,0
18386,183.860194936,67.169000000,100,1410,1215,32,0
18387,183.870190359,67.169000000,100,1410,1215,32,0
18388,183.880190170,67.169000000,100,1410,1215,32,0
18389,183.890194170,67.169000000,100,1410,1215,32,0
18390,183.900189773,67.169000000,100,1410,1215,32,0
18391,183.910189784,67.169000000,100,1410,1215,32,0
18392,183.920189796,67.169000000,100,1410,1215,32,0
18393,183.930190829,67.169000000,100,1410,1215,32,0
18394,183.940189418,67.169000000,100,1410,1215,32,0
18395,183.950189500,67.169000000,100,1410,1215,32,0
18396,183.960191685,67.078000000,100,1410,1215,32,0
18397,183.970193280,67.078000000,100,1410,1215,32,0
18398,183.980189044,67.078000000,100,1410,1215,32,0
18399,183.990190448,67.078000000,100,1410,1215,32,0
18400,184.000188586,67.078000000,100,1410,1215,32,0
18401,184.010190150,67.078000000,100,1410,1215,32,0
18402,184.020188849,67.078000000,100,1410,1215,32,0
18403,184.030190153,67.078000000,100,1410,1215,32,0
18404,184.040188752,67.078000000,100,1410,1215,32,0
18405,184.050189746,67.078000000,100,1410,1215,32,0
18406,184.060190218,67.170000000,100,1410,1215,32,0
18407,184.070191532,67.170000000,100,1410,1215,32,0
18408,184.080189039,67.170000000,100,1410,1215,32,0
18409,184.090190032,67.170000000,100,1410,1215,32,0
18410,184.100189884,67.170000000,100,1410,1215,32,0
18411,184.110189605,67.170000000,100,1410,1215,32,0
18412,184.120190047,67.170000000,100,1410,1215,32,0
18413,184.130190088,67.170000000,100,1410,1215,32,0
18414,184.140189559,67.170000000,100,1410,1215,32,0
18415,184.150189561,67.170000000,100,1410,1215,32,0
18416,184.160190123,67.156000000,100,1410,1215,32,0
18417,184.170194403,67.156000000,100,1410,1215,32,0
18418,184.180190166,67.156000000,100,1410,1215,32,0
18419,184.190194967,67.156000000,100,1410,1215,32,0
18420,184.200190139,67.156000000,100,1410,1215,32,0
18421,184.210193667,67.156000000,100,1410,1215,32,0
18422,184.220190563,67.156000000,100,1410,1215,32,0
18423,184.230189663,67.156000000,100,1410,1215,32,0
18424,184.240190246,67.156000000,100,1410,1215,32,0
18425,184.250193814,67.156000000,100,1410,1215,32,0
18426,184.260190609,67.072000000,100,1410,1215,32,0
18427,184.270190681,67.072000000,100,1410,1215,32,0
18428,184.280189691,67.072000000,100,1410,1215,32,0
18429,184.290190423,67.072000000,100,1410,1215,32,0
18430,184.300194613,67.072000000,100,1410,1215,32,0
18431,184.310190517,67.072000000,100,1410,1215,32,0
18432,184.320189857,67.072000000,100,1410,1215,32,0
18433,184.330190530,67.072000000,100,1410,1215,32,0
18434,184.340190551,67.072000000,100,1410,1215,32,0
18435,184.350189982,67.072000000,100,1410,1215,32,0
18436,184.360190805,67.156000000,100,1410,1215,32,0
18437,184.370191197,67.156000000,100,1410,1215,32,0
18438,184.380189525,67.156000000,100,1410,1215,32,0
18439,184.390189447,67.156000000,100,1410,1215,32,0
18440,184.400190440,67.156000000,100,1410,1215,32,0
18441,184.410194039,67.156000000,100,1410,1215,32,0
18442,184.420190644,67.156000000,100,1410,1215,32,0
18443,184.430190215,67.156000000,100,1410,1215,32,0
18444,184.440190507,67.156000000,100,1410,1215,32,0
18445,184.450190438,67.156000000,100,1410,1215,32,0
18446,184.460195759,67.170000000,100,1410,1215,32,0
18447,184.470190331,67.170000000,100,1410,1215,32,0
18448,184.480189621,67.170000000,100,1410,1215,32,0
18449,184.490189963,67.170000000,100,1410,1215,32,0
18450,184.500190145,67.170000000,100,1410,1215,32,0
18451,184.510191379,67.170000000,100,1410,1215,32,0
18452,184.520191521,67.170000000,100,1410,1215,32,0
18453,184.530194377,67.170000000,100,1410,1215,32,0
18454,184.540190031,67.170000000,100,1410,1215,32,0
18455,184.550190513,67.170000000,100,1410,1215,32,0
18456,184.560190856,67.176000000,100,1410,1215,32,0
18457,184.570192190,67.176000000,100,1410,1215,32,0
18458,184.580189005,67.176000000,100,1410,1215,32,0
18459,184.590190029,67.176000000,100,1410,1215,32,0
18460,184.600189128,67.176000000,100,1410,1215,32,0
18461,184.610189541,67.176000000,100,1410,1215,32,0
18462,184.620189312,67.176000000,100,1410,1215,32,0
18463,184.630189955,67.176000000,100,1410,1215,32,0
18464,184.640189185,67.176000000,100,1410,1215,32,0
18465,184.650189336,67.176000000,100,1410,1215,32,0
18466,184.660190029,67.059000000,100,1410,1215,32,0
18467,184.670195030,67.059000000,100,1410,1215,32,0
18468,184.680189531,67.059000000,100,1410,1215,32,0
18469,184.690189303,67.059000000,100,1410,1215,32,0
18470,184.700190206,67.059000000,100,1410,1215,32,0
18471,184.710190267,67.059000000,100,1410,1215,32,0
18472,184.720190269,67.059000000,100,1410,1215,32,0
18473,184.730190551,67.059000000,100,1410,1215,32,0
18474,184.740189110,67.059000000,100,1410,1215,32,0
18475,184.750188921,67.059000000,100,1410,1215,32,0
18476,184.760190505,67.041000000,100,1410,1215,32,0
18477,184.770190547,67.041000000,100,1410,1215,32,0
18478,184.780189246,67.041000000,100,1410,1215,32,0
18479,184.790189508,67.041000000,100,1410,1215,32,0
18480,184.800189520,67.041000000,100,1410,1215,32,0
18481,184.810189170,67.041000000,100,1410,1215,32,0
18482,184.820189573,67.041000000,100,1410,1215,32,0
18483,184.830189113,67.041000000,100,1410,1215,32,0
18484,184.840190157,67.041000000,100,1410,1215,32,0
18485,184.850189778,67.041000000,100,1410,1215,32,0
18486,184.860190831,67.138000000,100,1410,1215,32,0
18487,184.870190903,67.138000000,100,1410,1215,32,0
18488,184.880187468,67.138000000,100,1410,1215,32,0
18489,184.890189463,67.138000000,100,1410,1215,32,0
18490,184.900190056,67.138000000,100,1410,1215,32,0
18491,184.910189446,67.138000000,100,1410,1215,32,0
18492,184.920189708,67.138000000,100,1410,1215,32,0
18493,184.930209727,67.138000000,100,1410,1215,32,0
18494,184.940187918,67.138000000,100,1410,1215,32,0
18495,184.950186407,67.138000000,100,1410,1215,32,0
18496,184.960194383,67.078000000,100,1410,1215,32,0
18497,184.970196338,67.078000000,100,1410,1215,32,0
18498,184.980190238,67.078000000,100,1410,1215,32,0
18499,184.990189909,67.078000000,100,1410,1215,32,0
18500,185.000191854,67.078000000,100,1410,1215,32,0
18501,185.010190303,67.078000000,100,1410,1215,32,0
18502,185.020190445,67.078000000,100,1410,1215,32,0
18503,185.030314690,67.078000000,100,1410,1215,32,0
18504,185.040189737,67.078000000,100,1410,1215,32,0
18505,185.050189207,67.078000000,100,1410,1215,32,0
18506,185.060189820,67.078000000,100,1410,1215,32,0
18507,185.070189991,67.078000000,100,1410,1215,32,0
18508,185.080188811,67.078000000,100,1410,1215,32,0
18509,185.090189223,67.078000000,100,1410,1215,32,0
18510,185.100188604,67.078000000,100,1410,1215,32,0
18511,185.110189376,67.078000000,100,1410,1215,32,0
18512,185.120189218,67.078000000,100,1410,1215,32,0
18513,185.130188929,67.078000000,100,1410,1215,32,0
18514,185.140188730,67.078000000,100,1410,1215,32,0
18515,185.150188761,67.078000000,100,1410,1215,32,0
18516,185.160189594,67.078000000,100,1410,1215,32,0
18517,185.170192441,67.054000000,100,1410,1215,32,0
18518,185.180189738,67.054000000,100,1410,1215,32,0
18519,185.190189439,67.054000000,100,1410,1215,32,0
18520,185.200189250,67.054000000,100,1410,1215,32,0
18521,185.210189402,67.054000000,100,1410,1215,32,0
18522,185.220189323,67.054000000,100,1410,1215,32,0
18523,185.230188814,67.054000000,100,1410,1215,32,0
18524,185.240189366,67.054000000,100,1410,1215,32,0
18525,185.250189508,67.054000000,100,1410,1215,32,0
18526,185.260189710,67.054000000,100,1410,1215,32,0
18527,185.270190252,67.071000000,100,1410,1215,32,0
18528,185.280193240,67.071000000,100,1410,1215,32,0
18529,185.290188172,67.071000000,100,1410,1215,32,0
18530,185.300187081,67.071000000,100,1410,1215,32,0
18531,185.310190168,67.071000000,100,1410,1215,32,0
18532,185.320189068,67.071000000,100,1410,1215,32,0
18533,185.330190552,67.071000000,100,1410,1215,32,0
18534,185.340188400,67.071000000,100,1410,1215,32,0
18535,185.350189934,67.071000000,100,1410,1215,32,0
18536,185.360190537,67.071000000,100,1410,1215,32,0
18537,185.370191380,66.962000000,100,1410,1215,32,0
18538,185.380191882,66.962000000,100,1410,1215,32,0
18539,185.390190772,66.962000000,100,1410,1215,32,0
18540,185.400190723,66.962000000,100,1410,1215,32,0
18541,185.410247201,66.962000000,100,1410,1215,32,0
18542,185.420190396,66.962000000,100,1410,1215,32,0
18543,185.430189716,66.962000000,100,1410,1215,32,0
18544,185.440196129,66.962000000,100,1410,1215,32,0
18545,185.450187615,66.962000000,100,1410,1215,32,0
18546,185.460187616,66.980000000,100,1410,1215,32,0
18547,185.470190964,66.980000000,100,1410,1215,32,0
18548,185.480189523,66.980000000,100,1410,1215,32,0
18549,185.490189064,66.980000000,100,1410,1215,32,0
18550,185.500189195,66.980000000,100,1410,1215,32,0
18551,185.510189297,66.980000000,100,1410,1215,32,0
18552,185.520189349,66.980000000,100,1410,1215,32,0
18553,185.530188539,66.980000000,100,1410,1215,32,0
18554,185.540189923,66.980000000,100,1410,1215,32,0
18555,185.550187610,66.980000000,100,1410,1215,32,0
18556,185.560188203,67.073000000,100,1410,1215,32,0
18557,185.570189497,67.073000000,100,1410,1215,32,0
18558,185.580187444,67.073000000,100,1410,1215,32,0
18559,185.590188257,67.073000000,100,1410,1215,32,0
18560,185.600187588,67.073000000,100,1410,1215,32,0
18561,185.610189373,67.073000000,100,1410,1215,32,0
18562,185.620186989,67.073000000,100,1410,1215,32,0
18563,185.630190999,67.073000000,100,1410,1215,32,0
18564,185.640189277,67.073000000,100,1410,1215,32,0
18565,185.650189880,67.073000000,100,1410,1215,32,0
18566,185.660189310,67.060000000,100,1410,1215,32,0
18567,185.670190774,67.060000000,100,1410,1215,32,0
18568,185.680189183,67.060000000,100,1410,1215,32,0
18569,185.690189946,67.060000000,100,1410,1215,32,0
18570,185.700189166,67.060000000,100,1410,1215,32,0
18571,185.710189207,67.060000000,100,1410,1215,32,0
18572,185.720230577,67.060000000,100,1410,1215,32,0
18573,185.730191284,67.060000000,100,1410,1215,32,0
18574,185.740189242,67.060000000,100,1410,1215,32,0
18575,185.750189845,67.060000000,100,1410,1215,32,0
18576,185.760189365,67.157000000,100,1410,1215,32,0
18577,185.770189858,67.157000000,100,1410,1215,32,0
18578,185.780189979,67.157000000,100,1410,1215,32,0
18579,185.790189681,67.157000000,100,1410,1215,32,0
18580,185.800215400,67.157000000,100,1410,1215,32,0
18581,185.810188601,67.157000000,100,1410,1215,32,0
18582,185.820189475,67.157000000,100,1410,1215,32,0
18583,185.830193403,67.157000000,100,1410,1215,32,0
18584,185.840189949,67.157000000,100,1410,1215,32,0
18585,185.850198346,67.157000000,100,1410,1215,32,0
18586,185.860190853,67.247000000,100,1410,1215,32,0
18587,185.870189843,67.247000000,100,1410,1215,32,0
18588,185.880188111,67.247000000,100,1410,1215,32,0
18589,185.890189365,67.247000000,100,1410,1215,32,0
18590,185.900188605,67.247000000,100,1410,1215,32,0
18591,185.910189539,67.247000000,100,1410,1215,32,0
18592,185.920189730,67.247000000,100,1410,1215,32,0
18593,185.930194030,67.247000000,100,1410,1215,32,0
18594,185.940189433,67.247000000,100,1410,1215,32,0
18595,185.950190226,67.247000000,100,1410,1215,32,0
18596,185.960191900,67.054000000,100,1410,1215,32,0
18597,185.970191140,67.054000000,100,1410,1215,32,0
18598,185.980189198,67.054000000,100,1410,1215,32,0
18599,185.990189831,67.054000000,100,1410,1215,32,0
18600,186.000189953,67.054000000,100,1410,1215,32,0
18601,186.010190025,67.054000000,100,1410,1215,32,0
18602,186.020189565,67.054000000,100,1410,1215,32,0
18603,186.030189226,67.054000000,100,1410,1215,32,0
18604,186.040190630,67.054000000,100,1410,1215,32,0
18605,186.050188317,67.054000000,100,1410,1215,32,0
18606,186.060191385,66.944000000,100,1410,1215,32,0
18607,186.070190555,66.944000000,100,1410,1215,32,0
18608,186.080190165,66.944000000,100,1410,1215,32,0
18609,186.090188995,66.944000000,100,1410,1215,32,0
18610,186.100190980,66.944000000,100,1410,1215,32,0
18611,186.110189729,66.944000000,100,1410,1215,32,0
18612,186.120189630,66.944000000,100,1410,1215,32,0
18613,186.130189712,66.944000000,100,1410,1215,32,0
18614,186.140190174,66.944000000,100,1410,1215,32,0
18615,186.150190407,66.944000000,100,1410,1215,32,0
18616,186.160190929,66.962000000,100,1410,1215,32,0
18617,186.170191151,66.962000000,100,1410,1215,32,0
18618,186.180189269,66.962000000,100,1410,1215,32,0
18619,186.190189811,66.962000000,100,1410,1215,32,0
18620,186.200189352,66.962000000,100,1410,1215,32,0
18621,186.210190015,66.962000000,100,1410,1215,32,0
18622,186.220189135,66.962000000,100,1410,1215,32,0
18623,186.230190579,66.962000000,100,1410,1215,32,0
18624,186.240188907,66.962000000,100,1410,1215,32,0
18625,186.250192776,66.962000000,100,1410,1215,32,0
18626,186.260191615,67.072000000,100,1410,1215,32,0
18627,186.270190645,67.072000000,100,1410,1215,32,0
18628,186.280189374,67.072000000,100,1410,1215,32,0
18629,186.290187702,67.072000000,100,1410,1215,32,0
18630,186.300196230,67.072000000,100,1410,1215,32,0
18631,186.310189208,67.072000000,100,1410,1215,32,0
18632,186.320189120,67.072000000,100,1410,1215,32,0
18633,186.330195082,67.072000000,100,1410,1215,32,0
18634,186.340190856,67.072000000,100,1410,1215,32,0
18635,186.350189144,67.072000000,100,1410,1215,32,0
18636,186.360190599,67.170000000,100,1410,1215,32,0
18637,186.370191352,67.170000000,100,1410,1215,32,0
18638,186.380190822,67.170000000,100,1410,1215,32,0
18639,186.390188890,67.170000000,100,1410,1215,32,0
18640,186.400189733,67.170000000,100,1410,1215,32,0
18641,186.410205254,67.170000000,100,1410,1215,32,0
18642,186.420188374,67.170000000,100,1410,1215,32,0
18643,186.430193605,67.170000000,100,1410,1215,32,0
18644,186.440186724,67.170000000,100,1410,1215,32,0
18645,186.450189460,67.170000000,100,1410,1215,32,0
18646,186.460189922,66.962000000,100,1410,1215,32,0
18647,186.470190195,66.962000000,100,1410,1215,32,0
18648,186.480188793,66.962000000,100,1410,1215,32,0
18649,186.490190248,66.962000000,100,1410,1215,32,0
18650,186.500188686,66.962000000,100,1410,1215,32,0
18651,186.510193777,66.962000000,100,1410,1215,32,0
18652,186.520189250,66.962000000,100,1410,1215,32,0
18653,186.530190684,66.962000000,100,1410,1215,32,0
18654,186.540189043,66.962000000,100,1410,1215,32,0
18655,186.550190006,66.962000000,100,1410,1215,32,0
18656,186.560189978,67.059000000,100,1410,1215,32,0
18657,186.570194788,67.059000000,100,1410,1215,32,0
18658,186.580189790,67.059000000,100,1410,1215,32,0
18659,186.590193599,67.059000000,100,1410,1215,32,0
18660,186.600190254,67.059000000,100,1410,1215,32,0
18661,186.610190446,67.059000000,100,1410,1215,32,0
18662,186.620189796,67.059000000,100,1410,1215,32,0
18663,186.630189437,67.059000000,100,1410,1215,32,0
18664,186.640189339,67.059000000,100,1410,1215,32,0
18665,186.650190142,67.059000000,100,1410,1215,32,0
18666,186.660190454,67.078000000,100,1410,1215,32,0
18667,186.670194683,67.078000000,100,1410,1215,32,0
18668,186.680189926,67.078000000,100,1410,1215,32,0
18669,186.690190058,67.078000000,100,1410,1215,32,0
18670,186.700189157,67.078000000,100,1410,1215,32,0
18671,186.710190502,67.078000000,100,1410,1215,32,0
18672,186.720189882,67.078000000,100,1410,1215,32,0
18673,186.730191116,67.078000000,100,1410,1215,32,0
18674,186.740190125,67.078000000,100,1410,1215,32,0
18675,186.750193954,67.078000000,100,1410,1215,32,0
18676,186.760190820,67.059000000,100,1410,1215,32,0
18677,186.770190701,67.059000000,100,1410,1215,32,0
18678,186.780189220,67.059000000,100,1410,1215,32,0
18679,186.790190343,67.059000000,100,1410,1215,32,0
18680,186.800189303,67.059000000,100,1410,1215,32,0
18681,186.810190036,67.059000000,100,1410,1215,32,0
18682,186.820189166,67.059000000,100,1410,1215,32,0
18683,186.830190099,67.059000000,100,1410,1215,32,0
18684,186.840189269,67.059000000,100,1410,1215,32,0
18685,186.850189410,67.059000000,100,1410,1215,32,0
18686,186.860190474,67.078000000,100,1410,1215,32,0
18687,186.870245689,67.078000000,100,1410,1215,32,0
18688,186.880191179,67.078000000,100,1410,1215,32,0
18689,186.890189477,67.078000000,100,1410,1215,32,0
18690,186.900193896,67.078000000,100,1410,1215,32,0
18691,186.910188067,67.078000000,100,1410,1215,32,0
18692,186.920190022,67.078000000,100,1410,1215,32,0
18693,186.930190044,67.078000000,100,1410,1215,32,0
18694,186.940189845,67.078000000,100,1410,1215,32,0
18695,186.950188995,67.078000000,100,1410,1215,32,0
18696,186.960190299,67.170000000,100,1410,1215,32,0
18697,186.970189579,67.170000000,100,1410,1215,32,0
18698,186.980190733,67.170000000,100,1410,1215,32,0
18699,186.990190113,67.170000000,100,1410,1215,32,0
18700,187.000189624,67.170000000,100,1410,1215,32,0
18701,187.010189325,67.170000000,100,1410,1215,32,0
18702,187.020187994,67.170000000,100,1410,1215,32,0
18703,187.030191892,67.170000000,100,1410,1215,32,0
18704,187.040188989,67.170000000,100,1410,1215,32,0
18705,187.050188599,67.170000000,100,1410,1215,32,0
18706,187.060189473,67.060000000,100,1410,1215,32,0
18707,187.070191398,67.060000000,100,1410,1215,32,0
18708,187.080189495,67.060000000,100,1410,1215,32,0
18709,187.090187954,67.060000000,100,1410,1215,32,0
18710,187.100190180,67.060000000,100,1410,1215,32,0
18711,187.110189089,67.060000000,100,1410,1215,32,0
18712,187.120189892,67.060000000,100,1410,1215,32,0
18713,187.130190335,67.060000000,100,1410,1215,32,0
18714,187.140190096,67.060000000,100,1410,1215,32,0
18715,187.150189236,67.060000000,100,1410,1215,32,0
18716,187.160191752,67.059000000,100,1410,1215,32,0
18717,187.170190651,67.059000000,100,1410,1215,32,0
18718,187.180189951,67.059000000,100,1410,1215,32,0
18719,187.190187428,67.059000000,100,1410,1215,32,0
18720,187.200189313,67.059000000,100,1410,1215,32,0
18721,187.210187261,67.059000000,100,1410,1215,32,0
18722,187.220188956,67.059000000,100,1410,1215,32,0
18723,187.230188737,67.059000000,100,1410,1215,32,0
18724,187.240188959,67.059000000,100,1410,1215,32,0
18725,187.250187598,67.059000000,100,1410,1215,32,0
18726,187.260190254,66.981000000,100,1410,1215,32,0
18727,187.270190907,66.981000000,100,1410,1215,32,0
18728,187.280186881,66.981000000,100,1410,1215,32,0
18729,187.290190159,66.981000000,100,1410,1215,32,0
18730,187.300188948,66.981000000,100,1410,1215,32,0
18731,187.310187787,66.981000000,100,1410,1215,32,0
18732,187.320189872,66.981000000,100,1410,1215,32,0
18733,187.330190285,66.981000000,100,1410,1215,32,0
18734,187.340187481,66.981000000,100,1410,1215,32,0
18735,187.350189576,66.981000000,100,1410,1215,32,0
18736,187.360191842,67.077000000,100,1410,1215,32,0
18737,187.370190872,67.077000000,100,1410,1215,32,0
18738,187.380187898,67.077000000,100,1410,1215,32,0
18739,187.390189522,67.077000000,100,1410,1215,32,0
18740,187.400189955,67.077000000,100,1410,1215,32,0
18741,187.410186830,67.077000000,100,1410,1215,32,0
18742,187.420190068,67.077000000,100,1410,1215,32,0
18743,187.430189528,67.077000000,100,1410,1215,32,0
18744,187.440190322,67.077000000,100,1410,1215,32,0
18745,187.450189251,67.077000000,100,1410,1215,32,0
18746,187.460189132,67.079000000,100,1410,1215,32,0
18747,187.470189745,67.079000000,100,1410,1215,32,0
18748,187.480189476,67.079000000,100,1410,1215,32,0
18749,187.490188015,67.079000000,100,1410,1215,32,0
18750,187.500191172,67.079000000,100,1410,1215,32,0
18751,187.510189881,67.079000000,100,1410,1215,32,0
18752,187.520188691,67.079000000,100,1410,1215,32,0
18753,187.530188151,67.079000000,100,1410,1215,32,0
18754,187.540188363,67.079000000,100,1410,1215,32,0
18755,187.550187563,67.079000000,100,1410,1215,32,0
18756,187.560189568,67.188000000,100,1410,1215,32,0
18757,187.570191143,67.188000000,100,1410,1215,32,0
18758,187.580187147,67.188000000,100,1410,1215,32,0
18759,187.590187940,67.188000000,100,1410,1215,32,0
18760,187.600189133,67.188000000,100,1410,1215,32,0
18761,187.610189375,67.188000000,100,1410,1215,32,0
18762,187.620187383,67.188000000,100,1410,1215,32,0
18763,187.630190470,67.188000000,100,1410,1215,32,0
18764,187.640189260,67.188000000,100,1410,1215,32,0
18765,187.650188760,67.188000000,100,1410,1215,32,0
18766,187.660190385,67.175000000,100,1410,1215,32,0
18767,187.670188272,67.175000000,100,1410,1215,32,0
18768,187.680189606,67.175000000,100,1410,1215,32,0
18769,187.690189187,67.175000000,100,1410,1215,32,0
18770,187.700189619,67.175000000,100,1410,1215,32,0
18771,187.710318202,67.175000000,100,1410,1215,32,0
18772,187.720190023,67.175000000,100,1410,1215,32,0
18773,187.730187680,67.175000000,100,1410,1215,32,0
18774,187.740189355,67.175000000,100,1410,1215,32,0
18775,187.750189627,67.175000000,100,1410,1215,32,0
18776,187.760187875,67.072000000,100,1410,1215,32,0
18777,187.770190141,67.072000000,100,1410,1215,32,0
18778,187.780189060,67.072000000,100,1410,1215,32,0
18779,187.790189222,67.072000000,100,1410,1215,32,0
18780,187.800188943,67.072000000,100,1410,1215,32,0
18781,187.810189876,67.072000000,100,1410,1215,32,0
18782,187.820187744,67.072000000,100,1410,1215,32,0
18783,187.830190731,67.072000000,100,1410,1215,32,0
18784,187.840187286,67.072000000,100,1410,1215,32,0
18785,187.850189682,67.072000000,100,1410,1215,32,0
18786,187.860188672,66.962000000,100,1410,1215,32,0
18787,187.870190777,66.962000000,100,1410,1215,32,0
18788,187.880189356,66.962000000,100,1410,1215,32,0
18789,187.890187995,66.962000000,100,1410,1215,32,0
18790,187.900188888,66.962000000,100,1410,1215,32,0
18791,187.910187507,66.962000000,100,1410,1215,32,0
18792,187.920190234,66.962000000,100,1410,1215,32,0
18793,187.930189344,66.962000000,100,1410,1215,32,0
18794,187.940188493,66.962000000,100,1410,1215,32,0
18795,187.950189036,66.962000000,100,1410,1215,32,0
18796,187.960188376,67.079000000,100,1410,1215,32,0
18797,187.970190361,67.079000000,100,1410,1215,32,0
18798,187.980189571,67.079000000,100,1410,1215,32,0
18799,187.990188812,67.079000000,100,1410,1215,32,0
18800,188.000188432,67.079000000,100,1410,1215,32,0
18801,188.010187091,67.079000000,100,1410,1215,32,0
18802,188.020189898,67.079000000,100,1410,1215,32,0
18803,188.030190340,67.079000000,100,1410,1215,32,0
18804,188.040189440,67.079000000,100,1410,1215,32,0
18805,188.050189352,67.079000000,100,1410,1215,32,0
18806,188.060188151,67.285000000,100,1410,1215,32,0
18807,188.070190547,67.285000000,100,1410,1215,32,0
18808,188.080189697,67.285000000,100,1410,1215,32,0
18809,188.090187885,67.285000000,100,1410,1215,32,0
18810,188.100189049,67.285000000,100,1410,1215,32,0
18811,188.110188028,67.285000000,100,1410,1215,32,0
18812,188.120188972,67.285000000,100,1410,1215,32,0
18813,188.130191367,67.285000000,100,1410,1215,32,0
18814,188.140188744,67.285000000,100,1410,1215,32,0
18815,188.150187674,67.285000000,100,1410,1215,32,0
18816,188.160189879,67.060000000,100,1410,1215,32,0
18817,188.170190842,67.060000000,100,1410,1215,32,0
18818,188.180187919,67.060000000,100,1410,1215,32,0
18819,188.190188832,67.060000000,100,1410,1215,32,0
18820,188.200190567,67.060000000,100,1410,1215,32,0
18821,188.210191039,67.060000000,100,1410,1215,32,0
18822,188.220188576,67.060000000,100,1410,1215,32,0
18823,188.230189599,67.060000000,100,1410,1215,32,0
18824,188.240187126,67.060000000,100,1410,1215,32,0
18825,188.250189742,67.060000000,100,1410,1215,32,0
18826,188.260190906,66.968000000,100,1410,1215,32,0
18827,188.270189986,66.968000000,100,1410,1215,32,0
18828,188.280190529,66.968000000,100,1410,1215,32,0
18829,188.290188907,66.968000000,100,1410,1215,32,0
18830,188.300187997,66.968000000,100,1410,1215,32,0
18831,188.310189211,66.968000000,100,1410,1215,32,0
18832,188.320189593,66.968000000,100,1410,1215,32,0
18833,188.330188602,66.968000000,100,1410,1215,32,0
18834,188.340188824,66.968000000,100,1410,1215,32,0
18835,188.350190198,66.968000000,100,1410,1215,32,0
18836,188.360189218,67.059000000,100,1410,1215,32,0
18837,188.370191233,67.059000000,100,1410,1215,32,0
18838,188.380188820,67.059000000,100,1410,1215,32,0
18839,188.390188291,67.059000000,100,1410,1215,32,0
18840,188.400189865,67.059000000,100,1410,1215,32,0
18841,188.410190017,67.059000000,100,1410,1215,32,0
18842,188.420187243,67.059000000,100,1410,1215,32,0
18843,188.430196713,67.059000000,100,1410,1215,32,0
18844,188.440189821,67.059000000,100,1410,1215,32,0
18845,188.450188080,67.059000000,100,1410,1215,32,0
18846,188.460191237,67.285000000,100,1410,1215,32,0
18847,188.470189515,67.285000000,100,1410,1215,32,0
18848,188.480189907,67.285000000,100,1410,1215,32,0
18849,188.490187474,67.285000000,100,1410,1215,32,0
18850,188.500190121,67.285000000,100,1410,1215,32,0
18851,188.510188169,67.285000000,100,1410,1215,32,0
18852,188.520189863,67.285000000,100,1410,1215,32,0
18853,188.530189885,67.285000000,100,1410,1215,32,0
18854,188.540188574,67.285000000,100,1410,1215,32,0
18855,188.550188986,67.285000000,100,1410,1215,32,0
18856,188.560188998,67.079000000,100,1410,1215,32,0
18857,188.570190131,67.079000000,100,1410,1215,32,0
18858,188.580189862,67.079000000,100,1410,1215,32,0
18859,188.590189904,67.079000000,100,1410,1215,32,0
18860,188.600190456,67.079000000,100,1410,1215,32,0
18861,188.610189677,67.079000000,100,1410,1215,32,0
18862,188.620188135,67.079000000,100,1410,1215,32,0
18863,188.630190441,67.079000000,100,1410,1215,32,0
18864,188.640188870,67.079000000,100,1410,1215,32,0
18865,188.650187028,67.079000000,100,1410,1215,32,0
18866,188.660190736,67.079000000,100,1410,1215,32,0
18867,188.670191790,66.981000000,100,1410,1215,32,0
18868,188.680192713,66.981000000,100,1410,1215,32,0
18869,188.690189889,66.981000000,100,1410,1215,32,0
18870,188.700190301,66.981000000,100,1410,1215,32,0
18871,188.710187758,66.981000000,100,1410,1215,32,0
18872,188.720189262,66.981000000,100,1410,1215,32,0
18873,188.730191007,66.981000000,100,1410,1215,32,0
18874,188.740188003,66.981000000,100,1410,1215,32,0
